-6.115271472884878, -171.70242908847126
-6.133992264908201, -174.52852100259116
-6.133877237000224, -176.78881939434717
-6.13379096606924, -178.4840431881642
-6.077930538257714, -164.07248416744494
-6.0966657087695335, -166.61603878259535
-6.096550680861556, -168.87633717435136
-6.095975541321669, -180.17782913313152
-6.095860513413692, -182.43812752488748
-6.075615601609668, -209.56098930153507
-6.075514952190188, -211.5387503943216
-6.094250122702007, -214.08230500947195
-6.09413509479403, -216.34260340122796
-6.094020066886053, -218.60290179298397
-6.093905038978075, -220.86320018473998
-6.093790011070098, -223.1234985764961
-6.074810406253826, -225.38307804382725
-6.040560846653554, -157.00761384435765
-6.059281638676877, -159.8337057584775
-6.0591666107689, -162.09400415023356
-6.03915175478083, -184.69626914336902
-6.038260288494005, -202.21358167947824
-6.056981080517328, -205.03967359359808
-6.056866052609351, -207.2999719853541
-6.0219550825382075, -151.92122353848168
-6.02184005463023, -154.18152193023775
-6.0196545243786606, -197.12719137360227
-6.019539496470681, -199.38748976535828
-5.99923707071267, -227.64050073788383
-5.965677678560263, -145.70324618787805
-5.984398470583585, -148.52933810199795
-5.984312199652603, -150.22456189581493
-5.963621554705167, -186.10607994051702
-5.963420255866206, -190.06160212609007
-5.982155426378027, -192.60515674124053
-5.982040398470049, -194.86545513299654
-5.9282360945136165, -140.05106235963825
-5.946956886536938, -142.87715427375815
-5.926050564262045, -182.99673180300283
-5.944656328377391, -188.08312210887868
-5.923706870637005, -229.05031153503194
-5.890780131978474, -134.68141583036794
-5.909515302490293, -137.22497044551835
-5.888594601726904, -177.62708527373252
-5.9073297722387235, -180.17063988888293
-5.888148868583491, -186.38574154178718
-5.853295412466336, -129.87684389903666
-5.872016204489659, -132.70293581315656
-5.851440587450201, -166.32415546610264
-5.870175757962022, -168.86771008125305
-5.870060730054044, -171.12800847300906
-5.869945702146067, -173.38830686476513
-5.86983067423809, -175.64860525652114
-5.848291698469319, -228.19982394042393
-5.834574620443014, -127.05075198491676
-5.814185923754019, -156.99898675125934
-5.832906715777341, -159.82507866537918
-5.8327916878693635, -162.08537705713525
-5.832676659961386, -164.34567544889126
-5.812690560950312, -186.38286584408775
-5.77823970251108, -121.96292383019113
-5.796960494534403, -124.78901574431103
-5.7767299612188765, -151.62934022198903
-5.795465131730696, -154.17289483713944
-5.772833390836142, -228.1969482427245
-5.759518910487756, -119.13683191607123
-5.739345891126218, -144.84700719787122
-5.758081061638038, -147.39056181302163
-5.75796603373006, -149.65086020477764
-5.737246631805631, -186.0974528474187
-5.69698207118404, -112.35354032605363
-5.722019812487122, -114.61479728370944
-5.721904784579145, -116.8750956754655
-5.720696991545381, -140.60822878890377
-5.720581963637404, -142.86852718065984
-5.697375083202964, -228.19407254502505
-5.665857436417152, -106.1365215413498
-5.684578228440477, -108.9626134554697
-5.664405209078938, -134.67278873726963
-5.683140379590759, -137.21634335242004
-5.683054108659777, -138.91156714623708
-5.6618170811494455, -185.5295025517803
-5.647366700209785, -98.78983284371782
-5.647251672301808, -101.05013123547383
-5.6471366443938305, -103.3104296272299
-5.6457563094981005, -130.43401032830224
-5.645641281590123, -132.69430872005825
-5.621916775569785, -228.1911968473256
-5.609867602209151, -94.26779821135602
-5.609752574301174, -96.52809660311209
-5.58940701307767, -125.6287194725461
-5.608142183589489, -128.1722740876965
-5.586373152004766, -185.24408955511137
-5.553532684277217, -89.1799700566304
-5.5722534763005385, -92.0060619707503
-5.551922293565532, -120.82414754121481
-5.570643085588856, -123.65023945533471
-5.546458467936606, -228.18832114962618
-5.534811892253893, -86.3538781425105
-5.5332015015422105, -117.99805562709491
-5.510914844371587, -185.24121385741194
-5.478462595833461, -81.54858728675435
-5.497197766345282, -84.09214190190477
-5.495644889587588, -114.60617019061112
-5.495558618656604, -116.30139398442816
-5.4710001603034275, -228.18544545192674
-5.459698668344647, -79.57010726954297
-5.458088277632964, -111.21428475412739
-5.45800200670198, -112.90950854794443
-5.435442158249911, -185.52087545868199
-5.422142056390024, -76.17822183305918
-5.422055785459042, -77.87344562687622
-5.42058917963233, -106.6922501217656
-5.420474151724353, -108.95254851352166
-5.3955418526702505, -228.1825697542273
-5.384527930481411, -73.91648559245345
-5.383032567677706, -103.30036468528186
-5.382946296746722, -104.99558847909884
-5.359940715151241, -186.36561165789112
-5.328178634060981, -69.11119473669731
-5.3469138045728, -71.65474935184773
-5.345533469677072, -98.77833005292007
-5.345418441769095, -101.03862844467608
-5.320083545037072, -228.17969405652786
-5.309529734480144, -64.87241632772992
-5.309414706572166, -67.13271471948593
-5.308034371676438, -94.25629542055827
-5.307919343768461, -96.51659381231434
-5.284539921472051, -185.23258676431362
-5.2719731225255195, -61.48053089124613
-5.271886851594537, -63.17575468506317
-5.270535273675803, -89.73426078819654
-5.270420245767825, -91.99455917995255
-5.244625237403893, -228.17681835882843
-5.234416510570897, -58.0886454547624
-5.234330239639915, -59.78386924857938
-5.233036175675169, -85.21222615583474
-5.2329211477671915, -87.47252454759075
-5.2091103708158695, -184.6646364686752
-5.1780815926389625, -53.000817300036715
-5.196802384662286, -55.826909214156615
-5.176701257743234, -80.12439800110911
-5.195422049766556, -82.95048991522901
-5.169166929770714, -228.173942661129
-5.14052498068434, -49.60893186355298
-5.139130267300114, -77.01504986359481
-5.133680820159684, -184.0966861730367
-5.102968368729716, -46.21704642706919
-5.101645547787976, -72.21047793226353
-5.1203663398113, -75.03656984638343
-5.093708622137536, -228.17106696342955
-5.065397378286596, -43.107698289554946
-5.082924755764653, -69.38438601814363
-5.0582656479919965, -183.2461985784288
-5.027783252377985, -40.84596204894922
-5.02658983783272, -64.296557863418
-5.045310629856042, -67.1226497775379
-5.018250314504359, -228.16819126573012
-5.00901932488917, -38.867482031737836
-5.007869045809395, -61.4704659492981
-4.982821718847315, -182.96078558175986
-4.971462712934548, -35.4755965952541
-4.971376442003564, -37.17082038907114
-4.970312433854772, -58.078580512814426
-4.97022616292379, -59.773804306631405
-4.94279200687118, -228.16531556803068
-4.915055902560127, -31.800454935375967
-4.933819830048941, -33.77893495258735
-4.932755821900152, -54.686695076330636
-4.932669550969168, -56.38191887014767
-4.907420925168125, -181.82776068818237
-4.896291975071312, -29.821974918164585
-4.895256723899516, -50.16466044396884
-4.895170452968532, -51.85988423778588
-4.867333699238001, -228.16243987033124
-4.858677849162701, -27.560238677558857
-4.838921805967582, -45.076832289243214
-4.857642597990905, -47.90292420336311
-4.832048888465932, -180.129661196666
-4.80227103878828, -23.88509701768072
-4.821034966277093, -25.863577034892103
-4.801365194012957, -41.68494685275948
-4.7918753916048225, -228.1595641726318
-4.764656912879669, -21.623360777074993
-4.782644401989636, -38.85885493863958
-4.756705608740731, -177.8664871072105
-4.745892985390855, -19.64488075986361
-4.745087790035013, -35.46696950215579
-4.745001519104029, -37.16219329597283
-4.716417083971644, -228.15668847493237
-4.708278859482242, -17.383144519257826
-4.688738493614581, -30.66167864639965
-4.7074736641264, -33.20523326155006
-4.6813623290155295, -175.60331301775506
-4.670664733573631, -15.121408278652098
-4.669974566125767, -28.68319862918827
-4.640958776338467, -228.15381277723293
-4.633050607665018, -12.85967203804637
-4.632417954171142, -25.291313192704536
-4.632331683240158, -26.986536986521514
-4.605990292313333, -173.90521352623858
-4.595436481756407, -10.597935797440584
-4.59486134221652, -21.899427756220746
-4.594775071285536, -23.59465155003778
-4.565500468705288, -228.1509370795335
-4.539029671381986, -6.922794137562448
-4.557793598870802, -8.90127415477383
-4.557304730261897, -18.507542319736956
-4.557218459330915, -20.20276611355399
-4.530531984680154, -173.90233782853915
-4.501415545473375, -4.66105789695672
-4.519748118307273, -15.115656883253223
-4.519661847376291, -16.81088067707026
-4.4900852965376, -227.3004494849256
-4.4638014195647635, -2.399321656350992
-4.463355686421352, -11.1579779244056
-4.482105235421669, -13.418995240586469
-4.455073677046977, -173.8994621308397
-4.426201672144648, 0.1449518832242802
-4.4446348943980265, -8.3318860102857
-4.414670124369913, -226.44996189031758
-4.407078282443404, -4.94000057380191
-4.406992011512422, -6.635224367618946
-4.379658504879291, -173.04897453623175
-4.3507864999769605, 0.9954394778322353
-4.369521670488782, -1.5481151373181774
-4.3694353995577995, -3.243338931135213
-4.339298087667718, -224.75186239880122
-4.3068793889360855, 3.1632362602564967
-4.304214575734608, -172.76356153956283
-4.263926050965523, -223.05376290728475
-4.231593623164873, 6.556559545589948
-4.256650535785951, 4.67201898656009
-4.22875626810143, -172.7606858418634
-4.182237064983568, -221.92049837223237
-4.162586464037426, 9.761284990135437
-4.181336013037743, 7.500267673954568
-4.153312338956749, -172.47527284519447
-4.144795480936921, -216.26831454399257
-4.150939888354715, -219.09392717516255
-4.169488138516071, -225.31046667691646
-4.169373110608094, -227.57076506867247
-4.169258082700116, -229.83106346042848
-4.1250010951058105, 12.588095828680196
-4.10758395270623, -206.09553393224076
-4.113728360124025, -208.92114656341062
-4.1136133322160475, -211.18144495516663
-4.11349830430807, -213.44174334692275
-4.113110085118645, -221.07025041909935
-4.13141390097555, -232.08992400333477
-4.112448674647776, -234.06696617169644
-4.077897166789061, -171.6247852505865
-4.076660616778305, -195.9229929619638
-4.076545588870328, -198.18329135371982
-4.076430560962349, -200.44358974547583
-4.076315533054371, -202.70388813723184
-4.094489942514803, -216.26639741219287
-4.094374914606826, -218.52669580394888
-4.094144858790871, -223.04729258746102
-4.075165253974598, -225.30687205479217
-4.0497009508461, 15.69888181504416
-4.039391574593626, -186.88036154608994
-4.039276546685649, -189.14065993784595
-4.0391615187776715, -191.40095832960196
-4.039046490869694, -193.66125672135797
-4.0573359282381, -204.963467604563
-4.0572209003301225, -207.223765996319
-4.037694912950959, -220.21976282449134
-4.0370047455030935, -233.7815531750275
-4.012101203425987, 18.243155354619432
-4.0024532376443815, -171.3393722539176
-4.002136910897445, -177.55519283124664
-4.0019787475239745, -180.66310311991117
-4.001863719615997, -182.92340151166718
-4.00174869170802, -185.1836999034232
-4.0200668860534226, -195.92083618868924
-4.019951858145443, -198.18113458044525
-3.974515834494369, 21.06996619316419
-3.9648822472012597, -168.23002411640329
-3.9645946774313163, -173.88077009579337
-3.964479649523339, -176.14106848754943
-3.982740329914753, -188.0083539686933
-3.982654058983769, -189.70357776251035
-3.9622509838062765, -219.93434982782242
-3.9619490355478373, -225.86763310618198
-3.9616327088008987, -232.08345368351104
-3.936901708585758, 23.33170243376992
-3.9275556910625937, -160.31754189640748
-3.9462764830859154, -163.14363381052738
-3.946161455177938, -165.40393220228339
-3.920721116196935, -171.05371961577362
-3.945471287730074, -178.96572255281956
-3.9453562598220966, -181.22602094457557
-3.899287582677145, 25.593438674375648
-3.9179508607464797, 21.637197564377743
-3.8902147564354266, -152.68759697538115
-3.9089499269472476, -155.23115159053157
-3.9088348990392703, -157.49144998228758
-3.889467075033574, -167.37953652179533
-3.9080009467064336, -173.8786133225188
-3.8868358116385906, -219.08386223321452
-3.8865338633801496, -225.01714551157409
-3.886260672098704, -230.38535419199457
-3.8617022137455272, 28.420249512920407
-3.880336734837867, 23.89893380498353
-3.8528450648312678, -145.62272665229386
-3.8715658568545894, -148.44881856641376
-3.871450828946612, -150.70911695816977
-3.8520830049409174, -160.59720349767753
-3.8708181754527367, -163.14075811282794
-3.8707031475447593, -165.40105650458395
-3.851579757843515, -170.4860089616102
-3.842693851952262, 25.595595447650226
-3.8342393007159217, -140.5363363464179
-3.8341242728079443, -142.79663473817396
-3.814698934848261, -153.81487047355972
-3.8334341053600802, -156.35842508871013
-3.833319077452103, -158.61872348046614
-3.8113775040054136, -219.08098653551508
-3.811147448189459, -223.6015833190271
-3.8108742569080114, -228.9697919994477
-3.8052522679056153, 31.247779275890025
-3.8050797260436493, 27.85733168825601
-3.778005032203467, -133.47074709890575
-3.796740202715286, -136.01430171405616
-3.7966251748073088, -138.27460010581217
-3.7773292432441004, -146.75000015047243
-3.796050035267422, -149.57609206459233
-3.7959350073594447, -151.83639045634834
-3.7761502071873316, -169.91805866597173
-3.7489173499736808, 36.33560743061571
-3.767638141997004, 33.50951551649581
-3.767436843158043, 29.553993330922708
-3.7406209621108104, -126.68841407478794
-3.7593561326226297, -129.23196868993836
-3.7592411047146523, -131.49226708169437
-3.7587234791287543, -141.66360984459652
-3.758608451220777, -143.92390823635253
-3.7359767103262236, -217.94796164193758
-3.735746654510269, -222.4685584254496
-3.7354590847403255, -228.11930440483968
-3.711475765927034, 41.98779125885545
-3.730196557950359, 39.16169934473555
-3.7297939602724384, 31.250654973589462
-3.7032081350411588, -120.47115564860917
-3.721972062529975, -122.44963566582055
-3.7218570346219977, -124.70993405757656
-3.702474832127802, -134.88055789605386
-3.7212243811281205, -137.14157521223473
-3.721109353220143, -139.40187360399074
-3.700778170485135, -168.21995917445525
-3.692754973903712, 44.81388317297535
-3.6921798343638255, 33.51239121419525
-3.6658672004139934, -112.84121072758285
-3.684587992437317, -115.66730264170275
-3.6844729645293395, -117.92760103345876
-3.6838403110354623, -130.35924218811692
-3.683725283127485, -132.61954057987293
-3.660518402693045, -217.94508594423814
-3.66028834687709, -222.46568272775016
-3.6600151555956426, -227.83389140817076
-3.636348163529293, 48.48902483285349
-3.655112091018106, 46.510544815642106
-3.654536951478219, 35.209052856861945
-3.6284256163673483, -107.18902689934305
-3.6471464083906717, -110.01511881346295
-3.627620421011507, -123.01111564163523
-3.6463412130348303, -125.83720755575513
-3.646226185126851, -128.0975059475112
-3.6253917552944444, -166.80439698190833
-3.5987340376206802, 50.75076107345927
-3.6168940685926128, 36.9057144995287
-3.5909696538322056, -101.81938037007274
-3.609704824344025, -104.36293498522315
-3.6090146568961607, -117.92472533575932
-3.6088996289881834, -120.18502372751533
-3.585103230525357, -217.09459834963025
-3.5847437683129275, -224.15803082386776
-3.5845999834279567, -226.98340381356286
-3.561119911712069, 53.012497314065
-3.560444122752701, 39.73324426249832
-3.553470555831572, -97.297345737711
-3.572205726343391, -99.84090035286135
-3.552737252918215, -111.70674798515563
-3.5714580449415383, -114.53283989927553
-3.5713717740105544, -116.22806369309257
-3.550005340103752, -165.38883478936134
-3.523520164291954, 55.55677085364027
-3.5159714578309362, -92.7753111053492
-3.5347066283427573, -95.31886572049956
-3.515295668871568, -106.05456415691589
-3.534016460894893, -108.88065607103579
-3.509659301380676, -216.8091853529612
-3.509314217656744, -223.59008052822935
-3.5091704327717714, -226.41545351792433
-3.503994176912789, 42.560774025467936
-3.4784723598303025, -88.25327647298741
-3.4972075303421217, -90.79683108813782
-3.477839706336427, -100.68491762764558
-3.4965748768482463, -103.22847224279599
-3.4746189249130595, -163.9732725968144
-3.467070218452042, 58.384300616609835
-3.447544231072877, 45.388303788437554
-3.4409876403181663, -83.44870454165613
-3.459708432341488, -86.27479645577603
-3.440354986824289, -95.8803456963143
-3.4590757788476125, -98.7064376104342
-3.4342585077014878, -215.67616045938382
-3.4339134239775557, -222.45705563465185
-3.433769639092583, -225.28242862434695
-3.429456092543429, 60.64603685721562
-3.422266848294841, -80.62261262753623
-3.402913402777644, -90.2281618680745
-3.4216341948009656, -93.0542537821944
-3.399203752745372, -163.12278500220646
-3.391841966634818, 62.90777309782135
-3.391094285232965, 48.21583355140717
-3.3659319303629083, -75.5347844728106
-3.3657593885009423, -78.92523206044461
-3.3591644551102373, -84.95245479698576
-3.3841926107543205, -87.4020699539546
-3.3588145785568067, -215.3907474627149
-3.3585126302983657, -221.32403074107447
-3.377204665344694, -224.7151972531334
-3.3542278407262067, 65.16950933842713
-3.3534514023473605, 49.91249519407393
-3.328346561431289, -72.70797363426584
-3.3467510267076754, -81.7498861257148
-3.3237742020891883, -162.554834706568
-3.316613714817594, 67.43124557903286
-3.2969726995304534, 52.174950359104514
-3.2845592711278897, -68.18569936042911
-3.2907036785456842, -71.01131199159909
-3.3093669566150172, -74.96755310159699
-3.30925192870704, -77.22785149335306
-3.283399406389119, -214.5402598681069
-3.283140593596169, -219.625931249558
-3.282924916268712, -223.86399073410053
-3.2789708319319892, 69.12790722169962
-3.2470026591732672, -64.79381392394538
-3.2717240737294127, -73.2708914589303
-3.24837340841, -161.42180981299055
-3.222492129115082, 71.3903623867302
-3.240465239736551, 53.87233092619613
-3.209446047218643, -61.40192848746159
-3.2342537327057705, -68.18378222862947
-3.2079698557329337, -213.97230957246848
-3.2077254214284814, -218.77544365494998
-3.2011640378442703, -224.1434126938957
-3.1839865369196456, 56.134786091226715
-3.1718894352640206, -58.010043050977856
-3.1967258777281433, -64.2268221942067
-3.1729582362423123, -160.5713222183826
-3.1700969170313744, -216.79624471331374
-3.1887601951007074, -220.75248582331164
-3.1884151113767754, -227.5333809985798
-3.188300083468798, -229.7936793903358
-3.169306100164029, -232.33579615663655
-3.16604218327517, 74.21789214969982
-3.140736043520141, -52.35809886421299
-3.1406210156121634, -54.618397255969
-3.1329716597316644, -204.9282403077449
-3.151721208731983, -207.18925762392576
-3.1516061808240057, -209.44955601568188
-3.1514911529160283, -211.7098544074379
-3.13254030507675, -213.40435927683006
-3.132065814956343, -222.7280901428237
-3.109563480458263, 76.48034731473044
-3.1086432571944442, 58.39796018068216
-3.0969487532167417, -47.83582459037626
-3.1030931606345344, -50.66143722154624
-3.1216701677728853, -56.31290212536118
-3.097528685586127, -160.00337192274418
-3.0958320239434602, -193.34277320114552
-3.1145671944552813, -195.886327816296
-3.114452166547302, -198.146626208052
-3.114337138639325, -200.406924599808
-3.1142221107313475, -202.66722299156402
-3.094667366375189, -216.22829441767533
-3.0656803335648846, -44.44417879536746
-3.084113555818263, -52.92101668887739
-3.0585773602472788, -184.01760448630216
-3.077298152270602, -186.84369640042212
-3.077183124362625, -189.10399479217813
-3.0770680964546475, -191.36429318393414
-3.0508225621177996, -212.83616933971666
-3.056607507323166, -222.72521444512427
-3.056017989294782, -234.3092437028739
-3.053084777641356, 78.74280247976102
-3.033299977469243, 60.661134270137666
-3.0218930432614837, -39.921904521530735
-3.0280374506792764, -42.74751715270071
-3.046700728748611, -46.703758262698614
-3.022113513418441, -159.15288432813622
-3.021337075039593, -174.40989847248943
-3.04008662403991, -176.6709157886703
-3.0399715961319327, -178.9312141804263
-3.0398565682239553, -181.19151257218232
-3.01966917037392, -207.18422515295174
-3.0384187193742367, -209.44524246913272
-3.0380736356503046, -216.22613764440075
-3.0379586077423273, -218.48643603615676
-3.018964624437558, -221.0285528024575
-3.0376135240183952, -225.2673312114249
-3.0186482976906213, -227.24437337978657
-3.0154418947557513, 80.43946412242778
-2.9906246236096266, -36.53025872652188
-3.009057845863005, -45.00709662003186
-2.9840967898319075, -164.8021924586766
-3.002817581855231, -167.6282843727965
-3.0027025539472536, -169.8885827645525
-3.0025875260392763, -172.1488811563085
-2.9824001281892407, -198.14159373707798
-3.0011496771895576, -200.40261105325885
-3.0010346492815803, -202.66290944501486
-3.000919621373603, -204.92320783677087
-2.975383425802619, -212.45657724339128
-3.0004307527647, -214.529476001734
-2.9994242585698974, -234.30708692959934
-2.958963191938844, 82.70191928745837
-2.9579566977440415, 62.92430835959311
-2.9530104977010136, -34.26852248591615
-2.971645018793355, -38.789838193853086
-2.971558747862371, -40.485061987670065
-2.9467414767162445, -157.45478483661975
-2.965491025716563, -159.71580215280062
-2.965375997808586, -161.9761005445567
-2.9451454644930575, -188.81642502223463
-2.9638806350048803, -191.35997963738498
-2.963765607096903, -193.620278029141
-2.9636505791889256, -195.8805764208971
-2.9435350737813746, -220.460602506819
-2.943175611568945, -227.52403498105662
-2.94294555575299, -232.04463176456863
-2.9092232073976145, -29.746248212079422
-2.915381993303905, -32.28932354427991
-2.9340596498617355, -35.96302735530833
-2.9282219835318823, -150.6731707369268
-2.928106955623905, -152.93346912868282
-2.9279919277159276, -155.19376752043888
-2.926726620728177, -180.05704982975521
-2.9266115928201994, -182.3173482215111
-2.926496564912222, -184.57764661326723
-2.9263815370042447, -186.83794500502324
-2.906251653108198, -211.70050838991472
-2.88364866919064, 85.53016797485284
-2.9014492379501426, 64.62168892668473
-2.8779547877457574, -26.354602417070623
-2.890837913439226, -143.890837712809
-2.8907228855312486, -146.151136104565
-2.890607857623271, -148.41143449632108
-2.8712831690830676, -157.4519091389203
-2.870607380123701, -170.731162190487
-2.8893425506355204, -173.2747168056374
-2.889227522727543, -175.53501519739342
-2.8891124948195657, -177.79531358914943
-2.8681342801021863, -219.32757761324171
-2.8677748178897566, -226.39101008747923
-2.8675160050968085, -231.47668146893034
-2.8340620551933764, -23.904268335676875
-2.858975182929484, -28.614181884401773
-2.834704294346251, -134.84748737251033
-2.8534538433465677, -137.1085046886912
-2.8533388154385904, -139.3688030804472
-2.853223787530613, -141.62910147220327
-2.8333239594505226, -161.97106807358267
-2.8520735084508395, -164.23208538976354
-2.851958480542862, -166.4923837815196
-2.851843452634885, -168.75268217327562
-2.8308652379175054, -210.28494619736784
-2.808334146442432, 88.35841666224732
-2.8072270028281494, 66.60304464159555
-2.802784049882522, -20.700980739981105
-2.797464009138567, -125.23978135869748
-2.8161848011618886, -128.06587327281738
-2.8160697732539113, -130.3261716645734
-2.815954745345934, -132.5864700563294
-2.7960836742428388, -152.36336205976983
-2.7959111323808727, -155.75380964740384
-2.814689438358183, -157.44975236564574
-2.8145744104502057, -159.71005075740175
-2.7927334864229962, -218.19455271966422
-2.811267358095856, -224.69362952038773
-2.792043318975132, -231.7563430702004
-2.7651986809509044, -17.874169901436346
-2.76002242509192, -119.58759753045769
-2.7787432171152453, -122.41368944457759
-2.7587571181041692, -144.45087983977402
-2.7774779101274927, -147.27697175389392
-2.7773628822195153, -149.53727014564993
-2.755435687261322, -209.71699590172943
-2.7549036831869262, -220.17087596360102
-2.7736244752102497, -222.99696787772098
-2.7518554436255247, 90.62087182727794
-2.7318693446144504, 68.5836814320815
-2.727642068996282, -14.482284464952556
-2.722796518372734, -109.6973542176753
-2.741531688884553, -112.24090883282571
-2.7414166609765758, -114.50120722458172
-2.7413016330685984, -116.76150561633779
-2.721416183477004, -136.8209349187477
-2.740151353988823, -139.36448953389805
-2.740036326080846, -141.62478792565412
-2.720452824747694, -155.7509339497044
-2.717864696818202, -206.60764776421513
-2.717347071232304, -216.77899052711723
-2.7166281468074445, -230.9058554755925
-2.71421256073992, 92.31753346994466
-2.690071078553162, -11.37293632743831
-2.6854124482800774, -102.9150211935575
-2.7041476187918967, -105.4585758087079
-2.7040325908839193, -107.71887420046392
-2.684046491872845, -129.75606459566035
-2.7027672838961667, -132.58215650978025
-2.7026522559881894, -134.8424549015363
-2.680020515093636, -208.86650830712142
-2.676655948785296, 95.70941890642845
-2.676569677854312, 94.01419511261142
-2.656526064889249, 70.84685552153695
-2.6462789954202623, -6.944841153258096
-2.6713071510643456, -9.394456310226929
-2.648028378187419, -96.13268816943969
-2.6667635486992385, -98.6762427845901
-2.666648520791261, -100.93654117634611
-2.665440727757499, -124.66967428978444
-2.6653256998495216, -126.92997268154045
-2.6450376525800063, -154.90044635509645
-2.6613859940012947, -204.34519259918454
-2.6419606560416113, -215.36342833457036
-2.6412273531282544, -229.772830582015
-2.620206002945384, 98.53694866939804
-2.6150009901094062, -3.74155355756227
-2.629379478606582, -91.8939097604723
-2.6292644506986047, -94.1542081522283
-2.609206459245044, -117.60408504227229
-2.627941629756865, -120.14763965742264
-2.627826601848888, -122.40793804917871
-2.6049072911843894, -202.08273743415396
-2.6046484783914394, -207.16840881560495
-2.5980439593417373, -213.38398975145913
-2.5811827851640476, 73.11002961099246
-2.571108257557027, -1.2912194761685782
-2.5919954085139256, -85.1115767363545
-2.5918803806059483, -87.3718751281105
-2.591765352697971, -89.63217351986657
-2.5718367676408835, -110.53921471918494
-2.5905575596642088, -113.36530663330484
-2.5904425317562314, -115.6256050250609
-2.569608101923821, -154.33249605945804
-2.5658265594490643, -228.6398056884376
-2.563756057105472, 101.36447843236766
-2.539945280154148, 4.172366511283258
-2.539830252246171, 1.9120681195272482
-2.5545538244672787, -79.4593929081147
-2.5544387965593014, -81.7196912998707
-2.5543525256283193, -83.41491509368774
-2.5343808051057426, -105.16956818991468
-2.553115975617562, -107.71312280506504
-2.5295352544821927, -200.38463794263748
-2.5292476847122494, -206.03538392202756
-2.5290176288962947, -210.55598070553958
-2.528873844011324, -213.38135369523468
-2.5072773542885667, 103.62693359739828
-2.505825126950352, 75.09066640147842
-2.5213107590618087, 8.693682219220193
-2.5023023972685436, 5.869028153950012
-2.498262042000837, -73.52395285648055
-2.5169972125126563, -76.0675074716309
-2.516910941581674, -77.76273126544794
-2.5157319055249054, -100.93078978094724
-2.515616877616928, -103.1910881727033
-2.494192929756137, -153.48200846485008
-2.4904401442583737, -227.22424349589062
-2.4836966331531958, 10.955418459825921
-2.4833227924522703, 3.609448686618805
-2.4608923503966764, -66.4590825333932
-2.479613142419998, -69.2851744475131
-2.4794981145120207, -71.54547283926917
-2.4594545015469578, -94.7128124303436
-2.478175293570281, -97.5389043444635
-2.4780890226392973, -99.23412813828054
-2.4541919747569914, -198.12146385318204
-2.453890026498552, -204.0547471315416
-2.472510169102394, -208.85860013844797
-2.4535018073091273, -211.6832542037182
-2.4507986514716595, 105.8893887624289
-2.430438711759658, 76.50622859402537
-2.427189173359297, 12.652799026917535
-2.44585245142863, 8.69655791691963
-2.445766180497648, 7.001334123102595
-2.4234363878615337, -61.089436004122945
-2.442171558373353, -63.63299061927336
-2.421998539011817, -89.34316590107329
-2.440733709523636, -91.8867205162237
-2.418792136076947, -152.34898357127264
-2.4160314662854887, -206.59614497341738
-2.4150824860446747, -225.24360670540466
-2.3943199486547524, 108.15184392745948
-2.389661318381668, 16.6097590613403
-2.3895606689621864, 14.631997968553776
-2.4082095685430254, 10.393219559586328
-2.3859516683493958, -56.28486407279166
-2.404672460372719, -59.11095598691156
-2.3846144689191586, -82.56083287695549
-2.4033496394309797, -85.1043874921059
-2.4032346115230023, -87.36468588386191
-2.3788486950317917, -195.8582897637266
-2.372186662028099, -203.2040198954586
-2.3969943475152284, -209.9858736366266
-2.3550954320344566, 78.76940268348082
-2.352047192473057, 18.871495301946027
-2.342202720681989, -51.00915700170293
-2.367230876326074, -53.45877215867176
-2.366080597246299, -76.06175607623203
-2.3659655693383215, -78.3220544679881
-2.365850541430344, -80.5823528597441
-2.3433625854207616, -151.78103327563417
-2.3405156446983213, -207.723418471596
-2.3397392063194733, -222.9804326159492
-2.318976668929553, 110.41501801691496
-2.3081448742616786, 21.133471184026746
-2.3330963446337787, 17.176990432553907
-2.329789292279429, -47.806588330431964
-2.309788814779857, -70.12631602459788
-2.3285239852916764, -72.6698706397483
-2.3284377143606942, -74.36509443356533
-2.3034622798410993, -194.4427275711796
-2.3031028176286696, -201.50616004541712
-2.3218811236059818, -203.202102763659
-2.279752152309255, 81.0325767729363
-2.2768764546098215, 24.525116979035545
-2.2922901942787934, -43.28455369807017
-2.292175166370816, -45.544852089826236
-2.2722897167792215, -65.60428139223615
-2.291024887291041, -68.1478360073865
-2.267933034764578, -151.21308297999576
-2.2840656988584076, -204.89588870862633
-2.264395926594272, -220.71725852649365
-2.2436333892043514, 112.67819210637043
-2.2392623287012103, 26.78685321964133
-2.2579256067705433, 22.83061210964337
-2.254733582324171, -39.89266826158644
-2.254647311393187, -41.58789205540347
-2.2347906187785878, -61.08224675987435
-2.253525789290407, -63.625801375024764
-2.228104621627402, -192.46209078069364
-2.221471345600703, -199.24274631448668
-2.246509086903785, -201.50400327214254
-2.246422815972803, -203.19922706595958
-2.204351358630065, 82.16560166651374
-2.2016482027925974, 29.048589460247058
-2.1984561783462233, -33.67469091098275
-2.2171769703695485, -36.50078282510265
-2.2170906994385646, -38.19600661891968
-2.19730589926645, -56.27767482854307
-2.2160266912897733, -59.10376674266297
-2.192489105619895, -150.92766998332678
-2.1890526468690705, -218.4540844370382
-2.16829010947915, 114.94136619582588
-2.157755470240218, 31.49892354164075
-2.160885187903105, -30.5653427734685
-2.1597492873118274, -52.88578939205928
-2.1527613419022007, -190.1989166912382
-2.146080137580512, -197.92136322159627
-2.1711370502015903, -199.80590378062618
-2.1290080789048655, 84.42877575596921
-2.120198858285594, 34.89080897812454
-2.1233860899024712, -26.043308141106706
-2.1421212604142905, -28.58686275625712
-2.1222933247766846, -47.516142862789025
-2.1410284952885057, -50.05969747793938
-2.117073933452211, -150.07718238871882
-2.114054450867803, -209.41001517231473
-2.1139394229598256, -211.67031356407074
-2.1138243950518483, -213.93061195582675
-2.113709367143871, -216.19091034758276
-2.1135943392358936, -218.45120873933877
-2.113479311327916, -220.71150713109478
-2.113364283419939, -222.9718055228509
-2.1132780124889567, -224.66702931666794
-2.0929468297539486, 117.20454028528135
-2.107785429883034, 38.09337764939545
-2.0858869919018357, -21.52127350874497
-2.104622162413655, -24.064828123895325
-2.084794226776049, -42.99410823042723
-2.10352939728787, -45.53766284557764
-2.0774036836885017, -188.21827990075224
-2.0707272721963133, -195.84654733145385
-2.076871679614106, -198.67215996262382
-2.0767566517061287, -200.93245835437983
-2.0766416237981513, -203.19275674613584
-2.076526595890174, -205.45305513789197
-2.0953049018674843, -207.14899785613375
-2.0536360422026707, 86.12687524748569
-2.0513786195086148, 41.768519309273586
-2.0701425469974275, 39.790039292062204
-2.0511341852041625, 36.96538522679202
-2.048387893901202, -16.999238876383174
-2.067123064413021, -19.542793491533587
-2.047295128775417, -38.472073598065435
-2.0660302992872364, -41.01562821321585
-2.0416156258190323, -150.0743066910194
-2.0395738804524335, -190.19460314468904
-2.039458852544456, -192.45490153644505
-2.0383660874186695, -213.9277362581273
-2.0378772188097667, -223.53400442309044
-2.0377621909017893, -225.79430281484645
-2.0176035500287473, 119.46771437473683
-2.013764493600002, 44.030255549879314
-2.0108887959005664, -12.47720424402138
-2.0296239664123874, -15.020758859171792
-2.02864622919458, -34.233295189098044
-2.0285312012866026, -36.49359358085405
-1.9961316738729646, -178.8914336955841
-2.0022760812907574, -181.71704632675414
-2.00216105338278, -183.97734471851015
-2.0020604039633003, -185.95510581129668
-2.0208243314521166, -187.93358582850806
-2.0204792477281845, -194.7144810037762
-2.001514021400407, -196.69152317213786
-1.9782640055004759, 87.82497473900213
-1.9950005661111874, 46.00873556709075
-1.9946554823872553, 39.22784039182261
-1.9733896978999326, -7.955169611659642
-1.9921248684117518, -10.498724226809998
-1.972253797308655, -30.27561623025042
-1.9910033463089718, -32.53663354643129
-1.9661573181858536, -150.07143099331995
-1.9652083379450396, -168.71889272530723
-1.9650933100370622, -170.97919111706324
-1.9649782821290849, -173.2394895088193
-1.9648632542211075, -175.4997879005753
-1.9640293018882709, -191.88695124080652
-1.9818011136707803, -213.36050488691376
-1.9813697590158643, -221.83662385599882
-1.9422602703035476, 121.7308884641923
-1.9573864402025762, 48.27047180769648
-1.9570988704326329, 42.6197258283064
-1.957012599501649, 40.924502034489365
-1.9358905998992988, -3.433134979297847
-1.954625770411118, -5.97668959444826
-1.9535330052853332, -27.44952431613052
-1.9216511034575934, -159.67602166795842
-1.9277955108753897, -162.5016342991284
-1.9276804829674106, -164.76193269088446
-1.9464587889447227, -166.45787540912636
-1.9266739887726096, -184.5395436187498
-1.926098849232723, -195.84103557752996
-1.944158230785174, -211.663843244247
-1.924891056198959, -219.57416869096824
-1.9433817924063277, -226.9208573886002
-1.9028632118212858, 88.95799963257957
-1.9197723142939633, 50.53220804830221
-1.91948474452402, 44.88146206891213
-1.9172417003184599, 0.8056434296695443
-1.9171266724104825, -1.4546549620864653
-1.8971261949109124, -23.774382656252385
-1.9158901223997251, -25.752862673463767
-1.884439575226903, -149.5032410562066
-1.8905839826446975, -152.32885368737658
-1.8904689547367202, -154.5891520791326
-1.9092472607140305, -156.28509479737448
-1.8824361724962966, -188.87010471262408
-1.907493085117375, -190.754645271654
-1.8876795279682668, -209.40138807921642
-1.886716169238957, -228.33138711017307
-1.8669026120898486, 123.71152525467826
-1.8821581883853522, 52.793944288907994
-1.8630779341496009, 48.556603728790265
-1.8818418616384136, 46.57812371157888
-1.879742602317826, 5.327678062031339
-1.8796275744098487, 3.0673796702753293
-1.8783622674220979, -21.795902639041003
-1.8471130190882352, -141.5907588362108
-1.8721507603913174, -143.8520157938666
-1.87203573248334, -146.1123141856226
-1.8513307090474083, -182.27636952929424
-1.8506980555535328, -194.70801068395247
-1.8684123533820518, -217.31171352593765
-1.8274911751190892, 90.65609912409602
-1.844544062476741, 55.05568052951372
-1.8443140066607864, 50.535083746001646
-1.8234076843858915, 10.415506216756967
-1.842128476409215, 7.589414302637124
-1.8408056554674754, -18.404017202557213
-1.8407193845364933, -20.09924099637425
-1.8161896831603084, -131.41821786593385
-1.816074655252331, -133.67851625768986
-1.8159740058328513, -135.6562773504764
-1.8347091763446723, -138.1998319656268
-1.8153269738504783, -148.3704558041041
-1.8071120640890914, -186.2302142245427
-1.8321498053921754, -188.49147118219855
-1.8123362482430654, -207.13821398976086
-1.8308557414274294, -213.91982808945386
-1.8307694704964472, -215.6150518832709
-1.8113441325367603, -226.6332876186567
-1.7915161968991562, 125.1270874472252
-1.8069299365681282, 57.31741677011945
-1.8066998807521735, 52.79681998660743
-1.785851072431269, 13.807391653240757
-1.8032490435128512, -15.01213176607348
-1.803162772581869, -16.707355559890516
-1.778920640975631, -122.37558645006004
-1.7788056130676537, -124.63588484181605
-1.7975551620679706, -126.89690215799692
-1.7974401341599915, -129.157200549753
-1.7759874293222069, -180.0131954398388
-1.7752972618743428, -193.57498579037497
-1.7932416155188164, -211.65809184884813
-1.7521191384168961, 92.35419861561246
-1.769315810659517, 59.579153010725236
-1.7690857548435623, 55.05855622721316
-1.7482944604766466, 17.199277089724546
-1.7656924315582287, -11.62024632958969
-1.7656061606272466, -13.315470123406726
-1.741651598790952, -113.33295503418617
-1.7415365708829746, -115.59325342594224
-1.7414359214634931, -117.57101451872876
-1.7601710919753142, -120.11456913387912
-1.73992618017129, -147.23743091052665
-1.7381001121321482, -183.11966787965366
-1.737970705735675, -185.66250357037916
-1.73697859002937, -205.1575771992749
-1.7556274896102053, -209.3963556082424
-1.7360008528115607, -224.37011352920115
-1.7161729171739548, 127.39026153668064
-1.7128083508656164, 61.27653357781679
-1.7314716289349494, 57.32029246781889
-1.7107378485220224, 20.59116252620828
-1.7093575136262942, -6.532418174864063
-1.7280783056496158, -9.358510088983962
-1.6980943643035058, -104.29008397683742
-1.7042387717212986, -107.1156966080074
-1.7230170776986107, -108.81163932624929
-1.7229020497906333, -111.0719377180053
-1.7006441495970055, -177.7500213503833
-1.700500364712033, -180.5753943400784
-1.6998964681951527, -192.44196089679758
-1.7180133637015924, -207.13461936763656
-1.676718344737706, 93.48722350918993
-1.6754099022844624, 67.77632930296511
-1.6941450727962817, 65.23277468781475
-1.6751798464685077, 63.25573251945303
-1.6938287460493449, 59.01695411048564
-1.6731812365674, 23.98304796269207
-1.6717865231831741, -3.4230700373498166
-1.660767808164838, -96.37760175684161
-1.6669122155826308, -99.20321438801159
-1.685690521559943, -100.89915710625343
-1.6645253864921, -146.10440601694916
-1.6626274260104736, -183.3993294809237
-1.661620931815671, -203.17694040878894
-1.6803704808159878, -205.43795772496992
-1.6794790145291625, -222.95527026107914
-1.6408296374487534, 129.65343562613612
-1.6379251827723245, 72.58090123429639
-1.656645974795648, 69.75480932017649
-1.6562146201407337, 61.27869035109137
-1.6356246246127757, 27.374933399175802
-1.6532526515103143, 3.076006763373641
-1.653137623602337, 0.8157083716175748
-1.6530225956943596, -1.4445900201384347
-1.6297294443289339, -88.46535917832068
-1.6296144164209565, -90.72565757007675
-1.6294993885129792, -92.98595596183276
-1.625300869871804, -175.48684726092785
-1.6251427064983357, -178.59475754959237
-1.6244956745159627, -191.30893600322008
-1.6177569562402851, -200.16153172945621
-1.6230003117122553, -220.69281509604843
-1.6013463080355095, 95.18532300070638
-1.6003541923292044, 75.69024937181061
-1.6186292512091143, 64.10550118963613
-1.5980680126581532, 30.766818835659592
-1.615868581417656, 9.858339787491445
-1.6157535535096788, 7.598041395735436
-1.6156385256017014, 5.337743003979369
-1.5922303463283, -83.94332454595894
-1.5921153184203227, -86.20362293771495
-1.5891245928129099, -144.9713811233717
-1.5872841462852723, -181.13615539146826
-1.5865077079064243, -196.39316953582147
-1.5654863577235538, 131.9166097155916
-1.58159026484039, 77.66872938902202
-1.5810151253005031, 66.36723743024191
-1.5605114007035308, 34.158704272143325
-1.5783119694630336, 13.250225223975178
-1.5782256985320515, 11.5550014301582
-1.5484430560248992, -79.42105027212222
-1.5734807973279832, -81.68230722977802
-1.5499575901466045, -173.2236731714724
-1.5496556418881635, -179.15695644983197
-1.5490805023482768, -190.45844840861218
-1.5426341466720412, -193.56611905580166
-1.5486347692048632, -199.21710467666674
-1.5481746575729538, -208.2582982436909
-1.5480596296649765, -210.5185966354469
-1.547944601756999, -212.7788950272029
-1.5478295738490218, -215.03919341895903
-1.5477145459410444, -217.29949181071504
-1.547599518033067, -219.55979020247105
-1.5474844901250897, -221.82008859422706
-1.54738384070561, -223.79784968701358
-1.5259455143563194, 96.31834789428385
-1.525140319000478, 80.49625915199164
-1.5245651794605912, 69.19476719321153
-1.5417906086802073, 36.984796186263225
-1.5407553575084112, 16.642110660458968
-1.5406690865774273, 14.946886866641933
-1.5172896642810194, -73.76910608535735
-1.5171890148615397, -75.74686717814387
-1.532588376042014, -143.83907515421913
-1.5119983805140595, -177.7428321061347
-1.511020643296252, -196.955368436061
-1.5107905874802956, -201.47596521957303
-1.5106899380608159, -203.45372631235966
-1.5294251085726351, -205.99728092751002
-1.5095252804925448, -226.33924752888936
-1.490114321021359, 133.61470920710804
-1.5042339967255849, 40.376681622747014
-1.504147725794601, 38.68145782892998
-1.4844204395764766, 21.729938815184596
-1.5031412315998, 18.903846901064696
-1.4736174018855976, -66.98653341976461
-1.4986551431886799, -69.24779037742042
-1.4985401152807025, -71.50808876917648
-1.4760952947366128, -141.85915728815803
-1.4745999319329055, -171.24303638098644
-1.4743842546054484, -175.48109586552897
-1.4676934646247624, -183.39190059520013
-1.4738378720425551, -186.21751322637022
-1.4737228441345778, -188.47781161812622
-1.4736078162266004, -190.73811000988223
-1.473492788318623, -192.99840840163824
-1.4922710942959352, -194.69435111988014
-1.4920410384799787, -199.21494790339216
-1.472371266215843, -215.0363177212596
-1.4720405609804086, -221.53467559755813
-1.490804488469223, -223.51315561476952
-1.4505447206771294, 97.45137278786129
-1.468690373160566, 83.32378891496126
-1.4681152336206793, 72.02229695618115
-1.4666773847709624, 43.76856705923075
-1.4665911138399785, 42.07334326541371
-1.465699647553155, 24.556030729304496
-1.442464010141716, -61.33458923299975
-1.4423633607222364, -63.31235032578627
-1.4304819363940702, -173.2191199834483
-1.4302518805781155, -177.73971676696033
-1.4363962879959082, -180.56532939813036
-1.4347858972842253, -212.20950688271478
-1.4533916613995714, -217.29589718859074
-1.453276633491594, -219.55619558034675
-1.434023837393875, -227.1839837280985
-1.4147422843191624, 135.3128086986245
-1.431076247251955, 85.58552515556698
-1.4305011077120664, 74.28403319678688
-1.4291207728163382, 47.16045249571454
-1.4290345018853543, 45.4652287018975
-1.4093647296212186, 29.643858884030124
-1.428085521644542, 26.81776696991028
-1.4049649121410823, -56.81255460063795
-1.4237144611413992, -59.07357191681888
-1.4007663934999073, -139.31344589973304
-1.3933854360713571, -160.78604097994042
-1.3995298434891499, -163.6116536111104
-1.3994291940696701, -165.58941470389692
-1.3993141661616928, -167.84971309565293
-1.3991847597652178, -170.39254878637848
-1.3982932934783943, -187.9098613224877
-1.4169853285247225, -191.30102783454663
-1.3909219217088413, -209.19409820338205
-1.375143926997941, 98.58439768143873
-1.3934333643663486, 87.28218679823374
-1.3928869818034553, 76.54576943739261
-1.3727139624419191, 50.83559415559267
-1.3914778899307318, 48.857114138381235
-1.3718081176665962, 33.03574432051391
-1.3674658141404503, -52.290519968276215
-1.3862153631407672, -54.55153728445708
-1.356173907840665, -150.61326036818855
-1.3623183152584613, -153.43887299935852
-1.3622176658389797, -155.41663409214505
-1.3809815933277942, -157.39511410935643
-1.361297442575161, -173.4990212261933
-1.3800613700639754, -175.47750124340467
-1.3799750991329915, -177.1727250372217
-1.360506625707817, -189.03857266951604
-1.3596439163979852, -205.99081060768629
-1.377530756088472, -225.2040658620374
-1.339399004593961, 137.57598278807998
-1.3369546615494414, 89.54464196326435
-1.3552728558948424, 78.80750567799834
-1.3539500349531028, 52.814074172804055
-1.334251505711972, 36.4276297569977
-1.3236881094960466, -47.57988749512646
-1.3487162651401317, -50.02950265209529
-1.3253655998207172, -138.1804210061556
-1.3252505719127399, -140.4407193979116
-1.3251355440047625, -142.70101778966767
-1.3250348945852828, -144.6787788824542
-1.343770065097102, -147.2223334976046
-1.3175916303732436, -167.37570225819604
-1.3426197860173286, -169.82531741516488
-1.323640181201057, -172.08489688249603
-1.316613893155436, -186.5882385881223
-1.3221448183973497, -201.46877597532443
-1.3220297904893723, -203.72907436708056
-1.3398878732028656, -223.50740421937064
-1.299743133318751, 99.7174225750162
-1.3176587299862312, 81.06924191860409
-1.3163934229984804, 56.20595960928779
-1.3163071520674983, 54.51073581547075
-1.2966805152688536, 39.53697789451195
-1.2925251320931697, -42.11630150767462
-1.2924244826736881, -44.09406260046114
-1.2818083653332728, -129.13754994880685
-1.2879527727510673, -131.96316257997682
-1.3067310787283777, -133.65910529821866
-1.287751473912106, -135.91868476554987
-1.2783575280939523, -196.9465017014877
-1.284501935511745, -199.7721143326578
-1.3022449903172593, -221.8107425767039
-1.2640557248687596, 139.83915687753543
-1.280475958732536, 91.80709712829494
-1.28004460407762, 83.33097815920985
-1.2787792970898693, 58.467695849893516
-1.2779165877800391, 41.51545791172333
-1.248747427448766, -37.40566903452492
-1.2737755830928528, -39.85528419149375
-1.2508850294053477, -118.96500897852991
-1.2507700014973704, -121.22530737028592
-1.2506693520778889, -123.2030684630725
-1.2694045225897117, -125.74662307822285
-1.2486419851997876, -163.0408276177725
-1.248541335780308, -165.01858871055902
-1.2673052632691224, -166.9970687277704
-1.248239387521867, -170.95187198891858
-1.247635491004985, -182.81843854563783
-1.2474485706545213, -186.4914234322414
-1.2472185148385666, -191.0120202157534
-1.2470603514650982, -194.119930504418
-1.2646883783626368, -218.4188571402201
-1.2646021074316547, -220.11408093403713
-1.224342339639561, 100.85044746859364
-1.223997255915629, 94.06955229332556
-1.242430478169009, 85.59271439981558
-1.241222685135245, 61.859581286377306
-1.241136414204263, 60.16435749256027
-1.2215241558941141, 45.473136870570954
-1.240273704894431, 43.212119554390085
-1.2113058434021209, -31.75348520628512
-1.236333999046206, -34.20310036325395
-1.2074428228258807, -107.6618395294251
-1.2135872302436734, -110.48745216059507
-1.2134865808241937, -112.46521325338159
-1.2322505083130082, -114.44369327059297
-1.2321354804050308, -116.70399166234904
-1.231100229233233, -137.0466771881533
-1.210999102314183, -161.34416597510574
-1.2095612534644644, -189.59789587205614
-1.2280519896718332, -196.94458456968812
-1.2271317664080126, -215.02697170373642
-1.2270454954770305, -216.72219549755334
-1.1886836881665666, 141.5372563690519
-1.185980532329097, 88.4202441627852
-1.184815874760826, 65.53472294625544
-1.2035798022496405, 63.55624292904406
-1.1839531654509958, 48.5824850080852
-1.1800278380912665, -28.550197610589294
-1.1765194868979556, -97.48929855914821
-1.1764044589899783, -99.74959695090422
-1.1763038095704985, -101.72735804369074
-1.1950389800823178, -104.27091265884116
-1.193256047508667, -139.3055377310596
-1.1734856258250517, -157.1046686417135
-1.1922495533138662, -159.08314865892487
-1.1731836775666107, -163.03795192007306
-1.1728529723311762, -169.53630979637165
-1.1723209682567806, -179.9901898582433
-1.172220318837299, -181.96795095102982
-1.1720621554638306, -185.0758612396944
-1.1908692184181362, -186.20672935999733
-1.1905528916711994, -192.42254993732638
-1.1707393345220911, -211.06929274488868
-1.1706099281256162, -213.6121284356143
-1.1489559244488685, 102.2660096611406
-1.1486827331674228, 96.89780098072004
-1.1660519472720097, 67.51320296346682
-1.1651892379621795, 50.56096502529658
-1.142528740090631, -24.0281629782275
-1.1612782890909479, -26.289180294408425
-1.1329622524105094, -88.4464275017994
-1.139106659828304, -91.27204013296938
-1.1578849658056143, -92.96798285121127
-1.157769937897637, -95.22828124296728
-1.1554118657840995, -141.56439827396594
-1.1547216983362354, -155.1261886245021
-1.1355839301464954, -160.49367838049778
-1.1284186500454023, -177.72821397616258
-1.1530537936705638, -187.90051530496453
-1.1268657732877063, -208.242242264869
-1.1516159448208452, -216.15424520191493
-1.1515009169128678, -218.41454359367094
-1.1513858890048905, -220.67484198542695
-1.1512708610969131, -222.93514037718307
-1.1511558331889358, -225.19543876893908
-1.1510408052809584, -227.4557371606951
-1.150925777372981, -229.7160355524511
-1.1508107494650037, -231.9763339442071
-1.1506957215570264, -234.23663233596324
-1.1317017382522572, -236.77874910226387
-1.1133691654183586, 144.36550505644638
-1.1295305864891851, 91.24777392575481
-1.1096595153860882, 71.47088192231445
-1.128409064386405, 69.20986460613358
-1.1087824275877605, 54.23610668517472
-1.127546355076575, 52.257626667963336
-1.1050296420899972, -19.50612834586576
-1.1049289926705175, -21.483889438652284
-1.0956356962718417, -80.5339452818036
-1.1206734375749239, -82.79520223945946
-1.1205584096669465, -85.05550063121547
-1.098674350174246, -144.3876144903864
-1.1171075724276243, -152.86445238389632
-1.0979698042378843, -158.23194213989206
-1.0974953141174772, -167.5556730058857
-1.090526540025845, -180.9288655156339
-1.11555469566993, -183.3784806726028
-1.0965750908536585, -185.63806013993394
-1.0894241892410612, -202.5900584366292
-1.0955685966588558, -205.41567106779928
-1.1141168468202114, -211.6322105695532
-1.1140305758892293, -213.32743436337023
-1.073526373792685, 102.83395995677904
-1.0922040303505174, 99.16025614575065
-1.091916460580574, 93.50951016636057
-1.090018500098946, 56.2145867023861
-1.0612423517865963, -14.983854072029033
-1.0862800930896803, -17.245111029684836
-1.0584241680411495, -70.36116467005178
-1.064568575458944, -73.18677730122175
-1.0644679260394625, -75.16453839400828
-1.0832318535282788, -77.14301841121966
-1.0607007620532034, -149.18931072401824
-1.0794646895420197, -151.16779074122962
-1.0603125428637803, -156.81781779619484
-1.0531903982281783, -173.20474149495112
-1.059334805645971, -176.0303541261211
-1.0592197777379937, -178.2906525178771
-1.0587309091290908, -187.89692068284023
-1.0586158812211135, -190.15721907459636
-1.0585008533131361, -192.41751746635236
-1.0583858254051588, -194.67781585810837
-1.0582707974971814, -196.93811424986438
-1.0581557695892023, -199.1984126416204
-1.0563440800385582, -234.7981123117779
-1.0380258856931572, 146.62867914590183
-1.0545611474649093, 100.85691778841738
-1.054302334671961, 95.77124640696633
-1.0532670835001632, 75.42856088116204
-1.053180812569181, 73.73333708734503
-1.052404374190333, 58.47632294299183
-1.0238103533989502, -9.143312044476204
-1.0488385090430334, -11.592927201445036
-1.0272707762972697, -64.70922048328691
-1.0271557483892924, -66.96951887504292
-1.041936834564389, -147.21083070680686
-1.0415629938634634, -154.55680048001392
-1.0158638420895105, -165.29225927495526
-1.0220082495073033, -168.11787190612523
-1.021893221599326, -170.3781702978813
-1.0213755960134279, -180.54951306078345
-1.0400963880367513, -183.37560497490335
-1.0210880262434845, -186.2002590401736
-1.0391761647729307, -201.45799210895154
-1.0390611368649534, -203.71829050070767
-1.0389748659339713, -205.4135142945247
-0.9981399586019926, 104.249522149326
-1.0166594517863548, 97.46790804963305
-1.015652957591552, 77.6902971217678
-0.995997563815914, 62.151464602869964
-1.0147614913047285, 60.17298458565858
-0.9925611050650893, -5.3749498508414035
-0.9835985139018462, -57.926647817694175
-0.9897572998081401, -60.469723149894605
-1.0085212272969528, -62.44820316710599
-0.9855300241899698, -143.53568904692872
-1.0042939516787843, -145.5141690641401
-0.9852712113970199, -148.62136042837977
-0.9788248557207844, -151.72903107556937
-0.9785947999048297, -156.24962785908144
-0.9847104503456308, -159.6403150881904
-0.9845954224376534, -161.90061347994646
-1.002884859806061, -173.20282436315148
-1.0027698318980836, -175.4631227549075
-1.0026548039901062, -177.7234211466635
-0.9769268952391581, -189.02395453954387
-1.001964636542242, -191.28521149719973
-1.0018496086342648, -193.54550988895573
-1.0017345807262874, -195.80580828071186
-0.999894134198648, -231.97058254880824
-0.9626394705024648, 148.04424133844878
-0.9790165689007484, 99.1645696922998
-0.9780388316829391, 79.95203336237356
-0.9772336363270977, 64.12994462008135
-0.9486971294897035, -2.359541171508681
-0.9460514876062227, -54.346404181897356
-0.9479015197928593, -141.55649010529248
-0.9467512407130858, -164.15947402285275
-0.9466362128051085, -166.41977241460881
-0.9653857618054253, -168.68078973078968
-0.9652994908744414, -170.37601352460672
-0.9394948968515102, -183.18341251199104
-0.9645230524955952, -185.63302766895993
-0.9622800082900351, -229.7088463082025
-0.9416900127620806, 107.07705191229562
-0.922667272480318, 103.96986054805595
-0.922537866083843, 101.4270248573304
-0.9216320213085201, 83.62717502225166
-0.9403959487973346, 81.64869500504028
-0.9396195104184866, 66.39168086068713
-0.9174191241788474, 0.8437464241870885
-0.9086099035595776, -48.694220353657556
-0.9336380592036626, -51.143835510626445
-0.9042292573974375, -134.77391743969974
-0.9103736648152321, -137.59953007086972
-0.9102586369072547, -139.85982846262573
-0.9037691457655281, -143.81511100672384
-0.9099135531833227, -146.6407236378938
-0.9098129037638412, -148.61848473068034
-0.9285768312526557, -150.59696474789172
-0.9095828479478865, -153.1390815141924
-0.928346775436701, -155.1175615314038
-0.9282605045057188, -156.81278532522083
-0.9022737829618226, -173.19899009955225
-0.9084181903796154, -176.02460273072222
-0.908303162471638, -178.28490112247823
-0.9270814684489501, -179.98084384072013
-0.9247233963354127, -226.31696087171872
-0.9246371254044305, -228.01218466553576
-0.8872818122887658, 150.02487812893474
-0.885240066922167, 109.90458167526523
-0.9028680938197056, 85.60565503946304
-0.9020053845098737, 68.65341710129286
-0.8799200261782119, 5.365781056548883
-0.8986695751785287, 3.104763740368014
-0.8711587338539335, -43.230394724730786
-0.8961964751570157, -45.491651682386646
-0.8670177291667471, -124.60113682794787
-0.8731621365845399, -127.42674945911784
-0.8730471086765625, -129.68704785087385
-0.8729320807685852, -131.94734624262992
-0.8714079609878844, -161.8962999333973
-0.8712929330799071, -164.1565983251533
-0.8648321989151757, -167.54680627131245
-0.8709766063329685, -170.37241890248242
-0.8703295743505954, -183.08659735611013
-0.8683884784034781, -221.22913271699315
-0.8871092704267998, -224.055224631113
-0.8472377218241327, 104.53781084369439
-0.8652539679110944, 87.8673912800688
-0.8643912586012625, 70.91515334189859
-0.8423202787580983, 7.910054596124155
-0.8337171498072884, -37.57821089649099
-0.8587548911103706, -39.83946785414685
-0.8299212288440341, -112.16805782443998
-0.8360656362618268, -114.99367045560996
-0.8359506083538495, -117.25396884736597
-0.8358355804458721, -119.51426723912203
-0.8546138864231843, -121.21020995736387
-0.8287709497642588, -134.7710417420003
-0.8349009786935557, -137.87919167213977
-0.853636149205375, -140.42274628729012
-0.8346421659006076, -142.96486305359082
-0.8345127595041326, -145.50769874431637
-0.8533198224584382, -146.63856686461924
-0.834153297291703, -152.57113121855394
-0.8339088629872506, -157.3742653010355
-0.8337938350792733, -159.63456369279152
-0.8519682445397034, -173.1970729677526
-0.8518819736087195, -174.89229676156958
-0.8246299450770724, -216.14178384521733
-0.8496676863801547, -218.4030408028732
-0.811909775586571, 151.72297762045122
-0.8287901210822568, 112.73211143823485
-0.8284737943353182, 106.51629086090577
-0.8276398420024833, 90.12912752067456
-0.8079844482268417, 74.59029500177672
-0.826748375715658, 72.61181498456534
-0.8048068022689652, 12.149551929516406
-0.8235563512692838, 9.888534613335537
-0.7962755657606415, -31.926027068251244
-0.8213133070637255, -34.18728402590705
-0.7989978929161072, -101.9955168541631
-0.7988828650081299, -104.25581524591911
-0.7987678371001525, -106.51611363767512
-0.7986671876806728, -108.49387473046164
-0.7913293657176119, -129.1188579137605
-0.7974881516239041, -131.66193324596094
-0.7965247928945924, -150.5919322769177
-0.7962947370786377, -155.11252906042978
-0.8148142302630017, -161.89414316012272
-0.8146992023550244, -164.15444155187873
-0.814584174447047, -166.4147399436348
-0.8144979035160631, -168.10996373745178
-0.7949719161368982, -181.10596056562417
-0.7871883610304256, -210.48960001697753
-0.7933327684482201, -213.31521264814762
-0.7911472381966487, 114.42877308090158
-0.7908309114497118, 108.2129525035725
-0.7717650357024564, 104.25814924242431
-0.7900257160938704, 92.39086376128029
-0.7703703223182305, 76.85203124238245
-0.7610195119655678, 16.671826203353135
-0.7860572532686501, 14.410569245697275
-0.7651221740167617, -26.274082881486436
-0.765021524597282, -28.25184397427296
-0.7617288507314282, -92.95288543828929
-0.7616138228234508, -95.2131838300453
-0.7614987949154735, -97.47348222180136
-0.7613981454959937, -99.45124331458788
-0.7600609460657566, -125.72721211875171
-0.752977144066147, -141.36070302025593
-0.7591119658249426, -144.374673850739
-0.7589969379169652, -146.634972242495
-0.7588819100089879, -148.895270634251
-0.7523924188672613, -152.85055317834906
-0.7521719487103056, -157.1827917625481
-0.7772001043543888, -159.63240691951694
-0.7563800530104778, -198.0567606549447
-0.7562650251025005, -200.3170590467007
-0.7561499971945231, -202.57735743845672
-0.7560493477750434, -204.55511853124324
-0.7747845182868627, -207.0986731463936
-0.755459829746659, -216.1391477889929
-0.7553448018386817, -218.3994461807489
-0.7741231078159938, -220.0953888989908
-0.7365377388843761, 153.42107711196766
-0.7535043553110441, 116.12543472356833
-0.7343665871213041, 110.75794496757263
-0.7524115901852593, 94.65260000188604
-0.7327561964096194, 79.11376748298821
-0.7297510923137107, 20.063471998361877
-0.7277381039241053, -19.49174985736863
-0.727623076016128, -21.75204824912464
-0.7275224265966482, -23.729809341911164
-0.7244598085467491, -83.91025402241547
-0.7243447806387717, -86.17055241417148
-0.7242297527307944, -88.43085080592749
-0.7429793017311113, -90.69186812210842
-0.7162832414213547, -121.01657964560195
-0.7413113970654397, -123.46619480257084
-0.7219291945712456, -133.63681864104808
-0.7406787435715625, -135.897835957229
-0.7216991387552909, -138.15741542456016
-0.7132829301549446, -179.97269603057174
-0.7130528743389899, -184.49329281408382
-0.7191972817567827, -187.3189054452538
-0.7190822538488053, -189.5792038370098
-0.718967225940828, -191.8395022287658
-0.7188521980328506, -194.09980062052193
-0.7187371701248733, -196.36009901227794
-0.7367102807463421, -213.87813047281202
-0.715861472425436, 117.82209636623506
-0.696766839701187, 113.30221850714787
-0.6963067280692776, 104.26102494012375
-0.7147974642766464, 96.9143362424918
-0.6951420705010065, 81.37550372359397
-0.6922519943130752, 24.58550663072367
-0.6921513448935936, 22.60774553793715
-0.7108002444744308, 18.368967128969757
-0.6903540338314471, -12.709416833250827
-0.6902390059234698, -14.969715225006837
-0.6901239780154924, -17.230013616762847
-0.6871907663620682, -74.8676226065416
-0.6870757384540909, -77.12792099829767
-0.6869607105461135, -79.38821939005368
-0.7057102595464304, -81.64923670623455
-0.6851202640184759, -115.55299365815017
-0.6850052361104986, -117.81329204990618
-0.684559502967085, -126.57194831796079
-0.7032946734789043, -129.1155029331112
-0.7031796455709269, -131.3758013248672
-0.677566764727958, -140.41603632599146
-0.6837111721457525, -143.2416489571615
-0.7024894781230628, -144.93759167540338
-0.6835242517952889, -146.91463384376505
-0.7020868804451421, -152.84863604654947
-0.6767615693721165, -156.2381250682837
-0.6760714019242524, -169.79991541881986
-0.6822158093420452, -172.6255280499899
-0.6821007814340678, -174.8858264417459
-0.6819857535260905, -177.14612483350197
-0.6804760122338873, -206.8125412252998
-0.6992111827457066, -209.35609584045028
-0.6990961548377292, -211.6163942322063
-0.6611369452051861, 154.55410200554513
-0.6593827696085324, 120.08455153126567
-0.6771833383680352, 99.17607248309756
-0.657542323080893, 83.91977726316921
-0.6547528963124414, 29.107541263085466
-0.6546522468929599, 27.129780170298943
-0.6529987207157859, -5.3620092111939925
-0.6528261788538199, -8.752456798828007
-0.6527111509458425, -11.012755190584073
-0.6499217241773891, -65.82499119066779
-0.6498066962694118, -68.0852895824238
-0.6685562452697287, -70.34630689860472
-0.6684412173617513, -72.60660529036073
-0.6476211660178421, -111.03095902578838
-0.6475061381098648, -113.29125741754439
-0.666025631294227, -120.07287151723733
-0.6659106033862496, -122.3331699089934
-0.6657955754782723, -124.59346830074941
-0.6464133729840782, -134.7640921392267
-0.6462983450761008, -137.0243905309827
-0.6456081776282367, -150.58618088151889
-0.6451480659963273, -159.62737444854298
-0.64503303808835, -161.88767284029905
-0.6449180101803726, -164.14797123205506
-0.6448029822723953, -166.40826962381112
-0.6629773917328254, -179.97077889877215
-0.6628623638248481, -182.2310772905281
-0.6627473359168707, -184.49137568228423
-0.6626323080088934, -186.75167407404024
-0.6625460370779095, -188.44689786785727
-0.6431063206297285, -199.74767090221258
-0.6618271126530502, -202.57376281633242
-0.6617120847450728, -204.83406120808843
-0.6402881368842817, 115.56467367217849
-0.6145506424743363, 104.07578207998515
-0.6395692124594241, 101.43780872370328
-0.6110806339170178, 35.89011392867826
-0.6361183752201018, 33.6288569710224
-0.6360033473121245, 31.368558579266335
-0.6155427581806414, 0.007637318076319843
-0.6342779286924625, -2.535917297074093
-0.6126526819927101, -56.78235977479392
-0.6125376540847309, -59.042658166549984
-0.6312872030850496, -61.30367548273085
-0.6311721751770722, -63.56397387448692
-0.6101220680172066, -106.50892439342658
-0.6100070401092292, -108.76922278518265
-0.6285265332935932, -115.5508368848756
-0.6284115053856159, -117.8111352766316
-0.6090580598684152, -127.41668451716987
-0.6277788518917387, -130.24277643128977
-0.6087992470754653, -132.50235589862092
-0.6084685418400309, -139.00071377491952
-0.6082384860240762, -143.5213105584316
-0.6081090796276012, -146.0641462491571
-0.6079940517196238, -148.32444464091316
-0.6077639959036691, -152.84504142442518
-0.6076489679956918, -155.10533981618124
-0.6075339400877144, -157.36563820793725
-0.6258233774561237, -168.66784909114227
-0.6257083495481464, -170.92814748289828
-0.625593321640169, -173.18844587465435
-0.606599338335398, -175.730562640955
-0.6253632658242143, -177.70904265816637
-0.6057653860025614, -192.11772598118625
-0.6245005565143842, -194.6612805963366
-0.6243855286064068, -196.92157898809262
-0.5857649085029912, 156.25220149706158
-0.6029040667916252, 122.34700669629629
-0.6026452539986753, 117.26133531484521
-0.6010923772409811, 86.74730702613883
-0.5798409712421542, 39.846834321626034
-0.5779430107605279, 2.551910857651535
-0.5775404130826072, -5.359133513494555
-0.5962612051059288, -8.185225427614455
-0.575383639808031, -47.739728358920104
-0.5752686119000536, -50.00002675067611
-0.5940181609003705, -52.26104406685704
-0.5939031329923932, -54.52134245861305
-0.5663347777138075, -101.98665011958985
-0.5913725190168897, -104.24790707724571
-0.5721916153616569, -110.46300873014991
-0.5909124073849803, -113.28910064426981
-0.5652995265420113, -122.32933564539411
-0.5714439339598041, -125.15494827656414
-0.5709550653508995, -134.76121644152727
-0.5708400374429221, -137.02151483328328
-0.5706099816269674, -141.54211161679535
-0.570149869995058, -150.58330518381945
-0.5885543352714429, -159.6252176752684
-0.5884393073634655, -161.88551606702447
-0.5883242794554882, -164.14581445878048
-0.56937343161621, -165.84031932817265
-0.5622033586856183, -183.16903402349385
-0.5872315143297033, -185.61864918046274
-0.587116486421726, -187.87894757221875
-0.5870014585137486, -190.13924596397487
-0.5652611839060189, 124.04366833896302
-0.565002371113069, 118.95799695751197
-0.5454620052454082, 105.67946283037014
-0.5642546897112162, 104.26605741109776
-0.5635932792403473, 91.2693416585006
-0.56347825133237, 89.00904326674456
-0.5422843592875317, 43.23871975810982
-0.5403863988059054, 5.943796294135325
-0.5588196210592837, -2.5330415993746556
-0.5318264053205866, -38.6968573015713
-0.5379851912268769, -41.23993263377179
-0.5567491187156914, -43.21841265098317
-0.5566340908077141, -45.478711042739235
-0.5288931936671624, -96.33446629135005
-0.5539309349702446, -98.59572324900591
-0.5278579424953662, -116.67715181715431
-0.534002349913159, -119.50276444832434
-0.5272828029554777, -127.97864377593447
-0.5334272103732722, -130.80425640710445
-0.5333121824652949, -133.0645547988605
-0.5267076634155909, -139.28013573471458
-0.5264776075996362, -143.80073251822665
-0.5326220150174308, -146.62634514939668
-0.5325069871094534, -148.8866435411527
-0.5260174959677268, -152.84192608525075
-0.5321619033855214, -155.66753871642078
-0.550968966339827, -156.7984068367237
-0.5252123006118854, -168.66401482754299
-0.5313710865181758, -171.20709015974353
-0.5501350140069903, -173.1855701769549
-0.5311697876792163, -175.16261234531657
-0.5499049581910356, -177.70616696046693
-0.5497899302830582, -179.966465352223
-0.5103784933122988, 157.66776368960853
-0.5087824810891117, 126.30612350399363
-0.5085236682961636, 121.22045212254255
-0.5267268347335872, 108.22301744552053
-0.5071864688659247, 94.94448331837873
-0.5259503963547392, 92.96600330116735
-0.4984203837121459, 46.254128437442546
-0.5029448147592586, 11.595980122375124
-0.5216656067825802, 8.769888208255225
-0.5213205230586482, 1.988993032987139
-0.5212054951506708, -0.27130535876892736
-0.49449984918191703, -30.784375081575433
-0.5006586350882074, -33.32745041377598
-0.5194225625770219, -35.30593043098736
-0.49785482983125817, -88.42222371282918
-0.4977398019232808, -90.68252210458525
-0.4976247740153035, -92.94282049634126
-0.4969346065674394, -106.50461084687743
-0.496819578659462, -108.76490923863349
-0.4967045507514847, -111.0252076303895
-0.4965895228435073, -113.28550602214551
-0.4898412189088326, -122.32645994769467
-0.49598562632662535, -125.1520725788647
-0.4891510514609667, -135.88825029823084
-0.4880007723811932, -158.4912342157911
-0.49414517979898775, -161.31684684696114
-0.49403015189100863, -163.5771452387172
-0.4939295024715289, -165.55490633150373
-0.48911270882497604, 110.48475368612628
-0.4699893191237319, 105.39980122910009
-0.48842254137711194, 96.92296333559011
-0.46086377175752524, 49.64601387392628
-0.46548885222411585, 16.96562665164538
-0.4842240227359369, 14.422072036495024
-0.4649137126842291, 5.664134692865218
-0.4836776401730436, 3.6856546756538364
-0.45706785079426915, -24.94383305402266
-0.48209600643835415, -27.39344821099155
-0.46032697485363094, -84.46526367840642
-0.4602119469456536, -86.72556207016248
-0.4534923999879723, -95.20144139777256
-0.45963680740576507, -98.02705402894259
-0.4595217794977877, -100.28735242069865
-0.45940675158981037, -102.54765081245466
-0.4781850575671225, -104.24359353069656
-0.4581126876250643, -127.97600771971003
-0.45799765971708695, -130.23630611146604
-0.4578826318091096, -132.49660450322204
-0.45753754808517755, -139.27749967849013
-0.4574225201772002, -141.5377980702462
-0.45730749226922285, -143.7980964620022
-0.4571924643612455, -146.05839485375822
-0.45707743645326815, -148.31869324551428
-0.4569624085452908, -150.5789916372703
-0.45684738063731345, -152.8392900290263
-0.4567323527293361, -155.09958842078237
-0.4558121294655173, -173.18197555483061
-0.43499207812160634, 159.0833258821555
-0.45230377827220636, 128.56857866902425
-0.4520449654792582, 123.48290728757317
-0.4514698259393697, 112.18141532879304
-0.4508084154685008, 99.18469957619587
-0.423307159802901, 53.03789931041007
-0.4279897542234803, 21.487661284007174
-0.4467249247353031, 18.94410666885676
-0.44626481310339194, 9.902913101832667
-0.4461497851954146, 7.642614710076657
-0.4259048733913904, -19.480247066570882
-0.44465442239170905, -21.74126438275175
-0.42302917569195486, -75.98770686047158
-0.4229141477839775, -78.24800525222764
-0.42279911987600016, -80.50830364398365
-0.4226984704565204, -82.48606473677017
-0.42233900824409076, -89.5494972110078
-0.4222239803361134, -91.80979560276381
-0.4150155647695293, -109.89194309533707
-0.42115997218732204, -112.7175557265071
-0.4210449442793447, -114.97785411826311
-0.42092991637136734, -117.23815251001912
-0.42081488846339, -119.49845090177519
-0.42069986055541264, -121.7587492935312
-0.4205848326474353, -124.0190476852872
-0.42046980473945794, -126.27934607704327
-0.41375025778177665, -134.7552254046534
-0.4198946651995712, -137.58083803582343
-0.4146608953866, 130.26524031169097
-0.4144020825936501, 125.17956893023992
-0.41382694305376333, 113.87807697145976
-0.3945166330020573, 105.12013962783001
-0.4132518035138766, 102.57658501267963
-0.4131655325828927, 100.8813612188626
-0.3920291544920449, 56.24118690610584
-0.4093408546426449, 25.726439692974566
-0.40922582673466756, 23.466141301218556
-0.38997303063694844, 15.838353153466812
-0.4087082011487677, 13.2947985383164
-0.4086219302177856, 11.59957474449942
-0.38852080329873395, -12.697914042453078
-0.3884201538792542, -14.6756751352396
-0.4071553243910735, -17.219229750389957
-0.3793569132965331, -69.20513419487878
-0.38550132071432763, -72.03074682604881
-0.3853862928063503, -74.29104521780488
-0.4037044871517512, -85.02818150307087
-0.38472488233547963, -87.28776097040202
-0.3843797986115476, -94.0686561456701
-0.37780403653883887, -99.7191624835852
-0.38394844395663164, -102.54477511475523
-0.3838334160486543, -104.80507350651123
-0.38371838814067694, -107.0653718982673
-0.37630867373513155, -129.1030415764136
-0.3824530811529261, -131.92865420758363
-0.38205048347500536, -139.83969857872972
-0.40077127549832703, -142.66579049284962
-0.3817772921935578, -145.20790725915026
-0.40054121968237233, -147.1863872763617
-0.3804688497403159, -170.9188014653751
-0.35959128444241806, 160.21635077573296
-0.35818219256969464, 132.5276954767216
-0.3579233797767447, 127.44202409527051
-0.3573769972138514, 116.70560673442938
-0.354443785560429, 59.0679977446506
-0.37184175664201113, 30.24847432533636
-0.3717267287340338, 27.98817593358035
-0.37132413105611306, 20.077131562434204
-0.3712091031481357, 17.816833170678194
-0.3510217052981002, -8.175879410091284
-0.36977125429841706, -10.436896726272153
-0.3483185494606307, -61.29289161635796
-0.34820352155265333, -63.55319000811403
-0.348088493644676, -65.81348839987004
-0.34751335410478923, -77.1149803586502
-0.3473983261968119, -79.37527875040621
-0.34728329828883453, -81.63557714216222
-0.34059250830814847, -89.54638187183338
-0.34673691572594123, -92.3719945030034
-0.3402474245842164, -96.32727704710146
-0.3395572571363523, -109.88906739763763
-0.3457016645541451, -112.71468002880766
-0.34558663664616773, -114.97497842056367
-0.3454716087381904, -117.23527681231968
-0.34535658083021303, -119.49557520407575
-0.3452415529222357, -121.75587359583176
-0.3640198588995478, -123.45181631407365
-0.36390483099157045, -125.71211470582966
-0.34458014245136503, -134.75258934842896
-0.3444794930318853, -136.73035044121548
-0.33802355169665255, 107.10005749389111
-0.3190727038573744, 105.40555262449897
-0.31685841662880954, 61.894808583195356
-0.3342851446873869, 33.64035976182015
-0.334198873756403, 31.945135968003115
-0.3149892131241767, 25.16495971715989
-0.33371000514750015, 22.33886780303999
-0.30734944290267663, -1.3933067444984886
-0.33238718420575886, -3.6545637021543484
-0.3322721562977815, -5.914862093910415
-0.30476131497318626, -52.25002055900916
-0.310905722390979, -55.07563319017919
-0.3108050729714993, -57.05339428296571
-0.329569000460312, -59.031874300177094
-0.3102443119201084, -68.07234894277633
-0.310129284012131, -70.3326473345324
-0.3100142561041537, -72.5929457262884
-0.3098992281961763, -74.85324411804442
-0.3094391165642669, -83.89443768506857
-0.3093240886562896, -86.15473607682458
-0.3086339212084255, -99.71652642736075
-0.3085188933004481, -101.97682481911681
-0.3084038653924708, -104.23712321087282
-0.3082888374844934, -106.49742160262883
-0.3066640682843129, -138.42413638618274
-0.30637649851436954, -144.07488236557282
-0.30506805606112586, -169.78577657179767
-0.28420486925172384, 161.63191296827992
-0.3017034897527875, 134.7901506417522
-0.30144467695983757, 129.70447926030113
-0.3009270513739395, 119.533136497399
-0.3004094257880414, 109.36179373449687
-0.27927304769719363, 64.72161942174012
-0.2966710187787758, 35.90209600242588
-0.27743260116955426, 28.55684515364362
-0.2699078588560315, 4.258877083741311
-0.29494560015911375, 1.997620126085451
-0.26754978674249585, -42.07723994725728
-0.2736941941602886, -44.902852578427314
-0.27357916625231127, -47.163150970183324
-0.2734641383443339, -49.42344936193939
-0.2727452139194746, -63.55031431041459
-0.27263018601149724, -65.8106127021706
-0.2720550464716105, -77.11210466095076
-0.27194001856363315, -79.37240305270677
-0.2718249906556558, -81.63270144446278
-0.27147990693172375, -88.41359661973087
-0.2713648790237464, -90.67389501148693
-0.27124985111576905, -92.93419340324294
-0.2711348232077917, -95.19449179499895
-0.27101979529981435, -97.45479018675502
-0.2704446557599276, -108.75628214553518
-0.2891942047602445, -111.01729946171605
-0.28907917685226714, -113.27759785347206
-0.2889641489442898, -115.53789624522813
-0.269955787151023, -118.3625503104983
-0.2887340931283351, -120.05849302874014
-0.2886478221973512, -121.75371682255718
-0.2881014396344579, -132.4901341833983
-0.2691218348181863, -134.74971365072952
-0.24521040844738273, 136.7700685078133
-0.24496597414293042, 131.96693442533174
-0.26331292546532836, 121.79487273800476
-0.2627952998794303, 111.6235299751026
-0.24367191017818435, 106.53857751807641
-0.2355145143707862, 69.80896829351587
-0.2605522556738702, 67.54771133586001
-0.24026420840435492, 39.577237662304015
-0.24014918049637757, 37.31693927054795
-0.2587118091462326, 31.38293706776352
-0.23246627480938464, 9.91106091198111
-0.25750401611246865, 7.64980395432525
-0.236626450814569, -31.904698976980455
-0.23651142290659166, -34.164997368736465
-0.2363963949986143, -36.425295760492475
-0.23625261011364174, -39.250668750187515
-0.22930300734000753, -52.24714486130972
-0.2354474147578003, -55.07275749247975
-0.23533238684982294, -57.33305588423576
-0.2352173589418456, -59.59335427599177
-0.23510233103386824, -61.85365266774784
-0.2284978119841643, -68.0692336036019
-0.23464221940195884, -70.89484623477193
-0.2345271914939815, -73.155144626528
-0.23441216358600414, -75.41544301828401
-0.22769261662832285, -83.89132234589414
-0.2338370240461174, -86.71693497706417
-0.25204019048354276, -99.71436965408617
-0.2330605856672694, -101.97394912141738
-0.23294555775929204, -104.23424751317339
-0.2516951067596107, -106.49526482935426
-0.25048731372584676, -130.22839794279258
-0.23124889611662525, -137.57364879157484
-0.23099008332367532, -142.6593201730259
-0.22972477633592447, -167.52260248234222
-0.2088184540610314, 163.04747516082685
-0.22569879955671546, 124.05660897861048
-0.22518117397081738, 113.88526621570836
-0.22322569953520066, 75.46019355585585
-0.20424609471892907, 73.20061408852467
-0.19634751170448084, 41.55667624541525
-0.22115519719160837, 34.77482250424731
-0.22106892626062447, 33.079598710430275
-0.19502469076274132, 15.56324474022091
-0.22006243206582177, 13.301987782564993
-0.19947243653786728, -20.601769169350575
-0.19935740862988993, -22.862067561106585
-0.19924238072191258, -25.12236595286265
-0.19912735281393523, -27.38266434461866
-0.19901232490595788, -29.64296273637467
-0.19209147910931712, -42.074364249557846
-0.19823588652710988, -44.89997688072788
-0.19812085861913253, -47.16027527248389
-0.19800583071115518, -49.42057366423995
-0.19094120002954185, -64.67734816711817
-0.19025103258167775, -78.23913851765434
-0.1963954399994723, -81.06475114882437
-0.18968547870079, -89.35227227712147
-0.21471363434487323, -91.80188743409036
-0.21459860643689588, -94.06218582584637
-0.21448357852891853, -96.32248421760244
-0.21344832735712238, -116.6651697434067
-0.19402298939743723, -127.68340547879245
-0.19377855509298492, -132.48653956127401
-0.18871732714197975, 138.7499863738744
-0.16965145139472604, 134.79518311272622
-0.16924885371680531, 126.8841387415801
-0.16871684964240963, 116.43025867970846
-0.16824235952200262, 107.10652781371485
-0.1856690875805782, 78.85207899233961
-0.18558281664959608, 77.1568551985226
-0.1852952468796527, 71.5061092191325
-0.15879089974985838, 44.94856168189898
-0.1835985852369859, 38.166707940731044
-0.16387129901886155, 21.215188926985718
-0.18262084801917844, 18.954171610804792
-0.15591520205042286, -11.558898112001714
-0.1620596094682174, -14.384510743171745
-0.16194458156024005, -16.64480913492781
-0.1618295536522627, -18.90510752668382
-0.15487995087862672, -31.901583637806027
-0.16102435829641948, -34.72719626897606
-0.16090933038844213, -36.98749466073207
-0.16079430248046478, -39.24779305248808
-0.15384469970683057, -52.244269163610284
-0.15998910712462333, -55.069881794780315
-0.15987407921664598, -57.330180186536325
-0.15975905130866863, -59.590478578292334
-0.15964402340069128, -61.8507769700484
-0.15303950435098734, -68.06635790590246
-0.15918391176878188, -70.8919705370725
-0.15906888386080453, -73.15226892882856
-0.15895385595282718, -75.41256732058457
-0.17738707820620547, -83.88940521409455
-0.17727205029822812, -86.14970360585056
-0.15778919838455607, -98.29808853711438
-0.17652436889637535, -100.84164315226474
-0.17580544447151603, -114.96850810073994
-0.1564088634888261, -125.42166923818672
-0.1558768594144304, -135.87554930005837
-0.15563242510997988, -140.67868338253993
-0.15435273963372964, -165.82450299082575
-0.13341766038184133, 164.18050005440432
-0.1322386243250726, 141.01244153890502
-0.13111710222229256, 118.97453221928373
-0.12926227720615735, 82.52722065221775
-0.14802620469497185, 80.54874063500637
-0.14776739190202193, 75.46306925355529
-0.1476811209710398, 73.76784545973823
-0.12123428779523415, 48.34044711838277
-0.14607073025935513, 42.12366797515381
-0.12009359437445788, 25.925821400135476
-0.14512175001854288, 23.476206243166587
-0.11858864591175333, -3.646415892005905
-0.12473305332954787, -6.472028523175936
-0.12461802542157052, -8.732326914931946
-0.11766842264793453, -21.728803026054152
-0.1238128300657273, -24.554415657224183
-0.12369780215774995, -26.814714048980193
-0.1235827742497726, -29.07501244073626
-0.11663317147613839, -42.07148855185841
-0.12277757889393115, -44.89710118302844
-0.1226625509859538, -47.15739957478445
-0.12254752307797645, -49.417697966540516
-0.11548289239636311, -64.67447246941873
-0.12109529573976197, -77.9539651624604
-0.13983046625158124, -80.49751977761076
-0.1390252708957398, -96.319608519903
-0.13816256158590967, -113.27184645807318
-0.1187947375802132, -123.159932997581
-0.11843527536778353, -130.22336547181857
-0.0943369286465181, 137.6234318001207
-0.0939630879455926, 130.27746202691358
-0.09284156584281256, 108.23955270729229
-0.11049834971734285, 84.50570066942913
-0.1101532659934108, 77.72480549416105
-0.0836872614996107, 51.92069075417953
-0.08893061697158089, 31.389407387587255
-0.08882996755209938, 29.411646294800732
-0.08114706186510823, 2.0057679362338945
-0.08729146928290277, -0.8198446949361369
-0.08045689441724413, -11.556022414302277
-0.08660130183503867, -14.381635045472308
-0.08648627392706132, -16.641933437228374
-0.08637124601908397, -18.902231828984384
-0.07942164324544798, -31.89870794010659
-0.08556605066324074, -34.72432057127662
-0.0854510227552634, -36.98461896303263
-0.08533599484728605, -39.24491735478864
-0.07838639207365183, -52.241393465910846
-0.0845307994914446, -55.06700609708088
-0.08443015007196486, -57.0447671898674
-0.10319407756077759, -59.02324720707878
-0.10307904965280024, -61.28354559883479
-0.10273396592886819, -68.06444077410288
-0.07740865485584258, -71.4539297958371
-0.10244639615892481, -73.71518675349296
-0.10233136825094746, -75.97548514524897
-0.08261846052132071, -92.64446686002486
-0.10138238801013344, -94.62294687723625
-0.08171261574599775, -110.44431669510357
-0.10003081009140047, -121.18145298036956
-0.08046168724674452, -135.0250617054504
-0.08024600991928565, -139.26312118999294
-0.07898070293153481, -164.12640349930928
-0.05801686670265127, 165.31352494798176
-0.05689534459987122, 143.27561562836047
-0.07466715638238242, 121.80206198225335
-0.05409153934292199, 88.18084232930727
-0.07285546683173827, 86.20236231209589
-0.053760834107487554, 81.68248445300867
-0.07251038310780622, 79.42146713682777
-0.052409256188752806, 55.1239783498753
-0.051431518970945334, 35.91144201994905
-0.070181067971264, 33.65042470376818
-0.049993670121226685, 7.657712122998703
-0.049878642213249336, 5.3974137312426365
-0.04941853058133994, -3.6437798357814586
-0.04930350267336259, -5.904078227537525
-0.04918847476538524, -8.164376619293535
-0.04849830731752114, -21.726166969829706
-0.04838327940954379, -23.986465361585715
-0.04826825150156644, -26.24676375334178
-0.04815322359358909, -28.50706214509779
-0.066327633054021, -42.06957142005882
-0.047319271260752416, -44.894225485329
-0.047204243352775066, -47.15452387708501
-0.047089215444797716, -49.41482226884108
-0.06385453303250621, -90.66598684281348
-0.062387927205794114, -119.48479133770286
-0.04309199564258215, -127.96019138236312
-0.03782946885261751, 139.32081236721228
-0.018677322174379896, 133.67078531224706
-0.03705303047376951, 124.06379822285908
-0.017440772163622498, 109.37257760086976
-0.035327611854109264, 90.15932234651865
-0.016189843664367487, 84.79183259052294
-0.008621965885353688, 59.64625262371209
-0.03365970718843592, 57.38499566605617
-0.013932420970311554, 40.433476652310844
-0.032681969970628444, 38.17245933612992
-0.012609600028572032, 14.440045147116507
-0.012494572120592906, 12.17974675536044
-0.012379544212615556, 9.919448363604431
-0.012034460488683507, 3.1385531883363456
-0.011919432580706157, 0.8782547965802792
-0.011804404672728808, -1.3820435951757304
-0.011344293040819409, -10.423237162199825
-0.011229265132842059, -12.683535553955892
-0.01111423722486471, -14.943833945711901
-0.01099920931688736, -17.20413233746791
-0.01088418140891001, -19.464430729223977
-0.010309041869023261, -30.765922688004082
-0.010194013961045911, -33.02622107976015
-0.010093364541566174, -35.00398217254667
-0.02882853505338545, -37.54753678769703
-0.0287135071454081, -39.80783517945309
-0.00843983836439044, -67.4957715540396
-0.02721814434170078, -69.19171427228144
-0.02629792107788198, -87.27410140632969
-0.026211650146899856, -88.96932520014673
-0.025262669906085833, -107.61678693213395
-0.024802558274176434, -116.6579804991581
-0.005060893567554459, -133.89203681187297
-0.004888351705588434, -137.28248439950698
-0.0036374232063334233, -161.86322940985383
0.0173695484880394, 166.72908714052872
0.018491070590819447, 144.69117782090743
0.01864923396428786, 141.5832675322429
0.0005898524118350679, 125.76045986552583
0.0022865140545018647, 92.42105858712438
0.021424282244243642, 87.05356883112867
0.022646453766503427, 63.03789841872083
0.023566677030322225, 44.95551128467258
0.023681704938299575, 42.69521289291657
0.030602550734940337, 30.263811379733397
0.024458143317147574, 27.438198748563366
0.024573171225124923, 25.177900356807356
0.024688199133102273, 22.91760196505129
0.024803227041079623, 20.65730357329528
0.024918254949056973, 18.39700518153927
0.025033282857034322, 16.136706789783204
0.03175282981471561, 7.660827462173131
0.02560842239692107, 4.8352148310031
0.03232796935460236, -3.6406644966070303
0.02618356193680782, -6.466277127777062
0.02629858984478517, -8.726575519533071
0.03324819261842116, -21.723051630655277
0.00821045131533893, -23.984308588311137
0.008325479223316279, -26.244606980067203
0.027333841016583094, -29.069261045337385
0.028038386952944805, -42.91358869484304
0.009303216441123752, -45.457143309993455
0.010223439704944326, -63.5395304440417
0.01030971063592645, -65.23475423785868
0.030094510808039487, -83.31642244748207
0.011344961807722598, -85.57743976366294
0.012380212979520522, -105.92012528946725
0.031647387565735485, -113.83045073618848
0.013386707174321444, -125.69773621733248
0.056608443596832814, 137.06410859758054
0.0382327352974432, 127.45712150819256
0.05796002151556756, 110.5056024944472
0.039843126009126095, 95.81294402360817
0.039929396940109996, 94.11772022979113
0.040188209733058144, 89.03204884834005
0.06014555176713898, 67.55993305108262
0.06026057967511633, 65.29963465932661
0.06047625700257342, 61.061575174784025
0.06106577503095778, 49.47754591703438
0.06118080293893513, 47.21724752527837
0.06152588666286718, 40.43635235001028
0.06164091457084453, 38.176053958254215
0.06175594247882188, 35.915755566498206
0.06187097038679923, 33.655457174742196
0.06290622155859715, 13.312771648937883
0.0630212494665745, 11.052473257181873
0.0634813610984839, 2.011279690157778
0.06359638900646125, -0.24901870159828832
0.04530695163805376, -11.551229584803252
0.06428655645432535, -13.81080905213446
0.06450223378178244, -18.04886853667699
0.04631344583285646, -31.328840512668535
0.06552310646508275, -38.10901676351176
0.04680231444175931, -40.93510867763166
0.06663025007936518, -59.864388784163566
0.04786632259055068, -61.84286880137495
0.06765112276266372, -79.92453701099834
0.050023095865126876, -104.2234636468005
0.06986540999122859, -123.43528105230189
0.07032552162313976, -132.47647461932598
0.07046930650811056, -135.30184760902102
0.07172023500736557, -159.88259261936787
0.09277034216722946, 167.86211203410616
0.10016567808427723, 146.10697965492932
0.075127936781195, 143.8457226972735
0.07587561818304778, 129.1537831508593
0.07745725191773722, 98.0746802642139
0.07780233564166927, 91.29378508894581
0.1039328420705381, 72.08220732491941
0.09778843465274356, 69.25659469374938
0.1046230095184022, 58.52041697438318
0.09847860210060766, 55.69480434321321
0.09859363000858501, 53.43450595145714
0.09870865791656236, 51.17420755970113
0.1053131769662663, 44.95862662384701
0.09916876954847353, 42.13301399267698
0.1060033444141304, 31.39683627331084
0.09985893699633763, 28.571223642140808
0.09997396490431498, 26.3109252503848
0.10008899281229233, 24.05062685862879
0.10020402072026968, 21.790328466872722
0.10031904862824703, 19.530030075116713
0.10043407653622438, 17.269731683360703
0.10054910444420173, 15.009433291604637
0.10715362349390567, 8.793852355750573
0.10100921607611113, 5.968239724580542
0.10112424398408848, 3.7079413328244755
0.10141181375403185, -1.9428046465655484
0.08269102173071019, -4.768896560685448
0.10169938352397523, -7.593550625955629
0.08326616127059694, -16.07038851946561
0.10282090562675528, -29.63145994557692
0.08424389848840441, -35.28292484939186
0.08539417756817969, -57.885908766952184
0.10522211320578378, -76.81518887348403
0.087637221773738, -101.96172740619477
0.1069331533369482, -110.43712745085497
0.11308714641373818, 139.32656376261116
0.11351850106865413, 130.85044479352604
0.13336081519475762, 111.63862738802464
0.11501386387235968, 101.46656570069766
0.11510013480334358, 99.77134190688065
0.1154164615502804, 93.55552132955157
0.13508623381441964, 77.73415151168422
0.135201261722397, 75.47385311992818
0.1356613733543064, 66.43265955290406
0.13577640126228374, 64.17236116114799
0.1358914291702611, 61.91206276939198
0.1365815966181252, 48.35027241885581
0.1370417082500346, 39.30907885183166
0.13715673615801194, 37.04878046007565
0.1372717640659893, 34.78848206831964
0.13842204314576456, 12.185498150759315
0.1201326057773553, 0.8832872675542944
0.12070774531724204, -10.41820469122581
0.12079401624822417, -12.113428485042846
0.14660819593015617, -25.109185671740192
0.1404637885123634, -27.934798302910167
0.12180051044302687, -31.89103941290813
0.12188678137401077, -33.58626320672511
0.12295078952280036, -54.494023330468394
0.12303706045378426, -56.18924712428543
0.1490141963386833, -72.38709369930376
0.12398604069459829, -74.83670885627265
0.1440871676136517, -99.13419764322515
0.14520868971642997, -121.17210696284639
0.14575507227932327, -131.90852432368757
0.1270055232790046, -134.16954163986844
0.14710665019805802, -158.46703042682088
0.16817113584641952, 168.99513692768363
0.17552812912747484, 147.99343734575876
0.1504712165063964, 146.10889678672896
0.1507300292993463, 141.0232254052779
0.16999720388556128, 133.11289995855665
0.17142067424678054, 105.1417073605758
0.1526567467579678, 103.16322734336441
0.1530305874588933, 95.81725757015732
0.17887352411781876, 82.25642578552092
0.17272911670002422, 79.43081315435094
0.17933363574972816, 73.21523221849685
0.17318922833193362, 70.38961958732682
0.17330425623991097, 68.12932119557075
0.18002380319759226, 59.65344186796068
0.17387939577979772, 56.82782923679065
0.17399442368777507, 54.56753084503458
0.17410945159575242, 52.30723245327857
0.17422447950372977, 50.04693406152256
0.18071397064545636, 46.09165151742451
0.1745695632276636, 43.26603888625448
0.17468459113564094, 41.00574049449841
0.18140413809332046, 32.52986116688828
0.1752597306755277, 29.70424853571825
0.17537475858350504, 27.44395014396224
0.1754897864914824, 25.18365175220623
0.17560481439945974, 22.923353360450164
0.1757198423074371, 20.663054968694155
0.17583487021541444, 18.402756576938145
0.1759498981233918, 16.14245818518208
0.17606492603136914, 13.88215979342607
0.18254483151409673, 10.115235448641045
0.1575166758700135, 7.665620291672155
0.15763170377799085, 5.405321899916089
0.17659693010576483, 3.428279731554426
0.1768701213872106, -1.9399289488661111
0.15814932936388892, -4.766020862986011
0.15826435727186627, -7.026319254742077
0.1778766155820133, -21.717539876731394
0.159443393328635, -30.194377770241374
0.17934322140872538, -50.53634437162077
0.1605936724084085, -52.79736168780164
0.18026344467254418, -68.61873150566902
0.1633830991768601, -107.60959768788535
0.1883729121849509, 142.71988704794464
0.2087616088739459, 112.77165228160212
0.19018460173559504, 107.12018737778718
0.19064471336750444, 98.07899381076305
0.21643013607244121, 85.64831122200468
0.2168902477043524, 76.60711765498058
0.21746538724423914, 65.30562569620048
0.21132097982644282, 62.48001306503045
0.21884572213996734, 38.18204499512808
0.2127013147221728, 35.35643236395805
0.19559091341053403, 0.8861629652537317
0.22166390588541418, -17.195265602894608
0.21551949846761786, -20.02087823406464
0.19685622039828488, -23.977119344062544
0.19694249132926878, -25.67234313787958
0.21691421185184545, -47.426996234106525
0.21782005662716664, -65.22684606918523
0.20056587043055707, -96.8717424781945
0.21983304501677203, -104.78206792491574
0.20168739253333534, -118.9096517978158
0.22098332409654553, -127.38505184247606
0.2211127304930205, -129.9278875332016
0.22253620085423975, -157.89908013118247
0.24357192952560958, 170.12816182126107
0.2508714088526762, 150.25661143521424
0.22581449623159777, 148.37207087618444
0.24485161500185804, 144.98234221297525
0.22656217763345055, 133.68013132977023
0.22774121369021927, 110.51207281427094
0.22782748462120317, 108.81684902045393
0.2534116084871769, 100.3416886172686
0.25375669221110897, 93.56079344200052
0.2476122847933162, 90.73518081083054
0.24772731270129356, 88.4748824190745
0.2543318317509975, 82.25930148322036
0.24818742433320296, 79.43368885205038
0.2547919433829069, 73.21810791619629
0.24864753596511235, 70.39249528502626
0.2487625638730897, 68.13219689327019
0.255482110830771, 59.65631756566012
0.24933770341297645, 56.830704934490086
0.2494527313209538, 54.57040654273402
0.24955338074043532, 52.5926454499475
0.2307894532516208, 50.614165432736115
0.2497690580678924, 48.354585965404965
0.24988408597586975, 46.094287573648955
0.2499991138838471, 43.83398918189289
0.25011414179182445, 41.57369079013688
0.2317096765154396, 32.53177829868787
0.23182470442341696, 30.27147990693186
0.2319397323313943, 28.01118151517585
0.2509193371476659, 25.751602047844642
0.2574950992203746, 20.101095709929552
0.25135069180258185, 17.275483078759578
0.2514657197105592, 15.015184687003511
0.23265865675625363, 13.884316566700647
0.2516382615725252, 11.624737099369497
0.23291746954920356, 8.798645185249597
0.2330324974571809, 6.538346793493531
0.23311876838816303, 4.843122999676552
0.25922051784003663, -13.803380166410875
0.234499103283893, -22.280457701395846
0.23567813934065995, -45.44851621689514
0.23654084865049185, -62.40075415506533
0.23820875331616342, -95.17508083552775
0.23933027541894347, -117.21299015514904
0.25853993605116976, -123.99316640599227
0.28321342231232194, 132.55213890716678
0.28414802406463835, 114.18721447414904
0.2653840965758256, 112.20873445693766
0.28468002813903404, 103.7333344122774
0.2850251118629661, 96.95243923700932
0.28560025140285283, 85.65094727822915
0.286060363034764, 76.60975371120506
0.28663550257465076, 65.30826175242493
0.2867361519941305, 63.330500659638346
0.26909374660809604, 39.31411132280567
0.2692087745160734, 37.05381293104966
0.26932380242405074, 34.79351453929365
0.28876351887223173, 23.49274150493835
0.29048893749189375, -10.411734371402076
0.27196944430753156, -17.19334847109502
0.2732347512952824, -42.05663078041135
0.2733210222262663, -43.75185457422839
0.2740974606051143, -59.008868718581596
0.27418373153609643, -60.70409251239863
0.29465869915607534, -92.34755107255819
0.27628299085668395, -101.95453816194618
0.27697315830454805, -115.51632851248235
0.29652790266070816, -129.07739993859366
0.29796575151042504, -157.331129835544
0.31897272320479964, 171.2611867148385
0.31992170344561366, 152.61372498285127
0.3013303178187634, 147.24479737800584
0.32177652846174887, 116.16641341578529
0.3283522905344576, 110.51590707787017
0.3222078831166648, 107.69029444670016
0.32232291102464217, 105.42999605494416
0.328812402166367, 101.47471351084604
0.3226679947485742, 98.64910087967604
0.32915748589029903, 94.69381833557796
0.32301307847250627, 91.86820570440796
0.3231281063804836, 89.60790731265195
0.32324313428846096, 87.34760892089591
0.32973262543018755, 83.39232637679783
0.323588218012393, 80.56671374562782
0.32370324592037036, 78.30641535387178
0.33019273706209695, 74.35113280977373
0.30515499575901295, 72.08987585211787
0.3241346005752863, 69.83029638478666
0.32424962848326366, 67.56999799303065
0.32470974011517306, 58.5288044260065
0.3248247680231504, 56.26850603425049
0.32493979593112776, 54.00820764249448
0.3250404453506075, 52.03044654970796
0.30630527483878645, 49.48689193455755
0.3064203027467638, 47.22659354280154
0.30653533065474114, 44.96629515104547
0.30662160158572505, 43.27107135722849
0.3323207533596779, 32.535612562287156
0.32617634594188516, 29.709999931117125
0.3262769953613649, 27.732238838330602
0.3075130678725486, 25.75375882111922
0.3077431236885033, 21.2331620376072
0.3078293946194872, 19.537938243790165
0.33427622779529464, -5.8894600975653475
0.3281318203775001, -8.715072728735322
0.30946854230816534, -12.671313838733283
0.30955481323914746, -14.366537632550262
0.32962718318120743, -38.09895182156373
0.31087763418088876, -40.3599691377446
0.3304323785370489, -53.92104056385597
0.31171158651372366, -56.74713247797581
0.3138971167652951, -99.69280192134039
0.3334518611214552, -113.2538733474517
0.3150473958450686, -122.29578583890071
0.35780902063567055, 149.50725254303643
0.33966336815223563, 135.3796686701364
0.35927562646238265, 120.68844804814705
0.35939065437036, 118.42814965639104
0.3596207101863147, 113.90755287287897
0.36838200251059483, 65.31137709159935
0.36222321660430445, 62.76830175939881
0.34345928911548995, 60.78982174218743
0.369762337406323, 38.187796390526955
0.3447245961032408, 35.926539432871095
0.36554464744715176, -2.4978143025565487
0.3483479752045291, -35.27285990744383
0.36798899049167133, -50.52915512737218
0.35110864499598726, -89.52002130958857
0.3703614410937046, -97.14780945734032
0.3526902787306767, -120.59912419623396
0.3719286963398982, -127.94437504501622
0.37339530216660854, -156.7631795399056
0.39438789537248553, 172.11167430944644
0.3952793616593109, 154.59436177333723
0.4024302632719081, 137.64236347664198
0.3965446686470617, 129.7310794640209
0.3966596965550391, 127.47078107226486
0.3967747244630164, 125.21048268050885
0.3968897523709938, 122.95018428875281
0.3972348360949258, 116.16928911348472
0.3974648919108805, 111.64869232997265
0.3975799198188579, 109.38839393821664
0.3976949477268352, 107.1280955464606
0.3978099756348126, 104.86779715470456
0.3979250035427899, 102.60749876294855
0.3980400314507673, 100.34720037119251
0.3981550593587446, 98.08690197943648
0.398270087266722, 95.82660358768047
0.3983851151746993, 93.56630519592443
0.39850014308267667, 91.30600680416839
0.398615170990654, 89.04570841241235
0.39873019889863137, 86.78541002065634
0.3988452268066105, 84.5251116289003
0.39896025471458785, 82.26481323714427
0.3990752826225652, 80.00451484538826
0.39919031053054255, 77.74421645363222
0.3993053384385199, 75.48391806187618
0.39942036634649725, 73.22361967012017
0.399521015765977, 71.24585857733365
0.3807858452541577, 68.70230396218324
0.40708889354499256, 46.10027861052282
0.4009301076387004, 43.55720327832228
0.3821661801498859, 41.578723261110895
0.40304374544778554, 2.024220329805246
0.4031587733557629, -0.23607806195082048
0.38452425226342335, -4.757393769887699
0.3859621011131402, -33.0111236668381
0.4055456024462938, -47.13726969088839
0.3887227709045984, -87.25828506898279
0.40797556700231574, -94.88607321673453
0.3899593209153558, -111.55649278036009
0.4091689815475821, -118.33666903120337
0.4331235433838785, 152.3355012304309
0.43369868292376523, 141.03400927165077
0.4340437666476973, 134.25311409638266
0.43415879455567463, 131.99281570462665
0.4347339340955614, 120.69132374584649
0.43484896200353873, 118.43102535409048
0.43507901781949343, 113.9104285705784
0.4444154496836603, 54.01276083051863
0.43825666377736994, 51.469685498318086
0.41949273628855543, 49.491205481106704
0.4405428434484211, 6.546254962166984
0.44065787135639845, 4.285956570410974
0.4235762270217531, -30.749387426232317
0.443102214400918, -43.745384254404655
0.4263368968132113, -84.99654882837706
0.4455753144224328, -92.34179967715932
0.44643802373226293, -109.2940376153295
0.44730073304209306, -126.24627555349974
0.44882485282279383, -156.19522924426713
0.4697886890516756, 173.2446992030239
0.4517868214532115, 156.2917423404288
0.4709677251084443, 150.0766406875246
0.47108275301642166, 147.81634229576858
0.471197780924399, 145.55604390401254
0.47131280883237636, 143.2957455122565
0.47154286464833106, 138.77514872874445
0.4716578925563084, 136.51485033698842
0.47200297628024046, 129.73395516172033
0.4721180041882178, 127.4736567699643
0.47223303209619516, 125.21335837820828
0.4723480600041725, 122.95305998645225
0.47269314372810456, 116.17216481118416
0.47292319954405926, 111.65156802767208
0.4730382274520366, 109.39126963591607
0.47315325536001396, 107.13097124416004
0.4732682832679913, 104.870672852404
0.47338331117596866, 102.61037446064799
0.473498339083946, 100.35007606889195
0.47361336699192336, 98.08977767713591
0.4737283948999007, 95.8294792853799
0.47384342280787806, 93.56918089362387
0.47394407222735957, 91.59141980083734
0.4552089017155385, 89.04786518568693
0.45532392962351587, 86.78756679393092
0.455438957531495, 84.52726840217488
0.45555398543947234, 82.26697001041885
0.48174200582232807, 61.92524305051444
0.47559759840453353, 59.09963041934441
0.4568192924272232, 57.40368770110251
0.48421510584384286, 13.328827627759779
0.4780706984260483, 10.503214996589747
0.4781857263340257, 8.242916604833738
0.47996865890767637, -26.791708467384694
0.4612191099073595, -29.05272578356562
0.48065882635554047, -40.353498817920865
0.4639510227218224, -82.73481258777133
0.48448350429578824, -115.5084203438089
0.5145824735498756, 157.9893625489954
0.5084812015975757, 154.31613802091687
0.5091569905569422, 141.0368849693502
0.5095020742808742, 134.2559897940821
0.5096171021888516, 131.9956914023261
0.5101922417287383, 120.69419944354593
0.5103072696367192, 118.43390105178992
0.5105373254526739, 113.91330426827784
0.5126653417502531, 72.09778402079132
0.5127803696582305, 69.83748562903526
0.5128953975662078, 67.57718723727925
0.5129960469856911, 65.59942614449272
0.515354119099225, 19.26330911349413
0.5155122824726952, 16.155398824829547
0.49868945093099804, -23.965616553264795
0.5182154383101647, -36.96161338143713
0.5203578330962451, -79.0596709278932
0.501593905607427, -81.03815094510458
0.502025260262343, -89.5142699141897
0.5217525464804709, -106.46578892793502
0.522715905209779, -125.39578795889179
0.5241681325479952, -153.93205515481168
0.5452038612193597, 174.09518679763184
0.5521390855045034, 161.38124798547915
0.5525991971364128, 152.34005441845503
0.5464547897186165, 149.51444178728502
0.5465698176265938, 147.254143395529
0.5466848455345712, 144.99384500377298
0.5467998734425485, 142.73354661201694
0.5532893645842769, 138.77826406791885
0.5471449571664806, 135.95265143674885
0.5537494762161863, 129.73707050089473
0.54760506879839, 126.91145786972473
0.5477200967063673, 124.65115947796869
0.5478351246143447, 122.39086108621268
0.5544396436640504, 116.17528015035856
0.5546696994800051, 111.65468336684648
0.5296319581769211, 109.39342640919065
0.5297469860848985, 107.13312801743461
0.5298620139928758, 104.87282962567858
0.5299770419008532, 102.61253123392257
0.5562225762377011, 81.1406550781401
0.5500781688199048, 78.3150424469701
0.5501931967278821, 76.05474405521406
0.5502938461473619, 74.07698296242756
0.5528388386113612, 24.067881044825413
0.5530113804733254, 20.67743345719134
0.5345206442659602, 13.330744759559366
0.5550962613054189, -20.290474893386715
0.5363323338166062, -22.268954910598097
0.5557720502647854, -33.56972794495334
0.5391217605850578, -77.08119091068181
0.558432070636762, -85.83912825431156
0.5396681431479493, -87.81760827152294
0.5409909640896906, -113.81103977671728
0.5896956974591241, 164.7731334219629
0.5900407811830561, 157.99223824669482
0.5838963737652634, 155.16662561552482
0.591306088170807, 133.1289559373785
0.5668434864076133, 119.5662070209425
0.5934341044683897, 91.31343568989195
0.587289697050597, 88.48782305872194
0.5874047249585743, 86.22752466696593
0.5875197528665517, 83.9672262752099
0.5902804226580081, 29.720064873065155
0.5715596306346846, 26.893972958945312
0.572019742266594, 17.85277939192116
0.5721060131975761, 16.157555598104125
0.5925809808175586, -15.485902962055434
0.5738601887942316, -18.311994876175277
0.5955717064249697, -74.2536611477122
0.5771959981255783, -83.86064823710018
0.5782312492973745, -104.20333376290444
0.5974696669065978, -111.54858461168664
0.598116698888969, -124.26276306531435
0.5995114122731948, -151.66888106535617
0.6206190333870509, 174.9456743922398
0.6207340612950283, 172.68537600048376
0.6208490892030056, 170.42507760872775
0.620964117110983, 168.1647792169717
0.621309200834915, 161.38388404170362
0.6217693124668244, 152.3426904746795
0.6218843403748018, 150.08239208292346
0.6219993682827791, 147.82209369116745
0.6221143961907565, 145.56179529941141
0.6222294240987338, 143.30149690765538
0.6223444520067112, 141.04119851589937
0.6224594799146885, 138.78090012414333
0.6225745078226659, 136.5206017323873
0.6292077838493633, 129.73994619859417
0.6230633764315705, 126.91433356742417
0.6042850704542566, 125.2183908491823
0.604400098362234, 122.95809245742626
0.6236385159714573, 115.61284160864403
0.6238110578334215, 112.22239402100999
0.6306456326990819, 101.4862163016438
0.6245012252812856, 98.66060367047379
0.624616253189263, 96.40030527871778
0.6247312810972403, 94.14000688696174
0.6064993576828215, 81.70764680787872
0.6090012146813315, 32.546156787185055
0.6282396322905512, 25.200905938402855
0.6095188402672278, 22.374814024282955
0.6096051111982099, 20.67959023046592
0.6113017728408785, -12.659811047935534
0.6123082670356794, -32.43742197580076
0.633142696868088, -71.14431301019789
0.6146950961262121, -79.33861360473838
0.6148101240341894, -81.5989119964944
0.6347099521142816, -101.94087859787385
0.6642912957824727, 181.72824705783256
0.6581468883646764, 178.90263442666256
0.6582619162726537, 176.64233603490655
0.6650964911383141, 165.90615831554035
0.6589520837205178, 163.08054568437035
0.6654415748622462, 159.12526314027227
0.6592971674444499, 156.29965050910226
0.6594121953524308, 154.03935211734625
0.666706881849997, 134.26198083095593
0.6675120772058385, 118.43989208866375
0.6679721888377479, 109.39869852163963
0.6618277814199551, 106.57308589046963
0.6619428093279325, 104.31278749871359
0.6437396428905089, 91.31535282169156
0.6465003126819688, 37.06819141954685
0.6654799174982386, 34.8086119522157
0.6656955948256957, 30.57055246767311
0.6469604243138782, 28.026997852522754
0.6676510692613107, -7.854520192179393
0.6489158987494932, -10.398074807329749
0.6499511499212893, -30.740760333134006
0.6519066243569043, -69.16583299298651
0.6709868785926538, -73.40317355310424
0.6522517080808363, -75.9467281682546
0.652337979011822, -77.64195196207163
0.6727841896548021, -108.72033592429221
0.6735031140796615, -122.84720087276736
0.6748546919983944, -149.40570697590073
0.7015028240131613, 191.9010276695844
0.6953584165953686, 189.07541503841443
0.6954734445033459, 186.8151166466584
0.6955884724113233, 184.55481825490236
0.7024230472769801, 173.8186405355362
0.6962786398591874, 170.9930279043662
0.6963936677671647, 168.73272951261015
0.7035733263567536, 151.2156566179759
0.6974145404504632, 148.67258128577538
0.6786506129616505, 146.694101268564
0.6976589747549156, 143.86944720329382
0.6977740026628929, 141.6091488115378
0.6978890305708703, 139.34885041978177
0.6980040584788476, 137.08855202802573
0.7046085775285498, 130.8729710921716
0.7049536612524818, 124.09207591690353
0.6988092538346891, 121.26646328573352
0.7054137728843948, 115.0508823498794
0.6992693654665985, 112.22526971870943
0.6809511711212011, 101.48813343344341
0.6810374420521832, 99.7929096396264
0.6839994106826026, 41.590226051908644
0.7029790154988724, 39.33064658457744
0.684459522314512, 32.54903248488449
0.6862999688421496, -3.615741783211945
0.686414996750127, -5.876040174968011
0.6875077618759136, -27.348874896650273
0.6875940328068957, -29.044098690467308
0.6895207502655154, -66.90409675238078
0.708601004501265, -71.14143731249845
0.6911886549311888, -99.6784234328432
0.7326562157570429, 197.55297185634925
0.7327712436650202, 195.2926734645932
0.7334614111128879, 181.73088311405704
0.7335764390208652, 179.47058472230103
0.7336914669288426, 177.210286330545
0.734295363445721, 165.34371977382582
0.7344103913536983, 163.0834213820698
0.7345254192616757, 160.82312299031378
0.734640447169653, 158.56282459855774
0.7348129890316208, 155.1723770109237
0.7421651894831776, 134.26485652865537
0.7425102732071096, 127.48396135338729
0.7178176156279577, 118.44180922046337
0.7182489702828718, 109.96569025137825
0.7466512778942977, 46.11321925017023
0.7405068704765014, 43.28760661900026
0.7219586203151458, 37.07106711724629
0.7220448912461279, 35.37584332342925
0.7239140947507607, -1.3540055426062167
0.7438426798078481, -22.261046741924645
0.7251218877845247, -25.087138656044544
0.745927560639938, -63.228955092502645
0.7271636331511218, -65.20743510971403
0.7273649319900812, -69.16295729528707
0.7288315378167951, -97.98176179017645
0.7292916494487045, -107.0229553572006
0.7488895292703575, -121.43163868022043
0.7502123502120952, -147.42507018541477
0.7769036176923514, 193.03405256316188
0.7707592102745586, 190.20843993199188
0.770874238182536, 187.94814154023584
0.7709892660905133, 185.6878431484798
0.7711042939984907, 183.4275447567238
0.7778238409561737, 174.95166542911363
0.7716794335383774, 172.12605279794363
0.7717944614463548, 169.86575440618762
0.7719094893543321, 167.60545601443158
0.7789741200359472, 152.34868151155334
0.7729734975031235, 146.6976958906883
0.7730885254111008, 144.43739749893228
0.7732035533190782, 142.17709910717625
0.7733185812270555, 139.9168007154202
0.7734336091350329, 137.6565023236642
0.773778692858965, 130.87560714839609
0.755259199674601, 124.09399304870314
0.7553742275825783, 121.83369465694713
0.7778046696381757, 51.76516343693504
0.7779196975461531, 49.50486504517903
0.7595152322697665, 40.46295255373008
0.7614707067053814, 2.037879893877573
0.7615569776363671, 0.3426561000605375
0.762563471831168, -19.434954827804745
0.7646914881287508, -61.25047507529126
0.7649790578986924, -66.90122105468134
0.7853102406337023, -95.71930662514586
0.7669345323343109, -105.32629371453385
0.807798196643283, 203.77166813137777
0.7890774046199596, 200.94557621725787
0.7891924325279369, 198.68527782550186
0.7893074604359143, 196.42497943374582
0.8152654250028171, 180.60384925735343
0.8091210175850243, 177.77823662618343
0.8160706203586585, 164.78176051506122
0.8099262129408658, 161.95614788389122
0.8100412408488431, 159.69584949213518
0.8101562687568205, 157.43555110037917
0.8102712966647978, 155.17525270862313
0.8168758157145, 148.959671772769
0.7924132139513027, 135.39692285633302
0.7925282418592801, 133.13662446457698
0.8153037676388095, 56.287198069296835
0.8154187955467869, 54.026899677540825
0.7968993023624229, 47.24528557784788
0.796985573293405, 45.550061784030845
0.7989698047060152, 6.559914526239311
0.7990848326139925, 4.299616134483301
0.8188552542976133, -13.499514776170543
0.8001200837857887, -16.043069391320955
0.8002063547167744, -17.73829318513799
0.8210982985031698, -57.57533341541313
0.8023343710143571, -59.55381343262451
0.8025931838073035, -64.63948481407562
0.8045774152199137, -103.62963207186709
0.8243047014380416, -120.58115108561248
0.82558438691429, -145.7269706938983
0.8451247527819525, 211.6841503513736
0.8264039607586291, 208.8580584372537
0.8265189886666064, 206.59776004549767
0.8459874620917809, 194.73191241320336
0.827266670068461, 191.90582049908346
0.846275031861726, 189.0811664338133
0.8274679689074205, 187.95029831351042
0.8469939562865854, 174.9543014853381
0.8471089841945627, 172.69400309358207
0.8472240121025401, 170.43370470182606
0.8473390400105174, 168.17340631007002
0.8481442353663589, 152.3513175677778
0.8484893190902909, 145.57042239250973
0.8485899685097706, 143.5926612997232
0.8298547979979531, 141.04910668457282
0.8299698259059305, 138.78880829281678
0.8300560968369126, 137.09358449899975
0.8589760300342313, 63.06977073488957
0.8528172441279409, 60.52669540268914
0.8340533166391282, 58.548215385477704
0.8364689027066525, 11.081949158601105
0.8365839306146299, 8.821650766845096
0.8375041538784487, -9.260736367203151
0.837619181786426, -11.52103475895916
0.8398622259919861, -55.596853398201745
0.8402073097159182, -62.37774857346983
0.8605960064049114, -92.32598333981241
0.8610561180368208, -101.3671769068365
0.8825807153170935, 217.05379688064386
0.863845544805276, 214.5102422654935
0.8896309675102074, 202.07955967673516
0.8834865600924147, 199.25394704556516
0.883601588000392, 196.99364865380912
0.8904361628660524, 186.25747093444295
0.8842917554482561, 183.43185830327295
0.8844067833562335, 181.1715599115169
0.8845218112642108, 178.91126151976087
0.8846368391721882, 176.65096312800486
0.8914714140378486, 165.91478540863866
0.8853270066200523, 163.08917277746866
0.8854420345280296, 160.82887438571265
0.885557062436007, 158.5685759939566
0.8856720903439843, 156.30827760220058
0.8857871182519652, 154.04797921044457
0.89227660939369, 150.09269666634646
0.8672388680906096, 147.83143970869062
0.8964176140808746, 68.72195456312937
0.8713798727777942, 66.46069760547357
0.8739680007072863, 15.6039837909629
0.8740830286152637, 13.343685399206834
0.8749457379250956, -3.6085525389633517
0.8750607658330729, -5.868850930719418
0.875147036764055, -7.564074724536397
0.8774188379466104, -52.20496796171801
0.8775051088775925, -53.90019175553505
0.8778214356245293, -60.1160123328641
0.8997630090712185, -120.57827538791304
0.9009420451279873, -143.74633390341234
0.9011145869899551, 223.55287368136732
0.9012296148979324, 221.2925752896113
0.9013446428059098, 219.03227689785527
0.9269575236488805, 209.99204189673097
0.9208131162310877, 207.16642926556096
0.9209281441390651, 204.90613087380495
0.9277531333457247, 194.35831135375176
0.9216039330984316, 191.62687782223827
0.9217333394949065, 189.08404213151275
0.9036452009654568, 173.82630906273468
0.9226104272932325, 171.84926689437302
0.9227398336897075, 169.30643120364746
0.9274559779167824, 76.63419714165028
0.9275566273362621, 74.65643604886372
0.908821456824441, 72.11288143371337
0.9114670987079201, 20.126018423324638
0.9115821266158974, 17.865720031568628
0.9125023498797162, -0.21666710247961873
0.9125886208107019, -1.9118908962965975
0.9150329638552215, -49.94323172111223
0.9154355615331404, -57.854276092258374
0.9358817721761277, -88.9326600544789
0.917534820853728, -99.10472174180592
0.9574207479448944, 229.20577643403197
0.9575357758528718, 226.94547804227597
0.9576364252723515, 224.96771694948941
0.9581109153927585, 215.6439860834958
0.9582259433007358, 213.38368769173977
0.9588298398176178, 201.5171211350206
0.9589448677255952, 199.2568227432646
0.9590598956335725, 196.99652435150855
0.9407417012881716, 186.25938806624256
0.9408567291961489, 183.99908967448653
0.9409717571041263, 181.7387912827305
0.959936983431902, 179.76174911436883
0.941201812920081, 177.21819449921844
0.9605696369257757, 167.33010795971066
0.9418344664139546, 164.78655334456028
0.9672748053949611, 159.13676593107002
0.9611303979771648, 156.3111532999
0.9423520919998545, 154.61521058165815
0.9424671199078318, 152.3549121899021
0.9646099921934841, 87.93712694928013
0.9647250201014614, 85.67682855752409
0.9648400480094388, 83.41653016576808
0.9649406974289185, 81.43876907298156
0.9462055269170975, 78.89521445783114
0.9677588811743654, 26.06145847495884
0.9490237106625443, 23.517903859808428
0.9491099815935264, 21.822680065991392
0.9500589618343405, 3.175218334004171
0.9501452327653226, 1.4799945401871355
0.9715116666721286, -47.68077655608164
0.9530496874417516, -55.59253985165259
0.9551777037393343, -97.40806009913916
0.975221316704399, -120.5753996902136
0.9762853248531904, -141.4831598139569
0.9766304085771189, 222.42560018318875
0.9956100133933923, 220.16602071585757
0.9957250413013696, 217.90572232410153
0.9960701250253017, 211.12482714883345
0.996185152933279, 208.86452875707744
0.9963001808412564, 206.6042303653214
0.9964152087492337, 204.34393197356536
0.9780682574268376, 194.17187028623837
0.9781832853348149, 191.91157189448234
0.9782983132427923, 189.65127350272633
0.9979537070184321, 174.11244098382846
0.9980831134149071, 171.56960529310294
0.9981981413228844, 169.3093069013469
0.9985432250468165, 162.52841172607882
1.0017640064701858, 99.24005675691001
1.0018790343781632, 96.97975836515397
1.0019940622861405, 94.71945997339793
1.0021090901941179, 92.4591615816419
1.0022241181020952, 90.19886318988588
0.9865228086631781, 28.039938492170222
0.9875580598349742, 7.697252966365966
0.9876730877429516, 5.436954574609899
1.0094564978161742, -51.91739819177445
0.9906925703273579, -53.89587820898589
0.992331718016036, -86.10513029150928
1.0116276495792462, -94.58053033616955
1.014704646117643, 215.64614285677038
1.0148196740256203, 213.38584446501434
1.015394813565507, 202.0843525062342
1.0154810844964928, 200.38912871241718
1.0416307622433543, 180.80083454976474
1.016602606599271, 178.35121939279588
1.035610968392536, 175.5265653275257
1.0423305153502156, 167.05068599991557
1.0172927740471351, 164.7894290422597
1.0363730282828847, 160.552088482142
1.017609100794072, 158.57360846493063
1.0453212409576302, 108.28292781425878
1.039176833539834, 105.45731518308881
1.0392918614478113, 103.19701679133277
1.0394068893557886, 100.93671839957673
1.0428577265951127, 33.12776664689585
1.0241369345717928, 30.30167473277595
1.0251146717895985, 11.089138402849699
1.0252009427205842, 9.393914609032663
1.0468980818628175, -46.26521436353471
1.0282204253049905, -49.93891817456307
1.048781663855948, -83.27760052853966
1.0506508673605808, -120.00744939457513
1.05162860457839, -139.21998572450138
1.0520312022563125, 223.5586250767662
1.0521462301642899, 221.29832668501018
1.072937524531202, 183.43904754752154
1.0797625137378617, 172.89122802746834
1.0736276919790662, 169.87725719698537
1.0739871541914958, 162.81382472274777
1.0763596047935309, 116.19517039277966
1.0764746327015082, 113.93487200102362
1.0765896606094856, 111.67457360926758
1.061578518618436, 35.95385856101575
1.0626137697902323, 15.611173035211493
1.0627287976982096, 13.350874643455427
1.0845265862599263, -44.28601542189847
1.0658633081905933, -48.24225653189637
1.0680775954191581, -91.75300057319993
1.1083229847227543, 229.49406512840034
1.0895878142109332, 226.95051051324998
1.110321594623862, 190.22138057163934
1.0916008026005386, 187.39528865751944
1.0916870735315207, 185.7000648637024
1.1172136834435094, 178.35505365639514
1.0921759421404253, 176.09379669873928
1.1114862521921332, 167.33585935510953
1.1116012801001105, 165.07556096335352
1.1199168392809788, 125.23804145012846
1.113772431863186, 122.41242881895846
1.1138874597711634, 120.15213042720242
1.1140024876791408, 117.89183203544638
1.095569265425759, 109.41499414193643
1.1178703010848814, 41.889298612649895
1.0991351305730603, 39.34574399749948
1.0992214015040425, 37.650520203682504
1.11889117376818, 21.829150385815126
1.1001703817448565, 19.003058471695226
1.1002566526758386, 17.307834677878247
1.128419318812309, -41.83568134050472
1.1034774340992044, -45.98052029129059
1.1052316096958599, -80.45007076557005
1.1056342073737824, -88.36111513671614
1.1057204783047645, -90.05633893053317
1.125994147085784, -117.74427530511969
1.1269718843035932, -136.95681163504594
1.127086912211567, 231.47254514561172
1.147763178670509, 195.87356439987914
1.129042386647182, 193.04747248575924
1.148367075187391, 184.00699784315998
1.1296175261870722, 181.74598052697908
1.1551728930760525, 173.8358947217328
1.1490284856582598, 171.0102820905628
1.1302214227039507, 169.87941397025995
1.1509552031168795, 133.1502840286493
1.1510702310248568, 130.88998563689327
1.1511852589328342, 128.62968724513726
1.1329820924954106, 115.63225256811523
1.1553550205970176, 46.69387054398118
1.1366342285736941, 43.86777862986128
1.1563327578148233, 27.481334214054925
1.1376119657914998, 24.655242299935026
1.1659759307669297, -38.44379590402099
1.142845735604471, -78.18833452496432
1.143190819328403, -84.9692297002324
1.1432770902593887, -86.66445349404944
1.1647010381201781, 233.7342813862175
1.1663689427858515, 200.95995470575505
1.1664839706938288, 198.69965631399904
1.185851794699527, 188.81156977449126
1.1860099580729937, 185.7036594858267
1.1863981772624186, 178.07515241365013
1.1869014243598208, 168.1863469497175
1.168123118382507, 166.4904042314756
1.1943974096963466, 144.45345347775415
1.1693596683932626, 142.1921965200983
1.188339273209536, 139.9326170527671
1.1884543011175133, 137.6723186610111
1.1885693290254906, 135.41202026925507
1.170164863749104, 126.37010777780608
1.1702798916570814, 124.10980938605005
1.1989889403564469, 54.22987600682592
1.17396078471236, 51.780260849857086
1.1740758126203374, 49.51996245810108
1.1938893697694475, 30.873219650538715
1.1971389081698085, -32.98020991656915
1.1972395575892882, -34.957971009355674
1.1992956814443865, -75.3608047619947
1.1808049452370142, -82.70749345962668
1.2013805622764764, -116.3287131125727
1.2023151640287928, -134.6936375455905
1.22115098396009, 236.56181114918712
1.2227182392062836, 205.7652455615112
1.2039830686944661, 203.2216909463608
1.2045006942803624, 193.05034818345868
1.2046157221883398, 190.79004979170264
1.2242279804984868, 176.0988291697133
1.2055359454521621, 172.7076626576544
1.2056222163831443, 171.0124388638374
1.2316089379270387, 154.626234089506
1.225464530509246, 151.800621458336
1.2255795584172233, 149.54032306657996
1.2256945863252007, 147.28002467482395
1.207548933841764, 133.1524408019239
1.2076352047727497, 131.45721700810688
1.2111723129430523, 61.95304146160896
1.2112873408510296, 59.69274306985295
1.211402368759007, 57.432444678096886
1.212610161792771, 33.699311564658615
1.2346380061704423, -28.458175284207357
1.2347530340784196, -30.718473675963367
1.2184190711456289, -80.44575721902089
1.2602029587184198, 210.56981749284247
1.2414821666951, 207.7437255787226
1.2607924767468042, 198.98578823509283
1.2420573062349867, 196.44223361994244
1.2421435771659688, 194.7470098261254
1.261439508729179, 186.27160978146517
1.268015270801886, 180.62110344355006
1.2618708633840932, 177.79549081238005
1.2620290267575598, 174.68758052371552
1.2685904103417727, 169.3196114847699
1.26244600292398, 166.4939988535999
1.2625610308319573, 164.23370046184388
1.2626760587399346, 161.97340207008784
1.262791086647912, 159.7131036783318
1.2440127806706016, 158.01716096008994
1.2447029481184657, 144.45537060955377
1.244817976026443, 142.19507221779773
1.2449330039344204, 139.9347738260417
1.2675216093634845, 66.7583323173651
1.2487864388516634, 64.21477770221469
1.2689594582131996, 38.504602420414756
1.250224287701382, 35.96104780526434
1.2785403243818187, -26.196199402126695
1.2557743842612936, -73.09834959696411
1.25603319705424, -78.18402097841516
1.2767525989786712, -114.63061362105628
1.27767282224249, -132.71300075510453
1.2776296867769972, 238.8242663142177
1.2789237507417432, 213.39590940696237
1.279441376327643, 203.22456664406025
1.2795564042356204, 200.9642682523042
1.3055718827565137, 184.01298888003382
1.3061470222964005, 172.71149692125366
1.3050207073641182, 71.2803669497269
1.2862855368522972, 68.73681233457648
1.2877233857020158, 40.48308243762614
1.3160969363364465, -22.804313965642905
1.2934172671468964, -71.40168795429736
1.2936473229628511, -75.92228473780938
1.3152725696626035, 240.52092795688446
1.3164803626963675, 216.78779484344614
1.3165666336273496, 215.0925710496291
1.3358625651905598, 206.61717100496887
1.335963214610043, 204.63940991218234
1.3428984388951797, 191.92547110002963
1.336754031477387, 189.09985846885965
1.3368690593853643, 186.8395600771036
1.3434639927760692, 180.8123373405625
1.3184358371319824, 178.36272218359363
1.3185508650399598, 176.1024237918376
1.3188671917868966, 169.88660321450854
1.342505426876258, 76.08493888105815
1.323784634852931, 73.25884696693828
1.3252224837026496, 45.005117069987875
1.325337511610627, 42.744818678231866
1.3536535482910672, -19.412428529159172
1.3498096990328214, -67.44400899544974
1.3310601500325028, -69.7050263116306
1.3312614488714622, -73.66054849720365
1.3521390141693637, -113.2150514285093
1.3530592374331825, -131.29743856255755
1.3528291816172278, 243.9128133933682
1.3529154525482099, 242.2175895995512
1.3728440376052973, 221.3105484002328
1.3729590655132746, 219.05025000847675
1.379649855493959, 211.1394452788056
1.3735054480761661, 208.3138326476356
1.3801099671258683, 202.0982517117815
1.3739655597080755, 199.2726390806115
1.374080587616053, 197.01234068885546
1.3741956155240302, 194.75204229709942
1.3810301903896907, 184.01586457773325
1.3563950467645256, 173.8435632489313
1.3612262188995778, 78.91103079517805
1.3627790956572738, 48.397002506471665
1.362865366588256, 46.70177871265463
1.3912005745866907, -15.832184893362353
1.3688755747800734, -71.39881225659792
1.4092216135031492, 247.87049235221585
1.3904720645028341, 245.60947503603495
1.4166313279086964, 225.83282267406952
1.4104869204909036, 223.00721004289952
1.4170914395406058, 216.79162910704537
1.410947032122813, 213.9660164758754
1.4176569934214953, 205.67849534757823
1.3932039773172988, 191.92738823182924
1.4122123391105639, 189.1027341665591
1.4126293152769804, 180.90915249644345
1.3939516587191534, 177.23544868541507
1.3940379296501355, 175.54022489159803
1.4175180013660196, 84.84647084681222
1.398782830854202, 82.30291623166181
1.3988691017851878, 80.6076924378448
1.418998985681231, 55.74512905295336
1.4002781936579076, 52.91903713883346
1.400393221565885, 50.65873874707739
1.4224642014090492, -12.34635999869704
1.4062596448727334, -64.61647923248012
1.4252680066659984, -67.4411332977503
1.4065184576656833, -69.70215061393117
1.4274966723830609, -111.23441463802334
1.428402517158382, -129.0342644731021
1.4540729119553397, 231.4850065023093
1.447928504537547, 228.65939387113932
1.4546480514952265, 220.18351454352916
1.429955393916078, 211.1413624106052
1.4300704218240554, 208.8810640188492
1.4307605892719195, 195.319273668313
1.4308468602029052, 193.624049874496
1.4312207009038325, 186.2780801012889
1.4565364263178573, 183.07694927886766
1.4315945416047562, 178.9321103280818
1.4550170993666534, 89.36850547917399
1.4362819288548359, 86.8249508640236
1.4564405697278744, 61.3973128811931
1.4377197777045545, 58.5712209670732
1.4599776778981806, -8.106862665304789
1.4412281288978654, -10.367879981485657
1.4626664552471524, -60.94133757260198
1.4439025277583397, -62.91981758981336
1.465786587251042, 248.43772372342943
1.4659016151590194, 246.17742533167342
1.4660166430669967, 243.91712693991735
1.466131670974974, 241.65682854816134
1.4851112757912475, 239.39724908083016
1.4852263036992248, 237.13695068907413
1.4853413316072022, 234.87665229731812
1.4858302002161068, 225.270384132355
1.4859452281240841, 223.01008574059895
1.467396977962725, 216.793546238845
1.467483248893707, 215.09832244502797
1.4683172012265437, 198.7111591047968
1.4684034721575259, 197.01593531097976
1.4876418897667492, 189.67068446219753
1.4688635837894353, 187.97474174395563
1.4736659989474923, 93.60728388814141
1.4737810268554696, 91.34698549638537
1.4938965322630224, 66.76695941046341
1.4751613617511978, 64.223404795313
1.4975630468298, -5.28005182676003
1.5002805811557671, -58.67960133199625
1.4817179525059103, -64.61360353478068
1.481804223436896, -66.30882732859766
1.5028830875737569, -109.81885244547641
1.5037457968835852, -126.7710903836466
1.5049535899173456, 220.18543167532877
1.5050398608483313, 218.49020788151176
1.5059313271351549, 200.97289534540252
1.5251266092788853, 194.4752563935288
1.525270394163858, 191.64988340383377
1.5318797060430605, 185.34012336832313
1.5068227934219784, 183.4555828092933
1.5111075829941392, 99.25946771638121
1.5112226109021165, 96.99916932462517
1.5113088818330986, 95.30394553080814
1.5312662238671813, 73.8318297335507
1.5125454318438543, 71.0057378194308
1.5126604597518316, 68.7454394276748
1.5351196587844242, -1.8881663902762398
1.5190445086445798, -56.701121314784814
1.5193320784145214, -62.351867294174895
1.542337660010002, 226.9677646994466
1.5623381375095775, 204.64803700528066
1.5435742100207612, 202.66955698806927
1.543890536767698, 196.4537364107402
1.567341851506594, 106.32505696389336
1.548606680994773, 103.78150234874298
1.5487217089027503, 101.52120395698694
1.5686215369828425, 81.17923735560754
1.5498719879825238, 78.91822003942664
1.5499870158905011, 76.65792164767063
1.5727050277160401, 0.9386444482684624
1.575451319018999, -53.025979654906735
1.5566873915301827, -55.00445967211812
1.5569462043231326, -60.090131053569166
1.5782263672989565, -107.5556783560209
1.5791465905627753, -125.63806549006915
1.5799517859186167, 229.22950094005233
1.5811020649983902, 206.62651702249204
1.5814471487223223, 199.84562184722395
1.581533419653308, 198.15039805340692
1.6006711878430444, 192.7829082974112
1.58187850337724, 191.36950287813883
1.60722298576826, 187.6032974577786
1.5821660731471816, 185.71875689874875
1.6047115431107528, 113.38992728698068
1.585990751087433, 110.56383537286078
1.5861057789954103, 108.30353698110474
1.6059768500985037, 88.52664497766435
1.5872560580751838, 85.70055306354445
1.5873710859831611, 83.44025467178844
1.6103047751361537, 3.4829179878437344
1.5942152465078152, -51.04749963769535
1.6133530146975552, -56.41498939369103
1.5945890872087425, -58.39346941090241
1.617594668804223, 230.9261625827191
1.6375088753728093, 210.30165868237015
1.6187449478839966, 208.32317866515876
1.6190037606769465, 203.2375072837077
1.6190900316079286, 201.54228348989068
1.638270935263158, 195.32718183698645
1.6420380992494188, 121.30240950697649
1.623317307226099, 118.47631759285662
1.6234323351340763, 116.21601920110058
1.6244675863058724, 95.87333367529632
1.6245826142138498, 93.61303528354028
1.624697642121827, 91.35273689178425
1.6541064439280504, 7.722654962710976
1.62906870262497, 5.461398005055116
1.6318293724164263, -48.78576339708957
1.6321169421863715, -54.43650937647965
1.6536127824896454, -106.14011616347398
1.6545042487764725, -123.65742869958319
1.6552375516898294, 232.6228242253858
1.6562728028616256, 212.28013869958153
1.6565603726315672, 206.62939272019148
1.6566466435625529, 204.93416892637447
1.6824320662674879, 192.5034863376161
1.6763164158266903, 189.11279910850712
1.6575093528723812, 187.98193098820423
1.6855569911008743, 131.09871336157727
1.6605288354567875, 128.64909820460846
1.6606438633647649, 126.38879981285243
1.6607588912727422, 124.12850142109639
1.6805724484218523, 105.48175861353403
1.6618516563985288, 102.65566669941413
1.6619666843065062, 100.39536830765809
1.6620817122144835, 98.13506991590205
1.6916630558826746, 11.11454039919471
1.6694434983250375, -46.52402715648384
1.6697310680949826, -52.17477313587392
1.7117162545067366, 234.88527939041643
1.712780262655528, 213.97751926667314
1.7129528045174922, 210.5870716790391
1.6942032555171735, 208.3260543628582
1.713614214988361, 197.59035592644193
1.7165905621072781, 139.10513503975466
1.697855391595457, 136.56158042460427
1.6979704195034344, 134.30128203284823
1.7179133830490194, 113.11170353456032
1.6991782125371984, 110.56814891940994
1.6992932404451757, 108.3078505276539
1.7229314755345335, 14.506186194203565
1.7070001102796617, -43.13214172000005
1.7070863812106438, -44.827365513817085
1.7073451940035937, -49.913036895268135
1.7289704407033462, -104.15947937298802
1.729890663967165, -122.24186650703626
1.7503800100756415, 216.5217928062484
1.7323637639886762, 199.85137324262283
1.7515446676439126, 193.6362715897186
1.7517172095058768, 190.24582400208456
1.7539746321999345, 145.8874680638725
1.7352394616881135, 143.34391344872208
1.7353544895960908, 141.08361505696607
1.7551824252336985, 122.15433495043416
1.7364472547218774, 119.61078033528378
1.7365622826298548, 117.35048194352774
1.7366773105378321, 115.0901835517717
1.7604305735351673, 19.028220826565303
1.7416810245348486, 16.767203510384434
1.7445567222342824, -39.74025628351632
1.7446429931652645, -41.43548007733335
1.7449018059582144, -46.5211514587844
1.7449880768891965, -48.21637525260144
1.7681949573236437, 237.14773455544702
1.7693452364034172, 214.54475063788675
1.7699778898972909, 202.11310948322858
1.7975366595168794, 154.83616002156472
1.7725085038727961, 152.38654486459592
1.7726235317807735, 150.12624647283988
1.7727385596887508, 147.86594808108387
1.7985814963476727, 134.30511629644747
1.7737162969065565, 128.65341175115762
1.7738313248145339, 126.39311335940158
1.7739463527225112, 124.13281496764554
1.8042082781795656, 23.73885329971506
1.779180122535486, 21.28923814274623
1.782170848142897, -37.47852004291053
1.8012942378441394, -42.56347249993678
1.7825446888438243, -44.82448981611765
1.8043280989170434, -102.17884258250206
1.8052339436923646, -119.97869241758076
1.8246736601405473, 239.41018972047763
1.8256945328238459, 219.35004149364286
1.8069306053350331, 217.3715614764315
1.807534501851915, 205.50499491971232
1.8076207727828972, 203.8097711258953
1.8269310828346015, 195.05183378226556
1.8270604892310764, 192.50899809154004
1.828555852034782, 163.12511899871163
1.809835060011462, 160.29902708459176
1.8099500879194395, 158.03872869283572
1.8296054816950758, 142.49989617393788
1.8108703111832583, 139.95634155878747
1.8109853390912356, 137.69604316703146
1.8417648901341899, 27.130738736198794
1.8197274600975213, -34.0866346064268
1.8198137310285034, -35.781858400243834
1.8633086587324605, 221.61177773424862
1.8451486277605262, 207.76673116031807
1.865882408173455, 171.03760121870747
1.8471616161501316, 168.21150930458757
1.847276644058109, 165.95121091283153
1.866888902368256, 151.2599902908422
1.8481393533679373, 148.9989729746613
1.8482543812759147, 146.73867458290528
1.848369409183892, 144.47837619114927
1.848915791746787, 133.7419588303081
1.879321502088814, 30.522624172682583
1.8760623780294559, -28.99880645170117
1.8573415860061324, -31.82489836582107
1.8766806530348354, -41.14791030738979
1.8797145141077394, -100.76328038995507
1.8806203588830606, -118.56313022503383
1.881094849003464, 242.80279408138625
1.8811811199344461, 241.10757028756922
1.900908406152574, 224.15605127382386
1.8827627536691374, 210.02846740092383
1.9023462550022927, 195.90232137687352
1.90246128291027, 193.64202298511748
1.9030939364041437, 181.2103818304593
1.8843731443808203, 178.3842899163394
1.8844881722887976, 176.12399152458337
1.884603200196775, 173.86369313282736
1.904157944552935, 160.30262170671605
1.8854083955526164, 158.04160439053516
1.8855234234605938, 155.78130599877912
1.8856384513685711, 153.52100760702308
1.9105995073996702, 33.72591176837841
1.9136189899840765, -25.60692101521738
1.9187089749120751, 245.06453032199198
1.93849377508419, 226.98286211236862
1.9204056365547437, 211.72512904359056
1.9399316239339086, 198.72913221541828
1.9403054646348359, 191.38316244221116
1.9215846726115124, 188.55707052809126
1.9216997005194898, 186.29677213633525
1.9218147284274671, 184.0364737445792
1.941398229760619, 169.9103277205289
1.9226774377372955, 167.084235806409
1.9227924656452728, 164.82393741465296
1.9229074935532502, 162.56363902289692
1.9543867977030693, 38.24818604221508
1.9293490563999853, 35.98692908455928
1.9511756019387008, -22.215035578733648
1.9331449773632414, -38.60291784338972
1.955057793832939, -98.50010630049962
1.9559780170967578, -116.58249343454787
1.9750582713325073, 249.86982117774812
1.9563231008206898, 247.32626656259774
1.9823865076365692, 229.43319619376234
1.9769130963486425, 213.42250961068214
1.9837189142373077, 203.25140648925498
1.977574506819515, 200.425793858085
1.9777758056584744, 196.47027167251196
1.9590262566581593, 194.20925435633106
1.9786241364798087, 179.80057103331123
1.9598889659679912, 177.25701641816084
1.9600039938759686, 174.9967180264048
1.960119021783946, 172.73641963464877
1.9856552173549282, 41.63983183722394
1.9887322138933214, -18.823150142249858
1.9895517877376605, -34.92777618351158
1.9707878602488478, -36.906256200722964
1.9938221988213236, 251.8483011949595
2.020815414560019, 215.68448549276286
1.995892701164916, 211.162930143351
1.9960077290728933, 208.90263175159495
1.9961227569808706, 206.64233335983891
2.0157925292450045, 190.8209635419716
1.997042980244693, 188.5599462257907
1.9971580081526703, 186.2996478340347
1.9972730360606477, 184.03934944227865
1.997388063968625, 181.7790510505226
2.0294425076583273, 46.162106111060666
2.004404766355247, 43.900849153404806
2.0262888258479457, -15.431264705766125
2.008315715226477, -32.9492961663002
2.0304010735581386, -96.23693221104418
2.031350053798949, -114.8843939430314
2.0503009016382308, 254.11075635999012
2.0326441177636987, 230.37690432212696
2.032759145671676, 228.11660593037092
2.0328741735796534, 225.85630753861489
2.0329892014876307, 223.59600914685888
2.033104229395608, 221.33571075510284
2.0521125911888767, 218.51105668983266
2.05294654352171, 202.12389334960147
2.034196994521391, 199.86287603342058
2.0531765993376645, 197.6032965660894
2.034427050337346, 195.3422792499085
2.034542078245323, 193.0819808581525
2.0607109273101862, 49.553751906069465
2.06384543780257, -12.039379269282335
2.045929841135088, -30.687559925694416
2.089108442092108, 232.92189678612706
2.090086179309914, 213.7093604562008
2.071351008798093, 211.16580584105043
2.07146603670607, 208.9055074492944
2.0715810646140476, 206.64520905753835
2.090560669430321, 204.3856295902072
2.09821002531082, 54.07578653843126
2.0983106747302998, 52.09802544564474
2.101402049757194, -8.647493832798546
2.083486453089712, -27.295674489210683
2.0835727240206943, -28.990898283027718
2.105758731771836, -94.25629542055822
2.1067220905011474, -113.18629445151493
2.1068658753861165, 254.6779877312037
2.126736946489217, 234.90109572776333
2.133657792285856, 222.4696942145801
2.108620050982772, 220.20843725692424
2.1087350788907493, 217.94813886516823
2.1088501067987266, 215.68784047341222
2.1348559996606227, 198.9249193004548
2.1097990870395407, 197.04037874142497
2.135709123311454, 58.597821170793
2.135824151219431, 56.33752277903699
2.120122841780514, -5.821401918678703
2.1211005789983233, -25.033938248604954
2.144681300133694, 252.9842017862364
2.1447963280416715, 250.72390339448037
2.144911355949649, 248.46360500272436
2.1450263838576262, 246.20330661096833
2.1451414117656036, 243.9430082192123
2.145256439673581, 241.68270982745628
2.1642504229783484, 239.14059306115558
2.1454864954895356, 237.1621130439442
2.1457165513054903, 232.64151626043213
2.1458315792134677, 230.38121786867612
2.145946607121445, 228.12091947692008
2.1460616350294224, 225.86062108516404
2.1659327061325158, 206.08372908172367
2.1793813857068756, 65.38039383638579
2.173236978289083, 62.55478120521582
2.1544586723117725, 60.85883848697392
2.1577369676891287, -3.5596656780729177
2.1775073893727424, -21.35879658872682
2.1587434618839296, -23.3372766059382
2.1811307684740306, -92.55819592904174
2.1820941272033423, -111.48819495999845
2.183963330707975, 222.47161134637975
2.203920672742054, 200.99949554912232
2.2040644576270267, 198.17412255942727
2.216822969753519, 71.03257766462553
2.1917852284504384, 68.77132070696973
2.1952935796437494, -0.1677802415891847
2.195379850574735, -1.8630040354061634
2.1962713168615586, -19.380316571515436
2.239636838169041, 240.55615525370254
2.2404420335248822, 224.73406651141033
2.247525835524492, 209.1005756099061
2.2224689229034134, 207.21603505087626
2.247976361497404, 76.68452185139043
2.2480770109168837, 74.70676075860388
2.2329077055523605, 2.0939559990166003
2.2338854427701698, -17.11858033090965
2.2564884266877314, -90.57755913855578
2.2574661639055407, -109.79009546848204
2.2792639524672573, 203.2626696385778
2.279537143748705, 197.89446095815723
2.2854754594980378, 81.2065564837522
2.266725910497719, 78.9455391675713
2.2893001374382855, 6.0516349578642235
2.270550588437967, 3.7906176416832977
2.2714420547247904, -13.726694894425918
2.271528325655776, -15.421918688242954
2.3149801178942404, 242.81932934315802
2.3157565562730866, 227.5623151988048
2.322849943931697, 211.74046609798756
2.297812202628613, 209.4792091403317
2.329253164142436, 85.9171889569019
2.304225008498353, 83.46757379993309
2.3080209294616054, 8.877726871984123
2.3089986666794147, -10.334809457942129
2.309084937610397, -12.030033251759164
2.3129958864816302, -88.88017857146417
2.3328094436307403, -107.52692137902653
2.3546503676579498, 204.67823183112472
2.3550529653358687, 196.7671874599786
2.360416141545315, 91.38077494435373
2.3605167909647946, 89.40301385156721
2.345577541416233, 12.269612308467856
2.3456638123472153, 10.57438851465082
2.3464402507260615, -4.682625629702329
2.346555278634039, -6.942924021458396
2.3466415495650246, -8.638147815275374
2.369488967787035, -86.90026070540307
2.390294640642445, 245.6475780305525
2.391114214486784, 229.54295198929077
2.3981932236568966, 214.003640187443
2.373155482353816, 211.74238322978718
2.3978002116379713, 98.16310796847154
2.3979152395459487, 95.90280957671553
2.3791656905456335, 93.64179226053463
2.4019843517906487, 15.944753968345992
2.3832204243018396, 13.96627395113461
2.4027176547040057, 1.5353517209013035
2.383996862680686, -1.2907401932185962
2.384083133611668, -2.985963987035632
2.40815272335594, -105.26374728957109
2.430008025871647, 206.65886862161068
2.430525651457547, 196.48752585870855
2.4351842817306313, 104.94544099258934
2.4352993096386086, 102.68514260083333
2.435414337546586, 100.42484420907729
2.420748279279465, 17.923233985557374
2.421438446727329, 4.361443635021203
2.4260108060694314, -85.48541743728094
2.4656091633906563, 248.47582671794697
2.4665725221199644, 229.5458276869902
2.4735365033820997, 216.2668142768985
2.4484987620790157, 214.00555731924266
2.478856544126053, 111.7280136581821
2.4727121367082603, 108.90240102701213
2.4728271646162376, 106.6421026352561
2.4583048912340892, 21.315119422041164
2.4583911621650714, 19.61989562822413
2.4777733646592672, 9.449271789746831
2.4590525726359402, 6.623179875626931
2.4824895088863386, -83.22296227225036
2.483496003081143, -103.00057320011564
2.5053513055968466, 208.92204271106615
2.5058689311827465, 198.75069994816403
2.4911453589616386, 117.37923892052208
2.5101537207549036, 114.5545848552519
2.4918067694325075, 104.38252316792492
2.49586150318871, 24.707004858524897
2.495947774119692, 23.01178106470786
2.496494156682587, 12.27536370386673
2.5409812000928476, 250.17392620946342
2.542131479172621, 227.57094229190312
2.542548455339041, 219.37736062178752
2.542677861735516, 216.834524931062
2.5284144011463177, 126.42187033639593
2.528529429054295, 124.16157194463989
2.5286444569622724, 121.90127355288388
2.5476528187555374, 119.0766194876137
2.529162082548172, 111.72993078998172
2.5522683135631326, 28.382146518403033
2.53350438607432, 26.40366650119165
2.5339932546832244, 16.797398336228525
2.534108282591202, 14.537099944472516
2.538996968680241, -81.52558170515874
2.540003462875042, -101.30319263302403
2.5801625812476523, 221.63909686239327
2.580694585322046, 211.18521680052163
2.5812841033504306, 199.60118754277195
2.584634291170275, 133.7699968828776
2.5659134991469514, 130.9439049687577
2.566028527054929, 128.68360657700168
2.566661180548806, 116.25196542234352
2.571549866637845, 20.18928377271226
2.5716361375688273, 18.49405997889528
2.5954756714971445, -79.26312654012816
2.5964821656919455, -99.04073746799344
2.616353236795046, 251.87202570097986
2.6174460019208325, 230.3991909792976
2.6177623286677694, 224.18337040196852
2.6180211414607193, 219.09769902051744
2.6219896042859396, 141.11740450493443
2.603240055285621, 138.85638718875353
2.6033550831935983, 136.5960887969975
2.622837935107274, 124.4477038657337
2.6041027645954493, 121.90414925058332
2.60421779250343, 119.64385085882728
2.6276259717768333, 30.362783308888993
2.6278991630582773, 24.9945746284684
2.6091639925464563, 22.451020013318043
2.6560666220242446, 212.8833162920381
2.656699275518122, 200.4516751373799
2.659244267982121, 150.44257321977776
2.6405090974703, 147.89901860462737
2.6406241253782774, 145.63872021287133
2.6407391532862547, 143.3784218211153
2.6602076267114327, 131.51257418882102
2.6414868346881057, 128.68648227470112
2.641601862596083, 126.42618388294508
2.6652113407084492, 33.18959414743375
2.64666309054709, 26.973054645679838
2.651983131291047, -77.56574597303654
2.671796688440157, -96.21248878059896
2.6729182105429317, 252.43925707219347
2.6928036601345298, 232.37982776978356
2.6930768514159737, 227.011619089363
2.693364421185919, 221.3608731099729
2.6965133101668, 159.4852046356516
2.677778139654979, 156.9416500205012
2.6778931675629565, 154.68135162874518
2.678008195470934, 152.42105323698914
2.6788133908267753, 136.59896449469693
2.6789284187347526, 134.3386661029409
2.702796709640065, 36.01640498597851
2.703055522433015, 30.93073360452746
2.6843059734326964, 28.669716288346535
2.708461834107954, -75.30329080800595
2.7296269691757935, 250.181115453712
2.7314386587264394, 214.58141578355455
2.7321288261743035, 201.01962543301835
2.7338973802594566, 166.2675376597694
2.715162209747639, 163.72398304461902
2.7152772376556165, 161.46368465286298
2.7350332808507325, 143.9470910411786
2.7163124888274126, 141.12099912705872
2.71642751673539, 138.8607007353027
2.7214312307324064, 40.537720693915446
2.7404108355486763, 38.27814122658424
2.7217763144563385, 33.75682551864736
2.728275391257064, -93.95003361556832
2.7681613183482234, 234.36046456026952
2.7684201311411734, 229.27479317881847
2.7688083503305982, 221.64628610664187
2.752316224024341, 175.02691285224887
2.752431251932318, 172.76661446049283
2.7525462798402955, 170.50631606873682
2.752661307748273, 168.24601767698078
2.772359836989402, 151.85957326117443
2.7536390449660786, 149.03348134705453
2.753754072874056, 146.7731829552985
2.7589878426870307, 43.92960613039918
2.777953069014803, 41.952563962037516
2.7593904403649496, 36.01856175925309
2.764940536924861, -73.04083564297537
2.784754094073964, -91.68757845053773
2.8051140337859692, 249.61891655347245
2.8067819384516426, 216.84458987301002
2.8075296198534936, 202.15265032659582
2.808377950674828, 185.4829496873951
2.789642780163007, 182.9393950722447
2.789757808070984, 180.67909668048867
2.7898728359789615, 178.41879828873263
2.7899591069099436, 176.72357449491562
2.790965601104748, 156.94596356705037
2.7910806290127255, 154.68566517529433
2.7965444546416514, 47.32149156688297
2.815509680969427, 45.344449398521306
2.796947052319574, 39.41044719573682
2.802583419810464, -71.34417400030861
2.8434470841194397, 237.753787845603
2.824697535119121, 235.4927705294221
2.8437634108663765, 231.53796726827392
2.8443097934292716, 220.8015499074328
2.845546343440027, 196.50334219605546
2.8267967944397085, 194.24232487987456
2.826911822347686, 191.98202648811852
2.8270268502556632, 189.7217280963625
2.8271418781636406, 187.46142970460647
2.8284071851513914, 162.59814739529014
2.828522213059369, 160.33784900353413
2.828608483990351, 158.6426252097171
2.834043552642285, 51.84352619924471
2.8530519144355537, 49.018872133974526
2.8345036642741945, 42.80233263222061
2.840197545719075, -69.08243775970283
2.8412327968908713, -89.42512328550714
2.880457313511169, 251.8820906429279
2.882125218176842, 219.10776396246547
2.882786628647711, 206.1110482098683
2.8829304135326836, 203.28567522017326
2.864180864532365, 201.02465790399236
2.8642958924403423, 198.76435951223635
2.8845839397098594, 170.79388583868032
2.8658487691980383, 168.25033122352994
2.8659637971060157, 165.9900328317739
2.866050068036998, 164.2948090379569
2.871542650642919, 56.3655608316065
2.8905510124361875, 53.54090676633632
2.8720602762288188, 46.1942180687044
2.8777541576736994, -65.6905523232191
2.8778404286046815, -67.38577611703613
2.8788756797764776, -87.72846164284039
2.9188191208216345, 239.45188733711944
2.919149826057069, 232.95352946082085
2.9197393440854533, 221.3695002030712
2.9199981568784033, 216.28382882162015
2.90127736485508, 213.45773690750025
2.901392392763057, 211.19743851574424
2.9015074206710345, 208.93714012398817
2.921953631314018, 177.85875616176764
2.9032328392906983, 175.03266424764774
2.9033478671986757, 172.7723658558917
2.9090417486435562, 60.887595463968296
2.9091567765515336, 58.62729707221223
2.9095593742294525, 50.71625270106614
2.9341465895596244, -61.73287336437147
2.9153970405593093, -63.99389068055234
2.9165185626620875, -86.03180000017363
2.955915621144346, 251.88496634062733
2.957238442086087, 225.891534835433
2.9573534699940645, 223.63123644367695
2.9387189489017267, 219.10992073574005
2.9583599641888654, 203.8536255158117
2.959294565941182, 185.48870108279397
2.9405593954293643, 182.94514646764358
2.9406744233373416, 180.68484807588754
2.94654084664419, 65.40963009633009
2.9466558745521674, 63.149331704574024
2.9470009582760994, 56.36843652930594
2.9470872292070815, 54.6732127354889
2.954161445547694, -84.33513835750688
3.000450592849603, 241.71530106804988
3.0007860909145343, 235.1227640920948
2.975757935270451, 232.67314893512594
2.9758729631784284, 230.41285054336993
2.9759879910864058, 228.15255215161386
2.9951688947416386, 221.93745049870967
3.00285659325813, 194.43739304048626
2.9778284376140434, 191.9877778835174
2.9779434655220207, 189.7274794917614
2.978058493429998, 187.46718110000535
2.9840974585988107, 68.80151553281382
2.9841837295297964, 67.10629173899679
2.984500056276733, 60.89047116166773
2.9846150841847106, 58.63017276991167
3.0094611123078323, -58.904624676976994
2.9918043284332967, -82.63847671484018
3.0126243797772077, 249.6268247221459
3.012739407685185, 247.36652633038983
3.0317046340129608, 245.38948416202817
3.0131995193170944, 238.32533276336574
3.0328261561157426, 223.35157484240688
3.0337895148450507, 204.42157581145017
3.015039965844732, 202.16055849526927
3.0151549937527093, 199.90026010351323
3.0152700216606867, 197.6399617117572
3.021654070553435, 72.19340096929761
3.021740341484417, 70.49817717548058
3.021999154277367, 65.41250579402953
3.0221141821853443, 63.15220740227346
3.029418454341908, -80.3767404742344
3.069951413415449, 235.2195792479758
3.0704402820243537, 225.61331108301266
3.077337163673498, 213.65280506811195
3.052309008029411, 211.2031899111431
3.0524240359373884, 208.94289151938705
3.0525390638453658, 206.68259312763104
3.0592106825080556, 75.58528640578132
3.0781759088358314, 73.60824423741968
3.0595557662319877, 68.80439123051326
3.0596420371629733, 67.10916743669623
3.065939815124736, -56.64216951194635
3.0858684001818233, -77.54921071126478
3.0883702571803333, 243.97895444045525
3.0884852850883107, 241.71865604869922
3.088600312996288, 239.45835765694318
3.107579917812558, 237.19877818961203
3.107795595140015, 232.96071870506944
3.0894055083521295, 223.63626891465097
3.089520536260107, 221.37597052289493
3.089635564168084, 219.11567213113892
3.0897505920760615, 216.85537373938288
3.1092046870127383, 205.2720634060581
3.1155456004399937, 80.67311456050697
3.115718142301958, 77.28266697287293
3.0971698921406023, 71.06612747111899
3.122418517941643, -54.37971434691576
3.126559522628831, 234.93919872228085
3.126789578444786, 230.4186019387688
3.145754804772558, 228.4415597704071
3.1458698326805354, 226.18126137865107
3.1531022123946144, 84.06499999699074
3.1347265040952266, 74.45801290760278
3.1611110304875396, -73.30827552902281
3.1423471029987304, -75.28675554623419
3.183009468468743, 237.76672848525044
3.184619859180426, 206.12255100066605
3.171823004417938, 86.89109191111064
3.17216808814187, 80.11019673584255
3.1722543590728556, 78.41497294202551
3.197761797666846, -52.116540257460315
3.1987251563961543, -71.04653928841702
3.221155598451748, 229.57458466398458
3.221256247871228, 227.59682357119806
3.234474871629633, 91.41408510937222
3.2283304642118402, 88.58847247820222
3.2096671861425037, 84.63223136820432
3.209782214050481, 82.37193297644828
3.217489083884967, -69.06805927120564
3.2584102621479296, 238.8997533788279
3.260020652859616, 207.2555758942435
3.265743291281492, 94.80573090438102
3.24731006902811, 86.32889301087107
3.2730763204150506, -49.28829157006584
3.255103209793578, -66.80632303059991
3.302830205945206, 230.99038649800647
3.2777924646421255, 228.72912954035064
3.3032423892821257, 99.32776553674282
3.303357417190103, 97.06746714498678
3.2847228960977652, 92.54615143704984
3.2848379240057426, 90.28585304529383
3.292717335702193, -64.54458678999418
3.3338110558271197, 240.03277827240538
3.3354214465388026, 208.38860078782096
3.3470296795855248, 103.85003981057955
3.3408852721677285, 101.02442717940954
3.3223370220063764, 94.8078876776556
3.3295550232319577, -47.02583640503519
3.349124146076612, -60.86944513011605
3.330360218587799, -62.84792514732743
3.3718565363906485, 233.818395543926
3.372000321275621, 230.99302255423095
3.3844712636321717, 109.50222363881934
3.378326856214379, 106.67661100764934
3.386033726048865, -44.763381240004605
3.3867382719852266, -58.60770888951032
3.4092118495063097, 241.16580316598282
3.410822240217996, 209.5216256813984
3.415509627468076, 117.41446621734019
3.415624655376053, 115.15416782558415
3.4157396832840305, 112.89386943382814
3.4055021994740393, -56.62922887229888
3.447242951581341, 235.23395773647297
3.447372357977816, 232.69112204574742
3.459181889863494, 124.19703888293296
3.4530374824457013, 121.37142625176295
3.4531525103536787, 119.11112786000695
3.434690531123305, 111.19936456443597
3.461319491820074, -41.37005795467121
3.4431163253826504, -54.36749263169321
3.4846270216739974, 242.01629076059078
3.4862230338971827, 210.65465057497585
3.4903352816073756, 129.8489830696978
3.490450309515353, 127.58868467794176
3.472132115169952, 116.85154839267577
3.480730451291265, -52.10575639108748
3.522730016191513, 234.67175883623338
3.503937331725705, 233.258353416961
3.5278343796080094, 134.37101770205956
3.5279494075159867, 132.11071931030355
3.5094299143316263, 125.3291052106106
3.5095161852626084, 123.63388141679357
3.517798194636981, -39.107602789640566
3.5371803971311735, -49.278226628117864
3.56001343686469, 243.4318529531377
3.5616238275763763, 211.7876754685533
3.5652184497006694, 141.1533507261774
3.5653334776086467, 138.89305233442136
3.565448505516624, 136.63275394266532
3.54692901233226, 129.85113984297237
3.5742768974538883, -36.84514762460998
3.6044525519799606, 235.14576967369027
3.579395639358882, 233.26122911466044
3.602717547701303, 145.67538535853916
3.6028325756092805, 143.41508696678312
3.5936303429710854, -46.450696865148245
3.635471744497867, 243.43472865083714
3.6370389997440604, 212.63816306316124
3.6401016177939596, 152.45771838265696
3.640216645701937, 150.19741999090093
3.6403316736099143, 147.93712159914492
3.6307268432938002, -34.01761786164036
3.650037153345508, -42.77555520527011
3.6312732258566918, -44.75403522248149
3.6735459820383873, 236.65527132441878
3.677485687886616, 159.24005140677477
3.6776007157945934, 156.97975301501876
3.6588511667942782, 154.71873569883786
3.668340969202415, -31.755881621034632
3.687651279254119, -40.51381896466438
3.710872538177057, 244.56775354441461
3.712439793423247, 213.7711879567387
3.7211579502820378, 166.02262407236753
3.6961202089789573, 163.7613671147117
3.6962352368869347, 161.50106872295567
3.705955095111026, -29.494145380428847
3.7252654051627303, -38.252082724058596
3.7489323972290833, 238.07083351696573
3.752196314117942, 173.9348666508884
3.7523113420259193, 171.67456825913237
3.7335617930256007, 169.41355094295147
3.7435117070656467, -26.102259943945114
3.7440293326515466, -36.273602706847214
3.767351240993964, 246.83020870944523
3.7878405871024405, 214.90421285031616
3.7895803842105984, 180.7171996750062
3.789681033630078, 178.7394385822197
3.770945863118257, 176.19588396706928
3.781125832974258, -23.84052370333933
3.7816434585601577, -34.011866466241486
3.8238443222993688, 248.81012657550633
3.824361947885265, 238.63878381260417
3.8331376186980393, 189.760070732355
3.82699321128025, 186.93445810118502
3.808214905302936, 185.23851538294312
3.8083299332109135, 182.9782169911871
3.818739958882869, -21.5787874627336
3.8191425565607915, -29.48983183387969
3.8192288274917736, -31.185055627696727
3.863241380781627, 216.03723774389363
3.870464174836709, 197.6725529523508
3.864319767418916, 194.84694032118082
3.8644204168383958, 192.8691792283943
3.875189904722781, -18.751257699763983
3.8566991685154157, -26.09794639739596
3.856785439446398, -27.793170191212937
3.8993745223750302, 247.40031577835822
3.8998346340069396, 238.35912221133412
3.901502538672613, 205.5847955308717
3.9016175665805903, 203.32449713911566
3.9017325944885677, 201.06419874735963
3.89425578047004, -22.70606096091217
3.94494474525208, 216.88796497997652
3.938800337834291, 214.0623523488065
3.938915365742268, 211.80205395705048
3.9390303936502455, 209.54175556529447
3.939145421558223, 207.2814571735384
3.920683442327846, 199.36969387796748
3.950504427470989, -15.923009012369505
3.9506482123559614, -18.748382002064545
3.9318986633556428, -21.009399318245414
3.974861586985206, 246.83811687811865
3.981581133942882, 238.3622375505085
3.982271301390746, 224.80044719997233
3.976126893972957, 221.97483456880232
3.976241921880934, 219.71453617704628
3.9881185533796, -13.661272771763777
4.019137745897506, 241.7541229869923
3.9943300604103804, 234.97226924582435
3.9944450883183578, 232.71197085406834
3.994560116226335, 230.4516724623123
3.9946751441343125, 228.19137407055626
3.995250283674199, 216.8898821117761
4.025732679288211, -11.399536531157992
4.00709815819587, -15.920852239094927
4.031541588641073, 245.14504985757623
4.050708113807808, 239.2124855036415
4.051757743468102, 218.58726267886772
4.063346805196822, -9.137800290552264
4.044683527127493, -13.094041400550168
4.107134095500221, -4.615526016715478
4.100975309593931, -7.158601348916022
4.1261232859754955, 240.06297309824944
4.127158537147292, 219.72028757244516
4.119537938243788, -1.2245991461315953
4.157037036244422, 3.2974354862301993
4.157152064152399, 1.037137094474133
4.157382119968354, -3.483459689037886
4.157468390899336, -5.178683482854922
4.2015815936086724, 240.06584879594888
4.202559330826482, 220.85331246602263
4.194651162153033, 5.5591717268359275
4.194996245876965, -1.221723448432158
4.232265288061647, 7.820907967441713
4.251474948693872, 1.0407317165984296
4.277039901241849, 240.06872449364832
4.277974502994166, 221.70380006063056
4.269908170947254, 9.51756961010841
4.2702244976941905, 3.3017490327793553
4.326444387718148, 10.649875579260993
4.307781109648811, 6.693634469263088
4.307867380579797, 4.9984106754461095
4.3524406949210395, 241.20174938722576
4.3533896751618535, 222.5542876552385
4.3703179489525255, 13.476926059280743
4.345423992534418, 8.390296111929842
4.383038118443029, 10.65203235253557
4.427899002554216, 241.2046250849252
4.4287904688410435, 223.68731254881595
4.439301143932479, 17.152547002108747
4.420565973420661, 14.608992386958391
4.476900891352592, 19.69682054168402
4.503314174721908, 242.05511267953315
4.504191262520234, 224.82033744239342
4.520764866927976, 22.7122292210168
4.558331064541598, 25.915756458187502
4.578758103866587, 242.3405256762021
4.579592056199424, 225.9533623359709
4.589599484193457, 29.3074022531963
4.633501802404833, 31.56937813527702
4.60857908900973, 27.04782278586515
4.654187654522769, 242.90847597184052
4.655021606855605, 226.5213126316093
4.664798979033684, 34.39594933234679
4.68346225710302, 38.35219044234469
4.702427483430796, 36.37514827398303
4.683778583849957, 32.13636986501564
4.729617205178954, 243.47642626747898
4.730465536000288, 226.80672562827826
4.7210188690576445, 41.74407587882848
4.73998409538542, 39.76703371046682
4.721392709758568, 34.398106105621366
4.758575481012265, 45.135961315312215
4.758661751943247, 43.44073752149524
4.758949321713192, 37.789991542105156
4.805017998858144, 244.60945116105643
4.805880708167972, 227.6572132228862
4.79618960692088, 47.397697555918
4.796477176690825, 41.74695157652792
4.8337462188755005, 50.78958299240173
4.833832489806486, 49.0943591985847
4.834091302599436, 44.00868781713365
4.880447549514329, 245.1774014566949
4.881324637312659, 227.94262621955517
4.871302830830125, 54.18146842888552
4.871389101761107, 52.48624463506849
4.871647914554057, 47.40057325361744
4.871734185485039, 45.7053494598004
4.908859442784745, 57.573353865369256
4.908945713715731, 55.87813007155228
4.9092045265086774, 50.79245869010117
4.909290797439663, 49.097234896284135
4.955877100170511, 245.7453517523333
4.956725430991845, 229.0756511131326
4.9651943607166835, 62.66118202009494
4.9464735686933565, 59.83509010597504
4.946761138463302, 54.18434412658496
4.946847409394284, 52.489120332767925
5.002750972671304, 66.05306745657867
5.003153570349227, 58.142023085432584
4.984404021348912, 55.881005769251715
5.031277893849701, 246.87837664591075
5.0321406031595295, 229.92613870774053
5.021471764694628, 68.87915937069857
5.02187436237255, 60.96811499955248
5.07782106111506, 73.68445022645471
5.059085890603239, 71.1408956113043
5.059430974327171, 64.36000043603622
5.0595172452581565, 62.66477664221924
5.106693066017389, 247.7288642405187
5.10759891079271, 229.92901440543997
5.0965849886038725, 75.6629302436661
5.096987586281795, 67.75188587252
5.097073857212777, 66.05666207870297
5.152991798978295, 79.33807190354423
5.134227871489479, 77.35959188633285
5.134544198236416, 71.14377130900374
5.134630469167401, 69.44854751518676
5.1821082381850765, 248.57935183512666
5.183057218425887, 229.9318901031394
5.190605924886906, 81.59980814414999
5.1721008101910435, 74.53565674548753
5.172187081122026, 72.8404329516705
5.228234429284015, 83.57900708578623
5.228450106611472, 79.34094760124367
5.209714936099655, 76.79739298609329
5.257523410352764, 249.4298394297346
5.258472390593578, 230.78237769774736
5.2721367474953915, 85.84098296786692
5.247214034100288, 81.31942761845505
5.309578331542035, 91.49316679610672
5.303433924124246, 88.66755416493672
5.332938582520448, 250.28032702434257
5.3339163197382575, 231.06779069441632
5.34073172328592, 97.14511098287156
5.340846751193897, 94.88481259111552
5.378230821286554, 101.66714561523332
5.378345849194531, 99.40684722347731
5.359826356010171, 92.62523312378434
5.408339376199638, 251.41335191792
5.409317113417444, 232.20081558799376
5.422018111589953, 106.18941988907008
5.4158737041721565, 103.36380725790008
5.397325454010804, 97.14726775614614
5.397411724941787, 95.4520439623291
5.434306926425538, 111.84064515141003
5.453315288218807, 109.01599108613988
5.43485330898843, 101.1042277905689
5.483797683832819, 251.41622761561945
5.484717907096638, 233.3338404815712
5.471748510472185, 117.49282897964983
5.471863538380163, 115.23253058789379
5.471949809311145, 113.53730679407678
5.472323650012072, 106.1913370208697
5.472409920943054, 104.49611322705266
5.5279684004961425, 124.8409555261315
5.5092476084728155, 122.01486361201162
5.509362636380796, 119.75456522025559
5.528615432478514, 112.12677707250384
5.509880261966693, 109.58322245735346
5.559198477512005, 252.5492525091969
5.5600899437988325, 235.03193997308767
5.565424363031283, 130.2106020554018
5.546689192519466, 127.6670474402514
5.5661145304791475, 116.64881170486561
5.54737935996733, 114.10525708971522
5.60290908254342, 135.0151739867331
5.5841882905201, 132.1890820726132
5.584763430059986, 120.88759011383303
5.584878457967964, 118.62729172207702
5.634656785145186, 252.55212820689633
5.635476358989525, 236.4475021656346
5.64035066659007, 140.66735781497286
5.621629874566743, 137.841265900853
5.62226252806062, 125.40962474619482
5.622377555968598, 123.14932635443878
5.677792250636713, 146.31954164321266
5.65907145861339, 143.49344972909276
5.6785543105270655, 131.34506479782897
5.659819140015241, 128.80151018267858
5.659905410946227, 127.10628638886155
5.710086335801371, 253.1200785025348
5.710862774180217, 237.8630643581816
5.71523383468336, 151.97172547145246
5.696513042660033, 149.14563355733256
5.697203210107897, 135.5838432067964
5.697318238015875, 133.32354481504035
5.733839598798706, 157.0581157773284
5.733954626706684, 154.79781738557236
5.753480614085845, 141.80182055740005
5.734759822062525, 138.97572864328015
5.734846092993507, 137.2805048494631
5.785544643434548, 253.12295420023423
5.786321081813394, 237.86594005588103
5.79005948882266, 164.40624232381006
5.77133869679934, 161.58015040969016
5.771453724707317, 159.31985201793412
5.772201406109168, 144.62791247151995
5.808665252938006, 169.49263262968597
5.808780280845983, 167.23233423792996
5.828493188575614, 150.5633525231541
5.809758018063793, 148.0197979080037
5.809844288994775, 146.32457411418667
5.860974194090733, 253.69090449587264
5.861779389446575, 237.86881575358046
5.864899521450461, 176.55822187719815
5.84616435093864, 174.01466726204777
5.846279378846617, 171.75436887029173
5.86597790808775, 155.36792445448538
5.847257116064426, 152.54183254036548
5.902283591543117, 183.34055490131595
5.883548421031296, 180.79700028616557
5.883663448939274, 178.53670189440953
5.909736441414154, 160.4552733262611
5.88469870011107, 158.19401636860528
5.936490015677897, 252.56363099769408
5.937223318591254, 238.1542287502494
5.939667661635774, 190.12288792543376
5.920932491123956, 187.57933331028337
5.921047519031934, 185.31903491852734
5.947178025460801, 166.10745715450088
5.92214028415772, 163.84620019684507
5.97705173172843, 196.90522094955156
5.958316561216613, 194.36166633440118
5.95843158912459, 192.10136794264514
5.984619609507444, 171.75964098274068
5.9595818682043635, 169.49838402508485
5.993141260356772, 251.43563857509065
6.012681626224435, 238.15710444794883
6.01443580182109, 203.6875539736694
5.995700631309269, 201.14399935851898
5.9958156592172465, 198.88370096676297
6.015744244274334, 177.97665976744454
5.99702345225101, 175.15056785332465
6.049850018989634, 249.17749695660916
6.051805493425249, 210.75242429675666
6.0330847014019255, 207.9263323826368
6.033199729309903, 205.66603399088075
6.053200206809475, 183.34630629671483
6.034465036297654, 180.80275168156444
6.088197447811602, 237.02983094977026
6.095209357368724, 222.80902654311353
6.070181201724637, 220.35941138614464
6.070296229632614, 218.09911299438863
6.0704112575405915, 215.83881460263262
6.070526285448569, 213.57851621087656
6.071734078482333, 189.8453830974383
6.07184910639031, 187.58508470568225
6.0719641342982875, 185.3247863139262
6.106587534599491, 246.35428074018873
6.1067025625074685, 244.0939823484327
6.106817590415446, 241.83368395667668
6.106932618323423, 239.5733855649206
6.107162674139378, 235.0527887814086
6.107277702047355, 232.79249038965253
6.126286063840617, 229.96783632438235
6.126401091748594, 227.70753793262634
6.126516119656575, 225.44723954087033
6.127838940598313, 199.453808035676
6.109118148574993, 196.6277161215561
6.10923317648297, 194.36741772980005
6.1093482043909475, 192.10711933804401
6.14552448144984, 222.62258547560015
6.145639509357817, 220.36228708384408
6.145754537265795, 218.10198869208807
6.145869565173772, 215.84169030033206
6.145984593081749, 213.581391908576
6.146099620989727, 211.32109351681999
6.146214648897704, 209.06079512506395
6.146329676805681, 206.8004967333079
6.146444704713659, 204.5401983415519
6.146559732621636, 202.2798999497959
