0.158864 0.000100712
0.0951942 0.000231709
0.0473729 0.000115309
-0.00980055 -1.43125e-06
-0.199526 -2.93432e-05
-0.195657 -2.87783e-05
-0.100871 -1.49409e-05
-0.00494127 -9.36609e-07
0.0473676 0.000115084
0.0950823 0.000231728
0.0472981 0.000115165
-0.00477455 -9.08773e-07
-0.102103 -1.51191e-05
-0.195657 -2.87782e-05
-0.100875 -1.49415e-05
-0.00494156 -9.36581e-07
0.04727 0.000115097
0.095082 0.000231729
0.0472995 0.00011517
-0.00477568 -9.08937e-07
-0.102103 -1.51191e-05
-0.195656 -2.87782e-05
-0.100876 -1.49416e-05
-0.0049411 -9.36514e-07
0.0472699 0.000115097
0.095082 0.000231729
0.031359 0.000362836
0 0.00048928
0 0.000366687
0 0.000243975
0 0.00012121
-0.00490221 -9.27411e-07
-0.102113 -1.51205e-05
-0.195641 -2.8776e-05
-0.190537 -2.80308e-05
-0.213779 -3.1456e-05
-0.162724 -2.40026e-05
-0.111473 -1.65208e-05
-0.0602219 -9.03889e-06
-0.00475855 -9.42049e-07
0 0.000121213
0 0.000243982
0 0.000366752
0 0.000489521
0 0.000366751
0 0.00024398
0 0.00012121
-0.00478832 -9.42087e-07
-0.0602244 -9.03608e-06
-0.111474 -1.65189e-05
-0.162724 -2.40017e-05
-0.213974 -3.14849e-05
-0.162723 -2.4003e-05
-0.111472 -1.65212e-05
-0.0602215 -9.03929e-06
-0.0047569 -9.42263e-07
0 0.000121213
0 0.000243982
0 0.000366752
0 0.000489521
0 0.000366751
0 0.00024398
0 0.00012121
-0.00478671 -9.42294e-07
-0.060224 -9.03648e-06
-0.111474 -1.65193e-05
-0.162724 -2.40021e-05
-0.213974 -3.14849e-05
-0.162723 -2.4003e-05
-0.111472 -1.65212e-05
-0.0602215 -9.03929e-06
-0.0047569 -9.42263e-07
0 0.000121213
0 0.000243982
0 0.000366752
0 0.000489521
0 0.000612177
0 0.000734802
0 0.000857402
0 0.000979974
0 0.00110252
0 0.00122504
0 0.00134753
0 0.00146999
0 0.00134722
0 0.00122445
0 0.00110168
0 0.000978911
0 0.00085614
0 0.00073337
0 0.000610599
0 0.000487829
0 0.000365058
0 0.000242288
0 0.000119517
-0.0109366 -1.84022e-06
-0.0577662 -8.67762e-06
-0.109513 -1.6233e-05
-0.161394 -2.38079e-05
-0.213308 -3.13877e-05
-0.264938 -3.90585e-05
-0.316227 -4.671e-05
-0.36734 -5.43652e-05
-0.418415 -6.20449e-05
-0.469466 -6.97515e-05
-0.520493 -7.74853e-05
-0.571495 -8.52467e-05
-0.622473 -9.30358e-05
-0.571222 -8.5554e-05
-0.519971 -7.80721e-05
-0.46872 -7.05902e-05
-0.417469 -6.31084e-05
-0.366219 -5.56265e-05
-0.314968 -4.81446e-05
-0.263717 -4.06627e-05
-0.212466 -3.31809e-05
-0.161215 -2.5699e-05
-0.109964 -1.82171e-05
-0.0587137 -1.07353e-05
-0.0036121 -2.69123e-06
0 0.000119604
0 0.000242367
0 0.000365129
0 0.000487892
0 0.000610655
0 0.000733417
0 0.00085618
0 0.000978943
0 0.00110171
0 0.00122447
0 0.00134723
0 0.00146999
0 0.00134722
0 0.00122445
0 0.00110168
0 0.000978911
0 0.00085614
0 0.00073337
0 0.000610599
0 0.000487829
0 0.000365058
0 0.000242288
0 0.000119517
-0.00435055 -2.69123e-06
-0.058791 -1.06482e-05
-0.110035 -1.8138e-05
-0.161279 -2.56278e-05
-0.212522 -3.31176e-05
-0.263766 -4.06074e-05
-0.31501 -4.80972e-05
-0.366254 -5.55869e-05
-0.417498 -6.30767e-05
-0.468741 -7.05665e-05
-0.519985 -7.80563e-05
-0.571229 -8.55461e-05
-0.622473 -9.30358e-05
-0.571222 -8.5554e-05
-0.519971 -7.80721e-05
-0.46872 -7.05902e-05
-0.417469 -6.31084e-05
-0.366219 -5.56265e-05
-0.314968 -4.81446e-05
-0.263717 -4.06627e-05
-0.212466 -3.31809e-05
-0.161215 -2.5699e-05
-0.109964 -1.82171e-05
-0.0587137 -1.07353e-05
-0.0036121 -2.69123e-06
0 0.000119604
0 0.000242367
0 0.000365129
0 0.000487892
0 0.000610655
0 0.000733417
0 0.00085618
0 0.000978943
0 0.00110171
0 0.00122447
0 0.00134723
0 0.00146999
0 0.00134722
0 0.00122445
0 0.00110168
0 0.000978911
0 0.00085614
0 0.00073337
0 0.000610599
0 0.000487829
0 0.000365058
0 0.000242288
0 0.000119517
-0.00435055 -2.69123e-06
-0.058791 -1.06482e-05
-0.110035 -1.8138e-05
-0.161279 -2.56278e-05
-0.212522 -3.31176e-05
-0.263766 -4.06074e-05
-0.31501 -4.80972e-05
-0.366254 -5.55869e-05
-0.417498 -6.30767e-05
-0.468741 -7.05665e-05
-0.519985 -7.80563e-05
-0.571229 -8.55461e-05
-0.622473 -9.30358e-05
-0.571222 -8.5554e-05
-0.519971 -7.80721e-05
-0.46872 -7.05902e-05
-0.417469 -6.31084e-05
-0.366219 -5.56265e-05
-0.314968 -4.81446e-05
-0.263717 -4.06627e-05
-0.212466 -3.31809e-05
-0.161215 -2.5699e-05
-0.109964 -1.82171e-05
-0.0587137 -1.07353e-05
-0.0036121 -2.69123e-06
0 0.000119604
0 0.000242367
0 0.000365129
0 0.000487892
0 0.000610655
0 0.000733417
0 0.00085618
0 0.000978943
0 0.00110171
0 0.00122447
0 0.00134723
0 0.00146999
0 0.00159243
0 0.00171483
0 0.00183721
0 0.00195956
0 0.00208188
0 0.00220417
0 0.00232643
0 0.00244866
0 0.00232589
0 0.00220312
0 0.00208035
0 0.00195758
0 0.00183481
0 0.00171204
0 0.00158927
0 0.0014665
0 0.00134373
0 0.00122096
0 0.00109818
0 0.000975414
0 0.000852644
0 0.000729873
0 0.000607103
0 0.000484332
0 0.000361562
0 0.000238791
0 0.000116021
-0.0170478 -4.54707e-06
-0.0588993 -1.06641e-05
-0.110029 -1.81372e-05
-0.161279 -2.56278e-05
-0.212522 -3.31176e-05
-0.263766 -4.06074e-05
-0.31501 -4.80972e-05
-0.366254 -5.55869e-05
-0.417498 -6.30767e-05
-0.468741 -7.05665e-05
-0.519985 -7.80563e-05
-0.571229 -8.55461e-05
-0.622473 -9.30358e-05
-0.673425 -0.000100853
-0.724353 -0.000108699
-0.775255 -0.000116573
-0.826131 -0.000124477
-0.87698 -0.000132409
-0.927804 -0.000140372
-0.978601 -0.000148364
-1.02937 -0.000156387
-0.97812 -0.000148905
-0.926869 -0.000141424
-0.875618 -0.000133942
-0.824367 -0.00012646
-0.773116 -0.000118978
-0.721866 -0.000111496
-0.670615 -0.000104014
-0.619364 -9.65324e-05
-0.568113 -8.90505e-05
-0.516862 -8.15686e-05
-0.465612 -7.40867e-05
-0.414361 -6.66049e-05
-0.36311 -5.9123e-05
-0.311859 -5.16411e-05
-0.260608 -4.41592e-05
-0.209357 -3.66774e-05
-0.158107 -2.91955e-05
-0.106856 -2.17136e-05
-0.055605 -1.42318e-05
-0.00204368 -6.22175e-06
0 0.000116153
0 0.000239288
0 0.000361956
0 0.00048468
0 0.000607427
0 0.000730176
0 0.000852925
0 0.000975674
0 0.00109842
0 0.00122117
0 0.00134392
0 0.00146667
0 0.00158942
0 0.00171217
0 0.00183492
0 0.00195767
0 0.00208041
0 0.00220316
0 0.00232591
0 0.00244866
0 0.00232589
0 0.00220312
0 0.00208035
0 0.00195758
0 0.00183481
0 0.00171204
0 0.00158927
0 0.0014665
0 0.00134373
0 0.00122096
0 0.00109818
0 0.000975414
0 0.000852644
0 0.000729873
0 0.000607103
0 0.000484332
0 0.000361562
0 0.000238791
0 0.000116021
-0.00408736 -6.22175e-06
-0.0593033 -1.43088e-05
-0.110918 -2.18684e-05
-0.164317 -2.96893e-05
-0.209767 -3.63461e-05
-0.260892 -4.3834e-05
-0.312128 -5.13382e-05
-0.36336 -5.88417e-05
-0.414592 -6.63452e-05
-0.465823 -7.38487e-05
-0.517055 -8.13522e-05
-0.568286 -8.88558e-05
-0.619518 -9.63593e-05
-0.670749 -0.000103863
-0.721981 -0.000111366
-0.773213 -0.00011887
-0.824444 -0.000126373
-0.875676 -0.000133877
-0.926907 -0.00014138
-0.978139 -0.000148884
-1.02937 -0.000156387
-0.97812 -0.000148905
-0.926869 -0.000141424
-0.875618 -0.000133942
-0.824367 -0.00012646
-0.773116 -0.000118978
-0.721866 -0.000111496
-0.670615 -0.000104014
-0.619364 -9.65324e-05
-0.568113 -8.90505e-05
-0.516862 -8.15686e-05
-0.465612 -7.40867e-05
-0.414361 -6.66049e-05
-0.36311 -5.9123e-05
-0.311859 -5.16411e-05
-0.260608 -4.41592e-05
-0.209357 -3.66774e-05
-0.158107 -2.91955e-05
-0.106856 -2.17136e-05
-0.055605 -1.42318e-05
-0.00204368 -6.22175e-06
0 0.000116153
0 0.000239288
0 0.000361956
0 0.00048468
0 0.000607427
0 0.000730176
0 0.000852925
0 0.000975674
0 0.00109842
0 0.00122117
0 0.00134392
0 0.00146667
0 0.00158942
0 0.00171217
0 0.00183492
0 0.00195767
0 0.00208041
0 0.00220316
0 0.00232591
0 0.00244866
0 0.00232589
0 0.00220312
0 0.00208035
0 0.00195758
0 0.00183481
0 0.00171204
0 0.00158927
0 0.0014665
0 0.00134373
0 0.00122096
0 0.00109818
0 0.000975414
0 0.000852644
0 0.000729873
0 0.000607103
0 0.000484332
0 0.000361562
0 0.000238791
0 0.000116021
-0.00408736 -6.22175e-06
-0.0593033 -1.43088e-05
-0.110918 -2.18684e-05
-0.164317 -2.96893e-05
-0.209767 -3.63461e-05
-0.260892 -4.3834e-05
-0.312128 -5.13382e-05
-0.36336 -5.88417e-05
-0.414592 -6.63452e-05
-0.465823 -7.38487e-05
-0.517055 -8.13522e-05
-0.568286 -8.88558e-05
-0.619518 -9.63593e-05
-0.670749 -0.000103863
-0.721981 -0.000111366
-0.773213 -0.00011887
-0.824444 -0.000126373
-0.875676 -0.000133877
-0.926907 -0.00014138
-0.978139 -0.000148884
-1.02937 -0.000156387
-0.97812 -0.000148905
-0.926869 -0.000141424
-0.875618 -0.000133942
-0.824367 -0.00012646
-0.773116 -0.000118978
-0.721866 -0.000111496
-0.670615 -0.000104014
-0.619364 -9.65324e-05
-0.568113 -8.90505e-05
-0.516862 -8.15686e-05
-0.465612 -7.40867e-05
-0.414361 -6.66049e-05
-0.36311 -5.9123e-05
-0.311859 -5.16411e-05
-0.260608 -4.41592e-05
-0.209357 -3.66774e-05
-0.158107 -2.91955e-05
-0.106856 -2.17136e-05
-0.055605 -1.42318e-05
-0.00204368 -6.22175e-06
0 0.000116153
0 0.000239288
0 0.000361956
0 0.00048468
0 0.000607427
0 0.000730176
0 0.000852925
0 0.000975674
0 0.00109842
0 0.00122117
0 0.00134392
0 0.00146667
0 0.00158942
0 0.00171217
0 0.00183492
0 0.00195767
0 0.00208041
0 0.00220316
0 0.00232591
0 0.00244866
0 0.00257086
0 0.00269303
0 0.00281516
0 0.00293727
0 0.00305934
0 0.00318138
0 0.00330339
0 0.00342536
0 0.0035473
0 0.00366921
0 0.00354643
0 0.00342366
0 0.00330089
0 0.00317812
0 0.00305535
0 0.00293258
0 0.00280981
0 0.00268704
0 0.00256427
0 0.0024415
0 0.00231873
0 0.00219596
0 0.00207319
0 0.00195042
0 0.00182765
0 0.00170488
0 0.00158211
0 0.00145934
0 0.00133656
0 0.00121379
0 0.00109102
0 0.000968253
0 0.000845483
0 0.000722712
0 0.000599942
0 0.000477171
0 0.000354401
0 0.00023163
0 0.00010886
-0.00473888 -6.31717e-06
-0.0559705 -1.38207e-05
-0.107202 -2.13242e-05
-0.158434 -2.88277e-05
-0.209665 -3.63312e-05
-0.260897 -4.38347e-05
-0.312128 -5.13382e-05
-0.36336 -5.88417e-05
-0.414592 -6.63452e-05
-0.465823 -7.38487e-05
-0.517055 -8.13522e-05
-0.568286 -8.88558e-05
-0.619518 -9.63593e-05
-0.670749 -0.000103863
-0.721981 -0.000111366
-0.773213 -0.00011887
-0.824444 -0.000126373
-0.875676 -0.000133877
-0.926907 -0.00014138
-0.978139 -0.000148884
-1.02937 -0.000156387
-1.08011 -0.000164441
-1.13083 -0.000172526
-1.18151 -0.000180642
-1.23217 -0.00018879
-1.2828 -0.00019697
-1.3334 -0.000205183
-1.38398 -0.000213428
-1.43452 -0.000221707
-1.48503 -0.00023002
-1.53551 -0.000238367
-1.48426 -0.000230885
-1.43301 -0.000223403
-1.38176 -0.000215921
-1.33051 -0.00020844
-1.27926 -0.000200958
-1.22801 -0.000193476
-1.17676 -0.000185994
-1.12551 -0.000178512
-1.07425 -0.00017103
-1.023 -0.000163548
-0.971753 -0.000156066
-0.920502 -0.000148585
-0.869251 -0.000141103
-0.818001 -0.000133621
-0.76675 -0.000126139
-0.715499 -0.000118657
-0.664248 -0.000111175
-0.612997 -0.000103693
-0.561746 -9.62115e-05
-0.510496 -8.87296e-05
-0.459245 -8.12477e-05
-0.407994 -7.37659e-05
-0.356743 -6.6284e-05
-0.305492 -5.88021e-05
-0.254241 -5.13203e-05
-0.202991 -4.38384e-05
-0.15174 -3.63565e-05
-0.100489 -2.88746e-05
-0.0492382 -2.13928e-05
0 -1.24935e-05
0 0.000110264
0 0.000232983
0 0.000355706
0 0.000478428
0 0.00060115
0 0.000723872
0 0.000846595
0 0.000969317
0 0.00109204
0 0.00121476
0 0.00133748
0 0.00146021
0 0.00158293
0 0.00170565
0 0.00182837
0 0.00195109
0 0.00207382
0 0.00219654
0 0.00231926
0 0.00244198
0 0.00256471
0 0.00268743
0 0.00281015
0 0.00293287
0 0.00305559
0 0.00317832
0 0.00330104
0 0.00342376
0 0.00354648
0 0.00366921
0 0.00354643
0 0.00342366
0 0.00330089
0 0.00317812
0 0.00305535
0 0.00293258
0 0.00280981
0 0.00268704
0 0.00256427
0 0.0024415
0 0.00231873
0 0.00219596
0 0.00207319
0 0.00195042
0 0.00182765
0 0.00170488
0 0.00158211
0 0.00145934
0 0.00133656
0 0.00121379
0 0.00109102
0 0.000968253
0 0.000845483
0 0.000722712
0 0.000599942
0 0.000477171
0 0.000354401
0 0.00023163
0 0.00010886
0 -1.24935e-05
-0.050461 -1.99877e-05
-0.101692 -2.75213e-05
-0.1529 -3.50515e-05
-0.204108 -4.25817e-05
-0.255316 -5.01119e-05
-0.306524 -5.76421e-05
-0.357731 -6.51723e-05
-0.408939 -7.27025e-05
-0.460147 -8.02328e-05
-0.511355 -8.7763e-05
-0.562563 -9.52932e-05
-0.613771 -0.000102823
-0.664979 -0.000110354
-0.716186 -0.000117884
-0.767394 -0.000125414
-0.818602 -0.000132944
-0.86981 -0.000140474
-0.921018 -0.000148005
-0.972226 -0.000155535
-1.02343 -0.000163065
-1.07464 -0.000170595
-1.12585 -0.000178125
-1.17706 -0.000185656
-1.22826 -0.000193186
-1.27947 -0.000200716
-1.33068 -0.000208246
-1.38189 -0.000215776
-1.4331 -0.000223307
-1.4843 -0.000230837
-1.53551 -0.000238367
-1.48426 -0.000230885
-1.43301 -0.000223403
-1.38176 -0.000215921
-1.33051 -0.00020844
-1.27926 -0.000200958
-1.22801 -0.000193476
-1.17676 -0.000185994
-1.12551 -0.000178512
-1.07425 -0.00017103
-1.023 -0.000163548
-0.971753 -0.000156066
-0.920502 -0.000148585
-0.869251 -0.000141103
-0.818001 -0.000133621
-0.76675 -0.000126139
-0.715499 -0.000118657
-0.664248 -0.000111175
-0.612997 -0.000103693
-0.561746 -9.62115e-05
-0.510496 -8.87296e-05
-0.459245 -8.12477e-05
-0.407994 -7.37659e-05
-0.356743 -6.6284e-05
-0.305492 -5.88021e-05
-0.254241 -5.13203e-05
-0.202991 -4.38384e-05
-0.15174 -3.63565e-05
-0.100489 -2.88746e-05
-0.0492382 -2.13928e-05
0 -1.24935e-05
0 0.000110264
0 0.000232983
0 0.000355706
0 0.000478428
0 0.00060115
0 0.000723872
0 0.000846595
0 0.000969317
0 0.00109204
0 0.00121476
0 0.00133748
0 0.00146021
0 0.00158293
0 0.00170565
0 0.00182837
0 0.00195109
0 0.00207382
0 0.00219654
0 0.00231926
0 0.00244198
0 0.00256471
0 0.00268743
0 0.00281015
0 0.00293287
0 0.00305559
0 0.00317832
0 0.00330104
0 0.00342376
0 0.00354648
0 0.00366921
0 0.00354643
0 0.00342366
0 0.00330089
0 0.00317812
0 0.00305535
0 0.00293258
0 0.00280981
0 0.00268704
0 0.00256427
0 0.0024415
0 0.00231873
0 0.00219596
0 0.00207319
0 0.00195042
0 0.00182765
0 0.00170488
0 0.00158211
0 0.00145934
0 0.00133656
0 0.00121379
0 0.00109102
0 0.000968253
0 0.000845483
0 0.000722712
0 0.000599942
0 0.000477171
0 0.000354401
0 0.00023163
0 0.00010886
0 -1.24935e-05
-0.050461 -1.99877e-05
-0.101692 -2.75213e-05
-0.1529 -3.50515e-05
-0.204108 -4.25817e-05
-0.255316 -5.01119e-05
-0.306524 -5.76421e-05
-0.357731 -6.51723e-05
-0.408939 -7.27025e-05
-0.460147 -8.02328e-05
-0.511355 -8.7763e-05
-0.562563 -9.52932e-05
-0.613771 -0.000102823
-0.664979 -0.000110354
-0.716186 -0.000117884
-0.767394 -0.000125414
-0.818602 -0.000132944
-0.86981 -0.000140474
-0.921018 -0.000148005
-0.972226 -0.000155535
-1.02343 -0.000163065
-1.07464 -0.000170595
-1.12585 -0.000178125
-1.17706 -0.000185656
-1.22826 -0.000193186
-1.27947 -0.000200716
-1.33068 -0.000208246
-1.38189 -0.000215776
-1.4331 -0.000223307
-1.4843 -0.000230837
-1.53551 -0.000238367
-1.48426 -0.000230885
-1.43301 -0.000223403
-1.38176 -0.000215921
-1.33051 -0.00020844
-1.27926 -0.000200958
-1.22801 -0.000193476
-1.17676 -0.000185994
-1.12551 -0.000178512
-1.07425 -0.00017103
-1.023 -0.000163548
-0.971753 -0.000156066
-0.920502 -0.000148585
-0.869251 -0.000141103
-0.818001 -0.000133621
-0.76675 -0.000126139
-0.715499 -0.000118657
-0.664248 -0.000111175
-0.612997 -0.000103693
-0.561746 -9.62115e-05
-0.510496 -8.87296e-05
-0.459245 -8.12477e-05
-0.407994 -7.37659e-05
-0.356743 -6.6284e-05
-0.305492 -5.88021e-05
-0.254241 -5.13203e-05
-0.202991 -4.38384e-05
-0.15174 -3.63565e-05
-0.100489 -2.88746e-05
-0.0492382 -2.13928e-05
0 -1.24935e-05
0 0.000110264
0 0.000232983
0 0.000355706
0 0.000478428
0 0.00060115
0 0.000723872
0 0.000846595
0 0.000969317
0 0.00109204
0 0.00121476
0 0.00133748
0 0.00146021
0 0.00158293
0 0.00170565
0 0.00182837
0 0.00195109
0 0.00207382
0 0.00219654
0 0.00231926
0 0.00244198
0 0.00256471
0 0.00268743
0 0.00281015
0 0.00293287
0 0.00305559
0 0.00317832
0 0.00330104
0 0.00342376
0 0.00354648
0 0.00366921
0 0.00379108
0 0.0039174
0 0.0040475
0 0.0041776
0 0.00430771
0 0.00443781
0 0.00456791
0 0.00469802
0 0.00482812
0 0.00495822
0 0.00483545
0 0.00471268
0 0.00458991
0 0.00446714
0 0.00434437
0 0.0042216
0 0.00409883
0 0.00397606
0 0.00385329
0 0.00373052
0 0.00360775
0 0.00348498
0 0.00336221
0 0.00323944
0 0.00311666
0 0.00299389
0 0.00287112
0 0.00274835
0 0.00262558
0 0.00250281
0 0.00238004
0 0.00225727
0 0.0021345
0 0.00201173
0 0.00188896
0 0.00176619
0 0.00164342
0 0.00152065
0 0.00139788
0 0.00127511
0 0.00115234
0 0.00105581
0 0.000990685
0 0.000925558
0 0.000860432
0 0.000795306
0 0.00073018
0 0.000665054
0 0.000599927
0 0.000534801
0 0.000469675
0 0.000404549
0 0.000339423
0 0.000274296
0 0.00020917
0 0.000144044
0 7.89178e-05
0 1.37915e-05
-0.0304822 -1.70498e-05
-0.0816901 -2.458e-05
-0.132898 -3.21102e-05
-0.184106 -3.96404e-05
-0.235314 -4.71706e-05
-0.286521 -5.47008e-05
-0.337729 -6.2231e-05
-0.388937 -6.97612e-05
-0.440145 -7.72914e-05
-0.491353 -8.48216e-05
-0.542561 -9.23518e-05
-0.593769 -9.9882e-05
-0.644976 -0.000107412
-0.696184 -0.000114942
-0.747392 -0.000122473
-0.7986 -0.000130003
-0.849808 -0.000137533
-0.901016 -0.000145063
-0.952224 -0.000152593
-1.00343 -0.000160124
-1.05464 -0.000167654
-1.10585 -0.000175184
-1.15367 -0.000182217
-1.15458 -0.00018235
-1.15548 -0.000182482
-1.15638 -0.000182615
-1.15728 -0.000182748
-1.15818 -0.00018288
-1.15909 -0.000183013
-1.15999 -0.000183146
-1.16089 -0.000183278
-1.16179 -0.000183411
-1.11054 -0.000175929
-1.05929 -0.000168447
-1.00804 -0.000160965
-0.956789 -0.000153483
-0.905538 -0.000146002
-0.854287 -0.00013852
-0.803036 -0.000131038
-0.751786 -0.000123556
-0.700535 -0.000116074
-0.649284 -0.000108592
-0.598033 -0.00010111
-0.546782 -9.36284e-05
-0.495532 -8.61466e-05
-0.444281 -7.86647e-05
-0.39303 -7.11828e-05
-0.341779 -6.37009e-05
-0.290528 -5.62191e-05
-0.239277 -4.87372e-05
-0.188027 -4.12553e-05
-0.136776 -3.37735e-05
-0.085525 -2.62916e-05
-0.0342741 -1.88097e-05
0 7.76667e-06
0 7.28929e-05
0 0.000138019
0 0.000203145
0 0.000268271
0 0.000333398
0 0.000398524
0 0.00046365
0 0.000528776
0 0.000593903
0 0.000659029
0 0.000724155
0 0.000789281
0 0.000854407
0 0.000919534
0 0.00098466
0 0.00104979
0 0.00111491
0 0.00118004
0 0.00124516
0 0.00131029
0 0.00137542
0 0.00144054
0 0.00150567
0 0.0015708
0 0.00163592
0 0.00170105
0 0.00176617
0 0.0018313
0 0.00189643
0 0.00196155
0 0.00202668
0 0.00209181
0 0.00215693
0 0.00222206
0 0.00232557
0 0.00244829
0 0.00257101
0 0.00269372
0 0.00281644
0 0.00293916
0 0.00306187
0 0.00318459
0 0.00330731
0 0.00343003
0 0.00355274
0 0.00367546
0 0.00379818
0 0.00392089
0 0.00404361
0 0.00416633
0 0.00428904
0 0.00441176
0 0.00453448
0 0.00465719
0 0.00477991
0 0.00490263
0 0.00502939
0 0.00490662
0 0.00478385
0 0.00466108
0 0.00453831
0 0.00441554
0 0.00429277
0 0.00417
0 0.00404723
0 0.00392446
0 0.00380169
0 0.00367892
0 0.00355615
0 0.00343338
0 0.00331061
0 0.00318784
0 0.00306507
0 0.0029423
0 0.00281952
0 0.00269675
0 0.00257398
0 0.00245121
0 0.00232885
0 0.00225705
0 0.00219193
0 0.0021268
0 0.00206167
0 0.00199655
0 0.00193142
0 0.00186629
0 0.00180117
0 0.00173604
0 0.00167092
0 0.00160579
0 0.00154066
0 0.00147554
0 0.00141041
0 0.00134529
0 0.00128016
0 0.00121503
0 0.00114991
0 0.00108478
0 0.00101965
0 0.000954528
0 0.000889402
0 0.000824276
0 0.000759149
0 0.000694023
0 0.000628897
0 0.000563771
0 0.000498645
0 0.000433518
0 0.000368392
0 0.000303266
0 0.00023814
0 0.000173014
0 0.000107887
0 4.27612e-05
-0.00770381 -1.37002e-05
-0.0589117 -2.12304e-05
-0.11012 -2.87606e-05
-0.161327 -3.62908e-05
-0.212535 -4.3821e-05
-0.263743 -5.13512e-05
-0.314951 -5.88814e-05
-0.366159 -6.64116e-05
-0.417367 -7.39418e-05
-0.468574 -8.1472e-05
-0.519782 -8.90022e-05
-0.57099 -9.65324e-05
-0.622198 -0.000104063
-0.673406 -0.000111593
-0.724614 -0.000119123
-0.775822 -0.000126653
-0.827029 -0.000134183
-0.878237 -0.000141714
-0.929445 -0.000149244
-0.980653 -0.000156774
-1.03186 -0.000164304
-1.08307 -0.000171834
-1.13262 -0.000179121
-1.08137 -0.000171639
-1.03012 -0.000164157
-0.978865 -0.000156675
-0.927615 -0.000149193
-0.876364 -0.000141711
-0.825113 -0.00013423
-0.773862 -0.000126748
-0.722611 -0.000119266
-0.67136 -0.000111784
-0.62011 -0.000104302
-0.568859 -9.68202e-05
-0.517608 -8.93383e-05
-0.466357 -8.18564e-05
-0.415106 -7.43746e-05
-0.363856 -6.68927e-05
-0.312605 -5.94108e-05
-0.261354 -5.19289e-05
-0.210103 -4.44471e-05
-0.158852 -3.69652e-05
-0.107601 -2.94833e-05
-0.0563506 -2.20014e-05
-0.00541866 -1.41609e-05
0 4.48706e-05
0 0.000109997
0 0.000175123
0 0.000240249
0 0.000305375
0 0.000370502
0 0.000435628
0 0.000500754
0 0.00056588
0 0.000631006
0 0.000696133
0 0.000761259
0 0.000826385
0 0.000891511
0 0.000956637
0 0.00102176
0 0.00108689
0 0.00115202
0 0.00121714
0 0.00128227
0 0.00134739
0 0.00141252
0 0.00147765
0 0.00154277
0 0.0016079
0 0.00167303
0 0.00173815
0 0.00180328
0 0.0018684
0 0.00193353
0 0.00199866
0 0.00206378
0 0.00212891
0 0.00219404
0 0.00225916
0 0.00232987
0 0.00245258
0 0.0025753
0 0.00269802
0 0.00282073
0 0.00294345
0 0.00306617
0 0.00318888
0 0.0033116
0 0.00343432
0 0.00355704
0 0.00367975
0 0.00380247
0 0.00392519
0 0.0040479
0 0.00417062
0 0.00429334
0 0.00441605
0 0.00453877
0 0.00466149
0 0.0047842
0 0.00490692
0 0.00502965
0 0.00490688
0 0.00478411
0 0.00466134
0 0.00453857
0 0.0044158
0 0.00429303
0 0.00417026
0 0.00404749
0 0.00392472
0 0.00380195
0 0.00367918
0 0.00355641
0 0.00343364
0 0.00331087
0 0.0031881
0 0.00306532
0 0.00294255
0 0.00281978
0 0.00269701
0 0.00257424
0 0.00245147
0 0.00232931
0 0.00225929
0 0.00219416
0 0.00212904
0 0.00206391
0 0.00199878
0 0.00193366
0 0.00186853
0 0.00180341
0 0.00173828
0 0.00167315
0 0.00160803
0 0.0015429
0 0.00147777
0 0.00141265
0 0.00134752
0 0.0012824
0 0.00121727
0 0.00115214
0 0.00108702
0 0.00102189
0 0.000956765
0 0.000891639
0 0.000826512
0 0.000761386
0 0.00069626
0 0.000631134
0 0.000566007
0 0.000500881
0 0.000435755
0 0.000370629
0 0.000305503
0 0.000240376
0 0.00017525
0 0.000110124
0 4.49979e-05
-0.00594514 -1.34415e-05
-0.057153 -2.09717e-05
-0.108361 -2.8502e-05
-0.159569 -3.60322e-05
-0.210777 -4.35624e-05
-0.261984 -5.10926e-05
-0.313192 -5.86228e-05
-0.3644 -6.6153e-05
-0.415608 -7.36832e-05
-0.466816 -8.12134e-05
-0.518024 -8.87436e-05
-0.569231 -9.62738e-05
-0.620439 -0.000103804
-0.671647 -0.000111334
-0.722855 -0.000118864
-0.774063 -0.000126395
-0.825271 -0.000133925
-0.876479 -0.000141455
-0.927686 -0.000148985
-0.978894 -0.000156515
-1.0301 -0.000164046
-1.08131 -0.000171576
-1.13251 -0.000179105
-1.08126 -0.000171623
-1.03001 -0.000164141
-0.978759 -0.00015666
-0.927508 -0.000149178
-0.876258 -0.000141696
-0.825007 -0.000134214
-0.773756 -0.000126732
-0.722505 -0.00011925
-0.671254 -0.000111768
-0.620004 -0.000104286
-0.568753 -9.68046e-05
-0.517502 -8.93227e-05
-0.466251 -8.18408e-05
-0.415 -7.4359e-05
-0.363749 -6.68771e-05
-0.312499 -5.93952e-05
-0.261248 -5.19133e-05
-0.209997 -4.44315e-05
-0.158746 -3.69496e-05
-0.107495 -2.94677e-05
-0.0562445 -2.19858e-05
-0.00532357 -1.4133e-05
0 4.50055e-05
0 0.000110132
0 0.000175258
0 0.000240384
0 0.00030551
0 0.000370637
0 0.000435763
0 0.000500889
0 0.000566015
0 0.000631141
0 0.000696268
0 0.000761394
0 0.00082652
0 0.000891646
0 0.000956772
0 0.0010219
0 0.00108702
0 0.00115215
0 0.00121728
0 0.0012824
0 0.00134753
0 0.00141266
0 0.00147778
0 0.00154291
0 0.00160803
0 0.00167316
0 0.00173829
0 0.00180341
0 0.00186854
0 0.00193367
0 0.00199879
0 0.00206392
0 0.00212904
0 0.00219417
0 0.0022593
0 0.00232988
0 0.0024526
0 0.00257532
0 0.00269803
0 0.00282075
0 0.00294347
0 0.00306618
0 0.0031889
0 0.00331162
0 0.00343433
0 0.00355705
0 0.00367977
0 0.00380248
0 0.0039252
0 0.00404792
0 0.00417064
0 0.00429335
0 0.00441607
0 0.00453879
0 0.0046615
0 0.00478422
0 0.00490694
0 0.00502965
0 0.00515977
0 0.00528989
0 0.00542001
0 0.00555013
0 0.00568025
0 0.00581037
0 0.00594049
0 0.00607061
0 0.00620073
0 0.00633085
0 0.00646097
0 0.00659109
0 0.00672121
0 0.00685133
0 0.00698145
0 0.00711157
0 0.00724169
0 0.00737181
0 0.00750193
0 0.00763205
0 0.00776217
0 0.00789229
0 0.00802241
0 0.00815253
0 0.00828265
0 0.00841277
0 0.00854288
0 0.008673
0 0.00880312
0 0.00893324
0 0.00906336
0 0.00919348
0 0.0093236
0 0.00945372
0 0.00958384
0 0.00971396
0 0.00984408
0 0.0099742
0 0.0101043
0 0.0102344
0 0.0101117
0 0.0099889
0 0.00986613
0 0.00974336
0 0.00962059
0 0.00949782
0 0.00937505
0 0.00925228
0 0.00912951
0 0.00900673
0 0.00888396
0 0.00876119
0 0.00863842
0 0.00851565
0 0.00839288
0 0.00827011
0 0.00814734
0 0.00802457
0 0.0079018
0 0.00777903
0 0.00765626
0 0.00753349
0 0.0074235
0 0.00735837
0 0.00729325
0 0.00722812
0 0.007163
0 0.00709787
0 0.00703274
0 0.00696762
0 0.00690249
0 0.00683736
0 0.00677224
0 0.00670711
0 0.00664199
0 0.00657686
0 0.00651173
0 0.00644661
0 0.00638148
0 0.00631636
0 0.00625098
0 0.00618533
0 0.00611967
0 0.00605401
0 0.00598835
0 0.0059227
0 0.00585704
0 0.00579138
0 0.00572573
0 0.00566007
0 0.00559441
0 0.00552875
0 0.0054631
0 0.00539744
0 0.00533178
0 0.00526613
0 0.00520047
0 0.00513481
0 0.00506915
0 0.0050035
0 0.00493784
0 0.00487218
0 0.00480653
0 0.00474087
0 0.00465147
0 0.00454886
0 0.00444626
0 0.00434366
0 0.00424106
0 0.00413846
0 0.00403586
0 0.00393326
0 0.00383066
0 0.00372806
0 0.00362546
0 0.00352286
0 0.00342025
0 0.00331765
0 0.00321505
0 0.00311245
0 0.00300985
0 0.00290725
0 0.00280465
0 0.00270205
0 0.00259945
0 0.00249685
0 0.00239425
0 0.00229164
0 0.00218904
0 0.00208644
0 0.00198384
0 0.00188124
0 0.00177864
0 0.00167604
0 0.00157344
0 0.00147084
0 0.00136824
0 0.00126564
0 0.00116303
0 0.00106043
0 0.000957832
0 0.000855231
0 0.00075263
0 0.00065003
0 0.000547429
0 0.000444828
0 0.000342227
0 0.000239626
0 0.000137025
0 3.4424e-05
-0.0289784 -1.68286e-05
-0.0824442 -2.46909e-05
-0.13591 -3.25531e-05
-0.189376 -4.04153e-05
-0.242842 -4.82776e-05
-0.296307 -5.61398e-05
-0.349773 -6.40021e-05
-0.403239 -7.18643e-05
-0.456705 -7.97265e-05
-0.470898 -8.18137e-05
-0.471842 -8.19526e-05
-0.472787 -8.20914e-05
-0.473731 -8.22303e-05
-0.474676 -8.23692e-05
-0.47562 -8.2508e-05
-0.476564 -8.26469e-05
-0.477509 -8.27858e-05
-0.478453 -8.29247e-05
-0.479397 -8.30635e-05
-0.480342 -8.32024e-05
-0.481286 -8.33413e-05
-0.48223 -8.34801e-05
-0.483175 -8.3619e-05
-0.484119 -8.37579e-05
-0.485064 -8.38967e-05
-0.486008 -8.40356e-05
-0.486952 -8.41745e-05
-0.487897 -8.43134e-05
-0.488841 -8.44522e-05
-0.489785 -8.45911e-05
-0.49073 -8.473e-05
-0.491674 -8.48688e-05
-0.492618 -8.50077e-05
-0.493563 -8.51466e-05
-0.494507 -8.52855e-05
-0.495452 -8.54243e-05
-0.496396 -8.55632e-05
-0.49734 -8.57021e-05
-0.498285 -8.58409e-05
-0.499229 -8.59798e-05
-0.500173 -8.61187e-05
-0.501118 -8.62575e-05
-0.502062 -8.63964e-05
-0.503006 -8.65353e-05
-0.503951 -8.66742e-05
-0.504895 -8.6813e-05
-0.50584 -8.69519e-05
-0.506784 -8.70908e-05
-0.507728 -8.72296e-05
-0.508673 -8.73685e-05
-0.457422 -7.98866e-05
-0.406171 -7.24048e-05
-0.35492 -6.49229e-05
-0.303669 -5.7441e-05
-0.252419 -4.99592e-05
-0.201168 -4.24773e-05
-0.149917 -3.49954e-05
-0.0986661 -2.75135e-05
-0.0474153 -2.00317e-05
0 -8.23579e-06
0 5.68904e-05
0 0.000122017
0 0.000187143
0 0.000252269
0 0.000317395
0 0.000382521
0 0.000447648
0 0.000512774
0 0.0005779
0 0.000643026
0 0.000708152
0 0.000773279
0 0.000838405
0 0.000903531
0 0.000968657
0 0.00103378
0 0.00109891
0 0.00116404
0 0.00122916
0 0.00129429
0 0.00135941
0 0.00142454
0 0.00148967
0 0.00155479
0 0.00161992
0 0.00168505
0 0.00175017
0 0.0018153
0 0.00188042
0 0.00194555
0 0.00201068
0 0.0020758
0 0.00214093
0 0.00220606
0 0.00227118
0 0.00233631
0 0.00240143
0 0.00246656
0 0.00253169
0 0.00259681
0 0.00266194
0 0.00272701
0 0.0027912
0 0.0028554
0 0.00291959
0 0.00298379
0 0.00304798
0 0.00311218
0 0.00317637
0 0.00324057
0 0.00330476
0 0.00336896
0 0.00343315
0 0.00349735
0 0.00356154
0 0.00362574
0 0.00368993
0 0.00375413
0 0.00381832
0 0.00388252
0 0.00394671
0 0.00401091
0 0.0040751
0 0.0041393
0 0.00420349
0 0.00426428
0 0.00429174
0 0.00431919
0 0.00434665
0 0.00437411
0 0.00440156
0 0.00442902
0 0.00445647
0 0.00448393
0 0.00451139
0 0.00453884
0 0.0045663
0 0.00459375
0 0.00462121
0 0.00464867
0 0.00470143
0 0.00475631
0 0.00481118
0 0.00486606
0 0.00492093
0 0.00497581
0 0.00503069
0 0.00508556
0 0.00514044
0 0.00519531
0 0.00525019
0 0.00530506
0 0.00535994
0 0.00541482
0 0.00546969
0 0.00552457
0 0.00557944
0 0.00563432
0 0.00568919
0 0.00574407
0 0.00579895
0 0.00585382
0 0.0059087
0 0.00596357
0 0.00601845
0 0.00607333
0 0.0061282
0 0.00618308
0 0.00623795
0 0.00629283
0 0.0063477
0 0.00640258
0 0.00645746
0 0.00651233
0 0.00656721
0 0.00662208
0 0.00667696
0 0.00673183
0 0.00678671
0 0.00684159
0 0.00689646
0 0.00695134
0 0.00700621
0 0.00706109
0 0.00714858
0 0.00727583
0 0.00740308
0 0.00753033
0 0.00765759
0 0.00778484
0 0.00791209
0 0.00803934
0 0.00816659
0 0.00829384
0 0.00842109
0 0.00854834
0 0.00867559
0 0.00880284
0 0.00893009
0 0.00905734
0 0.00918459
0 0.00931184
0 0.00943909
0 0.00956634
0 0.00969359
0 0.00982085
0 0.0099481
0 0.0100753
0 0.0102026
0 0.010332
0 0.0102092
0 0.0100865
0 0.00996368
0 0.00984091
0 0.00971814
0 0.00959537
0 0.0094726
0 0.00934983
0 0.00922706
0 0.00911326
0 0.00904813
0 0.00898301
0 0.00891788
0 0.00885275
0 0.00878763
0 0.0087225
0 0.00865737
0 0.00859225
0 0.00852712
0 0.008462
0 0.00839687
0 0.00833174
0 0.00826662
0 0.00820149
0 0.00813636
0 0.00807124
0 0.00800611
0 0.00794099
0 0.00787586
0 0.00781073
0 0.00774561
0 0.00768048
0 0.00761536
0 0.00755023
0 0.0074851
0 0.00741998
0 0.00735485
0 0.00728972
0 0.0072246
0 0.00715947
0 0.00709435
0 0.00702922
0 0.00696409
0 0.00689897
0 0.00683384
0 0.00676871
0 0.00670359
0 0.00663846
0 0.00657334
0 0.00650821
0 0.00644308
0 0.00637796
0 0.00631191
0 0.00624586
0 0.0061798
0 0.00611375
0 0.00604769
0 0.00598164
0 0.00591559
0 0.00584953
0 0.00578348
0 0.00571742
0 0.00565137
0 0.00558532
0 0.00551926
0 0.00545321
0 0.00538715
0 0.0053211
0 0.00525505
0 0.00518899
0 0.00512294
0 0.00505688
0 0.00499083
0 0.00492477
0 0.00485872
0 0.00479184
0 0.00468904
0 0.00458625
0 0.00448345
0 0.00438066
0 0.00427786
0 0.00417507
0 0.00407227
0 0.00396948
0 0.00386668
0 0.00376389
0 0.00366109
0 0.0035583
0 0.0034555
0 0.00336331
0 0.00328828
0 0.00321324
0 0.00313821
0 0.00306317
0 0.00298814
0 0.0029131
0 0.00283807
0 0.00276304
0 0.002688
0 0.00261297
0 0.00253793
0 0.0024629
0 0.00238786
0 0.00231283
0 0.00223779
0 0.00216276
0 0.00208772
0 0.00201269
0 0.00193765
0 0.00186262
0 0.00178758
0 0.00171255
0 0.00163751
0 0.00156248
0 0.00148744
0 0.00141241
0 0.00133738
0 0.00126234
0 0.00118731
0 0.00111227
0 0.00103724
0 0.000962201
0 0.000887166
0 0.000812132
0 0.000737097
0 0.000662062
0 0.000587027
0 0.000511993
0 0.000436958
0 0.000361923
0 0.000286888
0 0.000211854
0 0.000136819
0 6.17842e-05
-0.000183799 -1.25943e-05
-0.0203697 -1.55627e-05
-0.0405555 -1.85311e-05
-0.0607414 -2.14994e-05
-0.0809273 -2.44678e-05
-0.101113 -2.74362e-05
-0.121299 -3.04045e-05
-0.141485 -3.33729e-05
-0.161671 -3.63413e-05
-0.181857 -3.93096e-05
-0.202042 -4.2278e-05
-0.222228 -4.52464e-05
-0.242414 -4.82147e-05
-0.2626 -5.11831e-05
-0.282786 -5.41515e-05
-0.302972 -5.71198e-05
-0.323158 -6.00882e-05
-0.343344 -6.30566e-05
-0.363529 -6.60249e-05
-0.383715 -6.89933e-05
-0.403901 -7.19617e-05
-0.424087 -7.493e-05
-0.444273 -7.78984e-05
-0.464459 -8.08668e-05
-0.484645 -8.38352e-05
-0.504745 -8.6791e-05
-0.453494 -7.93091e-05
-0.402243 -7.18272e-05
-0.350993 -6.43453e-05
-0.299742 -5.68635e-05
-0.248491 -4.93816e-05
-0.19724 -4.18997e-05
-0.145989 -3.44179e-05
-0.0947386 -2.6936e-05
-0.0434877 -1.94541e-05
0 -3.24072e-06
0 6.18855e-05
0 0.000127012
0 0.000192138
0 0.000257264
0 0.00032239
0 0.000387517
0 0.000452643
0 0.000517769
0 0.000582895
0 0.000648021
0 0.000713148
0 0.000778274
0 0.0008434
0 0.000908526
0 0.000973652
0 0.00103878
0 0.0011039
0 0.00116903
0 0.00123416
0 0.00129928
0 0.00136441
0 0.00142954
0 0.00149466
0 0.00155979
0 0.00162491
0 0.00169004
0 0.00175517
0 0.00182029
0 0.00188542
0 0.00195055
0 0.00201567
0 0.0020808
0 0.00214592
0 0.00221105
0 0.00227618
0 0.0023413
0 0.00240643
0 0.00247156
0 0.00253668
0 0.00260181
0 0.00266693
0 0.00273206
0 0.00279626
0 0.00286045
0 0.00292464
0 0.00298884
0 0.00305303
0 0.00311722
0 0.00318141
0 0.00324561
0 0.0033098
0 0.00337399
0 0.00343818
0 0.00350238
0 0.00356657
0 0.00363076
0 0.00369495
0 0.00375915
0 0.00382334
0 0.00388753
0 0.00395172
0 0.00401592
0 0.00408011
0 0.0041443
0 0.00420849
0 0.00427181
0 0.00429927
0 0.00432672
0 0.00435418
0 0.00438163
0 0.00440909
0 0.00443654
0 0.004464
0 0.00449145
0 0.00451891
0 0.00454636
0 0.00457382
0 0.00460127
0 0.00462873
0 0.00466648
0 0.00472168
0 0.00477689
0 0.0048321
0 0.0048873
0 0.00494251
0 0.00499772
0 0.00505292
0 0.00510813
0 0.00516334
0 0.00521854
0 0.00527375
0 0.00532896
0 0.00538416
0 0.00543937
0 0.00549458
0 0.00554978
0 0.00560499
0 0.0056602
0 0.0057154
0 0.00577061
0 0.00582582
0 0.00588102
0 0.00593623
0 0.00599144
0 0.00604664
0 0.00610185
0 0.00615706
0 0.00621226
0 0.00626747
0 0.00632268
0 0.00637788
0 0.00643309
0 0.0064883
0 0.0065435
0 0.00659871
0 0.00665392
0 0.00670912
0 0.00676433
0 0.00681954
0 0.00687474
0 0.00692995
0 0.00698516
0 0.00704037
0 0.00709557
0 0.00715078
0 0.00727725
0 0.00740453
0 0.00753181
0 0.00765909
0 0.00778637
0 0.00791366
0 0.00804094
0 0.00816822
0 0.0082955
0 0.00842278
0 0.00855006
0 0.00867734
0 0.00880462
0 0.0089319
0 0.00905919
0 0.00918647
0 0.00931375
0 0.00944103
0 0.00956831
0 0.00969559
0 0.00982287
0 0.00995015
0 0.0100774
0 0.0102047
0 0.010332
0 0.0102092
0 0.0100865
0 0.00996369
0 0.00984092
0 0.00971814
0 0.00959537
0 0.0094726
0 0.00934983
0 0.00922706
0 0.00911329
0 0.00904816
0 0.00898303
0 0.00891791
0 0.00885278
0 0.00878766
0 0.00872253
0 0.0086574
0 0.00859228
0 0.00852715
0 0.00846203
0 0.0083969
0 0.00833177
0 0.00826665
0 0.00820152
0 0.00813639
0 0.00807127
0 0.00800614
0 0.00794102
0 0.00787589
0 0.00781076
0 0.00774564
0 0.00768051
0 0.00761538
0 0.00755026
0 0.00748513
0 0.00742001
0 0.00735488
0 0.00728975
0 0.00722463
0 0.0071595
0 0.00709437
0 0.00702925
0 0.00696412
0 0.006899
0 0.00683387
0 0.00676874
0 0.00670362
0 0.00663849
0 0.00657337
0 0.00650824
0 0.00644311
0 0.00637799
0 0.00631194
0 0.00624589
0 0.00617983
0 0.00611378
0 0.00604772
0 0.00598167
0 0.00591562
0 0.00584956
0 0.00578351
0 0.00571745
0 0.0056514
0 0.00558535
0 0.00551929
0 0.00545324
0 0.00538718
0 0.00532113
0 0.00525507
0 0.00518902
0 0.00512297
0 0.00505691
0 0.00499086
0 0.0049248
0 0.00485875
0 0.00479188
0 0.00468909
0 0.00458629
0 0.0044835
0 0.0043807
0 0.00427791
0 0.00417511
0 0.00407232
0 0.00396952
0 0.00386673
0 0.00376393
0 0.00366114
0 0.00355834
0 0.00345555
0 0.00336343
0 0.0032884
0 0.00321336
0 0.00313833
0 0.0030633
0 0.00298827
0 0.00291323
0 0.0028382
0 0.00276317
0 0.00268814
0 0.0026131
0 0.00253807
0 0.00246304
0 0.002388
0 0.00231297
0 0.00223794
0 0.00216291
0 0.00208787
0 0.00201284
0 0.00193781
0 0.00186277
0 0.00178774
0 0.00171271
0 0.00163768
0 0.00156264
0 0.00148761
0 0.00141258
0 0.00133754
0 0.00126251
0 0.00118748
0 0.00111245
0 0.00103741
0 0.000962381
0 0.000887348
0 0.000812315
0 0.000737282
0 0.00066225
0 0.000587217
0 0.000512184
0 0.000437151
0 0.000362118
0 0.000287086
0 0.000212053
0 0.00013702
0 6.19872e-05
-0.000128664 -1.25862e-05
-0.0203133 -1.55544e-05
-0.040498 -1.85226e-05
-0.0606826 -2.14908e-05
-0.0808673 -2.4459e-05
-0.101052 -2.74272e-05
-0.121237 -3.03954e-05
-0.141421 -3.33635e-05
-0.161606 -3.63317e-05
-0.181791 -3.92999e-05
-0.201975 -4.22681e-05
-0.22216 -4.52363e-05
-0.242345 -4.82045e-05
-0.262529 -5.11727e-05
-0.282714 -5.41409e-05
-0.302898 -5.71091e-05
-0.323083 -6.00772e-05
-0.343268 -6.30454e-05
-0.363452 -6.60136e-05
-0.383637 -6.89818e-05
-0.403822 -7.195e-05
-0.424006 -7.49182e-05
-0.444191 -7.78864e-05
-0.464376 -8.08546e-05
-0.48456 -8.38228e-05
-0.504745 -8.67909e-05
-0.453494 -7.93091e-05
-0.402243 -7.18272e-05
-0.350993 -6.43453e-05
-0.299742 -5.68635e-05
-0.248491 -4.93816e-05
-0.19724 -4.18997e-05
-0.145989 -3.44178e-05
-0.0947384 -2.6936e-05
-0.0434876 -1.94541e-05
0 -3.24055e-06
0 6.18857e-05
0 0.000127012
0 0.000192138
0 0.000257264
0 0.00032239
0 0.000387517
0 0.000452643
0 0.000517769
0 0.000582895
0 0.000648021
0 0.000713148
0 0.000778274
0 0.0008434
0 0.000908526
0 0.000973653
0 0.00103878
0 0.0011039
0 0.00116903
0 0.00123416
0 0.00129928
0 0.00136441
0 0.00142954
0 0.00149466
0 0.00155979
0 0.00162491
0 0.00169004
0 0.00175517
0 0.00182029
0 0.00188542
0 0.00195055
0 0.00201567
0 0.0020808
0 0.00214592
0 0.00221105
0 0.00227618
0 0.0023413
0 0.00240643
0 0.00247156
0 0.00253668
0 0.00260181
0 0.00266693
0 0.00273206
0 0.00279626
0 0.00286045
0 0.00292464
0 0.00298884
0 0.00305303
0 0.00311722
0 0.00318141
0 0.00324561
0 0.0033098
0 0.00337399
0 0.00343818
0 0.00350238
0 0.00356657
0 0.00363076
0 0.00369495
0 0.00375915
0 0.00382334
0 0.00388753
0 0.00395172
0 0.00401592
0 0.00408011
0 0.0041443
0 0.00420849
0 0.00427181
0 0.00429927
0 0.00432672
0 0.00435418
0 0.00438163
0 0.00440909
0 0.00443654
0 0.004464
0 0.00449145
0 0.00451891
0 0.00454636
0 0.00457382
0 0.00460127
0 0.00462873
0 0.00466648
0 0.00472168
0 0.00477689
0 0.0048321
0 0.0048873
0 0.00494251
0 0.00499772
0 0.00505292
0 0.00510813
0 0.00516334
0 0.00521854
0 0.00527375
0 0.00532896
0 0.00538416
0 0.00543937
0 0.00549458
0 0.00554978
0 0.00560499
0 0.0056602
0 0.0057154
0 0.00577061
0 0.00582582
0 0.00588102
0 0.00593623
0 0.00599144
0 0.00604664
0 0.00610185
0 0.00615706
0 0.00621227
0 0.00626747
0 0.00632268
0 0.00637789
0 0.00643309
0 0.0064883
0 0.00654351
0 0.00659871
0 0.00665392
0 0.00670913
0 0.00676433
0 0.00681954
0 0.00687475
0 0.00692995
0 0.00698516
0 0.00704037
0 0.00709557
0 0.00715078
0 0.00727725
0 0.00740453
0 0.00753181
0 0.00765909
0 0.00778637
0 0.00791366
0 0.00804094
0 0.00816822
0 0.0082955
0 0.00842278
0 0.00855006
0 0.00867734
0 0.00880462
0 0.0089319
0 0.00905919
0 0.00918647
0 0.00931375
0 0.00944103
0 0.00956831
0 0.00969559
0 0.00982287
0 0.00995015
0 0.0100774
0 0.0102047
0 0.010332
0 0.0104621
0 0.0105922
0 0.0107223
0 0.0108525
0 0.0109826
0 0.0111127
0 0.0112428
0 0.0113729
0 0.011503
0 0.0116331
0 0.0117632
0 0.0118934
0 0.0120235
0 0.0121536
0 0.0122837
0 0.0124138
0 0.0125439
0 0.012674
0 0.0128042
0 0.0129343
0 0.0130644
0 0.0131945
0 0.0133246
0 0.0134547
0 0.0135848
0 0.0137149
0 0.0138451
0 0.0139752
0 0.0141053
0 0.0142354
0 0.0143655
0 0.0144956
0 0.0146257
0 0.0147559
0 0.014886
0 0.0150161
0 0.0151462
0 0.0152763
0 0.0154064
0 0.0155365
0 0.0156666
0 0.0155439
0 0.0154211
0 0.0152983
0 0.0151756
0 0.0150528
0 0.01493
0 0.0148073
0 0.0146845
0 0.0145617
0 0.0144389
0 0.0143393
0 0.0142741
0 0.014209
0 0.0141439
0 0.0140788
0 0.0140136
0 0.0139485
0 0.0138834
0 0.0138182
0 0.0137531
0 0.013688
0 0.0136229
0 0.0135577
0 0.0134926
0 0.0134275
0 0.0133624
0 0.0132972
0 0.0132321
0 0.013167
0 0.0131019
0 0.0130367
0 0.0129716
0 0.0129065
0 0.0128414
0 0.0127762
0 0.0127111
0 0.012646
0 0.0125808
0 0.0125157
0 0.0124506
0 0.0123855
0 0.0123203
0 0.0122552
0 0.0121901
0 0.012125
0 0.0120598
0 0.0119947
0 0.0119296
0 0.0118645
0 0.0117993
0 0.0117342
0 0.0116691
0 0.0115989
0 0.0115167
0 0.0114345
0 0.0113522
0 0.01127
0 0.0111878
0 0.0111056
0 0.0110234
0 0.0109412
0 0.010859
0 0.0107768
0 0.0106946
0 0.0106124
0 0.0105302
0 0.010448
0 0.0103658
0 0.0102836
0 0.0102014
0 0.0101192
0 0.010037
0 0.00995481
0 0.00987261
0 0.0097904
0 0.0097082
0 0.009626
0 0.0095438
0 0.00946159
0 0.00937939
0 0.00929719
0 0.00921499
0 0.00913278
0 0.00905058
0 0.00896063
0 0.00885022
0 0.00873982
0 0.00862942
0 0.00851902
0 0.00840861
0 0.00829821
0 0.00818781
0 0.0080774
0 0.007967
0 0.0078566
0 0.00774619
0 0.00763579
0 0.00752539
0 0.00741499
0 0.00730458
0 0.00719418
0 0.00708378
0 0.00697337
0 0.00687338
0 0.00678629
0 0.0066992
0 0.00661211
0 0.00652502
0 0.00643793
0 0.00635084
0 0.00626375
0 0.00617666
0 0.00608957
0 0.00600248
0 0.00591539
0 0.0058283
0 0.00574121
0 0.00565412
0 0.00556703
0 0.00547994
0 0.00539285
0 0.00530576
0 0.00521867
0 0.00513158
0 0.00504449
0 0.0049574
0 0.00487031
0 0.00478322
0 0.00469613
0 0.00460904
0 0.00452195
0 0.00443486
0 0.00434777
0 0.00426068
0 0.00417359
0 0.0040865
0 0.00399941
0 0.00391232
0 0.00382523
0 0.00373814
0 0.00365105
0 0.00356396
0 0.00347687
0 0.00338978
0 0.00330269
0 0.0032156
0 0.00312851
0 0.00304142
0 0.00295433
0 0.00286724
0 0.00278015
0 0.00269306
0 0.00260597
0 0.00251888
0 0.00243179
0 0.0023447
0 0.00225761
0 0.00217052
0 0.00208343
0 0.00199634
0 0.00190925
0 0.00182216
0 0.00173507
0 0.00164798
0 0.00156089
0 0.0014738
0 0.00138671
0 0.00129962
0 0.00121253
0 0.00112544
0 0.00103835
0 0.000951256
0 0.000864166
0 0.000777076
0 0.000689986
0 0.000602896
0 0.000515806
0 0.000428716
0 0.000341626
0 0.000254536
0 0.000167446
0 8.03559e-05
0 -6.73409e-06
-0.0189271 -1.53506e-05
-0.0392129 -1.83336e-05
-0.0594987 -2.13167e-05
-0.0797845 -2.42997e-05
-0.10007 -2.72828e-05
-0.120356 -3.02659e-05
-0.140642 -3.32489e-05
-0.160928 -3.6232e-05
-0.181213 -3.92151e-05
-0.201499 -4.21981e-05
-0.221785 -4.51812e-05
-0.242071 -4.81642e-05
-0.262357 -5.11473e-05
-0.282642 -5.41304e-05
-0.302928 -5.71134e-05
-0.323214 -6.00965e-05
-0.3435 -6.30795e-05
-0.360636 -6.55995e-05
-0.361586 -6.57392e-05
-0.362536 -6.58789e-05
-0.363486 -6.60185e-05
-0.364436 -6.61582e-05
-0.365385 -6.62979e-05
-0.366335 -6.64376e-05
-0.367285 -6.65772e-05
-0.368235 -6.67169e-05
-0.369185 -6.68566e-05
-0.370135 -6.69963e-05
-0.371084 -6.71359e-05
-0.372034 -6.72756e-05
-0.372984 -6.74153e-05
-0.373934 -6.7555e-05
-0.374884 -6.76946e-05
-0.375834 -6.78343e-05
-0.376783 -6.7974e-05
-0.377733 -6.81136e-05
-0.378683 -6.82533e-05
-0.379633 -6.8393e-05
-0.380583 -6.85327e-05
-0.381533 -6.86723e-05
-0.382482 -6.8812e-05
-0.383432 -6.89517e-05
-0.384382 -6.90914e-05
-0.385332 -6.9231e-05
-0.386282 -6.93707e-05
-0.387232 -6.95104e-05
-0.388181 -6.96501e-05
-0.389131 -6.97897e-05
-0.390081 -6.99294e-05
-0.391031 -7.00691e-05
-0.391981 -7.02088e-05
-0.392931 -7.03484e-05
-0.39388 -7.04881e-05
-0.39483 -7.06278e-05
-0.39578 -7.07675e-05
-0.39673 -7.09071e-05
-0.39768 -7.10468e-05
-0.39863 -7.11865e-05
-0.347379 -6.37046e-05
-0.296128 -5.62227e-05
-0.244877 -4.87409e-05
-0.193626 -4.1259e-05
-0.142376 -3.37771e-05
-0.0911247 -2.62953e-05
-0.0398739 -1.88134e-05
0 1.46465e-06
0 6.65909e-05
0 0.000131717
0 0.000196843
0 0.000261969
0 0.000327096
0 0.000392222
0 0.000457348
0 0.000522474
0 0.0005876
0 0.000652727
0 0.000717853
0 0.000782979
0 0.000848105
0 0.000913232
0 0.000978358
0 0.00104348
0 0.00110861
0 0.00117374
0 0.00123886
0 0.00130399
0 0.00136911
0 0.00143424
0 0.00149937
0 0.00156449
0 0.00162962
0 0.00169475
0 0.00175987
0 0.001825
0 0.00189012
0 0.00195525
0 0.00202038
0 0.0020855
0 0.00215063
0 0.00221576
0 0.00228088
0 0.00234601
0 0.00241113
0 0.00247626
0 0.00254139
0 0.00260651
0 0.00267164
0 0.00273677
0 0.00280189
0 0.00286702
0 0.00293214
0 0.00299727
0 0.0030624
0 0.00311602
0 0.00317138
0 0.00322674
0 0.0032821
0 0.00333746
0 0.00339282
0 0.00344818
0 0.00350354
0 0.0035589
0 0.00361426
0 0.00366962
0 0.00372498
0 0.00378034
0 0.0038357
0 0.00389106
0 0.00394642
0 0.00400178
0 0.00405714
0 0.0041125
0 0.00416786
0 0.00422322
0 0.00427858
0 0.00433394
0 0.0043893
0 0.00444466
0 0.00450002
0 0.00455538
0 0.00461074
0 0.0046661
0 0.00472146
0 0.00477682
0 0.00483218
0 0.00488754
0 0.0049429
0 0.00499803
0 0.00502213
0 0.00504623
0 0.00507033
0 0.00509443
0 0.00511853
0 0.0051661
0 0.00522343
0 0.00528077
0 0.00533811
0 0.00539545
0 0.00545279
0 0.00551013
0 0.00556747
0 0.00562481
0 0.00568215
0 0.00573948
0 0.00579682
0 0.00585416
0 0.0059115
0 0.00596884
0 0.00602618
0 0.00608352
0 0.00614086
0 0.00619819
0 0.00625553
0 0.00631287
0 0.00637021
0 0.00642755
0 0.00648489
0 0.00654223
0 0.00659957
0 0.0066569
0 0.00671424
0 0.00677158
0 0.00682892
0 0.00688626
0 0.0069436
0 0.00700094
0 0.00705828
0 0.00711561
0 0.00717295
0 0.00723029
0 0.00728763
0 0.00734497
0 0.00740231
0 0.00745965
0 0.00751699
0 0.00757432
0 0.00763166
0 0.007689
0 0.00774634
0 0.00780368
0 0.00786102
0 0.00791836
0 0.0079757
0 0.00803303
0 0.00809037
0 0.00814771
0 0.00820505
0 0.00826239
0 0.00831973
0 0.00837707
0 0.00843441
0 0.00849175
0 0.00854908
0 0.00860642
0 0.00866376
0 0.0087211
0 0.00877844
0 0.00883578
0 0.00889312
0 0.00895046
0 0.00900779
0 0.00906513
0 0.00912247
0 0.00917981
0 0.00923715
0 0.00929449
0 0.00935183
0 0.00940917
0 0.0094665
0 0.00952384
0 0.00958118
0 0.00963852
0 0.00969586
0 0.0097532
0 0.00981054
0 0.00986788
0 0.00992521
0 0.00998255
0 0.0100399
0 0.0100972
0 0.0101546
0 0.0102119
0 0.0102692
0 0.0103266
0 0.0103839
0 0.0104413
0 0.0104986
0 0.0105559
0 0.0106133
0 0.0106706
0 0.010728
0 0.0107853
0 0.0108426
0 0.0109
0 0.0109573
0 0.0110147
0 0.011072
0 0.0111293
0 0.0111867
0 0.011244
0 0.0113013
0 0.0113587
0 0.011416
0 0.0114734
0 0.0115307
0 0.011588
0 0.0116454
0 0.0117086
0 0.011837
0 0.0119653
0 0.0120936
0 0.012222
0 0.0123503
0 0.0124787
0 0.012607
0 0.0127354
0 0.0128637
0 0.012992
0 0.0131204
0 0.0132487
0 0.0133771
0 0.0135054
0 0.0136338
0 0.0137621
0 0.0138904
0 0.0140188
0 0.0141471
0 0.0142755
0 0.0144038
0 0.0145321
0 0.0146605
0 0.0147888
0 0.0149172
0 0.0150455
0 0.0151739
0 0.0153022
0 0.0154305
0 0.0155589
0 0.0156875
0 0.0155647
0 0.015442
0 0.0153192
0 0.0151964
0 0.0150737
0 0.0149509
0 0.0148281
0 0.014715
0 0.0146499
0 0.0145847
0 0.0145196
0 0.0144545
0 0.0143894
0 0.0143242
0 0.0142591
0 0.014194
0 0.0141289
0 0.0140637
0 0.0139986
0 0.0139335
0 0.0138684
0 0.0138032
0 0.0137381
0 0.013673
0 0.0136079
0 0.0135427
0 0.0134776
0 0.0134125
0 0.0133473
0 0.0132822
0 0.0132171
0 0.013152
0 0.0130868
0 0.0130217
0 0.0129566
0 0.0128915
0 0.0128263
0 0.0127612
0 0.0126961
0 0.012631
0 0.0125658
0 0.0125007
0 0.0124356
0 0.0123705
0 0.0123053
0 0.0122402
0 0.0121751
0 0.0121099
0 0.0120448
0 0.0119797
0 0.0119146
0 0.0118494
0 0.0117843
0 0.0117192
0 0.0116541
0 0.0115769
0 0.0115014
0 0.0114259
0 0.0113504
0 0.0112749
0 0.0111994
0 0.0111239
0 0.0110484
0 0.0109729
0 0.0108974
0 0.0108219
0 0.0107464
0 0.0106709
0 0.0105954
0 0.0105199
0 0.0104444
0 0.0103689
0 0.0102934
0 0.0102179
0 0.0101424
0 0.0100669
0 0.00999139
0 0.00991589
0 0.00984039
0 0.00976489
0 0.00968938
0 0.00961388
0 0.00953838
0 0.00946288
0 0.00938738
0 0.00931188
0 0.00923638
0 0.00916088
0 0.00908538
0 0.00900988
0 0.0089044
0 0.00879791
0 0.00869142
0 0.00858493
0 0.00847843
0 0.00839439
0 0.00832099
0 0.00824758
0 0.00817418
0 0.00810078
0 0.00802738
0 0.00795398
0 0.00788058
0 0.00780718
0 0.00773378
0 0.00766038
0 0.00758697
0 0.00751357
0 0.00744017
0 0.00736677
0 0.00729337
0 0.00721997
0 0.00714657
0 0.00707317
0 0.00699976
0 0.00692636
0 0.00685296
0 0.00677956
0 0.00670616
0 0.00663276
0 0.00655936
0 0.00648596
0 0.00641255
0 0.00633915
0 0.00626575
0 0.00619235
0 0.00611895
0 0.00604555
0 0.00597215
0 0.00589875
0 0.00582535
0 0.00575194
0 0.00567854
0 0.00560514
0 0.00553174
0 0.00545834
0 0.00538494
0 0.00531154
0 0.00523814
0 0.00516473
0 0.00509133
0 0.00501793
0 0.00494453
0 0.00487113
0 0.00479773
0 0.00472433
0 0.00465093
0 0.00457752
0 0.00450412
0 0.00443072
0 0.00435732
0 0.00428392
0 0.00421052
0 0.00413712
0 0.00406372
0 0.00399031
0 0.00391691
0 0.00384351
0 0.00377011
0 0.00369671
0 0.00362331
0 0.00354991
0 0.00347651
0 0.00340311
0 0.0033297
0 0.0032563
0 0.0031829
0 0.0031095
0 0.0030361
0 0.0029627
0 0.0028893
0 0.0028159
0 0.00274249
0 0.00266909
0 0.00259569
0 0.00252229
0 0.00244889
0 0.00237549
0 0.00230209
0 0.00222869
0 0.00215528
0 0.00208188
0 0.00200848
0 0.00193508
0 0.00186168
0 0.00178828
0 0.00171488
0 0.00164148
0 0.00156808
0 0.00149467
0 0.00142127
0 0.00134787
0 0.00127447
0 0.00120107
0 0.00112767
0 0.00105427
0 0.000980866
0 0.000907464
0 0.000834063
0 0.000760662
0 0.000687261
0 0.00061386
0 0.000540458
0 0.000467057
0 0.000393656
0 0.000320255
0 0.000246854
0 0.000173452
0 0.000100051
0 2.66499e-05
-0.00608792 -1.34625e-05
-0.0191601 -1.53848e-05
-0.0322323 -1.73071e-05
-0.0453046 -1.92294e-05
-0.0583768 -2.11517e-05
-0.071449 -2.3074e-05
-0.0845212 -2.49963e-05
-0.0975934 -2.69186e-05
-0.110666 -2.88409e-05
-0.123738 -3.07632e-05
-0.13681 -3.26855e-05
-0.149882 -3.46077e-05
-0.162954 -3.653e-05
-0.176027 -3.84523e-05
-0.189099 -4.03746e-05
-0.202171 -4.22969e-05
-0.215243 -4.42192e-05
-0.228316 -4.61415e-05
-0.241388 -4.80638e-05
-0.25446 -4.99861e-05
-0.267532 -5.19084e-05
-0.280604 -5.38307e-05
-0.293677 -5.5753e-05
-0.306749 -5.76753e-05
-0.319821 -5.95975e-05
-0.332893 -6.15198e-05
-0.345965 -6.34421e-05
-0.359038 -6.53644e-05
-0.37211 -6.72867e-05
-0.385182 -6.9209e-05
-0.398249 -7.11305e-05
-0.346998 -6.36487e-05
-0.295747 -5.61668e-05
-0.244497 -4.86849e-05
-0.193246 -4.1203e-05
-0.141995 -3.37212e-05
-0.0907442 -2.62393e-05
-0.0394934 -1.87574e-05
0 1.94863e-06
0 6.70748e-05
0 0.000132201
0 0.000197327
0 0.000262453
0 0.00032758
0 0.000392706
0 0.000457832
0 0.000522958
0 0.000588084
0 0.000653211
0 0.000718337
0 0.000783463
0 0.000848589
0 0.000913715
0 0.000978842
0 0.00104397
0 0.00110909
0 0.00117422
0 0.00123935
0 0.00130447
0 0.0013696
0 0.00143473
0 0.00149985
0 0.00156498
0 0.0016301
0 0.00169523
0 0.00176036
0 0.00182548
0 0.00189061
0 0.00195573
0 0.00202086
0 0.00208599
0 0.00215111
0 0.00221624
0 0.00228137
0 0.00234649
0 0.00241162
0 0.00247674
0 0.00254187
0 0.002607
0 0.00267212
0 0.00273725
0 0.00280238
0 0.0028675
0 0.00293263
0 0.00299775
0 0.00306288
0 0.00311659
0 0.00317201
0 0.00322743
0 0.00328285
0 0.00333827
0 0.00339368
0 0.0034491
0 0.00350452
0 0.00355994
0 0.00361536
0 0.00367078
0 0.0037262
0 0.00378162
0 0.00383704
0 0.00389245
0 0.00394787
0 0.00400329
0 0.00405871
0 0.00411413
0 0.00416955
0 0.00422497
0 0.00428039
0 0.00433581
0 0.00439123
0 0.00444664
0 0.00450206
0 0.00455748
0 0.0046129
0 0.00466832
0 0.00472374
0 0.00477916
0 0.00483458
0 0.00489
0 0.00494541
0 0.00500083
0 0.0050258
0 0.00504994
0 0.00507407
0 0.00509821
0 0.00512235
0 0.00516853
0 0.00522591
0 0.0052833
0 0.00534068
0 0.00539807
0 0.00545545
0 0.00551284
0 0.00557022
0 0.00562761
0 0.00568499
0 0.00574238
0 0.00579976
0 0.00585715
0 0.00591453
0 0.00597191
0 0.0060293
0 0.00608668
0 0.00614407
0 0.00620145
0 0.00625884
0 0.00631622
0 0.00637361
0 0.00643099
0 0.00648838
0 0.00654576
0 0.00660315
0 0.00666053
0 0.00671791
0 0.0067753
0 0.00683268
0 0.00689007
0 0.00694745
0 0.00700484
0 0.00706222
0 0.00711961
0 0.00717699
0 0.00723438
0 0.00729176
0 0.00734915
0 0.00740653
0 0.00746391
0 0.0075213
0 0.00757868
0 0.00763607
0 0.00769345
0 0.00775084
0 0.00780822
0 0.00786561
0 0.00792299
0 0.00798038
0 0.00803776
0 0.00809515
0 0.00815253
0 0.00820991
0 0.0082673
0 0.00832468
0 0.00838207
0 0.00843945
0 0.00849684
0 0.00855422
0 0.00861161
0 0.00866899
0 0.00872638
0 0.00878376
0 0.00884115
0 0.00889853
0 0.00895591
0 0.0090133
0 0.00907068
0 0.00912807
0 0.00918545
0 0.00924284
0 0.00930022
0 0.00935761
0 0.00941499
0 0.00947238
0 0.00952976
0 0.00958715
0 0.00964453
0 0.00970191
0 0.0097593
0 0.00981668
0 0.00987407
0 0.00993145
0 0.00998884
0 0.0100462
0 0.0101036
0 0.010161
0 0.0102184
0 0.0102758
0 0.0103331
0 0.0103905
0 0.0104479
0 0.0105053
0 0.0105627
0 0.0106201
0 0.0106775
0 0.0107348
0 0.0107922
0 0.0108496
0 0.010907
0 0.0109644
0 0.0110218
0 0.0110791
0 0.0111365
0 0.0111939
0 0.0112513
0 0.0113087
0 0.0113661
0 0.0114235
0 0.0114808
0 0.0115382
0 0.0115956
0 0.011653
0 0.0117104
0 0.0118372
0 0.0119655
0 0.0120938
0 0.0122222
0 0.0123505
0 0.0124789
0 0.0126072
0 0.0127356
0 0.0128639
0 0.0129923
0 0.0131206
0 0.013249
0 0.0133773
0 0.0135056
0 0.013634
0 0.0137623
0 0.0138907
0 0.014019
0 0.0141474
0 0.0142757
0 0.0144041
0 0.0145324
0 0.0146608
0 0.0147891
0 0.0149174
0 0.0150458
0 0.0151741
0 0.0153025
0 0.0154308
0 0.0155592
0 0.0156875
0 0.0155647
0 0.015442
0 0.0153192
0 0.0151964
0 0.0150737
0 0.0149509
0 0.0148281
0 0.014715
0 0.0146499
0 0.0145847
0 0.0145196
0 0.0144545
0 0.0143894
0 0.0143242
0 0.0142591
0 0.014194
0 0.0141289
0 0.0140637
0 0.0139986
0 0.0139335
0 0.0138684
0 0.0138032
0 0.0137381
0 0.013673
0 0.0136079
0 0.0135427
0 0.0134776
0 0.0134125
0 0.0133473
0 0.0132822
0 0.0132171
0 0.013152
0 0.0130868
0 0.0130217
0 0.0129566
0 0.0128915
0 0.0128263
0 0.0127612
0 0.0126961
0 0.012631
0 0.0125658
0 0.0125007
0 0.0124356
0 0.0123705
0 0.0123053
0 0.0122402
0 0.0121751
0 0.0121099
0 0.0120448
0 0.0119797
0 0.0119146
0 0.0118494
0 0.0117843
0 0.0117192
0 0.0116541
0 0.0115769
0 0.0115014
0 0.0114259
0 0.0113504
0 0.0112749
0 0.0111994
0 0.0111239
0 0.0110484
0 0.0109729
0 0.0108974
0 0.0108219
0 0.0107464
0 0.0106709
0 0.0105954
0 0.0105199
0 0.0104444
0 0.0103689
0 0.0102934
0 0.0102179
0 0.0101424
0 0.0100669
0 0.00999139
0 0.00991589
0 0.00984039
0 0.00976489
0 0.00968939
0 0.00961389
0 0.00953839
0 0.00946289
0 0.00938739
0 0.00931189
0 0.00923639
0 0.00916089
0 0.00908538
0 0.00900988
0 0.00890441
0 0.00879792
0 0.00869143
0 0.00858494
0 0.00847844
0 0.00839439
0 0.00832099
0 0.00824759
0 0.00817419
0 0.00810079
0 0.00802739
0 0.00795399
0 0.00788059
0 0.00780719
0 0.00773378
0 0.00766038
0 0.00758698
0 0.00751358
0 0.00744018
0 0.00736678
0 0.00729338
0 0.00721998
0 0.00714658
0 0.00707317
0 0.00699977
0 0.00692637
0 0.00685297
0 0.00677957
0 0.00670617
0 0.00663277
0 0.00655937
0 0.00648597
0 0.00641256
0 0.00633916
0 0.00626576
0 0.00619236
0 0.00611896
0 0.00604556
0 0.00597216
0 0.00589876
0 0.00582536
0 0.00575195
0 0.00567855
0 0.00560515
0 0.00553175
0 0.00545835
0 0.00538495
0 0.00531155
0 0.00523815
0 0.00516475
0 0.00509135
0 0.00501794
0 0.00494454
0 0.00487114
0 0.00479774
0 0.00472434
0 0.00465094
0 0.00457754
0 0.00450414
0 0.00443074
0 0.00435733
0 0.00428393
0 0.00421053
0 0.00413713
0 0.00406373
0 0.00399033
0 0.00391693
0 0.00384353
0 0.00377013
0 0.00369672
0 0.00362332
0 0.00354992
0 0.00347652
0 0.00340312
0 0.00332972
0 0.00325632
0 0.00318292
0 0.00310952
0 0.00303611
0 0.00296271
0 0.00288931
0 0.00281591
0 0.00274251
0 0.00266911
0 0.00259571
0 0.00252231
0 0.00244891
0 0.00237551
0 0.0023021
0 0.0022287
0 0.0021553
0 0.0020819
0 0.0020085
0 0.0019351
0 0.0018617
0 0.0017883
0 0.0017149
0 0.00164149
0 0.00156809
0 0.00149469
0 0.00142129
0 0.00134789
0 0.00127449
0 0.00120109
0 0.00112769
0 0.00105429
0 0.000980885
0 0.000907484
0 0.000834082
0 0.000760681
0 0.00068728
0 0.000613879
0 0.000540478
0 0.000467077
0 0.000393676
0 0.000320275
0 0.000246874
0 0.000173473
0 0.000100072
0 2.66706e-05
-0.0060842 -1.3462e-05
-0.0191564 -1.53843e-05
-0.0322285 -1.73066e-05
-0.0453007 -1.92288e-05
-0.0583729 -2.11511e-05
-0.071445 -2.30734e-05
-0.0845172 -2.49957e-05
-0.0975893 -2.6918e-05
-0.110662 -2.88403e-05
-0.123734 -3.07626e-05
-0.136806 -3.26848e-05
-0.149878 -3.46071e-05
-0.16295 -3.65294e-05
-0.176022 -3.84517e-05
-0.189094 -4.0374e-05
-0.202167 -4.22963e-05
-0.215239 -4.42185e-05
-0.228311 -4.61408e-05
-0.241383 -4.80631e-05
-0.254455 -4.99854e-05
-0.267527 -5.19077e-05
-0.2806 -5.383e-05
-0.293672 -5.57523e-05
-0.306744 -5.76745e-05
-0.319816 -5.95968e-05
-0.332888 -6.15191e-05
-0.34596 -6.34414e-05
-0.359033 -6.53637e-05
-0.372105 -6.7286e-05
-0.385177 -6.92082e-05
-0.398249 -7.11305e-05
-0.346998 -6.36487e-05
-0.295747 -5.61668e-05
-0.244497 -4.86849e-05
-0.193246 -4.1203e-05
-0.141995 -3.37212e-05
-0.0907442 -2.62393e-05
-0.0394934 -1.87574e-05
0 1.94864e-06
0 6.70748e-05
0 0.000132201
0 0.000197327
0 0.000262453
0 0.00032758
0 0.000392706
0 0.000457832
0 0.000522958
0 0.000588084
0 0.000653211
0 0.000718337
0 0.000783463
0 0.000848589
0 0.000913715
0 0.000978842
0 0.00104397
0 0.00110909
0 0.00117422
0 0.00123935
0 0.00130447
0 0.0013696
0 0.00143473
0 0.00149985
0 0.00156498
0 0.0016301
0 0.00169523
0 0.00176036
0 0.00182548
0 0.00189061
0 0.00195573
0 0.00202086
0 0.00208599
0 0.00215111
0 0.00221624
0 0.00228137
0 0.00234649
0 0.00241162
0 0.00247674
0 0.00254187
0 0.002607
0 0.00267212
0 0.00273725
0 0.00280238
0 0.0028675
0 0.00293263
0 0.00299775
0 0.00306288
0 0.00311659
0 0.00317201
0 0.00322743
0 0.00328285
0 0.00333827
0 0.00339368
0 0.0034491
0 0.00350452
0 0.00355994
0 0.00361536
0 0.00367078
0 0.0037262
0 0.00378162
0 0.00383704
0 0.00389245
0 0.00394787
0 0.00400329
0 0.00405871
0 0.00411413
0 0.00416955
0 0.00422497
0 0.00428039
0 0.00433581
0 0.00439123
0 0.00444664
0 0.00450206
0 0.00455748
0 0.0046129
0 0.00466832
0 0.00472374
0 0.00477916
0 0.00483458
0 0.00489
0 0.00494541
0 0.00500083
0 0.0050258
0 0.00504994
0 0.00507408
0 0.00509821
0 0.00512235
0 0.00516853
0 0.00522591
0 0.0052833
0 0.00534068
0 0.00539807
0 0.00545545
0 0.00551284
0 0.00557022
0 0.00562761
0 0.00568499
0 0.00574238
0 0.00579976
0 0.00585715
0 0.00591453
0 0.00597191
0 0.0060293
0 0.00608668
0 0.00614407
0 0.00620145
0 0.00625884
0 0.00631622
0 0.00637361
0 0.00643099
0 0.00648838
0 0.00654576
0 0.00660315
0 0.00666053
0 0.00671791
0 0.0067753
0 0.00683268
0 0.00689007
0 0.00694745
0 0.00700484
0 0.00706222
0 0.00711961
0 0.00717699
0 0.00723438
0 0.00729176
0 0.00734915
0 0.00740653
0 0.00746391
0 0.0075213
0 0.00757868
0 0.00763607
0 0.00769345
0 0.00775084
0 0.00780822
0 0.00786561
0 0.00792299
0 0.00798038
0 0.00803776
0 0.00809515
0 0.00815253
0 0.00820991
0 0.0082673
0 0.00832468
0 0.00838207
0 0.00843945
0 0.00849684
0 0.00855422
0 0.00861161
0 0.00866899
0 0.00872638
0 0.00878376
0 0.00884115
0 0.00889853
0 0.00895591
0 0.0090133
0 0.00907068
0 0.00912807
0 0.00918545
0 0.00924284
0 0.00930022
0 0.00935761
0 0.00941499
0 0.00947238
0 0.00952976
0 0.00958715
0 0.00964453
0 0.00970191
0 0.0097593
0 0.00981668
0 0.00987407
0 0.00993145
0 0.00998884
0 0.0100462
0 0.0101036
0 0.010161
0 0.0102184
0 0.0102758
0 0.0103331
0 0.0103905
0 0.0104479
0 0.0105053
0 0.0105627
0 0.0106201
0 0.0106775
0 0.0107348
0 0.0107922
0 0.0108496
0 0.010907
0 0.0109644
0 0.0110218
0 0.0110791
0 0.0111365
0 0.0111939
0 0.0112513
0 0.0113087
0 0.0113661
0 0.0114235
0 0.0114808
0 0.0115382
0 0.0115956
0 0.011653
0 0.0117104
0 0.0118372
0 0.0119655
0 0.0120938
0 0.0122222
0 0.0123505
0 0.0124789
0 0.0126072
0 0.0127356
0 0.0128639
0 0.0129923
0 0.0131206
0 0.013249
0 0.0133773
0 0.0135056
0 0.013634
0 0.0137623
0 0.0138907
0 0.014019
0 0.0141474
0 0.0142757
0 0.0144041
0 0.0145324
0 0.0146608
0 0.0147891
0 0.0149174
0 0.0150458
0 0.0151741
0 0.0153025
0 0.0154308
0 0.0155592
0 0.0156875
0 0.0158176
0 0.0159477
0 0.0160779
0 0.016208
0 0.0163381
0 0.0164682
0 0.0165983
0 0.0167284
0 0.0168585
0 0.0169886
0 0.0171188
0 0.0172489
0 0.017379
0 0.0175091
0 0.0176392
0 0.0177693
0 0.0178994
0 0.0180295
0 0.0181597
0 0.0182898
0 0.0184199
0 0.01855
0 0.0186801
0 0.0188102
0 0.0189403
0 0.0190704
0 0.0192006
0 0.0193307
0 0.0194608
0 0.0195909
0 0.019721
0 0.0198511
0 0.0199812
0 0.0201113
0 0.0202415
0 0.0203716
0 0.0205017
0 0.0206318
0 0.0207619
0 0.020892
0 0.0207693
0 0.0206465
0 0.0205237
0 0.0204009
0 0.0202782
0 0.0201554
0 0.0200326
0 0.0199099
0 0.0198116
0 0.0197465
0 0.0196814
0 0.0196163
0 0.0195511
0 0.019486
0 0.0194209
0 0.0193558
0 0.0192906
0 0.0192255
0 0.0191604
0 0.0190953
0 0.0190301
0 0.018965
0 0.0188999
0 0.0188348
0 0.0187696
0 0.0187045
0 0.0186394
0 0.0185742
0 0.0185091
0 0.018444
0 0.0183789
0 0.0183137
0 0.0182486
0 0.0181835
0 0.0181184
0 0.0180532
0 0.0179881
0 0.017923
0 0.0178579
0 0.0177927
0 0.0177276
0 0.0176625
0 0.0175974
0 0.0175322
0 0.0174671
0 0.017402
0 0.0173369
0 0.0172717
0 0.0172066
0 0.0171415
0 0.0170763
0 0.0170112
0 0.0169461
0 0.016881
0 0.0168158
0 0.0167461
0 0.0166579
0 0.0165724
0 0.0164868
0 0.0164013
0 0.0163157
0 0.0162302
0 0.0161447
0 0.0160591
0 0.0159736
0 0.015888
0 0.0158025
0 0.0157169
0 0.0156314
0 0.0155458
0 0.0154603
0 0.0153747
0 0.0152892
0 0.0152037
0 0.0151181
0 0.0150326
0 0.014947
0 0.0148615
0 0.0147759
0 0.0146904
0 0.0146048
0 0.0145193
0 0.0144337
0 0.0143482
0 0.0142627
0 0.0141771
0 0.0140916
0 0.014006
0 0.0139205
0 0.0138349
0 0.0137494
0 0.0136638
0 0.0135783
0 0.0134928
0 0.0134072
0 0.0133217
0 0.0132361
0 0.0131506
0 0.0130539
0 0.0129425
0 0.0128311
0 0.0127197
0 0.0126083
0 0.0124969
0 0.0123855
0 0.0122966
0 0.0122145
0 0.0121325
0 0.0120504
0 0.0119684
0 0.0118863
0 0.0118043
0 0.0117223
0 0.0116402
0 0.0115582
0 0.0114761
0 0.0113941
0 0.0113121
0 0.01123
0 0.011148
0 0.0110659
0 0.0109839
0 0.0109018
0 0.0108198
0 0.0107378
0 0.0106557
0 0.0105737
0 0.0104916
0 0.0104096
0 0.0103275
0 0.0102455
0 0.0101635
0 0.0100814
0 0.00999938
0 0.00991733
0 0.00983529
0 0.00975325
0 0.00967121
0 0.00958916
0 0.00950712
0 0.00942508
0 0.00934304
0 0.00926099
0 0.00917895
0 0.00909691
0 0.00901487
0 0.00893283
0 0.00885078
0 0.00876874
0 0.0086867
0 0.00860466
0 0.00852261
0 0.00844057
0 0.00835853
0 0.00827649
0 0.00819445
0 0.0081124
0 0.00803036
0 0.00794832
0 0.00786628
0 0.00778423
0 0.00770219
0 0.00762015
0 0.00753811
0 0.00745607
0 0.00737402
0 0.00729198
0 0.00720994
0 0.0071279
0 0.00704585
0 0.00696381
0 0.00688177
0 0.00679973
0 0.00671769
0 0.00663564
0 0.0065536
0 0.00647156
0 0.00638952
0 0.00630747
0 0.00622543
0 0.00614339
0 0.00606135
0 0.00597931
0 0.00589726
0 0.00581522
0 0.00573318
0 0.00565114
0 0.00556909
0 0.00548705
0 0.00540501
0 0.00532297
0 0.00524093
0 0.00515888
0 0.00507684
0 0.0049948
0 0.00491276
0 0.00483071
0 0.00474867
0 0.00466663
0 0.00458459
0 0.00450255
0 0.0044205
0 0.00433846
0 0.00425642
0 0.00417438
0 0.00409233
0 0.00401029
0 0.00392825
0 0.00384621
0 0.00376416
0 0.00368212
0 0.00360008
0 0.00351804
0 0.003436
0 0.00335395
0 0.00327191
0 0.00318987
0 0.00310783
0 0.00302578
0 0.00294374
0 0.0028617
0 0.00277966
0 0.00269762
0 0.00261557
0 0.00253353
0 0.00245149
0 0.00236945
0 0.0022874
0 0.00220536
0 0.00212332
0 0.00204128
0 0.00195924
0 0.00187719
0 0.00179515
0 0.00171311
0 0.00163107
0 0.00154902
0 0.00146698
0 0.00138494
0 0.0013029
0 0.00122086
0 0.00113881
0 0.00105677
0 0.000974729
0 0.000892687
0 0.000810644
0 0.000728602
0 0.00064656
0 0.000564518
0 0.000482476
0 0.000400433
0 0.000318391
0 0.000236349
0 0.000154307
0 7.22643e-05
0 -9.77792e-06
-0.0126583 -1.44287e-05
-0.0257622 -1.63557e-05
-0.038866 -1.82826e-05
-0.0519698 -2.02096e-05
-0.0650737 -2.21365e-05
-0.0781775 -2.40634e-05
-0.0912814 -2.59904e-05
-0.104385 -2.79173e-05
-0.117489 -2.98443e-05
-0.130593 -3.17712e-05
-0.143697 -3.36982e-05
-0.156801 -3.56251e-05
-0.169904 -3.7552e-05
-0.183008 -3.9479e-05
-0.196112 -4.14059e-05
-0.209216 -4.33329e-05
-0.22232 -4.52598e-05
-0.235424 -4.71868e-05
-0.248527 -4.91137e-05
-0.261631 -5.10406e-05
-0.274735 -5.29676e-05
-0.287839 -5.48945e-05
-0.300943 -5.68215e-05
-0.314047 -5.87484e-05
-0.32616 -6.05298e-05
-0.327113 -6.06698e-05
-0.328065 -6.08099e-05
-0.329018 -6.095e-05
-0.329971 -6.109e-05
-0.330923 -6.12301e-05
-0.331876 -6.13702e-05
-0.332828 -6.15102e-05
-0.333781 -6.16503e-05
-0.334733 -6.17904e-05
-0.335686 -6.19305e-05
-0.336638 -6.20705e-05
-0.337591 -6.22106e-05
-0.338543 -6.23507e-05
-0.339496 -6.24907e-05
-0.340448 -6.26308e-05
-0.341401 -6.27709e-05
-0.342353 -6.29109e-05
-0.343306 -6.3051e-05
-0.344258 -6.31911e-05
-0.345211 -6.33311e-05
-0.346163 -6.34712e-05
-0.347116 -6.36113e-05
-0.348068 -6.37514e-05
-0.349021 -6.38914e-05
-0.349973 -6.40315e-05
-0.350926 -6.41716e-05
-0.351878 -6.43116e-05
-0.352831 -6.44517e-05
-0.353783 -6.45918e-05
-0.354736 -6.47318e-05
-0.355688 -6.48719e-05
-0.356641 -6.5012e-05
-0.357593 -6.5152e-05
-0.358546 -6.52921e-05
-0.359498 -6.54322e-05
-0.360451 -6.55722e-05
-0.361403 -6.57123e-05
-0.362356 -6.58524e-05
-0.363309 -6.59925e-05
-0.364261 -6.61325e-05
-0.365214 -6.62726e-05
-0.313963 -5.87907e-05
-0.262712 -5.13089e-05
-0.211461 -4.3827e-05
-0.16021 -3.63451e-05
-0.108959 -2.88632e-05
-0.0577086 -2.13814e-05
-0.00645779 -1.38995e-05
0 4.39633e-05
0 0.00010909
0 0.000174216
0 0.000239342
0 0.000304468
0 0.000369594
0 0.000434721
0 0.000499847
0 0.000564973
0 0.000630099
0 0.000695225
0 0.000760352
0 0.000825478
0 0.000890604
0 0.00095573
0 0.00102086
0 0.00108598
0 0.00115111
0 0.00121623
0 0.00128136
0 0.00134649
0 0.00141161
0 0.00147674
0 0.00154187
0 0.00160699
0 0.00167212
0 0.00173724
0 0.00180237
0 0.0018675
0 0.00193262
0 0.00199775
0 0.00206288
0 0.002128
0 0.00219313
0 0.00225825
0 0.00232338
0 0.00238851
0 0.00245363
0 0.00251876
0 0.00258389
0 0.00264901
0 0.00271414
0 0.00277926
0 0.00284439
0 0.00290952
0 0.00297464
0 0.00303977
0 0.00310489
0 0.00317002
0 0.00323515
0 0.0032818
0 0.00333849
0 0.00339517
0 0.00345185
0 0.00350854
0 0.00356522
0 0.0036219
0 0.00367859
0 0.00373527
0 0.00379195
0 0.00384864
0 0.00390532
0 0.003962
0 0.00401868
0 0.00407537
0 0.00413205
0 0.00418873
0 0.00424542
0 0.0043021
0 0.00435878
0 0.00441547
0 0.00447215
0 0.00452883
0 0.00458552
0 0.0046422
0 0.00469888
0 0.00475557
0 0.00481225
0 0.00486893
0 0.00492561
0 0.0049823
0 0.00503898
0 0.00509566
0 0.00515235
0 0.00520903
0 0.00526571
0 0.0053224
0 0.00537908
0 0.00543576
0 0.00549245
0 0.00554913
0 0.00560581
0 0.00566249
0 0.00571918
0 0.00577586
0 0.00583254
0 0.00588923
0 0.00594591
0 0.00600259
0 0.00605151
0 0.00607753
0 0.00610355
0 0.00612956
0 0.00615558
0 0.0061816
0 0.00620762
0 0.00623363
0 0.00625965
0 0.00628567
0 0.0063317
0 0.00638965
0 0.00644761
0 0.00650557
0 0.00656353
0 0.00662149
0 0.00667945
0 0.00673741
0 0.00679537
0 0.00685332
0 0.00691128
0 0.00696924
0 0.0070272
0 0.00708516
0 0.00714312
0 0.00720108
0 0.00725903
0 0.00731699
0 0.00737495
0 0.00743291
0 0.00749087
0 0.00754883
0 0.00760679
0 0.00766475
0 0.0077227
0 0.00778066
0 0.00783862
0 0.00789658
0 0.00795454
0 0.0080125
0 0.00807046
0 0.00812842
0 0.00818637
0 0.00824433
0 0.00830229
0 0.00836025
0 0.00841821
0 0.00847617
0 0.00853413
0 0.00859209
0 0.00865004
0 0.008708
0 0.00876596
0 0.00882392
0 0.00888188
0 0.00893984
0 0.0089978
0 0.00905575
0 0.00911371
0 0.00917167
0 0.00922963
0 0.00928759
0 0.00934555
0 0.00940351
0 0.00946147
0 0.00951942
0 0.00957738
0 0.00963534
0 0.0096933
0 0.00975126
0 0.00980922
0 0.00986718
0 0.00992514
0 0.00998309
0 0.0100411
0 0.010099
0 0.010157
0 0.0102149
0 0.0102729
0 0.0103308
0 0.0103888
0 0.0104468
0 0.0105047
0 0.0105627
0 0.0106206
0 0.0106786
0 0.0107366
0 0.0107945
0 0.0108525
0 0.0109104
0 0.0109684
0 0.0110264
0 0.0110843
0 0.0111423
0 0.0112002
0 0.0112582
0 0.0113161
0 0.0113741
0 0.0114321
0 0.01149
0 0.011548
0 0.0116059
0 0.0116639
0 0.0117219
0 0.0117798
0 0.0118378
0 0.0118957
0 0.0119537
0 0.0120116
0 0.0120696
0 0.0121276
0 0.0121855
0 0.0122435
0 0.0123014
0 0.0123594
0 0.0124174
0 0.0124753
0 0.0125333
0 0.0125912
0 0.0126492
0 0.0127072
0 0.0127651
0 0.0128231
0 0.012881
0 0.012939
0 0.0129969
0 0.0130549
0 0.0131129
0 0.0131708
0 0.0132288
0 0.0132867
0 0.0133447
0 0.0134027
0 0.0134606
0 0.0135186
0 0.0135765
0 0.0136345
0 0.0136925
0 0.0137504
0 0.0138084
0 0.0138663
0 0.0139243
0 0.0139822
0 0.0140402
0 0.0140982
0 0.0141561
0 0.0142141
0 0.014272
0 0.01433
0 0.014388
0 0.0144459
0 0.0145039
0 0.0145618
0 0.0146198
0 0.0146778
0 0.0147357
0 0.0147937
0 0.0148516
0 0.0149096
0 0.0149675
0 0.0150255
0 0.0150835
0 0.0151414
0 0.0151994
0 0.0152573
0 0.0153153
0 0.0153733
0 0.0154312
0 0.0154892
0 0.0155471
0 0.0156051
0 0.015663
0 0.015721
0 0.015779
0 0.0158369
0 0.0158949
0 0.0159528
0 0.0160108
0 0.016136
0 0.0162648
0 0.0163937
0 0.0165225
0 0.0166513
0 0.0167802
0 0.016909
0 0.0170378
0 0.0171667
0 0.0172955
0 0.0174243
0 0.0175532
0 0.017682
0 0.0178108
0 0.0179397
0 0.0180685
0 0.0181974
0 0.0183262
0 0.018455
0 0.0185839
0 0.0187127
0 0.0188415
0 0.0189704
0 0.0190992
0 0.019228
0 0.0193569
0 0.0194857
0 0.0196145
0 0.0197434
0 0.0198722
0 0.020001
0 0.0201299
0 0.0202587
0 0.0203875
0 0.0205164
0 0.0206452
0 0.020774
0 0.020903
0 0.0207802
0 0.0206574
0 0.0205347
0 0.0204119
0 0.0202891
0 0.0201664
0 0.0200436
0 0.0199714
0 0.0199063
0 0.0198412
0 0.0197761
0 0.0197109
0 0.0196458
0 0.0195807
0 0.0195156
0 0.0194504
0 0.0193853
0 0.0193202
0 0.0192551
0 0.0191899
0 0.0191248
0 0.0190597
0 0.0189946
0 0.0189294
0 0.0188643
0 0.0187992
0 0.018734
0 0.0186689
0 0.0186038
0 0.0185387
0 0.0184735
0 0.0184084
0 0.0183433
0 0.0182782
0 0.018213
0 0.0181479
0 0.0180828
0 0.0180177
0 0.0179525
0 0.0178874
0 0.0178223
0 0.0177572
0 0.017692
0 0.0176269
0 0.0175618
0 0.0174967
0 0.0174315
0 0.0173664
0 0.0173013
0 0.0172361
0 0.017171
0 0.0171059
0 0.0170408
0 0.0169756
0 0.0169105
0 0.0168454
0 0.0167803
0 0.0166967
0 0.0166232
0 0.0165496
0 0.0164761
0 0.0164025
0 0.016329
0 0.0162555
0 0.0161819
0 0.0161084
0 0.0160348
0 0.0159613
0 0.0158878
0 0.0158142
0 0.0157407
0 0.0156671
0 0.0155936
0 0.0155201
0 0.0154465
0 0.015373
0 0.0152994
0 0.0152259
0 0.0151524
0 0.0150788
0 0.0150053
0 0.0149317
0 0.0148582
0 0.0147846
0 0.0147111
0 0.0146376
0 0.014564
0 0.0144905
0 0.0144169
0 0.0143434
0 0.0142699
0 0.0141963
0 0.0141228
0 0.0140492
0 0.0139757
0 0.0139022
0 0.0138286
0 0.0137551
0 0.0136815
0 0.013608
0 0.0135345
0 0.0134609
0 0.0133874
0 0.0133138
0 0.0132403
0 0.0131667
0 0.013086
0 0.0129818
0 0.0128776
0 0.0127734
0 0.0126692
0 0.0125649
0 0.0124607
0 0.0123565
0 0.0122523
0 0.0121481
0 0.012063
0 0.0119908
0 0.0119185
0 0.0118462
0 0.011774
0 0.0117017
0 0.0116294
0 0.0115572
0 0.0114849
0 0.0114126
0 0.0113403
0 0.0112681
0 0.0111958
0 0.0111235
0 0.0110513
0 0.010979
0 0.0109067
0 0.0108345
0 0.0107622
0 0.0106899
0 0.0106176
0 0.0105454
0 0.0104731
0 0.0104008
0 0.0103286
0 0.0102563
0 0.010184
0 0.0101118
0 0.0100395
0 0.00996722
0 0.00989495
0 0.00982268
0 0.00975041
0 0.00967814
0 0.00960587
0 0.0095336
0 0.00946133
0 0.00938906
0 0.00931679
0 0.00924452
0 0.00917225
0 0.00909998
0 0.00902771
0 0.00895544
0 0.00888317
0 0.0088109
0 0.00873863
0 0.00866636
0 0.00859409
0 0.00852182
0 0.00844955
0 0.00837728
0 0.00830501
0 0.00823274
0 0.00816047
0 0.0080882
0 0.00801593
0 0.00794367
0 0.0078714
0 0.00779913
0 0.00772686
0 0.00765459
0 0.00758232
0 0.00751005
0 0.00743778
0 0.00736551
0 0.00729324
0 0.00722097
0 0.0071487
0 0.00707643
0 0.00700416
0 0.00693189
0 0.00685962
0 0.00678735
0 0.00671508
0 0.00664281
0 0.00657054
0 0.00649827
0 0.006426
0 0.00635373
0 0.00628146
0 0.00620919
0 0.00613692
0 0.00606465
0 0.00599238
0 0.00592011
0 0.00584784
0 0.00577557
0 0.0057033
0 0.00563103
0 0.00555876
0 0.00548649
0 0.00541422
0 0.00534195
0 0.00526968
0 0.00519741
0 0.00512514
0 0.00505287
0 0.0049806
0 0.00490833
0 0.00483606
0 0.00476379
0 0.00469152
0 0.00461925
0 0.00454698
0 0.00447471
0 0.00440244
0 0.00433017
0 0.0042579
0 0.00418563
0 0.00411337
0 0.0040411
0 0.00396883
0 0.00389656
0 0.00382429
0 0.00375202
0 0.00367975
0 0.00360748
0 0.00353521
0 0.00346294
0 0.00339067
0 0.0033184
0 0.00324613
0 0.00317386
0 0.00310159
0 0.00302932
0 0.00295705
0 0.00288478
0 0.00281251
0 0.00274024
0 0.00266797
0 0.0025957
0 0.00252343
0 0.00245116
0 0.00237889
0 0.00230662
0 0.00223435
0 0.00216208
0 0.00208981
0 0.00201754
0 0.00194527
0 0.001873
0 0.00180073
0 0.00172846
0 0.00165619
0 0.00158392
0 0.00151165
0 0.00143938
0 0.00136711
0 0.00129484
0 0.00122257
0 0.0011503
0 0.00107803
0 0.00100576
0 0.000933493
0 0.000861223
0 0.000788954
0 0.000716684
0 0.000644414
0 0.000572144
0 0.000499874
0 0.000427605
0 0.000355335
0 0.000283065
0 0.000210795
0 0.000138525
0 6.62555e-05
0 -6.01435e-06
-0.0087576 -1.38551e-05
-0.0183885 -1.52714e-05
-0.0280193 -1.66876e-05
-0.0376502 -1.81038e-05
-0.047281 -1.95201e-05
-0.0569119 -2.09363e-05
-0.0665428 -2.23525e-05
-0.0761736 -2.37688e-05
-0.0858045 -2.5185e-05
-0.0954354 -2.66012e-05
-0.105066 -2.80175e-05
-0.114697 -2.94337e-05
-0.124328 -3.08499e-05
-0.133959 -3.22662e-05
-0.14359 -3.36824e-05
-0.153221 -3.50986e-05
-0.162851 -3.65149e-05
-0.172482 -3.79311e-05
-0.182113 -3.93474e-05
-0.191744 -4.07636e-05
-0.201375 -4.21798e-05
-0.211006 -4.35961e-05
-0.220637 -4.50123e-05
-0.230267 -4.64285e-05
-0.239898 -4.78448e-05
-0.249529 -4.9261e-05
-0.25916 -5.06772e-05
-0.268791 -5.20935e-05
-0.278422 -5.35097e-05
-0.288053 -5.49259e-05
-0.297683 -5.63422e-05
-0.307314 -5.77584e-05
-0.316945 -5.91746e-05
-0.326576 -6.05909e-05
-0.336207 -6.20071e-05
-0.345838 -6.34234e-05
-0.355469 -6.48396e-05
-0.365098 -6.62557e-05
-0.313848 -5.87738e-05
-0.262597 -5.12919e-05
-0.211346 -4.381e-05
-0.160095 -3.63282e-05
-0.108844 -2.88463e-05
-0.0575935 -2.13644e-05
-0.00634263 -1.38826e-05
0 4.41098e-05
0 0.000109236
0 0.000174362
0 0.000239488
0 0.000304615
0 0.000369741
0 0.000434867
0 0.000499993
0 0.000565119
0 0.000630246
0 0.000695372
0 0.000760498
0 0.000825624
0 0.00089075
0 0.000955877
0 0.001021
0 0.00108613
0 0.00115126
0 0.00121638
0 0.00128151
0 0.00134663
0 0.00141176
0 0.00147689
0 0.00154201
0 0.00160714
0 0.00167226
0 0.00173739
0 0.00180252
0 0.00186764
0 0.00193277
0 0.0019979
0 0.00206302
0 0.00212815
0 0.00219327
0 0.0022584
0 0.00232353
0 0.00238865
0 0.00245378
0 0.00251891
0 0.00258403
0 0.00264916
0 0.00271428
0 0.00277941
0 0.00284454
0 0.00290966
0 0.00297479
0 0.00303992
0 0.00310504
0 0.00317017
0 0.00323529
0 0.00328197
0 0.00333868
0 0.00339538
0 0.00345209
0 0.00350879
0 0.00356549
0 0.0036222
0 0.0036789
0 0.00373561
0 0.00379231
0 0.00384901
0 0.00390572
0 0.00396242
0 0.00401913
0 0.00407583
0 0.00413253
0 0.00418924
0 0.00424594
0 0.00430265
0 0.00435935
0 0.00441605
0 0.00447276
0 0.00452946
0 0.00458617
0 0.00464287
0 0.00469957
0 0.00475628
0 0.00481298
0 0.00486969
0 0.00492639
0 0.00498309
0 0.0050398
0 0.0050965
0 0.00515321
0 0.00520991
0 0.00526661
0 0.00532332
0 0.00538002
0 0.00543673
0 0.00549343
0 0.00555013
0 0.00560684
0 0.00566354
0 0.00572025
0 0.00577695
0 0.00583365
0 0.00589036
0 0.00594706
0 0.00600377
0 0.00605319
0 0.00607922
0 0.00610525
0 0.00613129
0 0.00615732
0 0.00618335
0 0.00620938
0 0.00623541
0 0.00626144
0 0.00628747
0 0.0063328
0 0.00639078
0 0.00644875
0 0.00650673
0 0.0065647
0 0.00662268
0 0.00668066
0 0.00673863
0 0.00679661
0 0.00685459
0 0.00691256
0 0.00697054
0 0.00702851
0 0.00708649
0 0.00714447
0 0.00720244
0 0.00726042
0 0.00731839
0 0.00737637
0 0.00743435
0 0.00749232
0 0.0075503
0 0.00760828
0 0.00766625
0 0.00772423
0 0.0077822
0 0.00784018
0 0.00789816
0 0.00795613
0 0.00801411
0 0.00807208
0 0.00813006
0 0.00818804
0 0.00824601
0 0.00830399
0 0.00836196
0 0.00841994
0 0.00847792
0 0.00853589
0 0.00859387
0 0.00865185
0 0.00870982
0 0.0087678
0 0.00882577
0 0.00888375
0 0.00894173
0 0.0089997
0 0.00905768
0 0.00911565
0 0.00917363
0 0.00923161
0 0.00928958
0 0.00934756
0 0.00940554
0 0.00946351
0 0.00952149
0 0.00957946
0 0.00963744
0 0.00969542
0 0.00975339
0 0.00981137
0 0.00986934
0 0.00992732
0 0.0099853
0 0.0100433
0 0.0101012
0 0.0101592
0 0.0102172
0 0.0102752
0 0.0103332
0 0.0103911
0 0.0104491
0 0.0105071
0 0.0105651
0 0.010623
0 0.010681
0 0.010739
0 0.010797
0 0.0108549
0 0.0109129
0 0.0109709
0 0.0110289
0 0.0110868
0 0.0111448
0 0.0112028
0 0.0112608
0 0.0113187
0 0.0113767
0 0.0114347
0 0.0114927
0 0.0115507
0 0.0116086
0 0.0116666
0 0.0117246
0 0.0117826
0 0.0118405
0 0.0118985
0 0.0119565
0 0.0120145
0 0.0120724
0 0.0121304
0 0.0121884
0 0.0122464
0 0.0123043
0 0.0123623
0 0.0124203
0 0.0124783
0 0.0125362
0 0.0125942
0 0.0126522
0 0.0127102
0 0.0127682
0 0.0128261
0 0.0128841
0 0.0129421
0 0.0130001
0 0.013058
0 0.013116
0 0.013174
0 0.013232
0 0.0132899
0 0.0133479
0 0.0134059
0 0.0134639
0 0.0135218
0 0.0135798
0 0.0136378
0 0.0136958
0 0.0137537
0 0.0138117
0 0.0138697
0 0.0139277
0 0.0139857
0 0.0140436
0 0.0141016
0 0.0141596
0 0.0142176
0 0.0142755
0 0.0143335
0 0.0143915
0 0.0144495
0 0.0145074
0 0.0145654
0 0.0146234
0 0.0146814
0 0.0147393
0 0.0147973
0 0.0148553
0 0.0149133
0 0.0149712
0 0.0150292
0 0.0150872
0 0.0151452
0 0.0152031
0 0.0152611
0 0.0153191
0 0.0153771
0 0.0154351
0 0.015493
0 0.015551
0 0.015609
0 0.015667
0 0.0157249
0 0.0157829
0 0.0158409
0 0.0158989
0 0.0159568
0 0.0160148
0 0.0161361
0 0.0162649
0 0.0163938
0 0.0165226
0 0.0166514
0 0.0167803
0 0.0169091
0 0.0170379
0 0.0171668
0 0.0172956
0 0.0174244
0 0.0175533
0 0.0176821
0 0.0178109
0 0.0179398
0 0.0180686
0 0.0181974
0 0.0183263
0 0.0184551
0 0.0185839
0 0.0187128
0 0.0188416
0 0.0189705
0 0.0190993
0 0.0192281
0 0.019357
0 0.0194858
0 0.0196146
0 0.0197435
0 0.0198723
0 0.0200011
0 0.02013
0 0.0202588
0 0.0203876
0 0.0205165
0 0.0206453
0 0.0207741
0 0.020903
0 0.0210331
0 0.0211632
0 0.0212933
0 0.0214234
0 0.0215535
0 0.0216836
0 0.0218138
0 0.0219439
0 0.022074
0 0.0222041
0 0.0223342
0 0.0224643
0 0.0225944
0 0.0227245
0 0.0228547
0 0.0229848
0 0.0231149
0 0.023245
0 0.0233751
0 0.0235052
0 0.0236353
0 0.0237654
0 0.0238956
0 0.0240257
0 0.0241558
0 0.0242859
0 0.024416
0 0.0245461
0 0.0246762
0 0.0248063
0 0.0249365
0 0.0250666
0 0.0251967
0 0.0253268
0 0.0254569
0 0.025587
0 0.0257171
0 0.0258472
0 0.0259774
0 0.0261075
0 0.0262376
0 0.0263677
0 0.0264978
0 0.0266279
0 0.026758
0 0.0268881
0 0.0270183
0 0.0271484
0 0.0272785
0 0.0274086
0 0.0275387
0 0.0276688
0 0.0277989
0 0.027929
0 0.0280591
0 0.0281893
0 0.0283194
0 0.0284495
0 0.0285796
0 0.0287097
0 0.0288398
0 0.0289699
0 0.0291
0 0.0292302
0 0.0293603
0 0.0294904
0 0.0296205
0 0.0297506
0 0.0298807
0 0.0300108
0 0.0301409
0 0.0302711
0 0.0304012
0 0.0305313
0 0.0306614
0 0.0307915
0 0.0309216
0 0.0310517
0 0.0311818
0 0.031312
0 0.0311892
0 0.0310664
0 0.0309436
0 0.0308209
0 0.0306981
0 0.0305753
0 0.0304526
0 0.0303298
0 0.0302296
0 0.0301645
0 0.0300993
0 0.0300342
0 0.0299691
0 0.029904
0 0.0298388
0 0.0297737
0 0.0297086
0 0.0296435
0 0.0295783
0 0.0295132
0 0.0294481
0 0.029383
0 0.0293178
0 0.0292527
0 0.0291876
0 0.0291224
0 0.0290573
0 0.0289922
0 0.0289271
0 0.0288619
0 0.0287968
0 0.0287317
0 0.0286666
0 0.0286014
0 0.0285363
0 0.0284712
0 0.0284061
0 0.0283409
0 0.0282758
0 0.0282107
0 0.0281456
0 0.0280804
0 0.0280153
0 0.0279502
0 0.027885
0 0.0278199
0 0.0277548
0 0.0276897
0 0.0276245
0 0.0275594
0 0.0274943
0 0.0274292
0 0.027364
0 0.0272989
0 0.0272338
0 0.0271687
0 0.0271035
0 0.0270384
0 0.0269529
0 0.0268611
0 0.026774
0 0.0266869
0 0.0265997
0 0.0265126
0 0.0264255
0 0.0263384
0 0.0262512
0 0.0261641
0 0.026077
0 0.0259899
0 0.0259027
0 0.0258156
0 0.0257285
0 0.0256413
0 0.0255542
0 0.0254671
0 0.02538
0 0.0252928
0 0.0252057
0 0.0251186
0 0.0250315
0 0.0249443
0 0.0248572
0 0.0247701
0 0.0246829
0 0.0245958
0 0.0245087
0 0.0244216
0 0.0243344
0 0.0242473
0 0.0241602
0 0.0240731
0 0.0239859
0 0.0238988
0 0.0238117
0 0.0237245
0 0.0236374
0 0.0235503
0 0.0234632
0 0.023376
0 0.0232889
0 0.0232018
0 0.0231147
0 0.0230275
0 0.0229404
0 0.0228533
0 0.0227661
0 0.022679
0 0.0225919
0 0.0225048
0 0.0224176
0 0.0223305
0 0.0222434
0 0.0221563
0 0.0220691
0 0.021982
0 0.0218949
0 0.0218077
0 0.0217206
0 0.0216335
0 0.0215464
0 0.0214592
0 0.0213721
0 0.021281
0 0.0211695
0 0.0210581
0 0.0209466
0 0.0208351
0 0.0207237
0 0.0206122
0 0.0205008
0 0.0203893
0 0.0202778
0 0.0201664
0 0.0200549
0 0.0199434
0 0.019832
0 0.0197423
0 0.0196578
0 0.0195733
0 0.0194887
0 0.0194042
0 0.0193197
0 0.0192352
0 0.0191507
0 0.0190662
0 0.0189817
0 0.0188972
0 0.0188127
0 0.0187282
0 0.0186437
0 0.0185592
0 0.0184747
0 0.0183902
0 0.0183057
0 0.0182211
0 0.0181366
0 0.0180521
0 0.0179676
0 0.0178831
0 0.0177986
0 0.0177141
0 0.0176296
0 0.0175451
0 0.0174606
0 0.0173761
0 0.0172916
0 0.0172071
0 0.0171226
0 0.0170381
0 0.0169535
0 0.016869
0 0.0167845
0 0.0167
0 0.0166155
0 0.016531
0 0.0164465
0 0.016362
0 0.0162775
0 0.016193
0 0.0161085
0 0.016024
0 0.0159395
0 0.015855
0 0.0157704
0 0.0156859
0 0.0156014
0 0.0155169
0 0.0154324
0 0.0153479
0 0.0152634
0 0.0151789
0 0.0150944
0 0.0150099
0 0.0149254
0 0.0148409
0 0.0147564
0 0.0146719
0 0.0145874
0 0.0145028
0 0.0144183
0 0.0143338
0 0.0142493
0 0.0141648
0 0.0140803
0 0.0139958
0 0.0139113
0 0.0138268
0 0.0137423
0 0.0136578
0 0.0135733
0 0.0134888
0 0.0134043
0 0.0133197
0 0.0132352
0 0.0131507
0 0.0130662
0 0.0129817
0 0.0128972
0 0.0128127
0 0.0127282
0 0.0126437
0 0.0125592
0 0.0124747
0 0.0123902
0 0.0123057
0 0.0122212
0 0.0121367
0 0.0120521
0 0.0119676
0 0.0118831
0 0.0117986
0 0.0117141
0 0.0116296
0 0.0115451
0 0.0114606
0 0.0113761
0 0.0112916
0 0.0112071
0 0.0111226
0 0.0110381
0 0.0109536
0 0.0108691
0 0.0107845
0 0.0107
0 0.0106155
0 0.010531
0 0.0104465
0 0.010362
0 0.0102775
0 0.010193
0 0.0101085
0 0.010024
0 0.00993947
0 0.00985497
0 0.00977046
0 0.00968595
0 0.00960145
0 0.00951694
0 0.00943243
0 0.00934793
0 0.00926342
0 0.00917891
0 0.00909441
0 0.0090099
0 0.00892539
0 0.00884089
0 0.00875638
0 0.00867187
0 0.00858737
0 0.00850286
0 0.00841835
0 0.00833384
0 0.00824934
0 0.00816483
0 0.00808032
0 0.00799582
0 0.00791131
0 0.0078268
0 0.0077423
0 0.00765779
0 0.00757328
0 0.00748878
0 0.00740427
0 0.00731976
0 0.00723526
0 0.00715075
0 0.00706624
0 0.00698173
0 0.00689723
0 0.00681272
0 0.00672821
0 0.00664371
0 0.0065592
0 0.00647469
0 0.00639019
0 0.00630568
0 0.00622117
0 0.00613667
0 0.00605216
0 0.00596765
0 0.00588315
0 0.00579864
0 0.00571413
0 0.00562963
0 0.00554512
0 0.00546061
0 0.0053761
0 0.0052916
0 0.00520709
0 0.00512258
0 0.00503808
0 0.00495357
0 0.00486906
0 0.00478456
0 0.00470005
0 0.00461554
0 0.00453104
0 0.00444653
0 0.00436202
0 0.00427752
0 0.00419301
0 0.0041085
0 0.004024
0 0.00393949
0 0.00385498
0 0.00377047
0 0.00368597
0 0.00360146
0 0.00351695
0 0.00343245
0 0.00334794
0 0.00326343
0 0.00317893
0 0.00309442
0 0.00300991
0 0.00292541
0 0.0028409
0 0.00275639
0 0.00267189
0 0.00258738
0 0.00250287
0 0.00241836
0 0.00233386
0 0.00224935
0 0.00216484
0 0.00208034
0 0.00199583
0 0.00191132
0 0.00182682
0 0.00174231
0 0.0016578
0 0.0015733
0 0.00148879
0 0.00140428
0 0.00131978
0 0.00123527
0 0.00115076
0 0.00106626
0 0.000981749
0 0.000897242
0 0.000812735
0 0.000728228
0 0.000643721
0 0.000559214
0 0.000474707
0 0.000390201
0 0.000305694
0 0.000221187
0 0.00013668
0 5.21732e-05
-0.00225792 -1.28993e-05
-0.0119111 -1.43189e-05
-0.0215644 -1.57384e-05
-0.0312176 -1.71579e-05
-0.0408708 -1.85774e-05
-0.050524 -1.99969e-05
-0.0601773 -2.14165e-05
-0.0698305 -2.2836e-05
-0.0794837 -2.42555e-05
-0.0891369 -2.5675e-05
-0.0987902 -2.70946e-05
-0.108443 -2.85141e-05
-0.118097 -2.99336e-05
-0.12775 -3.13531e-05
-0.137403 -3.27727e-05
-0.147056 -3.41922e-05
-0.15671 -3.56117e-05
-0.166363 -3.70312e-05
-0.176016 -3.84508e-05
-0.185669 -3.98703e-05
-0.195322 -4.12898e-05
-0.204976 -4.27093e-05
-0.214629 -4.41289e-05
-0.224282 -4.55484e-05
-0.233935 -4.69679e-05
-0.243589 -4.83874e-05
-0.253242 -4.98069e-05
-0.262895 -5.12265e-05
-0.272548 -5.2646e-05
-0.282201 -5.40655e-05
-0.291128 -5.53781e-05
-0.292083 -5.55186e-05
-0.293038 -5.56591e-05
-0.293993 -5.57995e-05
-0.294949 -5.594e-05
-0.295904 -5.60805e-05
-0.296859 -5.62209e-05
-0.297814 -5.63614e-05
-0.29877 -5.65019e-05
-0.299725 -5.66424e-05
-0.30068 -5.67828e-05
-0.301635 -5.69233e-05
-0.302591 -5.70638e-05
-0.303546 -5.72043e-05
-0.304501 -5.73447e-05
-0.305456 -5.74852e-05
-0.306412 -5.76257e-05
-0.307367 -5.77661e-05
-0.308322 -5.79066e-05
-0.309277 -5.80471e-05
-0.310233 -5.81876e-05
-0.311188 -5.8328e-05
-0.312143 -5.84685e-05
-0.313098 -5.8609e-05
-0.314054 -5.87495e-05
-0.315009 -5.88899e-05
-0.315964 -5.90304e-05
-0.31692 -5.91709e-05
-0.317875 -5.93113e-05
-0.31883 -5.94518e-05
-0.319785 -5.95923e-05
-0.320741 -5.97328e-05
-0.321696 -5.98732e-05
-0.322651 -6.00137e-05
-0.323606 -6.01542e-05
-0.324562 -6.02947e-05
-0.325517 -6.04351e-05
-0.326472 -6.05756e-05
-0.327427 -6.07161e-05
-0.328383 -6.08565e-05
-0.329338 -6.0997e-05
-0.330293 -6.11375e-05
-0.331248 -6.1278e-05
-0.332204 -6.14184e-05
-0.333159 -6.15589e-05
-0.334114 -6.16994e-05
-0.335069 -6.18399e-05
-0.336025 -6.19803e-05
-0.33698 -6.21208e-05
-0.337935 -6.22613e-05
-0.33889 -6.24017e-05
-0.339846 -6.25422e-05
-0.340801 -6.26827e-05
-0.341756 -6.28232e-05
-0.342712 -6.29636e-05
-0.343667 -6.31041e-05
-0.344622 -6.32446e-05
-0.345577 -6.33851e-05
-0.346533 -6.35255e-05
-0.347488 -6.3666e-05
-0.348443 -6.38065e-05
-0.349398 -6.39469e-05
-0.350354 -6.40874e-05
-0.351309 -6.42279e-05
-0.352264 -6.43684e-05
-0.353219 -6.45088e-05
-0.354175 -6.46493e-05
-0.35513 -6.47898e-05
-0.356085 -6.49302e-05
-0.35704 -6.50707e-05
-0.357996 -6.52112e-05
-0.358951 -6.53517e-05
-0.359906 -6.54921e-05
-0.360861 -6.56326e-05
-0.361817 -6.57731e-05
-0.362772 -6.59136e-05
-0.363727 -6.6054e-05
-0.364682 -6.61945e-05
-0.365638 -6.6335e-05
-0.366593 -6.64754e-05
-0.367548 -6.66159e-05
-0.316297 -5.9134e-05
-0.265047 -5.16522e-05
-0.213796 -4.41703e-05
-0.162545 -3.66884e-05
-0.111294 -2.92066e-05
-0.0600433 -2.17247e-05
-0.00879252 -1.42428e-05
0 4.0994e-05
0 0.00010612
0 0.000171246
0 0.000236373
0 0.000301499
0 0.000366625
0 0.000431751
0 0.000496877
0 0.000562004
0 0.00062713
0 0.000692256
0 0.000757382
0 0.000822508
0 0.000887635
0 0.000952761
0 0.00101789
0 0.00108301
0 0.00114814
0 0.00121327
0 0.00127839
0 0.00134352
0 0.00140864
0 0.00147377
0 0.0015389
0 0.00160402
0 0.00166915
0 0.00173428
0 0.0017994
0 0.00186453
0 0.00192965
0 0.00199478
0 0.00205991
0 0.00212503
0 0.00219016
0 0.00225528
0 0.00232041
0 0.00238554
0 0.00245066
0 0.00251579
0 0.00258092
0 0.00264604
0 0.00271117
0 0.00277629
0 0.00284142
0 0.00290655
0 0.00297167
0 0.0030368
0 0.00310193
0 0.00316705
0 0.00323218
0 0.0032973
0 0.00336243
0 0.00341743
0 0.00345786
0 0.00351542
0 0.00357298
0 0.00363054
0 0.0036881
0 0.00374566
0 0.00380322
0 0.00386078
0 0.00391834
0 0.0039759
0 0.00403346
0 0.00409102
0 0.00414858
0 0.00420614
0 0.0042637
0 0.00432126
0 0.00437882
0 0.00443638
0 0.00449394
0 0.0045515
0 0.00460906
0 0.00466662
0 0.00472418
0 0.00478174
0 0.0048393
0 0.00489686
0 0.00495442
0 0.00501198
0 0.00506954
0 0.0051271
0 0.00518466
0 0.00524222
0 0.00529978
0 0.00535734
0 0.0054149
0 0.00547246
0 0.00553002
0 0.00558758
0 0.00564514
0 0.0057027
0 0.00576026
0 0.00581782
0 0.00587538
0 0.00593294
0 0.0059905
0 0.00604806
0 0.00610562
0 0.00616318
0 0.00622074
0 0.0062783
0 0.00633586
0 0.00639342
0 0.00645098
0 0.00650854
0 0.0065661
0 0.00662366
0 0.00668122
0 0.00673878
0 0.00679634
0 0.0068539
0 0.00691146
0 0.00696902
0 0.00702658
0 0.00708414
0 0.0071417
0 0.00719926
0 0.00725682
0 0.00731438
0 0.00737194
0 0.0074295
0 0.00748705
0 0.00754461
0 0.00760217
0 0.00765973
0 0.00771729
0 0.00777485
0 0.00783241
0 0.00788876
0 0.00791643
0 0.0079441
0 0.00797176
0 0.00799943
0 0.0080271
0 0.00805476
0 0.00808243
0 0.0081101
0 0.00813776
0 0.00816543
0 0.0081931
0 0.00822076
0 0.00824843
0 0.00827609
0 0.00830376
0 0.00833143
0 0.00835909
0 0.00838676
0 0.00841443
0 0.00844209
0 0.00846976
0 0.00850275
0 0.00856108
0 0.00861941
0 0.00867773
0 0.00873606
0 0.00879439
0 0.00885271
0 0.00891104
0 0.00896937
0 0.00902769
0 0.00908602
0 0.00914435
0 0.00920267
0 0.009261
0 0.00931933
0 0.00937765
0 0.00943598
0 0.00949431
0 0.00955263
0 0.00961096
0 0.00966929
0 0.00972761
0 0.00978594
0 0.00984426
0 0.00990259
0 0.00996092
0 0.0100192
0 0.0100776
0 0.0101359
0 0.0101942
0 0.0102526
0 0.0103109
0 0.0103692
0 0.0104275
0 0.0104859
0 0.0105442
0 0.0106025
0 0.0106608
0 0.0107192
0 0.0107775
0 0.0108358
0 0.0108941
0 0.0109525
0 0.0110108
0 0.0110691
0 0.0111275
0 0.0111858
0 0.0112441
0 0.0113024
0 0.0113608
0 0.0114191
0 0.0114774
0 0.0115357
0 0.0115941
0 0.0116524
0 0.0117107
0 0.011769
0 0.0118274
0 0.0118857
0 0.011944
0 0.0120023
0 0.0120607
0 0.012119
0 0.0121773
0 0.0122357
0 0.012294
0 0.0123523
0 0.0124106
0 0.012469
0 0.0125273
0 0.0125856
0 0.0126439
0 0.0127023
0 0.0127606
0 0.0128189
0 0.0128772
0 0.0129356
0 0.0129939
0 0.0130522
0 0.0131106
0 0.0131689
0 0.0132272
0 0.0132855
0 0.0133439
0 0.0134022
0 0.0134605
0 0.0135188
0 0.0135772
0 0.0136355
0 0.0136938
0 0.0137521
0 0.0138105
0 0.0138688
0 0.0139271
0 0.0139855
0 0.0140438
0 0.0141021
0 0.0141604
0 0.0142188
0 0.0142771
0 0.0143354
0 0.0143937
0 0.0144521
0 0.0145104
0 0.0145687
0 0.014627
0 0.0146854
0 0.0147437
0 0.014802
0 0.0148604
0 0.0149187
0 0.014977
0 0.0150353
0 0.0150937
0 0.015152
0 0.0152103
0 0.0152686
0 0.015327
0 0.0153853
0 0.0154436
0 0.0155019
0 0.0155603
0 0.0156186
0 0.0156769
0 0.0157353
0 0.0157936
0 0.0158519
0 0.0159102
0 0.0159686
0 0.0160269
0 0.0160852
0 0.0161435
0 0.0162019
0 0.0162602
0 0.0163185
0 0.0163768
0 0.0164352
0 0.0164935
0 0.0165518
0 0.0166102
0 0.0166685
0 0.0167268
0 0.0167851
0 0.0168435
0 0.0169018
0 0.0169601
0 0.0170184
0 0.0170768
0 0.0171351
0 0.0171934
0 0.0172517
0 0.0173101
0 0.0173684
0 0.0174267
0 0.0174851
0 0.0175434
0 0.0176017
0 0.01766
0 0.0177184
0 0.0177767
0 0.017835
0 0.0178933
0 0.0179517
0 0.01801
0 0.0180683
0 0.0181266
0 0.018185
0 0.0182433
0 0.0183016
0 0.01836
0 0.0184183
0 0.0184766
0 0.0185349
0 0.0185933
0 0.0186516
0 0.0187099
0 0.0187682
0 0.0188266
0 0.0188849
0 0.0189432
0 0.0190015
0 0.0190599
0 0.0191182
0 0.0191765
0 0.0192349
0 0.0192932
0 0.0193515
0 0.0194098
0 0.0194682
0 0.0195265
0 0.0195848
0 0.0196431
0 0.0197015
0 0.0197598
0 0.0198181
0 0.0198764
0 0.0199348
0 0.0199931
0 0.0200514
0 0.0201097
0 0.0201681
0 0.0202264
0 0.0202847
0 0.0203431
0 0.0204014
0 0.0204597
0 0.020518
0 0.0205764
0 0.0206347
0 0.020693
0 0.0207513
0 0.0208097
0 0.020868
0 0.0209263
0 0.0209846
0 0.021043
0 0.0211013
0 0.0211596
0 0.021218
0 0.0212763
0 0.0213346
0 0.0213929
0 0.0214513
0 0.0215096
0 0.0215679
0 0.0216262
0 0.0216846
0 0.0217429
0 0.0218012
0 0.0218595
0 0.0219179
0 0.0219762
0 0.0220345
0 0.0220929
0 0.0221512
0 0.0222095
0 0.0222678
0 0.0223262
0 0.0223845
0 0.0224428
0 0.0225011
0 0.0225595
0 0.0226178
0 0.0226761
0 0.0227344
0 0.0227928
0 0.0228511
0 0.0229094
0 0.0229678
0 0.0230261
0 0.0230844
0 0.0231427
0 0.0232011
0 0.0232594
0 0.0233177
0 0.023376
0 0.0234344
0 0.0234927
0 0.023551
0 0.0236093
0 0.0236677
0 0.023726
0 0.0237843
0 0.0238427
0 0.023901
0 0.0239593
0 0.0240819
0 0.0242112
0 0.0243405
0 0.0244698
0 0.0245991
0 0.0247284
0 0.0248577
0 0.024987
0 0.0251163
0 0.0252456
0 0.0253749
0 0.0255042
0 0.0256335
0 0.0257628
0 0.0258921
0 0.0260214
0 0.0261507
0 0.02628
0 0.0264093
0 0.0265386
0 0.0266679
0 0.0267972
0 0.0269265
0 0.0270558
0 0.0271851
0 0.0273144
0 0.0274437
0 0.027573
0 0.0277023
0 0.0278316
0 0.0279609
0 0.0280902
0 0.0282195
0 0.0283488
0 0.0284781
0 0.0286074
0 0.0287367
0 0.028866
0 0.0289953
0 0.0291246
0 0.0292539
0 0.0293832
0 0.0295125
0 0.0296418
0 0.0297711
0 0.0299004
0 0.0300297
0 0.030159
0 0.0302883
0 0.0304176
0 0.0305469
0 0.0306762
0 0.0308055
0 0.0309348
0 0.0310641
0 0.0311934
0 0.0313228
0 0.0312
0 0.0310773
0 0.0309545
0 0.0308317
0 0.030709
0 0.0305862
0 0.0304634
0 0.0303885
0 0.0303234
0 0.0302583
0 0.0301932
0 0.030128
0 0.0300629
0 0.0299978
0 0.0299327
0 0.0298675
0 0.0298024
0 0.0297373
0 0.0296722
0 0.029607
0 0.0295419
0 0.0294768
0 0.0294117
0 0.0293465
0 0.0292814
0 0.0292163
0 0.0291511
0 0.029086
0 0.0290209
0 0.0289558
0 0.0288906
0 0.0288255
0 0.0287604
0 0.0286953
0 0.0286301
0 0.028565
0 0.0284999
0 0.0284348
0 0.0283696
0 0.0283045
0 0.0282394
0 0.0281743
0 0.0281091
0 0.028044
0 0.0279789
0 0.0279137
0 0.0278486
0 0.0277835
0 0.0277184
0 0.0276532
0 0.0275881
0 0.027523
0 0.0274579
0 0.0273927
0 0.0273276
0 0.0272625
0 0.0271974
0 0.0271322
0 0.0270671
0 0.0269919
0 0.0269021
0 0.0268294
0 0.0267567
0 0.026684
0 0.0266114
0 0.0265387
0 0.026466
0 0.0263933
0 0.0263207
0 0.026248
0 0.0261753
0 0.0261026
0 0.0260299
0 0.0259573
0 0.0258846
0 0.0258119
0 0.0257392
0 0.0256666
0 0.0255939
0 0.0255212
0 0.0254485
0 0.0253759
0 0.0253032
0 0.0252305
0 0.0251578
0 0.0250852
0 0.0250125
0 0.0249398
0 0.0248671
0 0.0247945
0 0.0247218
0 0.0246491
0 0.0245764
0 0.0245038
0 0.0244311
0 0.0243584
0 0.0242857
0 0.0242131
0 0.0241404
0 0.0240677
0 0.023995
0 0.0239224
0 0.0238497
0 0.023777
0 0.0237043
0 0.0236317
0 0.023559
0 0.0234863
0 0.0234136
0 0.023341
0 0.0232683
0 0.0231956
0 0.0231229
0 0.0230502
0 0.0229776
0 0.0229049
0 0.0228322
0 0.0227595
0 0.0226869
0 0.0226142
0 0.0225415
0 0.0224688
0 0.0223962
0 0.0223235
0 0.0222508
0 0.0221781
0 0.0221055
0 0.0220328
0 0.0219601
0 0.0218874
0 0.0218148
0 0.0217421
0 0.0216694
0 0.0215967
0 0.0215241
0 0.0214514
0 0.0213787
0 0.0213053
0 0.0212027
0 0.0211002
0 0.0209976
0 0.020895
0 0.0207924
0 0.0206899
0 0.0205873
0 0.0204847
0 0.0203821
0 0.0202796
0 0.020177
0 0.0200744
0 0.0199718
0 0.0198693
0 0.0197667
0 0.0196641
0 0.0195615
0 0.019459
0 0.0193564
0 0.0192538
0 0.0191512
0 0.0190532
0 0.0189813
0 0.0189094
0 0.0188375
0 0.0187655
0 0.0186936
0 0.0186217
0 0.0185498
0 0.0184779
0 0.018406
0 0.0183341
0 0.0182622
0 0.0181903
0 0.0181183
0 0.0180464
0 0.0179745
0 0.0179026
0 0.0178307
0 0.0177588
0 0.0176869
0 0.017615
0 0.0175431
0 0.0174712
0 0.0173992
0 0.0173273
0 0.0172554
0 0.0171835
0 0.0171116
0 0.0170397
0 0.0169678
0 0.0168959
0 0.016824
0 0.016752
0 0.0166801
0 0.0166082
0 0.0165363
0 0.0164644
0 0.0163925
0 0.0163206
0 0.0162487
0 0.0161768
0 0.0161048
0 0.0160329
0 0.015961
0 0.0158891
0 0.0158172
0 0.0157453
0 0.0156734
0 0.0156015
0 0.0155296
0 0.0154577
0 0.0153857
0 0.0153138
0 0.0152419
0 0.01517
0 0.0150981
0 0.0150262
0 0.0149543
0 0.0148824
0 0.0148105
0 0.0147385
0 0.0146666
0 0.0145947
0 0.0145228
0 0.0144509
0 0.014379
0 0.0143071
0 0.0142352
0 0.0141633
0 0.0140913
0 0.0140194
0 0.0139475
0 0.0138756
0 0.0138037
0 0.0137318
0 0.0136599
0 0.013588
0 0.0135161
0 0.0134442
0 0.0133722
0 0.0133003
0 0.0132284
0 0.0131565
0 0.0130846
0 0.0130127
0 0.0129408
0 0.0128689
0 0.012797
0 0.012725
0 0.0126531
0 0.0125812
0 0.0125093
0 0.0124374
0 0.0123655
0 0.0122936
0 0.0122217
0 0.0121498
0 0.0120778
0 0.0120059
0 0.011934
0 0.0118621
0 0.0117902
0 0.0117183
0 0.0116464
0 0.0115745
0 0.0115026
0 0.0114306
0 0.0113587
0 0.0112868
0 0.0112149
0 0.011143
0 0.0110711
0 0.0109992
0 0.0109273
0 0.0108554
0 0.0107835
0 0.0107115
0 0.0106396
0 0.0105677
0 0.0104958
0 0.0104239
0 0.010352
0 0.0102801
0 0.0102082
0 0.0101363
0 0.0100643
0 0.00999244
0 0.00992052
0 0.00984861
0 0.0097767
0 0.00970479
0 0.00963288
0 0.00956097
0 0.00948906
0 0.00941715
0 0.00934524
0 0.00927333
0 0.00920142
0 0.00912951
0 0.0090576
0 0.00898568
0 0.00891377
0 0.00884186
0 0.00876995
0 0.00869804
0 0.00862613
0 0.00855422
0 0.00848231
0 0.0084104
0 0.00833849
0 0.00826658
0 0.00819467
0 0.00812276
0 0.00805085
0 0.00797893
0 0.00790702
0 0.00783511
0 0.0077632
0 0.00769129
0 0.00761938
0 0.00754747
0 0.00747556
0 0.00740365
0 0.00733174
0 0.00725983
0 0.00718792
0 0.00711601
0 0.0070441
0 0.00697218
0 0.00690027
0 0.00682836
0 0.00675645
0 0.00668454
0 0.00661263
0 0.00654072
0 0.00646881
0 0.0063969
0 0.00632499
0 0.00625308
0 0.00618117
0 0.00610926
0 0.00603734
0 0.00596543
0 0.00589352
0 0.00582161
0 0.0057497
0 0.00567779
0 0.00560588
0 0.00553397
0 0.00546206
0 0.00539015
0 0.00531824
0 0.00524633
0 0.00517442
0 0.00510251
0 0.00503059
0 0.00495868
0 0.00488677
0 0.00481486
0 0.00474295
0 0.00467104
0 0.00459913
0 0.00452722
0 0.00445531
0 0.0043834
0 0.00431149
0 0.00423958
0 0.00416767
0 0.00409575
0 0.00402384
0 0.00395193
0 0.00388002
0 0.00380811
0 0.0037362
0 0.00366429
0 0.00359238
0 0.00352047
0 0.00344856
0 0.00337665
0 0.00330474
0 0.00323283
0 0.00316092
0 0.003089
0 0.00301709
0 0.00294518
0 0.00287327
0 0.00280136
0 0.00272945
0 0.00265754
0 0.00258563
0 0.00251372
0 0.00244181
0 0.0023699
0 0.00229799
0 0.00222608
0 0.00215417
0 0.00208225
0 0.00201034
0 0.00193843
0 0.00186652
0 0.00179461
0 0.0017227
0 0.00165079
0 0.00157888
0 0.00150697
0 0.00143506
0 0.00136315
0 0.00129124
0 0.00121933
0 0.00114741
0 0.0010755
0 0.00100359
0 0.000931683
0 0.000859772
0 0.000787861
0 0.00071595
0 0.00064404
0 0.000572129
0 0.000500218
0 0.000428308
0 0.000356397
0 0.000284486
0 0.000212575
0 0.000140665
0 6.87539e-05
0 -3.15688e-06
-0.00561649 -1.33932e-05
-0.0120786 -1.43435e-05
-0.0185408 -1.52938e-05
-0.0250029 -1.6244e-05
-0.0314651 -1.71943e-05
-0.0379272 -1.81446e-05
-0.0443894 -1.90948e-05
-0.0508515 -2.00451e-05
-0.0573136 -2.09954e-05
-0.0637758 -2.19456e-05
-0.0702379 -2.28959e-05
-0.0767001 -2.38462e-05
-0.0831622 -2.47965e-05
-0.0896244 -2.57467e-05
-0.0960865 -2.6697e-05
-0.102549 -2.76473e-05
-0.109011 -2.85975e-05
-0.115473 -2.95478e-05
-0.121935 -3.04981e-05
-0.128397 -3.14483e-05
-0.134859 -3.23986e-05
-0.141322 -3.33489e-05
-0.147784 -3.42991e-05
-0.154246 -3.52494e-05
-0.160708 -3.61997e-05
-0.16717 -3.715e-05
-0.173632 -3.81002e-05
-0.180094 -3.90505e-05
-0.186557 -4.00008e-05
-0.193019 -4.0951e-05
-0.199481 -4.19013e-05
-0.205943 -4.28516e-05
-0.212405 -4.38018e-05
-0.218867 -4.47521e-05
-0.225329 -4.57024e-05
-0.231792 -4.66527e-05
-0.238254 -4.76029e-05
-0.244716 -4.85532e-05
-0.251178 -4.95035e-05
-0.25764 -5.04537e-05
-0.264102 -5.1404e-05
-0.270564 -5.23543e-05
-0.277027 -5.33045e-05
-0.283489 -5.42548e-05
-0.289951 -5.52051e-05
-0.296413 -5.61554e-05
-0.302875 -5.71056e-05
-0.309337 -5.80559e-05
-0.315799 -5.90062e-05
-0.322262 -5.99564e-05
-0.328724 -6.09067e-05
-0.335186 -6.1857e-05
-0.341648 -6.28072e-05
-0.34811 -6.37575e-05
-0.354572 -6.47078e-05
-0.361034 -6.5658e-05
-0.367496 -6.66083e-05
