0.158864 0.000100712
0.0951942 0.000231709
0.0473729 0.000115309
-0.00980055 -1.43125e-06
-0.199526 -2.93432e-05
-0.195657 -2.87783e-05
-0.100871 -1.49409e-05
-0.00494127 -9.36609e-07
0.0473676 0.000115084
0.0950823 0.000231728
0.0472981 0.000115165
-0.00477455 -9.08773e-07
-0.102103 -1.51191e-05
-0.195657 -2.87782e-05
-0.100875 -1.49415e-05
-0.00494156 -9.36581e-07
0.04727 0.000115097
0.095082 0.000231729
0.0472995 0.00011517
-0.00477568 -9.08937e-07
-0.102103 -1.51191e-05
-0.195656 -2.87782e-05
-0.100876 -1.49416e-05
-0.0049411 -9.36514e-07
0.0472699 0.000115097
0.095082 0.000231729
0.031359 0.000362836
0 0.00048928
0 0.000366687
0 0.000243975
0 0.00012121
-0.00490221 -9.27411e-07
-0.102113 -1.51205e-05
-0.195641 -2.8776e-05
-0.190537 -2.80308e-05
-0.213779 -3.1456e-05
-0.162724 -2.40026e-05
-0.111473 -1.65208e-05
-0.0602219 -9.03889e-06
-0.00475855 -9.42049e-07
0 0.000121213
0 0.000243982
0 0.000366752
0 0.000489521
0 0.000366751
0 0.00024398
0 0.00012121
-0.00478832 -9.42087e-07
-0.0602244 -9.03608e-06
-0.111474 -1.65189e-05
-0.162724 -2.40017e-05
-0.213974 -3.14849e-05
-0.162723 -2.4003e-05
-0.111472 -1.65212e-05
-0.0602215 -9.03929e-06
-0.0047569 -9.42263e-07
0 0.000121213
0 0.000243982
0 0.000366752
0 0.000489521
0 0.000612177
0 0.000489406
0 0.000366636
0 0.000243865
0 0.000121094
-0.00520565 -1.00346e-06
-0.060224 -9.03648e-06
-0.111474 -1.65193e-05
-0.162724 -2.40021e-05
-0.213974 -3.14849e-05
-0.162723 -2.4003e-05
-0.111472 -1.65212e-05
-0.0602215 -9.03929e-06
-0.0051634 -1.00161e-06
0 0.0001211
0 0.000243869
0 0.000366638
0 0.000489407
0 0.000612177
0 0.000734802
0 0.000857402
0 0.000979974
0 0.00110252
0 0.00122504
0 0.00134753
0 0.00146999
0 0.00134722
0 0.00122445
0 0.00110168
0 0.000978911
0 0.00085614
0 0.00073337
0 0.000610599
0 0.000487829
0 0.000365058
0 0.000242288
0 0.000119517
-0.0109366 -1.84022e-06
-0.0577662 -8.67762e-06
-0.109513 -1.6233e-05
-0.161394 -2.38079e-05
-0.213308 -3.13877e-05
-0.264938 -3.90585e-05
-0.316227 -4.671e-05
-0.36734 -5.43652e-05
-0.418415 -6.20449e-05
-0.469466 -6.97515e-05
-0.520493 -7.74853e-05
-0.571495 -8.52467e-05
-0.622473 -9.30358e-05
-0.571222 -8.5554e-05
-0.519971 -7.80721e-05
-0.46872 -7.05902e-05
-0.417469 -6.31084e-05
-0.366219 -5.56265e-05
-0.314968 -4.81446e-05
-0.263717 -4.06627e-05
-0.212466 -3.31809e-05
-0.161215 -2.5699e-05
-0.109964 -1.82171e-05
-0.0587137 -1.07353e-05
-0.0036121 -2.69123e-06
0 0.000119604
0 0.000242367
0 0.000365129
0 0.000487892
0 0.000610655
0 0.000733417
0 0.00085618
0 0.000978943
0 0.00110171
0 0.00122447
0 0.00134723
0 0.00146999
0 0.00134722
0 0.00122445
0 0.00110168
0 0.000978911
0 0.00085614
0 0.00073337
0 0.000610599
0 0.000487829
0 0.000365058
0 0.000242288
0 0.000119517
-0.00435055 -2.69123e-06
-0.058791 -1.06482e-05
-0.110035 -1.8138e-05
-0.161279 -2.56278e-05
-0.212522 -3.31176e-05
-0.263766 -4.06074e-05
-0.31501 -4.80972e-05
-0.366254 -5.55869e-05
-0.417498 -6.30767e-05
-0.468741 -7.05665e-05
-0.519985 -7.80563e-05
-0.571229 -8.55461e-05
-0.622473 -9.30358e-05
-0.571222 -8.5554e-05
-0.519971 -7.80721e-05
-0.46872 -7.05902e-05
-0.417469 -6.31084e-05
-0.366219 -5.56265e-05
-0.314968 -4.81446e-05
-0.263717 -4.06627e-05
-0.212466 -3.31809e-05
-0.161215 -2.5699e-05
-0.109964 -1.82171e-05
-0.0587137 -1.07353e-05
-0.0036121 -2.69123e-06
0 0.000119604
0 0.000242367
0 0.000365129
0 0.000487892
0 0.000610655
0 0.000733417
0 0.00085618
0 0.000978943
0 0.00110171
0 0.00122447
0 0.00134723
0 0.00146999
0 0.00134722
0 0.00122445
0 0.00110168
0 0.000978911
0 0.00085614
0 0.00073337
0 0.000610599
0 0.000487829
0 0.000365058
0 0.000242288
0 0.000119517
-0.00435055 -2.69123e-06
-0.058791 -1.06482e-05
-0.110035 -1.8138e-05
-0.161279 -2.56278e-05
-0.212522 -3.31176e-05
-0.263766 -4.06074e-05
-0.31501 -4.80972e-05
-0.366254 -5.55869e-05
-0.417498 -6.30767e-05
-0.468741 -7.05665e-05
-0.519985 -7.80563e-05
-0.571229 -8.55461e-05
-0.622473 -9.30358e-05
-0.571222 -8.5554e-05
-0.519971 -7.80721e-05
-0.46872 -7.05902e-05
-0.417469 -6.31084e-05
-0.366219 -5.56265e-05
-0.314968 -4.81446e-05
-0.263717 -4.06627e-05
-0.212466 -3.31809e-05
-0.161215 -2.5699e-05
-0.109964 -1.82171e-05
-0.0587137 -1.07353e-05
-0.0036121 -2.69123e-06
0 0.000119604
0 0.000242367
0 0.000365129
0 0.000487892
0 0.000610655
0 0.000733417
0 0.00085618
0 0.000978943
0 0.00110171
0 0.00122447
0 0.00134723
0 0.00146999
0 0.00159243
0 0.00171483
0 0.00183721
0 0.00195956
0 0.00208188
0 0.00220417
0 0.00232643
0 0.00244866
0 0.00232589
0 0.00220312
0 0.00208035
0 0.00195758
0 0.00183481
0 0.00171204
0 0.00158927
0 0.0014665
0 0.00134373
0 0.00122096
0 0.00109818
0 0.000975414
0 0.000852644
0 0.000729873
0 0.000607103
0 0.000484332
0 0.000361562
0 0.000238791
0 0.000116021
-0.0170478 -4.54707e-06
-0.0588993 -1.06641e-05
-0.110029 -1.81372e-05
-0.161279 -2.56278e-05
-0.212522 -3.31176e-05
-0.263766 -4.06074e-05
-0.31501 -4.80972e-05
-0.366254 -5.55869e-05
-0.417498 -6.30767e-05
-0.468741 -7.05665e-05
-0.519985 -7.80563e-05
-0.571229 -8.55461e-05
-0.622473 -9.30358e-05
-0.673425 -0.000100853
-0.724353 -0.000108699
-0.775255 -0.000116573
-0.826131 -0.000124477
-0.87698 -0.000132409
-0.927804 -0.000140372
-0.978601 -0.000148364
-1.02937 -0.000156387
-0.97812 -0.000148905
-0.926869 -0.000141424
-0.875618 -0.000133942
-0.824367 -0.00012646
-0.773116 -0.000118978
-0.721866 -0.000111496
-0.670615 -0.000104014
-0.619364 -9.65324e-05
-0.568113 -8.90505e-05
-0.516862 -8.15686e-05
-0.465612 -7.40867e-05
-0.414361 -6.66049e-05
-0.36311 -5.9123e-05
-0.311859 -5.16411e-05
-0.260608 -4.41592e-05
-0.209357 -3.66774e-05
-0.158107 -2.91955e-05
-0.106856 -2.17136e-05
-0.055605 -1.42318e-05
-0.00204368 -6.22175e-06
0 0.000116153
0 0.000239288
0 0.000361956
0 0.00048468
0 0.000607427
0 0.000730176
0 0.000852925
0 0.000975674
0 0.00109842
0 0.00122117
0 0.00134392
0 0.00146667
0 0.00158942
0 0.00171217
0 0.00183492
0 0.00195767
0 0.00208041
0 0.00220316
0 0.00232591
0 0.00244866
0 0.00232589
0 0.00220312
0 0.00208035
0 0.00195758
0 0.00183481
0 0.00171204
0 0.00158927
0 0.0014665
0 0.00134373
0 0.00122096
0 0.00109818
0 0.000975414
0 0.000852644
0 0.000729873
0 0.000607103
0 0.000484332
0 0.000361562
0 0.000238791
0 0.000116021
-0.00408736 -6.22175e-06
-0.0593033 -1.43088e-05
-0.110918 -2.18684e-05
-0.164317 -2.96893e-05
-0.209767 -3.63461e-05
-0.260892 -4.3834e-05
-0.312128 -5.13382e-05
-0.36336 -5.88417e-05
-0.414592 -6.63452e-05
-0.465823 -7.38487e-05
-0.517055 -8.13522e-05
-0.568286 -8.88558e-05
-0.619518 -9.63593e-05
-0.670749 -0.000103863
-0.721981 -0.000111366
-0.773213 -0.00011887
-0.824444 -0.000126373
-0.875676 -0.000133877
-0.926907 -0.00014138
-0.978139 -0.000148884
-1.02937 -0.000156387
-0.97812 -0.000148905
-0.926869 -0.000141424
-0.875618 -0.000133942
-0.824367 -0.00012646
-0.773116 -0.000118978
-0.721866 -0.000111496
-0.670615 -0.000104014
-0.619364 -9.65324e-05
-0.568113 -8.90505e-05
-0.516862 -8.15686e-05
-0.465612 -7.40867e-05
-0.414361 -6.66049e-05
-0.36311 -5.9123e-05
-0.311859 -5.16411e-05
-0.260608 -4.41592e-05
-0.209357 -3.66774e-05
-0.158107 -2.91955e-05
-0.106856 -2.17136e-05
-0.055605 -1.42318e-05
-0.00204368 -6.22175e-06
0 0.000116153
0 0.000239288
0 0.000361956
0 0.00048468
0 0.000607427
0 0.000730176
0 0.000852925
0 0.000975674
0 0.00109842
0 0.00122117
0 0.00134392
0 0.00146667
0 0.00158942
0 0.00171217
0 0.00183492
0 0.00195767
0 0.00208041
0 0.00220316
0 0.00232591
0 0.00244866
0 0.00232589
0 0.00220312
0 0.00208035
0 0.00195758
0 0.00183481
0 0.00171204
0 0.00158927
0 0.0014665
0 0.00134373
0 0.00122096
0 0.00109818
0 0.000975414
0 0.000852644
0 0.000729873
0 0.000607103
0 0.000484332
0 0.000361562
0 0.000238791
0 0.000116021
-0.00408736 -6.22175e-06
-0.0593033 -1.43088e-05
-0.110918 -2.18684e-05
-0.164317 -2.96893e-05
-0.209767 -3.63461e-05
-0.260892 -4.3834e-05
-0.312128 -5.13382e-05
-0.36336 -5.88417e-05
-0.414592 -6.63452e-05
-0.465823 -7.38487e-05
-0.517055 -8.13522e-05
-0.568286 -8.88558e-05
-0.619518 -9.63593e-05
-0.670749 -0.000103863
-0.721981 -0.000111366
-0.773213 -0.00011887
-0.824444 -0.000126373
-0.875676 -0.000133877
-0.926907 -0.00014138
-0.978139 -0.000148884
-1.02937 -0.000156387
-0.97812 -0.000148905
-0.926869 -0.000141424
-0.875618 -0.000133942
-0.824367 -0.00012646
-0.773116 -0.000118978
-0.721866 -0.000111496
-0.670615 -0.000104014
-0.619364 -9.65324e-05
-0.568113 -8.90505e-05
-0.516862 -8.15686e-05
-0.465612 -7.40867e-05
-0.414361 -6.66049e-05
-0.36311 -5.9123e-05
-0.311859 -5.16411e-05
-0.260608 -4.41592e-05
-0.209357 -3.66774e-05
-0.158107 -2.91955e-05
-0.106856 -2.17136e-05
-0.055605 -1.42318e-05
-0.00204368 -6.22175e-06
0 0.000116153
0 0.000239288
0 0.000361956
0 0.00048468
0 0.000607427
0 0.000730176
0 0.000852925
0 0.000975674
0 0.00109842
0 0.00122117
0 0.00134392
0 0.00146667
0 0.00158942
0 0.00171217
0 0.00183492
0 0.00195767
0 0.00208041
0 0.00220316
0 0.00232591
0 0.00244866
0 0.00257086
0 0.00269303
0 0.00281516
0 0.00293727
0 0.00305934
0 0.00318138
0 0.00330339
0 0.00342536
0 0.0035473
0 0.00366921
0 0.00354643
0 0.00342366
0 0.00330089
0 0.00317812
0 0.00305535
0 0.00293258
0 0.00280981
0 0.00268704
0 0.00256427
0 0.0024415
0 0.00231873
0 0.00219596
0 0.00207319
0 0.00195042
0 0.00182765
0 0.00170488
0 0.00158211
0 0.00145934
0 0.00133656
0 0.00121379
0 0.00109102
0 0.000968253
0 0.000845483
0 0.000722712
0 0.000599942
0 0.000477171
0 0.000354401
0 0.00023163
0 0.00010886
-0.00473888 -6.31717e-06
-0.0559705 -1.38207e-05
-0.107202 -2.13242e-05
-0.158434 -2.88277e-05
-0.209665 -3.63312e-05
-0.260897 -4.38347e-05
-0.312128 -5.13382e-05
-0.36336 -5.88417e-05
-0.414592 -6.63452e-05
-0.465823 -7.38487e-05
-0.517055 -8.13522e-05
-0.568286 -8.88558e-05
-0.619518 -9.63593e-05
-0.670749 -0.000103863
-0.721981 -0.000111366
-0.773213 -0.00011887
-0.824444 -0.000126373
-0.875676 -0.000133877
-0.926907 -0.00014138
-0.978139 -0.000148884
-1.02937 -0.000156387
-1.08011 -0.000164441
-1.13083 -0.000172526
-1.18151 -0.000180642
-1.23217 -0.00018879
-1.2828 -0.00019697
-1.3334 -0.000205183
-1.38398 -0.000213428
-1.43452 -0.000221707
-1.48503 -0.00023002
-1.53551 -0.000238367
-1.48426 -0.000230885
-1.43301 -0.000223403
-1.38176 -0.000215921
-1.33051 -0.00020844
-1.27926 -0.000200958
-1.22801 -0.000193476
-1.17676 -0.000185994
-1.12551 -0.000178512
-1.07425 -0.00017103
-1.023 -0.000163548
-0.971753 -0.000156066
-0.920502 -0.000148585
-0.869251 -0.000141103
-0.818001 -0.000133621
-0.76675 -0.000126139
-0.715499 -0.000118657
-0.664248 -0.000111175
-0.612997 -0.000103693
-0.561746 -9.62115e-05
-0.510496 -8.87296e-05
-0.459245 -8.12477e-05
-0.407994 -7.37659e-05
-0.356743 -6.6284e-05
-0.305492 -5.88021e-05
-0.254241 -5.13203e-05
-0.202991 -4.38384e-05
-0.15174 -3.63565e-05
-0.100489 -2.88746e-05
-0.0492382 -2.13928e-05
0 -1.24935e-05
0 0.000110264
0 0.000232983
0 0.000355706
0 0.000478428
0 0.00060115
0 0.000723872
0 0.000846595
0 0.000969317
0 0.00109204
0 0.00121476
0 0.00133748
0 0.00146021
0 0.00158293
0 0.00170565
0 0.00182837
0 0.00195109
0 0.00207382
0 0.00219654
0 0.00231926
0 0.00244198
0 0.00256471
0 0.00268743
0 0.00281015
0 0.00293287
0 0.00305559
0 0.00317832
0 0.00330104
0 0.00342376
0 0.00354648
0 0.00366921
0 0.00354643
0 0.00342366
0 0.00330089
0 0.00317812
0 0.00305535
0 0.00293258
0 0.00280981
0 0.00268704
0 0.00256427
0 0.0024415
0 0.00231873
0 0.00219596
0 0.00207319
0 0.00195042
0 0.00182765
0 0.00170488
0 0.00158211
0 0.00145934
0 0.00133656
0 0.00121379
0 0.00109102
0 0.000968253
0 0.000845483
0 0.000722712
0 0.000599942
0 0.000477171
0 0.000354401
0 0.00023163
0 0.00010886
0 -1.24935e-05
-0.050461 -1.99877e-05
-0.101692 -2.75213e-05
-0.1529 -3.50515e-05
-0.204108 -4.25817e-05
-0.255316 -5.01119e-05
-0.306524 -5.76421e-05
-0.357731 -6.51723e-05
-0.408939 -7.27025e-05
-0.460147 -8.02328e-05
-0.511355 -8.7763e-05
-0.562563 -9.52932e-05
-0.613771 -0.000102823
-0.664979 -0.000110354
-0.716186 -0.000117884
-0.767394 -0.000125414
-0.818602 -0.000132944
-0.86981 -0.000140474
-0.921018 -0.000148005
-0.972226 -0.000155535
-1.02343 -0.000163065
-1.07464 -0.000170595
-1.12585 -0.000178125
-1.17706 -0.000185656
-1.22826 -0.000193186
-1.27947 -0.000200716
-1.33068 -0.000208246
-1.38189 -0.000215776
-1.4331 -0.000223307
-1.4843 -0.000230837
-1.53551 -0.000238367
-1.48426 -0.000230885
-1.43301 -0.000223403
-1.38176 -0.000215921
-1.33051 -0.00020844
-1.27926 -0.000200958
-1.22801 -0.000193476
-1.17676 -0.000185994
-1.12551 -0.000178512
-1.07425 -0.00017103
-1.023 -0.000163548
-0.971753 -0.000156066
-0.920502 -0.000148585
-0.869251 -0.000141103
-0.818001 -0.000133621
-0.76675 -0.000126139
-0.715499 -0.000118657
-0.664248 -0.000111175
-0.612997 -0.000103693
-0.561746 -9.62115e-05
-0.510496 -8.87296e-05
-0.459245 -8.12477e-05
-0.407994 -7.37659e-05
-0.356743 -6.6284e-05
-0.305492 -5.88021e-05
-0.254241 -5.13203e-05
-0.202991 -4.38384e-05
-0.15174 -3.63565e-05
-0.100489 -2.88746e-05
-0.0492382 -2.13928e-05
0 -1.24935e-05
0 0.000110264
0 0.000232983
0 0.000355706
0 0.000478428
0 0.00060115
0 0.000723872
0 0.000846595
0 0.000969317
0 0.00109204
0 0.00121476
0 0.00133748
0 0.00146021
0 0.00158293
0 0.00170565
0 0.00182837
0 0.00195109
0 0.00207382
0 0.00219654
0 0.00231926
0 0.00244198
0 0.00256471
0 0.00268743
0 0.00281015
0 0.00293287
0 0.00305559
0 0.00317832
0 0.00330104
0 0.00342376
0 0.00354648
0 0.00366921
0 0.00354643
0 0.00342366
0 0.00330089
0 0.00317812
0 0.00305535
0 0.00293258
0 0.00280981
0 0.00268704
0 0.00256427
0 0.0024415
0 0.00231873
0 0.00219596
0 0.00207319
0 0.00195042
0 0.00182765
0 0.00170488
0 0.00158211
0 0.00145934
0 0.00133656
0 0.00121379
0 0.00109102
0 0.000968253
0 0.000845483
0 0.000722712
0 0.000599942
0 0.000477171
0 0.000354401
0 0.00023163
0 0.00010886
0 -1.24935e-05
-0.050461 -1.99877e-05
-0.101692 -2.75213e-05
-0.1529 -3.50515e-05
-0.204108 -4.25817e-05
-0.255316 -5.01119e-05
-0.306524 -5.76421e-05
-0.357731 -6.51723e-05
-0.408939 -7.27025e-05
-0.460147 -8.02328e-05
-0.511355 -8.7763e-05
-0.562563 -9.52932e-05
-0.613771 -0.000102823
-0.664979 -0.000110354
-0.716186 -0.000117884
-0.767394 -0.000125414
-0.818602 -0.000132944
-0.86981 -0.000140474
-0.921018 -0.000148005
-0.972226 -0.000155535
-1.02343 -0.000163065
-1.07464 -0.000170595
-1.12585 -0.000178125
-1.17706 -0.000185656
-1.22826 -0.000193186
-1.27947 -0.000200716
-1.33068 -0.000208246
-1.38189 -0.000215776
-1.4331 -0.000223307
-1.4843 -0.000230837
-1.53551 -0.000238367
-1.48426 -0.000230885
-1.43301 -0.000223403
-1.38176 -0.000215921
-1.33051 -0.00020844
-1.27926 -0.000200958
-1.22801 -0.000193476
-1.17676 -0.000185994
-1.12551 -0.000178512
-1.07425 -0.00017103
-1.023 -0.000163548
-0.971753 -0.000156066
-0.920502 -0.000148585
-0.869251 -0.000141103
-0.818001 -0.000133621
-0.76675 -0.000126139
-0.715499 -0.000118657
-0.664248 -0.000111175
-0.612997 -0.000103693
-0.561746 -9.62115e-05
-0.510496 -8.87296e-05
-0.459245 -8.12477e-05
-0.407994 -7.37659e-05
-0.356743 -6.6284e-05
-0.305492 -5.88021e-05
-0.254241 -5.13203e-05
-0.202991 -4.38384e-05
-0.15174 -3.63565e-05
-0.100489 -2.88746e-05
-0.0492382 -2.13928e-05
0 -1.24935e-05
0 0.000110264
0 0.000232983
0 0.000355706
0 0.000478428
0 0.00060115
0 0.000723872
0 0.000846595
0 0.000969317
0 0.00109204
0 0.00121476
0 0.00133748
0 0.00146021
0 0.00158293
0 0.00170565
0 0.00182837
0 0.00195109
0 0.00207382
0 0.00219654
0 0.00231926
0 0.00244198
0 0.00256471
0 0.00268743
0 0.00281015
0 0.00293287
0 0.00305559
0 0.00317832
0 0.00330104
0 0.00342376
0 0.00354648
0 0.00366921
0 0.00379108
0 0.00391737
0 0.00404741
0 0.00417746
0 0.0043075
0 0.00443755
0 0.00456759
0 0.00469764
0 0.00482769
0 0.00495773
0 0.00483496
0 0.00471219
0 0.00458942
0 0.00446665
0 0.00434388
0 0.00422111
0 0.00409834
0 0.00397557
0 0.0038528
0 0.00373002
0 0.00360725
0 0.00348448
0 0.00336171
0 0.00323894
0 0.00311617
0 0.0029934
0 0.00287063
0 0.00274786
0 0.00262509
0 0.00250232
0 0.00237955
0 0.00225678
0 0.00213401
0 0.00201124
0 0.00188847
0 0.0017657
0 0.00164293
0 0.00152016
0 0.00139738
0 0.00127461
0 0.00115184
0 0.001052
0 0.000986876
0 0.00092175
0 0.000856624
0 0.000791498
0 0.000726371
0 0.000661245
0 0.000596119
0 0.000530993
0 0.000465867
0 0.00040074
0 0.000335614
0 0.000270488
0 0.000205362
0 0.000140236
0 7.51094e-05
0 9.98315e-06
-0.0334767 -1.74901e-05
-0.0846846 -2.50203e-05
-0.135892 -3.25505e-05
-0.1871 -4.00807e-05
-0.238308 -4.76109e-05
-0.289516 -5.51411e-05
-0.340724 -6.26713e-05
-0.391932 -7.02015e-05
-0.44314 -7.77317e-05
-0.494347 -8.5262e-05
-0.545555 -9.27922e-05
-0.596763 -0.000100322
-0.647971 -0.000107853
-0.699179 -0.000115383
-0.750387 -0.000122913
-0.801594 -0.000130443
-0.852802 -0.000137973
-0.90401 -0.000145504
-0.955218 -0.000153034
-1.00643 -0.000160564
-1.05763 -0.000168094
-1.10884 -0.000175624
-1.15687 -0.000182687
-1.15812 -0.000182871
-1.15937 -0.000183055
-1.16062 -0.000183239
-1.16187 -0.000183423
-1.16312 -0.000183606
-1.16437 -0.00018379
-1.16562 -0.000183974
-1.16687 -0.000184158
-1.16812 -0.000184342
-1.11687 -0.00017686
-1.06562 -0.000169378
-1.01437 -0.000161896
-0.963119 -0.000154414
-0.911868 -0.000146932
-0.860617 -0.000139451
-0.809367 -0.000131969
-0.758116 -0.000124487
-0.706865 -0.000117005
-0.655614 -0.000109523
-0.604363 -0.000102041
-0.553113 -9.45593e-05
-0.501862 -8.70774e-05
-0.450611 -7.95956e-05
-0.39936 -7.21137e-05
-0.348109 -6.46318e-05
-0.296858 -5.71499e-05
-0.245608 -4.96681e-05
-0.194357 -4.21862e-05
-0.143106 -3.47043e-05
-0.0918551 -2.72225e-05
-0.0406043 -1.97406e-05
0 -2.84058e-07
0 6.48421e-05
0 0.000129968
0 0.000195095
0 0.000260221
0 0.000325347
0 0.000390473
0 0.000455599
0 0.000520726
0 0.000585852
0 0.000650978
0 0.000716104
0 0.00078123
0 0.000846357
0 0.000911483
0 0.000976609
0 0.00104174
0 0.00110686
0 0.00117199
0 0.00123711
0 0.00130224
0 0.00136737
0 0.00143249
0 0.00149762
0 0.00156274
0 0.00162787
0 0.001693
0 0.00175812
0 0.00182325
0 0.00188838
0 0.0019535
0 0.00201863
0 0.00208375
0 0.00214888
0 0.00221401
0 0.0023246
0 0.00244731
0 0.00257003
0 0.00269275
0 0.00281546
0 0.00293818
0 0.0030609
0 0.00318361
0 0.00330633
0 0.00342905
0 0.00355176
0 0.00367448
0 0.0037972
0 0.00391991
0 0.00404263
0 0.00416535
0 0.00428806
0 0.00441078
0 0.0045335
0 0.00465621
0 0.00477893
0 0.00490165
0 0.00502836
0 0.00490559
0 0.00478281
0 0.00466004
0 0.00453727
0 0.0044145
0 0.00429173
0 0.00416896
0 0.00404619
0 0.00392342
0 0.00380065
0 0.00367788
0 0.00355511
0 0.00343234
0 0.00330957
0 0.0031868
0 0.00306403
0 0.00294126
0 0.00281849
0 0.00269572
0 0.00257294
0 0.00245017
0 0.0023274
0 0.00224851
0 0.00218338
0 0.00211825
0 0.00205313
0 0.001988
0 0.00192288
0 0.00185775
0 0.00179262
0 0.0017275
0 0.00166237
0 0.00159724
0 0.00153212
0 0.00146699
0 0.00140187
0 0.00133674
0 0.00127161
0 0.00120649
0 0.00114136
0 0.00107623
0 0.00101111
0 0.000945982
0 0.000880856
0 0.00081573
0 0.000750603
0 0.000685477
0 0.000620351
0 0.000555225
0 0.000490099
0 0.000424972
0 0.000359846
0 0.00029472
0 0.000229594
0 0.000164468
0 9.93413e-05
0 3.42151e-05
-0.0144235 -1.46883e-05
-0.0656313 -2.22185e-05
-0.116839 -2.97487e-05
-0.168047 -3.72789e-05
-0.219255 -4.48091e-05
-0.270463 -5.23393e-05
-0.321671 -5.98695e-05
-0.372878 -6.73997e-05
-0.424086 -7.49299e-05
-0.475294 -8.24601e-05
-0.526502 -8.99903e-05
-0.57771 -9.75205e-05
-0.628918 -0.000105051
-0.680126 -0.000112581
-0.731333 -0.000120111
-0.782541 -0.000127641
-0.833749 -0.000135172
-0.884957 -0.000142702
-0.936165 -0.000150232
-0.987373 -0.000157762
-1.03858 -0.000165292
-1.08979 -0.000172823
-1.13937 -0.000180114
-1.08812 -0.000172632
-1.03687 -0.00016515
-0.98562 -0.000157668
-0.934369 -0.000150187
-0.883118 -0.000142705
-0.831867 -0.000135223
-0.780617 -0.000127741
-0.729366 -0.000120259
-0.678115 -0.000112777
-0.626864 -0.000105295
-0.575613 -9.78134e-05
-0.524362 -9.03316e-05
-0.473112 -8.28497e-05
-0.421861 -7.53678e-05
-0.37061 -6.78859e-05
-0.319359 -6.04041e-05
-0.268108 -5.29222e-05
-0.216858 -4.54403e-05
-0.165607 -3.79584e-05
-0.114356 -3.04766e-05
-0.0631051 -2.29947e-05
-0.0118543 -1.55128e-05
0 3.62803e-05
0 0.000101406
0 0.000166533
0 0.000231659
0 0.000296785
0 0.000361911
0 0.000427038
0 0.000492164
0 0.00055729
0 0.000622416
0 0.000687542
0 0.000752669
0 0.000817795
0 0.000882921
0 0.000948047
0 0.00101317
0 0.0010783
0 0.00114343
0 0.00120855
0 0.00127368
0 0.0013388
0 0.00140393
0 0.00146906
0 0.00153418
0 0.00159931
0 0.00166444
0 0.00172956
0 0.00179469
0 0.00185981
0 0.00192494
0 0.00199007
0 0.00205519
0 0.00212032
0 0.00218545
0 0.00225057
0 0.00232883
0 0.00245154
0 0.00257426
0 0.00269698
0 0.00281969
0 0.00294241
0 0.00306513
0 0.00318784
0 0.00331056
0 0.00343328
0 0.00355599
0 0.00367871
0 0.00380143
0 0.00392414
0 0.00404686
0 0.00416958
0 0.00429229
0 0.00441501
0 0.00453773
0 0.00466044
0 0.00478316
0 0.00490588
0 0.00502861
0 0.00490584
0 0.00478307
0 0.0046603
0 0.00453753
0 0.00441476
0 0.00429199
0 0.00416922
0 0.00404644
0 0.00392367
0 0.0038009
0 0.00367813
0 0.00355536
0 0.00343259
0 0.00330982
0 0.00318705
0 0.00306428
0 0.00294151
0 0.00281874
0 0.00269597
0 0.0025732
0 0.00245043
0 0.00232766
0 0.00225069
0 0.00218557
0 0.00212044
0 0.00205532
0 0.00199019
0 0.00192506
0 0.00185994
0 0.00179481
0 0.00172969
0 0.00166456
0 0.00159943
0 0.00153431
0 0.00146918
0 0.00140405
0 0.00133893
0 0.0012738
0 0.00120868
0 0.00114355
0 0.00107842
0 0.0010133
0 0.000948171
0 0.000883045
0 0.000817918
0 0.000752792
0 0.000687666
0 0.00062254
0 0.000557414
0 0.000492287
0 0.000427161
0 0.000362035
0 0.000296909
0 0.000231783
0 0.000166656
0 0.00010153
0 3.6404e-05
-0.0127024 -1.44352e-05
-0.0639102 -2.19654e-05
-0.115118 -2.94956e-05
-0.166326 -3.70258e-05
-0.217534 -4.4556e-05
-0.268742 -5.20862e-05
-0.319949 -5.96164e-05
-0.371157 -6.71466e-05
-0.422365 -7.46768e-05
-0.473573 -8.2207e-05
-0.524781 -8.97373e-05
-0.575989 -9.72675e-05
-0.627197 -0.000104798
-0.678404 -0.000112328
-0.729612 -0.000119858
-0.78082 -0.000127388
-0.832028 -0.000134918
-0.883236 -0.000142449
-0.934444 -0.000149979
-0.985651 -0.000157509
-1.03686 -0.000165039
-1.08807 -0.000172569
-1.13927 -0.000180099
-1.08802 -0.000172617
-1.03677 -0.000165135
-0.985517 -0.000157653
-0.934266 -0.000150171
-0.883015 -0.000142689
-0.831764 -0.000135208
-0.780513 -0.000127726
-0.729263 -0.000120244
-0.678012 -0.000112762
-0.626761 -0.00010528
-0.57551 -9.77983e-05
-0.524259 -9.03164e-05
-0.473009 -8.28345e-05
-0.421758 -7.53526e-05
-0.370507 -6.78708e-05
-0.319256 -6.03889e-05
-0.268005 -5.2907e-05
-0.216754 -4.54252e-05
-0.165504 -3.79433e-05
-0.114253 -3.04614e-05
-0.063002 -2.29795e-05
-0.0117512 -1.54977e-05
0 3.64114e-05
0 0.000101538
0 0.000166664
0 0.00023179
0 0.000296916
0 0.000362042
0 0.000427169
0 0.000492295
0 0.000557421
0 0.000622547
0 0.000687673
0 0.0007528
0 0.000817926
0 0.000883052
0 0.000948178
0 0.0010133
0 0.00107843
0 0.00114356
0 0.00120868
0 0.00127381
0 0.00133894
0 0.00140406
0 0.00146919
0 0.00153431
0 0.00159944
0 0.00166457
0 0.00172969
0 0.00179482
0 0.00185995
0 0.00192507
0 0.0019902
0 0.00205532
0 0.00212045
0 0.00218558
0 0.0022507
0 0.00232884
0 0.00245156
0 0.00257428
0 0.00269699
0 0.00281971
0 0.00294243
0 0.00306514
0 0.00318786
0 0.00331058
0 0.00343329
0 0.00355601
0 0.00367873
0 0.00380144
0 0.00392416
0 0.00404688
0 0.00416959
0 0.00429231
0 0.00441503
0 0.00453774
0 0.00466046
0 0.00478318
0 0.00490589
0 0.00502861
0 0.00515868
0 0.00528875
0 0.00541881
0 0.00554888
0 0.00567895
0 0.00580902
0 0.00593909
0 0.00606916
0 0.00619923
0 0.00632929
0 0.00645936
0 0.00658943
0 0.0067195
0 0.00684957
0 0.00697964
0 0.0071097
0 0.00723977
0 0.00736984
0 0.00749991
0 0.00762998
0 0.00750721
0 0.00738444
0 0.00726167
0 0.0071389
0 0.00701613
0 0.00689335
0 0.00677058
0 0.00664781
0 0.00652504
0 0.00640227
0 0.0062795
0 0.00615673
0 0.00603396
0 0.00591119
0 0.00578842
0 0.00566565
0 0.00554288
0 0.00542011
0 0.00529734
0 0.00517457
0 0.0050518
0 0.00492903
0 0.00482395
0 0.00475882
0 0.0046937
0 0.00462857
0 0.00456344
0 0.00449832
0 0.00443319
0 0.00436807
0 0.00430294
0 0.00423781
0 0.00417269
0 0.00410756
0 0.00404244
0 0.00397731
0 0.00391218
0 0.00384706
0 0.00378193
0 0.0037168
0 0.00365168
0 0.00358655
0 0.00352143
0 0.0034563
0 0.00339117
0 0.00332605
0 0.00326092
0 0.00319579
0 0.00313067
0 0.00306554
0 0.00300042
0 0.00293529
0 0.00287016
0 0.00280504
0 0.00273991
0 0.00267478
0 0.00260966
0 0.00254453
0 0.00247941
0 0.00241428
0 0.00234915
0 0.00228403
0 0.0022189
0 0.00215378
0 0.00208865
0 0.00202352
0 0.0019584
0 0.00189327
0 0.00182814
0 0.00176302
0 0.00169789
0 0.00163277
0 0.00156764
0 0.00150251
0 0.00143739
0 0.00137226
0 0.00130713
0 0.00124201
0 0.00116222
0 0.0010595
0 0.000956778
0 0.000854056
0 0.000751333
0 0.00064861
0 0.000545887
0 0.000443164
0 0.000340442
0 0.000237719
0 0.000134996
0 3.22731e-05
-0.0301297 -1.69979e-05
-0.0836004 -2.48609e-05
-0.137071 -3.27238e-05
-0.190542 -4.05868e-05
-0.244012 -4.84497e-05
-0.297483 -5.63127e-05
-0.350954 -6.41757e-05
-0.404424 -7.20386e-05
-0.457895 -7.99016e-05
-0.472013 -8.19777e-05
-0.473322 -8.21702e-05
-0.474631 -8.23626e-05
-0.47594 -8.25551e-05
-0.477249 -8.27476e-05
-0.478558 -8.29401e-05
-0.479867 -8.31325e-05
-0.481176 -8.3325e-05
-0.482484 -8.35175e-05
-0.483793 -8.371e-05
-0.485102 -8.39024e-05
-0.486411 -8.40949e-05
-0.48772 -8.42874e-05
-0.489029 -8.44799e-05
-0.490338 -8.46723e-05
-0.491647 -8.48648e-05
-0.492956 -8.50573e-05
-0.494265 -8.52498e-05
-0.495573 -8.54422e-05
-0.496882 -8.56347e-05
-0.498191 -8.58272e-05
-0.44694 -7.83453e-05
-0.39569 -7.08635e-05
-0.344439 -6.33816e-05
-0.293188 -5.58997e-05
-0.241937 -4.84178e-05
-0.190686 -4.0936e-05
-0.139436 -3.34541e-05
-0.0881847 -2.59722e-05
-0.0369339 -1.84904e-05
0 5.0945e-06
0 7.02207e-05
0 0.000135347
0 0.000200473
0 0.000265599
0 0.000330726
0 0.000395852
0 0.000460978
0 0.000526104
0 0.00059123
0 0.000656357
0 0.000721483
0 0.000786609
0 0.000851735
0 0.000916861
0 0.000981988
0 0.00104711
0 0.00111224
0 0.00117737
0 0.00124249
0 0.00130762
0 0.00137274
0 0.00143787
0 0.001503
0 0.00156812
0 0.00163325
0 0.00169838
0 0.0017635
0 0.00182863
0 0.00189375
0 0.00195888
0 0.00202401
0 0.00208913
0 0.00215426
0 0.00221939
0 0.00228451
0 0.00234964
0 0.00241476
0 0.00247989
0 0.00254502
0 0.00261014
0 0.00267527
0 0.0027404
0 0.00280552
0 0.00287065
0 0.00293577
0 0.0030009
0 0.00306603
0 0.00313115
0 0.00319628
0 0.0032614
0 0.00332653
0 0.00339166
0 0.00345678
0 0.00352191
0 0.00358704
0 0.00365216
0 0.00371729
0 0.00378241
0 0.00384754
0 0.00391267
0 0.00397779
0 0.00404292
0 0.00410805
0 0.00417317
0 0.0042383
0 0.00430342
0 0.00436855
0 0.00443368
0 0.0044988
0 0.00456393
0 0.00462905
0 0.00469418
0 0.00475931
0 0.00482443
0 0.00488956
0 0.00495469
0 0.00501981
0 0.00508494
0 0.00515006
0 0.0052122
0 0.00523947
0 0.00526675
0 0.00529402
0 0.0053213
0 0.00534857
0 0.00537585
0 0.00540312
0 0.0054304
0 0.00545767
0 0.00548495
0 0.00551222
0 0.0055395
0 0.00558532
0 0.0057077
0 0.00583008
0 0.00595247
0 0.00607595
0 0.00620289
0 0.00632984
0 0.00645679
0 0.00658373
0 0.00671068
0 0.00683762
0 0.00696457
0 0.00709152
0 0.00721846
0 0.00734541
0 0.00747236
0 0.0075993
0 0.00772861
0 0.00760584
0 0.00748307
0 0.0073603
0 0.00723753
0 0.00711476
0 0.00699199
0 0.00686922
0 0.00674645
0 0.00662368
0 0.006523
0 0.00645788
0 0.00639275
0 0.00632762
0 0.0062625
0 0.00619737
0 0.00613225
0 0.00606712
0 0.00600199
0 0.00593687
0 0.00587174
0 0.00580661
0 0.00574149
0 0.00567636
0 0.00561124
0 0.00554611
0 0.00548098
0 0.00541586
0 0.00535073
0 0.00528561
0 0.00522048
0 0.00515535
0 0.00509023
0 0.0050251
0 0.00495997
0 0.00489485
0 0.00482972
0 0.0047646
0 0.00469947
0 0.00463434
0 0.00456922
0 0.00450409
0 0.00443896
0 0.00437384
0 0.00430871
0 0.00424359
0 0.00417846
0 0.00411333
0 0.00404821
0 0.00398308
0 0.00391795
0 0.00385283
0 0.0037877
0 0.00372258
0 0.00365745
0 0.00359232
0 0.0035272
0 0.00346207
0 0.00339695
0 0.00333182
0 0.00326669
0 0.00320157
0 0.00313644
0 0.00307131
0 0.00300619
0 0.00294106
0 0.00287594
0 0.00281081
0 0.00274568
0 0.00268056
0 0.00261543
0 0.0025503
0 0.00248518
0 0.00242005
0 0.00235493
0 0.0022898
0 0.00222467
0 0.00215955
0 0.00209442
0 0.00202929
0 0.00196417
0 0.00189904
0 0.00183392
0 0.00176879
0 0.00170366
0 0.00163854
0 0.00157341
0 0.00150829
0 0.00144316
0 0.00137803
0 0.00131291
0 0.00121047
0 0.00110749
0 0.00100452
0 0.000901542
0 0.000798567
0 0.000695591
0 0.000592616
0 0.00048964
0 0.000386665
0 0.000283689
0 0.000180714
0 7.7738e-05
-0.0065803 -1.35349e-05
-0.060061 -2.13994e-05
-0.113542 -2.92638e-05
-0.167022 -3.71282e-05
-0.205474 -4.27826e-05
-0.227607 -4.60373e-05
-0.24974 -4.9292e-05
-0.271873 -5.25468e-05
-0.294007 -5.58015e-05
-0.31614 -5.90562e-05
-0.338273 -6.23109e-05
-0.360406 -6.55656e-05
-0.382539 -6.88203e-05
-0.404672 -7.20751e-05
-0.426805 -7.53298e-05
-0.448938 -7.85845e-05
-0.471072 -8.18392e-05
-0.493084 -8.50762e-05
-0.441834 -7.75944e-05
-0.390583 -7.01125e-05
-0.339332 -6.26306e-05
-0.288081 -5.51488e-05
-0.23683 -4.76669e-05
-0.18558 -4.0185e-05
-0.134329 -3.27031e-05
-0.0830779 -2.52213e-05
-0.0318271 -1.77394e-05
0 1.15893e-05
0 7.67155e-05
0 0.000141842
0 0.000206968
0 0.000272094
0 0.00033722
0 0.000402347
0 0.000467473
0 0.000532599
0 0.000597725
0 0.000662851
0 0.000727978
0 0.000793104
0 0.00085823
0 0.000923356
0 0.000988482
0 0.00105361
0 0.00111873
0 0.00118386
0 0.00124899
0 0.00131411
0 0.00137924
0 0.00144437
0 0.00150949
0 0.00157462
0 0.00163974
0 0.00170487
0 0.00177
0 0.00183512
0 0.00190025
0 0.00196538
0 0.0020305
0 0.00209563
0 0.00216075
0 0.00222588
0 0.00229101
0 0.00235613
0 0.00242126
0 0.00248639
0 0.00255151
0 0.00261664
0 0.00268176
0 0.00274689
0 0.00281202
0 0.00287714
0 0.00294227
0 0.00300739
0 0.00307252
0 0.00313765
0 0.00320277
0 0.0032679
0 0.00333303
0 0.00339815
0 0.00346328
0 0.0035284
0 0.00359353
0 0.00365866
0 0.00372378
0 0.00378891
0 0.00385404
0 0.00391916
0 0.00398429
0 0.00404941
0 0.00411454
0 0.00417967
0 0.00424479
0 0.00430992
0 0.00437504
0 0.00444017
0 0.0045053
0 0.00457042
0 0.00463555
0 0.00470068
0 0.0047658
0 0.00483093
0 0.00489605
0 0.00496118
0 0.00502631
0 0.00509143
0 0.00515656
0 0.00522169
0 0.00524926
0 0.00527653
0 0.0053038
0 0.00533108
0 0.00535835
0 0.00538562
0 0.0054129
0 0.00544017
0 0.00546744
0 0.00549472
0 0.00552199
0 0.00554926
0 0.00558607
0 0.00570845
0 0.00583083
0 0.00595321
0 0.00607769
0 0.00620469
0 0.00633168
0 0.00645867
0 0.00658567
0 0.00671266
0 0.00683966
0 0.00696665
0 0.00709364
0 0.00722064
0 0.00734763
0 0.00747463
0 0.00760162
0 0.00772862
0 0.00760585
0 0.00748307
0 0.0073603
0 0.00723753
0 0.00711476
0 0.00699199
0 0.00686922
0 0.00674645
0 0.00662368
0 0.00652305
0 0.00645793
0 0.0063928
0 0.00632767
0 0.00626255
0 0.00619742
0 0.00613229
0 0.00606717
0 0.00600204
0 0.00593692
0 0.00587179
0 0.00580666
0 0.00574154
0 0.00567641
0 0.00561129
0 0.00554616
0 0.00548103
0 0.00541591
0 0.00535078
0 0.00528565
0 0.00522053
0 0.0051554
0 0.00509028
0 0.00502515
0 0.00496002
0 0.0048949
0 0.00482977
0 0.00476464
0 0.00469952
0 0.00463439
0 0.00456927
0 0.00450414
0 0.00443901
0 0.00437389
0 0.00430876
0 0.00424363
0 0.00417851
0 0.00411338
0 0.00404826
0 0.00398313
0 0.003918
0 0.00385288
0 0.00378775
0 0.00372263
0 0.0036575
0 0.00359237
0 0.00352725
0 0.00346212
0 0.00339699
0 0.00333187
0 0.00326674
0 0.00320162
0 0.00313649
0 0.00307136
0 0.00300624
0 0.00294111
0 0.00287598
0 0.00281086
0 0.00274573
0 0.00268061
0 0.00261548
0 0.00255035
0 0.00248523
0 0.0024201
0 0.00235497
0 0.00228985
0 0.00222472
0 0.0021596
0 0.00209447
0 0.00202934
0 0.00196422
0 0.00189909
0 0.00183397
0 0.00176884
0 0.00170371
0 0.00163859
0 0.00157346
0 0.00150833
0 0.00144321
0 0.00137808
0 0.00131296
0 0.00121054
0 0.00110757
0 0.00100459
0 0.000901616
0 0.00079864
0 0.000695665
0 0.000592689
0 0.000489714
0 0.000386738
0 0.000283763
0 0.000180787
0 7.78115e-05
-0.00654217 -1.35293e-05
-0.0600229 -2.13938e-05
-0.113504 -2.92582e-05
-0.166984 -3.71226e-05
-0.205385 -4.27695e-05
-0.227516 -4.60239e-05
-0.249647 -4.92783e-05
-0.271777 -5.25326e-05
-0.293908 -5.5787e-05
-0.316039 -5.90413e-05
-0.338169 -6.22957e-05
-0.3603 -6.55501e-05
-0.382431 -6.88044e-05
-0.404561 -7.20588e-05
-0.426692 -7.53131e-05
-0.448823 -7.85675e-05
-0.470954 -8.18218e-05
-0.493084 -8.50762e-05
-0.441833 -7.75943e-05
-0.390583 -7.01125e-05
-0.339332 -6.26306e-05
-0.288081 -5.51487e-05
-0.23683 -4.76668e-05
-0.185579 -4.0185e-05
-0.134328 -3.27031e-05
-0.0830776 -2.52212e-05
-0.0318268 -1.77394e-05
0 1.15897e-05
0 7.67159e-05
0 0.000141842
0 0.000206968
0 0.000272094
0 0.000337221
0 0.000402347
0 0.000467473
0 0.000532599
0 0.000597725
0 0.000662852
0 0.000727978
0 0.000793104
0 0.00085823
0 0.000923357
0 0.000988483
0 0.00105361
0 0.00111874
0 0.00118386
0 0.00124899
0 0.00131411
0 0.00137924
0 0.00144437
0 0.00150949
0 0.00157462
0 0.00163974
0 0.00170487
0 0.00177
0 0.00183512
0 0.00190025
0 0.00196538
0 0.0020305
0 0.00209563
0 0.00216075
0 0.00222588
0 0.00229101
0 0.00235613
0 0.00242126
0 0.00248639
0 0.00255151
0 0.00261664
0 0.00268176
0 0.00274689
0 0.00281202
0 0.00287714
0 0.00294227
0 0.0030074
0 0.00307252
0 0.00313765
0 0.00320277
0 0.0032679
0 0.00333303
0 0.00339815
0 0.00346328
0 0.0035284
0 0.00359353
0 0.00365866
0 0.00372378
0 0.00378891
0 0.00385404
0 0.00391916
0 0.00398429
0 0.00404941
0 0.00411454
0 0.00417967
0 0.00424479
0 0.00430992
0 0.00437505
0 0.00444017
0 0.0045053
0 0.00457042
0 0.00463555
0 0.00470068
0 0.0047658
0 0.00483093
0 0.00489605
0 0.00496118
0 0.00502631
0 0.00509143
0 0.00515656
0 0.00522169
0 0.00524926
0 0.00527653
0 0.0053038
0 0.00533108
0 0.00535835
0 0.00538562
0 0.0054129
0 0.00544017
0 0.00546744
0 0.00549472
0 0.00552199
0 0.00554926
0 0.00558607
0 0.00570845
0 0.00583083
0 0.00595321
0 0.00607769
0 0.00620469
0 0.00633168
0 0.00645867
0 0.00658567
0 0.00671266
0 0.00683966
0 0.00696665
0 0.00709365
0 0.00722064
0 0.00734763
0 0.00747463
0 0.00760162
0 0.00772862
0 0.00785868
0 0.00798874
0 0.0081188
0 0.00824885
0 0.00837891
0 0.00850897
0 0.00863903
0 0.00876909
0 0.00889915
0 0.00902921
0 0.00915927
0 0.00928933
0 0.00941939
0 0.00954945
0 0.00967951
0 0.00980957
0 0.00993963
0 0.0100697
0 0.0101998
0 0.0103298
0 0.010207
0 0.0100843
0 0.0099615
0 0.00983873
0 0.00971596
0 0.00959319
0 0.00947042
0 0.00934765
0 0.00922488
0 0.00910211
0 0.00902967
0 0.00896454
0 0.00889942
0 0.00883429
0 0.00876917
0 0.00870404
0 0.00863891
0 0.00857379
0 0.00850866
0 0.00844354
0 0.00837841
0 0.00831328
0 0.00824816
0 0.00818303
0 0.0081179
0 0.00805278
0 0.00798765
0 0.00792253
0 0.0078574
0 0.00779227
0 0.00772715
0 0.00766202
0 0.00759689
0 0.00753177
0 0.00746664
0 0.00740152
0 0.00733639
0 0.00727126
0 0.00720614
0 0.00714101
0 0.00707589
0 0.00701076
0 0.00694563
0 0.00688051
0 0.00681538
0 0.00675025
0 0.00668513
0 0.00662
0 0.00655488
0 0.00648975
0 0.00642462
0 0.0063595
0 0.00629209
0 0.00622319
0 0.00615428
0 0.00608538
0 0.00601647
0 0.00594756
0 0.00587866
0 0.00580975
0 0.00574085
0 0.00567194
0 0.00560304
0 0.00553413
0 0.00546522
0 0.00539632
0 0.00532741
0 0.00525851
0 0.0051896
0 0.0051207
0 0.00505179
0 0.00498288
0 0.00491398
0 0.00484507
0 0.00477617
0 0.00470726
0 0.00463836
0 0.00456945
0 0.00450054
0 0.00443164
0 0.00436273
0 0.00429383
0 0.00422492
0 0.00415602
0 0.00408711
0 0.0040182
0 0.0039493
0 0.00388039
0 0.00381149
0 0.00374258
0 0.00363514
0 0.00352685
0 0.00341856
0 0.00331026
0 0.00320197
0 0.00309368
0 0.00298539
0 0.00287709
0 0.0027688
0 0.00266051
0 0.00255222
0 0.00244393
0 0.00233563
0 0.00222734
0 0.00211905
0 0.00201076
0 0.00190247
0 0.00179417
0 0.00168588
0 0.00157759
0 0.0014693
0 0.00136101
0 0.00125271
0 0.00114442
0 0.00103613
0 0.000927837
0 0.000819545
0 0.000711253
0 0.000602961
0 0.000494669
0 0.000386377
0 0.000278084
0 0.000169792
0 6.15003e-05
-0.0169656 -1.50621e-05
-0.0706476 -2.29562e-05
-0.104484 -2.79318e-05
-0.12669 -3.11973e-05
-0.148896 -3.44628e-05
-0.171103 -3.77282e-05
-0.193309 -4.09937e-05
-0.215515 -4.42592e-05
-0.237721 -4.75247e-05
-0.259928 -5.07901e-05
-0.282134 -5.40556e-05
-0.30434 -5.73211e-05
-0.326547 -6.05865e-05
-0.348753 -6.3852e-05
-0.370959 -6.71175e-05
-0.390748 -7.00275e-05
-0.392062 -7.02208e-05
-0.393377 -7.0414e-05
-0.394691 -7.06073e-05
-0.396006 -7.08006e-05
-0.39732 -7.09939e-05
-0.398634 -7.11872e-05
-0.399949 -7.13805e-05
-0.401263 -7.15738e-05
-0.402578 -7.1767e-05
-0.403892 -7.19603e-05
-0.405206 -7.21536e-05
-0.406521 -7.23469e-05
-0.407835 -7.25402e-05
-0.40915 -7.27335e-05
-0.410464 -7.29267e-05
-0.411778 -7.312e-05
-0.413093 -7.33133e-05
-0.414407 -7.35066e-05
-0.415722 -7.36999e-05
-0.417036 -7.38932e-05
-0.365785 -6.64113e-05
-0.314534 -5.89294e-05
-0.263284 -5.14476e-05
-0.212033 -4.39657e-05
-0.160782 -3.64838e-05
-0.109531 -2.90019e-05
-0.0582802 -2.15201e-05
-0.0070294 -1.40382e-05
0 4.31817e-05
0 0.000108308
0 0.000173434
0 0.00023856
0 0.000303687
0 0.000368813
0 0.000433939
0 0.000499065
0 0.000564191
0 0.000629318
0 0.000694444
0 0.00075957
0 0.000824696
0 0.000889822
0 0.000954949
0 0.00102007
0 0.0010852
0 0.00115033
0 0.00121545
0 0.00128058
0 0.00134571
0 0.00141083
0 0.00147596
0 0.00154108
0 0.00160621
0 0.00167134
0 0.00173646
0 0.00180159
0 0.00186672
0 0.00193184
0 0.00199697
0 0.00206209
0 0.00212722
0 0.00219235
0 0.00225747
0 0.0023226
0 0.00238773
0 0.00245285
0 0.00251798
0 0.0025831
0 0.00264823
0 0.00271336
0 0.00277848
0 0.00284361
0 0.00290873
0 0.00297386
0 0.00303578
0 0.00309706
0 0.00315835
0 0.00321964
0 0.00328092
0 0.00334221
0 0.0034035
0 0.00346478
0 0.00352607
0 0.00358735
0 0.00364864
0 0.00370993
0 0.00377121
0 0.0038325
0 0.00389379
0 0.00395507
0 0.00401636
0 0.00407764
0 0.00413893
0 0.00420022
0 0.0042615
0 0.00432279
0 0.00438408
0 0.00444536
0 0.00450665
0 0.00456793
0 0.00462922
0 0.00469051
0 0.00475179
0 0.00481308
0 0.00487437
0 0.00493565
0 0.00499694
0 0.00505822
0 0.00511951
0 0.0051808
0 0.00524208
0 0.0052965
0 0.00531844
0 0.00534037
0 0.0053623
0 0.00538424
0 0.00540617
0 0.0054281
0 0.00545004
0 0.00547197
0 0.0054939
0 0.00551584
0 0.00553777
0 0.0055597
0 0.00558164
0 0.00560357
0 0.0056255
0 0.00564744
0 0.00566937
0 0.00571205
0 0.00576613
0 0.00582021
0 0.00587429
0 0.00592837
0 0.00598245
0 0.00603654
0 0.00609062
0 0.0061447
0 0.00619878
0 0.00625286
0 0.00630694
0 0.00636102
0 0.00641511
0 0.00646919
0 0.00652327
0 0.00657735
0 0.00663143
0 0.00668551
0 0.00673959
0 0.00679368
0 0.00684776
0 0.00690184
0 0.00695592
0 0.00701933
0 0.00714723
0 0.00727513
0 0.00740303
0 0.00753092
0 0.00765882
0 0.00778672
0 0.00791461
0 0.00804251
0 0.00817041
0 0.00829831
0 0.0084262
0 0.0085541
0 0.008682
0 0.00880989
0 0.00893779
0 0.00906569
0 0.00919359
0 0.00932148
0 0.00944938
0 0.00957728
0 0.00970518
0 0.00983307
0 0.00996097
0 0.0100889
0 0.0102168
0 0.0103449
0 0.0102221
0 0.0100994
0 0.0099766
0 0.00985383
0 0.00973106
0 0.00960829
0 0.00948552
0 0.00936275
0 0.00929044
0 0.00922531
0 0.00916019
0 0.00909506
0 0.00902993
0 0.00896481
0 0.00889968
0 0.00883456
0 0.00876943
0 0.0087043
0 0.00863918
0 0.00857405
0 0.00850893
0 0.0084438
0 0.00837867
0 0.00831355
0 0.00824842
0 0.00818329
0 0.00811817
0 0.00805304
0 0.00798792
0 0.00792279
0 0.00785766
0 0.00779254
0 0.00772741
0 0.00766228
0 0.00759716
0 0.00753203
0 0.00746691
0 0.00740178
0 0.00733665
0 0.00727153
0 0.0072064
0 0.00714128
0 0.00707615
0 0.00701102
0 0.0069459
0 0.00688077
0 0.00681564
0 0.00675052
0 0.00668539
0 0.00662027
0 0.00655514
0 0.00649001
0 0.00642489
0 0.00635976
0 0.00629147
0 0.00622251
0 0.00615355
0 0.00608459
0 0.00601563
0 0.00594666
0 0.0058777
0 0.00580874
0 0.00573978
0 0.00567082
0 0.00560186
0 0.0055329
0 0.00546394
0 0.00539498
0 0.00532602
0 0.00525705
0 0.00518809
0 0.00511913
0 0.00505017
0 0.00498121
0 0.00491225
0 0.00484329
0 0.00477433
0 0.00470537
0 0.0046364
0 0.00456744
0 0.00449848
0 0.00442952
0 0.00436056
0 0.0042916
0 0.00422264
0 0.00415368
0 0.00408472
0 0.00401575
0 0.00394679
0 0.00387783
0 0.00380887
0 0.00373334
0 0.00362502
0 0.00351671
0 0.00340839
0 0.00330007
0 0.00319176
0 0.00308344
0 0.00297512
0 0.00286681
0 0.00275849
0 0.00265017
0 0.00254185
0 0.00243354
0 0.00232522
0 0.0022169
0 0.00210859
0 0.00200027
0 0.00189195
0 0.00180772
0 0.00173162
0 0.00165552
0 0.00157941
0 0.00150331
0 0.0014272
0 0.0013511
0 0.00127499
0 0.00119889
0 0.00112278
0 0.00104668
0 0.000970572
0 0.000894467
0 0.000818362
0 0.000742257
0 0.000666153
0 0.000590048
0 0.000513943
0 0.000437838
0 0.000361733
0 0.000285628
0 0.000209524
0 0.000133419
0 5.7314e-05
-0.00130615 -1.27594e-05
-0.0172785 -1.51081e-05
-0.0332509 -1.74569e-05
-0.0492233 -1.98057e-05
-0.0651957 -2.21544e-05
-0.081168 -2.45032e-05
-0.0971404 -2.6852e-05
-0.113113 -2.92007e-05
-0.129085 -3.15495e-05
-0.145058 -3.38983e-05
-0.16103 -3.6247e-05
-0.177002 -3.85958e-05
-0.192975 -4.09446e-05
-0.208947 -4.32933e-05
-0.224919 -4.56421e-05
-0.240892 -4.79909e-05
-0.256864 -5.03396e-05
-0.272837 -5.26884e-05
-0.288809 -5.50372e-05
-0.304781 -5.73859e-05
-0.320754 -5.97347e-05
-0.336726 -6.20835e-05
-0.352698 -6.44322e-05
-0.368671 -6.6781e-05
-0.384643 -6.91298e-05
-0.400616 -7.14785e-05
-0.41658 -7.38262e-05
-0.36533 -6.63443e-05
-0.314079 -5.88624e-05
-0.262828 -5.13806e-05
-0.211577 -4.38987e-05
-0.160326 -3.64168e-05
-0.109075 -2.89349e-05
-0.0578246 -2.14531e-05
-0.00657381 -1.39712e-05
0 4.37611e-05
0 0.000108887
0 0.000174014
0 0.00023914
0 0.000304266
0 0.000369392
0 0.000434518
0 0.000499645
0 0.000564771
0 0.000629897
0 0.000695023
0 0.000760149
0 0.000825276
0 0.000890402
0 0.000955528
0 0.00102065
0 0.00108578
0 0.00115091
0 0.00121603
0 0.00128116
0 0.00134629
0 0.00141141
0 0.00147654
0 0.00154166
0 0.00160679
0 0.00167192
0 0.00173704
0 0.00180217
0 0.00186729
0 0.00193242
0 0.00199755
0 0.00206267
0 0.0021278
0 0.00219293
0 0.00225805
0 0.00232318
0 0.0023883
0 0.00245343
0 0.00251856
0 0.00258368
0 0.00264881
0 0.00271394
0 0.00277906
0 0.00284419
0 0.00290931
0 0.00297444
0 0.00303639
0 0.00309767
0 0.00315896
0 0.00322025
0 0.00328153
0 0.00334282
0 0.0034041
0 0.00346539
0 0.00352668
0 0.00358796
0 0.00364925
0 0.00371053
0 0.00377182
0 0.00383311
0 0.00389439
0 0.00395568
0 0.00401696
0 0.00407825
0 0.00413954
0 0.00420082
0 0.00426211
0 0.00432339
0 0.00438468
0 0.00444597
0 0.00450725
0 0.00456854
0 0.00462982
0 0.00469111
0 0.0047524
0 0.00481368
0 0.00487497
0 0.00493625
0 0.00499754
0 0.00505883
0 0.00512011
0 0.0051814
0 0.00524268
0 0.00529742
0 0.00531935
0 0.00534129
0 0.00536322
0 0.00538515
0 0.00540709
0 0.00542902
0 0.00545095
0 0.00547289
0 0.00549482
0 0.00551675
0 0.00553869
0 0.00556062
0 0.00558255
0 0.00560449
0 0.00562642
0 0.00564835
0 0.00567028
0 0.00571567
0 0.0057698
0 0.00582393
0 0.00587807
0 0.0059322
0 0.00598634
0 0.00604047
0 0.0060946
0 0.00614874
0 0.00620287
0 0.00625701
0 0.00631114
0 0.00636527
0 0.00641941
0 0.00647354
0 0.00652768
0 0.00658181
0 0.00663594
0 0.00669008
0 0.00674421
0 0.00679835
0 0.00685248
0 0.00690661
0 0.00696075
0 0.00701948
0 0.00714739
0 0.00727529
0 0.00740319
0 0.00753109
0 0.00765899
0 0.00778689
0 0.00791479
0 0.00804269
0 0.00817059
0 0.0082985
0 0.0084264
0 0.0085543
0 0.0086822
0 0.0088101
0 0.008938
0 0.0090659
0 0.0091938
0 0.0093217
0 0.00944961
0 0.00957751
0 0.00970541
0 0.00983331
0 0.00996121
0 0.0100891
0 0.010217
0 0.0103449
0 0.0102221
0 0.0100994
0 0.0099766
0 0.00985383
0 0.00973106
0 0.00960829
0 0.00948552
0 0.00936275
0 0.00929044
0 0.00922532
0 0.00916019
0 0.00909506
0 0.00902994
0 0.00896481
0 0.00889969
0 0.00883456
0 0.00876943
0 0.00870431
0 0.00863918
0 0.00857405
0 0.00850893
0 0.0084438
0 0.00837868
0 0.00831355
0 0.00824842
0 0.0081833
0 0.00811817
0 0.00805304
0 0.00798792
0 0.00792279
0 0.00785767
0 0.00779254
0 0.00772741
0 0.00766229
0 0.00759716
0 0.00753203
0 0.00746691
0 0.00740178
0 0.00733666
0 0.00727153
0 0.0072064
0 0.00714128
0 0.00707615
0 0.00701103
0 0.0069459
0 0.00688077
0 0.00681565
0 0.00675052
0 0.00668539
0 0.00662027
0 0.00655514
0 0.00649002
0 0.00642489
0 0.00635976
0 0.00629147
0 0.00622251
0 0.00615355
0 0.00608459
0 0.00601563
0 0.00594667
0 0.00587771
0 0.00580875
0 0.00573978
0 0.00567082
0 0.00560186
0 0.0055329
0 0.00546394
0 0.00539498
0 0.00532602
0 0.00525706
0 0.0051881
0 0.00511913
0 0.00505017
0 0.00498121
0 0.00491225
0 0.00484329
0 0.00477433
0 0.00470537
0 0.00463641
0 0.00456745
0 0.00449848
0 0.00442952
0 0.00436056
0 0.0042916
0 0.00422264
0 0.00415368
0 0.00408472
0 0.00401576
0 0.0039468
0 0.00387784
0 0.00380887
0 0.00373334
0 0.00362503
0 0.00351671
0 0.00340839
0 0.00330008
0 0.00319176
0 0.00308344
0 0.00297513
0 0.00286681
0 0.00275849
0 0.00265018
0 0.00254186
0 0.00243354
0 0.00232522
0 0.00221691
0 0.00210859
0 0.00200027
0 0.00189196
0 0.00180774
0 0.00173164
0 0.00165553
0 0.00157943
0 0.00150332
0 0.00142722
0 0.00135111
0 0.00127501
0 0.0011989
0 0.0011228
0 0.0010467
0 0.00097059
0 0.000894486
0 0.000818381
0 0.000742277
0 0.000666172
0 0.000590068
0 0.000513963
0 0.000437858
0 0.000361754
0 0.000285649
0 0.000209545
0 0.00013344
0 5.73354e-05
-0.0013016 -1.27587e-05
-0.0172739 -1.51074e-05
-0.0332461 -1.74562e-05
-0.0492184 -1.98049e-05
-0.0651906 -2.21537e-05
-0.0811629 -2.45024e-05
-0.0971352 -2.68512e-05
-0.113107 -2.91999e-05
-0.12908 -3.15487e-05
-0.145052 -3.38974e-05
-0.161024 -3.62462e-05
-0.176996 -3.85949e-05
-0.192969 -4.09437e-05
-0.208941 -4.32924e-05
-0.224913 -4.56412e-05
-0.240886 -4.79899e-05
-0.256858 -5.03387e-05
-0.27283 -5.26874e-05
-0.288802 -5.50362e-05
-0.304775 -5.73849e-05
-0.320747 -5.97337e-05
-0.336719 -6.20824e-05
-0.352691 -6.44312e-05
-0.368664 -6.67799e-05
-0.384636 -6.91287e-05
-0.400608 -7.14774e-05
-0.41658 -7.38262e-05
-0.36533 -6.63443e-05
-0.314079 -5.88624e-05
-0.262828 -5.13806e-05
-0.211577 -4.38987e-05
-0.160326 -3.64168e-05
-0.109075 -2.89349e-05
-0.0578246 -2.14531e-05
-0.0065738 -1.39712e-05
0 4.37611e-05
0 0.000108887
0 0.000174014
0 0.00023914
0 0.000304266
0 0.000369392
0 0.000434518
0 0.000499645
0 0.000564771
0 0.000629897
0 0.000695023
0 0.000760149
0 0.000825276
0 0.000890402
0 0.000955528
0 0.00102065
0 0.00108578
0 0.00115091
0 0.00121603
0 0.00128116
0 0.00134629
0 0.00141141
0 0.00147654
0 0.00154166
0 0.00160679
0 0.00167192
0 0.00173704
0 0.00180217
0 0.00186729
0 0.00193242
0 0.00199755
0 0.00206267
0 0.0021278
0 0.00219293
0 0.00225805
0 0.00232318
0 0.0023883
0 0.00245343
0 0.00251856
0 0.00258368
0 0.00264881
0 0.00271394
0 0.00277906
0 0.00284419
0 0.00290931
0 0.00297444
0 0.00303639
0 0.00309767
0 0.00315896
0 0.00322025
0 0.00328153
0 0.00334282
0 0.0034041
0 0.00346539
0 0.00352668
0 0.00358796
0 0.00364925
0 0.00371053
0 0.00377182
0 0.00383311
0 0.00389439
0 0.00395568
0 0.00401696
0 0.00407825
0 0.00413954
0 0.00420082
0 0.00426211
0 0.00432339
0 0.00438468
0 0.00444597
0 0.00450725
0 0.00456854
0 0.00462982
0 0.00469111
0 0.0047524
0 0.00481368
0 0.00487497
0 0.00493625
0 0.00499754
0 0.00505883
0 0.00512011
0 0.0051814
0 0.00524268
0 0.00529742
0 0.00531935
0 0.00534129
0 0.00536322
0 0.00538515
0 0.00540709
0 0.00542902
0 0.00545095
0 0.00547289
0 0.00549482
0 0.00551675
0 0.00553869
0 0.00556062
0 0.00558255
0 0.00560449
0 0.00562642
0 0.00564835
0 0.00567028
0 0.00571567
0 0.0057698
0 0.00582393
0 0.00587807
0 0.0059322
0 0.00598634
0 0.00604047
0 0.0060946
0 0.00614874
0 0.00620287
0 0.00625701
0 0.00631114
0 0.00636527
0 0.00641941
0 0.00647354
0 0.00652768
0 0.00658181
0 0.00663594
0 0.00669008
0 0.00674421
0 0.00679835
0 0.00685248
0 0.00690662
0 0.00696075
0 0.00701948
0 0.00714739
0 0.00727529
0 0.00740319
0 0.00753109
0 0.00765899
0 0.00778689
0 0.00791479
0 0.00804269
0 0.00817059
0 0.0082985
0 0.0084264
0 0.0085543
0 0.0086822
0 0.0088101
0 0.008938
0 0.0090659
0 0.0091938
0 0.0093217
0 0.00944961
0 0.00957751
0 0.00970541
0 0.00983331
0 0.00996121
0 0.0100891
0 0.010217
0 0.0103449
0 0.010475
0 0.010605
0 0.0107351
0 0.0108651
0 0.0109952
0 0.0111253
0 0.0112553
0 0.0113854
0 0.0115154
0 0.0116455
0 0.0117756
0 0.0119056
0 0.0120357
0 0.0121657
0 0.0122958
0 0.0124259
0 0.0125559
0 0.012686
0 0.012816
0 0.0129461
0 0.0130762
0 0.0132062
0 0.0133363
0 0.0134663
0 0.0135964
0 0.0137264
0 0.0138565
0 0.0139866
0 0.0141166
0 0.0142467
0 0.0143767
0 0.0145068
0 0.0146369
0 0.0147669
0 0.014897
0 0.015027
0 0.0151571
0 0.0152872
0 0.0154172
0 0.0155473
0 0.0156773
0 0.0155546
0 0.0154318
0 0.015309
0 0.0151862
0 0.0150635
0 0.0149407
0 0.0148179
0 0.0146952
0 0.0145724
0 0.0144971
0 0.014432
0 0.0143669
0 0.0143017
0 0.0142366
0 0.0141715
0 0.0141064
0 0.0140412
0 0.0139761
0 0.013911
0 0.0138459
0 0.0137807
0 0.0137156
0 0.0136505
0 0.0135854
0 0.0135202
0 0.0134551
0 0.01339
0 0.0133248
0 0.0132597
0 0.0131946
0 0.0131295
0 0.0130643
0 0.0129992
0 0.0129341
0 0.012869
0 0.0128038
0 0.0127387
0 0.0126736
0 0.0126085
0 0.0125433
0 0.0124782
0 0.0124131
0 0.012348
0 0.0122828
0 0.0122177
0 0.0121526
0 0.0120875
0 0.0120223
0 0.0119572
0 0.0118921
0 0.0118269
0 0.0117618
0 0.0116967
0 0.0116316
0 0.0115664
0 0.0114851
0 0.0114013
0 0.0113176
0 0.0112338
0 0.01115
0 0.0110662
0 0.0109825
0 0.0108987
0 0.0108149
0 0.0107312
0 0.0106474
0 0.0105636
0 0.0104798
0 0.0103961
0 0.0103123
0 0.0102285
0 0.0101448
0 0.010061
0 0.00997722
0 0.00989345
0 0.00980968
0 0.00972591
0 0.00964213
0 0.00955836
0 0.00947459
0 0.00939082
0 0.00930705
0 0.00922328
0 0.00913951
0 0.00905574
0 0.00897196
0 0.00888819
0 0.00880442
0 0.00872065
0 0.00863688
0 0.00855311
0 0.00846934
0 0.00838557
0 0.0083018
0 0.00821802
0 0.00813425
0 0.00805048
0 0.00796671
0 0.00788294
0 0.00779917
0 0.0077154
0 0.00763163
0 0.00754786
0 0.00746408
0 0.00737376
0 0.00725919
0 0.00714461
0 0.00703004
0 0.00691546
0 0.00680089
0 0.00668632
0 0.00657174
0 0.00645717
0 0.00634259
0 0.00622802
0 0.00611344
0 0.00599887
0 0.0058843
0 0.00576972
0 0.00565515
0 0.00554057
0 0.005426
0 0.00531142
0 0.00519685
0 0.00508228
0 0.0049677
0 0.00485313
0 0.00473855
0 0.00462398
0 0.00453361
0 0.00444567
0 0.00435773
0 0.00426979
0 0.00418185
0 0.00409391
0 0.00400597
0 0.00391803
0 0.00383009
0 0.00374214
0 0.0036542
0 0.00356626
0 0.00347832
0 0.00339038
0 0.00330244
0 0.0032145
0 0.00312656
0 0.00303862
0 0.00295068
0 0.00286274
0 0.0027748
0 0.00268685
0 0.00259891
0 0.00251097
0 0.00242303
0 0.00233509
0 0.00224715
0 0.00215921
0 0.00207127
0 0.00198333
0 0.00189539
0 0.00180745
0 0.00171951
0 0.00163156
0 0.00154362
0 0.00145568
0 0.00136774
0 0.0012798
0 0.00119186
0 0.00110392
0 0.00101598
0 0.000928038
0 0.000840098
0 0.000752157
0 0.000664216
0 0.000576275
0 0.000488334
0 0.000400393
0 0.000312453
0 0.000224512
0 0.000136571
0 4.86301e-05
-0.00487379 -1.3284e-05
-0.0209004 -1.56407e-05
-0.036927 -1.79975e-05
-0.0529536 -2.03542e-05
-0.0689801 -2.27109e-05
-0.0850067 -2.50677e-05
-0.101033 -2.74244e-05
-0.11706 -2.97812e-05
-0.133086 -3.21379e-05
-0.149113 -3.44946e-05
-0.16514 -3.68514e-05
-0.181166 -3.92081e-05
-0.197193 -4.15649e-05
-0.213219 -4.39216e-05
-0.229246 -4.62783e-05
-0.245273 -4.86351e-05
-0.261299 -5.09918e-05
-0.277326 -5.33485e-05
-0.293352 -5.57053e-05
-0.307566 -5.77955e-05
-0.308886 -5.79896e-05
-0.310206 -5.81837e-05
-0.311526 -5.83778e-05
-0.312846 -5.85719e-05
-0.314166 -5.8766e-05
-0.315486 -5.89601e-05
-0.316806 -5.91542e-05
-0.318126 -5.93483e-05
-0.319446 -5.95424e-05
-0.320766 -5.97366e-05
-0.322086 -5.99307e-05
-0.323406 -6.01248e-05
-0.324726 -6.03189e-05
-0.326046 -6.0513e-05
-0.327366 -6.07071e-05
-0.328686 -6.09012e-05
-0.330006 -6.10953e-05
-0.331326 -6.12894e-05
-0.332646 -6.14835e-05
-0.333966 -6.16776e-05
-0.335286 -6.18718e-05
-0.336606 -6.20659e-05
-0.337926 -6.226e-05
-0.339246 -6.24541e-05
-0.340566 -6.26482e-05
-0.341886 -6.28423e-05
-0.343206 -6.30364e-05
-0.344526 -6.32305e-05
-0.345846 -6.34246e-05
-0.347166 -6.36187e-05
-0.348486 -6.38129e-05
-0.349806 -6.4007e-05
-0.351127 -6.42011e-05
-0.352447 -6.43952e-05
-0.353767 -6.45893e-05
-0.355087 -6.47834e-05
-0.356407 -6.49775e-05
-0.357727 -6.51716e-05
-0.359047 -6.53657e-05
-0.360367 -6.55598e-05
-0.309116 -5.8078e-05
-0.257865 -5.05961e-05
-0.206614 -4.31142e-05
-0.155363 -3.56323e-05
-0.104112 -2.81505e-05
-0.0528616 -2.06686e-05
-0.0017135 -1.30712e-05
0 5.01277e-05
0 0.000115254
0 0.00018038
0 0.000245506
0 0.000310633
0 0.000375759
0 0.000440885
0 0.000506011
0 0.000571137
0 0.000636264
0 0.00070139
0 0.000766516
0 0.000831642
0 0.000896768
0 0.000961895
0 0.00102702
0 0.00109215
0 0.00115727
0 0.0012224
0 0.00128753
0 0.00135265
0 0.00141778
0 0.0014829
0 0.00154803
0 0.00161316
0 0.00167828
0 0.00174341
0 0.00180854
0 0.00187366
0 0.00193879
0 0.00200391
0 0.00206904
0 0.00213417
0 0.00219929
0 0.00226442
0 0.00232954
0 0.00239467
0 0.0024598
0 0.00252492
0 0.00259005
0 0.00265518
0 0.0027203
0 0.00278543
0 0.00285055
0 0.00291568
0 0.00298081
0 0.00304593
0 0.00311106
0 0.00317619
0 0.00324111
0 0.00329207
0 0.00334707
0 0.00340207
0 0.00345706
0 0.00351206
0 0.00356706
0 0.00362206
0 0.00367706
0 0.00373206
0 0.00378706
0 0.00384205
0 0.00389705
0 0.00395205
0 0.00400705
0 0.00406205
0 0.00411705
0 0.00417205
0 0.00422704
0 0.00428204
0 0.00433704
0 0.00439204
0 0.00444704
0 0.00450204
0 0.00455704
0 0.00461204
0 0.00466703
0 0.00472203
0 0.00477703
0 0.00483203
0 0.00488703
0 0.00494203
0 0.00499703
0 0.00505202
0 0.00510702
0 0.00516202
0 0.00521702
0 0.00527202
0 0.00532702
0 0.00538202
0 0.00543701
0 0.00549201
0 0.00554701
0 0.00560201
0 0.00565701
0 0.00571201
0 0.00576701
0 0.005822
0 0.005877
0 0.005932
0 0.005987
0 0.006042
0 0.006097
0 0.006152
0 0.00620699
0 0.00625401
0 0.00627388
0 0.00629375
0 0.00631362
0 0.0063335
0 0.00635337
0 0.00637324
0 0.00639312
0 0.00641299
0 0.00643286
0 0.00645273
0 0.00647261
0 0.00649248
0 0.00654701
0 0.00660359
0 0.00666017
0 0.00671674
0 0.00677332
0 0.0068299
0 0.00688648
0 0.00694305
0 0.00699963
0 0.00705621
0 0.00711279
0 0.00716936
0 0.00722594
0 0.00728252
0 0.00733909
0 0.00739567
0 0.00745225
0 0.00750883
0 0.0075654
0 0.00762198
0 0.00767856
0 0.00773513
0 0.00779171
0 0.00784829
0 0.00790487
0 0.00796144
0 0.00801802
0 0.0080746
0 0.00813117
0 0.00818775
0 0.00824433
0 0.00830091
0 0.00835748
0 0.00841406
0 0.00847064
0 0.00852721
0 0.00858379
0 0.00864037
0 0.00869695
0 0.00875352
0 0.0088101
0 0.00886668
0 0.00892325
0 0.00897983
0 0.00903641
0 0.00909299
0 0.00914956
0 0.00920614
0 0.00926272
0 0.00931929
0 0.00937587
0 0.00943245
0 0.00948903
0 0.0095456
0 0.00960218
0 0.00965876
0 0.00971533
0 0.00977191
0 0.00982849
0 0.00988507
0 0.00994164
0 0.00999822
0 0.0100548
0 0.0101114
0 0.010168
0 0.0102245
0 0.0102811
0 0.0103377
0 0.0103943
0 0.0104508
0 0.0105074
0 0.010564
0 0.0106206
0 0.0106771
0 0.0107337
0 0.0107903
0 0.0108469
0 0.0109035
0 0.01096
0 0.0110166
0 0.0110732
0 0.0111865
0 0.0113153
0 0.011444
0 0.0115728
0 0.0117015
0 0.0118303
0 0.0119591
0 0.0120878
0 0.0122166
0 0.0123453
0 0.0124741
0 0.0126028
0 0.0127316
0 0.0128603
0 0.0129891
0 0.0131178
0 0.0132466
0 0.0133754
0 0.0135041
0 0.0136329
0 0.0137616
0 0.0138904
0 0.0140191
0 0.0141479
0 0.0142766
0 0.0144054
0 0.0145341
0 0.0146629
0 0.0147917
0 0.0149204
0 0.0150492
0 0.0151779
0 0.0153067
0 0.0154354
0 0.0155642
0 0.0156931
0 0.0155703
0 0.0154476
0 0.0153248
0 0.015202
0 0.0150792
0 0.0149565
0 0.0148337
0 0.0147636
0 0.0146985
0 0.0146334
0 0.0145683
0 0.0145031
0 0.014438
0 0.0143729
0 0.0143077
0 0.0142426
0 0.0141775
0 0.0141124
0 0.0140472
0 0.0139821
0 0.013917
0 0.0138519
0 0.0137867
0 0.0137216
0 0.0136565
0 0.0135914
0 0.0135262
0 0.0134611
0 0.013396
0 0.0133309
0 0.0132657
0 0.0132006
0 0.0131355
0 0.0130704
0 0.0130052
0 0.0129401
0 0.012875
0 0.0128098
0 0.0127447
0 0.0126796
0 0.0126145
0 0.0125493
0 0.0124842
0 0.0124191
0 0.012354
0 0.0122888
0 0.0122237
0 0.0121586
0 0.0120935
0 0.0120283
0 0.0119632
0 0.0118981
0 0.011833
0 0.0117678
0 0.0117027
0 0.0116376
0 0.0115722
0 0.0114925
0 0.0114166
0 0.0113408
0 0.011265
0 0.0111891
0 0.0111133
0 0.0110374
0 0.0109616
0 0.0108858
0 0.0108099
0 0.0107341
0 0.0106583
0 0.0105824
0 0.0105066
0 0.0104308
0 0.0103549
0 0.0102791
0 0.0102032
0 0.0101274
0 0.0100516
0 0.00997573
0 0.00989989
0 0.00982406
0 0.00974822
0 0.00967238
0 0.00959655
0 0.00952071
0 0.00944487
0 0.00936904
0 0.0092932
0 0.00921736
0 0.00914152
0 0.00906569
0 0.00898985
0 0.00891401
0 0.00883818
0 0.00876234
0 0.0086865
0 0.00861067
0 0.00853483
0 0.00845899
0 0.00838316
0 0.00830732
0 0.00823148
0 0.00815565
0 0.00807981
0 0.00800397
0 0.00792814
0 0.0078523
0 0.00777646
0 0.00770062
0 0.00762479
0 0.00754895
0 0.00747311
0 0.00739193
0 0.00728127
0 0.0071706
0 0.00705993
0 0.00694927
0 0.0068386
0 0.00672794
0 0.00661727
0 0.0065066
0 0.00639594
0 0.00628527
0 0.0061746
0 0.00606394
0 0.00598644
0 0.00591227
0 0.0058381
0 0.00576393
0 0.00568976
0 0.00561559
0 0.00554142
0 0.00546725
0 0.00539308
0 0.00531891
0 0.00524474
0 0.00517058
0 0.00509641
0 0.00502224
0 0.00494807
0 0.0048739
0 0.00479973
0 0.00472556
0 0.00465139
0 0.00457722
0 0.00450305
0 0.00442888
0 0.00435471
0 0.00428054
0 0.00420637
0 0.00413221
0 0.00405804
0 0.00398387
0 0.0039097
0 0.00383553
0 0.00376136
0 0.00368719
0 0.00361302
0 0.00353885
0 0.00346468
0 0.00339051
0 0.00331634
0 0.00324217
0 0.003168
0 0.00309383
0 0.00301967
0 0.0029455
0 0.00287133
0 0.00279716
0 0.00272299
0 0.00264882
0 0.00257465
0 0.00250048
0 0.00242631
0 0.00235214
0 0.00227797
0 0.0022038
0 0.00212963
0 0.00205546
0 0.0019813
0 0.00190713
0 0.00183296
0 0.00175879
0 0.00168462
0 0.00161045
0 0.00153628
0 0.00146211
0 0.00138794
0 0.00131377
0 0.0012396
0 0.00116543
0 0.00109126
0 0.00101709
0 0.000942925
0 0.000868755
0 0.000794586
0 0.000720417
0 0.000646248
0 0.000572078
0 0.000497909
0 0.00042374
0 0.00034957
0 0.000275401
0 0.000201232
0 0.000127062
0 5.28931e-05
-0.00120421 -1.27444e-05
-0.0114598 -1.42525e-05
-0.0217154 -1.57606e-05
-0.0319711 -1.72687e-05
-0.0422267 -1.87768e-05
-0.0524823 -2.02849e-05
-0.0627379 -2.1793e-05
-0.0729935 -2.33011e-05
-0.0832491 -2.48092e-05
-0.0935047 -2.63173e-05
-0.10376 -2.78254e-05
-0.114016 -2.93335e-05
-0.124272 -3.08417e-05
-0.134527 -3.23498e-05
-0.144783 -3.38579e-05
-0.155038 -3.5366e-05
-0.165294 -3.68741e-05
-0.17555 -3.83822e-05
-0.185805 -3.98903e-05
-0.196061 -4.13984e-05
-0.206316 -4.29065e-05
-0.216572 -4.44146e-05
-0.226828 -4.59227e-05
-0.237083 -4.74308e-05
-0.247339 -4.89389e-05
-0.257595 -5.0447e-05
-0.26785 -5.19551e-05
-0.278106 -5.34632e-05
-0.288361 -5.49714e-05
-0.298617 -5.64795e-05
-0.308873 -5.79876e-05
-0.319128 -5.94957e-05
-0.329384 -6.10038e-05
-0.339639 -6.25119e-05
-0.349895 -6.402e-05
-0.360148 -6.55278e-05
-0.308898 -5.80459e-05
-0.257647 -5.0564e-05
-0.206396 -4.30822e-05
-0.155145 -3.56003e-05
-0.103894 -2.81184e-05
-0.0526436 -2.06365e-05
-0.00151803 -1.30138e-05
0 5.0405e-05
0 0.000115531
0 0.000180657
0 0.000245784
0 0.00031091
0 0.000376036
0 0.000441162
0 0.000506288
0 0.000571415
0 0.000636541
0 0.000701667
0 0.000766793
0 0.000831919
0 0.000897046
0 0.000962172
0 0.0010273
0 0.00109242
0 0.00115755
0 0.00122268
0 0.0012878
0 0.00135293
0 0.00141806
0 0.00148318
0 0.00154831
0 0.00161343
0 0.00167856
0 0.00174369
0 0.00180881
0 0.00187394
0 0.00193906
0 0.00200419
0 0.00206932
0 0.00213444
0 0.00219957
0 0.0022647
0 0.00232982
0 0.00239495
0 0.00246007
0 0.0025252
0 0.00259033
0 0.00265545
0 0.00272058
0 0.00278571
0 0.00285083
0 0.00291596
0 0.00298108
0 0.00304621
0 0.00311134
0 0.00317646
0 0.00324145
0 0.00329241
0 0.00334745
0 0.00340249
0 0.00345753
0 0.00351257
0 0.00356761
0 0.00362265
0 0.00367769
0 0.00373273
0 0.00378777
0 0.00384281
0 0.00389785
0 0.00395289
0 0.00400793
0 0.00406297
0 0.00411801
0 0.00417305
0 0.00422809
0 0.00428313
0 0.00433817
0 0.00439321
0 0.00444825
0 0.00450329
0 0.00455833
0 0.00461337
0 0.00466841
0 0.00472345
0 0.00477849
0 0.00483353
0 0.00488857
0 0.00494361
0 0.00499865
0 0.00505369
0 0.00510873
0 0.00516377
0 0.00521881
0 0.00527385
0 0.0053289
0 0.00538394
0 0.00543898
0 0.00549402
0 0.00554906
0 0.0056041
0 0.00565914
0 0.00571418
0 0.00576922
0 0.00582426
0 0.0058793
0 0.00593434
0 0.00598938
0 0.00604442
0 0.00609946
0 0.0061545
0 0.00620954
0 0.00625778
0 0.00627768
0 0.00629757
0 0.00631747
0 0.00633736
0 0.00635726
0 0.00637715
0 0.00639705
0 0.00641694
0 0.00643684
0 0.00645673
0 0.00647663
0 0.00649652
0 0.00654922
0 0.00660584
0 0.00666245
0 0.00671906
0 0.00677567
0 0.00683228
0 0.00688889
0 0.0069455
0 0.00700212
0 0.00705873
0 0.00711534
0 0.00717195
0 0.00722856
0 0.00728517
0 0.00734179
0 0.0073984
0 0.00745501
0 0.00751162
0 0.00756823
0 0.00762484
0 0.00768146
0 0.00773807
0 0.00779468
0 0.00785129
0 0.0079079
0 0.00796451
0 0.00802113
0 0.00807774
0 0.00813435
0 0.00819096
0 0.00824757
0 0.00830418
0 0.00836079
0 0.00841741
0 0.00847402
0 0.00853063
0 0.00858724
0 0.00864385
0 0.00870046
0 0.00875708
0 0.00881369
0 0.0088703
0 0.00892691
0 0.00898352
0 0.00904013
0 0.00909675
0 0.00915336
0 0.00920997
0 0.00926658
0 0.00932319
0 0.0093798
0 0.00943642
0 0.00949303
0 0.00954964
0 0.00960625
0 0.00966286
0 0.00971947
0 0.00977608
0 0.0098327
0 0.00988931
0 0.00994592
0 0.0100025
0 0.0100591
0 0.0101158
0 0.0101724
0 0.010229
0 0.0102856
0 0.0103422
0 0.0103988
0 0.0104554
0 0.010512
0 0.0105686
0 0.0106253
0 0.0106819
0 0.0107385
0 0.0107951
0 0.0108517
0 0.0109083
0 0.0109649
0 0.0110215
0 0.0110782
0 0.0111866
0 0.0113154
0 0.0114441
0 0.0115729
0 0.0117017
0 0.0118304
0 0.0119592
0 0.0120879
0 0.0122167
0 0.0123454
0 0.0124742
0 0.012603
0 0.0127317
0 0.0128605
0 0.0129892
0 0.013118
0 0.0132467
0 0.0133755
0 0.0135042
0 0.013633
0 0.0137618
0 0.0138905
0 0.0140193
0 0.014148
0 0.0142768
0 0.0144055
0 0.0145343
0 0.014663
0 0.0147918
0 0.0149206
0 0.0150493
0 0.0151781
0 0.0153068
0 0.0154356
0 0.0155643
0 0.0156931
0 0.0155703
0 0.0154476
0 0.0153248
0 0.015202
0 0.0150792
0 0.0149565
0 0.0148337
0 0.0147636
0 0.0146985
0 0.0146334
0 0.0145683
0 0.0145031
0 0.014438
0 0.0143729
0 0.0143077
0 0.0142426
0 0.0141775
0 0.0141124
0 0.0140472
0 0.0139821
0 0.013917
0 0.0138519
0 0.0137867
0 0.0137216
0 0.0136565
0 0.0135914
0 0.0135262
0 0.0134611
0 0.013396
0 0.0133309
0 0.0132657
0 0.0132006
0 0.0131355
0 0.0130704
0 0.0130052
0 0.0129401
0 0.012875
0 0.0128098
0 0.0127447
0 0.0126796
0 0.0126145
0 0.0125493
0 0.0124842
0 0.0124191
0 0.012354
0 0.0122888
0 0.0122237
0 0.0121586
0 0.0120935
0 0.0120283
0 0.0119632
0 0.0118981
0 0.011833
0 0.0117678
0 0.0117027
0 0.0116376
0 0.0115722
0 0.0114925
0 0.0114166
0 0.0113408
0 0.011265
0 0.0111891
0 0.0111133
0 0.0110374
0 0.0109616
0 0.0108858
0 0.0108099
0 0.0107341
0 0.0106583
0 0.0105824
0 0.0105066
0 0.0104308
0 0.0103549
0 0.0102791
0 0.0102032
0 0.0101274
0 0.0100516
0 0.00997573
0 0.0098999
0 0.00982406
0 0.00974822
0 0.00967239
0 0.00959655
0 0.00952071
0 0.00944488
0 0.00936904
0 0.0092932
0 0.00921736
0 0.00914153
0 0.00906569
0 0.00898985
0 0.00891402
0 0.00883818
0 0.00876234
0 0.00868651
0 0.00861067
0 0.00853483
0 0.008459
0 0.00838316
0 0.00830732
0 0.00823149
0 0.00815565
0 0.00807981
0 0.00800398
0 0.00792814
0 0.0078523
0 0.00777647
0 0.00770063
0 0.00762479
0 0.00754896
0 0.00747312
0 0.00739194
0 0.00728127
0 0.00717061
0 0.00705994
0 0.00694928
0 0.00683861
0 0.00672794
0 0.00661728
0 0.00650661
0 0.00639594
0 0.00628528
0 0.00617461
0 0.00606395
0 0.00598644
0 0.00591227
0 0.0058381
0 0.00576393
0 0.00568977
0 0.0056156
0 0.00554143
0 0.00546726
0 0.00539309
0 0.00531892
0 0.00524475
0 0.00517058
0 0.00509641
0 0.00502224
0 0.00494807
0 0.0048739
0 0.00479973
0 0.00472557
0 0.0046514
0 0.00457723
0 0.00450306
0 0.00442889
0 0.00435472
0 0.00428055
0 0.00420638
0 0.00413221
0 0.00405804
0 0.00398387
0 0.0039097
0 0.00383553
0 0.00376137
0 0.0036872
0 0.00361303
0 0.00353886
0 0.00346469
0 0.00339052
0 0.00331635
0 0.00324218
0 0.00316801
0 0.00309384
0 0.00301967
0 0.0029455
0 0.00287133
0 0.00279717
0 0.002723
0 0.00264883
0 0.00257466
0 0.00250049
0 0.00242632
0 0.00235215
0 0.00227798
0 0.00220381
0 0.00212964
0 0.00205547
0 0.0019813
0 0.00190713
0 0.00183296
0 0.0017588
0 0.00168463
0 0.00161046
0 0.00153629
0 0.00146212
0 0.00138795
0 0.00131378
0 0.00123961
0 0.00116544
0 0.00109127
0 0.0010171
0 0.000942934
0 0.000868765
0 0.000794596
0 0.000720426
0 0.000646257
0 0.000572088
0 0.000497919
0 0.000423749
0 0.00034958
0 0.000275411
0 0.000201242
0 0.000127072
0 5.29032e-05
-0.00120279 -1.27442e-05
-0.0114584 -1.42523e-05
-0.021714 -1.57604e-05
-0.0319696 -1.72685e-05
-0.0422252 -1.87766e-05
-0.0524807 -2.02847e-05
-0.0627363 -2.17928e-05
-0.0729919 -2.33009e-05
-0.0832475 -2.4809e-05
-0.0935031 -2.63171e-05
-0.103759 -2.78252e-05
-0.114014 -2.93333e-05
-0.12427 -3.08414e-05
-0.134525 -3.23495e-05
-0.144781 -3.38576e-05
-0.155037 -3.53657e-05
-0.165292 -3.68738e-05
-0.175548 -3.83819e-05
-0.185803 -3.989e-05
-0.196059 -4.13981e-05
-0.206315 -4.29062e-05
-0.21657 -4.44143e-05
-0.226826 -4.59224e-05
-0.237081 -4.74305e-05
-0.247337 -4.89386e-05
-0.257593 -5.04467e-05
-0.267848 -5.19548e-05
-0.278104 -5.34629e-05
-0.288359 -5.4971e-05
-0.298615 -5.64792e-05
-0.308871 -5.79873e-05
-0.319126 -5.94954e-05
-0.329382 -6.10035e-05
-0.339637 -6.25116e-05
-0.349893 -6.40197e-05
-0.360148 -6.55278e-05
-0.308898 -5.80459e-05
-0.257647 -5.0564e-05
-0.206396 -4.30822e-05
-0.155145 -3.56003e-05
-0.103894 -2.81184e-05
-0.0526436 -2.06365e-05
-0.00151803 -1.30138e-05
0 5.0405e-05
0 0.000115531
0 0.000180657
0 0.000245784
0 0.00031091
0 0.000376036
0 0.000441162
0 0.000506288
0 0.000571415
0 0.000636541
0 0.000701667
0 0.000766793
0 0.000831919
0 0.000897046
0 0.000962172
0 0.0010273
0 0.00109242
0 0.00115755
0 0.00122268
0 0.0012878
0 0.00135293
0 0.00141806
0 0.00148318
0 0.00154831
0 0.00161343
0 0.00167856
0 0.00174369
0 0.00180881
0 0.00187394
0 0.00193906
0 0.00200419
0 0.00206932
0 0.00213444
0 0.00219957
0 0.0022647
0 0.00232982
0 0.00239495
0 0.00246007
0 0.0025252
0 0.00259033
0 0.00265545
0 0.00272058
0 0.00278571
0 0.00285083
0 0.00291596
0 0.00298108
0 0.00304621
0 0.00311134
0 0.00317646
0 0.00324145
0 0.00329241
0 0.00334745
0 0.00340249
0 0.00345753
0 0.00351257
0 0.00356761
0 0.00362265
0 0.00367769
0 0.00373273
0 0.00378777
0 0.00384281
0 0.00389785
0 0.00395289
0 0.00400793
0 0.00406297
0 0.00411801
0 0.00417305
0 0.00422809
0 0.00428313
0 0.00433817
0 0.00439321
0 0.00444825
0 0.00450329
0 0.00455833
0 0.00461337
0 0.00466841
0 0.00472345
0 0.00477849
0 0.00483353
0 0.00488857
0 0.00494361
0 0.00499865
0 0.00505369
0 0.00510873
0 0.00516377
0 0.00521881
0 0.00527385
0 0.0053289
0 0.00538394
0 0.00543898
0 0.00549402
0 0.00554906
0 0.0056041
0 0.00565914
0 0.00571418
0 0.00576922
0 0.00582426
0 0.0058793
0 0.00593434
0 0.00598938
0 0.00604442
0 0.00609946
0 0.0061545
0 0.00620954
0 0.00625778
0 0.00627768
0 0.00629757
0 0.00631747
0 0.00633736
0 0.00635726
0 0.00637715
0 0.00639705
0 0.00641694
0 0.00643684
0 0.00645673
0 0.00647663
0 0.00649652
0 0.00654922
0 0.00660584
0 0.00666245
0 0.00671906
0 0.00677567
0 0.00683228
0 0.00688889
0 0.0069455
0 0.00700212
0 0.00705873
0 0.00711534
0 0.00717195
0 0.00722856
0 0.00728517
0 0.00734179
0 0.0073984
0 0.00745501
0 0.00751162
0 0.00756823
0 0.00762484
0 0.00768146
0 0.00773807
0 0.00779468
0 0.00785129
0 0.0079079
0 0.00796451
0 0.00802113
0 0.00807774
0 0.00813435
0 0.00819096
0 0.00824757
0 0.00830418
0 0.00836079
0 0.00841741
0 0.00847402
0 0.00853063
0 0.00858724
0 0.00864385
0 0.00870046
0 0.00875708
0 0.00881369
0 0.0088703
0 0.00892691
0 0.00898352
0 0.00904013
0 0.00909675
0 0.00915336
0 0.00920997
0 0.00926658
0 0.00932319
0 0.0093798
0 0.00943642
0 0.00949303
0 0.00954964
0 0.00960625
0 0.00966286
0 0.00971947
0 0.00977608
0 0.0098327
0 0.00988931
0 0.00994592
0 0.0100025
0 0.0100591
0 0.0101158
0 0.0101724
0 0.010229
0 0.0102856
0 0.0103422
0 0.0103988
0 0.0104554
0 0.010512
0 0.0105686
0 0.0106253
0 0.0106819
0 0.0107385
0 0.0107951
0 0.0108517
0 0.0109083
0 0.0109649
0 0.0110215
0 0.0110782
0 0.0111866
0 0.0113154
0 0.0114441
0 0.0115729
0 0.0117017
0 0.0118304
0 0.0119592
0 0.0120879
0 0.0122167
0 0.0123454
0 0.0124742
0 0.012603
0 0.0127317
0 0.0128605
0 0.0129892
0 0.013118
0 0.0132467
0 0.0133755
0 0.0135042
0 0.013633
0 0.0137618
0 0.0138905
0 0.0140193
0 0.014148
0 0.0142768
0 0.0144055
0 0.0145343
0 0.014663
0 0.0147918
0 0.0149206
0 0.0150493
0 0.0151781
0 0.0153068
0 0.0154356
0 0.0155643
0 0.0156931
0 0.0158232
0 0.0159532
0 0.0160833
0 0.0162133
0 0.0163434
0 0.0164734
0 0.0166035
0 0.0167336
0 0.0168636
0 0.0169937
0 0.0171237
0 0.0172538
0 0.0173839
0 0.0175139
0 0.017644
0 0.017774
0 0.0179041
0 0.0180341
0 0.0181642
0 0.0182943
0 0.0184243
0 0.0185544
0 0.0186844
0 0.0188145
0 0.0189446
0 0.0190746
0 0.0192047
0 0.0193347
0 0.0194648
0 0.0195948
0 0.0197249
0 0.019855
0 0.019985
0 0.0201151
0 0.0202451
0 0.0203752
0 0.0205052
0 0.0206353
0 0.0207654
0 0.0208954
0 0.0207727
0 0.0206499
0 0.0205271
0 0.0204043
0 0.0202816
0 0.0201588
0 0.020036
0 0.0199133
0 0.0198415
0 0.0197763
0 0.0197112
0 0.0196461
0 0.0195809
0 0.0195158
0 0.0194507
0 0.0193856
0 0.0193204
0 0.0192553
0 0.0191902
0 0.0191251
0 0.0190599
0 0.0189948
0 0.0189297
0 0.0188646
0 0.0187994
0 0.0187343
0 0.0186692
0 0.0186041
0 0.0185389
0 0.0184738
0 0.0184087
0 0.0183435
0 0.0182784
0 0.0182133
0 0.0181482
0 0.018083
0 0.0180179
0 0.0179528
0 0.0178877
0 0.0178225
0 0.0177574
0 0.0176923
0 0.0176272
0 0.017562
0 0.0174969
0 0.0174318
0 0.0173667
0 0.0173015
0 0.0172364
0 0.0171713
0 0.0171061
0 0.017041
0 0.0169759
0 0.0169108
0 0.0168456
0 0.0167805
0 0.0167154
0 0.0166479
0 0.0165586
0 0.0164733
0 0.0163879
0 0.0163025
0 0.0162171
0 0.0161317
0 0.0160464
0 0.015961
0 0.0158756
0 0.0157902
0 0.0157048
0 0.0156195
0 0.0155341
0 0.0154487
0 0.0153633
0 0.0152779
0 0.0151926
0 0.0151072
0 0.0150218
0 0.0149364
0 0.014851
0 0.0147657
0 0.0146803
0 0.0145949
0 0.0145095
0 0.0144241
0 0.0143388
0 0.0142534
0 0.014168
0 0.0140826
0 0.0139972
0 0.0139119
0 0.0138265
0 0.0137411
0 0.0136557
0 0.0135703
0 0.013485
0 0.0133996
0 0.0133142
0 0.0132288
0 0.0131434
0 0.0130581
0 0.0129727
0 0.0128873
0 0.0128019
0 0.0127165
0 0.0126312
0 0.0125458
0 0.0124604
0 0.012375
0 0.0122896
0 0.0122043
0 0.0121189
0 0.0120335
0 0.0119481
0 0.0118627
0 0.0117774
0 0.011692
0 0.0116066
0 0.0115212
0 0.0114358
0 0.0113505
0 0.0112651
0 0.0111797
0 0.0110943
0 0.0110089
0 0.0109087
0 0.0107939
0 0.0106791
0 0.0105643
0 0.0104495
0 0.0103347
0 0.0102199
0 0.0101051
0 0.00999028
0 0.00987547
0 0.00976067
0 0.00964586
0 0.00953106
0 0.00941626
0 0.00930145
0 0.00918665
0 0.00910299
0 0.00902029
0 0.00893758
0 0.00885487
0 0.00877216
0 0.00868945
0 0.00860674
0 0.00852404
0 0.00844133
0 0.00835862
0 0.00827591
0 0.0081932
0 0.0081105
0 0.00802779
0 0.00794508
0 0.00786237
0 0.00777966
0 0.00769695
0 0.00761425
0 0.00753154
0 0.00744883
0 0.00736612
0 0.00728341
0 0.00720071
0 0.007118
0 0.00703529
0 0.00695258
0 0.00686987
0 0.00678716
0 0.00670446
0 0.00662175
0 0.00653904
0 0.00645633
0 0.00637362
0 0.00629092
0 0.00620821
0 0.0061255
0 0.00604279
0 0.00596008
0 0.00587737
0 0.00579467
0 0.00571196
0 0.00562925
0 0.00554654
0 0.00546383
0 0.00538113
0 0.00529842
0 0.00521571
0 0.005133
0 0.00505029
0 0.00496758
0 0.00488488
0 0.00480217
0 0.00471946
0 0.00463675
0 0.00455404
0 0.00447134
0 0.00438863
0 0.00430592
0 0.00422321
0 0.0041405
0 0.0040578
0 0.00397509
0 0.00389238
0 0.00380967
0 0.00372696
0 0.00364425
0 0.00356155
0 0.00347884
0 0.00339613
0 0.00331342
0 0.00323071
0 0.00314801
0 0.0030653
0 0.00298259
0 0.00289988
0 0.00281717
0 0.00273446
0 0.00265176
0 0.00256905
0 0.00248634
0 0.00240363
0 0.00232092
0 0.00223822
0 0.00215551
0 0.0020728
0 0.00199009
0 0.00190738
0 0.00182467
0 0.00174197
0 0.00165926
0 0.00157655
0 0.00149384
0 0.00141113
0 0.00132843
0 0.00124572
0 0.00116301
0 0.0010803
0 0.000997593
0 0.000914885
0 0.000832176
0 0.000749468
0 0.00066676
0 0.000584052
0 0.000501344
0 0.000418636
0 0.000335927
0 0.000253219
0 0.000170511
0 8.78029e-05
0 5.09475e-06
-0.00807843 -1.37552e-05
-0.0183504 -1.52658e-05
-0.0286224 -1.67763e-05
-0.0388943 -1.82868e-05
-0.0491663 -1.97973e-05
-0.0594383 -2.13078e-05
-0.0697103 -2.28183e-05
-0.0799822 -2.43288e-05
-0.0902542 -2.58393e-05
-0.100526 -2.73499e-05
-0.110798 -2.88604e-05
-0.12107 -3.03709e-05
-0.131342 -3.18814e-05
-0.141614 -3.33919e-05
-0.151886 -3.49024e-05
-0.162158 -3.64129e-05
-0.17243 -3.79234e-05
-0.182702 -3.94339e-05
-0.192974 -4.09445e-05
-0.203246 -4.2455e-05
-0.213518 -4.39655e-05
-0.22379 -4.5476e-05
-0.234062 -4.69865e-05
-0.244334 -4.8497e-05
-0.254606 -5.00075e-05
-0.264878 -5.1518e-05
-0.27515 -5.30286e-05
-0.285422 -5.45391e-05
-0.295694 -5.60496e-05
-0.305412 -5.74786e-05
-0.306735 -5.76732e-05
-0.308057 -5.78677e-05
-0.30938 -5.80622e-05
-0.310703 -5.82567e-05
-0.312026 -5.84513e-05
-0.313349 -5.86458e-05
-0.314672 -5.88403e-05
-0.315994 -5.90348e-05
-0.317317 -5.92294e-05
-0.31864 -5.94239e-05
-0.319963 -5.96184e-05
-0.321286 -5.98129e-05
-0.322609 -6.00075e-05
-0.323931 -6.0202e-05
-0.325254 -6.03965e-05
-0.326577 -6.0591e-05
-0.3279 -6.07856e-05
-0.329223 -6.09801e-05
-0.330546 -6.11746e-05
-0.331868 -6.13691e-05
-0.333191 -6.15637e-05
-0.334514 -6.17582e-05
-0.335837 -6.19527e-05
-0.33716 -6.21472e-05
-0.338483 -6.23417e-05
-0.339805 -6.25363e-05
-0.341128 -6.27308e-05
-0.342451 -6.29253e-05
-0.343774 -6.31198e-05
-0.345097 -6.33144e-05
-0.346419 -6.35089e-05
-0.347742 -6.37034e-05
-0.349065 -6.38979e-05
-0.350388 -6.40925e-05
-0.351711 -6.4287e-05
-0.353034 -6.44815e-05
-0.354356 -6.4676e-05
-0.355679 -6.48706e-05
-0.357002 -6.50651e-05
-0.358325 -6.52596e-05
-0.359648 -6.54541e-05
-0.308397 -5.79723e-05
-0.257146 -5.04904e-05
-0.205895 -4.30085e-05
-0.154644 -3.55267e-05
-0.103394 -2.80448e-05
-0.0521429 -2.05629e-05
-0.00106921 -1.28818e-05
0 5.10419e-05
0 0.000116168
0 0.000181294
0 0.00024642
0 0.000311547
0 0.000376673
0 0.000441799
0 0.000506925
0 0.000572051
0 0.000637178
0 0.000702304
0 0.00076743
0 0.000832556
0 0.000897683
0 0.000962809
0 0.00102793
0 0.00109306
0 0.00115819
0 0.00122331
0 0.00128844
0 0.00135357
0 0.00141869
0 0.00148382
0 0.00154894
0 0.00161407
0 0.0016792
0 0.00174432
0 0.00180945
0 0.00187458
0 0.0019397
0 0.00200483
0 0.00206995
0 0.00213508
0 0.00220021
0 0.00226533
0 0.00233046
0 0.00239559
0 0.00246071
0 0.00252584
0 0.00259096
0 0.00265609
0 0.00272122
0 0.00278634
0 0.00285147
0 0.00291659
0 0.00298172
0 0.00304685
0 0.00311197
0 0.0031771
0 0.00324223
0 0.00330735
0 0.00336945
0 0.0034161
0 0.00347218
0 0.00352826
0 0.00358434
0 0.00364043
0 0.00369651
0 0.00375259
0 0.00380867
0 0.00386475
0 0.00392084
0 0.00397692
0 0.004033
0 0.00408908
0 0.00414517
0 0.00420125
0 0.00425733
0 0.00431341
0 0.00436949
0 0.00442558
0 0.00448166
0 0.00453774
0 0.00459382
0 0.0046499
0 0.00470599
0 0.00476207
0 0.00481815
0 0.00487423
0 0.00493032
0 0.0049864
0 0.00504248
0 0.00509856
0 0.00515464
0 0.00521073
0 0.00526681
0 0.00532289
0 0.00537897
0 0.00543505
0 0.00549114
0 0.00554722
0 0.0056033
0 0.00565938
0 0.00571547
0 0.00577155
0 0.00582763
0 0.00588371
0 0.00593979
0 0.00599588
0 0.00605196
0 0.00610804
0 0.00616412
0 0.00622021
0 0.00627629
0 0.00633237
0 0.00638845
0 0.00644453
0 0.00650062
0 0.0065567
0 0.00661278
0 0.00666886
0 0.00672494
0 0.00678103
0 0.00683711
0 0.00689319
0 0.00694927
0 0.00700536
0 0.00706144
0 0.00711752
0 0.0071736
0 0.00722968
0 0.00728577
0 0.00734185
0 0.00739793
0 0.00745401
0 0.0075101
0 0.00756618
0 0.00762226
0 0.00766011
0 0.00768124
0 0.00770237
0 0.00772349
0 0.00774462
0 0.00776575
0 0.00778688
0 0.007808
0 0.00782913
0 0.00785026
0 0.00787139
0 0.00789251
0 0.00791364
0 0.00793477
0 0.00795589
0 0.00797702
0 0.00799815
0 0.00801928
0 0.0080404
0 0.00806153
0 0.00808266
0 0.00810379
0 0.00812491
0 0.00817013
0 0.00822726
0 0.0082844
0 0.00834154
0 0.00839867
0 0.00845581
0 0.00851294
0 0.00857008
0 0.00862722
0 0.00868435
0 0.00874149
0 0.00879863
0 0.00885576
0 0.0089129
0 0.00897004
0 0.00902717
0 0.00908431
0 0.00914145
0 0.00919858
0 0.00925572
0 0.00931285
0 0.00936999
0 0.00942713
0 0.00948426
0 0.0095414
0 0.00959854
0 0.00965567
0 0.00971281
0 0.00976995
0 0.00982708
0 0.00988422
0 0.00994135
0 0.00999849
0 0.0100556
0 0.0101128
0 0.0101699
0 0.010227
0 0.0102842
0 0.0103413
0 0.0103984
0 0.0104556
0 0.0105127
0 0.0105699
0 0.010627
0 0.0106841
0 0.0107413
0 0.0107984
0 0.0108555
0 0.0109127
0 0.0109698
0 0.0110269
0 0.0110841
0 0.0111412
0 0.0111984
0 0.0112555
0 0.0113126
0 0.0113698
0 0.0114269
0 0.011484
0 0.0115412
0 0.0115983
0 0.0116554
0 0.0117126
0 0.0117697
0 0.0118269
0 0.011884
0 0.0119411
0 0.0119983
0 0.0120554
0 0.0121125
0 0.0121697
0 0.0122268
0 0.0122839
0 0.0123411
0 0.0123982
0 0.0124554
0 0.0125125
0 0.0125696
0 0.0126268
0 0.0126839
0 0.012741
0 0.0127982
0 0.0128553
0 0.0129124
0 0.0129696
0 0.0130267
0 0.0130839
0 0.013141
0 0.0131981
0 0.0132553
0 0.0133124
0 0.0133695
0 0.0134267
0 0.0134838
0 0.0135409
0 0.0135981
0 0.0136552
0 0.0137124
0 0.0137695
0 0.0138266
0 0.0138838
0 0.0139409
0 0.013998
0 0.0140552
0 0.0141123
0 0.0141694
0 0.0142266
0 0.0142837
0 0.0143409
0 0.014398
0 0.0144551
0 0.0145123
0 0.0145694
0 0.0146265
0 0.0146837
0 0.0147408
0 0.0148342
0 0.0149634
0 0.0150925
0 0.0152216
0 0.0153508
0 0.0154799
0 0.015609
0 0.0157382
0 0.0158673
0 0.0159965
0 0.0161256
0 0.0162547
0 0.0163839
0 0.016513
0 0.0166421
0 0.0167713
0 0.0169004
0 0.0170296
0 0.0171587
0 0.0172878
0 0.017417
0 0.0175461
0 0.0176752
0 0.0178044
0 0.0179335
0 0.0180627
0 0.0181918
0 0.0183209
0 0.0184501
0 0.0185792
0 0.0187083
0 0.0188375
0 0.0189666
0 0.0190957
0 0.0192249
0 0.019354
0 0.0194832
0 0.0196123
0 0.0197414
0 0.0198706
0 0.0199997
0 0.0201288
0 0.020258
0 0.0203871
0 0.0205163
0 0.0206454
0 0.0207745
0 0.0209037
0 0.020781
0 0.0206582
0 0.0205354
0 0.0204127
0 0.0202899
0 0.0201671
0 0.0200446
0 0.0199784
0 0.0199133
0 0.0198481
0 0.019783
0 0.0197179
0 0.0196528
0 0.0195876
0 0.0195225
0 0.0194574
0 0.0193923
0 0.0193271
0 0.019262
0 0.0191969
0 0.0191317
0 0.0190666
0 0.0190015
0 0.0189364
0 0.0188712
0 0.0188061
0 0.018741
0 0.0186759
0 0.0186107
0 0.0185456
0 0.0184805
0 0.0184154
0 0.0183502
0 0.0182851
0 0.01822
0 0.0181549
0 0.0180897
0 0.0180246
0 0.0179595
0 0.0178944
0 0.0178292
0 0.0177641
0 0.017699
0 0.0176338
0 0.0175687
0 0.0175036
0 0.0174385
0 0.0173733
0 0.0173082
0 0.0172431
0 0.017178
0 0.0171128
0 0.0170477
0 0.0169826
0 0.0169175
0 0.0168523
0 0.0167872
0 0.0167221
0 0.016654
0 0.0165704
0 0.0164962
0 0.0164221
0 0.0163479
0 0.0162738
0 0.0161996
0 0.0161255
0 0.0160513
0 0.0159772
0 0.015903
0 0.0158289
0 0.0157547
0 0.0156806
0 0.0156064
0 0.0155323
0 0.0154581
0 0.015384
0 0.0153098
0 0.0152357
0 0.0151615
0 0.0150874
0 0.0150132
0 0.0149391
0 0.014865
0 0.0147908
0 0.0147167
0 0.0146425
0 0.0145684
0 0.0144942
0 0.0144201
0 0.0143459
0 0.0142718
0 0.0141976
0 0.0141235
0 0.0140493
0 0.0139752
0 0.013901
0 0.0138269
0 0.0137527
0 0.0136786
0 0.0136044
0 0.0135303
0 0.0134561
0 0.013382
0 0.0133079
0 0.0132337
0 0.0131596
0 0.0130854
0 0.0130113
0 0.0129371
0 0.012863
0 0.0127888
0 0.0127147
0 0.0126405
0 0.0125664
0 0.0124922
0 0.0124181
0 0.0123439
0 0.0122698
0 0.0121956
0 0.0121215
0 0.0120473
0 0.0119732
0 0.011899
0 0.0118249
0 0.0117507
0 0.0116766
0 0.0116025
0 0.0115283
0 0.0114542
0 0.01138
0 0.0113059
0 0.0112317
0 0.0111576
0 0.0110834
0 0.0110093
0 0.0109176
0 0.0108085
0 0.0106993
0 0.0105902
0 0.0104811
0 0.010372
0 0.0102629
0 0.0101538
0 0.0100447
0 0.00993556
0 0.00982645
0 0.00971733
0 0.00960822
0 0.00949911
0 0.00939
0 0.00928088
0 0.00917177
0 0.00906266
0 0.00895354
0 0.00884443
0 0.00873532
0 0.00862621
0 0.00851709
0 0.0084309
0 0.0083578
0 0.00828471
0 0.00821161
0 0.00813851
0 0.00806542
0 0.00799232
0 0.00791922
0 0.00784613
0 0.00777303
0 0.00769994
0 0.00762684
0 0.00755374
0 0.00748065
0 0.00740755
0 0.00733445
0 0.00726136
0 0.00718826
0 0.00711516
0 0.00704207
0 0.00696897
0 0.00689588
0 0.00682278
0 0.00674968
0 0.00667659
0 0.00660349
0 0.00653039
0 0.0064573
0 0.0063842
0 0.0063111
0 0.00623801
0 0.00616491
0 0.00609182
0 0.00601872
0 0.00594562
0 0.00587253
0 0.00579943
0 0.00572633
0 0.00565324
0 0.00558014
0 0.00550704
0 0.00543395
0 0.00536085
0 0.00528776
0 0.00521466
0 0.00514156
0 0.00506847
0 0.00499537
0 0.00492227
0 0.00484918
0 0.00477608
0 0.00470298
0 0.00462989
0 0.00455679
0 0.0044837
0 0.0044106
0 0.0043375
0 0.00426441
0 0.00419131
0 0.00411821
0 0.00404512
0 0.00397202
0 0.00389892
0 0.00382583
0 0.00375273
0 0.00367964
0 0.00360654
0 0.00353344
0 0.00346035
0 0.00338725
0 0.00331415
0 0.00324106
0 0.00316796
0 0.00309486
0 0.00302177
0 0.00294867
0 0.00287558
0 0.00280248
0 0.00272938
0 0.00265629
0 0.00258319
0 0.00251009
0 0.002437
0 0.0023639
0 0.0022908
0 0.00221771
0 0.00214461
0 0.00207152
0 0.00199842
0 0.00192532
0 0.00185223
0 0.00177913
0 0.00170603
0 0.00163294
0 0.00155984
0 0.00148674
0 0.00141365
0 0.00134055
0 0.00126746
0 0.00119436
0 0.00112126
0 0.00104817
0 0.00097507
0 0.000901974
0 0.000828878
0 0.000755781
0 0.000682685
0 0.000609588
0 0.000536492
0 0.000463396
0 0.000390299
0 0.000317203
0 0.000244107
0 0.00017101
0 9.79139e-05
0 2.48176e-05
-0.00369931 -1.31113e-05
-0.0112713 -1.42248e-05
-0.0188433 -1.53382e-05
-0.0264152 -1.64517e-05
-0.0339872 -1.75652e-05
-0.0415592 -1.86786e-05
-0.0491311 -1.97921e-05
-0.0567031 -2.09056e-05
-0.0642751 -2.20191e-05
-0.071847 -2.31325e-05
-0.079419 -2.4246e-05
-0.086991 -2.53595e-05
-0.0945629 -2.64729e-05
-0.102135 -2.75864e-05
-0.109707 -2.86999e-05
-0.117279 -2.98134e-05
-0.124851 -3.09268e-05
-0.132423 -3.20403e-05
-0.139995 -3.31538e-05
-0.147567 -3.42672e-05
-0.155139 -3.53807e-05
-0.162711 -3.64942e-05
-0.170283 -3.76077e-05
-0.177855 -3.87211e-05
-0.185427 -3.98346e-05
-0.192999 -4.09481e-05
-0.20057 -4.20615e-05
-0.208142 -4.3175e-05
-0.215714 -4.42885e-05
-0.223286 -4.5402e-05
-0.230858 -4.65154e-05
-0.23843 -4.76289e-05
-0.246002 -4.87424e-05
-0.253574 -4.98558e-05
-0.261146 -5.09693e-05
-0.268718 -5.20828e-05
-0.27629 -5.31963e-05
-0.283862 -5.43097e-05
-0.291434 -5.54232e-05
-0.299006 -5.65367e-05
-0.306578 -5.76501e-05
-0.31415 -5.87636e-05
-0.321722 -5.98771e-05
-0.329294 -6.09906e-05
-0.336866 -6.2104e-05
-0.344438 -6.32175e-05
-0.35201 -6.4331e-05
-0.359581 -6.54444e-05
-0.308331 -5.79625e-05
-0.25708 -5.04806e-05
-0.205829 -4.29988e-05
-0.154578 -3.55169e-05
-0.103327 -2.8035e-05
-0.0520764 -2.05531e-05
-0.00100968 -1.28642e-05
0 5.11263e-05
0 0.000116253
0 0.000181379
0 0.000246505
0 0.000311631
0 0.000376757
0 0.000441884
0 0.00050701
0 0.000572136
0 0.000637262
0 0.000702388
0 0.000767515
0 0.000832641
0 0.000897767
0 0.000962893
0 0.00102802
0 0.00109315
0 0.00115827
0 0.0012234
0 0.00128852
0 0.00135365
0 0.00141878
0 0.0014839
0 0.00154903
0 0.00161416
0 0.00167928
0 0.00174441
0 0.00180953
0 0.00187466
0 0.00193979
0 0.00200491
0 0.00207004
0 0.00213516
0 0.00220029
0 0.00226542
0 0.00233054
0 0.00239567
0 0.0024608
0 0.00252592
0 0.00259105
0 0.00265617
0 0.0027213
0 0.00278643
0 0.00285155
0 0.00291668
0 0.00298181
0 0.00304693
0 0.00311206
0 0.00317718
0 0.00324231
0 0.00330744
0 0.00336957
0 0.0034162
0 0.0034723
0 0.00352839
0 0.00358449
0 0.00364059
0 0.00369668
0 0.00375278
0 0.00380888
0 0.00386498
0 0.00392107
0 0.00397717
0 0.00403327
0 0.00408936
0 0.00414546
0 0.00420156
0 0.00425765
0 0.00431375
0 0.00436985
0 0.00442595
0 0.00448204
0 0.00453814
0 0.00459424
0 0.00465033
0 0.00470643
0 0.00476253
0 0.00481862
0 0.00487472
0 0.00493082
0 0.00498692
0 0.00504301
0 0.00509911
0 0.00515521
0 0.0052113
0 0.0052674
0 0.0053235
0 0.00537959
0 0.00543569
0 0.00549179
0 0.00554789
0 0.00560398
0 0.00566008
0 0.00571618
0 0.00577227
0 0.00582837
0 0.00588447
0 0.00594056
0 0.00599666
0 0.00605276
0 0.00610886
0 0.00616495
0 0.00622105
0 0.00627715
0 0.00633324
0 0.00638934
0 0.00644544
0 0.00650153
0 0.00655763
0 0.00661373
0 0.00666983
0 0.00672592
0 0.00678202
0 0.00683812
0 0.00689421
0 0.00695031
0 0.00700641
0 0.00706251
0 0.0071186
0 0.0071747
0 0.0072308
0 0.00728689
0 0.00734299
0 0.00739909
0 0.00745518
0 0.00751128
0 0.00756738
0 0.00762348
0 0.00766191
0 0.00768305
0 0.00770418
0 0.00772532
0 0.00774646
0 0.00776759
0 0.00778873
0 0.00780986
0 0.007831
0 0.00785213
0 0.00787327
0 0.0078944
0 0.00791554
0 0.00793667
0 0.00795781
0 0.00797895
0 0.00800008
0 0.00802122
0 0.00804235
0 0.00806349
0 0.00808462
0 0.00810576
0 0.00812689
0 0.0081711
0 0.00822825
0 0.0082854
0 0.00834255
0 0.0083997
0 0.00845685
0 0.008514
0 0.00857115
0 0.0086283
0 0.00868545
0 0.00874259
0 0.00879974
0 0.00885689
0 0.00891404
0 0.00897119
0 0.00902834
0 0.00908549
0 0.00914264
0 0.00919979
0 0.00925694
0 0.00931409
0 0.00937124
0 0.00942839
0 0.00948554
0 0.00954268
0 0.00959983
0 0.00965698
0 0.00971413
0 0.00977128
0 0.00982843
0 0.00988558
0 0.00994273
0 0.00999988
0 0.010057
0 0.0101142
0 0.0101713
0 0.0102285
0 0.0102856
0 0.0103428
0 0.0103999
0 0.0104571
0 0.0105142
0 0.0105714
0 0.0106285
0 0.0106857
0 0.0107428
0 0.0108
0 0.0108571
0 0.0109143
0 0.0109714
0 0.0110286
0 0.0110857
0 0.0111429
0 0.0112
0 0.0112572
0 0.0113143
0 0.0113715
0 0.0114286
0 0.0114858
0 0.0115429
0 0.0116001
0 0.0116572
0 0.0117144
0 0.0117715
0 0.0118287
0 0.0118858
0 0.011943
0 0.0120001
0 0.0120573
0 0.0121144
0 0.0121716
0 0.0122287
0 0.0122859
0 0.012343
0 0.0124002
0 0.0124573
0 0.0125144
0 0.0125716
0 0.0126287
0 0.0126859
0 0.012743
0 0.0128002
0 0.0128573
0 0.0129145
0 0.0129716
0 0.0130288
0 0.0130859
0 0.0131431
0 0.0132002
0 0.0132574
0 0.0133145
0 0.0133717
0 0.0134288
0 0.013486
0 0.0135431
0 0.0136003
0 0.0136574
0 0.0137146
0 0.0137717
0 0.0138289
0 0.013886
0 0.0139432
0 0.0140003
0 0.0140575
0 0.0141146
0 0.0141718
0 0.0142289
0 0.0142861
0 0.0143432
0 0.0144004
0 0.0144575
0 0.0145147
0 0.0145718
0 0.014629
0 0.0146861
0 0.0147433
0 0.0148343
0 0.0149634
0 0.0150925
0 0.0152217
0 0.0153508
0 0.0154799
0 0.0156091
0 0.0157382
0 0.0158674
0 0.0159965
0 0.0161256
0 0.0162548
0 0.0163839
0 0.016513
0 0.0166422
0 0.0167713
0 0.0169005
0 0.0170296
0 0.0171587
0 0.0172879
0 0.017417
0 0.0175461
0 0.0176753
0 0.0178044
0 0.0179336
0 0.0180627
0 0.0181918
0 0.018321
0 0.0184501
0 0.0185793
0 0.0187084
0 0.0188375
0 0.0189667
0 0.0190958
0 0.0192249
0 0.0193541
0 0.0194832
0 0.0196124
0 0.0197415
0 0.0198706
0 0.0199998
0 0.0201289
0 0.020258
0 0.0203872
0 0.0205163
0 0.0206455
0 0.0207746
0 0.0209037
0 0.0210338
0 0.0211638
0 0.0212939
0 0.021424
0 0.021554
0 0.0216841
0 0.0218141
0 0.0219442
0 0.0220743
0 0.0222043
0 0.0223344
0 0.0224644
0 0.0225945
0 0.0227245
0 0.0228546
0 0.0229847
0 0.0231147
0 0.0232448
0 0.0233748
0 0.0235049
0 0.0236349
0 0.023765
0 0.0238951
0 0.0240251
0 0.0241552
0 0.0242852
0 0.0244153
0 0.0245453
0 0.0246754
0 0.0248055
0 0.0249355
0 0.0250656
0 0.0251956
0 0.0253257
0 0.0254558
0 0.0255858
0 0.0257159
0 0.0258459
0 0.025976
0 0.026106
0 0.0262361
0 0.0263662
0 0.0264962
0 0.0266263
0 0.0267563
0 0.0268864
0 0.0270164
0 0.0271465
0 0.0272766
0 0.0274066
0 0.0275367
0 0.0276667
0 0.0277968
0 0.0279268
0 0.0280569
0 0.028187
0 0.028317
0 0.0284471
0 0.0285771
0 0.0287072
0 0.0288373
0 0.0289673
0 0.0290974
0 0.0292274
0 0.0293575
0 0.0294875
0 0.0296176
0 0.0297477
0 0.0298777
0 0.0300078
0 0.0301378
0 0.0302679
0 0.0303979
0 0.030528
0 0.0306581
0 0.0307881
0 0.0309182
0 0.0310482
0 0.0311783
0 0.0313084
0 0.0311856
0 0.0310628
0 0.03094
0 0.0308173
0 0.0306945
0 0.0305717
0 0.030449
0 0.0303262
0 0.0302034
0 0.0301337
0 0.0300686
0 0.0300035
0 0.0299383
0 0.0298732
0 0.0298081
0 0.029743
0 0.0296778
0 0.0296127
0 0.0295476
0 0.0294825
0 0.0294173
0 0.0293522
0 0.0292871
0 0.029222
0 0.0291568
0 0.0290917
0 0.0290266
0 0.0289615
0 0.0288963
0 0.0288312
0 0.0287661
0 0.028701
0 0.0286358
0 0.0285707
0 0.0285056
0 0.0284404
0 0.0283753
0 0.0283102
0 0.0282451
0 0.0281799
0 0.0281148
0 0.0280497
0 0.0279846
0 0.0279194
0 0.0278543
0 0.0277892
0 0.0277241
0 0.0276589
0 0.0275938
0 0.0275287
0 0.0274636
0 0.0273984
0 0.0273333
0 0.0272682
0 0.027203
0 0.0271379
0 0.0270728
0 0.0270077
0 0.0269425
0 0.0268774
0 0.0268026
0 0.0267059
0 0.0266186
0 0.0265314
0 0.0264442
0 0.0263569
0 0.0262697
0 0.0261825
0 0.0260952
0 0.026008
0 0.0259208
0 0.0258335
0 0.0257463
0 0.0256591
0 0.0255718
0 0.0254846
0 0.0253974
0 0.0253101
0 0.0252229
0 0.0251357
0 0.0250484
0 0.0249612
0 0.0248739
0 0.0247867
0 0.0246995
0 0.0246122
0 0.024525
0 0.0244378
0 0.0243505
0 0.0242633
0 0.0241761
0 0.0240888
0 0.0240016
0 0.0239144
0 0.0238271
0 0.0237399
0 0.0236527
0 0.0235654
0 0.0234782
0 0.023391
0 0.0233037
0 0.0232165
0 0.0231292
0 0.023042
0 0.0229548
0 0.0228675
0 0.0227803
0 0.0226931
0 0.0226058
0 0.0225186
0 0.0224314
0 0.0223441
0 0.0222569
0 0.0221697
0 0.0220824
0 0.0219952
0 0.021908
0 0.0218207
0 0.0217335
0 0.0216463
0 0.021559
0 0.0214718
0 0.0213845
0 0.0212973
0 0.0212101
0 0.0211228
0 0.0210356
0 0.0209484
0 0.0208611
0 0.0207739
0 0.0206867
0 0.0205994
0 0.0205122
0 0.020425
0 0.0203377
0 0.0202505
0 0.0201633
0 0.020076
0 0.0199888
0 0.0199016
0 0.0198143
0 0.0197271
0 0.0196398
0 0.0195526
0 0.0194654
0 0.0193781
0 0.0192909
0 0.0192037
0 0.0191164
0 0.0190292
0 0.018942
0 0.0188547
0 0.0187675
0 0.0186803
0 0.018593
0 0.0185058
0 0.0184186
0 0.0183313
0 0.0182441
0 0.0181569
0 0.0180638
0 0.0179486
0 0.0178335
0 0.0177183
0 0.0176031
0 0.017488
0 0.0173728
0 0.0172576
0 0.0171425
0 0.0170273
0 0.0169121
0 0.016797
0 0.0166818
0 0.0165667
0 0.0164515
0 0.0163363
0 0.0162212
0 0.016106
0 0.0159908
0 0.0158757
0 0.0157605
0 0.0156453
0 0.0155302
0 0.015415
0 0.0152998
0 0.0151847
0 0.0150695
0 0.0149543
0 0.0148392
0 0.014724
0 0.0146089
0 0.0144937
0 0.0143828
0 0.0142976
0 0.0142124
0 0.0141272
0 0.014042
0 0.0139568
0 0.0138716
0 0.0137863
0 0.0137011
0 0.0136159
0 0.0135307
0 0.0134455
0 0.0133603
0 0.0132751
0 0.0131899
0 0.0131047
0 0.0130195
0 0.0129343
0 0.0128491
0 0.0127639
0 0.0126787
0 0.0125935
0 0.0125083
0 0.0124231
0 0.0123379
0 0.0122526
0 0.0121674
0 0.0120822
0 0.011997
0 0.0119118
0 0.0118266
0 0.0117414
0 0.0116562
0 0.011571
0 0.0114858
0 0.0114006
0 0.0113154
0 0.0112302
0 0.011145
0 0.0110598
0 0.0109746
0 0.0108894
0 0.0108041
0 0.0107189
0 0.0106337
0 0.0105485
0 0.0104633
0 0.0103781
0 0.0102929
0 0.0102077
0 0.0101225
0 0.0100373
0 0.00995209
0 0.00986688
0 0.00978168
0 0.00969647
0 0.00961126
0 0.00952606
0 0.00944085
0 0.00935565
0 0.00927044
0 0.00918523
0 0.00910003
0 0.00901482
0 0.00892962
0 0.00884441
0 0.00875921
0 0.008674
0 0.00858879
0 0.00850359
0 0.00841838
0 0.00833318
0 0.00824797
0 0.00816277
0 0.00807756
0 0.00799235
0 0.00790715
0 0.00782194
0 0.00773674
0 0.00765153
0 0.00756632
0 0.00748112
0 0.00739591
0 0.00731071
0 0.0072255
0 0.0071403
0 0.00705509
0 0.00696988
0 0.00688468
0 0.00679947
0 0.00671427
0 0.00662906
0 0.00654385
0 0.00645865
0 0.00637344
0 0.00628824
0 0.00620303
0 0.00611783
0 0.00603262
0 0.00594741
0 0.00586221
0 0.005777
0 0.0056918
0 0.00560659
0 0.00552138
0 0.00543618
0 0.00535097
0 0.00526577
0 0.00518056
0 0.00509536
0 0.00501015
0 0.00492494
0 0.00483974
0 0.00475453
0 0.00466933
0 0.00458412
0 0.00449891
0 0.00441371
0 0.0043285
0 0.0042433
0 0.00415809
0 0.00407289
0 0.00398768
0 0.00390247
0 0.00381727
0 0.00373206
0 0.00364686
0 0.00356165
0 0.00347644
0 0.00339124
0 0.00330603
0 0.00322083
0 0.00313562
0 0.00305042
0 0.00296521
0 0.00288
0 0.0027948
0 0.00270959
0 0.00262439
0 0.00253918
0 0.00245397
0 0.00236877
0 0.00228356
0 0.00219836
0 0.00211315
0 0.00202795
0 0.00194274
0 0.00185753
0 0.00177233
0 0.00168712
0 0.00160192
0 0.00151671
0 0.0014315
0 0.0013463
0 0.00126109
0 0.00117589
0 0.00109068
0 0.00100548
0 0.00092027
0 0.000835064
0 0.000749858
0 0.000664653
0 0.000579447
0 0.000494241
0 0.000409035
0 0.000323829
0 0.000238623
0 0.000153418
0 6.82118e-05
-0.000393949 -1.26252e-05
-0.00797662 -1.37403e-05
-0.0155593 -1.48553e-05
-0.023142 -1.59704e-05
-0.0307246 -1.70854e-05
-0.0383073 -1.82005e-05
-0.04589 -1.93155e-05
-0.0534726 -2.04305e-05
-0.0610553 -2.15456e-05
-0.068638 -2.26606e-05
-0.0762206 -2.37757e-05
-0.0838033 -2.48907e-05
-0.091386 -2.60058e-05
-0.0989686 -2.71208e-05
-0.106551 -2.82359e-05
-0.114134 -2.93509e-05
-0.121717 -3.04659e-05
-0.129299 -3.1581e-05
-0.136882 -3.2696e-05
-0.144465 -3.38111e-05
-0.152047 -3.49261e-05
-0.15963 -3.60412e-05
-0.167213 -3.71562e-05
-0.174795 -3.82713e-05
-0.182378 -3.93863e-05
-0.189961 -4.05013e-05
-0.197543 -4.16164e-05
-0.205126 -4.27314e-05
-0.212709 -4.38465e-05
-0.220291 -4.49615e-05
-0.227874 -4.60766e-05
-0.235457 -4.71916e-05
-0.243039 -4.83067e-05
-0.250622 -4.94217e-05
-0.258205 -5.05367e-05
-0.265787 -5.16518e-05
-0.27337 -5.27668e-05
-0.280953 -5.38819e-05
-0.288535 -5.49969e-05
-0.296118 -5.6112e-05
-0.303303 -5.71685e-05
-0.304628 -5.73634e-05
-0.305954 -5.75584e-05
-0.30728 -5.77533e-05
-0.308605 -5.79483e-05
-0.309931 -5.81432e-05
-0.311257 -5.83382e-05
-0.312583 -5.85331e-05
-0.313908 -5.87281e-05
-0.315234 -5.8923e-05
-0.31656 -5.9118e-05
-0.317886 -5.93129e-05
-0.319211 -5.95079e-05
-0.320537 -5.97028e-05
-0.321863 -5.98978e-05
-0.323188 -6.00927e-05
-0.324514 -6.02877e-05
-0.32584 -6.04826e-05
-0.327166 -6.06776e-05
-0.328491 -6.08725e-05
-0.329817 -6.10675e-05
-0.331143 -6.12624e-05
-0.332469 -6.14574e-05
-0.333794 -6.16523e-05
-0.33512 -6.18473e-05
-0.336446 -6.20422e-05
-0.337771 -6.22372e-05
-0.339097 -6.24321e-05
-0.340423 -6.26271e-05
-0.341749 -6.2822e-05
-0.343074 -6.3017e-05
-0.3444 -6.32119e-05
-0.345726 -6.34069e-05
-0.347052 -6.36018e-05
-0.348377 -6.37968e-05
-0.349703 -6.39917e-05
-0.351029 -6.41867e-05
-0.352354 -6.43816e-05
-0.35368 -6.45766e-05
-0.355006 -6.47715e-05
-0.356332 -6.49665e-05
-0.357657 -6.51614e-05
-0.358983 -6.53564e-05
-0.360309 -6.55513e-05
-0.361635 -6.57463e-05
-0.36296 -6.59412e-05
-0.364286 -6.61362e-05
-0.365612 -6.63311e-05
-0.366937 -6.65261e-05
-0.368263 -6.6721e-05
-0.369589 -6.6916e-05
-0.370915 -6.71109e-05
-0.37224 -6.73059e-05
-0.373566 -6.75008e-05
-0.374892 -6.76958e-05
-0.376218 -6.78907e-05
-0.377543 -6.80857e-05
-0.378869 -6.82806e-05
-0.380195 -6.84756e-05
-0.38152 -6.86706e-05
-0.382846 -6.88655e-05
-0.384172 -6.90605e-05
-0.385498 -6.92554e-05
-0.386823 -6.94504e-05
-0.388149 -6.96453e-05
-0.389475 -6.98403e-05
-0.390801 -7.00352e-05
-0.392126 -7.02302e-05
-0.393452 -7.04251e-05
-0.394778 -7.06201e-05
-0.396103 -7.0815e-05
-0.397429 -7.101e-05
-0.398755 -7.12049e-05
-0.400081 -7.13999e-05
-0.401406 -7.15948e-05
-0.402732 -7.17898e-05
-0.404058 -7.19847e-05
-0.405384 -7.21797e-05
-0.406709 -7.23746e-05
-0.408035 -7.25696e-05
-0.409361 -7.27645e-05
-0.35811 -6.52826e-05
-0.306859 -5.78008e-05
-0.255608 -5.03189e-05
-0.204357 -4.2837e-05
-0.153107 -3.53552e-05
-0.101856 -2.78733e-05
-0.050605 -2.03914e-05
0 -1.24877e-05
0 5.29473e-05
0 0.000118069
0 0.000183196
0 0.000248322
0 0.000313448
0 0.000378574
0 0.0004437
0 0.000508827
0 0.000573953
0 0.000639079
0 0.000704205
0 0.000769331
0 0.000834458
0 0.000899584
0 0.00096471
0 0.00102984
0 0.00109496
0 0.00116009
0 0.00122521
0 0.00129034
0 0.00135547
0 0.00142059
0 0.00148572
0 0.00155085
0 0.00161597
0 0.0016811
0 0.00174622
0 0.00181135
0 0.00187648
0 0.0019416
0 0.00200673
0 0.00207186
0 0.00213698
0 0.00220211
0 0.00226723
0 0.00233236
0 0.00239749
0 0.00246261
0 0.00252774
0 0.00259287
0 0.00265799
0 0.00272312
0 0.00278824
0 0.00285337
0 0.0029185
0 0.00298362
0 0.00304875
0 0.00311387
0 0.003179
0 0.00324413
0 0.00330925
0 0.00337438
0 0.00343951
0 0.00349381
0 0.00353358
0 0.00359009
0 0.0036466
0 0.00370311
0 0.00375962
0 0.00381613
0 0.00387264
0 0.00392915
0 0.00398565
0 0.00404216
0 0.00409867
0 0.00415518
0 0.00421169
0 0.0042682
0 0.00432471
0 0.00438121
0 0.00443772
0 0.00449423
0 0.00455074
0 0.00460725
0 0.00466376
0 0.00472027
0 0.00477678
0 0.00483328
0 0.00488979
0 0.0049463
0 0.00500281
0 0.00505932
0 0.00511583
0 0.00517234
0 0.00522884
0 0.00528535
0 0.00534186
0 0.00539837
0 0.00545488
0 0.00551139
0 0.0055679
0 0.00562441
0 0.00568091
0 0.00573742
0 0.00579393
0 0.00585044
0 0.00590695
0 0.00596346
0 0.00601997
0 0.00607648
0 0.00613298
0 0.00618949
0 0.006246
0 0.00630251
0 0.00635902
0 0.00641553
0 0.00647204
0 0.00652854
0 0.00658505
0 0.00664156
0 0.00669807
0 0.00675458
0 0.00681109
0 0.0068676
0 0.00692411
0 0.00698061
0 0.00703712
0 0.00709363
0 0.00715014
0 0.00720665
0 0.00726316
0 0.00731967
0 0.00737617
0 0.00743268
0 0.00748919
0 0.0075457
0 0.00760221
0 0.00765872
0 0.00771523
0 0.00777174
0 0.00782824
0 0.00788475
0 0.00794126
0 0.00799777
0 0.00805428
0 0.00811079
0 0.0081673
0 0.00822381
0 0.00828031
0 0.00833682
0 0.00839333
0 0.00844984
0 0.00850635
0 0.00856286
0 0.00861937
0 0.00867587
0 0.00873238
0 0.00878889
0 0.0088454
0 0.00890191
0 0.00895842
0 0.00901493
0 0.00907144
0 0.00912794
0 0.00918445
0 0.00924096
0 0.00929747
0 0.00935398
0 0.00941049
0 0.009467
0 0.0095235
0 0.00958001
0 0.00963652
0 0.00969303
0 0.00974954
0 0.00980605
0 0.00986256
0 0.00991907
0 0.00997557
0 0.0100321
0 0.0100886
0 0.0101433
0 0.0101653
0 0.0101873
0 0.0102094
0 0.0102314
0 0.0102534
0 0.0102754
0 0.0102975
0 0.0103195
0 0.0103415
0 0.0103636
0 0.0103856
0 0.0104076
0 0.0104297
0 0.0104517
0 0.0104737
0 0.0104958
0 0.0105178
0 0.0105398
0 0.0105619
0 0.0105839
0 0.0106059
0 0.010628
0 0.01065
0 0.010672
0 0.0106941
0 0.0107161
0 0.0107381
0 0.0107602
0 0.0107822
0 0.0108042
0 0.0108262
0 0.0108483
0 0.0108703
0 0.0108923
0 0.0109144
0 0.0109364
0 0.0109584
0 0.0109805
0 0.0110025
0 0.0110245
0 0.0110466
0 0.0110686
0 0.0110906
0 0.0111127
0 0.0111347
0 0.0111567
0 0.0111788
0 0.0112008
0 0.0112228
0 0.0112449
0 0.0112669
0 0.0112889
0 0.0113109
0 0.0113672
0 0.0114244
0 0.0114816
0 0.0115388
0 0.011596
0 0.0116532
0 0.0117104
0 0.0117676
0 0.0118247
0 0.0118819
0 0.0119391
0 0.0119963
0 0.0120535
0 0.0121107
0 0.0121679
0 0.012225
0 0.0122822
0 0.0123394
0 0.0123966
0 0.0124538
0 0.012511
0 0.0125682
0 0.0126254
0 0.0126825
0 0.0127397
0 0.0127969
0 0.0128541
0 0.0129113
0 0.0129685
0 0.0130257
0 0.0130828
0 0.01314
0 0.0131972
0 0.0132544
0 0.0133116
0 0.0133688
0 0.013426
0 0.0134832
0 0.0135403
0 0.0135975
0 0.0136547
0 0.0137119
0 0.0137691
0 0.0138263
0 0.0138835
0 0.0139406
0 0.0139978
0 0.014055
0 0.0141122
0 0.0141694
0 0.0142266
0 0.0142838
0 0.014341
0 0.0143981
0 0.0144553
0 0.0145125
0 0.0145697
0 0.0146269
0 0.0146841
0 0.0147413
0 0.0147984
0 0.0148556
0 0.0149128
0 0.01497
0 0.0150272
0 0.0150844
0 0.0151416
0 0.0151988
0 0.0152559
0 0.0153131
0 0.0153703
0 0.0154275
0 0.0154847
0 0.0155419
0 0.0155991
0 0.0156562
0 0.0157134
0 0.0157706
0 0.0158278
0 0.015885
0 0.0159422
0 0.0159994
0 0.0160566
0 0.0161137
0 0.0161709
0 0.0162281
0 0.0162853
0 0.0163425
0 0.0163997
0 0.0164569
0 0.016514
0 0.0165712
0 0.0166284
0 0.0166856
0 0.0167428
0 0.0168
0 0.0168572
0 0.0169144
0 0.0169715
0 0.0170287
0 0.0170859
0 0.0171431
0 0.0172003
0 0.0172575
0 0.0173147
0 0.0173718
0 0.017429
0 0.0174862
0 0.0175434
0 0.0176006
0 0.0176578
0 0.017715
0 0.0177722
0 0.0178293
0 0.0178865
0 0.0179437
0 0.0180009
0 0.0180581
0 0.0181153
0 0.0181725
0 0.0182296
0 0.0182868
0 0.018344
0 0.0184012
0 0.0184584
0 0.0185156
0 0.0185728
0 0.01863
0 0.0186871
0 0.0187443
0 0.0188015
0 0.0188587
0 0.0189159
0 0.0189731
0 0.0190303
0 0.0190874
0 0.0191446
0 0.0192018
0 0.019259
0 0.0193162
0 0.0193734
0 0.0194306
0 0.0194878
0 0.0195449
0 0.0196021
0 0.0196593
0 0.0197165
0 0.0197737
0 0.0198309
0 0.0198881
0 0.0199452
0 0.0200024
0 0.0200596
0 0.0201168
0 0.020174
0 0.0202312
0 0.0202884
0 0.0203456
0 0.0204027
0 0.0204599
0 0.0205171
0 0.0205743
0 0.0206315
0 0.0206887
0 0.0207459
0 0.020803
0 0.0208602
0 0.0209174
0 0.0209746
0 0.0210863
0 0.0212158
0 0.0213453
0 0.0214748
0 0.0216043
0 0.0217338
0 0.0218633
0 0.0219928
0 0.0221223
0 0.0222518
0 0.0223813
0 0.0225108
0 0.0226403
0 0.0227698
0 0.0228993
0 0.0230288
0 0.0231583
0 0.0232878
0 0.0234173
0 0.0235468
0 0.0236763
0 0.0238058
0 0.0239353
0 0.0240647
0 0.0241942
0 0.0243237
0 0.0244532
0 0.0245827
0 0.0247122
0 0.0248417
0 0.0249712
0 0.0251007
0 0.0252302
0 0.0253597
0 0.0254892
0 0.0256187
0 0.0257482
0 0.0258777
0 0.0260072
0 0.0261367
0 0.0262662
0 0.0263957
0 0.0265252
0 0.0266547
0 0.0267842
0 0.0269137
0 0.0270432
0 0.0271727
0 0.0273022
0 0.0274317
0 0.0275612
0 0.0276907
0 0.0278202
0 0.0279496
0 0.0280791
0 0.0282086
0 0.0283381
0 0.0284676
0 0.0285971
0 0.0287266
0 0.0288561
0 0.0289856
0 0.0291151
0 0.0292446
0 0.0293741
0 0.0295036
0 0.0296331
0 0.0297626
0 0.0298921
0 0.0300216
0 0.0301511
0 0.0302806
0 0.0304101
0 0.0305396
0 0.0306691
0 0.0307986
0 0.0309281
0 0.0310576
0 0.0311871
0 0.0313166
0 0.0311938
0 0.0310711
0 0.0309483
0 0.0308255
0 0.0307027
0 0.03058
0 0.0304572
0 0.0303349
0 0.0302702
0 0.030205
0 0.0301399
0 0.0300748
0 0.0300096
0 0.0299445
0 0.0298794
0 0.0298143
0 0.0297491
0 0.029684
0 0.0296189
0 0.0295538
0 0.0294886
0 0.0294235
0 0.0293584
0 0.0292933
0 0.0292281
0 0.029163
0 0.0290979
0 0.0290327
0 0.0289676
0 0.0289025
0 0.0288374
0 0.0287722
0 0.0287071
0 0.028642
0 0.0285769
0 0.0285117
0 0.0284466
0 0.0283815
0 0.0283164
0 0.0282512
0 0.0281861
0 0.028121
0 0.0280559
0 0.0279907
0 0.0279256
0 0.0278605
0 0.0277953
0 0.0277302
0 0.0276651
0 0.0276
0 0.0275348
0 0.0274697
0 0.0274046
0 0.0273395
0 0.0272743
0 0.0272092
0 0.0271441
0 0.027079
0 0.0270138
0 0.0269487
0 0.0268836
0 0.0268077
0 0.0267172
0 0.0266434
0 0.0265697
0 0.026496
0 0.0264223
0 0.0263485
0 0.0262748
0 0.0262011
0 0.0261273
0 0.0260536
0 0.0259799
0 0.0259061
0 0.0258324
0 0.0257587
0 0.0256849
0 0.0256112
0 0.0255375
0 0.0254638
0 0.02539
0 0.0253163
0 0.0252426
0 0.0251688
0 0.0250951
0 0.0250214
0 0.0249476
0 0.0248739
0 0.0248002
0 0.0247265
0 0.0246527
0 0.024579
0 0.0245053
0 0.0244315
0 0.0243578
0 0.0242841
0 0.0242103
0 0.0241366
0 0.0240629
0 0.0239891
0 0.0239154
0 0.0238417
0 0.023768
0 0.0236942
0 0.0236205
0 0.0235468
0 0.023473
0 0.0233993
0 0.0233256
0 0.0232518
0 0.0231781
0 0.0231044
0 0.0230307
0 0.0229569
0 0.0228832
0 0.0228095
0 0.0227357
0 0.022662
0 0.0225883
0 0.0225145
0 0.0224408
0 0.0223671
0 0.0222934
0 0.0222196
0 0.0221459
0 0.0220722
0 0.0219984
0 0.0219247
0 0.021851
0 0.0217772
0 0.0217035
0 0.0216298
0 0.021556
0 0.0214823
0 0.0214086
0 0.0213349
0 0.0212611
0 0.0211874
0 0.0211137
0 0.0210399
0 0.0209662
0 0.0208925
0 0.0208187
0 0.020745
0 0.0206713
0 0.0205976
0 0.0205238
0 0.0204501
0 0.0203764
0 0.0203026
0 0.0202289
0 0.0201552
0 0.0200814
0 0.0200077
0 0.019934
0 0.0198603
0 0.0197865
0 0.0197128
0 0.0196391
0 0.0195653
0 0.0194916
0 0.0194179
0 0.0193441
0 0.0192704
0 0.0191967
0 0.0191229
0 0.0190492
0 0.0189755
0 0.0189018
0 0.018828
0 0.0187543
0 0.0186806
0 0.0186068
0 0.0185331
0 0.0184594
0 0.0183856
0 0.0183119
0 0.0182382
0 0.0181645
0 0.0180895
0 0.0179812
0 0.017873
0 0.0177648
0 0.0176566
0 0.0175484
0 0.0174402
0 0.017332
0 0.0172237
0 0.0171155
0 0.0170073
0 0.0168991
0 0.0167909
0 0.0166827
0 0.0165745
0 0.0164663
0 0.016358
0 0.0162498
0 0.0161416
0 0.0160334
0 0.0159252
0 0.015817
0 0.0157088
0 0.0156006
0 0.0154923
0 0.0153841
0 0.0152759
0 0.0151677
0 0.0150595
0 0.0149513
0 0.0148431
0 0.0147349
0 0.0146266
0 0.0145184
0 0.0144102
0 0.014302
0 0.0141938
0 0.0140856
0 0.0139774
0 0.0138692
0 0.0137609
0 0.0136527
0 0.0135445
0 0.0134363
0 0.0133281
0 0.0132199
0 0.0131117
0 0.0130034
0 0.0128952
0 0.012787
0 0.0126788
0 0.0125706
0 0.0124624
0 0.0123542
0 0.012279
0 0.0122059
0 0.0121329
0 0.0120598
0 0.0119868
0 0.0119137
0 0.0118407
0 0.0117676
0 0.0116945
0 0.0116215
0 0.0115484
0 0.0114754
0 0.0114023
0 0.0113293
0 0.0112562
0 0.0111832
0 0.0111101
0 0.0110371
0 0.010964
0 0.010891
0 0.0108179
0 0.0107448
0 0.0106718
0 0.0105987
0 0.0105257
0 0.0104526
0 0.0103796
0 0.0103065
0 0.0102335
0 0.0101604
0 0.0100874
0 0.0100143
0 0.00994126
0 0.00986821
0 0.00979515
0 0.0097221
0 0.00964905
0 0.00957599
0 0.00950294
0 0.00942989
0 0.00935683
0 0.00928378
0 0.00921073
0 0.00913767
0 0.00906462
0 0.00899157
0 0.00891851
0 0.00884546
0 0.00877241
0 0.00869935
0 0.0086263
0 0.00855325
0 0.00848019
0 0.00840714
0 0.00833409
0 0.00826103
0 0.00818798
0 0.00811493
0 0.00804187
0 0.00796882
0 0.00789577
0 0.00782271
0 0.00774966
0 0.0076766
0 0.00760355
0 0.0075305
0 0.00745744
0 0.00738439
0 0.00731134
0 0.00723828
0 0.00716523
0 0.00709218
0 0.00701912
0 0.00694607
0 0.00687302
0 0.00679996
0 0.00672691
0 0.00665386
0 0.0065808
0 0.00650775
0 0.0064347
0 0.00636164
0 0.00628859
0 0.00621554
0 0.00614248
0 0.00606943
0 0.00599638
0 0.00592332
0 0.00585027
0 0.00577722
0 0.00570416
0 0.00563111
0 0.00555805
0 0.005485
0 0.00541195
0 0.00533889
0 0.00526584
0 0.00519279
0 0.00511973
0 0.00504668
0 0.00497363
0 0.00490057
0 0.00482752
0 0.00475447
0 0.00468141
0 0.00460836
0 0.00453531
0 0.00446225
0 0.0043892
0 0.00431615
0 0.00424309
0 0.00417004
0 0.00409699
0 0.00402393
0 0.00395088
0 0.00387783
0 0.00380477
0 0.00373172
0 0.00365867
0 0.00358561
0 0.00351256
0 0.0034395
0 0.00336645
0 0.0032934
0 0.00322034
0 0.00314729
0 0.00307424
0 0.00300118
0 0.00292813
0 0.00285508
0 0.00278202
0 0.00270897
0 0.00263592
0 0.00256286
0 0.00248981
0 0.00241676
0 0.0023437
0 0.00227065
0 0.0021976
0 0.00212454
0 0.00205149
0 0.00197844
0 0.00190538
0 0.00183233
0 0.00175928
0 0.00168622
0 0.00161317
0 0.00154012
0 0.00146706
0 0.00139401
0 0.00132095
0 0.0012479
0 0.00117485
0 0.00110179
0 0.00102874
0 0.000955688
0 0.000882634
0 0.000809581
0 0.000736527
0 0.000663474
0 0.000590421
0 0.000517367
0 0.000444314
0 0.00037126
0 0.000298207
0 0.000225153
0 0.0001521
0 7.90464e-05
0 5.99299e-06
-0.00382884 -1.31303e-05
-0.00896177 -1.38851e-05
-0.0140947 -1.46399e-05
-0.0192276 -1.53948e-05
-0.0243606 -1.61496e-05
-0.0294935 -1.69044e-05
-0.0346265 -1.76592e-05
-0.0397594 -1.8414e-05
-0.0448923 -1.91688e-05
-0.0500253 -1.99236e-05
-0.0551582 -2.06784e-05
-0.0602911 -2.14332e-05
-0.0654241 -2.2188e-05
-0.070557 -2.29428e-05
-0.0756899 -2.36976e-05
-0.0808229 -2.44524e-05
-0.0859558 -2.52073e-05
-0.0910887 -2.59621e-05
-0.0962217 -2.67169e-05
-0.101355 -2.74717e-05
-0.106488 -2.82265e-05
-0.11162 -2.89813e-05
-0.116753 -2.97361e-05
-0.121886 -3.04909e-05
-0.127019 -3.12457e-05
-0.132152 -3.20005e-05
-0.137285 -3.27553e-05
-0.142418 -3.35101e-05
-0.147551 -3.42649e-05
-0.152684 -3.50197e-05
-0.157817 -3.57746e-05
-0.16295 -3.65294e-05
-0.168083 -3.72842e-05
-0.173216 -3.8039e-05
-0.178349 -3.87938e-05
-0.183482 -3.95486e-05
-0.188615 -4.03034e-05
-0.193747 -4.10582e-05
-0.19888 -4.1813e-05
-0.204013 -4.25678e-05
-0.209146 -4.33226e-05
-0.214279 -4.40774e-05
-0.219412 -4.48322e-05
-0.224545 -4.5587e-05
-0.229678 -4.63419e-05
-0.234811 -4.70967e-05
-0.239944 -4.78515e-05
-0.245077 -4.86063e-05
-0.25021 -4.93611e-05
-0.255343 -5.01159e-05
-0.260476 -5.08707e-05
-0.265609 -5.16255e-05
-0.270741 -5.23803e-05
-0.275874 -5.31351e-05
-0.281007 -5.38899e-05
-0.28614 -5.46447e-05
-0.291273 -5.53995e-05
-0.296406 -5.61543e-05
-0.301539 -5.69092e-05
-0.306672 -5.7664e-05
-0.311805 -5.84188e-05
-0.316938 -5.91736e-05
-0.322071 -5.99284e-05
-0.327204 -6.06832e-05
-0.332337 -6.1438e-05
-0.33747 -6.21928e-05
-0.342603 -6.29476e-05
-0.347736 -6.37024e-05
-0.352868 -6.44572e-05
-0.358001 -6.5212e-05
-0.363134 -6.59668e-05
-0.368267 -6.67216e-05
-0.3734 -6.74765e-05
-0.378533 -6.82313e-05
-0.383666 -6.89861e-05
-0.388799 -6.97409e-05
-0.393932 -7.04957e-05
-0.399065 -7.12505e-05
-0.404198 -7.20053e-05
-0.409331 -7.27601e-05
-0.35808 -6.52782e-05
-0.306829 -5.77963e-05
-0.255578 -5.03145e-05
-0.204327 -4.28326e-05
-0.153077 -3.53507e-05
-0.101826 -2.78689e-05
-0.0505749 -2.0387e-05
0 -1.24797e-05
0 5.29864e-05
0 0.000118108
0 0.000183234
0 0.00024836
0 0.000313486
0 0.000378612
0 0.000443739
0 0.000508865
0 0.000573991
0 0.000639117
0 0.000704243
0 0.00076937
0 0.000834496
0 0.000899622
0 0.000964748
0 0.00102987
0 0.001095
0 0.00116013
0 0.00122525
0 0.00129038
0 0.00135551
0 0.00142063
0 0.00148576
0 0.00155088
0 0.00161601
0 0.00168114
0 0.00174626
0 0.00181139
0 0.00187652
0 0.00194164
0 0.00200677
0 0.00207189
0 0.00213702
0 0.00220215
0 0.00226727
0 0.0023324
0 0.00239752
0 0.00246265
0 0.00252778
0 0.0025929
0 0.00265803
0 0.00272316
0 0.00278828
0 0.00285341
0 0.00291853
0 0.00298366
0 0.00304879
0 0.00311391
0 0.00317904
0 0.00324417
0 0.00330929
0 0.00337442
0 0.00343954
0 0.00349387
0 0.00353363
0 0.00359015
0 0.00364667
0 0.00370318
0 0.0037597
0 0.00381622
0 0.00387273
0 0.00392925
0 0.00398577
0 0.00404229
0 0.0040988
0 0.00415532
0 0.00421184
0 0.00426836
0 0.00432487
0 0.00438139
0 0.00443791
0 0.00449442
0 0.00455094
0 0.00460746
0 0.00466398
0 0.00472049
0 0.00477701
0 0.00483353
0 0.00489005
0 0.00494656
0 0.00500308
0 0.0050596
0 0.00511611
0 0.00517263
0 0.00522915
0 0.00528567
0 0.00534218
0 0.0053987
0 0.00545522
0 0.00551174
0 0.00556825
0 0.00562477
0 0.00568129
0 0.0057378
0 0.00579432
0 0.00585084
0 0.00590736
0 0.00596387
0 0.00602039
0 0.00607691
0 0.00613343
0 0.00618994
0 0.00624646
0 0.00630298
0 0.00635949
0 0.00641601
0 0.00647253
0 0.00652905
0 0.00658556
0 0.00664208
0 0.0066986
0 0.00675512
0 0.00681163
0 0.00686815
0 0.00692467
0 0.00698119
0 0.0070377
0 0.00709422
0 0.00715074
0 0.00720725
0 0.00726377
0 0.00732029
0 0.00737681
0 0.00743332
0 0.00748984
0 0.00754636
0 0.00760288
0 0.00765939
0 0.00771591
0 0.00777243
0 0.00782894
0 0.00788546
0 0.00794198
0 0.0079985
0 0.00805501
0 0.00811153
0 0.00816805
0 0.00822457
0 0.00828108
0 0.0083376
0 0.00839412
0 0.00845063
0 0.00850715
0 0.00856367
0 0.00862019
0 0.0086767
0 0.00873322
0 0.00878974
0 0.00884626
0 0.00890277
0 0.00895929
0 0.00901581
0 0.00907232
0 0.00912884
0 0.00918536
0 0.00924188
0 0.00929839
0 0.00935491
0 0.00941143
0 0.00946795
0 0.00952446
0 0.00958098
0 0.0096375
0 0.00969401
0 0.00975053
0 0.00980705
0 0.00986357
0 0.00992008
0 0.0099766
0 0.0100331
0 0.0100896
0 0.0101448
0 0.0101668
0 0.0101889
0 0.0102109
0 0.0102329
0 0.010255
0 0.010277
0 0.0102991
0 0.0103211
0 0.0103431
0 0.0103652
0 0.0103872
0 0.0104092
0 0.0104313
0 0.0104533
0 0.0104754
0 0.0104974
0 0.0105194
0 0.0105415
0 0.0105635
0 0.0105855
0 0.0106076
0 0.0106296
0 0.0106516
0 0.0106737
0 0.0106957
0 0.0107178
0 0.0107398
0 0.0107618
0 0.0107839
0 0.0108059
0 0.0108279
0 0.01085
0 0.010872
0 0.0108941
0 0.0109161
0 0.0109381
0 0.0109602
0 0.0109822
0 0.0110042
0 0.0110263
0 0.0110483
0 0.0110703
0 0.0110924
0 0.0111144
0 0.0111365
0 0.0111585
0 0.0111805
0 0.0112026
0 0.0112246
0 0.0112466
0 0.0112687
0 0.0112907
0 0.0113128
0 0.0113679
0 0.0114251
0 0.0114823
0 0.0115395
0 0.0115967
0 0.0116539
0 0.0117111
0 0.0117683
0 0.0118255
