-0.200858 -2.95405e-05
-0.195754 -2.87954e-05
-0.100868 -1.49435e-05
-0.00830966 -1.43125e-06
0.158664 0.000100909
0.0950818 0.000231726
0.0473587 0.000115311
-0.0049458 -9.36609e-07
-0.102419 -1.5168e-05
-0.195625 -2.87765e-05
-0.101852 -1.5087e-05
-0.00473135 -9.08773e-07
0.0472856 0.000115133
0.0950817 0.000231727
0.0473584 0.000115311
-0.00494561 -9.36581e-07
-0.102332 -1.51554e-05
-0.195622 -2.8776e-05
-0.101824 -1.50829e-05
-0.00473247 -9.08937e-07
0.0472856 0.000115133
0.0950817 0.000231727
0.0473583 0.000115311
-0.00494515 -9.36514e-07
-0.102331 -1.51552e-05
-0.195622 -2.8776e-05
-0.189767 -2.79213e-05
-0.215622 -3.17293e-05
-0.163159 -2.40706e-05
-0.111502 -1.65294e-05
-0.0602187 -9.04274e-06
-0.00462871 -9.27411e-07
0.0472984 0.000115132
0.0950647 0.000231729
0.031395 0.000362726
0 0.000489554
0 0.000366755
0 0.000243984
0 0.000121214
-0.00475927 -9.42049e-07
-0.0602211 -9.03982e-06
-0.111471 -1.65226e-05
-0.162721 -2.40055e-05
-0.213971 -3.14883e-05
-0.16272 -2.40064e-05
-0.111469 -1.65245e-05
-0.0602185 -9.04268e-06
-0.00472947 -9.42087e-07
0 0.000121216
0 0.000243986
0 0.000366756
0 0.000489525
0 0.000366754
0 0.000243984
0 0.000121213
-0.00476073 -9.42263e-07
-0.0602211 -9.03982e-06
-0.111471 -1.65226e-05
-0.162721 -2.40055e-05
-0.213971 -3.14883e-05
-0.265119 -3.90855e-05
-0.213868 -3.16036e-05
-0.162618 -2.41217e-05
-0.111367 -1.66398e-05
-0.060116 -9.15798e-06
-0.00425757 -1.00346e-06
0 0.000121216
0 0.000243986
0 0.000366755
0 0.000489525
0 0.000366754
0 0.000243984
0 0.000121213
-0.00430148 -1.00161e-06
-0.0601211 -9.15223e-06
-0.111371 -1.66355e-05
-0.16262 -2.41188e-05
-0.21387 -3.16022e-05
-0.265119 -3.90855e-05
-0.316241 -4.67121e-05
-0.36734 -5.43652e-05
-0.418415 -6.20449e-05
-0.469466 -6.97515e-05
-0.520493 -7.74853e-05
-0.571495 -8.52467e-05
-0.622473 -9.30358e-05
-0.571222 -8.5554e-05
-0.519971 -7.80721e-05
-0.46872 -7.05902e-05
-0.417469 -6.31084e-05
-0.366219 -5.56265e-05
-0.314968 -4.81446e-05
-0.263717 -4.06627e-05
-0.212466 -3.31809e-05
-0.161215 -2.5699e-05
-0.109964 -1.82171e-05
-0.0587137 -1.07353e-05
0 -1.84022e-06
0 0.000121575
0 0.000244272
0 0.000366949
0 0.000489622
0 0.000612204
0 0.000734804
0 0.000857402
0 0.000979974
0 0.00110252
0 0.00122504
0 0.00134753
0 0.00146999
0 0.00134722
0 0.00122445
0 0.00110168
0 0.000978911
0 0.00085614
0 0.00073337
0 0.000610599
0 0.000487829
0 0.000365058
0 0.000242288
0 0.000119517
-0.00435055 -2.69123e-06
-0.058791 -1.06482e-05
-0.110035 -1.8138e-05
-0.161279 -2.56278e-05
-0.212522 -3.31176e-05
-0.263766 -4.06074e-05
-0.31501 -4.80972e-05
-0.366254 -5.55869e-05
-0.417498 -6.30767e-05
-0.468741 -7.05665e-05
-0.519985 -7.80563e-05
-0.571229 -8.55461e-05
-0.622473 -9.30358e-05
-0.571222 -8.5554e-05
-0.519971 -7.80721e-05
-0.46872 -7.05902e-05
-0.417469 -6.31084e-05
-0.366219 -5.56265e-05
-0.314968 -4.81446e-05
-0.263717 -4.06627e-05
-0.212466 -3.31809e-05
-0.161215 -2.5699e-05
-0.109964 -1.82171e-05
-0.0587137 -1.07353e-05
-0.0036121 -2.69123e-06
0 0.000119604
0 0.000242367
0 0.000365129
0 0.000487892
0 0.000610655
0 0.000733417
0 0.00085618
0 0.000978943
0 0.00110171
0 0.00122447
0 0.00134723
0 0.00146999
0 0.00134722
0 0.00122445
0 0.00110168
0 0.000978911
0 0.00085614
0 0.00073337
0 0.000610599
0 0.000487829
0 0.000365058
0 0.000242288
0 0.000119517
-0.00435055 -2.69123e-06
-0.058791 -1.06482e-05
-0.110035 -1.8138e-05
-0.161279 -2.56278e-05
-0.212522 -3.31176e-05
-0.263766 -4.06074e-05
-0.31501 -4.80972e-05
-0.366254 -5.55869e-05
-0.417498 -6.30767e-05
-0.468741 -7.05665e-05
-0.519985 -7.80563e-05
-0.571229 -8.55461e-05
-0.622473 -9.30358e-05
-0.571222 -8.5554e-05
-0.519971 -7.80721e-05
-0.46872 -7.05902e-05
-0.417469 -6.31084e-05
-0.366219 -5.56265e-05
-0.314968 -4.81446e-05
-0.263717 -4.06627e-05
-0.212466 -3.31809e-05
-0.161215 -2.5699e-05
-0.109964 -1.82171e-05
-0.0587137 -1.07353e-05
-0.0036121 -2.69123e-06
0 0.000119604
0 0.000242367
0 0.000365129
0 0.000487892
0 0.000610655
0 0.000733417
0 0.00085618
0 0.000978943
0 0.00110171
0 0.00122447
0 0.00134723
0 0.00146999
0 0.00134722
0 0.00122445
0 0.00110168
0 0.000978911
0 0.00085614
0 0.00073337
0 0.000610599
0 0.000487829
0 0.000365058
0 0.000242288
0 0.000119517
-0.00435055 -2.69123e-06
-0.058791 -1.06482e-05
-0.110035 -1.8138e-05
-0.161279 -2.56278e-05
-0.212522 -3.31176e-05
-0.263766 -4.06074e-05
-0.31501 -4.80972e-05
-0.366254 -5.55869e-05
-0.417498 -6.30767e-05
-0.468741 -7.05665e-05
-0.519985 -7.80563e-05
-0.571229 -8.55461e-05
-0.622473 -9.30358e-05
-0.673425 -0.000100853
-0.724353 -0.000108699
-0.775255 -0.000116573
-0.826131 -0.000124477
-0.87698 -0.000132409
-0.927804 -0.000140372
-0.978601 -0.000148364
-1.02937 -0.000156387
-0.97812 -0.000148905
-0.926869 -0.000141424
-0.875618 -0.000133942
-0.824367 -0.00012646
-0.773116 -0.000118978
-0.721866 -0.000111496
-0.670615 -0.000104014
-0.619364 -9.65324e-05
-0.568113 -8.90505e-05
-0.516862 -8.15686e-05
-0.465612 -7.40867e-05
-0.414361 -6.66049e-05
-0.36311 -5.9123e-05
-0.311859 -5.16411e-05
-0.260608 -4.41592e-05
-0.209357 -3.66774e-05
-0.158107 -2.91955e-05
-0.106856 -2.17136e-05
-0.055605 -1.42318e-05
0 -4.54707e-06
0 0.000119588
0 0.000242368
0 0.000365129
0 0.000487892
0 0.000610655
0 0.000733417
0 0.00085618
0 0.000978943
0 0.00110171
0 0.00122447
0 0.00134723
0 0.00146999
0 0.00159243
0 0.00171483
0 0.00183721
0 0.00195956
0 0.00208188
0 0.00220417
0 0.00232643
0 0.00244866
0 0.00232589
0 0.00220312
0 0.00208035
0 0.00195758
0 0.00183481
0 0.00171204
0 0.00158927
0 0.0014665
0 0.00134373
0 0.00122096
0 0.00109818
0 0.000975414
0 0.000852644
0 0.000729873
0 0.000607103
0 0.000484332
0 0.000361562
0 0.000238791
0 0.000116021
-0.00408736 -6.22175e-06
-0.0578744 -1.40995e-05
-0.10647 -2.1217e-05
-0.158256 -2.88016e-05
-0.209656 -3.63298e-05
-0.260897 -4.38347e-05
-0.312128 -5.13382e-05
-0.36336 -5.88417e-05
-0.414592 -6.63452e-05
-0.465823 -7.38487e-05
-0.517055 -8.13522e-05
-0.568286 -8.88558e-05
-0.619518 -9.63593e-05
-0.670749 -0.000103863
-0.721981 -0.000111366
-0.773213 -0.00011887
-0.824444 -0.000126373
-0.875676 -0.000133877
-0.926907 -0.00014138
-0.978139 -0.000148884
-1.02937 -0.000156387
-0.97812 -0.000148905
-0.926869 -0.000141424
-0.875618 -0.000133942
-0.824367 -0.00012646
-0.773116 -0.000118978
-0.721866 -0.000111496
-0.670615 -0.000104014
-0.619364 -9.65324e-05
-0.568113 -8.90505e-05
-0.516862 -8.15686e-05
-0.465612 -7.40867e-05
-0.414361 -6.66049e-05
-0.36311 -5.9123e-05
-0.311859 -5.16411e-05
-0.260608 -4.41592e-05
-0.209357 -3.66774e-05
-0.158107 -2.91955e-05
-0.106856 -2.17136e-05
-0.055605 -1.42318e-05
-0.00204368 -6.22175e-06
0 0.000115944
0 0.000238636
0 0.000361068
0 0.000484664
0 0.000607428
0 0.000730176
0 0.000852925
0 0.000975674
0 0.00109842
0 0.00122117
0 0.00134392
0 0.00146667
0 0.00158942
0 0.00171217
0 0.00183492
0 0.00195767
0 0.00208041
0 0.00220316
0 0.00232591
0 0.00244866
0 0.00232589
0 0.00220312
0 0.00208035
0 0.00195758
0 0.00183481
0 0.00171204
0 0.00158927
0 0.0014665
0 0.00134373
0 0.00122096
0 0.00109818
0 0.000975414
0 0.000852644
0 0.000729873
0 0.000607103
0 0.000484332
0 0.000361562
0 0.000238791
0 0.000116021
-0.00408736 -6.22175e-06
-0.0578744 -1.40995e-05
-0.10647 -2.1217e-05
-0.158256 -2.88016e-05
-0.209656 -3.63298e-05
-0.260897 -4.38347e-05
-0.312128 -5.13382e-05
-0.36336 -5.88417e-05
-0.414592 -6.63452e-05
-0.465823 -7.38487e-05
-0.517055 -8.13522e-05
-0.568286 -8.88558e-05
-0.619518 -9.63593e-05
-0.670749 -0.000103863
-0.721981 -0.000111366
-0.773213 -0.00011887
-0.824444 -0.000126373
-0.875676 -0.000133877
-0.926907 -0.00014138
-0.978139 -0.000148884
-1.02937 -0.000156387
-0.97812 -0.000148905
-0.926869 -0.000141424
-0.875618 -0.000133942
-0.824367 -0.00012646
-0.773116 -0.000118978
-0.721866 -0.000111496
-0.670615 -0.000104014
-0.619364 -9.65324e-05
-0.568113 -8.90505e-05
-0.516862 -8.15686e-05
-0.465612 -7.40867e-05
-0.414361 -6.66049e-05
-0.36311 -5.9123e-05
-0.311859 -5.16411e-05
-0.260608 -4.41592e-05
-0.209357 -3.66774e-05
-0.158107 -2.91955e-05
-0.106856 -2.17136e-05
-0.055605 -1.42318e-05
-0.00204368 -6.22175e-06
0 0.000115944
0 0.000238636
0 0.000361068
0 0.000484664
0 0.000607428
0 0.000730176
0 0.000852925
0 0.000975674
0 0.00109842
0 0.00122117
0 0.00134392
0 0.00146667
0 0.00158942
0 0.00171217
0 0.00183492
0 0.00195767
0 0.00208041
0 0.00220316
0 0.00232591
0 0.00244866
0 0.00232589
0 0.00220312
0 0.00208035
0 0.00195758
0 0.00183481
0 0.00171204
0 0.00158927
0 0.0014665
0 0.00134373
0 0.00122096
0 0.00109818
0 0.000975414
0 0.000852644
0 0.000729873
0 0.000607103
0 0.000484332
0 0.000361562
0 0.000238791
0 0.000116021
-0.00408736 -6.22175e-06
-0.0578744 -1.40995e-05
-0.10647 -2.1217e-05
-0.158256 -2.88016e-05
-0.209656 -3.63298e-05
-0.260897 -4.38347e-05
-0.312128 -5.13382e-05
-0.36336 -5.88417e-05
-0.414592 -6.63452e-05
-0.465823 -7.38487e-05
-0.517055 -8.13522e-05
-0.568286 -8.88558e-05
-0.619518 -9.63593e-05
-0.670749 -0.000103863
-0.721981 -0.000111366
-0.773213 -0.00011887
-0.824444 -0.000126373
-0.875676 -0.000133877
-0.926907 -0.00014138
-0.978139 -0.000148884
-1.02937 -0.000156387
-1.08011 -0.000164441
-1.13083 -0.000172526
-1.18151 -0.000180642
-1.23217 -0.00018879
-1.2828 -0.00019697
-1.3334 -0.000205183
-1.38398 -0.000213428
-1.43452 -0.000221707
-1.48503 -0.00023002
-1.53551 -0.000238367
-1.48426 -0.000230885
-1.43301 -0.000223403
-1.38176 -0.000215921
-1.33051 -0.00020844
-1.27926 -0.000200958
-1.22801 -0.000193476
-1.17676 -0.000185994
-1.12551 -0.000178512
-1.07425 -0.00017103
-1.023 -0.000163548
-0.971753 -0.000156066
-0.920502 -0.000148585
-0.869251 -0.000141103
-0.818001 -0.000133621
-0.76675 -0.000126139
-0.715499 -0.000118657
-0.664248 -0.000111175
-0.612997 -0.000103693
-0.561746 -9.62115e-05
-0.510496 -8.87296e-05
-0.459245 -8.12477e-05
-0.407994 -7.37659e-05
-0.356743 -6.6284e-05
-0.305492 -5.88021e-05
-0.254241 -5.13203e-05
-0.202991 -4.38384e-05
-0.15174 -3.63565e-05
-0.100489 -2.88746e-05
-0.0492382 -2.13928e-05
0 -6.31717e-06
0 0.000116432
0 0.000239181
0 0.00036193
0 0.000484678
0 0.000607427
0 0.000730176
0 0.000852925
0 0.000975674
0 0.00109842
0 0.00122117
0 0.00134392
0 0.00146667
0 0.00158942
0 0.00171217
0 0.00183492
0 0.00195767
0 0.00208041
0 0.00220316
0 0.00232591
0 0.00244866
0 0.00257086
0 0.00269303
0 0.00281516
0 0.00293727
0 0.00305934
0 0.00318138
0 0.00330339
0 0.00342536
0 0.0035473
0 0.00366921
0 0.00354643
0 0.00342366
0 0.00330089
0 0.00317812
0 0.00305535
0 0.00293258
0 0.00280981
0 0.00268704
0 0.00256427
0 0.0024415
0 0.00231873
0 0.00219596
0 0.00207319
0 0.00195042
0 0.00182765
0 0.00170488
0 0.00158211
0 0.00145934
0 0.00133656
0 0.00121379
0 0.00109102
0 0.000968253
0 0.000845483
0 0.000722712
0 0.000599942
0 0.000477171
0 0.000354401
0 0.00023163
0 0.00010886
0 -1.24935e-05
-0.050463 -1.9988e-05
-0.101692 -2.75213e-05
-0.1529 -3.50515e-05
-0.204108 -4.25817e-05
-0.255316 -5.01119e-05
-0.306524 -5.76421e-05
-0.357731 -6.51723e-05
-0.408939 -7.27025e-05
-0.460147 -8.02328e-05
-0.511355 -8.7763e-05
-0.562563 -9.52932e-05
-0.613771 -0.000102823
-0.664979 -0.000110354
-0.716186 -0.000117884
-0.767394 -0.000125414
-0.818602 -0.000132944
-0.86981 -0.000140474
-0.921018 -0.000148005
-0.972226 -0.000155535
-1.02343 -0.000163065
-1.07464 -0.000170595
-1.12585 -0.000178125
-1.17706 -0.000185656
-1.22826 -0.000193186
-1.27947 -0.000200716
-1.33068 -0.000208246
-1.38189 -0.000215776
-1.4331 -0.000223307
-1.4843 -0.000230837
-1.53551 -0.000238367
-1.48426 -0.000230885
-1.43301 -0.000223403
-1.38176 -0.000215921
-1.33051 -0.00020844
-1.27926 -0.000200958
-1.22801 -0.000193476
-1.17676 -0.000185994
-1.12551 -0.000178512
-1.07425 -0.00017103
-1.023 -0.000163548
-0.971753 -0.000156066
-0.920502 -0.000148585
-0.869251 -0.000141103
-0.818001 -0.000133621
-0.76675 -0.000126139
-0.715499 -0.000118657
-0.664248 -0.000111175
-0.612997 -0.000103693
-0.561746 -9.62115e-05
-0.510496 -8.87296e-05
-0.459245 -8.12477e-05
-0.407994 -7.37659e-05
-0.356743 -6.6284e-05
-0.305492 -5.88021e-05
-0.254241 -5.13203e-05
-0.202991 -4.38384e-05
-0.15174 -3.63565e-05
-0.100489 -2.88746e-05
-0.0492382 -2.13928e-05
0 -1.24935e-05
0 0.000110265
0 0.000232984
0 0.000355706
0 0.000478428
0 0.00060115
0 0.000723872
0 0.000846595
0 0.000969317
0 0.00109204
0 0.00121476
0 0.00133748
0 0.00146021
0 0.00158293
0 0.00170565
0 0.00182837
0 0.00195109
0 0.00207382
0 0.00219654
0 0.00231926
0 0.00244198
0 0.00256471
0 0.00268743
0 0.00281015
0 0.00293287
0 0.00305559
0 0.00317832
0 0.00330104
0 0.00342376
0 0.00354648
0 0.00366921
0 0.00354643
0 0.00342366
0 0.00330089
0 0.00317812
0 0.00305535
0 0.00293258
0 0.00280981
0 0.00268704
0 0.00256427
0 0.0024415
0 0.00231873
0 0.00219596
0 0.00207319
0 0.00195042
0 0.00182765
0 0.00170488
0 0.00158211
0 0.00145934
0 0.00133656
0 0.00121379
0 0.00109102
0 0.000968253
0 0.000845483
0 0.000722712
0 0.000599942
0 0.000477171
0 0.000354401
0 0.00023163
0 0.00010886
0 -1.24935e-05
-0.050463 -1.9988e-05
-0.101692 -2.75213e-05
-0.1529 -3.50515e-05
-0.204108 -4.25817e-05
-0.255316 -5.01119e-05
-0.306524 -5.76421e-05
-0.357731 -6.51723e-05
-0.408939 -7.27025e-05
-0.460147 -8.02328e-05
-0.511355 -8.7763e-05
-0.562563 -9.52932e-05
-0.613771 -0.000102823
-0.664979 -0.000110354
-0.716186 -0.000117884
-0.767394 -0.000125414
-0.818602 -0.000132944
-0.86981 -0.000140474
-0.921018 -0.000148005
-0.972226 -0.000155535
-1.02343 -0.000163065
-1.07464 -0.000170595
-1.12585 -0.000178125
-1.17706 -0.000185656
-1.22826 -0.000193186
-1.27947 -0.000200716
-1.33068 -0.000208246
-1.38189 -0.000215776
-1.4331 -0.000223307
-1.4843 -0.000230837
-1.53551 -0.000238367
-1.48426 -0.000230885
-1.43301 -0.000223403
-1.38176 -0.000215921
-1.33051 -0.00020844
-1.27926 -0.000200958
-1.22801 -0.000193476
-1.17676 -0.000185994
-1.12551 -0.000178512
-1.07425 -0.00017103
-1.023 -0.000163548
-0.971753 -0.000156066
-0.920502 -0.000148585
-0.869251 -0.000141103
-0.818001 -0.000133621
-0.76675 -0.000126139
-0.715499 -0.000118657
-0.664248 -0.000111175
-0.612997 -0.000103693
-0.561746 -9.62115e-05
-0.510496 -8.87296e-05
-0.459245 -8.12477e-05
-0.407994 -7.37659e-05
-0.356743 -6.6284e-05
-0.305492 -5.88021e-05
-0.254241 -5.13203e-05
-0.202991 -4.38384e-05
-0.15174 -3.63565e-05
-0.100489 -2.88746e-05
-0.0492382 -2.13928e-05
0 -1.24935e-05
0 0.000110265
0 0.000232984
0 0.000355706
0 0.000478428
0 0.00060115
0 0.000723872
0 0.000846595
0 0.000969317
0 0.00109204
0 0.00121476
0 0.00133748
0 0.00146021
0 0.00158293
0 0.00170565
0 0.00182837
0 0.00195109
0 0.00207382
0 0.00219654
0 0.00231926
0 0.00244198
0 0.00256471
0 0.00268743
0 0.00281015
0 0.00293287
0 0.00305559
0 0.00317832
0 0.00330104
0 0.00342376
0 0.00354648
0 0.00366921
0 0.00354643
0 0.00342366
0 0.00330089
0 0.00317812
0 0.00305535
0 0.00293258
0 0.00280981
0 0.00268704
0 0.00256427
0 0.0024415
0 0.00231873
0 0.00219596
0 0.00207319
0 0.00195042
0 0.00182765
0 0.00170488
0 0.00158211
0 0.00145934
0 0.00133656
0 0.00121379
0 0.00109102
0 0.000968253
0 0.000845483
0 0.000722712
0 0.000599942
0 0.000477171
0 0.000354401
0 0.00023163
0 0.00010886
0 -1.24935e-05
-0.050463 -1.9988e-05
-0.101692 -2.75213e-05
-0.1529 -3.50515e-05
-0.204108 -4.25817e-05
-0.255316 -5.01119e-05
-0.306524 -5.76421e-05
-0.357731 -6.51723e-05
-0.408939 -7.27025e-05
-0.460147 -8.02328e-05
-0.511355 -8.7763e-05
-0.562563 -9.52932e-05
-0.613771 -0.000102823
-0.664979 -0.000110354
-0.716186 -0.000117884
-0.767394 -0.000125414
-0.818602 -0.000132944
-0.86981 -0.000140474
-0.921018 -0.000148005
-0.972226 -0.000155535
-1.02343 -0.000163065
-1.07464 -0.000170595
-1.12585 -0.000178125
-1.17706 -0.000185656
-1.22826 -0.000193186
-1.27947 -0.000200716
-1.33068 -0.000208246
-1.38189 -0.000215776
-1.4331 -0.000223307
-1.4843 -0.000230837
-1.53551 -0.000238367
-1.58596 -0.000246748
-1.60969 -0.000250704
-1.61096 -0.000250917
-1.6122 -0.000251124
-1.61344 -0.000251331
-1.61468 -0.000251538
-1.61592 -0.000251745
-1.61716 -0.000251952
-1.6184 -0.000252159
-1.61964 -0.000252366
-1.56839 -0.000244884
-1.51714 -0.000237402
-1.46589 -0.00022992
-1.41464 -0.000222438
-1.36339 -0.000214957
-1.31214 -0.000207475
-1.26088 -0.000199993
-1.20963 -0.000192511
-1.15838 -0.000185029
-1.10713 -0.000177547
-1.05588 -0.000170065
-1.00463 -0.000162584
-0.95338 -0.000155102
-0.902129 -0.00014762
-0.850878 -0.000140138
-0.799627 -0.000132656
-0.748376 -0.000125174
-0.697125 -0.000117692
-0.645875 -0.00011021
-0.594624 -0.000102729
-0.543373 -9.52467e-05
-0.492122 -8.77648e-05
-0.440871 -8.02829e-05
-0.38962 -7.2801e-05
-0.33837 -6.53192e-05
-0.287119 -5.78373e-05
-0.235868 -5.03554e-05
-0.184617 -4.28736e-05
-0.133366 -3.53917e-05
-0.0821156 -2.79098e-05
-0.0308647 -2.04279e-05
0 9.98315e-06
0 7.51094e-05
0 0.000140236
0 0.000205362
0 0.000270488
0 0.000335614
0 0.00040074
0 0.000465867
0 0.000530993
0 0.000596119
0 0.000661245
0 0.000726371
0 0.000791498
0 0.000856624
0 0.00092175
0 0.000986876
0 0.001052
0 0.00115478
0 0.0012775
0 0.00140023
0 0.00152295
0 0.00164567
0 0.00176839
0 0.00189111
0 0.00201384
0 0.00213656
0 0.00225928
0 0.002382
0 0.00250473
0 0.00262745
0 0.00275017
0 0.00287289
0 0.00299561
0 0.00311834
0 0.00324106
0 0.00336378
0 0.0034865
0 0.00360923
0 0.00373195
0 0.00385514
0 0.00398521
0 0.00411527
0 0.00424534
0 0.00437541
0 0.00450548
0 0.00463555
0 0.00476562
0 0.00489569
0 0.00502575
0 0.00490298
0 0.00478021
0 0.00465744
0 0.00453467
0 0.0044119
0 0.00428913
0 0.00416636
0 0.00404359
0 0.00392082
0 0.00379805
0 0.00367528
0 0.00355251
0 0.00342974
0 0.00330697
0 0.0031842
0 0.00306143
0 0.00293866
0 0.00281588
0 0.00269311
0 0.00257034
0 0.00244757
0 0.0023248
0 0.00221401
0 0.00214888
0 0.00208375
0 0.00201863
0 0.0019535
0 0.00188838
0 0.00182325
0 0.00175812
0 0.001693
0 0.00162787
0 0.00156274
0 0.00149762
0 0.00143249
0 0.00136737
0 0.00130224
0 0.00123711
0 0.00117199
0 0.00110686
0 0.00104174
0 0.000976609
0 0.000911483
0 0.000846357
0 0.00078123
0 0.000716104
0 0.000650978
0 0.000585852
0 0.000520726
0 0.000455599
0 0.000390473
0 0.000325347
0 0.000260221
0 0.000195095
0 0.000129968
0 6.48421e-05
0 -2.84058e-07
-0.0404206 -1.99472e-05
-0.0916236 -2.74829e-05
-0.142827 -3.50186e-05
-0.19403 -4.25543e-05
-0.245232 -5.009e-05
-0.296435 -5.76257e-05
-0.347638 -6.51614e-05
-0.398841 -7.26971e-05
-0.450044 -8.02328e-05
-0.501247 -8.77685e-05
-0.55245 -9.53042e-05
-0.603653 -0.00010284
-0.654856 -0.000110376
-0.706059 -0.000117911
-0.757262 -0.000125447
-0.808465 -0.000132983
-0.859668 -0.000140518
-0.910871 -0.000148054
-0.962074 -0.00015559
-1.01328 -0.000163126
-1.06448 -0.000170661
-1.11568 -0.000178197
-1.13976 -0.000181741
-1.08851 -0.000174259
-1.03726 -0.000166777
-0.98601 -0.000159295
-0.934759 -0.000151813
-0.883508 -0.000144331
-0.832257 -0.00013685
-0.781006 -0.000129368
-0.729756 -0.000121886
-0.678505 -0.000114404
-0.627254 -0.000106922
-0.576003 -9.94402e-05
-0.524752 -9.19583e-05
-0.473501 -8.44764e-05
-0.422251 -7.69946e-05
-0.371 -6.95127e-05
-0.319749 -6.20308e-05
-0.268498 -5.4549e-05
-0.217247 -4.70671e-05
-0.165997 -3.95852e-05
-0.114746 -3.21033e-05
-0.0634949 -2.46215e-05
-0.0122441 -1.71396e-05
0 3.42151e-05
0 9.93413e-05
0 0.000164468
0 0.000229594
0 0.00029472
0 0.000359846
0 0.000424972
0 0.000490099
0 0.000555225
0 0.000620351
0 0.000685477
0 0.000750603
0 0.00081573
0 0.000880856
0 0.000945982
0 0.00101111
0 0.00107623
0 0.00114136
0 0.00120649
0 0.00127161
0 0.00133674
0 0.00140187
0 0.00146699
0 0.00153212
0 0.00159724
0 0.00166237
0 0.0017275
0 0.00179262
0 0.00185775
0 0.00192288
0 0.001988
0 0.00205313
0 0.00211825
0 0.00218338
0 0.00224851
0 0.00232986
0 0.00245258
0 0.0025753
0 0.00269802
0 0.00282074
0 0.00294347
0 0.00306619
0 0.00318891
0 0.00331163
0 0.00343435
0 0.00355708
0 0.0036798
0 0.00380252
0 0.00392524
0 0.00404797
0 0.00417069
0 0.00429341
0 0.00441613
0 0.00453885
0 0.00466158
0 0.0047843
0 0.00490702
0 0.00502998
0 0.00490721
0 0.00478444
0 0.00466167
0 0.0045389
0 0.00441613
0 0.00429336
0 0.00417059
0 0.00404782
0 0.00392505
0 0.00380228
0 0.00367951
0 0.00355674
0 0.00343397
0 0.00331119
0 0.00318842
0 0.00306565
0 0.00294288
0 0.00282011
0 0.00269734
0 0.00257457
0 0.0024518
0 0.00232903
0 0.00225057
0 0.00218545
0 0.00212032
0 0.00205519
0 0.00199007
0 0.00192494
0 0.00185981
0 0.00179469
0 0.00172956
0 0.00166444
0 0.00159931
0 0.00153418
0 0.00146906
0 0.00140393
0 0.0013388
0 0.00127368
0 0.00120855
0 0.00114343
0 0.0010783
0 0.00101317
0 0.000948047
0 0.000882921
0 0.000817795
0 0.000752669
0 0.000687542
0 0.000622416
0 0.00055729
0 0.000492164
0 0.000427038
0 0.000361911
0 0.000296785
0 0.000231659
0 0.000166533
0 0.000101406
0 3.62803e-05
-0.0116733 -1.57164e-05
-0.0628763 -2.32521e-05
-0.114079 -3.07878e-05
-0.165282 -3.83235e-05
-0.216485 -4.58592e-05
-0.267688 -5.33949e-05
-0.318891 -6.09306e-05
-0.370094 -6.84663e-05
-0.421297 -7.6002e-05
-0.4725 -8.35377e-05
-0.523703 -9.10734e-05
-0.574906 -9.86091e-05
-0.626109 -0.000106145
-0.677312 -0.00011368
-0.728515 -0.000121216
-0.779718 -0.000128752
-0.830921 -0.000136288
-0.882124 -0.000143823
-0.933327 -0.000151359
-0.98453 -0.000158895
-1.03573 -0.00016643
-1.08694 -0.000173966
-1.13804 -0.000181488
-1.08679 -0.000174006
-1.03554 -0.000166524
-0.984289 -0.000159042
-0.933038 -0.00015156
-0.881787 -0.000144078
-0.830536 -0.000136596
-0.779285 -0.000129114
-0.728035 -0.000121633
-0.676784 -0.000114151
-0.625533 -0.000106669
-0.574282 -9.91869e-05
-0.523031 -9.1705e-05
-0.471781 -8.42232e-05
-0.42053 -7.67413e-05
-0.369279 -6.92594e-05
-0.318028 -6.17776e-05
-0.266777 -5.42957e-05
-0.215526 -4.68138e-05
-0.164276 -3.93319e-05
-0.113025 -3.18501e-05
-0.0617739 -2.43682e-05
-0.0105231 -1.68863e-05
0 3.6404e-05
0 0.00010153
0 0.000166656
0 0.000231783
0 0.000296909
0 0.000362035
0 0.000427161
0 0.000492287
0 0.000557414
0 0.00062254
0 0.000687666
0 0.000752792
0 0.000817918
0 0.000883045
0 0.000948171
0 0.0010133
0 0.00107842
0 0.00114355
0 0.00120868
0 0.0012738
0 0.00133893
0 0.00140405
0 0.00146918
0 0.00153431
0 0.00159943
0 0.00166456
0 0.00172969
0 0.00179481
0 0.00185994
0 0.00192506
0 0.00199019
0 0.00205532
0 0.00212044
0 0.00218557
0 0.00225069
0 0.00233011
0 0.00245283
0 0.00257555
0 0.00269827
0 0.002821
0 0.00294372
0 0.00306644
0 0.00318916
0 0.00331189
0 0.00343461
0 0.00355733
0 0.00368005
0 0.00380277
0 0.0039255
0 0.00404822
0 0.00417094
0 0.00429366
0 0.00441639
0 0.00453911
0 0.00466183
0 0.00478455
0 0.00490727
0 0.00503
0 0.00490723
0 0.00478446
0 0.00466169
0 0.00453892
0 0.00441614
0 0.00429337
0 0.0041706
0 0.00404783
0 0.00392506
0 0.00380229
0 0.00367952
0 0.00355675
0 0.00343398
0 0.00331121
0 0.00318844
0 0.00306567
0 0.0029429
0 0.00282013
0 0.00269736
0 0.00257459
0 0.00245182
0 0.00232905
0 0.0022507
0 0.00218558
0 0.00212045
0 0.00205532
0 0.0019902
0 0.00192507
0 0.00185995
0 0.00179482
0 0.00172969
0 0.00166457
0 0.00159944
0 0.00153431
0 0.00146919
0 0.00140406
0 0.00133894
0 0.00127381
0 0.00120868
0 0.00114356
0 0.00107843
0 0.0010133
0 0.000948178
0 0.000883052
0 0.000817926
0 0.0007528
0 0.000687673
0 0.000622547
0 0.000557421
0 0.000492295
0 0.000427169
0 0.000362042
0 0.000296916
0 0.00023179
0 0.000166664
0 0.000101538
0 3.64114e-05
-0.0115702 -1.57012e-05
-0.0627732 -2.32369e-05
-0.113976 -3.07726e-05
-0.165179 -3.83083e-05
-0.216382 -4.5844e-05
-0.267585 -5.33797e-05
-0.318788 -6.09154e-05
-0.369991 -6.84511e-05
-0.421194 -7.59868e-05
-0.472397 -8.35225e-05
-0.5236 -9.10582e-05
-0.574803 -9.85939e-05
-0.626006 -0.00010613
-0.677209 -0.000113665
-0.728412 -0.000121201
-0.779615 -0.000128737
-0.830818 -0.000136272
-0.882021 -0.000143808
-0.933224 -0.000151344
-0.984426 -0.00015888
-1.03563 -0.000166415
-1.08683 -0.000173951
-1.13803 -0.000181487
-1.13929 -0.000181671
-1.14054 -0.000181855
-1.14179 -0.000182039
-1.14304 -0.000182223
-1.14429 -0.000182407
-1.14554 -0.000182591
-1.14679 -0.000182774
-1.14804 -0.000182958
-1.14929 -0.000183142
-1.15054 -0.000183326
-1.15179 -0.00018351
-1.15304 -0.000183694
-1.15429 -0.000183878
-1.15554 -0.000184062
-1.15679 -0.000184246
-1.15804 -0.00018443
-1.15929 -0.000184614
-1.16054 -0.000184798
-1.16179 -0.000184982
-1.16304 -0.000185166
-1.11179 -0.000177684
-1.06054 -0.000170203
-1.00929 -0.000162721
-0.958034 -0.000155239
-0.906783 -0.000147757
-0.855533 -0.000140275
-0.804282 -0.000132793
-0.753031 -0.000125311
-0.70178 -0.000117829
-0.650529 -0.000110348
-0.599279 -0.000102866
-0.548028 -9.53838e-05
-0.496777 -8.7902e-05
-0.445526 -8.04201e-05
-0.394275 -7.29382e-05
-0.343024 -6.54564e-05
-0.291774 -5.79745e-05
-0.240523 -5.04926e-05
-0.189272 -4.30107e-05
-0.138021 -3.55289e-05
-0.0867704 -2.8047e-05
-0.0355195 -2.05651e-05
0 4.61049e-06
0 6.97367e-05
0 0.000134863
0 0.000199989
0 0.000265115
0 0.000330242
0 0.000395368
0 0.000460494
0 0.00052562
0 0.000590746
0 0.000655873
0 0.000720999
0 0.000786125
0 0.000851251
0 0.000916377
0 0.000981504
0 0.00104663
0 0.00111176
0 0.00117688
0 0.00124201
0 0.00130713
0 0.00137226
0 0.00143739
0 0.00150251
0 0.00156764
0 0.00163277
0 0.00169789
0 0.00176302
0 0.00182814
0 0.00189327
0 0.0019584
0 0.00202352
0 0.00208865
0 0.00215378
0 0.0022189
0 0.00228403
0 0.00234915
0 0.00241428
0 0.00247941
0 0.00254453
0 0.00260966
0 0.00267478
0 0.00273991
0 0.00280504
0 0.00287016
0 0.00293529
0 0.00300042
0 0.00306554
0 0.00313067
0 0.00319579
0 0.00326092
0 0.00332605
0 0.00339117
0 0.0034563
0 0.00352143
0 0.00358655
0 0.00363702
0 0.00366455
0 0.00369208
0 0.00371961
0 0.00374714
0 0.00377467
0 0.0038022
0 0.00382973
0 0.00385726
0 0.00388479
0 0.00391232
0 0.00393985
0 0.00402083
0 0.00414322
0 0.00426561
0 0.004388
0 0.00451038
0 0.00463277
0 0.00475516
0 0.00487755
0 0.00499994
0 0.00512812
0 0.00525818
0 0.00538824
0 0.0055183
0 0.00564836
0 0.00577842
0 0.00590848
0 0.00603854
0 0.0061686
0 0.00629866
0 0.00642872
0 0.00655878
0 0.00668884
0 0.0068189
0 0.00694896
0 0.00707902
0 0.00720908
0 0.00733914
0 0.0074692
0 0.00759926
0 0.00772932
0 0.00760655
0 0.00748378
0 0.00736101
0 0.00723824
0 0.00711546
0 0.00699269
0 0.00686992
0 0.00674715
0 0.00662438
0 0.00651771
0 0.00645259
0 0.00638746
0 0.00632234
0 0.00625721
0 0.00619208
0 0.00612696
0 0.00606183
0 0.00599671
0 0.00593158
0 0.00586645
0 0.00580133
0 0.0057362
0 0.00567107
0 0.00560595
0 0.00554082
0 0.0054757
0 0.00541057
0 0.00534544
0 0.00528032
0 0.00521519
0 0.00515006
0 0.00508494
0 0.00501981
0 0.00495469
0 0.00488956
0 0.00482443
0 0.00475931
0 0.00469418
0 0.00462905
0 0.00456393
0 0.0044988
0 0.00443368
0 0.00436855
0 0.00430342
0 0.0042383
0 0.00417317
0 0.00410805
0 0.00404292
0 0.00397779
0 0.00391267
0 0.00384754
0 0.00378241
0 0.00371729
0 0.00365216
0 0.00358704
0 0.00352191
0 0.00345678
0 0.00339166
0 0.00332653
0 0.0032614
0 0.00319628
0 0.00313115
0 0.00306603
0 0.0030009
0 0.00293577
0 0.00287065
0 0.00280552
0 0.0027404
0 0.00267527
0 0.00261014
0 0.00254502
0 0.00247989
0 0.00241476
0 0.00234964
0 0.00228451
0 0.00221939
0 0.00215426
0 0.00208913
0 0.00202401
0 0.00195888
0 0.00189375
0 0.00182863
0 0.0017635
0 0.00169838
0 0.00163325
0 0.00156812
0 0.001503
0 0.00143787
0 0.00137274
0 0.00130463
0 0.00120165
0 0.00109867
0 0.000995695
0 0.000892717
0 0.00078974
0 0.000686763
0 0.000583785
0 0.000480808
0 0.000377831
0 0.000274853
0 0.000171876
0 6.88988e-05
-0.0104279 -1.55331e-05
-0.0639053 -2.34035e-05
-0.117383 -3.12739e-05
-0.17086 -3.91444e-05
-0.216879 -4.59172e-05
-0.239343 -4.92232e-05
-0.261806 -5.25292e-05
-0.284269 -5.58352e-05
-0.306733 -5.91412e-05
-0.329196 -6.24472e-05
-0.35166 -6.57532e-05
-0.374123 -6.90592e-05
-0.396587 -7.23653e-05
-0.41905 -7.56713e-05
-0.441513 -7.89773e-05
-0.463977 -8.22833e-05
-0.48644 -8.55893e-05
-0.492861 -8.65343e-05
-0.44161 -7.90524e-05
-0.390359 -7.15705e-05
-0.339109 -6.40887e-05
-0.287858 -5.66068e-05
-0.236607 -4.91249e-05
-0.185356 -4.1643e-05
-0.134105 -3.41612e-05
-0.0828545 -2.66793e-05
-0.0316036 -1.91974e-05
0 1.03826e-05
0 7.55088e-05
0 0.000140635
0 0.000205761
0 0.000270887
0 0.000336014
0 0.00040114
0 0.000466266
0 0.000531392
0 0.000596518
0 0.000661645
0 0.000726771
0 0.000791897
0 0.000857023
0 0.000922149
0 0.000987276
0 0.0010524
0 0.00111753
0 0.00118265
0 0.00124778
0 0.00131291
0 0.00137803
0 0.00144316
0 0.00150829
0 0.00157341
0 0.00163854
0 0.00170366
0 0.00176879
0 0.00183392
0 0.00189904
0 0.00196417
0 0.00202929
0 0.00209442
0 0.00215955
0 0.00222467
0 0.0022898
0 0.00235493
0 0.00242005
0 0.00248518
0 0.0025503
0 0.00261543
0 0.00268056
0 0.00274568
0 0.00281081
0 0.00287594
0 0.00294106
0 0.00300619
0 0.00307131
0 0.00313644
0 0.00320157
0 0.00326669
0 0.00333182
0 0.00339695
0 0.00346207
0 0.0035272
0 0.00359232
0 0.00365745
0 0.00372258
0 0.0037877
0 0.00385283
0 0.00391795
0 0.00398308
0 0.00404821
0 0.00411333
0 0.00417846
0 0.00424359
0 0.00430871
0 0.00437384
0 0.00443896
0 0.00450409
0 0.00456922
0 0.00463434
0 0.00469947
0 0.0047646
0 0.00482972
0 0.00489485
0 0.00495997
0 0.0050251
0 0.00509023
0 0.00515535
0 0.00522048
0 0.00524829
0 0.00527557
0 0.00530285
0 0.00533012
0 0.0053574
0 0.00538468
0 0.00541195
0 0.00543923
0 0.00546651
0 0.00549379
0 0.00552106
0 0.00554834
0 0.00558732
0 0.00570971
0 0.00583209
0 0.00595448
0 0.00607908
0 0.00620608
0 0.00633308
0 0.00646007
0 0.00658707
0 0.00671407
0 0.00684107
0 0.00696806
0 0.00709506
0 0.00722206
0 0.00734906
0 0.00747606
0 0.00760305
0 0.00773007
0 0.0076073
0 0.00748453
0 0.00736176
0 0.00723899
0 0.00711622
0 0.00699345
0 0.00687067
0 0.0067479
0 0.00662513
0 0.00652421
0 0.00645908
0 0.00639396
0 0.00632883
0 0.0062637
0 0.00619858
0 0.00613345
0 0.00606833
0 0.0060032
0 0.00593807
0 0.00587295
0 0.00580782
0 0.0057427
0 0.00567757
0 0.00561244
0 0.00554732
0 0.00548219
0 0.00541706
0 0.00535194
0 0.00528681
0 0.00522169
0 0.00515656
0 0.00509143
0 0.00502631
0 0.00496118
0 0.00489605
0 0.00483093
0 0.0047658
0 0.00470068
0 0.00463555
0 0.00457042
0 0.0045053
0 0.00444017
0 0.00437504
0 0.00430992
0 0.00424479
0 0.00417967
0 0.00411454
0 0.00404941
0 0.00398429
0 0.00391916
0 0.00385404
0 0.00378891
0 0.00372378
0 0.00365866
0 0.00359353
0 0.0035284
0 0.00346328
0 0.00339815
0 0.00333303
0 0.0032679
0 0.00320277
0 0.00313765
0 0.00307252
0 0.00300739
0 0.00294227
0 0.00287714
0 0.00281202
0 0.00274689
0 0.00268176
0 0.00261664
0 0.00255151
0 0.00248639
0 0.00242126
0 0.00235613
0 0.00229101
0 0.00222588
0 0.00216075
0 0.00209563
0 0.0020305
0 0.00196538
0 0.00190025
0 0.00183512
0 0.00177
0 0.00170487
0 0.00163974
0 0.00157462
0 0.00150949
0 0.00144437
0 0.00137924
0 0.00131411
0 0.00121143
0 0.00110845
0 0.00100547
0 0.000902495
0 0.000799516
0 0.000696536
0 0.000593557
0 0.000490578
0 0.000387599
0 0.000284619
0 0.00018164
0 7.86609e-05
-0.00535918 -1.47871e-05
-0.0588367 -2.26575e-05
-0.112314 -3.0528e-05
-0.165792 -3.83984e-05
-0.205018 -4.41716e-05
-0.227157 -4.74298e-05
-0.249296 -5.06881e-05
-0.271435 -5.39463e-05
-0.293574 -5.72046e-05
-0.315713 -6.04628e-05
-0.337852 -6.3721e-05
-0.35999 -6.69793e-05
-0.382129 -7.02375e-05
-0.404268 -7.34958e-05
-0.426407 -7.6754e-05
-0.448546 -8.00123e-05
-0.470685 -8.32705e-05
-0.492823 -8.65286e-05
-0.441572 -7.90468e-05
-0.390321 -7.15649e-05
-0.33907 -6.4083e-05
-0.287819 -5.66011e-05
-0.236569 -4.91193e-05
-0.185318 -4.16374e-05
-0.134067 -3.41555e-05
-0.082816 -2.66737e-05
-0.0315652 -1.91918e-05
0 1.04315e-05
0 7.55577e-05
0 0.000140684
0 0.00020581
0 0.000270936
0 0.000336062
0 0.000401189
0 0.000466315
0 0.000531441
0 0.000596567
0 0.000661693
0 0.00072682
0 0.000791946
0 0.000857072
0 0.000922198
0 0.000987325
0 0.00105245
0 0.00111758
0 0.0011827
0 0.00124783
0 0.00131296
0 0.00137808
0 0.00144321
0 0.00150833
0 0.00157346
0 0.00163859
0 0.00170371
0 0.00176884
0 0.00183397
0 0.00189909
0 0.00196422
0 0.00202934
0 0.00209447
0 0.0021596
0 0.00222472
0 0.00228985
0 0.00235497
0 0.0024201
0 0.00248523
0 0.00255035
0 0.00261548
0 0.00268061
0 0.00274573
0 0.00281086
0 0.00287598
0 0.00294111
0 0.00300624
0 0.00307136
0 0.00313649
0 0.00320162
0 0.00326674
0 0.00333187
0 0.00339699
0 0.00346212
0 0.00352725
0 0.00359237
0 0.0036575
0 0.00372263
0 0.00378775
0 0.00385288
0 0.003918
0 0.00398313
0 0.00404826
0 0.00411338
0 0.00417851
0 0.00424363
0 0.00430876
0 0.00437389
0 0.00443901
0 0.00450414
0 0.00456927
0 0.00463439
0 0.00469952
0 0.00476464
0 0.00482977
0 0.0048949
0 0.00496002
0 0.00502515
0 0.00509028
0 0.0051554
0 0.00522053
0 0.00524837
0 0.00527564
0 0.00530292
0 0.0053302
0 0.00535747
0 0.00538475
0 0.00541203
0 0.00543931
0 0.00546658
0 0.00549386
0 0.00552114
0 0.00554841
0 0.00558732
0 0.00570971
0 0.0058321
0 0.00595449
0 0.00607909
0 0.00620609
0 0.00633309
0 0.00646009
0 0.00658709
0 0.00671408
0 0.00684108
0 0.00696808
0 0.00709508
0 0.00722208
0 0.00734907
0 0.00747607
0 0.00760307
0 0.00773007
0 0.0076073
0 0.00748453
0 0.00736176
0 0.00723899
0 0.00711622
0 0.00699345
0 0.00687067
0 0.0067479
0 0.00662513
0 0.00652421
0 0.00645908
0 0.00639396
0 0.00632883
0 0.00626371
0 0.00619858
0 0.00613345
0 0.00606833
0 0.0060032
0 0.00593807
0 0.00587295
0 0.00580782
0 0.0057427
0 0.00567757
0 0.00561244
0 0.00554732
0 0.00548219
0 0.00541706
0 0.00535194
0 0.00528681
0 0.00522169
0 0.00515656
0 0.00509143
0 0.00502631
0 0.00496118
0 0.00489605
0 0.00483093
0 0.0047658
0 0.00470068
0 0.00463555
0 0.00457042
0 0.0045053
0 0.00444017
0 0.00437505
0 0.00430992
0 0.00424479
0 0.00417967
0 0.00411454
0 0.00404941
0 0.00398429
0 0.00391916
0 0.00385404
0 0.00378891
0 0.00372378
0 0.00365866
0 0.00359353
0 0.0035284
0 0.00346328
0 0.00339815
0 0.00333303
0 0.0032679
0 0.00320277
0 0.00313765
0 0.00307252
0 0.0030074
0 0.00294227
0 0.00287714
0 0.00281202
0 0.00274689
0 0.00268176
0 0.00261664
0 0.00255151
0 0.00248639
0 0.00242126
0 0.00235613
0 0.00229101
0 0.00222588
0 0.00216075
0 0.00209563
0 0.0020305
0 0.00196538
0 0.00190025
0 0.00183512
0 0.00177
0 0.00170487
0 0.00163974
0 0.00157462
0 0.00150949
0 0.00144437
0 0.00137924
0 0.00131411
0 0.00121143
0 0.00110845
0 0.00100547
0 0.000902495
0 0.000799516
0 0.000696537
0 0.000593558
0 0.000490578
0 0.000387599
0 0.00028462
0 0.000181641
0 7.86615e-05
-0.00535889 -1.4787e-05
-0.0588364 -2.26575e-05
-0.112314 -3.05279e-05
-0.165791 -3.83984e-05
-0.205018 -4.41715e-05
-0.227157 -4.74297e-05
-0.249295 -5.0688e-05
-0.271434 -5.39462e-05
-0.293573 -5.72044e-05
-0.315712 -6.04627e-05
-0.337851 -6.37209e-05
-0.35999 -6.69792e-05
-0.382128 -7.02374e-05
-0.404267 -7.34957e-05
-0.426406 -7.67539e-05
-0.448545 -8.00121e-05
-0.470684 -8.32704e-05
-0.492823 -8.65286e-05
-0.494132 -8.67213e-05
-0.495441 -8.6914e-05
-0.49675 -8.71066e-05
-0.498059 -8.72993e-05
-0.499368 -8.7492e-05
-0.500677 -8.76847e-05
-0.501987 -8.78773e-05
-0.503296 -8.807e-05
-0.504605 -8.82627e-05
-0.505914 -8.84553e-05
-0.507223 -8.8648e-05
-0.508532 -8.88407e-05
-0.509842 -8.90334e-05
-0.511151 -8.9226e-05
-0.51246 -8.94187e-05
-0.513769 -8.96114e-05
-0.515078 -8.9804e-05
-0.516387 -8.99967e-05
-0.517696 -9.01894e-05
-0.519006 -9.03821e-05
-0.467755 -8.29002e-05
-0.416504 -7.54183e-05
-0.365253 -6.79364e-05
-0.314002 -6.04546e-05
-0.262751 -5.29727e-05
-0.211501 -4.54908e-05
-0.16025 -3.80089e-05
-0.108999 -3.05271e-05
-0.0577481 -2.30452e-05
-0.00649732 -1.55633e-05
0 4.2255e-05
0 0.000107381
0 0.000172507
0 0.000237634
0 0.00030276
0 0.000367886
0 0.000433012
0 0.000498138
0 0.000563265
0 0.000628391
0 0.000693517
0 0.000758643
0 0.000823769
0 0.000888896
0 0.000954022
0 0.00101915
0 0.00108427
0 0.0011494
0 0.00121453
0 0.00127965
0 0.00134478
0 0.00140991
0 0.00147503
0 0.00154016
0 0.00160528
0 0.00167041
0 0.00173554
0 0.00180066
0 0.00186579
0 0.00193091
0 0.00199604
0 0.00206117
0 0.00212629
0 0.00219142
0 0.00225655
0 0.00232167
0 0.0023868
0 0.00245192
0 0.00251705
0 0.00258218
0 0.0026473
0 0.00271243
0 0.00277528
0 0.00283662
0 0.00289797
0 0.00295932
0 0.00302066
0 0.00308201
0 0.00314336
0 0.0032047
0 0.00326605
0 0.0033274
0 0.00338875
0 0.00345009
0 0.00351144
0 0.00357279
0 0.00363413
0 0.00369548
0 0.00375683
0 0.00381817
0 0.00387952
0 0.00394087
0 0.00400221
0 0.00406356
0 0.00412491
0 0.00418625
0 0.0042476
0 0.00430895
0 0.00437029
0 0.00443164
0 0.00449299
0 0.00455433
0 0.00461568
0 0.00467703
0 0.00473837
0 0.00479972
0 0.00486107
0 0.00492241
0 0.00498376
0 0.00504511
0 0.00506792
0 0.00508988
0 0.00511184
0 0.0051338
0 0.00515576
0 0.00517772
0 0.00519968
0 0.00522164
0 0.0052436
0 0.00526556
0 0.00528752
0 0.00530948
0 0.00533144
0 0.0053534
0 0.00537536
0 0.00539732
0 0.00541928
0 0.00544124
0 0.0054632
0 0.00548516
0 0.00550712
0 0.00552908
0 0.00555104
0 0.005573
0 0.00559496
0 0.00561692
0 0.00563888
0 0.00566084
0 0.0056828
0 0.00570476
0 0.00572673
0 0.00574869
0 0.00577065
0 0.00579261
0 0.0058463
0 0.00596865
0 0.00609393
0 0.00622092
0 0.00634791
0 0.00647489
0 0.00660188
0 0.00672887
0 0.00685585
0 0.00698284
0 0.00710983
0 0.00723681
0 0.0073638
0 0.00749079
0 0.00761777
0 0.00774512
0 0.00787518
0 0.00800524
0 0.00813529
0 0.00826535
0 0.00839541
0 0.00852547
0 0.00865553
0 0.00878559
0 0.00891565
0 0.00904571
0 0.00917577
0 0.00930583
0 0.00943589
0 0.00956594
0 0.009696
0 0.00982606
0 0.00995612
0 0.0100862
0 0.0102162
0 0.0103463
0 0.0102235
0 0.0101008
0 0.00997799
0 0.00985522
0 0.00973245
0 0.00960968
0 0.00948691
0 0.00936414
0 0.0092911
0 0.00922598
0 0.00916085
0 0.00909572
0 0.0090306
0 0.00896547
0 0.00890035
0 0.00883522
0 0.00877009
0 0.00870497
0 0.00863984
0 0.00857471
0 0.00850959
0 0.00844446
0 0.00837934
0 0.00831421
0 0.00824908
0 0.00818396
0 0.00811883
0 0.0080537
0 0.00798858
0 0.00792345
0 0.00785833
0 0.0077932
0 0.00772807
0 0.00766295
0 0.00759782
0 0.0075327
0 0.00746757
0 0.00740244
0 0.00733732
0 0.00727219
0 0.00720706
0 0.00714194
0 0.00707681
0 0.00701169
0 0.00694656
0 0.00688143
0 0.00681631
0 0.00675118
0 0.00668605
0 0.00662093
0 0.0065558
0 0.00649068
0 0.00642555
0 0.00636042
0 0.00629209
0 0.00622312
0 0.00615416
0 0.00608519
0 0.00601622
0 0.00594726
0 0.00587829
0 0.00580933
0 0.00574036
0 0.00567139
0 0.00560243
0 0.00553346
0 0.00546449
0 0.00539553
0 0.00532656
0 0.0052576
0 0.00518863
0 0.00511966
0 0.0050507
0 0.00498173
0 0.00491277
0 0.0048438
0 0.00477483
0 0.00470587
0 0.0046369
0 0.00456793
0 0.00449897
0 0.00443
0 0.00436104
0 0.00429207
0 0.0042231
0 0.00415414
0 0.00408517
0 0.00401621
0 0.00394724
0 0.00387827
0 0.00380931
0 0.00373348
0 0.00362516
0 0.00351684
0 0.00340852
0 0.0033002
0 0.00319188
0 0.00308356
0 0.00297524
0 0.00286692
0 0.0027586
0 0.00265028
0 0.00254196
0 0.00243365
0 0.00232533
0 0.00221701
0 0.00210869
0 0.00200037
0 0.00189205
0 0.00180447
0 0.0017283
0 0.00165213
0 0.00157596
0 0.00149979
0 0.00142362
0 0.00134745
0 0.00127128
0 0.00119511
0 0.00111894
0 0.00104277
0 0.000966594
0 0.000890423
0 0.000814252
0 0.000738081
0 0.00066191
0 0.000585739
0 0.000509568
0 0.000433397
0 0.000357226
0 0.000281055
0 0.000204884
0 0.000128713
0 5.25425e-05
-0.00202322 -1.42961e-05
-0.0180261 -1.66513e-05
-0.034029 -1.90065e-05
-0.0500318 -2.13617e-05
-0.0660347 -2.37169e-05
-0.0820376 -2.60721e-05
-0.0980404 -2.84273e-05
-0.114043 -3.07825e-05
-0.130046 -3.31377e-05
-0.146049 -3.54929e-05
-0.162052 -3.7848e-05
-0.178055 -4.02032e-05
-0.194058 -4.25584e-05
-0.21006 -4.49136e-05
-0.226063 -4.72688e-05
-0.242066 -4.9624e-05
-0.258069 -5.19792e-05
-0.274072 -5.43344e-05
-0.290075 -5.66896e-05
-0.306078 -5.90448e-05
-0.322081 -6.14e-05
-0.338083 -6.37552e-05
-0.354086 -6.61104e-05
-0.370089 -6.84656e-05
-0.386092 -7.08207e-05
-0.402095 -7.31759e-05
-0.416392 -7.52801e-05
-0.365141 -6.77983e-05
-0.313891 -6.03164e-05
-0.26264 -5.28345e-05
-0.211389 -4.53526e-05
-0.160138 -3.78708e-05
-0.108887 -3.03889e-05
-0.0576365 -2.2907e-05
-0.00638565 -1.54251e-05
0 4.25188e-05
0 0.000107645
0 0.000172771
0 0.000237897
0 0.000303024
0 0.00036815
0 0.000433276
0 0.000498402
0 0.000563528
0 0.000628655
0 0.000693781
0 0.000758907
0 0.000824033
0 0.000889159
0 0.000954286
0 0.00101941
0 0.00108454
0 0.00114966
0 0.00121479
0 0.00127992
0 0.00134504
0 0.00141017
0 0.0014753
0 0.00154042
0 0.00160555
0 0.00167067
0 0.0017358
0 0.00180093
0 0.00186605
0 0.00193118
0 0.0019963
0 0.00206143
0 0.00212656
0 0.00219168
0 0.00225681
0 0.00232194
0 0.00238706
0 0.00245219
0 0.00251731
0 0.00258244
0 0.00264757
0 0.00271269
0 0.00277782
0 0.00284295
0 0.00290807
0 0.0029732
0 0.00303516
0 0.00309645
0 0.00315774
0 0.00321903
0 0.00328033
0 0.00334162
0 0.00340291
0 0.0034642
0 0.00352549
0 0.00358678
0 0.00364807
0 0.00370936
0 0.00377066
0 0.00383195
0 0.00389324
0 0.00395453
0 0.00401582
0 0.00407711
0 0.0041384
0 0.0041997
0 0.00426099
0 0.00432228
0 0.00438357
0 0.00444486
0 0.00450615
0 0.00456744
0 0.00462873
0 0.00469003
0 0.00475132
0 0.00481261
0 0.0048739
0 0.00493519
0 0.00499648
0 0.00505777
0 0.00511907
0 0.00518036
0 0.00524165
0 0.00529637
0 0.00531831
0 0.00534024
0 0.00536218
0 0.00538411
0 0.00540605
0 0.00542798
0 0.00544992
0 0.00547185
0 0.00549379
0 0.00551572
0 0.00553766
0 0.0055596
0 0.00558153
0 0.00560347
0 0.0056254
0 0.00564734
0 0.00566927
0 0.0057153
0 0.00576944
0 0.00582359
0 0.00587774
0 0.00593189
0 0.00598604
0 0.00604018
0 0.00609433
0 0.00614848
0 0.00620263
0 0.00625677
0 0.00631092
0 0.00636507
0 0.00641922
0 0.00647336
0 0.00652751
0 0.00658166
0 0.00663581
0 0.00668995
0 0.0067441
0 0.00679825
0 0.0068524
0 0.00690654
0 0.00696069
0 0.00702087
0 0.00714877
0 0.00727668
0 0.00740458
0 0.00753249
0 0.00766039
0 0.00778829
0 0.0079162
0 0.0080441
0 0.008172
0 0.00829991
0 0.00842781
0 0.00855571
0 0.00868362
0 0.00881152
0 0.00893943
0 0.00906733
0 0.00919523
0 0.00932314
0 0.00945104
0 0.00957894
0 0.00970685
0 0.00983475
0 0.00996265
0 0.0100906
0 0.0102185
0 0.0103464
0 0.0102236
0 0.0101008
0 0.00997805
0 0.00985528
0 0.00973251
0 0.00960974
0 0.00948697
0 0.0093642
0 0.00929168
0 0.00922656
0 0.00916143
0 0.0090963
0 0.00903118
0 0.00896605
0 0.00890092
0 0.0088358
0 0.00877067
0 0.00870555
0 0.00864042
0 0.00857529
0 0.00851017
0 0.00844504
0 0.00837992
0 0.00831479
0 0.00824966
0 0.00818454
0 0.00811941
0 0.00805428
0 0.00798916
0 0.00792403
0 0.00785891
0 0.00779378
0 0.00772865
0 0.00766353
0 0.0075984
0 0.00753327
0 0.00746815
0 0.00740302
0 0.0073379
0 0.00727277
0 0.00720764
0 0.00714252
0 0.00707739
0 0.00701226
0 0.00694714
0 0.00688201
0 0.00681689
0 0.00675176
0 0.00668663
0 0.00662151
0 0.00655638
0 0.00649126
0 0.00642613
0 0.006361
0 0.0062927
0 0.00622373
0 0.00615476
0 0.0060858
0 0.00601683
0 0.00594787
0 0.0058789
0 0.00580993
0 0.00574097
0 0.005672
0 0.00560303
0 0.00553407
0 0.0054651
0 0.00539613
0 0.00532717
0 0.0052582
0 0.00518924
0 0.00512027
0 0.0050513
0 0.00498234
0 0.00491337
0 0.0048444
0 0.00477544
0 0.00470647
0 0.0046375
0 0.00456854
0 0.00449957
0 0.0044306
0 0.00436164
0 0.00429267
0 0.00422371
0 0.00415474
0 0.00408577
0 0.00401681
0 0.00394784
0 0.00387887
0 0.00380991
0 0.00373439
0 0.00362607
0 0.00351775
0 0.00340943
0 0.00330112
0 0.0031928
0 0.00308448
0 0.00297616
0 0.00286784
0 0.00275952
0 0.0026512
0 0.00254288
0 0.00243456
0 0.00232624
0 0.00221792
0 0.0021096
0 0.00200128
0 0.00189296
0 0.00180809
0 0.00173198
0 0.00165586
0 0.00157974
0 0.00150362
0 0.0014275
0 0.00135138
0 0.00127527
0 0.00119915
0 0.00112303
0 0.00104691
0 0.000970792
0 0.000894674
0 0.000818555
0 0.000742437
0 0.000666319
0 0.0005902
0 0.000514082
0 0.000437963
0 0.000361845
0 0.000285727
0 0.000209608
0 0.00013349
0 5.73714e-05
-0.000996709 -1.4145e-05
-0.0169734 -1.64964e-05
-0.0329501 -1.88477e-05
-0.0489267 -2.11991e-05
-0.0649034 -2.35504e-05
-0.0808801 -2.59017e-05
-0.0968568 -2.82531e-05
-0.112833 -3.06044e-05
-0.12881 -3.29557e-05
-0.144787 -3.53071e-05
-0.160763 -3.76584e-05
-0.17674 -4.00098e-05
-0.192717 -4.23611e-05
-0.208693 -4.47124e-05
-0.22467 -4.70638e-05
-0.240647 -4.94151e-05
-0.256623 -5.17664e-05
-0.2726 -5.41178e-05
-0.288577 -5.64691e-05
-0.304554 -5.88205e-05
-0.32053 -6.11718e-05
-0.336507 -6.35231e-05
-0.352484 -6.58745e-05
-0.36846 -6.82258e-05
-0.384437 -7.05772e-05
-0.400414 -7.29285e-05
-0.41639 -7.52798e-05
-0.365139 -6.7798e-05
-0.313889 -6.03161e-05
-0.262638 -5.28342e-05
-0.211387 -4.53523e-05
-0.160136 -3.78705e-05
-0.108885 -3.03886e-05
-0.0576345 -2.29067e-05
-0.00638363 -1.54249e-05
0 4.25214e-05
0 0.000107648
0 0.000172774
0 0.0002379
0 0.000303026
0 0.000368152
0 0.000433279
0 0.000498405
0 0.000563531
0 0.000628657
0 0.000693783
0 0.00075891
0 0.000824036
0 0.000889162
0 0.000954288
0 0.00101941
0 0.00108454
0 0.00114967
0 0.00121479
0 0.00127992
0 0.00134505
0 0.00141017
0 0.0014753
0 0.00154042
0 0.00160555
0 0.00167068
0 0.0017358
0 0.00180093
0 0.00186606
0 0.00193118
0 0.00199631
0 0.00206143
0 0.00212656
0 0.00219169
0 0.00225681
0 0.00232194
0 0.00238706
0 0.00245219
0 0.00251732
0 0.00258244
0 0.00264757
0 0.0027127
0 0.00277782
0 0.00284295
0 0.00290807
0 0.0029732
0 0.00303516
0 0.00309645
0 0.00315775
0 0.00321904
0 0.00328033
0 0.00334162
0 0.00340291
0 0.0034642
0 0.00352549
0 0.00358678
0 0.00364808
0 0.00370937
0 0.00377066
0 0.00383195
0 0.00389324
0 0.00395453
0 0.00401582
0 0.00407712
0 0.00413841
0 0.0041997
0 0.00426099
0 0.00432228
0 0.00438357
0 0.00444486
0 0.00450615
0 0.00456745
0 0.00462874
0 0.00469003
0 0.00475132
0 0.00481261
0 0.0048739
0 0.00493519
0 0.00499649
0 0.00505778
0 0.00511907
0 0.00518036
0 0.00524165
0 0.00529637
0 0.00531831
0 0.00534024
0 0.00536218
0 0.00538412
0 0.00540605
0 0.00542799
0 0.00544992
0 0.00547186
0 0.00549379
0 0.00551573
0 0.00553766
0 0.0055596
0 0.00558154
0 0.00560347
0 0.00562541
0 0.00564734
0 0.00566928
0 0.00571531
0 0.00576946
0 0.00582361
0 0.00587776
0 0.0059319
0 0.00598605
0 0.0060402
0 0.00609435
0 0.0061485
0 0.00620264
0 0.00625679
0 0.00631094
0 0.00636509
0 0.00641923
0 0.00647338
0 0.00652753
0 0.00658168
0 0.00663583
0 0.00668997
0 0.00674412
0 0.00679827
0 0.00685242
0 0.00690657
0 0.00696071
0 0.00702087
0 0.00714877
0 0.00727668
0 0.00740458
0 0.00753249
0 0.00766039
0 0.00778829
0 0.0079162
0 0.0080441
0 0.008172
0 0.00829991
0 0.00842781
0 0.00855572
0 0.00868362
0 0.00881152
0 0.00893943
0 0.00906733
0 0.00919523
0 0.00932314
0 0.00945104
0 0.00957894
0 0.00970685
0 0.00983475
0 0.00996266
0 0.0100906
0 0.0102185
0 0.0103464
0 0.0102236
0 0.0101008
0 0.00997805
0 0.00985528
0 0.00973251
0 0.00960974
0 0.00948697
0 0.0093642
0 0.00929168
0 0.00922656
0 0.00916143
0 0.0090963
0 0.00903118
0 0.00896605
0 0.00890092
0 0.0088358
0 0.00877067
0 0.00870555
0 0.00864042
0 0.00857529
0 0.00851017
0 0.00844504
0 0.00837992
0 0.00831479
0 0.00824966
0 0.00818454
0 0.00811941
0 0.00805428
0 0.00798916
0 0.00792403
0 0.00785891
0 0.00779378
0 0.00772865
0 0.00766353
0 0.0075984
0 0.00753327
0 0.00746815
0 0.00740302
0 0.0073379
0 0.00727277
0 0.00720764
0 0.00714252
0 0.00707739
0 0.00701226
0 0.00694714
0 0.00688201
0 0.00681689
0 0.00675176
0 0.00668663
0 0.00662151
0 0.00655638
0 0.00649126
0 0.00642613
0 0.006361
0 0.0062927
0 0.00622373
0 0.00615476
0 0.0060858
0 0.00601683
0 0.00594787
0 0.0058789
0 0.00580993
0 0.00574097
0 0.005672
0 0.00560303
0 0.00553407
0 0.0054651
0 0.00539613
0 0.00532717
0 0.0052582
0 0.00518924
0 0.00512027
0 0.0050513
0 0.00498234
0 0.00491337
0 0.0048444
0 0.00477544
0 0.00470647
0 0.0046375
0 0.00456854
0 0.00449957
0 0.0044306
0 0.00436164
0 0.00429267
0 0.00422371
0 0.00415474
0 0.00408577
0 0.00401681
0 0.00394784
0 0.00387887
0 0.00380991
0 0.00373439
0 0.00362607
0 0.00351775
0 0.00340943
0 0.00330112
0 0.0031928
0 0.00308448
0 0.00297616
0 0.00286784
0 0.00275952
0 0.0026512
0 0.00254288
0 0.00243456
0 0.00232624
0 0.00221792
0 0.0021096
0 0.00200128
0 0.00189296
0 0.00180809
0 0.00173198
0 0.00165586
0 0.00157974
0 0.00150362
0 0.0014275
0 0.00135138
0 0.00127527
0 0.00119915
0 0.00112303
0 0.00104691
0 0.000970792
0 0.000894674
0 0.000818555
0 0.000742437
0 0.000666319
0 0.0005902
0 0.000514082
0 0.000437963
0 0.000361845
0 0.000285727
0 0.000209608
0 0.00013349
0 5.73715e-05
-0.000996689 -1.4145e-05
-0.0169734 -1.64964e-05
-0.03295 -1.88477e-05
-0.0489267 -2.1199e-05
-0.0649034 -2.35504e-05
-0.0808801 -2.59017e-05
-0.0968567 -2.82531e-05
-0.112833 -3.06044e-05
-0.12881 -3.29557e-05
-0.144787 -3.53071e-05
-0.160763 -3.76584e-05
-0.17674 -4.00098e-05
-0.192717 -4.23611e-05
-0.208693 -4.47124e-05
-0.22467 -4.70638e-05
-0.240647 -4.94151e-05
-0.256623 -5.17664e-05
-0.2726 -5.41178e-05
-0.288577 -5.64691e-05
-0.304553 -5.88205e-05
-0.32053 -6.11718e-05
-0.336507 -6.35231e-05
-0.352484 -6.58745e-05
-0.36846 -6.82258e-05
-0.384437 -7.05771e-05
-0.400414 -7.29285e-05
-0.41639 -7.52798e-05
-0.417705 -7.54733e-05
-0.419019 -7.56667e-05
-0.420333 -7.58602e-05
-0.421648 -7.60536e-05
-0.422962 -7.62471e-05
-0.424277 -7.64405e-05
-0.425591 -7.66339e-05
-0.426905 -7.68274e-05
-0.42822 -7.70208e-05
-0.429534 -7.72143e-05
-0.430849 -7.74077e-05
-0.432163 -7.76012e-05
-0.433478 -7.77946e-05
-0.434792 -7.79881e-05
-0.436106 -7.81815e-05
-0.437421 -7.8375e-05
-0.438735 -7.85684e-05
-0.44005 -7.87618e-05
-0.441364 -7.89553e-05
-0.442678 -7.91487e-05
-0.443993 -7.93422e-05
-0.445307 -7.95356e-05
-0.446622 -7.97291e-05
-0.447936 -7.99225e-05
-0.44925 -8.0116e-05
-0.450565 -8.03094e-05
-0.451879 -8.05029e-05
-0.453194 -8.06963e-05
-0.454508 -8.08898e-05
-0.455822 -8.10832e-05
-0.457137 -8.12766e-05
-0.458451 -8.14701e-05
-0.459766 -8.16635e-05
-0.46108 -8.1857e-05
-0.462395 -8.20504e-05
-0.463709 -8.22439e-05
-0.465023 -8.24373e-05
-0.466338 -8.26308e-05
-0.467652 -8.28242e-05
-0.468967 -8.30177e-05
-0.470281 -8.32111e-05
-0.41903 -7.57292e-05
-0.367779 -6.82474e-05
-0.316529 -6.07655e-05
-0.265278 -5.32836e-05
-0.214027 -4.58017e-05
-0.162776 -3.83199e-05
-0.111525 -3.0838e-05
-0.0602744 -2.33561e-05
-0.0090236 -1.58743e-05
0 3.91027e-05
0 0.000104229
0 0.000169355
0 0.000234481
0 0.000299607
0 0.000364734
0 0.00042986
0 0.000494986
0 0.000560112
0 0.000625238
0 0.000690365
0 0.000755491
0 0.000820617
0 0.000885743
0 0.00095087
0 0.001016
0 0.00108112
0 0.00114625
0 0.00121137
0 0.0012765
0 0.00134163
0 0.00140675
0 0.00147188
0 0.00153701
0 0.00160213
0 0.00166726
0 0.00173238
0 0.00179751
0 0.00186264
0 0.00192776
0 0.00199289
0 0.00205801
0 0.00212314
0 0.00218827
0 0.00225339
0 0.00231852
0 0.00238365
0 0.00244877
0 0.0025139
0 0.00257902
0 0.00264415
0 0.00270928
0 0.0027744
0 0.00283953
0 0.00290466
0 0.00296978
0 0.00301869
0 0.00306517
0 0.00311166
0 0.00315814
0 0.00320462
0 0.0032511
0 0.00329758
0 0.00334406
0 0.00339054
0 0.00343702
0 0.00348351
0 0.00352999
0 0.00357647
0 0.00362295
0 0.00366943
0 0.00371591
0 0.00376239
0 0.00380887
0 0.00385536
0 0.00390184
0 0.00394832
0 0.0039948
0 0.00404128
0 0.00408776
0 0.00413424
0 0.00418072
0 0.00422721
0 0.00427369
0 0.00432017
0 0.00436665
0 0.00441313
0 0.00445961
0 0.00450609
0 0.00455257
0 0.00459906
0 0.00464554
0 0.00469202
0 0.0047385
0 0.00478498
0 0.00483146
0 0.00487794
0 0.00492442
0 0.00497091
0 0.00501739
0 0.00506387
0 0.00511035
0 0.00515683
0 0.00520331
0 0.00524979
0 0.00528972
0 0.0053054
0 0.00532108
0 0.00533676
0 0.00535243
0 0.00536811
0 0.00538379
0 0.00539947
0 0.00541515
0 0.00543083
0 0.0054465
0 0.00546218
0 0.00547786
0 0.00549354
0 0.00550922
0 0.00552489
0 0.00554057
0 0.00555625
0 0.00557193
0 0.00558761
0 0.00560329
0 0.00561896
0 0.00563464
0 0.00565032
0 0.005666
0 0.00570588
0 0.0057482
0 0.00579051
0 0.00583282
0 0.00587513
0 0.00591744
0 0.00595975
0 0.00600206
0 0.00604438
0 0.00608669
0 0.006129
0 0.00617131
0 0.00621362
0 0.00625593
0 0.00629825
0 0.00634056
0 0.00638287
0 0.00642518
0 0.00646749
0 0.0065098
0 0.00655212
0 0.00659443
0 0.00663674
0 0.00667905
0 0.00672136
0 0.00676367
0 0.00680599
0 0.0068483
0 0.00689061
0 0.00693292
0 0.00697523
0 0.00701754
0 0.00705985
0 0.00710217
0 0.00714448
0 0.00718679
0 0.0072291
0 0.00727141
0 0.00731372
0 0.00735604
0 0.00739835
0 0.00744066
0 0.00748297
0 0.00752528
0 0.00756759
0 0.00760991
0 0.00765222
0 0.00769453
0 0.00773684
0 0.00777915
0 0.00782146
0 0.00786377
0 0.00793211
0 0.00806001
0 0.0081879
0 0.0083158
0 0.0084437
0 0.00857159
0 0.00869949
0 0.00882738
0 0.00895528
0 0.00908317
0 0.00921107
0 0.00933897
0 0.00946686
0 0.00959476
0 0.00972265
0 0.00985055
0 0.00997844
0 0.0101063
0 0.0102342
0 0.0103624
0 0.0104925
0 0.0106225
0 0.0107526
0 0.0108826
0 0.0110127
0 0.0111427
0 0.0112728
0 0.0114029
0 0.0115329
0 0.011663
0 0.011793
0 0.0119231
0 0.0120532
0 0.0121832
0 0.0123133
0 0.0124433
0 0.0125734
0 0.0127034
0 0.0128335
0 0.0129636
0 0.0130936
0 0.0132237
0 0.0133537
0 0.0134838
0 0.0136139
0 0.0137439
0 0.013874
0 0.014004
0 0.0141341
0 0.0142641
0 0.0143942
0 0.0145243
0 0.0146543
0 0.0147844
0 0.0149144
0 0.0150445
0 0.0151746
0 0.0153046
0 0.0154347
0 0.0155647
0 0.015442
0 0.0153192
0 0.0151964
0 0.0150736
0 0.0149509
0 0.0148281
0 0.0147055
0 0.0146384
0 0.0145733
0 0.0145081
0 0.014443
0 0.0143779
0 0.0143128
0 0.0142476
0 0.0141825
0 0.0141174
0 0.0140523
0 0.0139871
0 0.013922
0 0.0138569
0 0.0137918
0 0.0137266
0 0.0136615
0 0.0135964
0 0.0135313
0 0.0134661
0 0.013401
0 0.0133359
0 0.0132707
0 0.0132056
0 0.0131405
0 0.0130754
0 0.0130102
0 0.0129451
0 0.01288
0 0.0128149
0 0.0127497
0 0.0126846
0 0.0126195
0 0.0125544
0 0.0124892
0 0.0124241
0 0.012359
0 0.0122939
0 0.0122287
0 0.0121636
0 0.0120985
0 0.0120333
0 0.0119682
0 0.0119031
0 0.011838
0 0.0117728
0 0.0117077
0 0.0116426
0 0.0115775
0 0.0115123
0 0.011447
0 0.0113677
0 0.0112925
0 0.0112172
0 0.011142
0 0.0110667
0 0.0109914
0 0.0109162
0 0.0108409
0 0.0107657
0 0.0106904
0 0.0106152
0 0.0105399
0 0.0104647
0 0.0103894
0 0.0103142
0 0.0102389
0 0.0101637
0 0.0100884
0 0.0100131
0 0.0099379
0 0.00986264
0 0.00978739
0 0.00971213
0 0.00963688
0 0.00956163
0 0.00948637
0 0.00941112
0 0.00933587
0 0.00926061
0 0.00918536
0 0.0091101
0 0.00903485
0 0.0089596
0 0.00888434
0 0.00880909
0 0.00873383
0 0.00865858
0 0.00858333
0 0.00850807
0 0.00843282
0 0.00835757
0 0.00828231
0 0.00820706
0 0.0081318
0 0.00805655
0 0.0079813
0 0.00790604
0 0.00783079
0 0.00775554
0 0.00768028
0 0.00760503
0 0.00752977
0 0.00745452
0 0.00737927
0 0.00729602
0 0.00718564
0 0.00707527
0 0.00696489
0 0.00685451
0 0.00674413
0 0.00663375
0 0.00652337
0 0.00641299
0 0.00630261
0 0.00619223
0 0.00608185
0 0.00597147
0 0.00589575
0 0.00582208
0 0.0057484
0 0.00567473
0 0.00560105
0 0.00552738
0 0.0054537
0 0.00538002
0 0.00530635
0 0.00523267
0 0.005159
0 0.00508532
0 0.00501165
0 0.00493797
0 0.0048643
0 0.00479062
0 0.00471695
0 0.00464327
0 0.0045696
0 0.00449592
0 0.00442225
0 0.00434857
0 0.0042749
0 0.00420122
0 0.00412755
0 0.00405387
0 0.0039802
0 0.00390652
0 0.00383284
0 0.00375917
0 0.00368549
0 0.00361182
0 0.00353814
0 0.00346447
0 0.00339079
0 0.00331712
0 0.00324344
0 0.00316977
0 0.00309609
0 0.00302242
0 0.00294874
0 0.00287507
0 0.00280139
0 0.00272772
0 0.00265404
0 0.00258037
0 0.00250669
0 0.00243302
0 0.00235934
0 0.00228566
0 0.00221199
0 0.00213831
0 0.00206464
0 0.00199096
0 0.00191729
0 0.00184361
0 0.00176994
0 0.00169626
0 0.00162259
0 0.00154891
0 0.00147524
0 0.00140156
0 0.00132789
0 0.00125421
0 0.00118054
0 0.00110686
0 0.00103319
0 0.000959511
0 0.000885835
0 0.00081216
0 0.000738485
0 0.00066481
0 0.000591134
0 0.000517459
0 0.000443784
0 0.000370109
0 0.000296433
0 0.000222758
0 0.000149083
0 7.54077e-05
0 1.73244e-06
-0.00800464 -1.51764e-05
-0.0181824 -1.66743e-05
-0.0283601 -1.81722e-05
-0.0385378 -1.96701e-05
-0.0487156 -2.1168e-05
-0.0588933 -2.26659e-05
-0.0690711 -2.41638e-05
-0.0792488 -2.56616e-05
-0.0894265 -2.71595e-05
-0.0996043 -2.86574e-05
-0.109782 -3.01553e-05
-0.11996 -3.16532e-05
-0.130137 -3.31511e-05
-0.140315 -3.4649e-05
-0.150493 -3.61469e-05
-0.160671 -3.76448e-05
-0.170848 -3.91427e-05
-0.181026 -4.06405e-05
-0.191204 -4.21384e-05
-0.201382 -4.36363e-05
-0.211559 -4.51342e-05
-0.221737 -4.66321e-05
-0.231915 -4.813e-05
-0.242093 -4.96279e-05
-0.25227 -5.11258e-05
-0.262448 -5.26237e-05
-0.272626 -5.41216e-05
-0.282804 -5.56195e-05
-0.292981 -5.71173e-05
-0.303159 -5.86152e-05
-0.313337 -6.01131e-05
-0.323514 -6.1611e-05
-0.333692 -6.31089e-05
-0.34387 -6.46068e-05
-0.354048 -6.61047e-05
-0.363152 -6.74445e-05
-0.311901 -5.99627e-05
-0.26065 -5.24808e-05
-0.209399 -4.49989e-05
-0.158148 -3.7517e-05
-0.106898 -3.00352e-05
-0.0556467 -2.25533e-05
-0.0043959 -1.50714e-05
0 4.51105e-05
0 0.000110237
0 0.000175363
0 0.000240489
0 0.000305615
0 0.000370742
0 0.000435868
0 0.000500994
0 0.00056612
0 0.000631246
0 0.000696373
0 0.000761499
0 0.000826625
0 0.000891751
0 0.000956877
0 0.001022
0 0.00108713
0 0.00115226
0 0.00121738
0 0.00128251
0 0.00134763
0 0.00141276
0 0.00147789
0 0.00154301
0 0.00160814
0 0.00167327
0 0.00173839
0 0.00180352
0 0.00186864
0 0.00193377
0 0.0019989
0 0.00206402
0 0.00212915
0 0.00219428
0 0.0022594
0 0.00232453
0 0.00238965
0 0.00245478
0 0.00251991
0 0.00258503
0 0.00265016
0 0.00271528
0 0.00278041
0 0.00284554
0 0.00291066
0 0.00297579
0 0.00304092
0 0.00310604
0 0.00317117
0 0.00323603
0 0.00328657
0 0.00334098
0 0.0033954
0 0.00344981
0 0.00350423
0 0.00355864
0 0.00361306
0 0.00366747
0 0.00372189
0 0.00377631
0 0.00383072
0 0.00388514
0 0.00393955
0 0.00399397
0 0.00404838
0 0.0041028
0 0.00415721
0 0.00421163
0 0.00426605
0 0.00432046
0 0.00437488
0 0.00442929
0 0.00448371
0 0.00453812
0 0.00459254
0 0.00464695
0 0.00470137
0 0.00475579
0 0.0048102
0 0.00486462
0 0.00491903
0 0.00497345
0 0.00502786
0 0.00508228
0 0.00513669
0 0.00519111
0 0.00524553
0 0.00529994
0 0.00535436
0 0.00540877
0 0.00546319
0 0.0055176
0 0.00557202
0 0.00562643
0 0.00568085
0 0.00573527
0 0.00578968
0 0.0058441
0 0.00589851
0 0.00595293
0 0.00600734
0 0.00606176
0 0.00611617
0 0.00617059
0 0.00621966
0 0.00623925
0 0.00625883
0 0.00627842
0 0.00629801
0 0.00631759
0 0.00633718
0 0.00635676
0 0.00637635
0 0.00639594
0 0.00641552
0 0.00643511
0 0.00645469
0 0.00650745
0 0.00656353
0 0.00661961
0 0.0066757
0 0.00673178
0 0.00678786
0 0.00684395
0 0.00690003
0 0.00695611
0 0.0070122
0 0.00706828
0 0.00712436
0 0.00718044
0 0.00723653
0 0.00729261
0 0.00734869
0 0.00740478
0 0.00746086
0 0.00751694
0 0.00757303
0 0.00762911
0 0.00768519
0 0.00774128
0 0.00779736
0 0.00785344
0 0.00790952
0 0.00796561
0 0.00802169
0 0.00807777
0 0.00813386
0 0.00818994
0 0.00824602
0 0.00830211
0 0.00835819
0 0.00841427
0 0.00847036
0 0.00852644
0 0.00858252
0 0.00863861
0 0.00869469
0 0.00875077
0 0.00880685
0 0.00886294
0 0.00891902
0 0.0089751
0 0.00903119
0 0.00908727
0 0.00914335
0 0.00919944
0 0.00925552
0 0.0093116
0 0.00936769
0 0.00942377
0 0.00947985
0 0.00953593
0 0.00959202
0 0.0096481
0 0.00970418
0 0.00976027
0 0.00981635
0 0.00987243
0 0.00992852
0 0.0099846
0 0.0100407
0 0.0100968
0 0.0101528
0 0.0102089
0 0.010265
0 0.0103211
0 0.0103772
0 0.0104333
0 0.0104893
0 0.0105454
0 0.0106015
0 0.0106576
0 0.0107137
0 0.0107698
0 0.0108258
0 0.0108819
0 0.010938
0 0.0109941
0 0.0110587
0 0.0111875
0 0.0113162
0 0.0114449
0 0.0115737
0 0.0117024
0 0.0118312
0 0.0119599
0 0.0120887
0 0.0122174
0 0.0123462
0 0.0124749
0 0.0126036
0 0.0127324
0 0.0128611
0 0.0129899
0 0.0131186
0 0.0132474
0 0.0133761
0 0.0135049
0 0.0136336
0 0.0137623
0 0.0138911
0 0.0140198
0 0.0141486
0 0.0142773
0 0.0144061
0 0.0145348
0 0.0146636
0 0.0147923
0 0.014921
0 0.0150498
0 0.0151785
0 0.0153073
0 0.015436
0 0.0155648
0 0.015442
0 0.0153192
0 0.0151964
0 0.0150737
0 0.0149509
0 0.0148281
0 0.0147055
0 0.0146387
0 0.0145735
0 0.0145084
0 0.0144433
0 0.0143782
0 0.014313
0 0.0142479
0 0.0141828
0 0.0141177
0 0.0140525
0 0.0139874
0 0.0139223
0 0.0138572
0 0.013792
0 0.0137269
0 0.0136618
0 0.0135967
0 0.0135315
0 0.0134664
0 0.0134013
0 0.0133362
0 0.013271
0 0.0132059
0 0.0131408
0 0.0130756
0 0.0130105
0 0.0129454
0 0.0128803
0 0.0128151
0 0.01275
0 0.0126849
0 0.0126198
0 0.0125546
0 0.0124895
0 0.0124244
0 0.0123593
0 0.0122941
0 0.012229
0 0.0121639
0 0.0120988
0 0.0120336
0 0.0119685
0 0.0119034
0 0.0118382
0 0.0117731
0 0.011708
0 0.0116429
0 0.0115777
0 0.0115126
0 0.0114474
0 0.0113681
0 0.0112928
0 0.0112176
0 0.0111424
0 0.0110672
0 0.010992
0 0.0109168
0 0.0108416
0 0.0107664
0 0.0106911
0 0.0106159
0 0.0105407
0 0.0104655
0 0.0103903
0 0.0103151
0 0.0102399
0 0.0101647
0 0.0100894
0 0.0100142
0 0.00993902
0 0.00986381
0 0.0097886
0 0.00971339
0 0.00963818
0 0.00956296
0 0.00948775
0 0.00941254
0 0.00933733
0 0.00926211
0 0.0091869
0 0.00911169
0 0.00903648
0 0.00896127
0 0.00888605
0 0.00881084
0 0.00873563
0 0.00866042
0 0.00858521
0 0.00850999
0 0.00843478
0 0.00835957
0 0.00828436
0 0.00820914
0 0.00813393
0 0.00805872
0 0.00798351
0 0.0079083
0 0.00783308
0 0.00775787
0 0.00768266
0 0.00760745
0 0.00753224
0 0.00745702
0 0.00738181
0 0.0072998
0 0.00718944
0 0.00707909
0 0.00696873
0 0.00685837
0 0.00674801
0 0.00663766
0 0.0065273
0 0.00641694
0 0.00630658
0 0.00619623
0 0.00608587
0 0.00597551
0 0.00589796
0 0.00582432
0 0.00575068
0 0.00567704
0 0.0056034
0 0.00552976
0 0.00545612
0 0.00538248
0 0.00530884
0 0.00523519
0 0.00516155
0 0.00508791
0 0.00501427
0 0.00494063
0 0.00486699
0 0.00479335
0 0.00471971
0 0.00464607
0 0.00457243
0 0.00449879
0 0.00442515
0 0.0043515
0 0.00427786
0 0.00420422
0 0.00413058
0 0.00405694
0 0.0039833
0 0.00390966
0 0.00383602
0 0.00376238
0 0.00368874
0 0.0036151
0 0.00354146
0 0.00346781
0 0.00339417
0 0.00332053
0 0.00324689
0 0.00317325
0 0.00309961
0 0.00302597
0 0.00295233
0 0.00287869
0 0.00280505
0 0.00273141
0 0.00265777
0 0.00258413
0 0.00251048
0 0.00243684
0 0.0023632
0 0.00228956
0 0.00221592
0 0.00214228
0 0.00206864
0 0.001995
0 0.00192136
0 0.00184772
0 0.00177408
0 0.00170044
0 0.00162679
0 0.00155315
0 0.00147951
0 0.00140587
0 0.00133223
0 0.00125859
0 0.00118495
0 0.00111131
0 0.00103767
0 0.000964027
0 0.000890387
0 0.000816746
0 0.000743105
0 0.000669464
0 0.000595823
0 0.000522183
0 0.000448542
0 0.000374901
0 0.00030126
0 0.000227619
0 0.000153979
0 8.03378e-05
0 6.69701e-06
-0.00730968 -1.50741e-05
-0.0174766 -1.65704e-05
-0.0276435 -1.80667e-05
-0.0378104 -1.9563e-05
-0.0479773 -2.10593e-05
-0.0581442 -2.25556e-05
-0.0683111 -2.40519e-05
-0.078478 -2.55482e-05
-0.0886449 -2.70445e-05
-0.0988118 -2.85408e-05
-0.108979 -3.00371e-05
-0.119146 -3.15334e-05
-0.129312 -3.30297e-05
-0.139479 -3.4526e-05
-0.149646 -3.60223e-05
-0.159813 -3.75186e-05
-0.16998 -3.90149e-05
-0.180147 -4.05112e-05
-0.190314 -4.20075e-05
-0.200481 -4.35037e-05
-0.210648 -4.5e-05
-0.220815 -4.64963e-05
-0.230981 -4.79926e-05
-0.241148 -4.94889e-05
-0.251315 -5.09852e-05
-0.261482 -5.24815e-05
-0.271649 -5.39778e-05
-0.281816 -5.54741e-05
-0.291983 -5.69704e-05
-0.30215 -5.84667e-05
-0.312317 -5.9963e-05
-0.322484 -6.14593e-05
-0.33265 -6.29556e-05
-0.342817 -6.44519e-05
-0.352984 -6.59482e-05
-0.363151 -6.74445e-05
-0.3119 -5.99626e-05
-0.26065 -5.24807e-05
-0.209399 -4.49989e-05
-0.158148 -3.7517e-05
-0.106897 -3.00351e-05
-0.0556463 -2.25532e-05
-0.00439545 -1.50714e-05
0 4.51111e-05
0 0.000110237
0 0.000175363
0 0.00024049
0 0.000305616
0 0.000370742
0 0.000435868
0 0.000500994
0 0.000566121
0 0.000631247
0 0.000696373
0 0.000761499
0 0.000826626
0 0.000891752
0 0.000956878
0 0.001022
0 0.00108713
0 0.00115226
0 0.00121738
0 0.00128251
0 0.00134764
0 0.00141276
0 0.00147789
0 0.00154301
0 0.00160814
0 0.00167327
0 0.00173839
0 0.00180352
0 0.00186864
0 0.00193377
0 0.0019989
0 0.00206402
0 0.00212915
0 0.00219428
0 0.0022594
0 0.00232453
0 0.00238965
0 0.00245478
0 0.00251991
0 0.00258503
0 0.00265016
0 0.00271529
0 0.00278041
0 0.00284554
0 0.00291066
0 0.00297579
0 0.00304092
0 0.00310604
0 0.00317117
0 0.00323604
0 0.00328657
0 0.00334098
0 0.0033954
0 0.00344981
0 0.00350423
0 0.00355864
0 0.00361306
0 0.00366748
0 0.00372189
0 0.00377631
0 0.00383072
0 0.00388514
0 0.00393955
0 0.00399397
0 0.00404838
0 0.0041028
0 0.00415722
0 0.00421163
0 0.00426605
0 0.00432046
0 0.00437488
0 0.00442929
0 0.00448371
0 0.00453813
0 0.00459254
0 0.00464696
0 0.00470137
0 0.00475579
0 0.0048102
0 0.00486462
0 0.00491904
0 0.00497345
0 0.00502787
0 0.00508228
0 0.0051367
0 0.00519111
0 0.00524553
0 0.00529994
0 0.00535436
0 0.00540878
0 0.00546319
0 0.00551761
0 0.00557202
0 0.00562644
0 0.00568085
0 0.00573527
0 0.00578969
0 0.0058441
0 0.00589852
0 0.00595293
0 0.00600735
0 0.00606176
0 0.00611618
0 0.0061706
0 0.00621967
0 0.00623926
0 0.00625884
0 0.00627843
0 0.00629801
0 0.0063176
0 0.00633719
0 0.00635677
0 0.00637636
0 0.00639594
0 0.00641553
0 0.00643512
0 0.0064547
0 0.00650745
0 0.00656354
0 0.00661962
0 0.0066757
0 0.00673178
0 0.00678787
0 0.00684395
0 0.00690003
0 0.00695612
0 0.0070122
0 0.00706828
0 0.00712437
0 0.00718045
0 0.00723653
0 0.00729262
0 0.0073487
0 0.00740478
0 0.00746087
0 0.00751695
0 0.00757303
0 0.00762912
0 0.0076852
0 0.00774128
0 0.00779736
0 0.00785345
0 0.00790953
0 0.00796561
0 0.0080217
0 0.00807778
0 0.00813386
0 0.00818995
0 0.00824603
0 0.00830211
0 0.0083582
0 0.00841428
0 0.00847036
0 0.00852645
0 0.00858253
0 0.00863861
0 0.0086947
0 0.00875078
0 0.00880686
0 0.00886295
0 0.00891903
0 0.00897511
0 0.00903119
0 0.00908728
0 0.00914336
0 0.00919944
0 0.00925553
0 0.00931161
0 0.00936769
0 0.00942378
0 0.00947986
0 0.00953594
0 0.00959203
0 0.00964811
0 0.00970419
0 0.00976028
0 0.00981636
0 0.00987244
0 0.00992853
0 0.00998461
0 0.0100407
0 0.0100968
0 0.0101529
0 0.0102089
0 0.010265
0 0.0103211
0 0.0103772
0 0.0104333
0 0.0104894
0 0.0105454
0 0.0106015
0 0.0106576
0 0.0107137
0 0.0107698
0 0.0108259
0 0.0108819
0 0.010938
0 0.0109941
0 0.0110587
0 0.0111875
0 0.0113162
0 0.0114449
0 0.0115737
0 0.0117024
0 0.0118312
0 0.0119599
0 0.0120887
0 0.0122174
0 0.0123462
0 0.0124749
0 0.0126036
0 0.0127324
0 0.0128611
0 0.0129899
0 0.0131186
0 0.0132474
0 0.0133761
0 0.0135049
0 0.0136336
0 0.0137623
0 0.0138911
0 0.0140198
0 0.0141486
0 0.0142773
0 0.0144061
0 0.0145348
0 0.0146636
0 0.0147923
0 0.014921
0 0.0150498
0 0.0151785
0 0.0153073
0 0.015436
0 0.0155648
0 0.015442
0 0.0153192
0 0.0151964
0 0.0150737
0 0.0149509
0 0.0148281
0 0.0147055
0 0.0146387
0 0.0145735
0 0.0145084
0 0.0144433
0 0.0143782
0 0.014313
0 0.0142479
0 0.0141828
0 0.0141177
0 0.0140525
0 0.0139874
0 0.0139223
0 0.0138572
0 0.013792
0 0.0137269
0 0.0136618
0 0.0135967
0 0.0135315
0 0.0134664
0 0.0134013
0 0.0133362
0 0.013271
0 0.0132059
0 0.0131408
0 0.0130756
0 0.0130105
0 0.0129454
0 0.0128803
0 0.0128151
0 0.01275
0 0.0126849
0 0.0126198
0 0.0125546
0 0.0124895
0 0.0124244
0 0.0123593
0 0.0122941
0 0.012229
0 0.0121639
0 0.0120988
0 0.0120336
0 0.0119685
0 0.0119034
0 0.0118382
0 0.0117731
0 0.011708
0 0.0116429
0 0.0115777
0 0.0115126
0 0.0114474
0 0.0113681
0 0.0112928
0 0.0112176
0 0.0111424
0 0.0110672
0 0.010992
0 0.0109168
0 0.0108416
0 0.0107664
0 0.0106911
0 0.0106159
0 0.0105407
0 0.0104655
0 0.0103903
0 0.0103151
0 0.0102399
0 0.0101647
0 0.0100894
0 0.0100142
0 0.00993902
0 0.00986381
0 0.0097886
0 0.00971339
0 0.00963818
0 0.00956296
0 0.00948775
0 0.00941254
0 0.00933733
0 0.00926211
0 0.0091869
0 0.00911169
0 0.00903648
0 0.00896127
0 0.00888605
0 0.00881084
0 0.00873563
0 0.00866042
0 0.00858521
0 0.00850999
0 0.00843478
0 0.00835957
0 0.00828436
0 0.00820914
0 0.00813393
0 0.00805872
0 0.00798351
0 0.0079083
0 0.00783308
0 0.00775787
0 0.00768266
0 0.00760745
0 0.00753224
0 0.00745702
0 0.00738181
0 0.0072998
0 0.00718944
0 0.00707909
0 0.00696873
0 0.00685837
0 0.00674801
0 0.00663766
0 0.0065273
0 0.00641694
0 0.00630658
0 0.00619623
0 0.00608587
0 0.00597551
0 0.00589796
0 0.00582432
0 0.00575068
0 0.00567704
0 0.0056034
0 0.00552976
0 0.00545612
0 0.00538248
0 0.00530884
0 0.00523519
0 0.00516155
0 0.00508791
0 0.00501427
0 0.00494063
0 0.00486699
0 0.00479335
0 0.00471971
0 0.00464607
0 0.00457243
0 0.00449879
0 0.00442515
0 0.0043515
0 0.00427786
0 0.00420422
0 0.00413058
0 0.00405694
0 0.0039833
0 0.00390966
0 0.00383602
0 0.00376238
0 0.00368874
0 0.0036151
0 0.00354146
0 0.00346781
0 0.00339417
0 0.00332053
0 0.00324689
0 0.00317325
0 0.00309961
0 0.00302597
0 0.00295233
0 0.00287869
0 0.00280505
0 0.00273141
0 0.00265777
0 0.00258413
0 0.00251048
0 0.00243684
0 0.0023632
0 0.00228956
0 0.00221592
0 0.00214228
0 0.00206864
0 0.001995
0 0.00192136
0 0.00184772
0 0.00177408
0 0.00170044
0 0.00162679
0 0.00155315
0 0.00147951
0 0.00140587
0 0.00133223
0 0.00125859
0 0.00118495
0 0.00111131
0 0.00103767
0 0.000964028
0 0.000890387
0 0.000816746
0 0.000743105
0 0.000669464
0 0.000595823
0 0.000522183
0 0.000448542
0 0.000374901
0 0.00030126
0 0.000227619
0 0.000153979
0 8.03378e-05
0 6.69703e-06
-0.00730968 -1.50741e-05
-0.0174766 -1.65704e-05
-0.0276435 -1.80667e-05
-0.0378104 -1.9563e-05
-0.0479773 -2.10593e-05
-0.0581442 -2.25556e-05
-0.0683111 -2.40519e-05
-0.078478 -2.55482e-05
-0.0886449 -2.70445e-05
-0.0988118 -2.85408e-05
-0.108979 -3.00371e-05
-0.119146 -3.15334e-05
-0.129312 -3.30297e-05
-0.139479 -3.4526e-05
-0.149646 -3.60223e-05
-0.159813 -3.75186e-05
-0.16998 -3.90149e-05
-0.180147 -4.05112e-05
-0.190314 -4.20075e-05
-0.200481 -4.35037e-05
-0.210648 -4.5e-05
-0.220815 -4.64963e-05
-0.230981 -4.79926e-05
-0.241148 -4.94889e-05
-0.251315 -5.09852e-05
-0.261482 -5.24815e-05
-0.271649 -5.39778e-05
-0.281816 -5.54741e-05
-0.291983 -5.69704e-05
-0.30215 -5.84667e-05
-0.312317 -5.9963e-05
-0.322484 -6.14593e-05
-0.33265 -6.29556e-05
-0.342817 -6.44519e-05
-0.352984 -6.59482e-05
-0.363151 -6.74445e-05
-0.364471 -6.76387e-05
-0.365791 -6.7833e-05
-0.367111 -6.80272e-05
-0.368431 -6.82215e-05
-0.369751 -6.84158e-05
-0.371071 -6.861e-05
-0.372391 -6.88043e-05
-0.373711 -6.89985e-05
-0.37503 -6.91928e-05
-0.37635 -6.9387e-05
-0.37767 -6.95813e-05
-0.37899 -6.97755e-05
-0.38031 -6.99698e-05
-0.38163 -7.01641e-05
-0.38295 -7.03583e-05
-0.38427 -7.05526e-05
-0.38559 -7.07468e-05
-0.38691 -7.09411e-05
-0.38823 -7.11353e-05
-0.38955 -7.13296e-05
-0.390869 -7.15239e-05
-0.392189 -7.17181e-05
-0.393509 -7.19124e-05
-0.394829 -7.21066e-05
-0.396149 -7.23009e-05
-0.397469 -7.24951e-05
-0.398789 -7.26894e-05
-0.400109 -7.28836e-05
-0.401429 -7.30779e-05
-0.402749 -7.32722e-05
-0.404069 -7.34664e-05
-0.405388 -7.36607e-05
-0.406708 -7.38549e-05
-0.408028 -7.40492e-05
-0.409348 -7.42434e-05
-0.410668 -7.44377e-05
-0.411988 -7.46319e-05
-0.413308 -7.48262e-05
-0.414628 -7.50205e-05
-0.415948 -7.52147e-05
-0.364697 -6.77328e-05
-0.313446 -6.0251e-05
-0.262195 -5.27691e-05
-0.210945 -4.52872e-05
-0.159694 -3.78054e-05
-0.108443 -3.03235e-05
-0.0571921 -2.28416e-05
-0.00594125 -1.53597e-05
0 4.3084e-05
0 0.00010821
0 0.000173336
0 0.000238463
0 0.000303589
0 0.000368715
0 0.000433841
0 0.000498967
0 0.000564094
0 0.00062922
0 0.000694346
0 0.000759472
0 0.000824598
0 0.000889725
0 0.000954851
0 0.00101998
0 0.0010851
0 0.00115023
0 0.00121536
0 0.00128048
0 0.00134561
0 0.00141073
0 0.00147586
0 0.00154099
0 0.00160611
0 0.00167124
0 0.00173637
0 0.00180149
0 0.00186662
0 0.00193174
0 0.00199687
0 0.002062
0 0.00212712
0 0.00219225
0 0.00225737
0 0.0023225
0 0.00238763
0 0.00245275
0 0.00251788
0 0.00258301
0 0.00264813
0 0.00271326
0 0.00277838
0 0.00284351
0 0.00290864
0 0.00297376
0 0.00303889
0 0.00310402
0 0.00316914
0 0.00323191
0 0.00327289
0 0.00331777
0 0.00336264
0 0.00340751
0 0.00345238
0 0.00349726
0 0.00354213
0 0.003587
0 0.00363187
0 0.00367675
0 0.00372162
0 0.00376649
0 0.00381136
0 0.00385624
0 0.00390111
0 0.00394598
0 0.00399085
0 0.00403573
0 0.0040806
0 0.00412547
0 0.00417034
0 0.00421522
0 0.00426009
0 0.00430496
0 0.00434983
0 0.0043947
0 0.00443958
0 0.00448445
0 0.00452932
0 0.00457419
0 0.00461907
0 0.00466394
0 0.00470881
0 0.00475368
0 0.00479856
0 0.00484343
0 0.0048883
0 0.00493317
0 0.00497805
0 0.00502292
0 0.00506779
0 0.00511266
0 0.00515754
0 0.00520241
0 0.00524728
0 0.00529215
0 0.00533703
0 0.0053819
0 0.00542677
0 0.00547164
0 0.00551652
0 0.00556139
0 0.00560626
0 0.00565113
0 0.00569601
0 0.00574088
0 0.00578575
0 0.00583062
0 0.00587549
0 0.00592037
0 0.00596524
0 0.00601011
0 0.00605498
0 0.00609986
0 0.00614473
0 0.0061896
0 0.00621962
0 0.00623507
0 0.00625052
0 0.00626597
0 0.00628142
0 0.00629686
0 0.00631231
0 0.00632776
0 0.00634321
0 0.00635866
0 0.00637411
0 0.00638955
0 0.006405
0 0.00642045
0 0.0064359
0 0.00645135
0 0.00649795
0 0.00654549
0 0.00659303
0 0.00664058
0 0.00668812
0 0.00673567
0 0.00678321
0 0.00683075
0 0.0068783
0 0.00692584
0 0.00697339
0 0.00702093
0 0.00706848
0 0.00711602
0 0.00716356
0 0.00721111
0 0.00725865
0 0.0073062
0 0.00735374
0 0.00740129
0 0.00744883
0 0.00749637
0 0.00754392
0 0.00759146
0 0.00763901
0 0.00768655
0 0.0077341
0 0.00778164
0 0.00782918
0 0.00787673
0 0.00792427
0 0.00797182
0 0.00801936
0 0.00806691
0 0.00811445
0 0.00816199
0 0.00820954
0 0.00825708
0 0.00830463
0 0.00835217
0 0.00839971
0 0.00844726
0 0.0084948
0 0.00854235
0 0.00858989
0 0.00863744
0 0.00868498
0 0.00873252
0 0.00878007
0 0.00882761
0 0.00887516
0 0.0089227
0 0.00897025
0 0.00901779
0 0.00906533
0 0.00911288
0 0.00916042
0 0.00920797
0 0.00925551
0 0.00930306
0 0.0093506
0 0.00939814
0 0.00944569
0 0.00949323
0 0.00954078
0 0.00958832
0 0.00963586
0 0.00968341
0 0.00973095
0 0.0097785
0 0.00982604
0 0.00987359
0 0.00992113
0 0.00996867
0 0.0100162
0 0.0100638
0 0.0101113
0 0.0101589
0 0.0102064
0 0.0102539
0 0.0103015
0 0.010349
0 0.0103966
0 0.0104441
0 0.0104917
0 0.0105392
0 0.0105867
0 0.0106343
0 0.0106818
0 0.0107294
0 0.0107769
0 0.0108245
0 0.010872
0 0.0109196
0 0.0109671
0 0.0110146
0 0.0110622
0 0.0111097
0 0.0111573
0 0.0112048
0 0.0112524
0 0.0112999
0 0.0113475
0 0.011395
0 0.0114425
0 0.0114901
0 0.0115376
0 0.0115852
0 0.0116327
0 0.0116803
0 0.0117278
0 0.0118392
0 0.011968
0 0.0120967
0 0.0122254
0 0.0123542
0 0.0124829
0 0.0126117
0 0.0127404
0 0.0128691
0 0.0129979
0 0.0131266
0 0.0132554
0 0.0133841
0 0.0135129
0 0.0136416
0 0.0137703
0 0.0138991
0 0.0140278
0 0.0141566
0 0.0142853
0 0.0144141
0 0.0145428
0 0.0146715
0 0.0148003
0 0.014929
0 0.0150578
0 0.0151865
0 0.0153152
0 0.015444
0 0.0155728
0 0.0157029
0 0.0158329
0 0.015963
0 0.016093
0 0.0162231
0 0.0163532
0 0.0164832
0 0.0166133
0 0.0167433
0 0.0168734
0 0.0170034
0 0.0171335
0 0.0172636
0 0.0173936
0 0.0175237
0 0.0176537
0 0.0177838
0 0.0179139
0 0.0180439
0 0.018174
0 0.018304
0 0.0184341
0 0.0185641
0 0.0186942
0 0.0188243
0 0.0189543
0 0.0190844
0 0.0192144
0 0.0193445
0 0.0194745
0 0.0196046
0 0.0197347
0 0.0198647
0 0.0199948
0 0.0201248
0 0.0202549
0 0.020385
0 0.020515
0 0.0206451
0 0.0207751
0 0.0209052
0 0.0207824
0 0.0206596
0 0.0205369
0 0.0204141
0 0.0202913
0 0.0201686
0 0.020046
0 0.0199797
0 0.0199145
0 0.0198494
0 0.0197843
0 0.0197192
0 0.019654
0 0.0195889
0 0.0195238
0 0.0194587
0 0.0193935
0 0.0193284
0 0.0192633
0 0.0191981
0 0.019133
0 0.0190679
0 0.0190028
0 0.0189376
0 0.0188725
0 0.0188074
0 0.0187423
0 0.0186771
0 0.018612
0 0.0185469
0 0.0184818
0 0.0184166
0 0.0183515
0 0.0182864
0 0.0182213
0 0.0181561
0 0.018091
0 0.0180259
0 0.0179607
0 0.0178956
0 0.0178305
0 0.0177654
0 0.0177002
0 0.0176351
0 0.01757
0 0.0175049
0 0.0174397
0 0.0173746
0 0.0173095
0 0.0172444
0 0.0171792
0 0.0171141
0 0.017049
0 0.0169839
0 0.0169187
0 0.0168536
0 0.0167885
0 0.0167234
0 0.0166552
0 0.0165716
0 0.0164974
0 0.0164232
0 0.0163491
0 0.0162749
0 0.0162007
0 0.0161266
0 0.0160524
0 0.0159782
0 0.0159041
0 0.0158299
0 0.0157557
0 0.0156815
0 0.0156074
0 0.0155332
0 0.015459
0 0.0153849
0 0.0153107
0 0.0152365
0 0.0151624
0 0.0150882
0 0.015014
0 0.0149398
0 0.0148657
0 0.0147915
0 0.0147173
0 0.0146432
0 0.014569
0 0.0144948
0 0.0144207
0 0.0143465
0 0.0142723
0 0.0141981
0 0.014124
0 0.0140498
0 0.0139756
0 0.0139015
0 0.0138273
0 0.0137531
0 0.013679
0 0.0136048
0 0.0135306
0 0.0134564
0 0.0133823
0 0.0133081
0 0.0132339
0 0.0131598
0 0.0130856
0 0.0130114
0 0.0129372
0 0.0128631
0 0.0127889
0 0.0127147
0 0.0126406
0 0.0125664
0 0.0124922
0 0.0124181
0 0.0123439
0 0.0122697
0 0.0121955
0 0.0121214
0 0.0120472
0 0.011973
0 0.0118989
0 0.0118247
0 0.0117505
0 0.0116764
0 0.0116022
0 0.011528
0 0.0114538
0 0.0113797
0 0.0113055
0 0.0112313
0 0.0111572
0 0.011083
0 0.0110088
0 0.0109164
0 0.0108073
0 0.0106982
0 0.010589
0 0.0104799
0 0.0103708
0 0.0102617
0 0.0101525
0 0.0100434
0 0.0099343
0 0.00982517
0 0.00971605
0 0.00960692
0 0.0094978
0 0.00938867
0 0.00927955
0 0.00917042
0 0.0090613
0 0.00895217
0 0.00884305
0 0.00873392
0 0.0086248
0 0.00851567
0 0.00843063
0 0.00835752
0 0.0082844
0 0.00821128
0 0.00813817
0 0.00806505
0 0.00799194
0 0.00791882
0 0.0078457
0 0.00777259
0 0.00769947
0 0.00762636
0 0.00755324
0 0.00748012
0 0.00740701
0 0.00733389
0 0.00726078
0 0.00718766
0 0.00711454
0 0.00704143
0 0.00696831
0 0.0068952
0 0.00682208
0 0.00674896
0 0.00667585
0 0.00660273
0 0.00652961
0 0.0064565
0 0.00638338
0 0.00631027
0 0.00623715
0 0.00616403
0 0.00609092
0 0.0060178
0 0.00594469
0 0.00587157
0 0.00579845
0 0.00572534
0 0.00565222
0 0.00557911
0 0.00550599
0 0.00543287
0 0.00535976
0 0.00528664
0 0.00521353
0 0.00514041
0 0.00506729
0 0.00499418
0 0.00492106
0 0.00484795
0 0.00477483
0 0.00470171
0 0.0046286
0 0.00455548
0 0.00448237
0 0.00440925
0 0.00433613
0 0.00426302
0 0.0041899
0 0.00411679
0 0.00404367
0 0.00397055
0 0.00389744
0 0.00382432
0 0.00375121
0 0.00367809
0 0.00360497
0 0.00353186
0 0.00345874
0 0.00338563
0 0.00331251
0 0.00323939
0 0.00316628
0 0.00309316
0 0.00302005
0 0.00294693
0 0.00287381
0 0.0028007
0 0.00272758
0 0.00265447
0 0.00258135
0 0.00250823
0 0.00243512
0 0.002362
0 0.00228889
0 0.00221577
0 0.00214265
0 0.00206954
0 0.00199642
0 0.00192331
0 0.00185019
0 0.00177707
0 0.00170396
0 0.00163084
0 0.00155773
0 0.00148461
0 0.00141149
0 0.00133838
0 0.00126526
0 0.00119215
0 0.00111903
0 0.00104591
0 0.000972798
0 0.000899682
0 0.000826566
0 0.00075345
0 0.000680334
0 0.000607218
0 0.000534102
0 0.000460986
0 0.00038787
0 0.000314754
0 0.000241638
0 0.000168522
0 9.54057e-05
0 2.22896e-05
-0.00381597 -1.456e-05
-0.0113919 -1.56749e-05
-0.0189679 -1.67899e-05
-0.0265439 -1.79049e-05
-0.0341199 -1.90199e-05
-0.0416958 -2.01349e-05
-0.0492718 -2.12498e-05
-0.0568478 -2.23648e-05
-0.0644238 -2.34798e-05
-0.0719997 -2.45948e-05
-0.0795757 -2.57098e-05
-0.0871517 -2.68247e-05
-0.0947277 -2.79397e-05
-0.102304 -2.90547e-05
-0.10988 -3.01697e-05
-0.117456 -3.12847e-05
-0.125032 -3.23996e-05
-0.132608 -3.35146e-05
-0.140184 -3.46296e-05
-0.147759 -3.57446e-05
-0.155335 -3.68596e-05
-0.162911 -3.79745e-05
-0.170487 -3.90895e-05
-0.178063 -4.02045e-05
-0.185639 -4.13195e-05
-0.193215 -4.24345e-05
-0.200791 -4.35495e-05
-0.208367 -4.46644e-05
-0.215943 -4.57794e-05
-0.223519 -4.68944e-05
-0.231095 -4.80094e-05
-0.238671 -4.91244e-05
-0.246247 -5.02393e-05
-0.253823 -5.13543e-05
-0.261399 -5.24693e-05
-0.268975 -5.35843e-05
-0.276551 -5.46993e-05
-0.284127 -5.58142e-05
-0.291703 -5.69292e-05
-0.299279 -5.80442e-05
-0.306855 -5.91592e-05
-0.314431 -6.02742e-05
-0.322007 -6.13891e-05
-0.329583 -6.25041e-05
-0.337159 -6.36191e-05
-0.344735 -6.47341e-05
-0.352311 -6.58491e-05
-0.359487 -6.69052e-05
-0.308236 -5.94234e-05
-0.256986 -5.19415e-05
-0.205735 -4.44596e-05
-0.154484 -3.69778e-05
-0.103233 -2.94959e-05
-0.0519824 -2.2014e-05
-0.000955961 -1.42797e-05
0 4.97713e-05
0 0.000114897
0 0.000180024
0 0.00024515
0 0.000310276
0 0.000375402
0 0.000440528
0 0.000505655
0 0.000570781
0 0.000635907
0 0.000701033
0 0.000766159
0 0.000831286
0 0.000896412
0 0.000961538
0 0.00102666
0 0.00109179
0 0.00115692
0 0.00122204
0 0.00128717
0 0.0013523
0 0.00141742
0 0.00148255
0 0.00154767
0 0.0016128
0 0.00167793
0 0.00174305
0 0.00180818
0 0.0018733
0 0.00193843
0 0.00200356
0 0.00206868
0 0.00213381
0 0.00219894
0 0.00226406
0 0.00232919
0 0.00239431
0 0.00245944
0 0.00252457
0 0.00258969
0 0.00265482
0 0.00271995
0 0.00278507
0 0.0028502
0 0.00291532
0 0.00298045
0 0.00304558
0 0.0031107
0 0.00317583
0 0.00324096
0 0.00330608
0 0.00336824
0 0.00341486
0 0.00347096
0 0.00352707
0 0.00358317
0 0.00363928
0 0.00369538
0 0.00375149
0 0.00380759
0 0.0038637
0 0.0039198
0 0.00397591
0 0.00403201
0 0.00408812
0 0.00414422
0 0.00420032
0 0.00425643
0 0.00431253
0 0.00436864
0 0.00442474
0 0.00448085
0 0.00453695
0 0.00459306
0 0.00464916
0 0.00470527
0 0.00476137
0 0.00481748
0 0.00487358
0 0.00492969
0 0.00498579
0 0.00504189
0 0.005098
0 0.0051541
0 0.00521021
0 0.00526631
0 0.00532242
0 0.00537852
0 0.00543463
0 0.00549073
0 0.00554684
0 0.00560294
0 0.00565905
0 0.00571515
0 0.00577126
0 0.00582736
0 0.00588346
0 0.00593957
0 0.00599567
0 0.00605178
0 0.00610788
0 0.00616399
0 0.00622009
0 0.0062762
0 0.0063323
0 0.00638841
0 0.00644451
0 0.00650062
0 0.00655672
0 0.00661283
0 0.00666893
0 0.00672503
0 0.00678114
0 0.00683724
0 0.00689335
0 0.00694945
0 0.00700556
0 0.00706166
0 0.00711777
0 0.00717387
0 0.00722998
0 0.00728608
0 0.00734219
0 0.00739829
0 0.0074544
0 0.0075105
0 0.0075666
0 0.00762271
0 0.00766126
0 0.0076824
0 0.00770354
0 0.00772468
0 0.00774582
0 0.00776696
0 0.0077881
0 0.00780924
0 0.00783038
0 0.00785152
0 0.00787266
0 0.0078938
0 0.00791494
0 0.00793608
0 0.00795722
0 0.00797836
0 0.0079995
0 0.00802064
0 0.00804178
0 0.00806292
0 0.00808406
0 0.0081052
0 0.00812634
0 0.00817039
0 0.00822755
0 0.00828471
0 0.00834186
0 0.00839902
0 0.00845617
0 0.00851333
0 0.00857049
0 0.00862764
0 0.0086848
0 0.00874195
0 0.00879911
0 0.00885627
0 0.00891342
0 0.00897058
0 0.00902773
0 0.00908489
0 0.00914205
0 0.0091992
0 0.00925636
0 0.00931352
0 0.00937067
0 0.00942783
0 0.00948498
0 0.00954214
0 0.0095993
0 0.00965645
0 0.00971361
0 0.00977076
0 0.00982792
0 0.00988508
0 0.00994223
0 0.00999939
0 0.0100565
0 0.0101137
0 0.0101709
0 0.010228
0 0.0102852
0 0.0103423
0 0.0103995
0 0.0104566
0 0.0105138
0 0.0105709
0 0.0106281
0 0.0106853
0 0.0107424
0 0.0107996
0 0.0108567
0 0.0109139
0 0.010971
0 0.0110282
0 0.0110854
0 0.0111425
0 0.0111997
0 0.0112568
0 0.011314
0 0.0113711
0 0.0114283
0 0.0114854
0 0.0115426
0 0.0115998
0 0.0116569
0 0.0117141
0 0.0117712
0 0.0118284
0 0.0118855
0 0.0119427
0 0.0119998
0 0.012057
0 0.0121142
0 0.0121713
0 0.0122285
0 0.0122856
0 0.0123428
0 0.0123999
0 0.0124571
0 0.0125143
0 0.0125714
0 0.0126286
0 0.0126857
0 0.0127429
0 0.0128
0 0.0128572
0 0.0129143
0 0.0129715
0 0.0130287
0 0.0130858
0 0.013143
0 0.0132001
0 0.0132573
0 0.0133144
0 0.0133716
0 0.0134288
0 0.0134859
0 0.0135431
0 0.0136002
0 0.0136574
0 0.0137145
0 0.0137717
0 0.0138288
0 0.013886
0 0.0139432
0 0.0140003
0 0.0140575
0 0.0141146
0 0.0141718
0 0.0142289
0 0.0142861
0 0.0143432
0 0.0144004
0 0.0144576
0 0.0145147
0 0.0145719
0 0.014629
0 0.0146862
0 0.0147433
0 0.0148357
0 0.0149648
0 0.0150939
0 0.0152231
0 0.0153522
0 0.0154814
0 0.0156105
0 0.0157396
0 0.0158688
0 0.0159979
0 0.0161271
0 0.0162562
0 0.0163853
0 0.0165145
0 0.0166436
0 0.0167727
0 0.0169019
0 0.017031
0 0.0171602
0 0.0172893
0 0.0174184
0 0.0175476
0 0.0176767
0 0.0178059
0 0.017935
0 0.0180641
0 0.0181933
0 0.0183224
0 0.0184516
0 0.0185807
0 0.0187098
0 0.018839
0 0.0189681
0 0.0190972
0 0.0192264
0 0.0193555
0 0.0194847
0 0.0196138
0 0.0197429
0 0.0198721
0 0.0200012
0 0.0201304
0 0.0202595
0 0.0203886
0 0.0205178
0 0.0206469
0 0.0207761
0 0.0209052
0 0.0207824
0 0.0206597
0 0.0205369
0 0.0204141
0 0.0202913
0 0.0201686
0 0.020046
0 0.0199797
0 0.0199146
0 0.0198495
0 0.0197844
0 0.0197192
0 0.0196541
0 0.019589
0 0.0195239
0 0.0194587
0 0.0193936
0 0.0193285
0 0.0192634
0 0.0191982
0 0.0191331
0 0.019068
0 0.0190029
0 0.0189377
0 0.0188726
0 0.0188075
0 0.0187423
0 0.0186772
0 0.0186121
0 0.018547
0 0.0184818
0 0.0184167
0 0.0183516
0 0.0182865
0 0.0182213
0 0.0181562
0 0.0180911
0 0.018026
0 0.0179608
0 0.0178957
0 0.0178306
0 0.0177655
0 0.0177003
0 0.0176352
0 0.0175701
0 0.0175049
0 0.0174398
0 0.0173747
0 0.0173096
0 0.0172444
0 0.0171793
0 0.0171142
0 0.0170491
0 0.0169839
0 0.0169188
0 0.0168537
0 0.0167886
0 0.0167234
0 0.0166553
0 0.0165717
0 0.0164975
0 0.0164234
0 0.0163492
0 0.0162751
0 0.0162009
0 0.0161268
0 0.0160526
0 0.0159784
0 0.0159043
0 0.0158301
0 0.015756
0 0.0156818
0 0.0156077
0 0.0155335
0 0.0154594
0 0.0153852
0 0.0153111
0 0.0152369
0 0.0151627
0 0.0150886
0 0.0150144
0 0.0149403
0 0.0148661
0 0.014792
0 0.0147178
0 0.0146437
0 0.0145695
0 0.0144953
0 0.0144212
0 0.014347
0 0.0142729
0 0.0141987
0 0.0141246
0 0.0140504
0 0.0139763
0 0.0139021
0 0.0138279
0 0.0137538
0 0.0136796
0 0.0136055
0 0.0135313
0 0.0134572
0 0.013383
0 0.0133089
0 0.0132347
0 0.0131605
0 0.0130864
0 0.0130122
0 0.0129381
0 0.0128639
0 0.0127898
0 0.0127156
0 0.0126415
0 0.0125673
0 0.0124931
0 0.012419
0 0.0123448
0 0.0122707
0 0.0121965
0 0.0121224
0 0.0120482
0 0.0119741
0 0.0118999
0 0.0118257
0 0.0117516
0 0.0116774
0 0.0116033
0 0.0115291
0 0.011455
0 0.0113808
0 0.0113067
0 0.0112325
0 0.0111583
0 0.0110842
0 0.01101
0 0.0109182
0 0.0108091
0 0.0107
0 0.0105909
0 0.0104818
0 0.0103726
0 0.0102635
0 0.0101544
0 0.0100453
0 0.00993617
0 0.00982705
0 0.00971794
0 0.00960882
0 0.0094997
0 0.00939059
0 0.00928147
0 0.00917235
0 0.00906324
0 0.00895412
0 0.008845
0 0.00873589
0 0.00862677
0 0.00851765
0 0.00843161
0 0.0083585
0 0.0082854
0 0.0082123
0 0.00813919
0 0.00806609
0 0.00799299
0 0.00791988
0 0.00784678
0 0.00777368
0 0.00770058
0 0.00762747
0 0.00755437
0 0.00748127
0 0.00740816
0 0.00733506
0 0.00726196
0 0.00718885
0 0.00711575
0 0.00704265
0 0.00696954
0 0.00689644
0 0.00682334
0 0.00675023
0 0.00667713
0 0.00660403
0 0.00653093
0 0.00645782
0 0.00638472
0 0.00631162
0 0.00623851
0 0.00616541
0 0.00609231
0 0.0060192
0 0.0059461
0 0.005873
0 0.00579989
0 0.00572679
0 0.00565369
0 0.00558059
0 0.00550748
0 0.00543438
0 0.00536128
0 0.00528817
0 0.00521507
0 0.00514197
0 0.00506886
0 0.00499576
0 0.00492266
0 0.00484955
0 0.00477645
0 0.00470335
0 0.00463025
0 0.00455714
0 0.00448404
0 0.00441094
0 0.00433783
0 0.00426473
0 0.00419163
0 0.00411852
0 0.00404542
0 0.00397232
0 0.00389921
0 0.00382611
0 0.00375301
0 0.00367991
0 0.0036068
0 0.0035337
0 0.0034606
0 0.00338749
0 0.00331439
0 0.00324129
0 0.00316818
0 0.00309508
0 0.00302198
0 0.00294887
0 0.00287577
0 0.00280267
0 0.00272957
0 0.00265646
0 0.00258336
0 0.00251026
0 0.00243715
0 0.00236405
0 0.00229095
0 0.00221784
0 0.00214474
0 0.00207164
0 0.00199853
0 0.00192543
0 0.00185233
0 0.00177923
0 0.00170612
0 0.00163302
0 0.00155992
0 0.00148681
0 0.00141371
0 0.00134061
0 0.0012675
0 0.0011944
0 0.0011213
0 0.00104819
0 0.000975091
0 0.000901988
0 0.000828885
0 0.000755782
0 0.000682679
0 0.000609576
0 0.000536473
0 0.00046337
0 0.000390266
0 0.000317163
0 0.00024406
0 0.000170957
0 9.78541e-05
0 2.4751e-05
-0.0035588 -1.45221e-05
-0.0111317 -1.56366e-05
-0.0187047 -1.67512e-05
-0.0262776 -1.78657e-05
-0.0338506 -1.89802e-05
-0.0414235 -2.00948e-05
-0.0489965 -2.12093e-05
-0.0565694 -2.23239e-05
-0.0641424 -2.34384e-05
-0.0717153 -2.45529e-05
-0.0792882 -2.56675e-05
-0.0868612 -2.6782e-05
-0.0944341 -2.78965e-05
-0.102007 -2.90111e-05
-0.10958 -3.01256e-05
-0.117153 -3.12401e-05
-0.124726 -3.23547e-05
-0.132299 -3.34692e-05
-0.139872 -3.45837e-05
-0.147445 -3.56983e-05
-0.155018 -3.68128e-05
-0.162591 -3.79273e-05
-0.170164 -3.90419e-05
-0.177737 -4.01564e-05
-0.185309 -4.12709e-05
-0.192882 -4.23855e-05
-0.200455 -4.35e-05
-0.208028 -4.46145e-05
-0.215601 -4.57291e-05
-0.223174 -4.68436e-05
-0.230747 -4.79581e-05
-0.23832 -4.90727e-05
-0.245893 -5.01872e-05
-0.253466 -5.13017e-05
-0.261039 -5.24163e-05
-0.268612 -5.35308e-05
-0.276185 -5.46454e-05
-0.283758 -5.57599e-05
-0.291331 -5.68744e-05
-0.298904 -5.7989e-05
-0.306477 -5.91035e-05
-0.31405 -6.0218e-05
-0.321622 -6.13326e-05
-0.329195 -6.24471e-05
-0.336768 -6.35616e-05
-0.344341 -6.46762e-05
-0.351914 -6.57907e-05
-0.359487 -6.69052e-05
-0.36081 -6.70999e-05
-0.362133 -6.72946e-05
-0.363456 -6.74893e-05
-0.364779 -6.7684e-05
-0.366101 -6.78787e-05
-0.367424 -6.80733e-05
-0.368747 -6.8268e-05
-0.37007 -6.84627e-05
-0.371393 -6.86574e-05
-0.372715 -6.88521e-05
-0.374038 -6.90468e-05
-0.375361 -6.92414e-05
-0.376684 -6.94361e-05
-0.378007 -6.96308e-05
-0.37933 -6.98255e-05
-0.380652 -7.00202e-05
-0.381975 -7.02149e-05
-0.383298 -7.04095e-05
-0.384621 -7.06042e-05
-0.385944 -7.07989e-05
-0.387267 -7.09936e-05
-0.388589 -7.11883e-05
-0.389912 -7.1383e-05
-0.391235 -7.15777e-05
-0.392558 -7.17723e-05
-0.393881 -7.1967e-05
-0.395203 -7.21617e-05
-0.396526 -7.23564e-05
-0.397849 -7.25511e-05
-0.399172 -7.27458e-05
-0.400495 -7.29404e-05
-0.401818 -7.31351e-05
-0.40314 -7.33298e-05
-0.404463 -7.35245e-05
-0.405786 -7.37192e-05
-0.407109 -7.39139e-05
-0.408432 -7.41085e-05
-0.409755 -7.43032e-05
-0.411077 -7.44979e-05
-0.4124 -7.46926e-05
-0.413723 -7.48873e-05
-0.415046 -7.5082e-05
-0.416369 -7.52767e-05
-0.417691 -7.54713e-05
-0.419014 -7.5666e-05
-0.420337 -7.58607e-05
-0.42166 -7.60554e-05
-0.422983 -7.62501e-05
-0.424306 -7.64448e-05
-0.425628 -7.66394e-05
-0.426951 -7.68341e-05
-0.428274 -7.70288e-05
-0.429597 -7.72235e-05
-0.43092 -7.74182e-05
-0.432243 -7.76129e-05
-0.433565 -7.78075e-05
-0.434888 -7.80022e-05
-0.436211 -7.81969e-05
-0.437534 -7.83916e-05
-0.438857 -7.85863e-05
-0.440179 -7.8781e-05
-0.441502 -7.89757e-05
-0.442825 -7.91703e-05
-0.444148 -7.9365e-05
-0.445471 -7.95597e-05
-0.446794 -7.97544e-05
-0.448116 -7.99491e-05
-0.449439 -8.01438e-05
-0.450762 -8.03384e-05
-0.452085 -8.05331e-05
-0.453408 -8.07278e-05
-0.454731 -8.09225e-05
-0.456053 -8.11172e-05
-0.457376 -8.13119e-05
-0.458699 -8.15065e-05
-0.460022 -8.17012e-05
-0.461345 -8.18959e-05
-0.462667 -8.20906e-05
-0.46399 -8.22853e-05
-0.465313 -8.248e-05
-0.414062 -7.49981e-05
-0.362811 -6.75162e-05
-0.311561 -6.00344e-05
-0.26031 -5.25525e-05
-0.209059 -4.50706e-05
-0.157808 -3.75887e-05
-0.106557 -3.01069e-05
-0.0553065 -2.2625e-05
-0.00405572 -1.51431e-05
0 4.54214e-05
0 0.000110548
0 0.000175674
0 0.0002408
0 0.000305926
0 0.000371052
0 0.000436179
0 0.000501305
0 0.000566431
0 0.000631557
0 0.000696683
0 0.00076181
0 0.000826936
0 0.000892062
0 0.000957188
0 0.00102231
0 0.00108744
0 0.00115257
0 0.00121769
0 0.00128282
0 0.00134795
0 0.00141307
0 0.0014782
0 0.00154332
0 0.00160845
0 0.00167358
0 0.0017387
0 0.00180383
0 0.00186896
0 0.00193408
0 0.00199921
0 0.00206433
0 0.00212946
0 0.00219459
0 0.00225971
0 0.00232484
0 0.00238996
0 0.00245509
0 0.00252022
0 0.00258534
0 0.00265047
0 0.0027156
0 0.00278072
0 0.00284585
0 0.00291097
0 0.0029761
0 0.00304123
0 0.00310635
0 0.00317148
0 0.00323661
0 0.00330173
0 0.00335718
0 0.0033907
0 0.00343372
0 0.00347673
0 0.00351975
0 0.00356277
0 0.00360579
0 0.0036488
0 0.00369182
0 0.00373484
0 0.00377786
0 0.00382087
0 0.00386389
0 0.00390691
0 0.00394993
0 0.00399294
0 0.00403596
0 0.00407898
0 0.004122
0 0.00416501
0 0.00420803
0 0.00425105
0 0.00429407
0 0.00433708
0 0.0043801
0 0.00442312
0 0.00446614
0 0.00450915
0 0.00455217
0 0.00459519
0 0.00463821
0 0.00468122
0 0.00472424
0 0.00476726
0 0.00481028
0 0.00485329
0 0.00489631
0 0.00493933
0 0.00498235
0 0.00502536
0 0.00506838
0 0.0051114
0 0.00515441
0 0.00519743
0 0.00524045
0 0.00528347
0 0.00532648
0 0.0053695
0 0.00541252
0 0.00545554
0 0.00549855
0 0.00554157
0 0.00558459
0 0.00562761
0 0.00567062
0 0.00571364
0 0.00575666
0 0.00579968
0 0.00584269
0 0.00588571
0 0.00592873
0 0.00597175
0 0.00601476
0 0.00605778
0 0.0061008
0 0.00614382
0 0.00618683
0 0.00622985
0 0.00627287
0 0.00631589
0 0.0063589
0 0.00640192
0 0.00644494
0 0.00648796
0 0.00653097
0 0.00657399
0 0.00661701
0 0.00666003
0 0.00670304
0 0.00674606
0 0.00678908
0 0.00683209
0 0.00687511
0 0.00691813
0 0.00696115
0 0.00700416
0 0.00704718
0 0.0070902
0 0.00713322
0 0.00717623
0 0.00721925
0 0.00726227
0 0.00730529
0 0.0073483
0 0.00739132
0 0.00743434
0 0.00747736
0 0.00752037
0 0.00756339
0 0.00760641
0 0.0076436
0 0.00765869
0 0.00767378
0 0.00768887
0 0.00770395
0 0.00771904
0 0.00773413
0 0.00774922
0 0.00776431
0 0.00777939
0 0.00779448
0 0.00780957
0 0.00782466
0 0.00783974
0 0.00785483
0 0.00786992
0 0.00788501
0 0.00790009
0 0.00791518
0 0.00793027
0 0.00794536
0 0.00796044
0 0.00797553
0 0.00799062
0 0.00800571
0 0.00802079
0 0.00803588
0 0.00805097
0 0.00806606
0 0.00808114
0 0.00809623
0 0.00811132
0 0.00813067
0 0.00817572
0 0.00822077
0 0.00826581
0 0.00831086
0 0.00835591
0 0.00840095
0 0.008446
0 0.00849105
0 0.00853609
0 0.00858114
0 0.00862619
0 0.00867123
0 0.00871628
0 0.00876133
0 0.00880637
0 0.00885142
0 0.00889647
0 0.00894151
0 0.00898656
0 0.00903161
0 0.00907665
0 0.0091217
0 0.00916675
0 0.00921179
0 0.00925684
0 0.00930189
0 0.00934693
0 0.00939198
0 0.00943703
0 0.00948207
0 0.00952712
0 0.00957217
0 0.00961721
0 0.00966226
0 0.00970731
0 0.00975235
0 0.0097974
0 0.00984244
0 0.00988749
0 0.00993254
0 0.00997758
0 0.0100226
0 0.0100677
0 0.0101127
0 0.0101578
0 0.0102028
0 0.0102479
0 0.0102929
0 0.010338
0 0.010383
0 0.0104281
0 0.0104731
0 0.0105181
0 0.0105632
0 0.0106082
0 0.0106533
0 0.0106983
0 0.0107434
0 0.0107884
0 0.0108335
0 0.0108785
0 0.0109236
0 0.0109686
0 0.0110137
0 0.0110587
0 0.0111037
0 0.0111488
0 0.0111938
0 0.0112389
0 0.0112839
0 0.011329
0 0.011374
0 0.0114191
0 0.0114641
0 0.0115092
0 0.0115542
0 0.0115993
0 0.0116443
0 0.0116894
0 0.0117344
0 0.0117794
0 0.0118245
0 0.0118695
0 0.0119146
0 0.0119596
0 0.0120047
0 0.0120497
0 0.0120948
0 0.0121398
0 0.0121849
0 0.0122299
0 0.012275
0 0.01232
0 0.0123651
0 0.0124101
0 0.0124551
0 0.0125002
0 0.0125452
0 0.0125903
0 0.0126353
0 0.0126804
0 0.0127254
0 0.0127705
0 0.0128155
0 0.0128606
0 0.0129056
0 0.0129507
0 0.0129957
0 0.0130408
0 0.0130858
0 0.0131308
0 0.0131759
0 0.0132209
0 0.013266
0 0.013311
0 0.0133561
0 0.0134011
0 0.0134462
0 0.0134912
0 0.0135363
0 0.0135813
0 0.0136264
0 0.0136714
0 0.0137165
0 0.0137615
0 0.0138065
0 0.0138516
0 0.0138966
0 0.0139417
0 0.0139867
0 0.0140318
0 0.0140768
0 0.0141219
0 0.0141669
0 0.014212
0 0.014257
0 0.0143021
0 0.0143471
0 0.0143921
0 0.0144372
0 0.0144822
0 0.0145273
0 0.0145723
0 0.0146174
0 0.0146624
0 0.0147075
0 0.0147525
0 0.0147976
0 0.0148426
0 0.0148877
0 0.0149327
0 0.0149778
0 0.0150228
0 0.0150678
0 0.0151129
0 0.0151579
0 0.015203
0 0.015248
0 0.0152931
0 0.0153381
0 0.0153832
0 0.0154282
0 0.0154733
0 0.0155183
0 0.0155634
0 0.0156084
0 0.0156535
0 0.0156985
0 0.0157479
0 0.0158771
0 0.0160062
0 0.0161353
0 0.0162645
0 0.0163936
0 0.0165227
0 0.0166519
0 0.016781
0 0.0169102
0 0.0170393
0 0.0171684
0 0.0172976
0 0.0174267
0 0.0175558
0 0.017685
0 0.0178141
0 0.0179433
0 0.0180724
0 0.0182015
0 0.0183307
0 0.0184598
0 0.0185889
0 0.0187181
0 0.0188472
0 0.0189764
0 0.0191055
0 0.0192346
0 0.0193638
0 0.0194929
0 0.019622
0 0.0197512
0 0.0198803
0 0.0200094
0 0.0201386
0 0.0202677
0 0.0203969
0 0.020526
0 0.0206551
0 0.0207843
0 0.0209135
0 0.0210435
0 0.0211736
0 0.0213036
0 0.0214337
0 0.0215638
0 0.0216938
0 0.0218239
0 0.0219539
0 0.022084
0 0.022214
0 0.0223441
0 0.0224742
0 0.0226042
0 0.0227343
0 0.0228643
0 0.0229944
0 0.0231244
0 0.0232545
0 0.0233846
0 0.0235146
0 0.0236447
0 0.0237747
0 0.0239048
0 0.0240348
0 0.0241649
0 0.024295
0 0.024425
0 0.0245551
0 0.0246851
0 0.0248152
0 0.0249453
0 0.0250753
0 0.0252054
0 0.0253354
0 0.0254655
0 0.0255955
0 0.0257256
0 0.0258557
0 0.0259857
0 0.0261158
0 0.0262458
0 0.0263759
0 0.0265059
0 0.026636
0 0.0267661
0 0.0268961
0 0.0270262
0 0.0271562
0 0.0272863
0 0.0274163
0 0.0275464
0 0.0276765
0 0.0278065
0 0.0279366
0 0.0280666
0 0.0281967
0 0.0283267
0 0.0284568
0 0.0285869
0 0.0287169
0 0.028847
0 0.028977
0 0.0291071
0 0.0292371
0 0.0293672
0 0.0294973
0 0.0296273
0 0.0297574
0 0.0298874
0 0.0300175
0 0.0301475
0 0.0302776
0 0.0304077
0 0.0305377
0 0.0306678
0 0.0307978
0 0.0309279
0 0.031058
0 0.031188
0 0.0313181
0 0.0311953
0 0.0310725
0 0.0309498
0 0.030827
0 0.0307042
0 0.0305814
0 0.0304587
0 0.0303363
0 0.0302715
0 0.0302064
0 0.0301412
0 0.0300761
0 0.030011
0 0.0299459
0 0.0298807
0 0.0298156
0 0.0297505
0 0.0296854
0 0.0296202
0 0.0295551
0 0.02949
0 0.0294249
0 0.0293597
0 0.0292946
0 0.0292295
0 0.0291644
0 0.0290992
0 0.0290341
0 0.028969
0 0.0289039
0 0.0288387
0 0.0287736
0 0.0287085
0 0.0286433
0 0.0285782
0 0.0285131
0 0.028448
0 0.0283828
0 0.0283177
0 0.0282526
0 0.0281875
0 0.0281223
0 0.0280572
0 0.0279921
0 0.027927
0 0.0278618
0 0.0277967
0 0.0277316
0 0.0276665
0 0.0276013
0 0.0275362
0 0.0274711
0 0.0274059
0 0.0273408
0 0.0272757
0 0.0272106
0 0.0271454
0 0.0270803
0 0.0270152
0 0.0269501
0 0.0268849
0 0.026809
0 0.0267185
0 0.0266448
0 0.026571
0 0.0264973
0 0.0264235
0 0.0263498
0 0.0262761
0 0.0262023
0 0.0261286
0 0.0260548
0 0.0259811
0 0.0259073
0 0.0258336
0 0.0257598
0 0.0256861
0 0.0256124
0 0.0255386
0 0.0254649
0 0.0253911
0 0.0253174
0 0.0252436
0 0.0251699
0 0.0250962
0 0.0250224
0 0.0249487
0 0.0248749
0 0.0248012
0 0.0247274
0 0.0246537
0 0.0245799
0 0.0245062
0 0.0244325
0 0.0243587
0 0.024285
0 0.0242112
0 0.0241375
0 0.0240637
0 0.02399
0 0.0239163
0 0.0238425
0 0.0237688
0 0.023695
0 0.0236213
0 0.0235475
0 0.0234738
0 0.0234
0 0.0233263
0 0.0232526
0 0.0231788
0 0.0231051
0 0.0230313
0 0.0229576
0 0.0228838
0 0.0228101
0 0.0227364
0 0.0226626
0 0.0225889
0 0.0225151
0 0.0224414
0 0.0223676
0 0.0222939
0 0.0222201
0 0.0221464
0 0.0220727
0 0.0219989
0 0.0219252
0 0.0218514
0 0.0217777
0 0.0217039
0 0.0216302
0 0.0215565
0 0.0214827
0 0.021409
0 0.0213352
0 0.0212615
0 0.0211877
0 0.021114
0 0.0210402
0 0.0209665
0 0.0208928
0 0.020819
0 0.0207453
0 0.0206715
0 0.0205978
0 0.020524
0 0.0204503
0 0.0203766
0 0.0203028
0 0.0202291
0 0.0201553
0 0.0200816
0 0.0200078
0 0.0199341
0 0.0198603
0 0.0197866
0 0.0197129
0 0.0196391
0 0.0195654
0 0.0194916
0 0.0194179
0 0.0193441
0 0.0192704
0 0.0191967
0 0.0191229
0 0.0190492
0 0.0189754
0 0.0189017
0 0.0188279
0 0.0187542
0 0.0186804
0 0.0186067
0 0.018533
0 0.0184592
0 0.0183855
0 0.0183117
0 0.018238
0 0.0181642
0 0.0180887
0 0.0179804
0 0.0178722
0 0.017764
0 0.0176558
0 0.0175475
0 0.0174393
0 0.0173311
0 0.0172229
0 0.0171147
0 0.0170064
0 0.0168982
0 0.01679
0 0.0166818
0 0.0165736
0 0.0164653
0 0.0163571
0 0.0162489
0 0.0161407
0 0.0160325
0 0.0159242
0 0.015816
0 0.0157078
0 0.0155996
0 0.0154914
0 0.0153831
0 0.0152749
0 0.0151667
0 0.0150585
0 0.0149503
0 0.014842
0 0.0147338
0 0.0146256
0 0.0145174
0 0.0144092
0 0.0143009
0 0.0141927
0 0.0140845
0 0.0139763
0 0.0138681
0 0.0137598
0 0.0136516
0 0.0135434
0 0.0134352
0 0.013327
0 0.0132187
0 0.0131105
0 0.0130023
0 0.0128941
0 0.0127859
0 0.0126776
0 0.0125694
0 0.0124612
0 0.012353
0 0.012279
0 0.0122059
0 0.0121329
0 0.0120598
0 0.0119867
0 0.0119137
0 0.0118406
0 0.0117676
0 0.0116945
0 0.0116214
0 0.0115484
0 0.0114753
0 0.0114022
0 0.0113292
0 0.0112561
0 0.011183
0 0.01111
0 0.0110369
0 0.0109638
0 0.0108908
0 0.0108177
0 0.0107446
0 0.0106716
0 0.0105985
0 0.0105254
0 0.0104524
0 0.0103793
0 0.0103062
0 0.0102332
0 0.0101601
0 0.010087
0 0.010014
0 0.00994091
0 0.00986784
0 0.00979478
0 0.00972171
0 0.00964864
0 0.00957558
0 0.00950251
0 0.00942945
0 0.00935638
0 0.00928332
0 0.00921025
0 0.00913718
0 0.00906412
0 0.00899105
0 0.00891799
0 0.00884492
0 0.00877186
0 0.00869879
0 0.00862572
0 0.00855266
0 0.00847959
0 0.00840653
0 0.00833346
0 0.0082604
0 0.00818733
0 0.00811427
0 0.0080412
0 0.00796813
0 0.00789507
0 0.007822
0 0.00774894
0 0.00767587
0 0.00760281
0 0.00752974
0 0.00745667
0 0.00738361
0 0.00731054
0 0.00723748
0 0.00716441
0 0.00709135
0 0.00701828
0 0.00694521
0 0.00687215
0 0.00679908
0 0.00672602
0 0.00665295
0 0.00657989
0 0.00650682
0 0.00643375
0 0.00636069
0 0.00628762
0 0.00621456
0 0.00614149
0 0.00606843
0 0.00599536
0 0.00592229
0 0.00584923
0 0.00577616
0 0.0057031
0 0.00563003
0 0.00555697
0 0.0054839
0 0.00541083
0 0.00533777
0 0.0052647
0 0.00519164
0 0.00511857
0 0.00504551
0 0.00497244
0 0.00489937
0 0.00482631
0 0.00475324
0 0.00468018
0 0.00460711
0 0.00453405
0 0.00446098
0 0.00438791
0 0.00431485
0 0.00424178
0 0.00416872
0 0.00409565
0 0.00402259
0 0.00394952
0 0.00387645
0 0.00380339
0 0.00373032
0 0.00365726
0 0.00358419
0 0.00351113
0 0.00343806
0 0.00336499
0 0.00329193
0 0.00321886
0 0.0031458
0 0.00307273
0 0.00299967
0 0.0029266
0 0.00285353
0 0.00278047
0 0.0027074
0 0.00263434
0 0.00256127
0 0.00248821
0 0.00241514
0 0.00234207
0 0.00226901
0 0.00219594
0 0.00212288
0 0.00204981
0 0.00197675
0 0.00190368
0 0.00183061
0 0.00175755
0 0.00168448
0 0.00161142
0 0.00153835
0 0.00146529
0 0.00139222
0 0.00131915
0 0.00124609
0 0.00117302
0 0.00109996
0 0.00102689
0 0.000953826
0 0.000880761
0 0.000807695
0 0.000734629
0 0.000661564
0 0.000588498
0 0.000515432
0 0.000442366
0 0.000369301
0 0.000296235
0 0.000223169
0 0.000150104
0 7.70379e-05
0 3.97223e-06
-0.00387175 -1.45682e-05
-0.00900636 -1.53238e-05
-0.014141 -1.60795e-05
-0.0192756 -1.68352e-05
-0.0244102 -1.75909e-05
-0.0295448 -1.83466e-05
-0.0346794 -1.91022e-05
-0.039814 -1.98579e-05
-0.0449486 -2.06136e-05
-0.0500832 -2.13693e-05
-0.0552178 -2.21249e-05
-0.0603525 -2.28806e-05
-0.0654871 -2.36363e-05
-0.0706217 -2.4392e-05
-0.0757563 -2.51476e-05
-0.0808909 -2.59033e-05
-0.0860255 -2.6659e-05
-0.0911601 -2.74147e-05
-0.0962947 -2.81704e-05
-0.101429 -2.8926e-05
-0.106564 -2.96817e-05
-0.111699 -3.04374e-05
-0.116833 -3.11931e-05
-0.121968 -3.19487e-05
-0.127102 -3.27044e-05
-0.132237 -3.34601e-05
-0.137372 -3.42158e-05
-0.142506 -3.49714e-05
-0.147641 -3.57271e-05
-0.152775 -3.64828e-05
-0.15791 -3.72385e-05
-0.163045 -3.79942e-05
-0.168179 -3.87498e-05
-0.173314 -3.95055e-05
-0.178448 -4.02612e-05
-0.183583 -4.10169e-05
-0.188718 -4.17725e-05
-0.193852 -4.25282e-05
-0.198987 -4.32839e-05
-0.204122 -4.40396e-05
-0.209256 -4.47952e-05
-0.214391 -4.55509e-05
-0.219525 -4.63066e-05
-0.22466 -4.70623e-05
-0.229795 -4.78179e-05
-0.234929 -4.85736e-05
-0.240064 -4.93293e-05
-0.245198 -5.0085e-05
-0.250333 -5.08407e-05
-0.255468 -5.15963e-05
-0.260602 -5.2352e-05
-0.265737 -5.31077e-05
-0.270871 -5.38634e-05
-0.276006 -5.4619e-05
-0.281141 -5.53747e-05
-0.286275 -5.61304e-05
-0.29141 -5.68861e-05
-0.296544 -5.76417e-05
-0.301679 -5.83974e-05
-0.306814 -5.91531e-05
-0.311948 -5.99088e-05
-0.317083 -6.06645e-05
-0.322218 -6.14201e-05
-0.327352 -6.21758e-05
-0.332487 -6.29315e-05
-0.337621 -6.36872e-05
-0.342756 -6.44428e-05
-0.347891 -6.51985e-05
-0.353025 -6.59542e-05
-0.35816 -6.67099e-05
-0.363294 -6.74655e-05
-0.368429 -6.82212e-05
-0.373564 -6.89769e-05
-0.378698 -6.97326e-05
-0.383833 -7.04883e-05
-0.388967 -7.12439e-05
-0.394102 -7.19996e-05
-0.399237 -7.27553e-05
-0.404371 -7.3511e-05
-0.409264 -7.42311e-05
-0.358014 -6.67492e-05
-0.306763 -5.92673e-05
-0.255512 -5.17855e-05
-0.204261 -4.43036e-05
-0.15301 -3.68217e-05
-0.101759 -2.93399e-05
-0.0505086 -2.1858e-05
0 -1.39035e-05
0 5.16007e-05
0 0.000116711
0 0.000181837
0 0.000246964
0 0.00031209
0 0.000377216
0 0.000442342
0 0.000507468
0 0.000572595
0 0.000637721
0 0.000702847
0 0.000767973
0 0.000833099
0 0.000898226
0 0.000963352
0 0.00102848
0 0.0010936
0 0.00115873
0 0.00122386
0 0.00128898
0 0.00135411
0 0.00141924
0 0.00148436
0 0.00154949
0 0.00161461
0 0.00167974
0 0.00174487
0 0.00180999
0 0.00187512
0 0.00194024
0 0.00200537
0 0.0020705
0 0.00213562
0 0.00220075
0 0.00226588
0 0.002331
0 0.00239613
0 0.00246125
0 0.00252638
0 0.00259151
0 0.00265663
0 0.00272176
0 0.00278689
0 0.00285201
0 0.00291714
0 0.00298226
0 0.00304739
0 0.00311252
0 0.00317764
0 0.00324277
0 0.0033079
0 0.00337302
0 0.00343815
0 0.00349249
0 0.00353224
0 0.00358877
0 0.00364529
0 0.00370181
0 0.00375833
0 0.00381485
0 0.00387138
0 0.0039279
0 0.00398442
0 0.00404094
0 0.00409746
0 0.00415399
0 0.00421051
0 0.00426703
0 0.00432355
0 0.00438007
0 0.0044366
0 0.00449312
0 0.00454964
0 0.00460616
0 0.00466269
0 0.00471921
0 0.00477573
0 0.00483225
0 0.00488877
0 0.0049453
0 0.00500182
0 0.00505834
0 0.00511486
0 0.00517138
0 0.00522791
0 0.00528443
0 0.00534095
0 0.00539747
0 0.00545399
0 0.00551052
0 0.00556704
0 0.00562356
0 0.00568008
0 0.0057366
0 0.00579313
0 0.00584965
0 0.00590617
0 0.00596269
0 0.00601921
0 0.00607574
0 0.00613226
0 0.00618878
0 0.0062453
0 0.00630183
0 0.00635835
0 0.00641487
0 0.00647139
0 0.00652791
0 0.00658444
0 0.00664096
0 0.00669748
0 0.006754
0 0.00681052
0 0.00686705
0 0.00692357
0 0.00698009
0 0.00703661
0 0.00709313
0 0.00714966
0 0.00720618
0 0.0072627
0 0.00731922
0 0.00737574
0 0.00743227
0 0.00748879
0 0.00754531
0 0.00760183
0 0.00765836
0 0.00771488
0 0.0077714
0 0.00782792
0 0.00788444
0 0.00794097
0 0.00799749
0 0.00805401
0 0.00811053
0 0.00816705
0 0.00822358
0 0.0082801
0 0.00833662
0 0.00839314
0 0.00844966
0 0.00850619
0 0.00856271
0 0.00861923
0 0.00867575
0 0.00873227
0 0.0087888
0 0.00884532
0 0.00890184
0 0.00895836
0 0.00901489
0 0.00907141
0 0.00912793
0 0.00918445
0 0.00924097
0 0.0092975
0 0.00935402
0 0.00941054
0 0.00946706
0 0.00952358
0 0.00958011
0 0.00963663
0 0.00969315
0 0.00974967
0 0.00980619
0 0.00986272
0 0.00991924
0 0.00997576
0 0.0100323
0 0.0100888
0 0.0101441
0 0.0101661
0 0.0101881
0 0.0102102
0 0.0102322
0 0.0102543
0 0.0102763
0 0.0102983
0 0.0103204
0 0.0103424
0 0.0103645
0 0.0103865
0 0.0104085
0 0.0104306
0 0.0104526
0 0.0104746
0 0.0104967
0 0.0105187
0 0.0105408
0 0.0105628
0 0.0105848
0 0.0106069
0 0.0106289
0 0.010651
0 0.010673
0 0.010695
0 0.0107171
0 0.0107391
0 0.0107612
0 0.0107832
0 0.0108052
0 0.0108273
0 0.0108493
0 0.0108714
0 0.0108934
0 0.0109154
0 0.0109375
0 0.0109595
0 0.0109816
0 0.0110036
0 0.0110256
0 0.0110477
0 0.0110697
0 0.0110918
0 0.0111138
0 0.0111358
0 0.0111579
0 0.0111799
0 0.011202
0 0.011224
0 0.011246
0 0.0112681
0 0.0112901
0 0.0113122
0 0.0113672
0 0.0114244
0 0.0114816
0 0.0115388
0 0.011596
0 0.0116532
0 0.0117104
0 0.0117676
0 0.0118248
0 0.011882
0 0.0119392
0 0.0119964
0 0.0120536
0 0.0121108
0 0.012168
0 0.0122252
0 0.0122824
0 0.0123396
0 0.0123968
0 0.012454
0 0.0125112
0 0.0125684
0 0.0126256
0 0.0126828
0 0.01274
0 0.0127972
0 0.0128544
0 0.0129116
0 0.0129688
0 0.013026
0 0.0130832
0 0.0131404
0 0.0131976
0 0.0132548
0 0.013312
0 0.0133692
0 0.0134264
0 0.0134836
0 0.0135408
0 0.013598
0 0.0136552
0 0.0137124
0 0.0137696
0 0.0138268
0 0.013884
0 0.0139412
0 0.0139984
0 0.0140556
0 0.0141128
0 0.01417
0 0.0142272
0 0.0142844
0 0.0143416
0 0.0143987
0 0.0144559
0 0.0145131
0 0.0145703
0 0.0146275
0 0.0146847
0 0.0147419
0 0.0147991
0 0.0148563
0 0.0149135
0 0.0149707
0 0.0150279
0 0.0150851
0 0.0151423
0 0.0151995
0 0.0152567
0 0.0153139
0 0.0153711
0 0.0154283
0 0.0154855
0 0.0155427
0 0.0155999
0 0.0156571
0 0.0157143
0 0.0157715
0 0.0158287
0 0.0158859
0 0.0159431
0 0.0160003
0 0.0160575
0 0.0161147
0 0.0161719
0 0.0162291
0 0.0162863
0 0.0163435
0 0.0164007
0 0.0164579
0 0.0165151
0 0.0165723
0 0.0166295
0 0.0166867
0 0.0167439
0 0.0168011
0 0.0168583
0 0.0169155
0 0.0169727
0 0.0170299
0 0.0170871
0 0.0171443
0 0.0172015
0 0.0172587
0 0.0173159
0 0.0173731
0 0.0174303
0 0.0174875
0 0.0175447
0 0.0176019
0 0.0176591
0 0.0177163
0 0.0177735
0 0.0178307
0 0.0178879
0 0.0179451
0 0.0180023
0 0.0180595
0 0.0181167
0 0.0181739
0 0.0182311
0 0.0182883
0 0.0183455
0 0.0184027
0 0.0184599
0 0.0185171
0 0.0185743
0 0.0186315
0 0.0186887
0 0.0187459
0 0.0188031
0 0.0188603
0 0.0189175
0 0.0189747
0 0.0190319
0 0.0190891
0 0.0191463
0 0.0192035
0 0.0192607
0 0.0193179
0 0.0193751
0 0.0194323
0 0.0194895
0 0.0195467
0 0.0196039
0 0.0196611
0 0.0197183
0 0.0197755
0 0.0198327
0 0.0198899
0 0.019947
0 0.0200042
0 0.0200614
0 0.0201186
0 0.0201758
0 0.020233
0 0.0202902
0 0.0203474
0 0.0204046
0 0.0204618
0 0.020519
0 0.0205762
0 0.0206334
0 0.0206906
0 0.0207478
0 0.020805
0 0.0208622
0 0.0209194
0 0.0209766
0 0.0210878
0 0.0212173
0 0.0213468
0 0.0214763
0 0.0216058
0 0.0217352
0 0.0218647
0 0.0219942
0 0.0221237
0 0.0222532
0 0.0223827
0 0.0225122
0 0.0226417
0 0.0227712
0 0.0229007
0 0.0230302
0 0.0231597
0 0.0232892
0 0.0234187
0 0.0235482
0 0.0236777
0 0.0238072
0 0.0239367
0 0.0240662
0 0.0241957
0 0.0243252
0 0.0244547
0 0.0245842
0 0.0247137
0 0.0248432
0 0.0249727
0 0.0251022
0 0.0252317
0 0.0253612
0 0.0254907
0 0.0256202
0 0.0257497
0 0.0258792
0 0.0260087
0 0.0261382
0 0.0262677
0 0.0263972
0 0.0265267
0 0.0266562
0 0.0267857
0 0.0269152
0 0.0270446
0 0.0271741
0 0.0273036
0 0.0274331
0 0.0275626
0 0.0276921
0 0.0278216
0 0.0279511
0 0.0280806
0 0.0282101
0 0.0283396
0 0.0284691
0 0.0285986
0 0.0287281
0 0.0288576
0 0.0289871
0 0.0291166
0 0.0292461
0 0.0293756
0 0.0295051
0 0.0296346
0 0.0297641
0 0.0298936
0 0.0300231
0 0.0301526
0 0.0302821
0 0.0304116
0 0.0305411
0 0.0306706
0 0.0308001
0 0.0309296
0 0.0310591
0 0.0311886
0 0.0313181
0 0.0311953
0 0.0310725
0 0.0309498
0 0.030827
0 0.0307042
0 0.0305814
0 0.0304587
0 0.0303363
0 0.0302715
0 0.0302064
0 0.0301413
0 0.0300762
0 0.030011
0 0.0299459
0 0.0298808
0 0.0298157
0 0.0297505
0 0.0296854
0 0.0296203
0 0.0295552
0 0.02949
0 0.0294249
0 0.0293598
0 0.0292946
0 0.0292295
0 0.0291644
0 0.0290993
0 0.0290341
0 0.028969
0 0.0289039
0 0.0288388
0 0.0287736
0 0.0287085
0 0.0286434
0 0.0285783
0 0.0285131
0 0.028448
0 0.0283829
0 0.0283178
0 0.0282526
0 0.0281875
0 0.0281224
0 0.0280572
0 0.0279921
0 0.027927
0 0.0278619
0 0.0277967
0 0.0277316
0 0.0276665
0 0.0276014
0 0.0275362
0 0.0274711
0 0.027406
0 0.0273409
0 0.0272757
0 0.0272106
0 0.0271455
0 0.0270804
0 0.0270152
0 0.0269501
0 0.026885
0 0.026809
0 0.0267186
0 0.0266448
0 0.0265711
0 0.0264974
0 0.0264236
0 0.0263499
0 0.0262761
0 0.0262024
0 0.0261287
0 0.0260549
0 0.0259812
0 0.0259075
0 0.0258337
0 0.02576
0 0.0256863
0 0.0256125
0 0.0255388
0 0.0254651
0 0.0253913
0 0.0253176
0 0.0252439
0 0.0251701
0 0.0250964
0 0.0250227
0 0.0249489
0 0.0248752
0 0.0248014
0 0.0247277
0 0.024654
0 0.0245802
0 0.0245065
0 0.0244328
0 0.024359
0 0.0242853
0 0.0242116
0 0.0241378
0 0.0240641
0 0.0239904
0 0.0239166
0 0.0238429
0 0.0237692
0 0.0236954
0 0.0236217
0 0.0235479
0 0.0234742
0 0.0234005
0 0.0233267
0 0.023253
0 0.0231793
0 0.0231055
0 0.0230318
0 0.0229581
0 0.0228843
0 0.0228106
0 0.0227369
0 0.0226631
0 0.0225894
0 0.0225157
0 0.0224419
0 0.0223682
0 0.0222945
0 0.0222207
0 0.022147
0 0.0220732
0 0.0219995
0 0.0219258
0 0.021852
0 0.0217783
0 0.0217046
0 0.0216308
0 0.0215571
0 0.0214834
0 0.0214096
0 0.0213359
0 0.0212622
0 0.0211884
0 0.0211147
0 0.021041
0 0.0209672
0 0.0208935
0 0.0208197
0 0.020746
0 0.0206723
0 0.0205985
0 0.0205248
0 0.0204511
0 0.0203773
0 0.0203036
0 0.0202299
0 0.0201561
0 0.0200824
0 0.0200087
0 0.0199349
0 0.0198612
0 0.0197875
0 0.0197137
0 0.01964
0 0.0195663
0 0.0194925
0 0.0194188
0 0.019345
0 0.0192713
0 0.0191976
0 0.0191238
0 0.0190501
0 0.0189764
0 0.0189026
0 0.0188289
0 0.0187552
0 0.0186814
0 0.0186077
0 0.018534
0 0.0184602
0 0.0183865
0 0.0183128
0 0.018239
0 0.0181653
0 0.0180902
0 0.017982
0 0.0178738
0 0.0177655
0 0.0176573
0 0.0175491
0 0.0174409
0 0.0173327
0 0.0172245
0 0.0171163
0 0.017008
0 0.0168998
0 0.0167916
0 0.0166834
0 0.0165752
0 0.016467
0 0.0163587
0 0.0162505
0 0.0161423
0 0.0160341
0 0.0159259
0 0.0158177
0 0.0157095
0 0.0156012
0 0.015493
0 0.0153848
0 0.0152766
0 0.0151684
0 0.0150602
0 0.0149519
0 0.0148437
0 0.0147355
0 0.0146273
0 0.0145191
0 0.0144109
0 0.0143027
0 0.0141944
0 0.0140862
0 0.013978
0 0.0138698
0 0.0137616
0 0.0136534
0 0.0135451
0 0.0134369
0 0.0133287
0 0.0132205
0 0.0131123
0 0.0130041
0 0.0128959
0 0.0127876
0 0.0126794
0 0.0125712
0 0.012463
0 0.0123548
0 0.0122797
0 0.0122067
0 0.0121336
0 0.0120605
0 0.0119875
0 0.0119144
0 0.0118414
0 0.0117683
0 0.0116952
