0.0013823 0.0013823
0.00394103 0.00394103
0.00194932 0.00194932
-5.5596e-05 -5.5596e-05
0.00138997 0.00138997
0.0039417 0.0039417
0.00194941 0.00194941
-3.6382e-05 -3.6382e-05
0.00194059 0.00194059
0.00394177 0.00394177
0.00194374 0.00194374
-3.53007e-05 -3.53007e-05
0.00194249 0.00194249
0.0039417 0.0039417
0.00194939 0.00194939
-3.63809e-05 -3.63809e-05
0.00194108 0.00194108
0.00394179 0.00394179
0.0019439 0.0019439
-3.53071e-05 -3.53071e-05
0.00194249 0.00194249
0.0039417 0.0039417
0.00194939 0.00194939
-3.63783e-05 -3.63783e-05
0.00194109 0.00194109
0.00394179 0.00394179
0.00650477 0.00650477
0.00888664 0.00888664
0.00665435 0.00665435
0.0044175 0.0044175
0.00217853 0.00217853
-3.60247e-05 -3.60247e-05
0.00194244 0.00194244
0.00394179 0.00394179
0.00650052 0.00650052
0.00889725 0.00889725
0.00665699 0.00665699
0.00441783 0.00441783
0.00217868 0.00217868
-3.65933e-05 -3.65933e-05
0.00217864 0.00217864
0.00441776 0.00441776
0.00665688 0.00665688
0.008896 0.008896
0.00665684 0.00665684
0.00441769 0.00441769
0.00217853 0.00217853
-3.65948e-05 -3.65948e-05
0.00217878 0.00217878
0.00441791 0.00441791
0.00665703 0.00665703
0.00889613 0.00889613
0.00665698 0.00665698
0.00441782 0.00441782
0.00217866 0.00217866
-3.66016e-05 -3.66016e-05
0.00217864 0.00217864
0.00441776 0.00441776
0.00665688 0.00665688
0.008896 0.008896
0.0111307 0.0111307
0.00889152 0.00889152
0.00665236 0.00665236
0.00441321 0.00441321
0.00217405 0.00217405
-3.89788e-05 -3.89788e-05
0.00217877 0.00217877
0.00441789 0.00441789
0.00665701 0.00665701
0.00889613 0.00889613
0.00665698 0.00665698
0.00441782 0.00441782
0.00217866 0.00217866
-3.89067e-05 -3.89067e-05
0.00217427 0.00217427
0.00441338 0.00441338
0.00665248 0.00665248
0.00889158 0.00889158
0.0111307 0.0111307
0.0133642 0.0133642
0.0155967 0.0155967
0.0178282 0.0178282
0.0200586 0.0200586
0.022288 0.022288
0.0245163 0.0245163
0.0267435 0.0267435
0.0245044 0.0245044
0.0222652 0.0222652
0.020026 0.020026
0.0177869 0.0177869
0.0155477 0.0155477
0.0133086 0.0133086
0.0110694 0.0110694
0.00883025 0.00883025
0.0065911 0.0065911
0.00435194 0.00435194
0.00211278 0.00211278
-7.14821e-05 -7.14821e-05
0.00219271 0.00219271
0.00442901 0.00442901
0.00666456 0.00666456
0.00889991 0.00889991
0.0111317 0.0111317
0.0133643 0.0133643
0.0155967 0.0155967
0.0178282 0.0178282
0.0200586 0.0200586
0.022288 0.022288
0.0245163 0.0245163
0.0267435 0.0267435
0.0245044 0.0245044
0.0222652 0.0222652
0.020026 0.020026
0.0177869 0.0177869
0.0155477 0.0155477
0.0133086 0.0133086
0.0110694 0.0110694
0.00883025 0.00883025
0.0065911 0.0065911
0.00435194 0.00435194
0.00211278 0.00211278
-0.000104539 -0.000104539
0.00211616 0.00211616
0.00435501 0.00435501
0.00659386 0.00659386
0.00883271 0.00883271
0.0110716 0.0110716
0.0133104 0.0133104
0.0155493 0.0155493
0.0177881 0.0177881
0.020027 0.020027
0.0222658 0.0222658
0.0245047 0.0245047
0.0267435 0.0267435
0.0245044 0.0245044
0.0222652 0.0222652
0.020026 0.020026
0.0177869 0.0177869
0.0155477 0.0155477
0.0133086 0.0133086
0.0110694 0.0110694
0.00883025 0.00883025
0.0065911 0.0065911
0.00435194 0.00435194
0.00211278 0.00211278
-0.000104539 -0.000104539
0.00211616 0.00211616
0.00435501 0.00435501
0.00659386 0.00659386
0.00883271 0.00883271
0.0110716 0.0110716
0.0133104 0.0133104
0.0155493 0.0155493
0.0177881 0.0177881
0.020027 0.020027
0.0222658 0.0222658
0.0245047 0.0245047
0.0267435 0.0267435
0.0245044 0.0245044
0.0222652 0.0222652
0.020026 0.020026
0.0177869 0.0177869
0.0155477 0.0155477
0.0133086 0.0133086
0.0110694 0.0110694
0.00883025 0.00883025
0.0065911 0.0065911
0.00435194 0.00435194
0.00211278 0.00211278
-0.000104539 -0.000104539
0.00211616 0.00211616
0.00435501 0.00435501
0.00659386 0.00659386
0.00883271 0.00883271
0.0110716 0.0110716
0.0133104 0.0133104
0.0155493 0.0155493
0.0177881 0.0177881
0.020027 0.020027
0.0222658 0.0222658
0.0245047 0.0245047
0.0267435 0.0267435
0.0245044 0.0245044
0.0222652 0.0222652
0.020026 0.020026
0.0177869 0.0177869
0.0155477 0.0155477
0.0133086 0.0133086
0.0110694 0.0110694
0.00883025 0.00883025
0.0065911 0.0065911
0.00435194 0.00435194
0.00211278 0.00211278
-0.000104539 -0.000104539
0.00211616 0.00211616
0.00435501 0.00435501
0.00659386 0.00659386
0.00883271 0.00883271
0.0110716 0.0110716
0.0133104 0.0133104
0.0155493 0.0155493
0.0177881 0.0177881
0.020027 0.020027
0.0222658 0.0222658
0.0245047 0.0245047
0.0267435 0.0267435
0.0245044 0.0245044
0.0222652 0.0222652
0.020026 0.020026
0.0177869 0.0177869
0.0155477 0.0155477
0.0133086 0.0133086
0.0110694 0.0110694
0.00883025 0.00883025
0.0065911 0.0065911
0.00435194 0.00435194
0.00211278 0.00211278
-0.000104539 -0.000104539
0.00211616 0.00211616
0.00435501 0.00435501
0.00659386 0.00659386
0.00883271 0.00883271
0.0110716 0.0110716
0.0133104 0.0133104
0.0155493 0.0155493
0.0177881 0.0177881
0.020027 0.020027
0.0222658 0.0222658
0.0245047 0.0245047
0.0267435 0.0267435
0.0289696 0.0289696
0.0311947 0.0311947
0.0334186 0.0334186
0.0356414 0.0356414
0.037863 0.037863
0.0400835 0.0400835
0.0423028 0.0423028
0.044521 0.044521
0.0422818 0.0422818
0.0400426 0.0400426
0.0378035 0.0378035
0.0355643 0.0355643
0.0333252 0.0333252
0.031086 0.031086
0.0288469 0.0288469
0.0266077 0.0266077
0.0243685 0.0243685
0.0221294 0.0221294
0.0198902 0.0198902
0.0176511 0.0176511
0.0154119 0.0154119
0.0131727 0.0131727
0.0109336 0.0109336
0.00869443 0.00869443
0.00645528 0.00645528
0.00421612 0.00421612
0.00197696 0.00197696
-0.000176628 -0.000176628
0.00211555 0.00211555
0.00435504 0.00435504
0.00659386 0.00659386
0.00883271 0.00883271
0.0110716 0.0110716
0.0133104 0.0133104
0.0155493 0.0155493
0.0177881 0.0177881
0.020027 0.020027
0.0222658 0.0222658
0.0245047 0.0245047
0.0267435 0.0267435
0.0289696 0.0289696
0.0311947 0.0311947
0.0334186 0.0334186
0.0356414 0.0356414
0.037863 0.037863
0.0400835 0.0400835
0.0423028 0.0423028
0.044521 0.044521
0.0422818 0.0422818
0.0400426 0.0400426
0.0378035 0.0378035
0.0355643 0.0355643
0.0333252 0.0333252
0.031086 0.031086
0.0288469 0.0288469
0.0266077 0.0266077
0.0243685 0.0243685
0.0221294 0.0221294
0.0198902 0.0198902
0.0176511 0.0176511
0.0154119 0.0154119
0.0131727 0.0131727
0.0109336 0.0109336
0.00869443 0.00869443
0.00645528 0.00645528
0.00421612 0.00421612
0.00197696 0.00197696
-0.00024168 -0.00024168
0.0019821 0.0019821
0.00423541 0.00423541
0.00647058 0.00647058
0.00870793 0.00870793
0.0109462 0.0109462
0.0131845 0.0131845
0.0154228 0.0154228
0.0176611 0.0176611
0.0198995 0.0198995
0.0221378 0.0221378
0.0243761 0.0243761
0.0266144 0.0266144
0.0288527 0.0288527
0.0310911 0.0310911
0.0333294 0.0333294
0.0355677 0.0355677
0.037806 0.037806
0.0400443 0.0400443
0.0422826 0.0422826
0.044521 0.044521
0.0422818 0.0422818
0.0400426 0.0400426
0.0378035 0.0378035
0.0355643 0.0355643
0.0333252 0.0333252
0.031086 0.031086
0.0288469 0.0288469
0.0266077 0.0266077
0.0243685 0.0243685
0.0221294 0.0221294
0.0198902 0.0198902
0.0176511 0.0176511
0.0154119 0.0154119
0.0131727 0.0131727
0.0109336 0.0109336
0.00869443 0.00869443
0.00645528 0.00645528
0.00421612 0.00421612
0.00197696 0.00197696
-0.00024168 -0.00024168
0.00197397 0.00197397
0.00421011 0.00421011
0.00643609 0.00643609
0.0087073 0.0087073
0.0109462 0.0109462
0.0131845 0.0131845
0.0154228 0.0154228
0.0176611 0.0176611
0.0198995 0.0198995
0.0221378 0.0221378
0.0243761 0.0243761
0.0266144 0.0266144
0.0288527 0.0288527
0.0310911 0.0310911
0.0333294 0.0333294
0.0355677 0.0355677
0.037806 0.037806
0.0400443 0.0400443
0.0422826 0.0422826
0.044521 0.044521
0.0422818 0.0422818
0.0400426 0.0400426
0.0378035 0.0378035
0.0355643 0.0355643
0.0333252 0.0333252
0.031086 0.031086
0.0288469 0.0288469
0.0266077 0.0266077
0.0243685 0.0243685
0.0221294 0.0221294
0.0198902 0.0198902
0.0176511 0.0176511
0.0154119 0.0154119
0.0131727 0.0131727
0.0109336 0.0109336
0.00869443 0.00869443
0.00645528 0.00645528
0.00421612 0.00421612
0.00197696 0.00197696
-0.00024168 -0.00024168
0.0019821 0.0019821
0.00423541 0.00423541
0.00647058 0.00647058
0.00870793 0.00870793
0.0109462 0.0109462
0.0131845 0.0131845
0.0154228 0.0154228
0.0176611 0.0176611
0.0198995 0.0198995
0.0221378 0.0221378
0.0243761 0.0243761
0.0266144 0.0266144
0.0288527 0.0288527
0.0310911 0.0310911
0.0333294 0.0333294
0.0355677 0.0355677
0.037806 0.037806
0.0400443 0.0400443
0.0422826 0.0422826
0.044521 0.044521
0.0422818 0.0422818
0.0400426 0.0400426
0.0378035 0.0378035
0.0355643 0.0355643
0.0333252 0.0333252
0.031086 0.031086
0.0288469 0.0288469
0.0266077 0.0266077
0.0243685 0.0243685
0.0221294 0.0221294
0.0198902 0.0198902
0.0176511 0.0176511
0.0154119 0.0154119
0.0131727 0.0131727
0.0109336 0.0109336
0.00869443 0.00869443
0.00645528 0.00645528
0.00421612 0.00421612
0.00197696 0.00197696
-0.00024168 -0.00024168
0.00197397 0.00197397
0.00421011 0.00421011
0.00643609 0.00643609
0.0087073 0.0087073
0.0109462 0.0109462
0.0131845 0.0131845
0.0154228 0.0154228
0.0176611 0.0176611
0.0198995 0.0198995
0.0221378 0.0221378
0.0243761 0.0243761
0.0266144 0.0266144
0.0288527 0.0288527
0.0310911 0.0310911
0.0333294 0.0333294
0.0355677 0.0355677
0.037806 0.037806
0.0400443 0.0400443
0.0422826 0.0422826
0.044521 0.044521
0.0422818 0.0422818
0.0400426 0.0400426
0.0378035 0.0378035
0.0355643 0.0355643
0.0333252 0.0333252
0.031086 0.031086
0.0288469 0.0288469
0.0266077 0.0266077
0.0243685 0.0243685
0.0221294 0.0221294
0.0198902 0.0198902
0.0176511 0.0176511
0.0154119 0.0154119
0.0131727 0.0131727
0.0109336 0.0109336
0.00869443 0.00869443
0.00645528 0.00645528
0.00421612 0.00421612
0.00197696 0.00197696
-0.00024168 -0.00024168
0.0019821 0.0019821
0.00423541 0.00423541
0.00647058 0.00647058
0.00870793 0.00870793
0.0109462 0.0109462
0.0131845 0.0131845
0.0154228 0.0154228
0.0176611 0.0176611
0.0198995 0.0198995
0.0221378 0.0221378
0.0243761 0.0243761
0.0266144 0.0266144
0.0288527 0.0288527
0.0310911 0.0310911
0.0333294 0.0333294
0.0355677 0.0355677
0.037806 0.037806
0.0400443 0.0400443
0.0422826 0.0422826
0.044521 0.044521
0.0467379 0.0467379
0.0489536 0.0489536
0.0511682 0.0511682
0.0533814 0.0533814
0.0555935 0.0555935
0.0578042 0.0578042
0.0600137 0.0600137
0.0622219 0.0622219
0.0644288 0.0644288
0.0666344 0.0666344
0.0643952 0.0643952
0.062156 0.062156
0.0599169 0.0599169
0.0576777 0.0576777
0.0554386 0.0554386
0.0531994 0.0531994
0.0509603 0.0509603
0.0487211 0.0487211
0.0464819 0.0464819
0.0442428 0.0442428
0.0420036 0.0420036
0.0397645 0.0397645
0.0375253 0.0375253
0.0352862 0.0352862
0.033047 0.033047
0.0308078 0.0308078
0.0285687 0.0285687
0.0263295 0.0263295
0.0240904 0.0240904
0.0218512 0.0218512
0.0196121 0.0196121
0.0173729 0.0173729
0.0151337 0.0151337
0.0128946 0.0128946
0.0106554 0.0106554
0.00841627 0.00841627
0.00617711 0.00617711
0.00393795 0.00393795
0.0016988 0.0016988
-0.000245386 -0.000245386
0.00199293 0.00199293
0.00423125 0.00423125
0.00646956 0.00646956
0.00870788 0.00870788
0.0109462 0.0109462
0.0131845 0.0131845
0.0154228 0.0154228
0.0176611 0.0176611
0.0198995 0.0198995
0.0221378 0.0221378
0.0243761 0.0243761
0.0266144 0.0266144
0.0288527 0.0288527
0.0310911 0.0310911
0.0333294 0.0333294
0.0355677 0.0355677
0.037806 0.037806
0.0400443 0.0400443
0.0422826 0.0422826
0.044521 0.044521
0.0467379 0.0467379
0.0489536 0.0489536
0.0511682 0.0511682
0.0533814 0.0533814
0.0555935 0.0555935
0.0578042 0.0578042
0.0600137 0.0600137
0.0622219 0.0622219
0.0644288 0.0644288
0.0666344 0.0666344
0.0643952 0.0643952
0.062156 0.062156
0.0599169 0.0599169
0.0576777 0.0576777
0.0554386 0.0554386
0.0531994 0.0531994
0.0509603 0.0509603
0.0487211 0.0487211
0.0464819 0.0464819
0.0442428 0.0442428
0.0420036 0.0420036
0.0397645 0.0397645
0.0375253 0.0375253
0.0352862 0.0352862
0.033047 0.033047
0.0308078 0.0308078
0.0285687 0.0285687
0.0263295 0.0263295
0.0240904 0.0240904
0.0218512 0.0218512
0.0196121 0.0196121
0.0173729 0.0173729
0.0151337 0.0151337
0.0128946 0.0128946
0.0106554 0.0106554
0.00841627 0.00841627
0.00617711 0.00617711
0.00393795 0.00393795
0.0016988 0.0016988
-0.000485303 -0.000485303
0.00175337 0.00175337
0.00399052 0.00399052
0.0062278 0.0062278
0.00846508 0.00846508
0.0107024 0.0107024
0.0129396 0.0129396
0.0151769 0.0151769
0.0174142 0.0174142
0.0196515 0.0196515
0.0218888 0.0218888
0.024126 0.024126
0.0263633 0.0263633
0.0286006 0.0286006
0.0308379 0.0308379
0.0330752 0.0330752
0.0353124 0.0353124
0.0375497 0.0375497
0.039787 0.039787
0.0420243 0.0420243
0.0442616 0.0442616
0.0464988 0.0464988
0.0487361 0.0487361
0.0509734 0.0509734
0.0532107 0.0532107
0.055448 0.055448
0.0576852 0.0576852
0.0599225 0.0599225
0.0621598 0.0621598
0.0643971 0.0643971
0.0666344 0.0666344
0.0643952 0.0643952
0.062156 0.062156
0.0599169 0.0599169
0.0576777 0.0576777
0.0554386 0.0554386
0.0531994 0.0531994
0.0509603 0.0509603
0.0487211 0.0487211
0.0464819 0.0464819
0.0442428 0.0442428
0.0420036 0.0420036
0.0397645 0.0397645
0.0375253 0.0375253
0.0352862 0.0352862
0.033047 0.033047
0.0308078 0.0308078
0.0285687 0.0285687
0.0263295 0.0263295
0.0240904 0.0240904
0.0218512 0.0218512
0.0196121 0.0196121
0.0173729 0.0173729
0.0151337 0.0151337
0.0128946 0.0128946
0.0106554 0.0106554
0.00841627 0.00841627
0.00617711 0.00617711
0.00393795 0.00393795
0.0016988 0.0016988
-0.000485303 -0.000485303
0.00175338 0.00175338
0.00399052 0.00399052
0.0062278 0.0062278
0.00846508 0.00846508
0.0107024 0.0107024
0.0129396 0.0129396
0.0151769 0.0151769
0.0174142 0.0174142
0.0196515 0.0196515
0.0218888 0.0218888
0.024126 0.024126
0.0263633 0.0263633
0.0286006 0.0286006
0.0308379 0.0308379
0.0330752 0.0330752
0.0353124 0.0353124
0.0375497 0.0375497
0.039787 0.039787
0.0420243 0.0420243
0.0442616 0.0442616
0.0464988 0.0464988
0.0487361 0.0487361
0.0509734 0.0509734
0.0532107 0.0532107
0.055448 0.055448
0.0576852 0.0576852
0.0599225 0.0599225
0.0621598 0.0621598
0.0643971 0.0643971
0.0666344 0.0666344
0.0643952 0.0643952
0.062156 0.062156
0.0599169 0.0599169
0.0576777 0.0576777
0.0554386 0.0554386
0.0531994 0.0531994
0.0509603 0.0509603
0.0487211 0.0487211
0.0464819 0.0464819
0.0442428 0.0442428
0.0420036 0.0420036
0.0397645 0.0397645
0.0375253 0.0375253
0.0352862 0.0352862
0.033047 0.033047
0.0308078 0.0308078
0.0285687 0.0285687
0.0263295 0.0263295
0.0240904 0.0240904
0.0218512 0.0218512
0.0196121 0.0196121
0.0173729 0.0173729
0.0151337 0.0151337
0.0128946 0.0128946
0.0106554 0.0106554
0.00841627 0.00841627
0.00617711 0.00617711
0.00393795 0.00393795
0.0016988 0.0016988
-0.000485303 -0.000485303
0.00175337 0.00175337
0.00399052 0.00399052
0.0062278 0.0062278
0.00846508 0.00846508
0.0107024 0.0107024
0.0129396 0.0129396
0.0151769 0.0151769
0.0174142 0.0174142
0.0196515 0.0196515
0.0218888 0.0218888
0.024126 0.024126
0.0263633 0.0263633
0.0286006 0.0286006
0.0308379 0.0308379
0.0330752 0.0330752
0.0353124 0.0353124
0.0375497 0.0375497
0.039787 0.039787
0.0420243 0.0420243
0.0442616 0.0442616
0.0464988 0.0464988
0.0487361 0.0487361
0.0509734 0.0509734
0.0532107 0.0532107
0.055448 0.055448
0.0576852 0.0576852
0.0599225 0.0599225
0.0621598 0.0621598
0.0643971 0.0643971
0.0666344 0.0666344
0.0643952 0.0643952
0.062156 0.062156
0.0599169 0.0599169
0.0576777 0.0576777
0.0554386 0.0554386
0.0531994 0.0531994
0.0509603 0.0509603
0.0487211 0.0487211
0.0464819 0.0464819
0.0442428 0.0442428
0.0420036 0.0420036
0.0397645 0.0397645
0.0375253 0.0375253
0.0352862 0.0352862
0.033047 0.033047
0.0308078 0.0308078
0.0285687 0.0285687
0.0263295 0.0263295
0.0240904 0.0240904
0.0218512 0.0218512
0.0196121 0.0196121
0.0173729 0.0173729
0.0151337 0.0151337
0.0128946 0.0128946
0.0106554 0.0106554
0.00841627 0.00841627
0.00617711 0.00617711
0.00393795 0.00393795
0.0016988 0.0016988
-0.000485303 -0.000485303
0.00175338 0.00175338
0.00399052 0.00399052
0.0062278 0.0062278
0.00846508 0.00846508
0.0107024 0.0107024
0.0129396 0.0129396
0.0151769 0.0151769
0.0174142 0.0174142
0.0196515 0.0196515
0.0218888 0.0218888
0.024126 0.024126
0.0263633 0.0263633
0.0286006 0.0286006
0.0308379 0.0308379
0.0330752 0.0330752
0.0353124 0.0353124
0.0375497 0.0375497
0.039787 0.039787
0.0420243 0.0420243
0.0442616 0.0442616
0.0464988 0.0464988
0.0487361 0.0487361
0.0509734 0.0509734
0.0532107 0.0532107
0.055448 0.055448
0.0576852 0.0576852
0.0599225 0.0599225
0.0621598 0.0621598
0.0643971 0.0643971
0.0666344 0.0666344
0.0643952 0.0643952
0.062156 0.062156
0.0599169 0.0599169
0.0576777 0.0576777
0.0554386 0.0554386
0.0531994 0.0531994
0.0509603 0.0509603
0.0487211 0.0487211
0.0464819 0.0464819
0.0442428 0.0442428
0.0420036 0.0420036
0.0397645 0.0397645
0.0375253 0.0375253
0.0352862 0.0352862
0.033047 0.033047
0.0308078 0.0308078
0.0285687 0.0285687
0.0263295 0.0263295
0.0240904 0.0240904
0.0218512 0.0218512
0.0196121 0.0196121
0.0173729 0.0173729
0.0151337 0.0151337
0.0128946 0.0128946
0.0106554 0.0106554
0.00841627 0.00841627
0.00617711 0.00617711
0.00393795 0.00393795
0.0016988 0.0016988
-0.000485303 -0.000485303
0.00175337 0.00175337
0.00399052 0.00399052
0.0062278 0.0062278
0.00846508 0.00846508
0.0107024 0.0107024
0.0129396 0.0129396
0.0151769 0.0151769
0.0174142 0.0174142
0.0196515 0.0196515
0.0218888 0.0218888
0.024126 0.024126
0.0263633 0.0263633
0.0286006 0.0286006
0.0308379 0.0308379
0.0330752 0.0330752
0.0353124 0.0353124
0.0375497 0.0375497
0.039787 0.039787
0.0420243 0.0420243
0.0442616 0.0442616
0.0464988 0.0464988
0.0487361 0.0487361
0.0509734 0.0509734
0.0532107 0.0532107
0.055448 0.055448
0.0576852 0.0576852
0.0599225 0.0599225
0.0621598 0.0621598
0.0643971 0.0643971
0.0666344 0.0666344
0.0688386 0.0688386
0.0712147 0.0712147
0.0737362 0.0737362
0.076258 0.076258
0.0787797 0.0787797
0.0813015 0.0813015
0.0838232 0.0838232
0.086345 0.086345
0.0888667 0.0888667
0.0913884 0.0913884
0.0891493 0.0891493
0.0869101 0.0869101
0.084671 0.084671
0.0824318 0.0824318
0.0801927 0.0801927
0.0779535 0.0779535
0.0757143 0.0757143
0.0734752 0.0734752
0.071236 0.071236
0.0689969 0.0689969
0.0667577 0.0667577
0.0645186 0.0645186
0.0622794 0.0622794
0.0600402 0.0600402
0.0578011 0.0578011
0.0555619 0.0555619
0.0533228 0.0533228
0.0510836 0.0510836
0.0488445 0.0488445
0.0466053 0.0466053
0.0443661 0.0443661
0.042127 0.042127
0.0398878 0.0398878
0.0376487 0.0376487
0.0354095 0.0354095
0.0331703 0.0331703
0.0309312 0.0309312
0.028692 0.028692
0.0264529 0.0264529
0.0242137 0.0242137
0.0219746 0.0219746
0.0206261 0.0206261
0.0206261 0.0206261
0.0206261 0.0206261
0.0206261 0.0206261
0.0206261 0.0206261
0.0206261 0.0206261
0.0206261 0.0206261
0.0206261 0.0206261
0.0206261 0.0206261
0.0206261 0.0206261
0.0206261 0.0206261
0.0206261 0.0206261
0.0206261 0.0206261
0.0206261 0.0206261
0.0206261 0.0206261
0.0206261 0.0206261
0.0206261 0.0206261
0.0220887 0.0220887
0.024326 0.024326
0.0265632 0.0265632
0.0288005 0.0288005
0.0310378 0.0310378
0.0332751 0.0332751
0.0355124 0.0355124
0.0377496 0.0377496
0.0399869 0.0399869
0.0422242 0.0422242
0.0444615 0.0444615
0.0466988 0.0466988
0.048936 0.048936
0.0511733 0.0511733
0.0534106 0.0534106
0.0556479 0.0556479
0.0578852 0.0578852
0.0601224 0.0601224
0.0623597 0.0623597
0.064597 0.064597
0.0668343 0.0668343
0.0690716 0.0690716
0.071327 0.071327
0.0738496 0.0738496
0.0763723 0.0763723
0.0788949 0.0788949
0.0814176 0.0814176
0.0839402 0.0839402
0.0864629 0.0864629
0.0889855 0.0889855
0.0915082 0.0915082
0.0940308 0.0940308
0.0917916 0.0917916
0.0895525 0.0895525
0.0873133 0.0873133
0.0850742 0.0850742
0.082835 0.082835
0.0805959 0.0805959
0.0783567 0.0783567
0.0761175 0.0761175
0.0738784 0.0738784
0.0716392 0.0716392
0.0694001 0.0694001
0.0671609 0.0671609
0.0649218 0.0649218
0.0626826 0.0626826
0.0604434 0.0604434
0.0582043 0.0582043
0.0559651 0.0559651
0.053726 0.053726
0.0514868 0.0514868
0.0492477 0.0492477
0.0470085 0.0470085
0.0447693 0.0447693
0.0429953 0.0429953
0.0429953 0.0429953
0.0429953 0.0429953
0.0429953 0.0429953
0.0429953 0.0429953
0.0429953 0.0429953
0.0429953 0.0429953
0.0429953 0.0429953
0.0429953 0.0429953
0.0429953 0.0429953
0.0429953 0.0429953
0.0429953 0.0429953
0.0429953 0.0429953
0.0429953 0.0429953
0.0429953 0.0429953
0.0429953 0.0429953
0.0429953 0.0429953
0.0429953 0.0429953
0.0429953 0.0429953
0.0429953 0.0429953
0.0429953 0.0429953
0.0429953 0.0429953
0.0429953 0.0429953
0.0429953 0.0429953
0.0429953 0.0429953
0.0429953 0.0429953
0.0429953 0.0429953
0.0429953 0.0429953
0.0429953 0.0429953
0.0429953 0.0429953
0.0429953 0.0429953
0.0429953 0.0429953
0.0429953 0.0429953
0.0429953 0.0429953
0.0429953 0.0429953
0.0447613 0.0447613
0.0469984 0.0469984
0.0492354 0.0492354
0.0514725 0.0514725
0.0537096 0.0537096
0.0559466 0.0559466
0.0581837 0.0581837
0.0604208 0.0604208
0.0626578 0.0626578
0.0648949 0.0648949
0.067132 0.067132
0.069369 0.069369
0.0716061 0.0716061
0.0738432 0.0738432
0.0760802 0.0760802
0.0783173 0.0783173
0.0805544 0.0805544
0.0827914 0.0827914
0.0850285 0.0850285
0.0872656 0.0872656
0.0895026 0.0895026
0.0917397 0.0917397
0.0941318 0.0941318
0.0918927 0.0918927
0.0896535 0.0896535
0.0874144 0.0874144
0.0851752 0.0851752
0.082936 0.082936
0.0806969 0.0806969
0.0784577 0.0784577
0.0762186 0.0762186
0.0739794 0.0739794
0.0717403 0.0717403
0.0695011 0.0695011
0.0672619 0.0672619
0.0650228 0.0650228
0.0627836 0.0627836
0.0605445 0.0605445
0.0583053 0.0583053
0.0560662 0.0560662
0.053827 0.053827
0.0515878 0.0515878
0.0493487 0.0493487
0.0471095 0.0471095
0.0448704 0.0448704
0.0443354 0.0443354
0.0443354 0.0443354
0.0443354 0.0443354
0.0443354 0.0443354
0.0443354 0.0443354
0.0443354 0.0443354
0.0443354 0.0443354
0.0443354 0.0443354
0.0443354 0.0443354
0.0443354 0.0443354
0.0443354 0.0443354
0.0443354 0.0443354
0.0443354 0.0443354
0.0443354 0.0443354
0.0443354 0.0443354
0.0443354 0.0443354
0.0443354 0.0443354
0.0443354 0.0443354
0.0443354 0.0443354
0.0443354 0.0443354
0.0443354 0.0443354
0.0443354 0.0443354
0.0443354 0.0443354
0.0443354 0.0443354
0.0443354 0.0443354
0.0443354 0.0443354
0.0443354 0.0443354
0.0443354 0.0443354
0.0443354 0.0443354
0.0443354 0.0443354
0.0443354 0.0443354
0.0443354 0.0443354
0.0443354 0.0443354
0.0443354 0.0443354
0.0443354 0.0443354
0.0449656 0.0449656
0.0472029 0.0472029
0.0494401 0.0494401
0.0516774 0.0516774
0.0539147 0.0539147
0.056152 0.056152
0.0583893 0.0583893
0.0606265 0.0606265
0.0628638 0.0628638
0.0651011 0.0651011
0.0673384 0.0673384
0.0695757 0.0695757
0.0718129 0.0718129
0.0740502 0.0740502
0.0762875 0.0762875
0.0785248 0.0785248
0.0807621 0.0807621
0.0829993 0.0829993
0.0852366 0.0852366
0.0874739 0.0874739
0.0897112 0.0897112
0.0919485 0.0919485
0.094195 0.094195
0.0919559 0.0919559
0.0897167 0.0897167
0.0874776 0.0874776
0.0852384 0.0852384
0.0829992 0.0829992
0.0807601 0.0807601
0.0785209 0.0785209
0.0762818 0.0762818
0.0740426 0.0740426
0.0718034 0.0718034
0.0695643 0.0695643
0.0673251 0.0673251
0.065086 0.065086
0.0628468 0.0628468
0.0606077 0.0606077
0.0583685 0.0583685
0.0561293 0.0561293
0.0538902 0.0538902
0.051651 0.051651
0.0494119 0.0494119
0.0471727 0.0471727
0.0449336 0.0449336
0.0444156 0.0444156
0.0444156 0.0444156
0.0444156 0.0444156
0.0444156 0.0444156
0.0444156 0.0444156
0.0444156 0.0444156
0.0444156 0.0444156
0.0444156 0.0444156
0.0444156 0.0444156
0.0444156 0.0444156
0.0444156 0.0444156
0.0444156 0.0444156
0.0444156 0.0444156
0.0444156 0.0444156
0.0444156 0.0444156
0.0444156 0.0444156
0.0444156 0.0444156
0.0444156 0.0444156
0.0444156 0.0444156
0.0444156 0.0444156
0.0444156 0.0444156
0.0444156 0.0444156
0.0444156 0.0444156
0.0444156 0.0444156
0.0444156 0.0444156
0.0444156 0.0444156
0.0444156 0.0444156
0.0444156 0.0444156
0.0444156 0.0444156
0.0444156 0.0444156
0.0444156 0.0444156
0.0444156 0.0444156
0.0444156 0.0444156
0.0444156 0.0444156
0.0444156 0.0444156
0.0449257 0.0449257
0.0471627 0.0471627
0.0493998 0.0493998
0.0516369 0.0516369
0.0538739 0.0538739
0.056111 0.056111
0.0583481 0.0583481
0.0605851 0.0605851
0.0628222 0.0628222
0.0650593 0.0650593
0.0672963 0.0672963
0.0695334 0.0695334
0.0717705 0.0717705
0.0740075 0.0740075
0.0762446 0.0762446
0.0784816 0.0784816
0.0807187 0.0807187
0.0829558 0.0829558
0.0851928 0.0851928
0.0874299 0.0874299
0.089667 0.089667
0.091904 0.091904
0.0941417 0.0941417
0.0919025 0.0919025
0.0896634 0.0896634
0.0874242 0.0874242
0.085185 0.085185
0.0829459 0.0829459
0.0807067 0.0807067
0.0784676 0.0784676
0.0762284 0.0762284
0.0739893 0.0739893
0.0717501 0.0717501
0.0695109 0.0695109
0.0672718 0.0672718
0.0650326 0.0650326
0.0627935 0.0627935
0.0605543 0.0605543
0.0583152 0.0583152
0.056076 0.056076
0.0538368 0.0538368
0.0515977 0.0515977
0.0493585 0.0493585
0.0471194 0.0471194
0.0448802 0.0448802
0.0444205 0.0444205
0.0444205 0.0444205
0.0444205 0.0444205
0.0444205 0.0444205
0.0444205 0.0444205
0.0444205 0.0444205
0.0444205 0.0444205
0.0444205 0.0444205
0.0444205 0.0444205
0.0444205 0.0444205
0.0444205 0.0444205
0.0444205 0.0444205
0.0444205 0.0444205
0.0444205 0.0444205
0.0444205 0.0444205
0.0444205 0.0444205
0.0444205 0.0444205
0.0444205 0.0444205
0.0444205 0.0444205
0.0444205 0.0444205
0.0444205 0.0444205
0.0444205 0.0444205
0.0444205 0.0444205
0.0444205 0.0444205
0.0444205 0.0444205
0.0444205 0.0444205
0.0444205 0.0444205
0.0444205 0.0444205
0.0444205 0.0444205
0.0444205 0.0444205
0.0444205 0.0444205
0.0444205 0.0444205
0.0444205 0.0444205
0.0444205 0.0444205
0.0444205 0.0444205
0.0449754 0.0449754
0.0472127 0.0472127
0.04945 0.04945
0.0516873 0.0516873
0.0539245 0.0539245
0.0561618 0.0561618
0.0583991 0.0583991
0.0606364 0.0606364
0.0628737 0.0628737
0.0651109 0.0651109
0.0673482 0.0673482
0.0695855 0.0695855
0.0718228 0.0718228
0.0740601 0.0740601
0.0762973 0.0762973
0.0785346 0.0785346
0.0807719 0.0807719
0.0830092 0.0830092
0.0852465 0.0852465
0.0874837 0.0874837
0.089721 0.089721
0.0919583 0.0919583
0.0941956 0.0941956
0.0919565 0.0919565
0.0897173 0.0897173
0.0874781 0.0874781
0.085239 0.085239
0.0829998 0.0829998
0.0807607 0.0807607
0.0785215 0.0785215
0.0762824 0.0762824
0.0740432 0.0740432
0.071804 0.071804
0.0695649 0.0695649
0.0673257 0.0673257
0.0650866 0.0650866
0.0628474 0.0628474
0.0606083 0.0606083
0.0583691 0.0583691
0.0561299 0.0561299
0.0538908 0.0538908
0.0516516 0.0516516
0.0494125 0.0494125
0.0471733 0.0471733
0.0449341 0.0449341
0.0444207 0.0444207
0.0444207 0.0444207
0.0444207 0.0444207
0.0444207 0.0444207
0.0444207 0.0444207
0.0444207 0.0444207
0.0444207 0.0444207
0.0444207 0.0444207
0.0444207 0.0444207
0.0444207 0.0444207
0.0444207 0.0444207
0.0444207 0.0444207
0.0444207 0.0444207
0.0444207 0.0444207
0.0444207 0.0444207
0.0444207 0.0444207
0.0444207 0.0444207
0.0444207 0.0444207
0.0444207 0.0444207
0.0444207 0.0444207
0.0444207 0.0444207
0.0444207 0.0444207
0.0444207 0.0444207
0.0444207 0.0444207
0.0444207 0.0444207
0.0444207 0.0444207
0.0444207 0.0444207
0.0444207 0.0444207
0.0444207 0.0444207
0.0444207 0.0444207
0.0444207 0.0444207
0.0444207 0.0444207
0.0444207 0.0444207
0.0444207 0.0444207
0.0444207 0.0444207
0.0449262 0.0449262
0.0471633 0.0471633
0.0494004 0.0494004
0.0516374 0.0516374
0.0538745 0.0538745
0.0561116 0.0561116
0.0583486 0.0583486
0.0605857 0.0605857
0.0628228 0.0628228
0.0650598 0.0650598
0.0672969 0.0672969
0.069534 0.069534
0.071771 0.071771
0.0740081 0.0740081
0.0762452 0.0762452
0.0784822 0.0784822
0.0807193 0.0807193
0.0829564 0.0829564
0.0851934 0.0851934
0.0874305 0.0874305
0.0896676 0.0896676
0.0919046 0.0919046
0.0941417 0.0941417
0.0966643 0.0966643
0.099187 0.099187
0.10171 0.10171
0.104232 0.104232
0.106755 0.106755
0.109278 0.109278
0.1118 0.1118
0.114323 0.114323
0.116845 0.116845
0.119368 0.119368
0.121891 0.121891
0.124413 0.124413
0.126936 0.126936
0.129459 0.129459
0.131981 0.131981
0.134504 0.134504
0.137027 0.137027
0.139549 0.139549
0.142072 0.142072
0.144594 0.144594
0.142355 0.142355
0.140116 0.140116
0.137877 0.137877
0.135638 0.135638
0.133399 0.133399
0.13116 0.13116
0.12892 0.12892
0.126681 0.126681
0.124442 0.124442
0.122203 0.122203
0.119964 0.119964
0.117725 0.117725
0.115485 0.115485
0.113246 0.113246
0.111007 0.111007
0.108768 0.108768
0.106529 0.106529
0.10429 0.10429
0.10205 0.10205
0.0998113 0.0998113
0.0975722 0.0975722
0.095333 0.095333
0.0937812 0.0937812
0.0937812 0.0937812
0.0937812 0.0937812
0.0937812 0.0937812
0.0937812 0.0937812
0.0937812 0.0937812
0.0937812 0.0937812
0.0937812 0.0937812
0.0937812 0.0937812
0.0937812 0.0937812
0.0937812 0.0937812
0.0937812 0.0937812
0.0937812 0.0937812
0.0937812 0.0937812
0.0937812 0.0937812
0.0937812 0.0937812
0.0937812 0.0937812
0.0937812 0.0937812
0.0937812 0.0937812
0.0937812 0.0937812
0.0937812 0.0937812
0.0937812 0.0937812
0.0937812 0.0937812
0.0937812 0.0937812
0.0937812 0.0937812
0.0937812 0.0937812
0.0937812 0.0937812
0.0937812 0.0937812
0.0937812 0.0937812
0.0937812 0.0937812
0.0937812 0.0937812
0.0937812 0.0937812
0.0937812 0.0937812
0.0937812 0.0937812
0.0937812 0.0937812
0.0937812 0.0937812
0.0937812 0.0937812
0.0937812 0.0937812
0.0937812 0.0937812
0.0937812 0.0937812
0.0937812 0.0937812
0.0937812 0.0937812
0.0937812 0.0937812
0.0937812 0.0937812
0.0937812 0.0937812
0.0937812 0.0937812
0.0937812 0.0937812
0.0937812 0.0937812
0.0937812 0.0937812
0.0937812 0.0937812
0.0937812 0.0937812
0.0937812 0.0937812
0.0937812 0.0937812
0.0937812 0.0937812
0.0937812 0.0937812
0.0937812 0.0937812
0.0932118 0.0932118
0.0917514 0.0917514
0.090291 0.090291
0.0888305 0.0888305
0.0873701 0.0873701
0.0859097 0.0859097
0.0844493 0.0844493
0.0829889 0.0829889
0.0815285 0.0815285
0.080068 0.080068
0.0786076 0.0786076
0.0771472 0.0771472
0.0777631 0.0777631
0.0799874 0.0799874
0.0822118 0.0822118
0.0844362 0.0844362
0.0866605 0.0866605
0.0888849 0.0888849
0.0911092 0.0911092
0.0933336 0.0933336
0.0955579 0.0955579
0.0980071 0.0980071
0.100529 0.100529
0.103052 0.103052
0.105574 0.105574
0.108096 0.108096
0.110619 0.110619
0.113141 0.113141
0.115663 0.115663
0.118186 0.118186
0.120708 0.120708
0.12323 0.12323
0.125752 0.125752
0.128275 0.128275
0.130797 0.130797
0.133319 0.133319
0.135842 0.135842
0.138364 0.138364
0.140886 0.140886
0.143409 0.143409
0.145931 0.145931
0.148453 0.148453
0.146214 0.146214
0.143975 0.143975
0.141736 0.141736
0.139497 0.139497
0.137257 0.137257
0.135018 0.135018
0.132779 0.132779
0.13054 0.13054
0.128301 0.128301
0.126687 0.126687
0.126687 0.126687
0.126687 0.126687
0.126687 0.126687
0.126687 0.126687
0.126687 0.126687
0.126687 0.126687
0.126687 0.126687
0.126687 0.126687
0.126687 0.126687
0.126687 0.126687
0.126687 0.126687
0.126687 0.126687
0.126687 0.126687
0.126687 0.126687
0.126687 0.126687
0.126687 0.126687
0.126687 0.126687
0.126687 0.126687
0.126687 0.126687
0.126687 0.126687
0.126687 0.126687
0.126687 0.126687
0.126687 0.126687
0.126687 0.126687
0.126687 0.126687
0.126687 0.126687
0.126687 0.126687
0.126687 0.126687
0.126687 0.126687
0.126687 0.126687
0.126687 0.126687
0.126687 0.126687
0.126687 0.126687
0.126687 0.126687
0.126687 0.126687
0.126687 0.126687
0.126687 0.126687
0.126687 0.126687
0.126687 0.126687
0.126687 0.126687
0.126687 0.126687
0.126687 0.126687
0.126687 0.126687
0.126687 0.126687
0.126687 0.126687
0.126687 0.126687
0.126687 0.126687
0.126687 0.126687
0.126687 0.126687
0.126687 0.126687
0.126687 0.126687
0.126687 0.126687
0.126687 0.126687
0.126687 0.126687
0.126687 0.126687
0.126687 0.126687
0.126687 0.126687
0.126687 0.126687
0.126687 0.126687
0.126687 0.126687
0.126687 0.126687
0.126687 0.126687
0.126687 0.126687
0.126687 0.126687
0.126687 0.126687
0.126687 0.126687
0.126687 0.126687
0.126687 0.126687
0.126687 0.126687
0.126687 0.126687
0.126687 0.126687
0.126687 0.126687
0.126687 0.126687
0.126687 0.126687
0.126687 0.126687
0.126687 0.126687
0.126687 0.126687
0.126687 0.126687
0.126687 0.126687
0.126571 0.126571
0.125101 0.125101
0.12363 0.12363
0.12216 0.12216
0.12069 0.12069
0.119219 0.119219
0.117749 0.117749
0.116279 0.116279
0.114809 0.114809
0.113338 0.113338
0.111868 0.111868
0.110398 0.110398
0.108927 0.108927
0.108177 0.108177
0.110401 0.110401
0.112626 0.112626
0.11485 0.11485
0.117116 0.117116
0.119518 0.119518
0.121919 0.121919
0.12432 0.12432
0.126722 0.126722
0.129123 0.129123
0.131525 0.131525
0.133926 0.133926
0.136327 0.136327
0.138729 0.138729
0.14113 0.14113
0.143531 0.143531
0.145933 0.145933
0.148426 0.148426
0.146187 0.146187
0.143947 0.143947
0.141708 0.141708
0.139469 0.139469
0.13723 0.13723
0.134991 0.134991
0.132752 0.132752
0.130513 0.130513
0.128273 0.128273
0.126893 0.126893
0.126893 0.126893
0.126893 0.126893
0.126893 0.126893
0.126893 0.126893
0.126893 0.126893
0.126893 0.126893
0.126893 0.126893
0.126893 0.126893
0.126893 0.126893
0.126893 0.126893
0.126893 0.126893
0.126893 0.126893
0.126893 0.126893
0.126893 0.126893
0.126893 0.126893
0.126893 0.126893
0.126893 0.126893
0.126893 0.126893
0.126893 0.126893
0.126893 0.126893
0.126893 0.126893
0.126893 0.126893
0.126893 0.126893
0.126893 0.126893
0.126893 0.126893
0.126893 0.126893
0.126893 0.126893
0.126893 0.126893
0.126893 0.126893
0.126893 0.126893
0.126893 0.126893
0.126893 0.126893
0.126893 0.126893
0.126893 0.126893
0.126893 0.126893
0.126893 0.126893
0.126893 0.126893
0.126893 0.126893
0.126893 0.126893
0.126893 0.126893
0.126893 0.126893
0.126893 0.126893
0.126893 0.126893
0.126893 0.126893
0.126893 0.126893
0.126893 0.126893
0.126893 0.126893
0.126893 0.126893
0.126893 0.126893
0.126893 0.126893
0.126893 0.126893
0.126893 0.126893
0.126893 0.126893
0.126893 0.126893
0.126893 0.126893
0.126893 0.126893
0.126893 0.126893
0.126893 0.126893
0.126893 0.126893
0.126893 0.126893
0.126893 0.126893
0.126893 0.126893
0.126893 0.126893
0.126893 0.126893
0.126893 0.126893
0.126893 0.126893
0.126893 0.126893
0.126893 0.126893
0.126893 0.126893
0.126893 0.126893
0.126893 0.126893
0.126893 0.126893
0.126893 0.126893
0.126893 0.126893
0.126893 0.126893
0.126893 0.126893
0.126893 0.126893
0.126893 0.126893
0.126893 0.126893
0.126893 0.126893
0.125443 0.125443
0.123973 0.123973
0.122503 0.122503
0.121033 0.121033
0.119562 0.119562
0.118092 0.118092
0.116622 0.116622
0.115152 0.115152
0.113681 0.113681
0.112211 0.112211
0.110741 0.110741
0.109271 0.109271
0.108255 0.108255
0.110479 0.110479
0.112704 0.112704
0.114928 0.114928
0.117238 0.117238
0.119641 0.119641
0.122045 0.122045
0.124448 0.124448
0.126852 0.126852
0.129255 0.129255
0.131658 0.131658
0.134062 0.134062
0.136465 0.136465
0.138868 0.138868
0.141272 0.141272
0.143675 0.143675
0.146078 0.146078
0.148482 0.148482
0.146243 0.146243
0.144004 0.144004
0.141765 0.141765
0.139526 0.139526
0.137287 0.137287
0.135047 0.135047
0.132808 0.132808
0.130569 0.130569
0.12833 0.12833
0.126939 0.126939
0.126939 0.126939
0.126939 0.126939
0.126939 0.126939
0.126939 0.126939
0.126939 0.126939
0.126939 0.126939
0.126939 0.126939
0.126939 0.126939
0.126939 0.126939
0.126939 0.126939
0.126939 0.126939
0.126939 0.126939
0.126939 0.126939
0.126939 0.126939
0.126939 0.126939
0.126939 0.126939
0.126939 0.126939
0.126939 0.126939
0.126939 0.126939
0.126939 0.126939
0.126939 0.126939
0.126939 0.126939
0.126939 0.126939
0.126939 0.126939
0.126939 0.126939
0.126939 0.126939
0.126939 0.126939
0.126939 0.126939
0.126939 0.126939
0.126939 0.126939
0.126939 0.126939
0.126939 0.126939
0.126939 0.126939
0.126939 0.126939
0.126939 0.126939
0.126939 0.126939
0.126939 0.126939
0.126939 0.126939
0.126939 0.126939
0.126939 0.126939
0.126939 0.126939
0.126939 0.126939
0.126939 0.126939
0.126939 0.126939
0.126939 0.126939
0.126939 0.126939
0.126939 0.126939
0.126939 0.126939
0.126939 0.126939
0.126939 0.126939
0.126939 0.126939
0.126939 0.126939
0.126939 0.126939
0.126939 0.126939
0.126939 0.126939
0.126939 0.126939
0.126939 0.126939
0.126939 0.126939
0.126939 0.126939
0.126939 0.126939
0.126939 0.126939
0.126939 0.126939
0.126939 0.126939
0.126939 0.126939
0.126939 0.126939
0.126939 0.126939
0.126939 0.126939
0.126939 0.126939
0.126939 0.126939
0.126939 0.126939
0.126939 0.126939
0.126939 0.126939
0.126939 0.126939
0.126939 0.126939
0.126939 0.126939
0.126939 0.126939
0.126939 0.126939
0.126939 0.126939
0.126939 0.126939
0.126939 0.126939
0.125481 0.125481
0.12401 0.12401
0.12254 0.12254
0.12107 0.12107
0.119599 0.119599
0.118129 0.118129
0.116658 0.116658
0.115188 0.115188
0.113718 0.113718
0.112247 0.112247
0.110777 0.110777
0.109307 0.109307
0.108206 0.108206
0.11043 0.11043
0.112655 0.112655
0.114879 0.114879
0.117184 0.117184
0.119587 0.119587
0.121991 0.121991
0.124394 0.124394
0.126797 0.126797
0.1292 0.1292
0.131603 0.131603
0.134007 0.134007
0.13641 0.13641
0.138813 0.138813
0.141216 0.141216
0.14362 0.14362
0.146023 0.146023
0.148426 0.148426
0.146187 0.146187
0.143948 0.143948
0.141709 0.141709
0.139469 0.139469
0.13723 0.13723
0.134991 0.134991
0.132752 0.132752
0.130513 0.130513
0.128274 0.128274
0.126894 0.126894
0.126894 0.126894
0.126894 0.126894
0.126894 0.126894
0.126894 0.126894
0.126894 0.126894
0.126894 0.126894
0.126894 0.126894
0.126894 0.126894
0.126894 0.126894
0.126894 0.126894
0.126894 0.126894
0.126894 0.126894
0.126894 0.126894
0.126894 0.126894
0.126894 0.126894
0.126894 0.126894
0.126894 0.126894
0.126894 0.126894
0.126894 0.126894
0.126894 0.126894
0.126894 0.126894
0.126894 0.126894
0.126894 0.126894
0.126894 0.126894
0.126894 0.126894
0.126894 0.126894
0.126894 0.126894
0.126894 0.126894
0.126894 0.126894
0.126894 0.126894
0.126894 0.126894
0.126894 0.126894
0.126894 0.126894
0.126894 0.126894
0.126894 0.126894
0.126894 0.126894
0.126894 0.126894
0.126894 0.126894
0.126894 0.126894
0.126894 0.126894
0.126894 0.126894
0.126894 0.126894
0.126894 0.126894
0.126894 0.126894
0.126894 0.126894
0.126894 0.126894
0.126894 0.126894
0.126894 0.126894
0.126894 0.126894
0.126894 0.126894
0.126894 0.126894
0.126894 0.126894
0.126894 0.126894
0.126894 0.126894
0.126894 0.126894
0.126894 0.126894
0.126894 0.126894
0.126894 0.126894
0.126894 0.126894
0.126894 0.126894
0.126894 0.126894
0.126894 0.126894
0.126894 0.126894
0.126894 0.126894
0.126894 0.126894
0.126894 0.126894
0.126894 0.126894
0.126894 0.126894
0.126894 0.126894
0.126894 0.126894
0.126894 0.126894
0.126894 0.126894
0.126894 0.126894
0.126894 0.126894
0.126894 0.126894
0.126894 0.126894
0.126894 0.126894
0.126894 0.126894
0.126894 0.126894
0.126894 0.126894
0.125446 0.125446
0.123976 0.123976
0.122506 0.122506
0.121035 0.121035
0.119565 0.119565
0.118095 0.118095
0.116625 0.116625
0.115154 0.115154
0.113684 0.113684
0.112214 0.112214
0.110744 0.110744
0.109274 0.109274
0.108255 0.108255
0.11048 0.11048
0.112704 0.112704
0.114928 0.114928
0.117239 0.117239
0.119642 0.119642
0.122045 0.122045
0.124449 0.124449
0.126852 0.126852
0.129255 0.129255
0.131659 0.131659
0.134062 0.134062
0.136466 0.136466
0.138869 0.138869
0.141272 0.141272
0.143676 0.143676
0.146079 0.146079
0.148482 0.148482
0.146243 0.146243
0.144004 0.144004
0.141765 0.141765
0.139526 0.139526
0.137287 0.137287
0.135047 0.135047
0.132808 0.132808
0.130569 0.130569
0.12833 0.12833
0.126939 0.126939
0.126939 0.126939
0.126939 0.126939
0.126939 0.126939
0.126939 0.126939
0.126939 0.126939
0.126939 0.126939
0.126939 0.126939
0.126939 0.126939
0.126939 0.126939
0.126939 0.126939
0.126939 0.126939
0.126939 0.126939
0.126939 0.126939
0.126939 0.126939
0.126939 0.126939
0.126939 0.126939
0.126939 0.126939
0.126939 0.126939
0.126939 0.126939
0.126939 0.126939
0.126939 0.126939
0.126939 0.126939
0.126939 0.126939
0.126939 0.126939
0.126939 0.126939
0.126939 0.126939
0.126939 0.126939
0.126939 0.126939
0.126939 0.126939
0.126939 0.126939
0.126939 0.126939
0.126939 0.126939
0.126939 0.126939
0.126939 0.126939
0.126939 0.126939
0.126939 0.126939
0.126939 0.126939
0.126939 0.126939
0.126939 0.126939
0.126939 0.126939
0.126939 0.126939
0.126939 0.126939
0.126939 0.126939
0.126939 0.126939
0.126939 0.126939
0.126939 0.126939
0.126939 0.126939
0.126939 0.126939
0.126939 0.126939
0.126939 0.126939
0.126939 0.126939
0.126939 0.126939
0.126939 0.126939
0.126939 0.126939
0.126939 0.126939
0.126939 0.126939
0.126939 0.126939
0.126939 0.126939
0.126939 0.126939
0.126939 0.126939
0.126939 0.126939
0.126939 0.126939
0.126939 0.126939
0.126939 0.126939
0.126939 0.126939
0.126939 0.126939
0.126939 0.126939
0.126939 0.126939
0.126939 0.126939
0.126939 0.126939
0.126939 0.126939
0.126939 0.126939
0.126939 0.126939
0.126939 0.126939
0.126939 0.126939
0.126939 0.126939
0.126939 0.126939
0.126939 0.126939
0.126939 0.126939
0.126939 0.126939
0.125481 0.125481
0.12401 0.12401
0.12254 0.12254
0.12107 0.12107
0.119599 0.119599
0.118129 0.118129
0.116658 0.116658
0.115188 0.115188
0.113718 0.113718
0.112247 0.112247
0.110777 0.110777
0.109307 0.109307
0.108206 0.108206
0.11043 0.11043
0.112655 0.112655
0.114879 0.114879
0.117184 0.117184
0.119587 0.119587
0.121991 0.121991
0.124394 0.124394
0.126797 0.126797
0.1292 0.1292
0.131603 0.131603
0.134007 0.134007
0.13641 0.13641
0.138813 0.138813
0.141216 0.141216
0.14362 0.14362
0.146023 0.146023
0.148426 0.148426
0.150948 0.150948
0.153471 0.153471
0.155993 0.155993
0.158515 0.158515
0.161038 0.161038
0.16356 0.16356
0.166082 0.166082
0.168604 0.168604
0.171127 0.171127
0.173649 0.173649
0.176171 0.176171
0.178694 0.178694
0.181216 0.181216
0.183738 0.183738
0.186261 0.186261
0.188783 0.188783
0.191305 0.191305
0.193827 0.193827
0.19635 0.19635
0.198872 0.198872
0.196633 0.196633
0.194394 0.194394
0.192155 0.192155
0.189915 0.189915
0.187676 0.187676
0.185437 0.185437
0.183198 0.183198
0.180959 0.180959
0.17872 0.17872
0.17648 0.17648
0.176197 0.176197
0.176197 0.176197
0.176197 0.176197
0.176197 0.176197
0.176197 0.176197
0.176197 0.176197
0.176197 0.176197
0.176197 0.176197
0.176197 0.176197
0.176197 0.176197
0.176197 0.176197
0.176197 0.176197
0.176197 0.176197
0.176197 0.176197
0.176197 0.176197
0.176197 0.176197
0.176197 0.176197
0.176197 0.176197
0.176197 0.176197
0.176197 0.176197
0.176197 0.176197
0.176197 0.176197
0.176197 0.176197
0.176197 0.176197
0.176197 0.176197
0.176197 0.176197
0.176197 0.176197
0.176197 0.176197
0.176197 0.176197
0.176197 0.176197
0.176197 0.176197
0.176197 0.176197
0.176197 0.176197
0.176197 0.176197
0.176197 0.176197
0.176197 0.176197
0.176197 0.176197
0.176197 0.176197
0.176197 0.176197
0.176197 0.176197
0.176197 0.176197
0.176197 0.176197
0.176108 0.176108
0.175961 0.175961
0.175815 0.175815
0.175668 0.175668
0.175521 0.175521
0.175374 0.175374
0.175227 0.175227
0.17508 0.17508
0.174934 0.174934
0.174787 0.174787
0.17464 0.17464
0.174493 0.174493
0.174346 0.174346
0.1742 0.1742
0.174053 0.174053
0.173906 0.173906
0.173759 0.173759
0.173612 0.173612
0.173465 0.173465
0.173319 0.173319
0.173172 0.173172
0.173025 0.173025
0.172878 0.172878
0.172731 0.172731
0.172585 0.172585
0.172438 0.172438
0.172291 0.172291
0.172144 0.172144
0.171997 0.171997
0.171851 0.171851
0.171704 0.171704
0.171557 0.171557
0.17141 0.17141
0.171263 0.171263
0.171116 0.171116
0.17097 0.17097
0.170823 0.170823
0.170676 0.170676
0.169032 0.169032
0.167356 0.167356
0.165679 0.165679
0.164002 0.164002
0.162325 0.162325
0.160649 0.160649
0.158972 0.158972
0.157295 0.157295
0.155618 0.155618
0.153942 0.153942
0.152265 0.152265
0.150588 0.150588
0.148911 0.148911
0.147235 0.147235
0.145558 0.145558
0.143881 0.143881
0.142204 0.142204
0.140528 0.140528
0.138851 0.138851
0.137174 0.137174
0.135497 0.135497
0.133821 0.133821
0.132144 0.132144
0.130467 0.130467
0.12879 0.12879
0.127114 0.127114
0.125437 0.125437
0.12376 0.12376
0.122083 0.122083
0.120407 0.120407
0.11873 0.11873
0.117053 0.117053
0.115376 0.115376
0.1137 0.1137
0.113255 0.113255
0.115478 0.115478
0.117815 0.117815
0.120218 0.120218
0.122621 0.122621
0.125024 0.125024
0.127427 0.127427
0.12983 0.12983
0.132233 0.132233
0.134636 0.134636
0.137038 0.137038
0.139441 0.139441
0.141844 0.141844
0.144247 0.144247
0.14665 0.14665
0.149067 0.149067
0.151589 0.151589
0.154112 0.154112
0.156634 0.156634
0.159156 0.159156
0.161678 0.161678
0.164201 0.164201
0.166723 0.166723
0.169245 0.169245
0.171767 0.171767
0.17429 0.17429
0.176812 0.176812
0.179334 0.179334
0.181857 0.181857
0.184379 0.184379
0.186901 0.186901
0.189423 0.189423
0.191946 0.191946
0.194468 0.194468
0.19699 0.19699
0.199513 0.199513
0.197273 0.197273
0.195034 0.195034
0.192795 0.192795
0.190556 0.190556
0.188317 0.188317
0.186078 0.186078
0.183838 0.183838
0.181599 0.181599
0.181292 0.181292
0.181292 0.181292
0.181292 0.181292
0.181292 0.181292
0.181292 0.181292
0.181292 0.181292
0.181292 0.181292
0.181292 0.181292
0.181292 0.181292
0.181292 0.181292
0.181292 0.181292
0.181292 0.181292
0.181292 0.181292
0.181292 0.181292
0.181292 0.181292
0.181292 0.181292
0.181292 0.181292
0.181292 0.181292
0.181292 0.181292
0.181292 0.181292
0.181292 0.181292
0.181292 0.181292
0.181292 0.181292
0.181292 0.181292
0.181292 0.181292
0.181292 0.181292
0.181292 0.181292
0.181292 0.181292
0.181292 0.181292
0.181292 0.181292
0.181292 0.181292
0.181292 0.181292
0.181292 0.181292
0.181292 0.181292
0.181292 0.181292
0.181292 0.181292
0.181292 0.181292
0.181292 0.181292
0.181292 0.181292
0.181292 0.181292
0.181292 0.181292
0.181292 0.181292
0.181292 0.181292
0.181292 0.181292
0.181292 0.181292
0.181292 0.181292
0.181168 0.181168
0.181018 0.181018
0.180869 0.180869
0.18072 0.18072
0.180571 0.180571
0.180422 0.180422
0.180273 0.180273
0.180123 0.180123
0.179974 0.179974
0.179825 0.179825
0.179676 0.179676
0.179527 0.179527
0.179378 0.179378
0.179228 0.179228
0.179079 0.179079
0.17893 0.17893
0.178781 0.178781
0.178632 0.178632
0.178483 0.178483
0.178333 0.178333
0.178184 0.178184
0.178035 0.178035
0.177886 0.177886
0.177737 0.177737
0.177588 0.177588
0.177438 0.177438
0.177289 0.177289
0.17714 0.17714
0.176991 0.176991
0.176842 0.176842
0.176693 0.176693
0.176544 0.176544
0.176394 0.176394
0.176245 0.176245
0.176096 0.176096
0.175947 0.175947
0.175798 0.175798
0.175382 0.175382
0.173704 0.173704
0.172026 0.172026
0.170349 0.170349
0.168671 0.168671
0.166993 0.166993
0.165315 0.165315
0.163637 0.163637
0.161959 0.161959
0.160282 0.160282
0.158604 0.158604
0.156926 0.156926
0.155248 0.155248
0.15357 0.15357
0.151893 0.151893
0.150215 0.150215
0.148537 0.148537
0.146859 0.146859
0.145987 0.145987
0.145558 0.145558
0.145129 0.145129
0.1447 0.1447
0.144271 0.144271
0.143842 0.143842
0.143413 0.143413
0.142984 0.142984
0.142555 0.142555
0.142126 0.142126
0.141697 0.141697
0.141268 0.141268
0.140839 0.140839
0.14041 0.14041
0.139981 0.139981
0.139552 0.139552
0.139123 0.139123
0.138694 0.138694
0.138265 0.138265
0.137836 0.137836
0.137407 0.137407
0.136978 0.136978
0.136549 0.136549
0.13612 0.13612
0.136053 0.136053
0.138491 0.138491
0.14093 0.14093
0.143368 0.143368
0.145806 0.145806
0.148245 0.148245
0.150683 0.150683
0.153121 0.153121
0.15556 0.15556
0.157998 0.157998
0.160436 0.160436
0.162874 0.162874
0.165313 0.165313
0.167751 0.167751
0.170189 0.170189
0.172628 0.172628
0.175066 0.175066
0.177504 0.177504
0.179943 0.179943
0.182381 0.182381
0.184819 0.184819
0.187257 0.187257
0.189696 0.189696
0.192134 0.192134
0.194572 0.194572
0.197011 0.197011
0.199459 0.199459
0.19722 0.19722
0.19498 0.19498
0.192741 0.192741
0.190502 0.190502
0.188263 0.188263
0.186024 0.186024
0.183785 0.183785
0.181545 0.181545
0.181266 0.181266
0.181266 0.181266
0.181266 0.181266
0.181266 0.181266
0.181266 0.181266
0.181266 0.181266
0.181266 0.181266
0.181266 0.181266
0.181266 0.181266
0.181266 0.181266
0.181266 0.181266
0.181266 0.181266
0.181266 0.181266
0.181266 0.181266
0.181266 0.181266
0.181266 0.181266
0.181266 0.181266
0.181266 0.181266
0.181266 0.181266
0.181266 0.181266
0.181266 0.181266
0.181266 0.181266
0.181266 0.181266
0.181266 0.181266
0.181266 0.181266
0.181266 0.181266
0.181266 0.181266
0.181266 0.181266
0.181266 0.181266
0.181266 0.181266
0.181266 0.181266
0.181266 0.181266
0.181266 0.181266
0.181266 0.181266
0.181266 0.181266
0.181266 0.181266
0.181266 0.181266
0.181266 0.181266
0.181266 0.181266
0.181266 0.181266
0.181266 0.181266
0.181266 0.181266
0.181266 0.181266
0.181266 0.181266
0.181266 0.181266
0.181266 0.181266
0.181144 0.181144
0.180995 0.180995
0.180846 0.180846
0.180697 0.180697
0.180548 0.180548
0.180399 0.180399
0.18025 0.18025
0.180101 0.180101
0.179952 0.179952
0.179803 0.179803
0.179654 0.179654
0.179505 0.179505
0.179356 0.179356
0.179207 0.179207
0.179058 0.179058
0.178909 0.178909
0.17876 0.17876
0.178611 0.178611
0.178462 0.178462
0.178313 0.178313
0.178164 0.178164
0.178015 0.178015
0.177866 0.177866
0.177717 0.177717
0.177568 0.177568
0.177419 0.177419
0.17727 0.17727
0.177122 0.177122
0.176973 0.176973
0.176824 0.176824
0.176675 0.176675
0.176526 0.176526
0.176377 0.176377
0.176228 0.176228
0.176079 0.176079
0.17593 0.17593
0.175781 0.175781
0.175377 0.175377
0.173699 0.173699
0.172021 0.172021
0.170344 0.170344
0.168666 0.168666
0.166988 0.166988
0.16531 0.16531
0.163633 0.163633
0.161955 0.161955
0.160277 0.160277
0.1586 0.1586
0.156922 0.156922
0.155244 0.155244
0.153566 0.153566
0.151889 0.151889
0.150211 0.150211
0.148533 0.148533
0.146856 0.146856
0.146113 0.146113
0.145687 0.145687
0.145261 0.145261
0.144834 0.144834
0.144408 0.144408
0.143981 0.143981
0.143555 0.143555
0.143128 0.143128
0.142702 0.142702
0.142275 0.142275
0.141849 0.141849
0.141422 0.141422
0.140996 0.140996
0.14057 0.14057
0.140143 0.140143
0.139717 0.139717
0.13929 0.13929
0.138864 0.138864
0.138437 0.138437
0.138011 0.138011
0.137584 0.137584
0.137158 0.137158
0.136731 0.136731
0.136305 0.136305
0.136113 0.136113
0.138551 0.138551
0.14099 0.14099
0.143428 0.143428
0.145867 0.145867
0.148306 0.148306
0.150744 0.150744
0.153183 0.153183
0.155621 0.155621
0.15806 0.15806
0.160498 0.160498
0.162937 0.162937
0.165375 0.165375
0.167814 0.167814
0.170253 0.170253
0.172691 0.172691
0.17513 0.17513
0.177568 0.177568
0.180007 0.180007
0.182445 0.182445
0.184884 0.184884
0.187322 0.187322
0.189761 0.189761
0.192199 0.192199
0.194638 0.194638
0.197077 0.197077
0.199515 0.199515
0.197276 0.197276
0.195037 0.195037
0.192798 0.192798
0.190559 0.190559
0.188319 0.188319
0.18608 0.18608
0.183841 0.183841
0.181602 0.181602
0.181315 0.181315
0.181315 0.181315
0.181315 0.181315
0.181315 0.181315
0.181315 0.181315
0.181315 0.181315
0.181315 0.181315
0.181315 0.181315
0.181315 0.181315
0.181315 0.181315
0.181315 0.181315
0.181315 0.181315
0.181315 0.181315
0.181315 0.181315
0.181315 0.181315
0.181315 0.181315
0.181315 0.181315
0.181315 0.181315
0.181315 0.181315
0.181315 0.181315
0.181315 0.181315
0.181315 0.181315
0.181315 0.181315
0.181315 0.181315
0.181315 0.181315
0.181315 0.181315
0.181315 0.181315
0.181315 0.181315
0.181315 0.181315
0.181315 0.181315
0.181315 0.181315
0.181315 0.181315
0.181315 0.181315
0.181315 0.181315
0.181315 0.181315
0.181315 0.181315
0.181315 0.181315
0.181315 0.181315
0.181315 0.181315
0.181315 0.181315
0.181315 0.181315
0.181315 0.181315
0.181315 0.181315
0.181315 0.181315
0.181315 0.181315
0.181315 0.181315
0.181191 0.181191
0.181042 0.181042
0.180893 0.180893
0.180744 0.180744
0.180595 0.180595
0.180445 0.180445
0.180296 0.180296
0.180147 0.180147
0.179998 0.179998
0.179849 0.179849
0.179699 0.179699
0.17955 0.17955
0.179401 0.179401
0.179252 0.179252
0.179103 0.179103
0.178954 0.178954
0.178804 0.178804
0.178655 0.178655
0.178506 0.178506
0.178357 0.178357
0.178208 0.178208
0.178059 0.178059
0.177909 0.177909
0.17776 0.17776
0.177611 0.177611
0.177462 0.177462
0.177313 0.177313
0.177164 0.177164
0.177014 0.177014
0.176865 0.176865
0.176716 0.176716
0.176567 0.176567
0.176418 0.176418
0.176269 0.176269
0.176119 0.176119
0.17597 0.17597
0.175821 0.175821
0.175418 0.175418
0.17374 0.17374
0.172062 0.172062
0.170384 0.170384
0.168706 0.168706
0.167028 0.167028
0.165351 0.165351
0.163673 0.163673
0.161995 0.161995
0.160317 0.160317
0.158639 0.158639
0.156962 0.156962
0.155284 0.155284
0.153606 0.153606
0.151928 0.151928
0.15025 0.15025
0.148573 0.148573
0.146895 0.146895
0.146128 0.146128
0.145701 0.145701
0.145274 0.145274
0.144847 0.144847
0.14442 0.14442
0.143993 0.143993
0.143566 0.143566
0.143139 0.143139
0.142712 0.142712
0.142285 0.142285
0.141858 0.141858
0.141431 0.141431
0.141004 0.141004
0.140577 0.140577
0.14015 0.14015
0.139723 0.139723
0.139296 0.139296
0.138869 0.138869
0.138442 0.138442
0.138015 0.138015
0.137588 0.137588
0.137161 0.137161
0.136734 0.136734
0.136307 0.136307
0.136059 0.136059
0.138497 0.138497
0.140936 0.140936
0.143374 0.143374
0.145813 0.145813
0.148251 0.148251
0.15069 0.15069
0.153128 0.153128
0.155567 0.155567
0.158005 0.158005
0.160443 0.160443
0.162882 0.162882
0.16532 0.16532
0.167759 0.167759
0.170197 0.170197
0.172636 0.172636
0.175074 0.175074
0.177513 0.177513
0.179951 0.179951
0.18239 0.18239
0.184828 0.184828
0.187266 0.187266
0.189705 0.189705
0.192143 0.192143
0.194582 0.194582
0.19702 0.19702
0.199459 0.199459
0.19722 0.19722
0.19498 0.19498
0.192741 0.192741
0.190502 0.190502
0.188263 0.188263
0.186024 0.186024
0.183785 0.183785
0.181545 0.181545
0.181267 0.181267
0.181267 0.181267
0.181267 0.181267
0.181267 0.181267
0.181267 0.181267
0.181267 0.181267
0.181267 0.181267
0.181267 0.181267
0.181267 0.181267
0.181267 0.181267
0.181267 0.181267
0.181267 0.181267
0.181267 0.181267
0.181267 0.181267
0.181267 0.181267
0.181267 0.181267
0.181267 0.181267
0.181267 0.181267
0.181267 0.181267
0.181267 0.181267
0.181267 0.181267
0.181267 0.181267
0.181267 0.181267
0.181267 0.181267
0.181267 0.181267
0.181267 0.181267
0.181267 0.181267
0.181267 0.181267
0.181267 0.181267
0.181267 0.181267
0.181267 0.181267
0.181267 0.181267
0.181267 0.181267
0.181267 0.181267
0.181267 0.181267
0.181267 0.181267
0.181267 0.181267
0.181267 0.181267
0.181267 0.181267
0.181267 0.181267
0.181267 0.181267
0.181267 0.181267
0.181267 0.181267
0.181267 0.181267
0.181267 0.181267
0.181267 0.181267
0.181144 0.181144
0.180995 0.180995
0.180846 0.180846
0.180697 0.180697
0.180548 0.180548
0.180399 0.180399
0.18025 0.18025
0.180101 0.180101
0.179952 0.179952
0.179803 0.179803
0.179654 0.179654
0.179505 0.179505
0.179356 0.179356
0.179207 0.179207
0.179058 0.179058
0.178909 0.178909
0.17876 0.17876
0.178611 0.178611
0.178462 0.178462
0.178313 0.178313
0.178164 0.178164
0.178015 0.178015
0.177866 0.177866
0.177717 0.177717
0.177568 0.177568
0.17742 0.17742
0.177271 0.177271
0.177122 0.177122
0.176973 0.176973
0.176824 0.176824
0.176675 0.176675
0.176526 0.176526
0.176377 0.176377
0.176228 0.176228
0.176079 0.176079
0.17593 0.17593
0.175781 0.175781
0.175377 0.175377
0.173699 0.173699
0.172021 0.172021
0.170344 0.170344
0.168666 0.168666
0.166988 0.166988
0.165311 0.165311
0.163633 0.163633
0.161955 0.161955
0.160277 0.160277
0.1586 0.1586
0.156922 0.156922
0.155244 0.155244
0.153567 0.153567
0.151889 0.151889
0.150211 0.150211
0.148533 0.148533
0.146856 0.146856
0.146114 0.146114
0.145688 0.145688
0.145261 0.145261
0.144835 0.144835
0.144408 0.144408
0.143982 0.143982
0.143555 0.143555
0.143129 0.143129
0.142703 0.142703
0.142276 0.142276
0.14185 0.14185
0.141423 0.141423
0.140997 0.140997
0.14057 0.14057
0.140144 0.140144
0.139717 0.139717
0.139291 0.139291
0.138865 0.138865
0.138438 0.138438
0.138012 0.138012
0.137585 0.137585
0.137159 0.137159
0.136732 0.136732
0.136306 0.136306
0.136113 0.136113
0.138551 0.138551
0.14099 0.14099
0.143428 0.143428
0.145867 0.145867
0.148306 0.148306
0.150744 0.150744
0.153183 0.153183
0.155621 0.155621
0.15806 0.15806
0.160498 0.160498
0.162937 0.162937
0.165375 0.165375
0.167814 0.167814
0.170253 0.170253
0.172691 0.172691
0.17513 0.17513
0.177568 0.177568
0.180007 0.180007
0.182445 0.182445
0.184884 0.184884
0.187322 0.187322
0.189761 0.189761
0.192199 0.192199
0.194638 0.194638
0.197077 0.197077
0.199515 0.199515
0.197276 0.197276
0.195037 0.195037
0.192798 0.192798
0.190559 0.190559
0.188319 0.188319
0.18608 0.18608
0.183841 0.183841
0.181602 0.181602
0.181315 0.181315
0.181315 0.181315
0.181315 0.181315
0.181315 0.181315
0.181315 0.181315
0.181315 0.181315
0.181315 0.181315
0.181315 0.181315
0.181315 0.181315
0.181315 0.181315
0.181315 0.181315
0.181315 0.181315
0.181315 0.181315
0.181315 0.181315
0.181315 0.181315
0.181315 0.181315
0.181315 0.181315
0.181315 0.181315
0.181315 0.181315
0.181315 0.181315
0.181315 0.181315
0.181315 0.181315
0.181315 0.181315
0.181315 0.181315
0.181315 0.181315
0.181315 0.181315
0.181315 0.181315
0.181315 0.181315
0.181315 0.181315
0.181315 0.181315
0.181315 0.181315
0.181315 0.181315
0.181315 0.181315
0.181315 0.181315
0.181315 0.181315
0.181315 0.181315
0.181315 0.181315
0.181315 0.181315
0.181315 0.181315
0.181315 0.181315
0.181315 0.181315
0.181315 0.181315
0.181315 0.181315
0.181315 0.181315
0.181315 0.181315
0.181315 0.181315
0.181191 0.181191
0.181042 0.181042
0.180893 0.180893
0.180744 0.180744
0.180595 0.180595
0.180445 0.180445
0.180296 0.180296
0.180147 0.180147
0.179998 0.179998
0.179849 0.179849
0.179699 0.179699
0.17955 0.17955
0.179401 0.179401
0.179252 0.179252
0.179103 0.179103
0.178954 0.178954
0.178804 0.178804
0.178655 0.178655
0.178506 0.178506
0.178357 0.178357
0.178208 0.178208
0.178059 0.178059
0.177909 0.177909
0.17776 0.17776
0.177611 0.177611
0.177462 0.177462
0.177313 0.177313
0.177164 0.177164
0.177014 0.177014
0.176865 0.176865
0.176716 0.176716
0.176567 0.176567
0.176418 0.176418
0.176269 0.176269
0.176119 0.176119
0.17597 0.17597
0.175821 0.175821
0.175418 0.175418
0.17374 0.17374
0.172062 0.172062
0.170384 0.170384
0.168706 0.168706
0.167028 0.167028
0.165351 0.165351
0.163673 0.163673
0.161995 0.161995
0.160317 0.160317
0.158639 0.158639
0.156962 0.156962
0.155284 0.155284
0.153606 0.153606
0.151928 0.151928
0.15025 0.15025
0.148573 0.148573
0.146895 0.146895
0.146128 0.146128
0.145701 0.145701
0.145274 0.145274
0.144847 0.144847
0.14442 0.14442
0.143993 0.143993
0.143566 0.143566
0.143139 0.143139
0.142712 0.142712
0.142285 0.142285
0.141858 0.141858
0.141431 0.141431
0.141004 0.141004
0.140577 0.140577
0.14015 0.14015
0.139723 0.139723
0.139296 0.139296
0.138869 0.138869
0.138442 0.138442
0.138015 0.138015
0.137588 0.137588
0.137161 0.137161
0.136734 0.136734
0.136307 0.136307
0.136059 0.136059
0.138497 0.138497
0.140936 0.140936
0.143374 0.143374
0.145813 0.145813
0.148251 0.148251
0.15069 0.15069
0.153128 0.153128
0.155567 0.155567
0.158005 0.158005
0.160443 0.160443
0.162882 0.162882
0.16532 0.16532
0.167759 0.167759
0.170197 0.170197
0.172636 0.172636
0.175074 0.175074
0.177513 0.177513
0.179951 0.179951
0.18239 0.18239
0.184828 0.184828
0.187266 0.187266
0.189705 0.189705
0.192143 0.192143
0.194582 0.194582
0.19702 0.19702
0.199459 0.199459
0.201981 0.201981
0.204503 0.204503
0.207025 0.207025
0.209548 0.209548
0.21207 0.21207
0.214592 0.214592
0.217115 0.217115
0.219637 0.219637
0.222159 0.222159
0.224681 0.224681
0.227204 0.227204
0.229726 0.229726
0.232248 0.232248
0.23477 0.23477
0.237293 0.237293
0.239815 0.239815
0.242337 0.242337
0.24486 0.24486
0.247382 0.247382
0.249904 0.249904
0.252426 0.252426
0.254949 0.254949
0.257471 0.257471
0.259993 0.259993
0.262515 0.262515
0.265038 0.265038
0.26756 0.26756
0.270082 0.270082
0.272605 0.272605
0.275127 0.275127
0.277649 0.277649
0.280171 0.280171
0.282694 0.282694
0.285216 0.285216
0.287738 0.287738
0.29026 0.29026
0.292783 0.292783
0.295305 0.295305
0.297827 0.297827
0.30035 0.30035
0.302872 0.302872
0.300633 0.300633
0.298393 0.298393
0.296154 0.296154
0.293915 0.293915
0.291676 0.291676
0.289437 0.289437
0.287198 0.287198
0.284959 0.284959
0.282719 0.282719
0.282325 0.282325
0.282325 0.282325
0.282325 0.282325
0.282325 0.282325
0.282325 0.282325
0.282325 0.282325
0.282325 0.282325
0.282325 0.282325
0.282325 0.282325
0.282325 0.282325
0.282325 0.282325
0.282325 0.282325
0.282325 0.282325
0.282325 0.282325
0.282325 0.282325
0.282325 0.282325
0.282325 0.282325
0.282325 0.282325
0.282325 0.282325
0.282325 0.282325
0.282325 0.282325
0.282325 0.282325
0.282325 0.282325
0.282325 0.282325
0.282325 0.282325
0.282325 0.282325
0.282325 0.282325
0.282325 0.282325
0.282325 0.282325
0.282325 0.282325
0.282325 0.282325
0.282325 0.282325
0.282325 0.282325
0.282325 0.282325
0.282325 0.282325
0.282325 0.282325
0.282325 0.282325
0.282325 0.282325
0.282325 0.282325
0.282325 0.282325
0.282325 0.282325
0.282325 0.282325
0.282325 0.282325
0.282325 0.282325
0.282325 0.282325
0.282325 0.282325
0.281695 0.281695
0.280971 0.280971
0.280247 0.280247
0.279523 0.279523
0.278798 0.278798
0.278074 0.278074
0.27735 0.27735
0.276626 0.276626
0.275901 0.275901
0.275177 0.275177
0.274453 0.274453
0.273729 0.273729
0.273004 0.273004
0.27228 0.27228
0.271556 0.271556
0.270832 0.270832
0.270107 0.270107
0.269383 0.269383
0.268659 0.268659
0.267935 0.267935
0.26721 0.26721
0.266486 0.266486
0.265762 0.265762
0.265038 0.265038
0.264313 0.264313
0.263589 0.263589
0.262865 0.262865
0.262141 0.262141
0.261416 0.261416
0.260692 0.260692
0.259968 0.259968
0.259244 0.259244
0.258519 0.258519
0.257795 0.257795
0.257071 0.257071
0.256346 0.256346
0.255622 0.255622
0.254898 0.254898
0.254174 0.254174
0.253449 0.253449
0.252725 0.252725
0.252001 0.252001
0.251277 0.251277
0.250552 0.250552
0.249828 0.249828
0.249104 0.249104
0.24838 0.24838
0.247655 0.247655
0.246931 0.246931
0.245952 0.245952
0.244032 0.244032
0.242111 0.242111
0.24019 0.24019
0.238269 0.238269
0.236349 0.236349
0.234428 0.234428
0.232507 0.232507
0.230586 0.230586
0.228665 0.228665
0.226745 0.226745
0.224824 0.224824
0.222903 0.222903
0.220982 0.220982
0.219062 0.219062
0.217141 0.217141
0.21522 0.21522
0.213299 0.213299
0.211378 0.211378
0.209458 0.209458
0.207537 0.207537
0.205616 0.205616
0.203695 0.203695
0.201775 0.201775
0.199854 0.199854
0.198873 0.198873
0.197987 0.197987
0.197101 0.197101
0.196215 0.196215
0.195328 0.195328
0.194442 0.194442
0.193556 0.193556
0.19267 0.19267
0.191784 0.191784
0.190897 0.190897
0.190011 0.190011
0.189125 0.189125
0.188239 0.188239
0.187352 0.187352
0.186466 0.186466
0.18558 0.18558
0.184694 0.184694
0.183808 0.183808
0.182921 0.182921
0.182035 0.182035
0.181149 0.181149
0.180263 0.180263
0.179377 0.179377
0.17849 0.17849
0.177604 0.177604
0.176718 0.176718
0.175832 0.175832
0.174945 0.174945
0.174059 0.174059
0.173173 0.173173
0.172287 0.172287
0.171401 0.171401
0.170514 0.170514
0.169628 0.169628
0.168742 0.168742
0.167856 0.167856
0.166969 0.166969
0.166083 0.166083
0.165197 0.165197
0.164311 0.164311
0.163425 0.163425
0.162538 0.162538
0.161652 0.161652
0.160766 0.160766
0.15988 0.15988
0.158993 0.158993
0.158107 0.158107
0.157221 0.157221
0.156335 0.156335
0.155449 0.155449
0.154562 0.154562
0.153676 0.153676
0.153801 0.153801
0.156239 0.156239
0.158677 0.158677
0.161116 0.161116
0.163554 0.163554
0.165992 0.165992
0.16843 0.16843
0.170869 0.170869
0.173307 0.173307
0.175745 0.175745
0.178183 0.178183
0.180622 0.180622
0.18306 0.18306
0.185498 0.185498
0.187936 0.187936
0.190375 0.190375
0.192813 0.192813
0.195251 0.195251
0.197689 0.197689
0.200138 0.200138
0.20266 0.20266
0.205182 0.205182
0.207705 0.207705
0.210227 0.210227
0.212749 0.212749
0.215271 0.215271
0.217794 0.217794
0.220316 0.220316
0.222838 0.222838
0.22536 0.22536
0.227883 0.227883
0.230405 0.230405
0.232927 0.232927
0.235449 0.235449
0.237972 0.237972
0.240494 0.240494
0.243016 0.243016
0.245538 0.245538
0.248061 0.248061
0.250583 0.250583
0.253105 0.253105
0.255627 0.255627
0.258149 0.258149
0.260672 0.260672
0.263194 0.263194
0.265716 0.265716
0.268238 0.268238
0.270761 0.270761
0.273283 0.273283
0.275805 0.275805
0.278327 0.278327
0.28085 0.28085
0.283372 0.283372
0.285894 0.285894
0.288416 0.288416
0.290939 0.290939
0.293461 0.293461
0.295983 0.295983
0.298505 0.298505
0.301028 0.301028
0.298789 0.298789
0.296549 0.296549
0.29431 0.29431
0.292071 0.292071
0.289832 0.289832
0.287593 0.287593
0.285358 0.285358
0.285283 0.285283
0.285283 0.285283
0.285283 0.285283
0.285283 0.285283
0.285283 0.285283
0.285283 0.285283
0.285283 0.285283
0.285283 0.285283
0.285283 0.285283
0.285283 0.285283
0.285283 0.285283
0.285283 0.285283
0.285283 0.285283
0.285283 0.285283
0.285283 0.285283
0.285283 0.285283
0.285283 0.285283
0.285283 0.285283
0.285283 0.285283
0.285283 0.285283
0.285283 0.285283
0.285283 0.285283
0.285283 0.285283
0.285283 0.285283
0.285283 0.285283
0.285283 0.285283
0.285283 0.285283
0.285283 0.285283
0.285283 0.285283
0.285283 0.285283
0.285283 0.285283
0.285283 0.285283
0.285283 0.285283
0.285283 0.285283
0.285283 0.285283
0.285283 0.285283
0.285283 0.285283
0.285283 0.285283
0.285283 0.285283
0.285283 0.285283
0.285283 0.285283
0.285283 0.285283
0.285283 0.285283
0.285283 0.285283
0.285283 0.285283
0.285283 0.285283
0.285283 0.285283
0.285283 0.285283
0.285283 0.285283
0.285275 0.285275
0.284725 0.284725
0.284332 0.284332
0.283938 0.283938
0.283545 0.283545
0.283151 0.283151
0.282758 0.282758
0.282365 0.282365
0.281971 0.281971
0.281578 0.281578
0.281184 0.281184
0.280791 0.280791
0.280398 0.280398
0.280004 0.280004
0.279611 0.279611
0.279217 0.279217
0.278824 0.278824
0.278431 0.278431
0.278037 0.278037
0.277644 0.277644
0.27725 0.27725
0.276857 0.276857
0.276464 0.276464
0.27607 0.27607
0.275677 0.275677
0.275283 0.275283
0.27489 0.27489
0.274497 0.274497
0.274103 0.274103
0.27371 0.27371
0.273316 0.273316
0.272923 0.272923
0.27253 0.27253
0.272136 0.272136
0.271743 0.271743
0.271349 0.271349
0.270956 0.270956
0.270563 0.270563
0.270169 0.270169
0.269776 0.269776
0.269382 0.269382
0.268989 0.268989
0.268596 0.268596
0.268202 0.268202
0.267809 0.267809
0.267415 0.267415
0.267022 0.267022
0.266629 0.266629
0.266235 0.266235
0.265842 0.265842
0.265448 0.265448
0.265055 0.265055
0.264662 0.264662
0.264268 0.264268
0.263875 0.263875
0.263171 0.263171
0.261413 0.261413
0.259655 0.259655
0.257898 0.257898
0.25614 0.25614
0.254382 0.254382
0.252624 0.252624
0.250866 0.250866
0.249108 0.249108
0.247351 0.247351
0.245593 0.245593
0.243835 0.243835
0.242077 0.242077
0.241666 0.241666
0.241334 0.241334
0.241001 0.241001
0.240669 0.240669
0.240337 0.240337
0.240005 0.240005
0.239673 0.239673
0.239341 0.239341
0.239009 0.239009
0.238677 0.238677
0.238345 0.238345
0.238013 0.238013
0.237681 0.237681
0.237349 0.237349
0.237016 0.237016
0.236684 0.236684
0.236352 0.236352
0.23602 0.23602
0.235688 0.235688
0.235356 0.235356
0.235024 0.235024
0.234692 0.234692
0.23436 0.23436
0.234028 0.234028
0.233696 0.233696
0.233364 0.233364
0.233032 0.233032
0.232699 0.232699
0.232367 0.232367
0.232035 0.232035
0.231703 0.231703
0.231371 0.231371
0.231039 0.231039
0.230707 0.230707
0.230375 0.230375
0.230043 0.230043
0.229711 0.229711
0.229379 0.229379
0.229047 0.229047
0.228714 0.228714
0.228382 0.228382
0.22805 0.22805
0.227718 0.227718
0.227386 0.227386
0.227054 0.227054
0.226722 0.226722
0.22639 0.22639
0.226058 0.226058
0.225726 0.225726
0.225394 0.225394
0.225062 0.225062
0.224729 0.224729
0.224397 0.224397
0.224065 0.224065
0.223733 0.223733
0.223401 0.223401
0.223069 0.223069
0.222737 0.222737
0.222405 0.222405
0.222073 0.222073
0.221741 0.221741
0.221409 0.221409
0.221077 0.221077
0.220744 0.220744
0.220412 0.220412
0.22008 0.22008
0.219748 0.219748
0.219416 0.219416
0.219084 0.219084
0.218752 0.218752
0.21842 0.21842
0.218088 0.218088
0.217756 0.217756
0.217424 0.217424
0.217092 0.217092
0.21676 0.21676
0.216427 0.216427
0.216095 0.216095
0.215763 0.215763
0.215431 0.215431
0.215099 0.215099
0.216972 0.216972
0.219444 0.219444
0.221915 0.221915
0.224387 0.224387
0.226858 0.226858
0.22933 0.22933
0.231802 0.231802
0.234273 0.234273
0.236745 0.236745
0.239216 0.239216
0.241688 0.241688
0.24416 0.24416
0.246631 0.246631
0.249103 0.249103
0.251574 0.251574
0.254046 0.254046
0.256518 0.256518
0.258989 0.258989
0.261461 0.261461
0.263932 0.263932
0.266404 0.266404
0.268876 0.268876
0.271347 0.271347
0.273819 0.273819
0.276291 0.276291
0.278762 0.278762
0.281234 0.281234
0.283705 0.283705
0.286177 0.286177
0.288649 0.288649
0.29112 0.29112
0.293592 0.293592
0.296063 0.296063
0.298535 0.298535
0.301007 0.301007
0.303484 0.303484
0.301245 0.301245
0.299006 0.299006
0.296767 0.296767
0.294528 0.294528
0.292288 0.292288
0.290049 0.290049
0.28781 0.28781
0.287618 0.287618
0.287618 0.287618
0.287618 0.287618
0.287618 0.287618
0.287618 0.287618
0.287618 0.287618
0.287618 0.287618
0.287618 0.287618
0.287618 0.287618
0.287618 0.287618
0.287618 0.287618
0.287618 0.287618
0.287618 0.287618
0.287618 0.287618
0.287618 0.287618
0.287618 0.287618
0.287618 0.287618
0.287618 0.287618
0.287618 0.287618
0.287618 0.287618
0.287618 0.287618
0.287618 0.287618
0.287618 0.287618
0.287618 0.287618
0.287618 0.287618
0.287618 0.287618
0.287618 0.287618
0.287618 0.287618
0.287618 0.287618
0.287618 0.287618
0.287618 0.287618
0.287618 0.287618
0.287618 0.287618
0.287618 0.287618
0.287618 0.287618
0.287618 0.287618
0.287618 0.287618
0.287618 0.287618
0.287618 0.287618
0.287618 0.287618
0.287618 0.287618
0.287618 0.287618
0.287618 0.287618
0.287618 0.287618
0.287618 0.287618
0.287618 0.287618
0.287618 0.287618
0.287618 0.287618
0.287618 0.287618
0.287608 0.287608
0.287041 0.287041
0.286625 0.286625
0.286209 0.286209
0.285793 0.285793
0.285377 0.285377
0.284961 0.284961
0.284545 0.284545
0.284129 0.284129
0.283713 0.283713
0.283297 0.283297
0.282881 0.282881
0.282465 0.282465
0.282048 0.282048
0.281632 0.281632
0.281216 0.281216
0.2808 0.2808
0.280384 0.280384
0.279968 0.279968
0.279552 0.279552
0.279136 0.279136
0.27872 0.27872
0.278304 0.278304
0.277888 0.277888
0.277472 0.277472
0.277056 0.277056
0.27664 0.27664
0.276224 0.276224
0.275808 0.275808
0.275392 0.275392
0.274976 0.274976
0.27456 0.27456
0.274144 0.274144
0.273728 0.273728
0.273311 0.273311
0.272895 0.272895
0.272479 0.272479
0.272063 0.272063
0.271647 0.271647
0.271231 0.271231
0.270815 0.270815
0.270399 0.270399
0.269983 0.269983
0.269567 0.269567
0.269151 0.269151
0.268735 0.268735
0.268319 0.268319
0.267903 0.267903
0.267487 0.267487
0.267071 0.267071
0.266655 0.266655
0.266239 0.266239
0.265823 0.265823
0.265407 0.265407
0.26499 0.26499
0.264367 0.264367
0.262598 0.262598
0.260829 0.260829
0.25906 0.25906
0.257291 0.257291
0.255522 0.255522
0.253753 0.253753
0.251984 0.251984
0.250215 0.250215
0.248446 0.248446
0.246677 0.246677
0.244908 0.244908
0.243139 0.243139
0.242659 0.242659
0.242307 0.242307
0.241956 0.241956
0.241605 0.241605
0.241253 0.241253
0.240902 0.240902
0.240551 0.240551
0.2402 0.2402
0.239848 0.239848
0.239497 0.239497
0.239146 0.239146
0.238794 0.238794
0.238443 0.238443
0.238092 0.238092
0.237741 0.237741
0.237389 0.237389
0.237038 0.237038
0.236687 0.236687
0.236336 0.236336
0.235984 0.235984
0.235633 0.235633
0.235282 0.235282
0.23493 0.23493
0.234579 0.234579
0.234228 0.234228
0.233877 0.233877
0.233525 0.233525
0.233174 0.233174
0.232823 0.232823
0.232472 0.232472
0.23212 0.23212
0.231769 0.231769
0.231418 0.231418
0.231066 0.231066
0.230715 0.230715
0.230364 0.230364
0.230013 0.230013
0.229661 0.229661
0.22931 0.22931
0.228959 0.228959
0.228608 0.228608
0.228256 0.228256
0.227905 0.227905
0.227554 0.227554
0.227202 0.227202
0.226851 0.226851
0.2265 0.2265
0.226149 0.226149
0.225797 0.225797
0.225446 0.225446
0.225095 0.225095
0.224744 0.224744
0.224392 0.224392
0.224041 0.224041
0.22369 0.22369
0.223338 0.223338
0.222987 0.222987
0.222636 0.222636
0.222285 0.222285
0.221933 0.221933
0.221582 0.221582
0.221231 0.221231
0.22088 0.22088
0.220528 0.220528
0.220177 0.220177
0.219826 0.219826
0.219474 0.219474
0.219123 0.219123
0.218772 0.218772
0.218421 0.218421
0.218069 0.218069
0.217718 0.217718
0.217367 0.217367
0.217016 0.217016
0.216664 0.216664
0.216313 0.216313
0.215962 0.215962
0.21561 0.21561
0.215259 0.215259
0.214908 0.214908
0.214557 0.214557
0.214537 0.214537
0.217008 0.217008
0.219479 0.219479
0.22195 0.22195
0.224422 0.224422
0.226893 0.226893
0.229364 0.229364
0.231835 0.231835
0.234306 0.234306
0.236778 0.236778
0.239249 0.239249
0.24172 0.24172
0.244191 0.244191
0.246662 0.246662
0.249134 0.249134
0.251605 0.251605
0.254076 0.254076
0.256547 0.256547
0.259018 0.259018
0.26149 0.26149
0.263961 0.263961
0.266432 0.266432
0.268903 0.268903
0.271374 0.271374
0.273846 0.273846
0.276317 0.276317
0.278788 0.278788
0.281259 0.281259
0.28373 0.28373
0.286202 0.286202
0.288673 0.288673
0.291144 0.291144
0.293615 0.293615
0.296087 0.296087
0.298558 0.298558
0.301029 0.301029
0.29879 0.29879
0.296551 0.296551
0.294311 0.294311
0.292072 0.292072
0.289833 0.289833
0.287594 0.287594
0.28536 0.28536
0.285294 0.285294
0.285294 0.285294
0.285294 0.285294
0.285294 0.285294
0.285294 0.285294
0.285294 0.285294
0.285294 0.285294
0.285294 0.285294
0.285294 0.285294
0.285294 0.285294
0.285294 0.285294
0.285294 0.285294
0.285294 0.285294
0.285294 0.285294
0.285294 0.285294
0.285294 0.285294
0.285294 0.285294
0.285294 0.285294
0.285294 0.285294
0.285294 0.285294
0.285294 0.285294
0.285294 0.285294
0.285294 0.285294
0.285294 0.285294
0.285294 0.285294
0.285294 0.285294
0.285294 0.285294
0.285294 0.285294
0.285294 0.285294
0.285294 0.285294
0.285294 0.285294
0.285294 0.285294
0.285294 0.285294
0.285294 0.285294
0.285294 0.285294
0.285294 0.285294
0.285294 0.285294
0.285294 0.285294
0.285294 0.285294
0.285294 0.285294
0.285294 0.285294
0.285294 0.285294
0.285294 0.285294
0.285294 0.285294
0.285294 0.285294
0.285294 0.285294
0.285294 0.285294
0.285294 0.285294
0.285294 0.285294
0.285289 0.285289
0.284738 0.284738
0.284346 0.284346
0.283955 0.283955
0.283563 0.283563
0.283171 0.283171
0.282779 0.282779
0.282387 0.282387
0.281996 0.281996
0.281604 0.281604
0.281212 0.281212
0.28082 0.28082
0.280429 0.280429
0.280037 0.280037
0.279645 0.279645
0.279253 0.279253
0.278861 0.278861
0.27847 0.27847
0.278078 0.278078
0.277686 0.277686
0.277294 0.277294
0.276902 0.276902
0.276511 0.276511
0.276119 0.276119
0.275727 0.275727
0.275335 0.275335
0.274944 0.274944
0.274552 0.274552
0.27416 0.27416
0.273768 0.273768
0.273376 0.273376
0.272985 0.272985
0.272593 0.272593
0.272201 0.272201
0.271809 0.271809
0.271418 0.271418
0.271026 0.271026
0.270634 0.270634
0.270242 0.270242
0.26985 0.26985
0.269459 0.269459
0.269067 0.269067
0.268675 0.268675
0.268283 0.268283
0.267891 0.267891
0.2675 0.2675
0.267108 0.267108
0.266716 0.266716
0.266324 0.266324
0.265933 0.265933
0.265541 0.265541
0.265149 0.265149
0.264757 0.264757
0.264365 0.264365
0.263974 0.263974
0.263318 0.263318
0.261561 0.261561
0.259804 0.259804
0.258047 0.258047
0.25629 0.25629
0.254533 0.254533
0.252776 0.252776
0.251019 0.251019
0.249262 0.249262
0.247505 0.247505
0.245748 0.245748
0.243991 0.243991
0.242234 0.242234
0.241751 0.241751
0.241421 0.241421
0.24109 0.24109
0.240759 0.240759
0.240429 0.240429
0.240098 0.240098
0.239767 0.239767
0.239436 0.239436
0.239106 0.239106
0.238775 0.238775
0.238444 0.238444
0.238113 0.238113
0.237783 0.237783
0.237452 0.237452
0.237121 0.237121
0.23679 0.23679
0.23646 0.23646
0.236129 0.236129
0.235798 0.235798
0.235467 0.235467
0.235137 0.235137
0.234806 0.234806
0.234475 0.234475
0.234144 0.234144
0.233814 0.233814
0.233483 0.233483
0.233152 0.233152
0.232821 0.232821
0.232491 0.232491
0.23216 0.23216
0.231829 0.231829
0.231498 0.231498
0.231168 0.231168
0.230837 0.230837
0.230506 0.230506
0.230175 0.230175
0.229845 0.229845
0.229514 0.229514
0.229183 0.229183
0.228852 0.228852
0.228522 0.228522
0.228191 0.228191
0.22786 0.22786
0.227529 0.227529
0.227199 0.227199
0.226868 0.226868
0.226537 0.226537
0.226207 0.226207
0.225876 0.225876
0.225545 0.225545
0.225214 0.225214
0.224884 0.224884
0.224553 0.224553
0.224222 0.224222
0.223891 0.223891
0.223561 0.223561
0.22323 0.22323
0.222899 0.222899
0.222568 0.222568
0.222238 0.222238
0.221907 0.221907
0.221576 0.221576
0.221245 0.221245
0.220915 0.220915
0.220584 0.220584
0.220253 0.220253
0.219922 0.219922
0.219592 0.219592
0.219261 0.219261
0.21893 0.21893
0.218599 0.218599
0.218269 0.218269
0.217938 0.217938
0.217607 0.217607
0.217276 0.217276
0.216946 0.216946
0.216615 0.216615
0.216284 0.216284
0.215953 0.215953
0.215623 0.215623
0.215292 0.215292
0.216976 0.216976
0.219448 0.219448
0.221919 0.221919
0.224391 0.224391
0.226863 0.226863
0.229334 0.229334
0.231806 0.231806
0.234278 0.234278
0.236749 0.236749
0.239221 0.239221
0.241693 0.241693
0.244164 0.244164
0.246636 0.246636
0.249108 0.249108
0.251579 0.251579
0.254051 0.254051
0.256523 0.256523
0.258994 0.258994
0.261466 0.261466
0.263938 0.263938
0.266409 0.266409
0.268881 0.268881
0.271353 0.271353
0.273824 0.273824
0.276296 0.276296
0.278768 0.278768
0.281239 0.281239
0.283711 0.283711
0.286183 0.286183
0.288654 0.288654
0.291126 0.291126
0.293598 0.293598
0.296069 0.296069
0.298541 0.298541
0.301013 0.301013
0.303484 0.303484
0.301245 0.301245
0.299006 0.299006
0.296767 0.296767
0.294528 0.294528
0.292288 0.292288
0.290049 0.290049
0.28781 0.28781
0.287618 0.287618
0.287618 0.287618
0.287618 0.287618
0.287618 0.287618
0.287618 0.287618
0.287618 0.287618
0.287618 0.287618
0.287618 0.287618
0.287618 0.287618
0.287618 0.287618
0.287618 0.287618
0.287618 0.287618
0.287618 0.287618
0.287618 0.287618
0.287618 0.287618
0.287618 0.287618
0.287618 0.287618
0.287618 0.287618
0.287618 0.287618
0.287618 0.287618
0.287618 0.287618
0.287618 0.287618
0.287618 0.287618
0.287618 0.287618
0.287618 0.287618
0.287618 0.287618
0.287618 0.287618
0.287618 0.287618
0.287618 0.287618
0.287618 0.287618
0.287618 0.287618
0.287618 0.287618
0.287618 0.287618
0.287618 0.287618
0.287618 0.287618
0.287618 0.287618
0.287618 0.287618
0.287618 0.287618
0.287618 0.287618
0.287618 0.287618
0.287618 0.287618
0.287618 0.287618
0.287618 0.287618
0.287618 0.287618
0.287618 0.287618
0.287618 0.287618
0.287618 0.287618
0.287618 0.287618
0.287618 0.287618
0.287608 0.287608
0.287041 0.287041
0.286625 0.286625
0.286209 0.286209
0.285793 0.285793
0.285377 0.285377
0.284961 0.284961
0.284545 0.284545
0.284129 0.284129
0.283713 0.283713
0.283297 0.283297
0.282881 0.282881
0.282465 0.282465
0.282049 0.282049
0.281632 0.281632
0.281216 0.281216
0.2808 0.2808
0.280384 0.280384
0.279968 0.279968
0.279552 0.279552
0.279136 0.279136
0.27872 0.27872
0.278304 0.278304
0.277888 0.277888
0.277472 0.277472
0.277056 0.277056
0.27664 0.27664
0.276224 0.276224
0.275808 0.275808
0.275392 0.275392
0.274976 0.274976
0.27456 0.27456
0.274144 0.274144
0.273728 0.273728
0.273312 0.273312
0.272896 0.272896
0.27248 0.27248
0.272063 0.272063
0.271647 0.271647
0.271231 0.271231
0.270815 0.270815
0.270399 0.270399
0.269983 0.269983
0.269567 0.269567
0.269151 0.269151
0.268735 0.268735
0.268319 0.268319
0.267903 0.267903
0.267487 0.267487
0.267071 0.267071
0.266655 0.266655
0.266239 0.266239
0.265823 0.265823
0.265407 0.265407
0.264991 0.264991
0.264367 0.264367
0.262598 0.262598
0.260829 0.260829
0.25906 0.25906
0.257291 0.257291
0.255522 0.255522
0.253753 0.253753
0.251984 0.251984
0.250215 0.250215
0.248446 0.248446
0.246677 0.246677
0.244908 0.244908
0.243139 0.243139
0.242659 0.242659
0.242307 0.242307
0.241956 0.241956
0.241605 0.241605
0.241254 0.241254
0.240902 0.240902
0.240551 0.240551
0.2402 0.2402
0.239849 0.239849
0.239497 0.239497
0.239146 0.239146
0.238795 0.238795
0.238443 0.238443
0.238092 0.238092
0.237741 0.237741
0.23739 0.23739
0.237038 0.237038
0.236687 0.236687
0.236336 0.236336
0.235985 0.235985
0.235633 0.235633
0.235282 0.235282
0.234931 0.234931
0.234579 0.234579
0.234228 0.234228
0.233877 0.233877
0.233526 0.233526
0.233174 0.233174
0.232823 0.232823
0.232472 0.232472
0.232121 0.232121
0.231769 0.231769
0.231418 0.231418
0.231067 0.231067
0.230715 0.230715
0.230364 0.230364
0.230013 0.230013
0.229662 0.229662
0.22931 0.22931
0.228959 0.228959
0.228608 0.228608
0.228257 0.228257
0.227905 0.227905
0.227554 0.227554
0.227203 0.227203
0.226851 0.226851
0.2265 0.2265
0.226149 0.226149
0.225798 0.225798
0.225446 0.225446
0.225095 0.225095
0.224744 0.224744
0.224393 0.224393
0.224041 0.224041
0.22369 0.22369
0.223339 0.223339
0.222988 0.222988
0.222636 0.222636
0.222285 0.222285
0.221934 0.221934
0.221582 0.221582
0.221231 0.221231
0.22088 0.22088
0.220529 0.220529
0.220177 0.220177
0.219826 0.219826
0.219475 0.219475
0.219124 0.219124
0.218772 0.218772
0.218421 0.218421
0.21807 0.21807
0.217718 0.217718
0.217367 0.217367
0.217016 0.217016
0.216665 0.216665
0.216313 0.216313
0.215962 0.215962
0.215611 0.215611
0.21526 0.21526
0.214908 0.214908
0.214557 0.214557
0.214537 0.214537
0.217008 0.217008
0.219479 0.219479
0.22195 0.22195
0.224422 0.224422
0.226893 0.226893
0.229364 0.229364
0.231835 0.231835
0.234306 0.234306
0.236778 0.236778
0.239249 0.239249
0.24172 0.24172
0.244191 0.244191
0.246662 0.246662
0.249134 0.249134
0.251605 0.251605
0.254076 0.254076
0.256547 0.256547
0.259018 0.259018
0.26149 0.26149
0.263961 0.263961
0.266432 0.266432
0.268903 0.268903
0.271374 0.271374
0.273846 0.273846
0.276317 0.276317
0.278788 0.278788
0.281259 0.281259
0.28373 0.28373
0.286202 0.286202
0.288673 0.288673
0.291144 0.291144
0.293615 0.293615
0.296087 0.296087
0.298558 0.298558
0.301029 0.301029
0.29879 0.29879
0.296551 0.296551
0.294311 0.294311
0.292072 0.292072
0.289833 0.289833
0.287594 0.287594
0.28536 0.28536
0.285294 0.285294
0.285294 0.285294
0.285294 0.285294
0.285294 0.285294
0.285294 0.285294
0.285294 0.285294
0.285294 0.285294
0.285294 0.285294
0.285294 0.285294
0.285294 0.285294
0.285294 0.285294
0.285294 0.285294
0.285294 0.285294
0.285294 0.285294
0.285294 0.285294
0.285294 0.285294
0.285294 0.285294
0.285294 0.285294
0.285294 0.285294
0.285294 0.285294
0.285294 0.285294
0.285294 0.285294
0.285294 0.285294
0.285294 0.285294
0.285294 0.285294
0.285294 0.285294
0.285294 0.285294
0.285294 0.285294
0.285294 0.285294
0.285294 0.285294
0.285294 0.285294
0.285294 0.285294
0.285294 0.285294
0.285294 0.285294
0.285294 0.285294
0.285294 0.285294
0.285294 0.285294
0.285294 0.285294
0.285294 0.285294
0.285294 0.285294
0.285294 0.285294
0.285294 0.285294
0.285294 0.285294
0.285294 0.285294
0.285294 0.285294
0.285294 0.285294
0.285294 0.285294
0.285294 0.285294
0.285294 0.285294
0.285289 0.285289
0.284738 0.284738
0.284346 0.284346
0.283955 0.283955
0.283563 0.283563
0.283171 0.283171
0.282779 0.282779
0.282387 0.282387
0.281996 0.281996
0.281604 0.281604
0.281212 0.281212
0.28082 0.28082
0.280429 0.280429
0.280037 0.280037
0.279645 0.279645
0.279253 0.279253
0.278861 0.278861
0.27847 0.27847
0.278078 0.278078
0.277686 0.277686
0.277294 0.277294
0.276902 0.276902
0.276511 0.276511
0.276119 0.276119
0.275727 0.275727
0.275335 0.275335
0.274944 0.274944
0.274552 0.274552
0.27416 0.27416
0.273768 0.273768
0.273376 0.273376
0.272985 0.272985
0.272593 0.272593
0.272201 0.272201
0.271809 0.271809
0.271418 0.271418
0.271026 0.271026
0.270634 0.270634
0.270242 0.270242
0.26985 0.26985
0.269459 0.269459
0.269067 0.269067
0.268675 0.268675
0.268283 0.268283
0.267891 0.267891
0.2675 0.2675
0.267108 0.267108
0.266716 0.266716
0.266324 0.266324
0.265933 0.265933
0.265541 0.265541
0.265149 0.265149
0.264757 0.264757
0.264365 0.264365
0.263974 0.263974
0.263318 0.263318
0.261561 0.261561
0.259804 0.259804
0.258047 0.258047
0.25629 0.25629
0.254533 0.254533
0.252776 0.252776
0.251019 0.251019
0.249262 0.249262
0.247505 0.247505
0.245748 0.245748
0.243991 0.243991
0.242234 0.242234
0.241751 0.241751
0.241421 0.241421
0.24109 0.24109
0.240759 0.240759
0.240429 0.240429
0.240098 0.240098
0.239767 0.239767
0.239436 0.239436
0.239106 0.239106
0.238775 0.238775
0.238444 0.238444
0.238113 0.238113
0.237783 0.237783
0.237452 0.237452
0.237121 0.237121
0.23679 0.23679
0.23646 0.23646
0.236129 0.236129
0.235798 0.235798
0.235467 0.235467
0.235137 0.235137
0.234806 0.234806
0.234475 0.234475
0.234144 0.234144
0.233814 0.233814
0.233483 0.233483
0.233152 0.233152
0.232821 0.232821
0.232491 0.232491
0.23216 0.23216
0.231829 0.231829
0.231498 0.231498
0.231168 0.231168
0.230837 0.230837
0.230506 0.230506
0.230175 0.230175
0.229845 0.229845
0.229514 0.229514
0.229183 0.229183
0.228852 0.228852
0.228522 0.228522
0.228191 0.228191
0.22786 0.22786
0.227529 0.227529
0.227199 0.227199
0.226868 0.226868
0.226537 0.226537
0.226207 0.226207
0.225876 0.225876
0.225545 0.225545
0.225214 0.225214
0.224884 0.224884
0.224553 0.224553
0.224222 0.224222
0.223891 0.223891
0.223561 0.223561
0.22323 0.22323
0.222899 0.222899
0.222568 0.222568
0.222238 0.222238
0.221907 0.221907
0.221576 0.221576
0.221245 0.221245
0.220915 0.220915
0.220584 0.220584
0.220253 0.220253
0.219922 0.219922
0.219592 0.219592
0.219261 0.219261
0.21893 0.21893
0.218599 0.218599
0.218269 0.218269
0.217938 0.217938
0.217607 0.217607
0.217276 0.217276
0.216946 0.216946
0.216615 0.216615
0.216284 0.216284
0.215953 0.215953
0.215623 0.215623
0.215292 0.215292
0.216976 0.216976
0.219448 0.219448
0.221919 0.221919
0.224391 0.224391
0.226863 0.226863
0.229334 0.229334
0.231806 0.231806
0.234278 0.234278
0.236749 0.236749
0.239221 0.239221
0.241693 0.241693
0.244164 0.244164
0.246636 0.246636
0.249108 0.249108
0.251579 0.251579
0.254051 0.254051
0.256523 0.256523
0.258994 0.258994
0.261466 0.261466
0.263938 0.263938
0.266409 0.266409
0.268881 0.268881
0.271353 0.271353
0.273824 0.273824
0.276296 0.276296
0.278768 0.278768
0.281239 0.281239
0.283711 0.283711
0.286183 0.286183
0.288654 0.288654
0.291126 0.291126
0.293598 0.293598
0.296069 0.296069
0.298541 0.298541
0.301013 0.301013
0.303484 0.303484
0.306006 0.306006
0.308529 0.308529
0.311051 0.311051
0.313573 0.313573
0.316095 0.316095
0.318618 0.318618
0.32114 0.32114
0.323662 0.323662
0.326184 0.326184
0.328707 0.328707
0.331229 0.331229
0.333751 0.333751
0.336273 0.336273
0.338796 0.338796
0.341318 0.341318
0.34384 0.34384
0.346362 0.346362
0.348885 0.348885
0.351407 0.351407
0.353929 0.353929
0.356451 0.356451
0.358974 0.358974
0.361496 0.361496
0.364018 0.364018
0.36654 0.36654
0.369063 0.369063
0.371585 0.371585
0.374107 0.374107
0.376629 0.376629
0.379151 0.379151
0.381674 0.381674
0.384196 0.384196
0.386718 0.386718
0.38924 0.38924
0.391763 0.391763
0.394285 0.394285
0.396807 0.396807
0.399329 0.399329
0.401852 0.401852
0.404374 0.404374
0.402135 0.402135
0.399896 0.399896
0.397656 0.397656
0.395417 0.395417
0.393178 0.393178
0.390939 0.390939
0.3887 0.3887
0.386461 0.386461
0.386201 0.386201
0.386201 0.386201
0.386201 0.386201
0.386201 0.386201
0.386201 0.386201
0.386201 0.386201
0.386201 0.386201
0.386201 0.386201
0.386201 0.386201
0.386201 0.386201
0.386201 0.386201
0.386201 0.386201
0.386201 0.386201
0.386201 0.386201
0.386201 0.386201
0.386201 0.386201
0.386201 0.386201
0.386201 0.386201
0.386201 0.386201
0.386201 0.386201
0.386201 0.386201
0.386201 0.386201
0.386201 0.386201
0.386201 0.386201
0.386201 0.386201
0.386201 0.386201
0.386201 0.386201
0.386201 0.386201
0.386201 0.386201
0.386201 0.386201
0.386201 0.386201
0.386201 0.386201
0.386201 0.386201
0.386201 0.386201
0.386201 0.386201
0.386201 0.386201
0.386201 0.386201
0.386201 0.386201
0.386201 0.386201
0.386201 0.386201
0.386201 0.386201
0.386201 0.386201
0.386201 0.386201
0.386201 0.386201
0.386201 0.386201
0.386201 0.386201
0.386201 0.386201
0.386201 0.386201
0.386201 0.386201
0.386109 0.386109
0.385172 0.385172
0.384385 0.384385
0.383598 0.383598
0.382811 0.382811
0.382025 0.382025
0.381238 0.381238
0.380451 0.380451
0.379664 0.379664
0.378878 0.378878
0.378091 0.378091
0.377304 0.377304
0.376517 0.376517
0.375731 0.375731
0.374944 0.374944
0.374157 0.374157
0.37337 0.37337
0.372584 0.372584
0.371797 0.371797
0.37101 0.37101
0.370223 0.370223
0.369437 0.369437
0.36865 0.36865
0.367863 0.367863
0.367077 0.367077
0.36629 0.36629
0.365503 0.365503
0.364716 0.364716
0.36393 0.36393
0.363143 0.363143
0.362356 0.362356
0.361569 0.361569
0.360783 0.360783
0.359996 0.359996
0.359209 0.359209
0.358422 0.358422
0.357636 0.357636
0.356849 0.356849
0.356062 0.356062
0.355275 0.355275
0.354489 0.354489
0.353702 0.353702
0.352915 0.352915
0.352128 0.352128
0.351342 0.351342
0.350555 0.350555
0.349768 0.349768
0.348981 0.348981
0.348195 0.348195
0.347408 0.347408
0.346621 0.346621
0.345834 0.345834
0.345048 0.345048
0.344261 0.344261
0.343474 0.343474
0.342687 0.342687
0.341901 0.341901
0.341114 0.341114
0.340327 0.340327
0.33954 0.33954
0.338754 0.338754
0.337967 0.337967
0.33718 0.33718
0.336393 0.336393
0.335607 0.335607
0.33482 0.33482
0.334033 0.334033
0.33267 0.33267
0.33074 0.33074
0.32881 0.32881
0.32688 0.32688
0.324951 0.324951
0.323021 0.323021
0.321091 0.321091
0.319162 0.319162
0.317232 0.317232
0.315302 0.315302
0.313373 0.313373
0.311443 0.311443
0.309513 0.309513
0.307583 0.307583
0.305654 0.305654
0.303724 0.303724
0.303004 0.303004
0.302321 0.302321
0.301638 0.301638
0.300955 0.300955
0.300272 0.300272
0.299589 0.299589
0.298906 0.298906
0.298224 0.298224
0.297541 0.297541
0.296858 0.296858
0.296175 0.296175
0.295492 0.295492
0.294809 0.294809
0.294126 0.294126
0.293443 0.293443
0.29276 0.29276
0.292077 0.292077
0.291394 0.291394
0.290711 0.290711
0.290028 0.290028
0.289345 0.289345
0.288662 0.288662
0.287979 0.287979
0.287296 0.287296
0.286613 0.286613
0.28593 0.28593
0.285247 0.285247
0.284564 0.284564
0.283881 0.283881
0.283198 0.283198
0.282515 0.282515
0.281832 0.281832
0.28115 0.28115
0.280467 0.280467
0.279784 0.279784
0.279101 0.279101
0.278418 0.278418
0.277735 0.277735
0.277052 0.277052
0.276369 0.276369
0.275686 0.275686
0.275003 0.275003
0.27432 0.27432
0.273637 0.273637
0.272954 0.272954
0.272271 0.272271
0.271588 0.271588
0.270905 0.270905
0.270222 0.270222
0.269539 0.269539
0.268856 0.268856
0.268173 0.268173
0.26749 0.26749
0.266807 0.266807
0.266124 0.266124
0.265441 0.265441
0.264758 0.264758
0.264076 0.264076
0.263393 0.263393
0.26271 0.26271
0.262027 0.262027
0.261344 0.261344
0.260661 0.260661
0.259978 0.259978
0.259295 0.259295
0.258612 0.258612
0.257929 0.257929
0.257246 0.257246
0.256563 0.256563
0.25588 0.25588
0.255197 0.255197
0.254514 0.254514
0.253831 0.253831
0.253148 0.253148
0.252465 0.252465
0.251782 0.251782
0.251099 0.251099
0.250416 0.250416
0.249733 0.249733
0.24905 0.24905
0.248367 0.248367
0.247684 0.247684
0.247002 0.247002
0.246319 0.246319
0.245636 0.245636
0.244953 0.244953
0.24427 0.24427
0.243587 0.243587
0.242904 0.242904
0.242221 0.242221
0.241538 0.241538
0.240855 0.240855
0.240172 0.240172
0.239489 0.239489
0.238806 0.238806
0.238123 0.238123
0.23744 0.23744
0.236757 0.236757
0.236074 0.236074
0.235391 0.235391
0.234708 0.234708
0.234025 0.234025
0.233342 0.233342
0.232659 0.232659
0.231976 0.231976
0.231293 0.231293
0.23061 0.23061
0.229928 0.229928
0.229245 0.229245
0.228562 0.228562
0.227879 0.227879
0.229676 0.229676
0.232147 0.232147
0.234618 0.234618
0.23709 0.23709
0.239561 0.239561
0.242032 0.242032
0.244503 0.244503
0.246974 0.246974
0.249445 0.249445
0.251916 0.251916
0.254387 0.254387
0.256858 0.256858
0.25933 0.25933
0.261801 0.261801
0.264272 0.264272
0.266743 0.266743
0.269214 0.269214
0.271685 0.271685
0.274156 0.274156
0.276627 0.276627
0.279098 0.279098
0.28157 0.28157
0.284041 0.284041
0.286512 0.286512
0.288983 0.288983
0.291454 0.291454
0.293925 0.293925
0.296396 0.296396
0.298867 0.298867
0.301342 0.301342
0.303864 0.303864
0.306386 0.306386
0.308908 0.308908
0.311431 0.311431
0.313953 0.313953
0.316475 0.316475
0.318997 0.318997
0.321519 0.321519
0.324042 0.324042
0.326564 0.326564
0.329086 0.329086
0.331608 0.331608
0.334131 0.334131
0.336653 0.336653
0.339175 0.339175
0.341697 0.341697
0.344219 0.344219
0.346742 0.346742
0.349264 0.349264
0.351786 0.351786
0.354308 0.354308
0.356831 0.356831
0.359353 0.359353
0.361875 0.361875
0.364397 0.364397
0.36692 0.36692
0.369442 0.369442
0.371964 0.371964
0.374486 0.374486
0.377008 0.377008
0.379531 0.379531
0.382053 0.382053
0.384575 0.384575
0.387097 0.387097
0.38962 0.38962
0.392142 0.392142
0.394664 0.394664
0.397186 0.397186
0.399709 0.399709
0.402231 0.402231
0.404753 0.404753
0.402514 0.402514
0.400275 0.400275
0.398036 0.398036
0.395796 0.395796
0.393557 0.393557
0.391318 0.391318
0.389087 0.389087
0.38904 0.38904
0.38904 0.38904
0.38904 0.38904
0.38904 0.38904
0.38904 0.38904
0.38904 0.38904
0.38904 0.38904
0.38904 0.38904
0.38904 0.38904
0.38904 0.38904
0.38904 0.38904
0.38904 0.38904
0.38904 0.38904
0.38904 0.38904
0.38904 0.38904
0.38904 0.38904
0.38904 0.38904
0.38904 0.38904
0.38904 0.38904
0.38904 0.38904
0.38904 0.38904
0.38904 0.38904
0.38904 0.38904
0.38904 0.38904
0.38904 0.38904
0.38904 0.38904
0.38904 0.38904
0.38904 0.38904
0.38904 0.38904
0.38904 0.38904
0.38904 0.38904
0.38904 0.38904
0.38904 0.38904
0.38904 0.38904
0.38904 0.38904
0.38904 0.38904
0.38904 0.38904
0.38904 0.38904
0.38904 0.38904
0.38904 0.38904
0.38904 0.38904
0.38904 0.38904
0.38904 0.38904
0.38904 0.38904
0.38904 0.38904
0.38904 0.38904
0.38904 0.38904
0.38904 0.38904
0.38904 0.38904
0.38904 0.38904
0.38904 0.38904
0.388922 0.388922
0.388204 0.388204
0.387853 0.387853
0.387502 0.387502
0.387151 0.387151
0.386799 0.386799
0.386448 0.386448
0.386097 0.386097
0.385745 0.385745
0.385394 0.385394
0.385043 0.385043
0.384691 0.384691
0.38434 0.38434
0.383989 0.383989
0.383637 0.383637
0.383286 0.383286
0.382935 0.382935
0.382584 0.382584
0.382232 0.382232
0.381881 0.381881
0.38153 0.38153
0.381178 0.381178
0.380827 0.380827
0.380476 0.380476
0.380124 0.380124
0.379773 0.379773
0.379422 0.379422
0.37907 0.37907
0.378719 0.378719
0.378368 0.378368
0.378017 0.378017
0.377665 0.377665
0.377314 0.377314
0.376963 0.376963
0.376611 0.376611
0.37626 0.37626
0.375909 0.375909
0.375557 0.375557
0.375206 0.375206
0.374855 0.374855
0.374503 0.374503
0.374152 0.374152
0.373801 0.373801
0.373449 0.373449
0.373098 0.373098
0.372747 0.372747
0.372396 0.372396
0.372044 0.372044
0.371693 0.371693
0.371342 0.371342
0.37099 0.37099
0.370639 0.370639
0.370288 0.370288
0.369936 0.369936
0.369585 0.369585
0.369234 0.369234
0.368882 0.368882
0.368531 0.368531
0.36818 0.36818
0.367829 0.367829
0.367477 0.367477
0.367126 0.367126
0.366775 0.366775
0.366423 0.366423
0.366072 0.366072
0.365721 0.365721
0.365369 0.365369
0.365018 0.365018
0.364667 0.364667
0.364315 0.364315
0.363964 0.363964
0.363613 0.363613
0.363261 0.363261
0.36291 0.36291
0.362559 0.362559
0.362208 0.362208
0.361856 0.361856
0.360797 0.360797
0.359088 0.359088
0.357379 0.357379
0.35567 0.35567
0.35396 0.35396
0.352251 0.352251
0.350542 0.350542
0.348833 0.348833
0.347124 0.347124
0.345415 0.345415
0.343706 0.343706
0.341997 0.341997
0.340288 0.340288
0.338578 0.338578
0.336869 0.336869
0.33516 0.33516
0.333451 0.333451
0.331742 0.331742
0.330033 0.330033
0.328324 0.328324
0.326615 0.326615
0.324906 0.324906
0.323196 0.323196
0.322423 0.322423
0.322113 0.322113
0.321802 0.321802
0.321492 0.321492
0.321181 0.321181
0.320871 0.320871
0.320561 0.320561
0.32025 0.32025
0.31994 0.31994
0.31963 0.31963
0.319319 0.319319
0.319009 0.319009
0.318699 0.318699
0.318388 0.318388
0.318078 0.318078
0.317768 0.317768
0.317457 0.317457
0.317147 0.317147
0.316836 0.316836
0.316526 0.316526
0.316216 0.316216
0.315905 0.315905
0.315595 0.315595
0.315285 0.315285
0.314974 0.314974
0.314664 0.314664
0.314354 0.314354
0.314043 0.314043
0.313733 0.313733
0.313423 0.313423
0.313112 0.313112
0.312802 0.312802
0.312491 0.312491
0.312181 0.312181
0.311871 0.311871
0.31156 0.31156
0.31125 0.31125
0.31094 0.31094
0.310629 0.310629
0.310319 0.310319
0.310009 0.310009
0.309698 0.309698
0.309388 0.309388
0.309077 0.309077
0.308767 0.308767
0.308457 0.308457
0.308146 0.308146
0.307836 0.307836
0.307526 0.307526
0.307215 0.307215
0.306905 0.306905
0.306595 0.306595
0.306284 0.306284
0.305974 0.305974
0.305664 0.305664
0.305353 0.305353
0.305043 0.305043
0.304732 0.304732
0.304422 0.304422
0.304112 0.304112
0.303801 0.303801
0.303491 0.303491
0.303181 0.303181
0.30287 0.30287
0.30256 0.30256
0.30225 0.30225
0.301939 0.301939
0.301629 0.301629
0.301319 0.301319
0.301008 0.301008
0.300698 0.300698
0.300387 0.300387
0.300077 0.300077
0.299767 0.299767
0.299456 0.299456
0.299146 0.299146
0.298836 0.298836
0.298525 0.298525
0.298215 0.298215
0.297905 0.297905
0.297594 0.297594
0.297284 0.297284
0.296973 0.296973
0.296663 0.296663
0.296353 0.296353
0.296042 0.296042
0.295732 0.295732
0.295422 0.295422
0.295111 0.295111
0.294801 0.294801
0.294491 0.294491
0.29418 0.29418
0.29387 0.29387
0.29356 0.29356
0.293249 0.293249
0.292939 0.292939
0.292628 0.292628
0.292318 0.292318
0.292008 0.292008
0.291697 0.291697
0.291387 0.291387
0.291077 0.291077
0.290766 0.290766
0.290456 0.290456
0.290146 0.290146
0.289835 0.289835
0.289525 0.289525
0.289215 0.289215
0.288904 0.288904
0.288594 0.288594
0.288283 0.288283
0.287973 0.287973
0.287663 0.287663
0.287352 0.287352
0.287042 0.287042
0.286732 0.286732
0.28783 0.28783
0.290316 0.290316
0.292803 0.292803
0.295289 0.295289
0.297776 0.297776
0.300262 0.300262
0.302749 0.302749
0.305235 0.305235
0.307722 0.307722
0.310208 0.310208
0.312695 0.312695
0.315181 0.315181
0.317668 0.317668
0.320154 0.320154
0.322641 0.322641
0.325127 0.325127
0.327614 0.327614
0.3301 0.3301
0.332587 0.332587
0.335073 0.335073
0.33756 0.33756
0.340046 0.340046
0.342532 0.342532
0.345019 0.345019
0.347505 0.347505
0.349992 0.349992
0.352478 0.352478
0.354965 0.354965
0.357451 0.357451
0.359938 0.359938
0.362424 0.362424
0.364911 0.364911
0.367397 0.367397
0.369884 0.369884
0.37237 0.37237
0.374857 0.374857
0.377343 0.377343
0.37983 0.37983
0.382316 0.382316
0.384803 0.384803
0.387289 0.387289
0.389776 0.389776
0.392262 0.392262
0.394748 0.394748
0.397235 0.397235
0.399721 0.399721
0.402208 0.402208
0.404697 0.404697
0.402457 0.402457
0.400218 0.400218
0.397979 0.397979
0.39574 0.39574
0.393501 0.393501
0.391262 0.391262
0.389032 0.389032
0.388991 0.388991
0.388991 0.388991
0.388991 0.388991
0.388991 0.388991
0.388991 0.388991
0.388991 0.388991
0.388991 0.388991
0.388991 0.388991
0.388991 0.388991
0.388991 0.388991
0.388991 0.388991
0.388991 0.388991
0.388991 0.388991
0.388991 0.388991
0.388991 0.388991
0.388991 0.388991
0.388991 0.388991
0.388991 0.388991
0.388991 0.388991
0.388991 0.388991
0.388991 0.388991
0.388991 0.388991
0.388991 0.388991
0.388991 0.388991
0.388991 0.388991
0.388991 0.388991
0.388991 0.388991
0.388991 0.388991
0.388991 0.388991
0.388991 0.388991
0.388991 0.388991
0.388991 0.388991
0.388991 0.388991
0.388991 0.388991
0.388991 0.388991
0.388991 0.388991
0.388991 0.388991
0.388991 0.388991
0.388991 0.388991
0.388991 0.388991
0.388991 0.388991
0.388991 0.388991
0.388991 0.388991
0.388991 0.388991
0.388991 0.388991
0.388991 0.388991
0.388991 0.388991
0.388991 0.388991
0.388991 0.388991
0.388991 0.388991
0.388991 0.388991
0.388875 0.388875
0.388156 0.388156
0.387806 0.387806
0.387456 0.387456
0.387105 0.387105
0.386755 0.386755
0.386404 0.386404
0.386054 0.386054
0.385703 0.385703
0.385353 0.385353
0.385002 0.385002
0.384652 0.384652
0.384302 0.384302
0.383951 0.383951
0.383601 0.383601
0.38325 0.38325
0.3829 0.3829
0.382549 0.382549
0.382199 0.382199
0.381849 0.381849
0.381498 0.381498
0.381148 0.381148
0.380797 0.380797
0.380447 0.380447
0.380096 0.380096
0.379746 0.379746
0.379396 0.379396
0.379045 0.379045
0.378695 0.378695
0.378344 0.378344
0.377994 0.377994
0.377643 0.377643
0.377293 0.377293
0.376942 0.376942
0.376592 0.376592
0.376242 0.376242
0.375891 0.375891
0.375541 0.375541
0.37519 0.37519
0.37484 0.37484
0.374489 0.374489
0.374139 0.374139
0.373789 0.373789
0.373438 0.373438
0.373088 0.373088
0.372737 0.372737
0.372387 0.372387
0.372036 0.372036
0.371686 0.371686
0.371335 0.371335
0.370985 0.370985
0.370635 0.370635
0.370284 0.370284
0.369934 0.369934
0.369583 0.369583
0.369233 0.369233
0.368882 0.368882
0.368532 0.368532
0.368182 0.368182
0.367831 0.367831
0.367481 0.367481
0.36713 0.36713
0.36678 0.36678
0.366429 0.366429
0.366079 0.366079
0.365729 0.365729
0.365378 0.365378
0.365028 0.365028
0.364677 0.364677
0.364327 0.364327
0.363976 0.363976
0.363626 0.363626
0.363275 0.363275
0.362925 0.362925
0.362575 0.362575
0.362224 0.362224
0.361874 0.361874
0.360842 0.360842
0.359133 0.359133
0.357424 0.357424
0.355716 0.355716
0.354007 0.354007
0.352298 0.352298
0.35059 0.35059
0.348881 0.348881
0.347173 0.347173
0.345464 0.345464
0.343755 0.343755
0.342047 0.342047
0.340338 0.340338
0.338629 0.338629
0.336921 0.336921
0.335212 0.335212
0.333503 0.333503
0.331795 0.331795
0.330086 0.330086
0.328378 0.328378
0.326669 0.326669
0.32496 0.32496
0.323252 0.323252
0.322433 0.322433
0.322124 0.322124
0.321814 0.321814
0.321505 0.321505
0.321195 0.321195
0.320885 0.320885
0.320576 0.320576
0.320266 0.320266
0.319957 0.319957
0.319647 0.319647
0.319337 0.319337
0.319028 0.319028
0.318718 0.318718
0.318409 0.318409
0.318099 0.318099
0.317789 0.317789
0.31748 0.31748
0.31717 0.31717
0.316861 0.316861
0.316551 0.316551
0.316241 0.316241
0.315932 0.315932
0.315622 0.315622
0.315313 0.315313
0.315003 0.315003
0.314693 0.314693
0.314384 0.314384
0.314074 0.314074
0.313765 0.313765
0.313455 0.313455
0.313145 0.313145
0.312836 0.312836
0.312526 0.312526
0.312217 0.312217
0.311907 0.311907
0.311597 0.311597
0.311288 0.311288
0.310978 0.310978
0.310669 0.310669
0.310359 0.310359
0.31005 0.31005
0.30974 0.30974
0.30943 0.30943
0.309121 0.309121
0.308811 0.308811
0.308502 0.308502
0.308192 0.308192
0.307882 0.307882
0.307573 0.307573
0.307263 0.307263
0.306954 0.306954
0.306644 0.306644
0.306334 0.306334
0.306025 0.306025
0.305715 0.305715
0.305406 0.305406
0.305096 0.305096
0.304786 0.304786
0.304477 0.304477
0.304167 0.304167
0.303858 0.303858
0.303548 0.303548
0.303238 0.303238
0.302929 0.302929
0.302619 0.302619
0.30231 0.30231
0.302 0.302
0.30169 0.30169
0.301381 0.301381
0.301071 0.301071
0.300762 0.300762
0.300452 0.300452
0.300142 0.300142
0.299833 0.299833
0.299523 0.299523
0.299214 0.299214
0.298904 0.298904
0.298594 0.298594
0.298285 0.298285
0.297975 0.297975
0.297666 0.297666
0.297356 0.297356
0.297046 0.297046
0.296737 0.296737
0.296427 0.296427
0.296118 0.296118
0.295808 0.295808
0.295499 0.295499
0.295189 0.295189
0.294879 0.294879
0.29457 0.29457
0.29426 0.29426
0.293951 0.293951
0.293641 0.293641
0.293331 0.293331
0.293022 0.293022
0.292712 0.292712
0.292403 0.292403
0.292093 0.292093
0.291783 0.291783
0.291474 0.291474
0.291164 0.291164
0.290855 0.290855
0.290545 0.290545
0.290235 0.290235
0.289926 0.289926
0.289616 0.289616
0.289307 0.289307
0.288997 0.288997
0.288687 0.288687
0.288378 0.288378
0.288068 0.288068
0.287759 0.287759
0.287449 0.287449
0.287139 0.287139
0.28683 0.28683
0.287886 0.287886
0.290373 0.290373
0.292859 0.292859
0.295346 0.295346
0.297832 0.297832
0.300319 0.300319
0.302805 0.302805
0.305292 0.305292
0.307779 0.307779
0.310265 0.310265
0.312752 0.312752
0.315238 0.315238
0.317725 0.317725
0.320211 0.320211
0.322698 0.322698
0.325184 0.325184
0.327671 0.327671
0.330157 0.330157
0.332644 0.332644
0.33513 0.33513
0.337617 0.337617
0.340104 0.340104
0.34259 0.34259
0.345077 0.345077
0.347563 0.347563
0.35005 0.35005
0.352536 0.352536
0.355023 0.355023
0.357509 0.357509
0.359996 0.359996
0.362482 0.362482
0.364969 0.364969
0.367455 0.367455
0.369942 0.369942
0.372428 0.372428
0.374915 0.374915
0.377402 0.377402
0.379888 0.379888
0.382375 0.382375
0.384861 0.384861
0.387348 0.387348
0.389834 0.389834
0.392321 0.392321
0.394807 0.394807
0.397294 0.397294
0.39978 0.39978
0.402267 0.402267
0.404753 0.404753
0.402514 0.402514
0.400275 0.400275
0.398036 0.398036
0.395797 0.395797
0.393558 0.393558
0.391318 0.391318
0.389087 0.389087
0.389043 0.389043
0.389043 0.389043
0.389043 0.389043
0.389043 0.389043
0.389043 0.389043
0.389043 0.389043
0.389043 0.389043
0.389043 0.389043
0.389043 0.389043
0.389043 0.389043
0.389043 0.389043
0.389043 0.389043
0.389043 0.389043
0.389043 0.389043
0.389043 0.389043
0.389043 0.389043
0.389043 0.389043
0.389043 0.389043
0.389043 0.389043
0.389043 0.389043
0.389043 0.389043
0.389043 0.389043
0.389043 0.389043
0.389043 0.389043
0.389043 0.389043
0.389043 0.389043
0.389043 0.389043
0.389043 0.389043
0.389043 0.389043
0.389043 0.389043
0.389043 0.389043
0.389043 0.389043
0.389043 0.389043
0.389043 0.389043
0.389043 0.389043
0.389043 0.389043
0.389043 0.389043
0.389043 0.389043
0.389043 0.389043
0.389043 0.389043
0.389043 0.389043
0.389043 0.389043
0.389043 0.389043
0.389043 0.389043
0.389043 0.389043
0.389043 0.389043
0.389043 0.389043
0.389043 0.389043
0.389043 0.389043
0.389043 0.389043
0.389043 0.389043
0.388927 0.388927
0.388208 0.388208
0.387858 0.387858
0.387507 0.387507
0.387156 0.387156
0.386806 0.386806
0.386455 0.386455
0.386104 0.386104
0.385753 0.385753
0.385403 0.385403
0.385052 0.385052
0.384701 0.384701
0.38435 0.38435
0.384 0.384
0.383649 0.383649
0.383298 0.383298
0.382947 0.382947
0.382597 0.382597
0.382246 0.382246
0.381895 0.381895
0.381545 0.381545
0.381194 0.381194
0.380843 0.380843
0.380492 0.380492
0.380142 0.380142
0.379791 0.379791
0.37944 0.37944
0.379089 0.379089
0.378739 0.378739
0.378388 0.378388
0.378037 0.378037
0.377686 0.377686
0.377336 0.377336
0.376985 0.376985
0.376634 0.376634
0.376284 0.376284
0.375933 0.375933
0.375582 0.375582
0.375231 0.375231
0.374881 0.374881
0.37453 0.37453
0.374179 0.374179
0.373828 0.373828
0.373478 0.373478
0.373127 0.373127
0.372776 0.372776
0.372425 0.372425
0.372075 0.372075
0.371724 0.371724
0.371373 0.371373
0.371023 0.371023
0.370672 0.370672
0.370321 0.370321
0.36997 0.36997
0.36962 0.36962
0.369269 0.369269
0.368918 0.368918
0.368567 0.368567
0.368217 0.368217
0.367866 0.367866
0.367515 0.367515
0.367164 0.367164
0.366814 0.366814
0.366463 0.366463
0.366112 0.366112
0.365762 0.365762
0.365411 0.365411
0.36506 0.36506
0.364709 0.364709
0.364359 0.364359
0.364008 0.364008
0.363657 0.363657
0.363306 0.363306
0.362956 0.362956
0.362605 0.362605
0.362254 0.362254
0.361903 0.361903
0.360867 0.360867
0.359158 0.359158
0.357449 0.357449
0.35574 0.35574
0.354032 0.354032
0.352323 0.352323
0.350614 0.350614
0.348905 0.348905
0.347196 0.347196
0.345488 0.345488
0.343779 0.343779
0.34207 0.34207
0.340361 0.340361
0.338653 0.338653
0.336944 0.336944
0.335235 0.335235
0.333526 0.333526
0.331817 0.331817
0.330109 0.330109
0.3284 0.3284
0.326691 0.326691
0.324982 0.324982
0.323273 0.323273
0.322461 0.322461
0.322151 0.322151
0.321841 0.321841
0.321531 0.321531
0.321221 0.321221
0.320912 0.320912
0.320602 0.320602
0.320292 0.320292
0.319982 0.319982
0.319672 0.319672
0.319362 0.319362
0.319052 0.319052
0.318743 0.318743
0.318433 0.318433
0.318123 0.318123
0.317813 0.317813
0.317503 0.317503
0.317193 0.317193
0.316883 0.316883
0.316574 0.316574
0.316264 0.316264
0.315954 0.315954
0.315644 0.315644
0.315334 0.315334
0.315024 0.315024
0.314714 0.314714
0.314405 0.314405
0.314095 0.314095
0.313785 0.313785
0.313475 0.313475
0.313165 0.313165
0.312855 0.312855
0.312545 0.312545
0.312236 0.312236
0.311926 0.311926
0.311616 0.311616
0.311306 0.311306
0.310996 0.310996
0.310686 0.310686
0.310376 0.310376
0.310067 0.310067
0.309757 0.309757
0.309447 0.309447
0.309137 0.309137
0.308827 0.308827
0.308517 0.308517
0.308207 0.308207
0.307898 0.307898
0.307588 0.307588
0.307278 0.307278
0.306968 0.306968
0.306658 0.306658
0.306348 0.306348
0.306038 0.306038
0.305729 0.305729
0.305419 0.305419
0.305109 0.305109
0.304799 0.304799
0.304489 0.304489
0.304179 0.304179
0.303869 0.303869
0.30356 0.30356
0.30325 0.30325
0.30294 0.30294
0.30263 0.30263
0.30232 0.30232
0.30201 0.30201
0.3017 0.3017
0.301391 0.301391
0.301081 0.301081
0.300771 0.300771
0.300461 0.300461
0.300151 0.300151
0.299841 0.299841
0.299531 0.299531
0.299222 0.299222
0.298912 0.298912
0.298602 0.298602
0.298292 0.298292
0.297982 0.297982
0.297672 0.297672
0.297362 0.297362
0.297053 0.297053
0.296743 0.296743
0.296433 0.296433
0.296123 0.296123
0.295813 0.295813
0.295503 0.295503
0.295193 0.295193
0.294884 0.294884
0.294574 0.294574
0.294264 0.294264
0.293954 0.293954
0.293644 0.293644
0.293334 0.293334
0.293024 0.293024
0.292715 0.292715
0.292405 0.292405
0.292095 0.292095
0.291785 0.291785
0.291475 0.291475
0.291165 0.291165
0.290855 0.290855
0.290546 0.290546
0.290236 0.290236
0.289926 0.289926
0.289616 0.289616
0.289306 0.289306
0.288996 0.288996
0.288686 0.288686
0.288377 0.288377
0.288067 0.288067
0.287757 0.287757
0.287447 0.287447
0.287137 0.287137
0.286827 0.286827
0.287831 0.287831
0.290318 0.290318
0.292804 0.292804
0.295291 0.295291
0.297777 0.297777
0.300264 0.300264
0.30275 0.30275
0.305237 0.305237
0.307723 0.307723
0.31021 0.31021
0.312696 0.312696
0.315183 0.315183
0.317669 0.317669
0.320156 0.320156
0.322642 0.322642
0.325129 0.325129
0.327615 0.327615
0.330102 0.330102
0.332588 0.332588
0.335075 0.335075
0.337561 0.337561
0.340048 0.340048
0.342534 0.342534
0.345021 0.345021
0.347507 0.347507
0.349994 0.349994
0.35248 0.35248
0.354967 0.354967
0.357453 0.357453
0.35994 0.35994
0.362426 0.362426
0.364913 0.364913
0.367399 0.367399
0.369886 0.369886
0.372372 0.372372
0.374859 0.374859
0.377345 0.377345
0.379832 0.379832
0.382318 0.382318
0.384805 0.384805
0.387291 0.387291
0.389778 0.389778
0.392264 0.392264
0.394751 0.394751
0.397237 0.397237
0.399724 0.399724
0.40221 0.40221
0.404697 0.404697
0.407219 0.407219
0.409741 0.409741
0.412263 0.412263
0.414786 0.414786
0.417308 0.417308
0.41983 0.41983
0.422352 0.422352
0.424874 0.424874
0.427397 0.427397
0.429919 0.429919
0.432441 0.432441
0.434963 0.434963
0.437486 0.437486
0.440008 0.440008
0.44253 0.44253
0.445052 0.445052
0.447574 0.447574
0.450097 0.450097
0.452619 0.452619
0.455141 0.455141
0.457663 0.457663
0.460186 0.460186
0.462708 0.462708
0.46523 0.46523
0.467752 0.467752
0.470274 0.470274
0.472797 0.472797
0.475319 0.475319
0.477841 0.477841
0.480363 0.480363
0.482886 0.482886
0.485408 0.485408
0.48793 0.48793
0.490452 0.490452
0.492974 0.492974
0.495497 0.495497
0.498019 0.498019
0.500541 0.500541
0.503063 0.503063
0.505586 0.505586
0.508108 0.508108
0.51063 0.51063
0.513152 0.513152
0.515674 0.515674
0.518197 0.518197
0.520719 0.520719
0.523241 0.523241
0.525763 0.525763
0.528286 0.528286
0.530808 0.530808
0.53333 0.53333
0.535852 0.535852
0.538374 0.538374
0.540897 0.540897
0.543419 0.543419
0.545941 0.545941
0.548463 0.548463
0.550986 0.550986
0.553508 0.553508
0.55603 0.55603
0.558552 0.558552
0.561074 0.561074
0.563597 0.563597
0.566119 0.566119
0.568641 0.568641
0.571163 0.571163
0.573686 0.573686
0.576208 0.576208
0.57873 0.57873
0.581252 0.581252
0.583775 0.583775
0.586297 0.586297
0.588819 0.588819
0.591341 0.591341
0.593863 0.593863
0.596386 0.596386
0.598908 0.598908
0.60143 0.60143
0.603952 0.603952
0.606475 0.606475
0.604235 0.604235
0.601996 0.601996
0.599757 0.599757
0.597518 0.597518
0.595279 0.595279
0.59304 0.59304
0.5908 0.5908
0.588561 0.588561
0.586322 0.586322
0.586145 0.586145
0.586145 0.586145
0.586145 0.586145
0.586145 0.586145
0.586145 0.586145
0.586145 0.586145
0.586145 0.586145
0.586145 0.586145
0.586145 0.586145
0.586145 0.586145
0.586145 0.586145
0.586145 0.586145
0.586145 0.586145
0.586145 0.586145
0.586145 0.586145
0.586145 0.586145
0.586145 0.586145
0.586145 0.586145
0.586145 0.586145
0.586145 0.586145
0.586145 0.586145
0.586145 0.586145
0.586145 0.586145
0.586145 0.586145
0.586145 0.586145
0.586145 0.586145
0.586145 0.586145
0.586145 0.586145
0.586145 0.586145
0.586145 0.586145
0.586145 0.586145
0.586145 0.586145
0.586145 0.586145
0.586145 0.586145
0.586145 0.586145
0.586145 0.586145
0.586145 0.586145
0.586145 0.586145
0.586145 0.586145
0.586145 0.586145
0.586145 0.586145
0.586145 0.586145
0.586145 0.586145
0.586145 0.586145
0.586145 0.586145
0.586145 0.586145
0.586145 0.586145
0.586145 0.586145
0.586145 0.586145
0.586145 0.586145
0.586145 0.586145
0.585769 0.585769
0.584541 0.584541
0.583682 0.583682
0.582824 0.582824
0.581965 0.581965
0.581106 0.581106
0.580247 0.580247
0.579388 0.579388
0.57853 0.57853
0.577671 0.577671
0.576812 0.576812
0.575953 0.575953
0.575094 0.575094
0.574236 0.574236
0.573377 0.573377
0.572518 0.572518
0.571659 0.571659
0.5708 0.5708
0.569942 0.569942
0.569083 0.569083
0.568224 0.568224
0.567365 0.567365
0.566506 0.566506
0.565648 0.565648
0.564789 0.564789
0.56393 0.56393
0.563071 0.563071
0.562212 0.562212
0.561354 0.561354
0.560495 0.560495
0.559636 0.559636
0.558777 0.558777
0.557918 0.557918
0.55706 0.55706
0.556201 0.556201
0.555342 0.555342
0.554483 0.554483
0.553624 0.553624
0.552766 0.552766
0.551907 0.551907
0.551048 0.551048
0.550189 0.550189
0.54933 0.54933
0.548472 0.548472
0.547613 0.547613
0.546754 0.546754
0.545895 0.545895
0.545036 0.545036
0.544178 0.544178
0.543319 0.543319
0.54246 0.54246
0.541601 0.541601
0.540742 0.540742
0.539884 0.539884
0.539025 0.539025
0.538166 0.538166
0.537307 0.537307
0.536448 0.536448
0.53559 0.53559
0.534731 0.534731
0.533872 0.533872
0.533013 0.533013
0.532154 0.532154
0.531296 0.531296
0.530437 0.530437
0.529578 0.529578
0.528719 0.528719
0.52786 0.52786
0.527002 0.527002
0.526143 0.526143
0.525284 0.525284
0.524425 0.524425
0.523566 0.523566
0.522708 0.522708
0.521849 0.521849
0.52099 0.52099
0.520131 0.520131
0.519272 0.519272
0.518414 0.518414
0.517555 0.517555
0.516696 0.516696
0.515837 0.515837
0.514978 0.514978
0.51412 0.51412
0.513261 0.513261
0.512402 0.512402
0.511543 0.511543
0.510684 0.510684
0.509826 0.509826
0.508967 0.508967
0.508108 0.508108
0.507249 0.507249
0.50639 0.50639
0.505532 0.505532
0.504673 0.504673
0.503814 0.503814
0.502955 0.502955
0.502096 0.502096
0.501238 0.501238
0.500379 0.500379
0.499294 0.499294
0.49735 0.49735
0.495406 0.495406
0.493463 0.493463
0.491519 0.491519
0.489575 0.489575
0.487632 0.487632
0.485688 0.485688
0.483744 0.483744
0.4818 0.4818
0.479857 0.479857
0.477913 0.477913
0.475969 0.475969
0.474025 0.474025
0.472082 0.472082
0.470138 0.470138
0.468194 0.468194
0.466251 0.466251
0.464307 0.464307
0.462363 0.462363
0.460419 0.460419
0.458476 0.458476
0.456532 0.456532
0.454588 0.454588
0.452645 0.452645
0.450701 0.450701
0.448757 0.448757
0.446813 0.446813
0.44487 0.44487
0.442926 0.442926
0.440982 0.440982
0.439039 0.439039
0.437261 0.437261
0.436481 0.436481
0.435701 0.435701
0.434921 0.434921
0.434141 0.434141
0.433361 0.433361
0.432581 0.432581
0.431801 0.431801
0.431021 0.431021
0.430241 0.430241
0.429461 0.429461
0.428681 0.428681
0.427901 0.427901
0.427121 0.427121
0.426341 0.426341
0.425561 0.425561
0.424781 0.424781
0.424001 0.424001
0.423221 0.423221
0.422441 0.422441
0.421661 0.421661
0.420881 0.420881
0.420101 0.420101
0.419321 0.419321
0.418541 0.418541
0.417761 0.417761
0.416981 0.416981
0.416201 0.416201
0.415421 0.415421
0.414641 0.414641
0.413861 0.413861
0.413081 0.413081
0.412301 0.412301
0.411521 0.411521
0.410741 0.410741
0.409961 0.409961
0.409181 0.409181
0.408401 0.408401
0.407621 0.407621
0.406841 0.406841
0.406061 0.406061
0.405281 0.405281
0.404501 0.404501
0.403721 0.403721
0.402941 0.402941
0.402161 0.402161
0.401382 0.401382
0.400602 0.400602
0.399822 0.399822
0.399042 0.399042
0.398262 0.398262
0.397482 0.397482
0.396702 0.396702
0.395922 0.395922
0.395142 0.395142
0.394362 0.394362
0.393582 0.393582
0.392802 0.392802
0.392022 0.392022
0.391242 0.391242
0.390462 0.390462
0.389682 0.389682
0.388902 0.388902
0.388122 0.388122
0.387342 0.387342
0.386562 0.386562
0.385782 0.385782
0.385002 0.385002
0.384222 0.384222
0.383442 0.383442
0.382662 0.382662
0.381882 0.381882
0.381102 0.381102
0.380322 0.380322
0.379542 0.379542
0.378762 0.378762
0.377982 0.377982
0.377202 0.377202
0.376422 0.376422
0.375642 0.375642
0.374862 0.374862
0.374082 0.374082
0.373302 0.373302
0.372522 0.372522
0.371742 0.371742
0.370962 0.370962
0.370182 0.370182
0.369402 0.369402
0.368622 0.368622
0.367842 0.367842
0.367062 0.367062
0.366282 0.366282
0.365502 0.365502
0.364722 0.364722
0.363942 0.363942
0.363162 0.363162
0.362383 0.362383
0.361603 0.361603
0.360823 0.360823
0.360043 0.360043
0.359263 0.359263
0.358483 0.358483
0.357703 0.357703
0.356923 0.356923
0.356143 0.356143
0.355363 0.355363
0.354583 0.354583
0.353803 0.353803
0.353023 0.353023
0.352243 0.352243
0.351463 0.351463
0.350683 0.350683
0.349903 0.349903
0.349123 0.349123
0.348343 0.348343
0.347563 0.347563
0.346783 0.346783
0.346003 0.346003
0.345223 0.345223
0.344443 0.344443
0.343663 0.343663
0.342883 0.342883
0.342103 0.342103
0.341323 0.341323
0.340543 0.340543
0.339763 0.339763
0.338983 0.338983
0.338203 0.338203
0.337423 0.337423
0.336643 0.336643
0.335863 0.335863
0.335083 0.335083
0.334303 0.334303
0.333523 0.333523
0.332743 0.332743
0.331963 0.331963
0.331183 0.331183
0.330403 0.330403
0.329623 0.329623
0.328843 0.328843
0.328063 0.328063
0.327283 0.327283
0.326503 0.326503
0.325723 0.325723
0.324943 0.324943
0.324163 0.324163
0.323384 0.323384
0.322604 0.322604
0.321824 0.321824
0.321044 0.321044
0.320264 0.320264
0.319484 0.319484
0.318704 0.318704
0.317924 0.317924
0.317144 0.317144
0.316364 0.316364
0.315584 0.315584
0.314804 0.314804
0.314024 0.314024
0.313244 0.313244
0.312464 0.312464
0.311684 0.311684
0.310904 0.310904
0.310124 0.310124
0.309344 0.309344
0.308564 0.308564
0.307784 0.307784
0.307004 0.307004
0.306224 0.306224
0.305614 0.305614
0.3081 0.3081
0.310587 0.310587
0.313073 0.313073
0.31556 0.31556
0.318046 0.318046
0.320533 0.320533
0.323019 0.323019
0.325505 0.325505
0.327992 0.327992
0.330478 0.330478
0.332965 0.332965
0.335451 0.335451
0.337938 0.337938
0.340424 0.340424
0.342911 0.342911
0.345397 0.345397
0.347884 0.347884
0.35037 0.35037
0.352857 0.352857
0.355343 0.355343
0.35783 0.35783
0.360316 0.360316
0.362803 0.362803
0.365289 0.365289
0.367775 0.367775
0.370262 0.370262
0.372748 0.372748
0.375235 0.375235
0.377721 0.377721
0.380208 0.380208
0.382694 0.382694
0.385181 0.385181
0.387667 0.387667
0.390154 0.390154
0.39264 0.39264
0.395127 0.395127
0.397613 0.397613
0.4001 0.4001
0.402586 0.402586
0.405075 0.405075
0.407597 0.407597
0.410119 0.410119
0.412641 0.412641
0.415164 0.415164
0.417686 0.417686
0.420208 0.420208
0.42273 0.42273
0.425253 0.425253
0.427775 0.427775
0.430297 0.430297
0.432819 0.432819
0.435341 0.435341
0.437864 0.437864
0.440386 0.440386
0.442908 0.442908
0.44543 0.44543
0.447952 0.447952
0.450475 0.450475
0.452997 0.452997
0.455519 0.455519
0.458041 0.458041
0.460564 0.460564
0.463086 0.463086
0.465608 0.465608
0.46813 0.46813
0.470652 0.470652
0.473175 0.473175
0.475697 0.475697
0.478219 0.478219
0.480741 0.480741
0.483263 0.483263
0.485786 0.485786
0.488308 0.488308
0.49083 0.49083
0.493352 0.493352
0.495875 0.495875
0.498397 0.498397
0.500919 0.500919
0.503441 0.503441
0.505963 0.505963
0.508486 0.508486
0.511008 0.511008
0.51353 0.51353
0.516052 0.516052
0.518574 0.518574
0.521097 0.521097
0.523619 0.523619
0.526141 0.526141
0.528663 0.528663
0.531186 0.531186
0.533708 0.533708
0.53623 0.53623
0.538752 0.538752
0.541274 0.541274
0.543797 0.543797
0.546319 0.546319
0.548841 0.548841
0.551363 0.551363
0.553885 0.553885
0.556408 0.556408
0.55893 0.55893
0.561452 0.561452
0.563974 0.563974
0.566497 0.566497
0.569019 0.569019
0.571541 0.571541
0.574063 0.574063
0.576585 0.576585
0.579108 0.579108
0.58163 0.58163
0.584152 0.584152
0.586674 0.586674
0.589196 0.589196
0.591719 0.591719
0.594241 0.594241
0.596763 0.596763
0.599285 0.599285
0.601807 0.601807
0.60433 0.60433
0.606852 0.606852
0.604613 0.604613
0.602374 0.602374
0.600134 0.600134
0.597895 0.597895
0.595656 0.595656
0.593417 0.593417
0.591178 0.591178
0.588955 0.588955
0.588967 0.588967
0.588967 0.588967
0.588967 0.588967
0.588967 0.588967
0.588967 0.588967
0.588967 0.588967
0.588967 0.588967
0.588967 0.588967
0.588967 0.588967
0.588967 0.588967
0.588967 0.588967
0.588967 0.588967
0.588967 0.588967
0.588967 0.588967
0.588967 0.588967
0.588967 0.588967
0.588967 0.588967
0.588967 0.588967
0.588967 0.588967
0.588967 0.588967
0.588967 0.588967
0.588967 0.588967
0.588967 0.588967
0.588967 0.588967
0.588967 0.588967
0.588967 0.588967
0.588967 0.588967
0.588967 0.588967
0.588967 0.588967
0.588967 0.588967
0.588967 0.588967
0.588967 0.588967
0.588967 0.588967
0.588967 0.588967
0.588967 0.588967
0.588967 0.588967
0.588967 0.588967
0.588967 0.588967
0.588967 0.588967
0.588967 0.588967
0.588967 0.588967
0.588967 0.588967
0.588967 0.588967
0.588967 0.588967
0.588967 0.588967
0.588967 0.588967
0.588967 0.588967
0.588967 0.588967
0.588967 0.588967
0.588967 0.588967
0.588967 0.588967
0.588967 0.588967
0.588967 0.588967
0.588546 0.588546
0.587562 0.587562
0.587227 0.587227
0.586892 0.586892
0.586557 0.586557
0.586223 0.586223
0.585888 0.585888
0.585553 0.585553
0.585219 0.585219
0.584884 0.584884
0.584549 0.584549
0.584214 0.584214
0.58388 0.58388
0.583545 0.583545
0.58321 0.58321
0.582875 0.582875
0.582541 0.582541
0.582206 0.582206
0.581871 0.581871
0.581536 0.581536
0.581202 0.581202
0.580867 0.580867
0.580532 0.580532
0.580197 0.580197
0.579863 0.579863
0.579528 0.579528
0.579193 0.579193
0.578858 0.578858
0.578524 0.578524
0.578189 0.578189
0.577854 0.577854
0.577519 0.577519
0.577185 0.577185
0.57685 0.57685
0.576515 0.576515
0.57618 0.57618
0.575846 0.575846
0.575511 0.575511
0.575176 0.575176
0.574842 0.574842
0.574507 0.574507
0.574172 0.574172
0.573837 0.573837
0.573503 0.573503
0.573168 0.573168
0.572833 0.572833
0.572498 0.572498
0.572164 0.572164
0.571829 0.571829
0.571494 0.571494
0.571159 0.571159
0.570825 0.570825
0.57049 0.57049
0.570155 0.570155
0.56982 0.56982
0.569486 0.569486
0.569151 0.569151
0.568816 0.568816
0.568481 0.568481
0.568147 0.568147
0.567812 0.567812
0.567477 0.567477
0.567142 0.567142
0.566808 0.566808
0.566473 0.566473
0.566138 0.566138
0.565803 0.565803
0.565469 0.565469
0.565134 0.565134
0.564799 0.564799
0.564465 0.564465
0.56413 0.56413
0.563795 0.563795
0.56346 0.56346
0.563126 0.563126
0.562791 0.562791
0.562456 0.562456
0.562121 0.562121
0.561787 0.561787
0.561452 0.561452
0.561117 0.561117
0.560782 0.560782
0.560448 0.560448
0.560113 0.560113
0.559778 0.559778
0.559443 0.559443
0.559109 0.559109
0.558774 0.558774
0.558439 0.558439
0.558104 0.558104
0.55777 0.55777
0.557435 0.557435
0.5571 0.5571
0.556765 0.556765
0.556431 0.556431
0.556096 0.556096
0.555761 0.555761
0.555426 0.555426
0.555092 0.555092
0.554757 0.554757
0.554422 0.554422
0.554088 0.554088
0.553753 0.553753
0.553418 0.553418
0.553083 0.553083
0.552749 0.552749
0.552414 0.552414
0.552079 0.552079
0.551744 0.551744
0.55141 0.55141
0.551075 0.551075
0.55074 0.55074
0.550405 0.550405
0.550071 0.550071
0.549736 0.549736
0.549401 0.549401
0.549066 0.549066
0.548732 0.548732
0.548325 0.548325
0.546651 0.546651
0.544977 0.544977
0.543303 0.543303
0.541629 0.541629
0.539955 0.539955
0.538281 0.538281
0.536607 0.536607
0.534933 0.534933
0.533259 0.533259
0.531586 0.531586
0.529912 0.529912
0.528238 0.528238
0.526564 0.526564
0.52489 0.52489
0.523216 0.523216
0.521542 0.521542
0.519868 0.519868
0.518194 0.518194
0.51652 0.51652
0.514846 0.514846
0.513172 0.513172
0.511498 0.511498
0.509824 0.509824
0.50815 0.50815
0.506476 0.506476
0.504802 0.504802
0.503128 0.503128
0.501454 0.501454
0.49978 0.49978
0.498106 0.498106
0.496432 0.496432
0.494758 0.494758
0.493084 0.493084
0.49141 0.49141
0.489736 0.489736
0.488062 0.488062
0.486388 0.486388
0.484714 0.484714
0.48304 0.48304
0.481366 0.481366
0.479693 0.479693
0.478019 0.478019
0.476345 0.476345
0.474671 0.474671
0.472997 0.472997
0.471323 0.471323
0.469649 0.469649
0.467975 0.467975
0.466301 0.466301
0.464627 0.464627
0.462953 0.462953
0.461279 0.461279
0.459605 0.459605
0.459262 0.459262
0.458953 0.458953
0.458645 0.458645
0.458337 0.458337
0.458028 0.458028
0.45772 0.45772
0.457411 0.457411
0.457103 0.457103
0.456795 0.456795
0.456486 0.456486
0.456178 0.456178
0.455869 0.455869
0.455561 0.455561
0.455253 0.455253
0.454944 0.454944
0.454636 0.454636
0.454327 0.454327
0.454019 0.454019
0.453711 0.453711
0.453402 0.453402
0.453094 0.453094
0.452785 0.452785
0.452477 0.452477
0.452169 0.452169
0.45186 0.45186
0.451552 0.451552
0.451243 0.451243
0.450935 0.450935
0.450626 0.450626
0.450318 0.450318
0.45001 0.45001
0.449701 0.449701
0.449393 0.449393
0.449084 0.449084
0.448776 0.448776
0.448468 0.448468
0.448159 0.448159
0.447851 0.447851
0.447542 0.447542
0.447234 0.447234
0.446926 0.446926
0.446617 0.446617
0.446309 0.446309
0.446 0.446
0.445692 0.445692
0.445384 0.445384
0.445075 0.445075
0.444767 0.444767
0.444458 0.444458
0.44415 0.44415
0.443842 0.443842
0.443533 0.443533
0.443225 0.443225
0.442916 0.442916
0.442608 0.442608
0.4423 0.4423
0.441991 0.441991
0.441683 0.441683
0.441374 0.441374
0.441066 0.441066
0.440758 0.440758
0.440449 0.440449
0.440141 0.440141
0.439832 0.439832
0.439524 0.439524
0.439216 0.439216
0.438907 0.438907
0.438599 0.438599
0.43829 0.43829
0.437982 0.437982
0.437673 0.437673
0.437365 0.437365
0.437057 0.437057
0.436748 0.436748
0.43644 0.43644
0.436131 0.436131
0.435823 0.435823
0.435515 0.435515
0.435206 0.435206
0.434898 0.434898
0.434589 0.434589
0.434281 0.434281
0.433973 0.433973
0.433664 0.433664
0.433356 0.433356
0.433047 0.433047
0.432739 0.432739
0.432431 0.432431
0.432122 0.432122
0.431814 0.431814
0.431505 0.431505
0.431197 0.431197
0.430889 0.430889
0.43058 0.43058
0.430272 0.430272
0.429963 0.429963
0.429655 0.429655
0.429347 0.429347
0.429038 0.429038
0.42873 0.42873
0.428421 0.428421
0.428113 0.428113
0.427805 0.427805
0.427496 0.427496
0.427188 0.427188
0.426879 0.426879
0.426571 0.426571
0.426263 0.426263
0.425954 0.425954
0.425646 0.425646
0.425337 0.425337
0.425029 0.425029
0.42472 0.42472
0.424412 0.424412
0.424104 0.424104
0.423795 0.423795
0.423487 0.423487
0.423178 0.423178
0.42287 0.42287
0.422562 0.422562
0.422253 0.422253
0.421945 0.421945
0.421636 0.421636
0.421328 0.421328
0.42102 0.42102
0.420711 0.420711
0.420403 0.420403
0.420094 0.420094
0.419786 0.419786
0.419478 0.419478
0.419169 0.419169
0.418861 0.418861
0.418552 0.418552
0.418244 0.418244
0.417936 0.417936
0.417627 0.417627
0.417319 0.417319
0.41701 0.41701
0.416702 0.416702
0.416394 0.416394
0.416085 0.416085
0.415777 0.415777
0.415468 0.415468
0.41516 0.41516
0.414852 0.414852
0.414543 0.414543
0.414235 0.414235
0.413926 0.413926
0.413618 0.413618
0.41331 0.41331
0.413001 0.413001
0.412693 0.412693
0.412384 0.412384
0.412076 0.412076
0.411767 0.411767
0.411459 0.411459
0.411151 0.411151
0.410842 0.410842
0.410534 0.410534
0.410225 0.410225
0.409917 0.409917
0.409609 0.409609
0.4093 0.4093
0.408992 0.408992
0.408683 0.408683
0.408375 0.408375
0.408067 0.408067
0.407758 0.407758
0.40745 0.40745
0.409259 0.409259
0.41176 0.41176
0.41426 0.41426
0.416761 0.416761
0.419261 0.419261
0.421762 0.421762
0.424262 0.424262
0.426762 0.426762
0.429263 0.429263
0.431763 0.431763
0.434264 0.434264
0.436764 0.436764
0.439265 0.439265
0.441765 0.441765
0.444265 0.444265
0.446766 0.446766
0.449266 0.449266
0.451767 0.451767
0.454267 0.454267
0.456768 0.456768
0.459268 0.459268
0.461769 0.461769
0.464269 0.464269
0.466769 0.466769
0.46927 0.46927
0.47177 0.47177
0.474271 0.474271
0.476771 0.476771
0.479272 0.479272
0.481772 0.481772
0.484272 0.484272
0.486773 0.486773
0.489273 0.489273
0.491774 0.491774
0.494274 0.494274
0.496775 0.496775
0.499275 0.499275
0.501775 0.501775
0.504276 0.504276
0.506776 0.506776
0.509277 0.509277
0.511777 0.511777
0.514278 0.514278
0.516778 0.516778
0.519278 0.519278
0.521779 0.521779
0.524279 0.524279
0.52678 0.52678
0.52928 0.52928
0.531781 0.531781
0.534281 0.534281
0.536781 0.536781
0.539282 0.539282
0.541782 0.541782
0.544283 0.544283
0.546783 0.546783
0.549284 0.549284
0.551784 0.551784
0.554284 0.554284
0.556785 0.556785
0.559285 0.559285
0.561786 0.561786
0.564286 0.564286
0.566787 0.566787
0.569287 0.569287
0.571788 0.571788
0.574288 0.574288
0.576788 0.576788
0.579289 0.579289
0.581789 0.581789
0.58429 0.58429
0.58679 0.58679
0.589291 0.589291
0.591791 0.591791
0.594291 0.594291
0.596792 0.596792
0.599292 0.599292
0.601793 0.601793
0.604293 0.604293
0.606795 0.606795
0.604556 0.604556
0.602317 0.602317
0.600077 0.600077
0.597838 0.597838
0.595599 0.595599
0.59336 0.59336
0.591121 0.591121
0.5889 0.5889
0.588915 0.588915
0.588914 0.588914
0.588914 0.588914
0.588914 0.588914
0.588914 0.588914
0.588914 0.588914
0.588914 0.588914
0.588914 0.588914
0.588914 0.588914
0.588914 0.588914
0.588914 0.588914
0.588914 0.588914
0.588914 0.588914
0.588914 0.588914
0.588914 0.588914
0.588914 0.588914
0.588914 0.588914
0.588914 0.588914
0.588914 0.588914
0.588914 0.588914
0.588914 0.588914
0.588914 0.588914
0.588914 0.588914
0.588914 0.588914
0.588914 0.588914
0.588914 0.588914
0.588914 0.588914
0.588914 0.588914
0.588914 0.588914
0.588914 0.588914
0.588914 0.588914
0.588914 0.588914
0.588914 0.588914
0.588914 0.588914
0.588914 0.588914
0.588914 0.588914
0.588914 0.588914
0.588914 0.588914
0.588914 0.588914
0.588914 0.588914
0.588914 0.588914
0.588914 0.588914
0.588914 0.588914
0.588914 0.588914
0.588914 0.588914
0.588914 0.588914
0.588914 0.588914
0.588914 0.588914
0.588914 0.588914
0.588914 0.588914
0.588914 0.588914
0.588914 0.588914
0.588914 0.588914
0.588495 0.588495
0.58751 0.58751
0.587175 0.587175
0.586841 0.586841
0.586507 0.586507
0.586173 0.586173
0.585839 0.585839
0.585504 0.585504
0.58517 0.58517
0.584836 0.584836
0.584502 0.584502
0.584167 0.584167
0.583833 0.583833
0.583499 0.583499
0.583165 0.583165
0.582831 0.582831
0.582496 0.582496
0.582162 0.582162
0.581828 0.581828
0.581494 0.581494
0.581159 0.581159
0.580825 0.580825
0.580491 0.580491
0.580157 0.580157
0.579823 0.579823
0.579488 0.579488
0.579154 0.579154
0.57882 0.57882
0.578486 0.578486
0.578151 0.578151
0.577817 0.577817
0.577483 0.577483
0.577149 0.577149
0.576815 0.576815
0.57648 0.57648
0.576146 0.576146
0.575812 0.575812
0.575478 0.575478
0.575143 0.575143
0.574809 0.574809
0.574475 0.574475
0.574141 0.574141
0.573807 0.573807
0.573472 0.573472
0.573138 0.573138
0.572804 0.572804
0.57247 0.57247
0.572135 0.572135
0.571801 0.571801
0.571467 0.571467
0.571133 0.571133
0.570799 0.570799
0.570464 0.570464
0.57013 0.57013
0.569796 0.569796
0.569462 0.569462
0.569127 0.569127
0.568793 0.568793
0.568459 0.568459
0.568125 0.568125
0.567791 0.567791
0.567456 0.567456
0.567122 0.567122
0.566788 0.566788
0.566454 0.566454
0.566119 0.566119
0.565785 0.565785
0.565451 0.565451
0.565117 0.565117
0.564783 0.564783
0.564448 0.564448
0.564114 0.564114
0.56378 0.56378
0.563446 0.563446
0.563111 0.563111
0.562777 0.562777
0.562443 0.562443
0.562109 0.562109
0.561775 0.561775
0.56144 0.56144
0.561106 0.561106
0.560772 0.560772
0.560438 0.560438
0.560103 0.560103
0.559769 0.559769
0.559435 0.559435
0.559101 0.559101
0.558767 0.558767
0.558432 0.558432
0.558098 0.558098
0.557764 0.557764
0.55743 0.55743
0.557095 0.557095
0.556761 0.556761
0.556427 0.556427
0.556093 0.556093
0.555759 0.555759
0.555424 0.555424
0.55509 0.55509
0.554756 0.554756
0.554422 0.554422
0.554087 0.554087
0.553753 0.553753
0.553419 0.553419
0.553085 0.553085
0.552751 0.552751
0.552416 0.552416
0.552082 0.552082
0.551748 0.551748
0.551414 0.551414
0.551079 0.551079
0.550745 0.550745
0.550411 0.550411
0.550077 0.550077
0.549743 0.549743
0.549408 0.549408
0.549074 0.549074
0.54874 0.54874
0.548356 0.548356
0.546683 0.546683
0.545009 0.545009
0.543335 0.543335
0.541662 0.541662
0.539988 0.539988
0.538314 0.538314
0.536641 0.536641
0.534967 0.534967
0.533293 0.533293
0.53162 0.53162
0.529946 0.529946
0.528272 0.528272
0.526599 0.526599
0.524925 0.524925
0.523251 0.523251
0.521578 0.521578
0.519904 0.519904
0.51823 0.51823
0.516557 0.516557
0.514883 0.514883
0.513209 0.513209
0.511536 0.511536
0.509862 0.509862
0.508188 0.508188
0.506514 0.506514
0.504841 0.504841
0.503167 0.503167
0.501493 0.501493
0.49982 0.49982
0.498146 0.498146
0.496472 0.496472
0.494799 0.494799
0.493125 0.493125
0.491451 0.491451
0.489778 0.489778
0.488104 0.488104
0.48643 0.48643
0.484757 0.484757
0.483083 0.483083
0.481409 0.481409
0.479736 0.479736
0.478062 0.478062
0.476388 0.476388
0.474715 0.474715
0.473041 0.473041
0.471367 0.471367
0.469694 0.469694
0.46802 0.46802
0.466346 0.466346
0.464673 0.464673
0.462999 0.462999
0.461325 0.461325
0.459652 0.459652
0.45926 0.45926
0.458952 0.458952
0.458644 0.458644
0.458337 0.458337
0.458029 0.458029
0.457721 0.457721
0.457413 0.457413
0.457105 0.457105
0.456797 0.456797
0.456489 0.456489
0.456181 0.456181
0.455873 0.455873
0.455565 0.455565
0.455257 0.455257
0.454949 0.454949
0.454641 0.454641
0.454333 0.454333
0.454026 0.454026
0.453718 0.453718
0.45341 0.45341
0.453102 0.453102
0.452794 0.452794
0.452486 0.452486
0.452178 0.452178
0.45187 0.45187
0.451562 0.451562
0.451254 0.451254
0.450946 0.450946
0.450638 0.450638
0.45033 0.45033
0.450022 0.450022
0.449715 0.449715
0.449407 0.449407
0.449099 0.449099
0.448791 0.448791
0.448483 0.448483
0.448175 0.448175
0.447867 0.447867
0.447559 0.447559
0.447251 0.447251
0.446943 0.446943
0.446635 0.446635
0.446327 0.446327
0.446019 0.446019
0.445711 0.445711
0.445404 0.445404
0.445096 0.445096
0.444788 0.444788
0.44448 0.44448
0.444172 0.444172
0.443864 0.443864
0.443556 0.443556
0.443248 0.443248
0.44294 0.44294
0.442632 0.442632
0.442324 0.442324
0.442016 0.442016
0.441708 0.441708
0.4414 0.4414
0.441093 0.441093
0.440785 0.440785
0.440477 0.440477
0.440169 0.440169
0.439861 0.439861
0.439553 0.439553
0.439245 0.439245
0.438937 0.438937
0.438629 0.438629
0.438321 0.438321
0.438013 0.438013
0.437705 0.437705
0.437397 0.437397
0.437089 0.437089
0.436782 0.436782
0.436474 0.436474
0.436166 0.436166
0.435858 0.435858
0.43555 0.43555
0.435242 0.435242
0.434934 0.434934
0.434626 0.434626
0.434318 0.434318
0.43401 0.43401
0.433702 0.433702
0.433394 0.433394
0.433086 0.433086
0.432778 0.432778
0.432471 0.432471
0.432163 0.432163
0.431855 0.431855
0.431547 0.431547
0.431239 0.431239
0.430931 0.430931
0.430623 0.430623
0.430315 0.430315
0.430007 0.430007
0.429699 0.429699
0.429391 0.429391
0.429083 0.429083
0.428775 0.428775
0.428467 0.428467
0.42816 0.42816
0.427852 0.427852
0.427544 0.427544
0.427236 0.427236
0.426928 0.426928
0.42662 0.42662
0.426312 0.426312
0.426004 0.426004
0.425696 0.425696
0.425388 0.425388
0.42508 0.42508
0.424772 0.424772
0.424464 0.424464
0.424156 0.424156
0.423849 0.423849
0.423541 0.423541
0.423233 0.423233
0.422925 0.422925
0.422617 0.422617
0.422309 0.422309
0.422001 0.422001
0.421693 0.421693
0.421385 0.421385
0.421077 0.421077
0.420769 0.420769
0.420461 0.420461
0.420153 0.420153
0.419845 0.419845
0.419538 0.419538
0.41923 0.41923
0.418922 0.418922
0.418614 0.418614
0.418306 0.418306
0.417998 0.417998
0.41769 0.41769
0.417382 0.417382
0.417074 0.417074
0.416766 0.416766
0.416458 0.416458
0.41615 0.41615
0.415842 0.415842
0.415534 0.415534
0.415227 0.415227
0.414919 0.414919
0.414611 0.414611
0.414303 0.414303
0.413995 0.413995
0.413687 0.413687
0.413379 0.413379
0.413071 0.413071
0.412763 0.412763
0.412455 0.412455
0.412147 0.412147
0.411839 0.411839
0.411531 0.411531
0.411223 0.411223
0.410916 0.410916
0.410608 0.410608
0.4103 0.4103
0.409992 0.409992
0.409684 0.409684
0.409376 0.409376
0.409068 0.409068
0.40876 0.40876
0.408452 0.408452
0.408144 0.408144
0.407836 0.407836
0.407528 0.407528
0.409315 0.409315
0.411816 0.411816
0.414316 0.414316
0.416817 0.416817
0.419317 0.419317
0.421818 0.421818
0.424318 0.424318
0.426819 0.426819
0.429319 0.429319
0.431819 0.431819
0.43432 0.43432
0.43682 0.43682
0.439321 0.439321
0.441821 0.441821
0.444322 0.444322
0.446822 0.446822
0.449323 0.449323
0.451823 0.451823
0.454324 0.454324
0.456824 0.456824
0.459325 0.459325
0.461825 0.461825
0.464326 0.464326
0.466826 0.466826
0.469326 0.469326
0.471827 0.471827
0.474327 0.474327
0.476828 0.476828
0.479328 0.479328
0.481829 0.481829
0.484329 0.484329
0.48683 0.48683
0.48933 0.48933
0.491831 0.491831
0.494331 0.494331
0.496832 0.496832
0.499332 0.499332
0.501833 0.501833
0.504333 0.504333
0.506833 0.506833
0.509334 0.509334
0.511834 0.511834
0.514335 0.514335
0.516835 0.516835
0.519336 0.519336
0.521836 0.521836
0.524337 0.524337
0.526837 0.526837
0.529338 0.529338
0.531838 0.531838
0.534339 0.534339
0.536839 0.536839
0.53934 0.53934
0.54184 0.54184
0.54434 0.54434
0.546841 0.546841
0.549341 0.549341
0.551842 0.551842
0.554342 0.554342
0.556843 0.556843
0.559343 0.559343
0.561844 0.561844
0.564344 0.564344
0.566845 0.566845
0.569345 0.569345
0.571846 0.571846
0.574346 0.574346
0.576846 0.576846
0.579347 0.579347
0.581847 0.581847
0.584348 0.584348
0.586848 0.586848
0.589349 0.589349
0.591849 0.591849
0.59435 0.59435
0.59685 0.59685
0.599351 0.599351
0.601851 0.601851
0.604352 0.604352
0.606852 0.606852
0.604613 0.604613
0.602374 0.602374
0.600135 0.600135
0.597895 0.597895
0.595656 0.595656
0.593417 0.593417
0.591178 0.591178
0.588955 0.588955
0.588969 0.588969
0.588968 0.588968
0.588968 0.588968
0.588968 0.588968
0.588968 0.588968
0.588968 0.588968
0.588968 0.588968
0.588968 0.588968
0.588968 0.588968
0.588968 0.588968
0.588968 0.588968
0.588968 0.588968
0.588968 0.588968
0.588968 0.588968
0.588968 0.588968
0.588968 0.588968
0.588968 0.588968
0.588968 0.588968
0.588968 0.588968
0.588968 0.588968
0.588968 0.588968
0.588968 0.588968
0.588968 0.588968
0.588968 0.588968
0.588968 0.588968
0.588968 0.588968
0.588968 0.588968
0.588968 0.588968
0.588968 0.588968
0.588968 0.588968
0.588968 0.588968
0.588968 0.588968
0.588968 0.588968
0.588968 0.588968
0.588968 0.588968
0.588968 0.588968
0.588968 0.588968
0.588968 0.588968
0.588968 0.588968
0.588968 0.588968
0.588968 0.588968
0.588968 0.588968
0.588968 0.588968
0.588968 0.588968
0.588968 0.588968
0.588968 0.588968
0.588968 0.588968
0.588968 0.588968
0.588968 0.588968
0.588968 0.588968
0.588968 0.588968
0.588968 0.588968
0.588968 0.588968
0.588549 0.588549
0.587564 0.587564
0.587229 0.587229
0.586895 0.586895
0.58656 0.58656
0.586226 0.586226
0.585891 0.585891
0.585557 0.585557
0.585223 0.585223
0.584888 0.584888
0.584554 0.584554
0.584219 0.584219
0.583885 0.583885
0.583551 0.583551
0.583216 0.583216
0.582882 0.582882
0.582547 0.582547
0.582213 0.582213
0.581879 0.581879
0.581544 0.581544
0.58121 0.58121
0.580875 0.580875
0.580541 0.580541
0.580207 0.580207
0.579872 0.579872
0.579538 0.579538
0.579203 0.579203
0.578869 0.578869
0.578535 0.578535
0.5782 0.5782
0.577866 0.577866
0.577531 0.577531
0.577197 0.577197
0.576862 0.576862
0.576528 0.576528
0.576194 0.576194
0.575859 0.575859
0.575525 0.575525
0.57519 0.57519
0.574856 0.574856
0.574522 0.574522
0.574187 0.574187
0.573853 0.573853
0.573518 0.573518
0.573184 0.573184
0.57285 0.57285
0.572515 0.572515
0.572181 0.572181
0.571846 0.571846
0.571512 0.571512
0.571178 0.571178
0.570843 0.570843
0.570509 0.570509
0.570174 0.570174
0.56984 0.56984
0.569505 0.569505
0.569171 0.569171
0.568837 0.568837
0.568502 0.568502
0.568168 0.568168
0.567833 0.567833
0.567499 0.567499
0.567165 0.567165
0.56683 0.56683
0.566496 0.566496
0.566161 0.566161
0.565827 0.565827
0.565493 0.565493
0.565158 0.565158
0.564824 0.564824
0.564489 0.564489
0.564155 0.564155
0.563821 0.563821
0.563486 0.563486
0.563152 0.563152
0.562817 0.562817
0.562483 0.562483
0.562149 0.562149
0.561814 0.561814
0.56148 0.56148
0.561145 0.561145
0.560811 0.560811
0.560476 0.560476
0.560142 0.560142
0.559808 0.559808
0.559473 0.559473
0.559139 0.559139
0.558804 0.558804
0.55847 0.55847
0.558136 0.558136
0.557801 0.557801
0.557467 0.557467
0.557132 0.557132
0.556798 0.556798
0.556464 0.556464
0.556129 0.556129
0.555795 0.555795
0.55546 0.55546
0.555126 0.555126
0.554792 0.554792
0.554457 0.554457
0.554123 0.554123
0.553788 0.553788
0.553454 0.553454
0.55312 0.55312
0.552785 0.552785
0.552451 0.552451
0.552116 0.552116
0.551782 0.551782
0.551447 0.551447
0.551113 0.551113
0.550779 0.550779
0.550444 0.550444
0.55011 0.55011
0.549775 0.549775
0.549441 0.549441
0.549107 0.549107
0.548772 0.548772
0.548385 0.548385
0.546711 0.546711
0.545038 0.545038
0.543364 0.543364
0.54169 0.54169
0.540016 0.540016
0.538342 0.538342
0.536669 0.536669
0.534995 0.534995
0.533321 0.533321
0.531647 0.531647
0.529974 0.529974
0.5283 0.5283
0.526626 0.526626
0.524952 0.524952
0.523279 0.523279
0.521605 0.521605
0.519931 0.519931
0.518257 0.518257
0.516583 0.516583
0.51491 0.51491
0.513236 0.513236
0.511562 0.511562
0.509888 0.509888
0.508215 0.508215
0.506541 0.506541
0.504867 0.504867
0.503193 0.503193
0.501519 0.501519
0.499846 0.499846
0.498172 0.498172
0.496498 0.496498
0.494824 0.494824
0.493151 0.493151
0.491477 0.491477
0.489803 0.489803
0.488129 0.488129
0.486455 0.486455
0.484782 0.484782
0.483108 0.483108
0.481434 0.481434
0.47976 0.47976
0.478087 0.478087
0.476413 0.476413
0.474739 0.474739
0.473065 0.473065
0.471391 0.471391
0.469718 0.469718
0.468044 0.468044
0.46637 0.46637
0.464696 0.464696
0.463023 0.463023
0.461349 0.461349
0.459675 0.459675
0.459289 0.459289
0.458981 0.458981
0.458673 0.458673
0.458365 0.458365
0.458057 0.458057
0.457748 0.457748
0.45744 0.45744
0.457132 0.457132
0.456824 0.456824
