1.1.0.0225              0.00000000000000000000 0.09    Newton...              0.02250000000000000264              0.02250000000000000264 0
1.2.0.0225              0.02250000000000000264 0.09    Newton...              0.04499999999999999833              0.04499999999999999833 0
1.3.0.0225              0.04499999999999999833 0.09    Newton...              0.06750000000000000444              0.06750000000000000444 0
1.4.0.0225              0.06750000000000000444 0.09    Newton...              0.08999999999999999667              0.08999999999999999667 0
2.1.-0.0225              0.08999999999999999667 -0.09    Newton...              0.06750000000000000444              0.06750000000000000444 0
2.2.-0.0225              0.06750000000000000444 -0.09    Newton...              0.04500000000000000527              0.04500000000000000527 0
2.3.-0.0225              0.04500000000000000527 -0.09    Newton...              0.02250000000000000611              0.02250000000000000611 0
2.4.-0.0225              0.02250000000000000611 -0.09    Newton...              0.00000000000000000694              0.00000000000000000694 0
2.5.-0.0225              0.00000000000000000694 -0.09    Newton...             -0.02249999999999998876             -0.02249999999999998876 0
2.6.-0.0225             -0.02249999999999998876 -0.09    Newton...             -0.04499999999999998446             -0.04499999999999998446 0
2.7.-0.0225             -0.04499999999999998446 -0.09    Newton...             -0.06749999999999999056             -0.06749999999999999056 0
2.8.-0.0225             -0.06749999999999999056 -0.09    Newton...             -0.08999999999999999667             -0.08999999999999999667 0
3.1.0.0225             -0.08999999999999999667 0.09    Newton...             -0.06750000000000000444             -0.06750000000000000444 0
3.2.0.0225             -0.06750000000000000444 0.09    Newton...             -0.04500000000000000527             -0.04500000000000000527 0
3.3.0.0225             -0.04500000000000000527 0.09    Newton...             -0.02250000000000000611             -0.02250000000000000611 0
3.4.0.0225             -0.02250000000000000611 0.09    Newton...             -0.00000000000000000694             -0.00000000000000000694 0
3.5.0.0225             -0.00000000000000000694 0.09    Newton...              0.02249999999999999223              0.02249999999999999223 0
3.6.0.0225              0.02249999999999999223 0.09    Newton...              0.04499999999999999833              0.04499999999999999833 0
3.7.0.0225              0.04499999999999999833 0.09    Newton...              0.06750000000000000444              0.06750000000000000444 0
3.8.0.0225              0.06750000000000000444 0.09    Newton...              0.08999999999999999667              0.08999999999999999667 0
4.1.-0.0225              0.08999999999999999667 -0.09    Newton...              0.06750000000000000444              0.06750000000000000444 0
4.2.-0.0225              0.06750000000000000444 -0.09    Newton...              0.04500000000000000527              0.04500000000000000527 0
4.3.-0.0225              0.04500000000000000527 -0.09    Newton...              0.02250000000000000611              0.02250000000000000611 0
4.4.-0.0225              0.02250000000000000611 -0.09    Newton...              0.00000000000000000694              0.00000000000000000694 0
4.5.-0.0225              0.00000000000000000694 -0.09    Newton...             -0.02249999999999998876             -0.02249999999999998876 0
4.6.-0.0225             -0.02249999999999998876 -0.09    Newton...             -0.04499999999999998446             -0.04499999999999998446 0
4.7.-0.0225             -0.04499999999999998446 -0.09    Newton...             -0.06749999999999999056             -0.06749999999999999056 0
4.8.-0.0225             -0.06749999999999999056 -0.09    Newton...             -0.08999999999999999667             -0.08999999999999999667 0
5.1.0.0225             -0.08999999999999999667 0.135    Newton...             -0.06750000000000000444             -0.06750000000000000444 0
5.2.0.0225             -0.06750000000000000444 0.135    Newton...             -0.04500000000000000527             -0.04500000000000000527 0
5.3.0.0225             -0.04500000000000000527 0.135    Newton...             -0.02250000000000000611             -0.02250000000000000611 0
5.4.0.0225             -0.02250000000000000611 0.135    Newton...             -0.00000000000000000694             -0.00000000000000000694 0
5.5.0.0225             -0.00000000000000000694 0.135    Newton...              0.02249999999999999223              0.02249999999999999223 0
5.6.0.0225              0.02249999999999999223 0.135    Newton...              0.04499999999999999833              0.04499999999999999833 0
5.7.0.0225              0.04499999999999999833 0.135    Newton...              0.06750000000000000444              0.06750000000000000444 0
5.8.0.0225              0.06750000000000000444 0.135    Newton...              0.08999999999999999667              0.08999999999999999667 0
5.9.0.0225              0.08999999999999999667 0.135    Newton...              0.11249999999999998890              0.11249999999999998890 0
5.10.0.0225              0.11249999999999998890 0.135    Newton...              0.13499999999999998113              0.13499999999999998113 0
5.11.0.0225              0.13499999999999998113 0.135    Newton...              0.15749999999999997335              0.15749999999999997335 0
6.1.-0.0225              0.15749999999999997335 -0.135    Newton...              0.13499999999999998113              0.13499999999999998113 0
6.2.-0.0225              0.13499999999999998113 -0.135    Newton...              0.11249999999999998890              0.11249999999999998890 0
6.3.-0.0225              0.11249999999999998890 -0.135    Newton...              0.08999999999999999667              0.08999999999999999667 0
6.4.-0.0225              0.08999999999999999667 -0.135    Newton...              0.06750000000000000444              0.06750000000000000444 0
6.5.-0.0225              0.06750000000000000444 -0.135    Newton...              0.04500000000000000527              0.04500000000000000527 0
6.6.-0.0225              0.04500000000000000527 -0.135    Newton...              0.02250000000000000611              0.02250000000000000611 0
6.7.-0.0225              0.02250000000000000611 -0.135    Newton...              0.00000000000000000694              0.00000000000000000694 0
6.8.-0.0225              0.00000000000000000694 -0.135    Newton...             -0.02249999999999999223             -0.02249999999999999223 0
6.9.-0.0225             -0.02249999999999999223 -0.135    Newton...             -0.04499999999999999833             -0.04499999999999999833 0
6.10.-0.0225             -0.04499999999999999833 -0.135    Newton...             -0.06750000000000000444             -0.06750000000000000444 0
6.11.-0.0225             -0.06750000000000000444 -0.135    Newton...             -0.08999999999999999667             -0.08999999999999999667 0
6.12.-0.0225             -0.08999999999999999667 -0.135    Newton...             -0.11249999999999998890             -0.11249999999999998890 0
6.13.-0.0225             -0.11249999999999998890 -0.135    Newton...             -0.13499999999999998113             -0.13499999999999998113 0
6.14.-0.0225             -0.13499999999999998113 -0.135    Newton...             -0.15749999999999997335             -0.15749999999999997335 0
7.1.0.0225             -0.15749999999999997335 0.135    Newton...             -0.13499999999999998113             -0.13499999999999998113 0
7.2.0.0225             -0.13499999999999998113 0.135    Newton...             -0.11249999999999998890             -0.11249999999999998890 0
7.3.0.0225             -0.11249999999999998890 0.135    Newton...             -0.08999999999999999667             -0.08999999999999999667 0
7.4.0.0225             -0.08999999999999999667 0.135    Newton...             -0.06750000000000000444             -0.06750000000000000444 0
7.5.0.0225             -0.06750000000000000444 0.135    Newton...             -0.04500000000000000527             -0.04500000000000000527 0
7.6.0.0225             -0.04500000000000000527 0.135    Newton...             -0.02250000000000000611             -0.02250000000000000611 0
7.7.0.0225             -0.02250000000000000611 0.135    Newton...             -0.00000000000000000694             -0.00000000000000000694 0
7.8.0.0225             -0.00000000000000000694 0.135    Newton...              0.02249999999999999570              0.02249999999999999570 0
7.9.0.0225              0.02249999999999999570 0.135    Newton...              0.04499999999999999833              0.04499999999999999833 0
7.10.0.0225              0.04499999999999999833 0.135    Newton...              0.06750000000000000444              0.06750000000000000444 0
7.11.0.0225              0.06750000000000000444 0.135    Newton...              0.08999999999999999667              0.08999999999999999667 0
7.12.0.0225              0.08999999999999999667 0.135    Newton...              0.11249999999999998890              0.11249999999999998890 0
7.13.0.0225              0.11249999999999998890 0.135    Newton...              0.13499999999999998113              0.13499999999999998113 0
7.14.0.0225              0.13499999999999998113 0.135    Newton...              0.15749999999999997335              0.15749999999999997335 0
8.1.-0.0225              0.15749999999999997335 -0.135    Newton...              0.13499999999999998113              0.13499999999999998113 0
8.2.-0.0225              0.13499999999999998113 -0.135    Newton...              0.11249999999999998890              0.11249999999999998890 0
8.3.-0.0225              0.11249999999999998890 -0.135    Newton...              0.08999999999999999667              0.08999999999999999667 0
8.4.-0.0225              0.08999999999999999667 -0.135    Newton...              0.06750000000000000444              0.06750000000000000444 0
8.5.-0.0225              0.06750000000000000444 -0.135    Newton...              0.04500000000000000527              0.04500000000000000527 0
8.6.-0.0225              0.04500000000000000527 -0.135    Newton...              0.02250000000000000611              0.02250000000000000611 0
8.7.-0.0225              0.02250000000000000611 -0.135    Newton...              0.00000000000000000694              0.00000000000000000694 0
8.8.-0.0225              0.00000000000000000694 -0.135    Newton...             -0.02249999999999999223             -0.02249999999999999223 0
8.9.-0.0225             -0.02249999999999999223 -0.135    Newton...             -0.04499999999999999833             -0.04499999999999999833 0
8.10.-0.0225             -0.04499999999999999833 -0.135    Newton...             -0.06750000000000000444             -0.06750000000000000444 0
8.11.-0.0225             -0.06750000000000000444 -0.135    Newton...             -0.08999999999999999667             -0.08999999999999999667 0
8.12.-0.0225             -0.08999999999999999667 -0.135    Newton...             -0.11249999999999998890             -0.11249999999999998890 0
8.13.-0.0225             -0.11249999999999998890 -0.135    Newton...             -0.13499999999999998113             -0.13499999999999998113 0
8.14.-0.0225             -0.13499999999999998113 -0.135    Newton...             -0.15749999999999997335             -0.15749999999999997335 0
9.1.0.0225             -0.15749999999999997335 0.225    Newton...             -0.13499999999999998113             -0.13499999999999998113 0
9.2.0.0225             -0.13499999999999998113 0.225    Newton...             -0.11249999999999998890             -0.11249999999999998890 0
9.3.0.0225             -0.11249999999999998890 0.225    Newton...             -0.08999999999999999667             -0.08999999999999999667 0
9.4.0.0225             -0.08999999999999999667 0.225    Newton...             -0.06750000000000000444             -0.06750000000000000444 0
9.5.0.0225             -0.06750000000000000444 0.225    Newton...             -0.04500000000000000527             -0.04500000000000000527 0
9.6.0.0225             -0.04500000000000000527 0.225    Newton...             -0.02250000000000000611             -0.02250000000000000611 0
9.7.0.0225             -0.02250000000000000611 0.225    Newton...             -0.00000000000000000694             -0.00000000000000000694 0
9.8.0.0225             -0.00000000000000000694 0.225    Newton...              0.02249999999999999570              0.02249999999999999570 0
9.9.0.0225              0.02249999999999999570 0.225    Newton...              0.04499999999999999833              0.04499999999999999833 0
9.10.0.0225              0.04499999999999999833 0.225    Newton...              0.06750000000000000444              0.06750000000000000444 0
9.11.0.0225              0.06750000000000000444 0.225    Newton...              0.08999999999999999667              0.08999999999999999667 0
9.12.0.0225              0.08999999999999999667 0.225    Newton...              0.11249999999999998890              0.11249999999999998890 0
9.13.0.0225              0.11249999999999998890 0.225    Newton...              0.13499999999999998113              0.13499999999999998113 0
9.14.0.0225              0.13499999999999998113 0.225    Newton...              0.15749999999999997335              0.15749999999999997335 0
9.15.0.0225              0.15749999999999997335 0.225    Newton...              0.17999999999999996558              0.17999999999999996558 0
9.16.0.0225              0.17999999999999996558 0.225    Newton...              0.20249999999999995781              0.20249999999999995781 0
9.17.0.0225              0.20249999999999995781 0.225    Newton...              0.22499999999999995004              0.22499999999999995004 0
9.18.0.0225              0.22499999999999995004 0.225    Newton...              0.24749999999999994227              0.24749999999999994227 0
10.1.-0.0225              0.24749999999999994227 -0.225    Newton...              0.22499999999999995004              0.22499999999999995004 0
10.2.-0.0225              0.22499999999999995004 -0.225    Newton...              0.20249999999999995781              0.20249999999999995781 0
10.3.-0.0225              0.20249999999999995781 -0.225    Newton...              0.17999999999999996558              0.17999999999999996558 0
10.4.-0.0225              0.17999999999999996558 -0.225    Newton...              0.15749999999999997335              0.15749999999999997335 0
10.5.-0.0225              0.15749999999999997335 -0.225    Newton...              0.13499999999999998113              0.13499999999999998113 0
10.6.-0.0225              0.13499999999999998113 -0.225    Newton...              0.11249999999999998890              0.11249999999999998890 0
10.7.-0.0225              0.11249999999999998890 -0.225    Newton...              0.08999999999999999667              0.08999999999999999667 0
10.8.-0.0225              0.08999999999999999667 -0.225    Newton...              0.06750000000000000444              0.06750000000000000444 0
10.9.-0.0225              0.06750000000000000444 -0.225    Newton...              0.04500000000000000527              0.04500000000000000527 0
10.10.-0.0225              0.04500000000000000527 -0.225    Newton...              0.02250000000000000611              0.02250000000000000611 0
10.11.-0.0225              0.02250000000000000611 -0.225    Newton...              0.00000000000000000694              0.00000000000000000694 0
10.12.-0.0225              0.00000000000000000694 -0.225    Newton...             -0.02249999999999999223             -0.02249999999999999223 0
10.13.-0.0225             -0.02249999999999999223 -0.225    Newton...             -0.04499999999999999833             -0.04499999999999999833 0
10.14.-0.0225             -0.04499999999999999833 -0.225    Newton...             -0.06750000000000000444             -0.06750000000000000444 0
10.15.-0.0225             -0.06750000000000000444 -0.225    Newton...             -0.08999999999999999667             -0.08999999999999999667 0
10.16.-0.0225             -0.08999999999999999667 -0.225    Newton...             -0.11249999999999998890             -0.11249999999999998890 0
10.17.-0.0225             -0.11249999999999998890 -0.225    Newton...             -0.13499999999999998113             -0.13499999999999998113 0
10.18.-0.0225             -0.13499999999999998113 -0.225    Newton...             -0.15749999999999997335             -0.15749999999999997335 0
10.19.-0.0225             -0.15749999999999997335 -0.225    Newton...             -0.17999999999999996558             -0.17999999999999996558 0
10.20.-0.0225             -0.17999999999999996558 -0.225    Newton...             -0.20249999999999995781             -0.20249999999999995781 0
10.21.-0.0225             -0.20249999999999995781 -0.225    Newton...             -0.22499999999999995004             -0.22499999999999995004 0
10.22.-0.0225             -0.22499999999999995004 -0.225    Newton...             -0.24749999999999994227             -0.24749999999999994227 0
11.1.0.0225             -0.24749999999999994227 0.225    Newton...             -0.22499999999999995004             -0.22499999999999995004 0
11.2.0.0225             -0.22499999999999995004 0.225    Newton...             -0.20249999999999995781             -0.20249999999999995781 0
11.3.0.0225             -0.20249999999999995781 0.225    Newton...             -0.17999999999999996558             -0.17999999999999996558 0
11.4.0.0225             -0.17999999999999996558 0.225    Newton...             -0.15749999999999997335             -0.15749999999999997335 0
11.5.0.0225             -0.15749999999999997335 0.225    Newton...             -0.13499999999999998113             -0.13499999999999998113 0
11.6.0.0225             -0.13499999999999998113 0.225    Newton...             -0.11249999999999998890             -0.11249999999999998890 0
11.7.0.0225             -0.11249999999999998890 0.225    Newton...             -0.08999999999999999667             -0.08999999999999999667 0
11.8.0.0225             -0.08999999999999999667 0.225    Newton...             -0.06750000000000000444             -0.06750000000000000444 0
11.9.0.0225             -0.06750000000000000444 0.225    Newton...             -0.04500000000000000527             -0.04500000000000000527 0
11.10.0.0225             -0.04500000000000000527 0.225    Newton...             -0.02250000000000000611             -0.02250000000000000611 0
11.11.0.0225             -0.02250000000000000611 0.225    Newton...             -0.00000000000000001041             -0.00000000000000001041 0
11.12.0.0225             -0.00000000000000001041 0.225    Newton...              0.02249999999999998876              0.02249999999999998876 0
11.13.0.0225              0.02249999999999998876 0.225    Newton...              0.04499999999999998446              0.04499999999999998446 0
11.14.0.0225              0.04499999999999998446 0.225    Newton...              0.06749999999999997669              0.06749999999999997669 0
11.15.0.0225              0.06749999999999997669 0.225    Newton...              0.08999999999999996891              0.08999999999999996891 0
11.16.0.0225              0.08999999999999996891 0.225    Newton...              0.11249999999999997502              0.11249999999999997502 0
11.17.0.0225              0.11249999999999997502 0.225    Newton...              0.13499999999999998113              0.13499999999999998113 0
11.18.0.0225              0.13499999999999998113 0.225    Newton...              0.15749999999999997335              0.15749999999999997335 0
11.19.0.0225              0.15749999999999997335 0.225    Newton...              0.17999999999999996558              0.17999999999999996558 0
11.20.0.0225              0.17999999999999996558 0.225    Newton...              0.20249999999999995781              0.20249999999999995781 0
11.21.0.0225              0.20249999999999995781 0.225    Newton...              0.22499999999999995004              0.22499999999999995004 0
11.22.0.0225              0.22499999999999995004 0.225    Newton...              0.24749999999999994227              0.24749999999999994227 0
12.1.-0.0225              0.24749999999999994227 -0.225    Newton...              0.22499999999999995004              0.22499999999999995004 0
12.2.-0.0225              0.22499999999999995004 -0.225    Newton...              0.20249999999999995781              0.20249999999999995781 0
12.3.-0.0225              0.20249999999999995781 -0.225    Newton...              0.17999999999999996558              0.17999999999999996558 0
12.4.-0.0225              0.17999999999999996558 -0.225    Newton...              0.15749999999999997335              0.15749999999999997335 0
12.5.-0.0225              0.15749999999999997335 -0.225    Newton...              0.13499999999999998113              0.13499999999999998113 0
12.6.-0.0225              0.13499999999999998113 -0.225    Newton...              0.11249999999999998890              0.11249999999999998890 0
12.7.-0.0225              0.11249999999999998890 -0.225    Newton...              0.08999999999999998279              0.08999999999999998279 0
12.8.-0.0225              0.08999999999999998279 -0.225    Newton...              0.06749999999999997669              0.06749999999999997669 0
12.9.-0.0225              0.06749999999999997669 -0.225    Newton...              0.04499999999999997752              0.04499999999999997752 0
12.10.-0.0225              0.04499999999999997752 -0.225    Newton...              0.02249999999999997835              0.02249999999999997835 0
12.11.-0.0225              0.02249999999999997835 -0.225    Newton...             -0.00000000000000001735             -0.00000000000000001735 0
12.12.-0.0225             -0.00000000000000001735 -0.225    Newton...             -0.02250000000000001651             -0.02250000000000001651 0
12.13.-0.0225             -0.02250000000000001651 -0.225    Newton...             -0.04500000000000001221             -0.04500000000000001221 0
12.14.-0.0225             -0.04500000000000001221 -0.225    Newton...             -0.06750000000000000444             -0.06750000000000000444 0
12.15.-0.0225             -0.06750000000000000444 -0.225    Newton...             -0.08999999999999999667             -0.08999999999999999667 0
12.16.-0.0225             -0.08999999999999999667 -0.225    Newton...             -0.11249999999999998890             -0.11249999999999998890 0
12.17.-0.0225             -0.11249999999999998890 -0.225    Newton...             -0.13499999999999998113             -0.13499999999999998113 0
12.18.-0.0225             -0.13499999999999998113 -0.225    Newton...             -0.15749999999999997335             -0.15749999999999997335 0
12.19.-0.0225             -0.15749999999999997335 -0.225    Newton...             -0.17999999999999996558             -0.17999999999999996558 0
12.20.-0.0225             -0.17999999999999996558 -0.225    Newton...             -0.20249999999999995781             -0.20249999999999995781 0
12.21.-0.0225             -0.20249999999999995781 -0.225    Newton...             -0.22499999999999995004             -0.22499999999999995004 0
12.22.-0.0225             -0.22499999999999995004 -0.225    Newton...             -0.24749999999999994227             -0.24749999999999994227 0
13.1.0.0225             -0.24749999999999994227 0.33749999999999997    Newton...             -0.22499999999999995004             -0.22499999999999995004 0
13.2.0.0225             -0.22499999999999995004 0.33749999999999997    Newton...             -0.20249999999999995781             -0.20249999999999995781 0
13.3.0.0225             -0.20249999999999995781 0.33749999999999997    Newton...             -0.17999999999999996558             -0.17999999999999996558 0
13.4.0.0225             -0.17999999999999996558 0.33749999999999997    Newton...             -0.15749999999999997335             -0.15749999999999997335 0
13.5.0.0225             -0.15749999999999997335 0.33749999999999997    Newton...             -0.13499999999999998113             -0.13499999999999998113 0
13.6.0.0225             -0.13499999999999998113 0.33749999999999997    Newton...             -0.11249999999999998890             -0.11249999999999998890 0
13.7.0.0225             -0.11249999999999998890 0.33749999999999997    Newton...             -0.08999999999999999667             -0.08999999999999999667 0
13.8.0.0225             -0.08999999999999999667 0.33749999999999997    Newton...             -0.06750000000000000444             -0.06750000000000000444 0
13.9.0.0225             -0.06750000000000000444 0.33749999999999997    Newton...             -0.04500000000000000527             -0.04500000000000000527 0
13.10.0.0225             -0.04500000000000000527 0.33749999999999997    Newton...             -0.02250000000000000611             -0.02250000000000000611 0
13.11.0.0225             -0.02250000000000000611 0.33749999999999997    Newton...             -0.00000000000000001041             -0.00000000000000001041 0
13.12.0.0225             -0.00000000000000001041 0.33749999999999997    Newton...              0.02249999999999998876              0.02249999999999998876 0
13.13.0.0225              0.02249999999999998876 0.33749999999999997    Newton...              0.04499999999999998446              0.04499999999999998446 0
13.14.0.0225              0.04499999999999998446 0.33749999999999997    Newton...              0.06749999999999997669              0.06749999999999997669 0
13.15.0.0225              0.06749999999999997669 0.33749999999999997    Newton...              0.08999999999999996891              0.08999999999999996891 0
13.16.0.0225              0.08999999999999996891 0.33749999999999997    Newton...              0.11249999999999997502              0.11249999999999997502 0
13.17.0.0225              0.11249999999999997502 0.33749999999999997    Newton...              0.13499999999999998113              0.13499999999999998113 0
13.18.0.0225              0.13499999999999998113 0.33749999999999997    Newton...              0.15749999999999997335              0.15749999999999997335 0
13.19.0.0225              0.15749999999999997335 0.33749999999999997    Newton...              0.17999999999999996558              0.17999999999999996558 0
13.20.0.0225              0.17999999999999996558 0.33749999999999997    Newton...              0.20249999999999995781              0.20249999999999995781 0
13.21.0.0225              0.20249999999999995781 0.33749999999999997    Newton...              0.22499999999999995004              0.22499999999999995004 0
13.22.0.0225              0.22499999999999995004 0.33749999999999997    Newton...              0.24749999999999994227              0.24749999999999994227 0
13.23.0.0225              0.24749999999999994227 0.33749999999999997    Newton...              0.26999999999999996225              0.26999999999999996225 0
13.24.0.0225              0.26999999999999996225 0.33749999999999997    Newton...              0.29249999999999998224              0.29249999999999998224 0
13.25.0.0225              0.29249999999999998224 0.33749999999999997    Newton...              0.31500000000000000222              0.31500000000000000222 0
13.26.0.0225              0.31500000000000000222 0.33749999999999997    Newton...              0.33750000000000002220              0.33750000000000002220 0
14.1.-0.0225              0.33750000000000002220 -0.33749999999999997    Newton...              0.31500000000000000222              0.31500000000000000222 0
14.2.-0.0225              0.31500000000000000222 -0.33749999999999997    Newton...              0.29249999999999998224              0.29249999999999998224 0
14.3.-0.0225              0.29249999999999998224 -0.33749999999999997    Newton...              0.26999999999999996225              0.26999999999999996225 0
14.4.-0.0225              0.26999999999999996225 -0.33749999999999997    Newton...              0.24749999999999997002              0.24749999999999997002 0
14.5.-0.0225              0.24749999999999997002 -0.33749999999999997    Newton...              0.22499999999999997780              0.22499999999999997780 0
14.6.-0.0225              0.22499999999999997780 -0.33749999999999997    Newton...              0.20249999999999998557              0.20249999999999998557 0
14.7.-0.0225              0.20249999999999998557 -0.33749999999999997    Newton...              0.17999999999999999334              0.17999999999999999334 0
14.8.-0.0225              0.17999999999999999334 -0.33749999999999997    Newton...              0.15750000000000000111              0.15750000000000000111 0
14.9.-0.0225              0.15750000000000000111 -0.33749999999999997    Newton...              0.13500000000000000888              0.13500000000000000888 0
14.10.-0.0225              0.13500000000000000888 -0.33749999999999997    Newton...              0.11250000000000001665              0.11250000000000001665 0
14.11.-0.0225              0.11250000000000001665 -0.33749999999999997    Newton...              0.09000000000000002442              0.09000000000000002442 0
14.12.-0.0225              0.09000000000000002442 -0.33749999999999997    Newton...              0.06750000000000003220              0.06750000000000003220 0
14.13.-0.0225              0.06750000000000003220 -0.33749999999999997    Newton...              0.04500000000000002609              0.04500000000000002609 0
14.14.-0.0225              0.04500000000000002609 -0.33749999999999997    Newton...              0.02250000000000002692              0.02250000000000002692 0
14.15.-0.0225              0.02250000000000002692 -0.33749999999999997    Newton...              0.00000000000000002776              0.00000000000000002776 0
14.16.-0.0225              0.00000000000000002776 -0.33749999999999997    Newton...             -0.02249999999999997488             -0.02249999999999997488 0
14.17.-0.0225             -0.02249999999999997488 -0.33749999999999997    Newton...             -0.04499999999999997752             -0.04499999999999997752 0
14.18.-0.0225             -0.04499999999999997752 -0.33749999999999997    Newton...             -0.06749999999999997669             -0.06749999999999997669 0
14.19.-0.0225             -0.06749999999999997669 -0.33749999999999997    Newton...             -0.08999999999999996891             -0.08999999999999996891 0
14.20.-0.0225             -0.08999999999999996891 -0.33749999999999997    Newton...             -0.11249999999999996114             -0.11249999999999996114 0
14.21.-0.0225             -0.11249999999999996114 -0.33749999999999997    Newton...             -0.13499999999999995337             -0.13499999999999995337 0
14.22.-0.0225             -0.13499999999999995337 -0.33749999999999997    Newton...             -0.15749999999999994560             -0.15749999999999994560 0
14.23.-0.0225             -0.15749999999999994560 -0.33749999999999997    Newton...             -0.17999999999999993783             -0.17999999999999993783 0
14.24.-0.0225             -0.17999999999999993783 -0.33749999999999997    Newton...             -0.20249999999999993006             -0.20249999999999993006 0
14.25.-0.0225             -0.20249999999999993006 -0.33749999999999997    Newton...             -0.22499999999999992228             -0.22499999999999992228 0
14.26.-0.0225             -0.22499999999999992228 -0.33749999999999997    Newton...             -0.24749999999999991451             -0.24749999999999991451 0
14.27.-0.0225             -0.24749999999999991451 -0.33749999999999997    Newton...             -0.26999999999999990674             -0.26999999999999990674 0
14.28.-0.0225             -0.26999999999999990674 -0.33749999999999997    Newton...             -0.29249999999999992673             -0.29249999999999992673 0
14.29.-0.0225             -0.29249999999999992673 -0.33749999999999997    Newton...             -0.31499999999999994671             -0.31499999999999994671 0
14.30.-0.0225             -0.31499999999999994671 -0.33749999999999997    Newton...             -0.33749999999999996669             -0.33749999999999996669 0
15.1.0.0225             -0.33749999999999996669 0.33749999999999997    Newton...             -0.31499999999999994671             -0.31499999999999994671 0
15.2.0.0225             -0.31499999999999994671 0.33749999999999997    Newton...             -0.29249999999999992673             -0.29249999999999992673 0
15.3.0.0225             -0.29249999999999992673 0.33749999999999997    Newton...             -0.26999999999999990674             -0.26999999999999990674 0
15.4.0.0225             -0.26999999999999990674 0.33749999999999997    Newton...             -0.24749999999999991451             -0.24749999999999991451 0
15.5.0.0225             -0.24749999999999991451 0.33749999999999997    Newton...             -0.22499999999999992228             -0.22499999999999992228 0
15.6.0.0225             -0.22499999999999992228 0.33749999999999997    Newton...             -0.20249999999999993006             -0.20249999999999993006 0
15.7.0.0225             -0.20249999999999993006 0.33749999999999997    Newton...             -0.17999999999999993783             -0.17999999999999993783 0
15.8.0.0225             -0.17999999999999993783 0.33749999999999997    Newton...             -0.15749999999999994560             -0.15749999999999994560 0
15.9.0.0225             -0.15749999999999994560 0.33749999999999997    Newton...             -0.13499999999999995337             -0.13499999999999995337 0
15.10.0.0225             -0.13499999999999995337 0.33749999999999997    Newton...             -0.11249999999999994726             -0.11249999999999994726 0
15.11.0.0225             -0.11249999999999994726 0.33749999999999997    Newton...             -0.08999999999999994116             -0.08999999999999994116 0
15.12.0.0225             -0.08999999999999994116 0.33749999999999997    Newton...             -0.06749999999999994893             -0.06749999999999994893 0
15.13.0.0225             -0.06749999999999994893 0.33749999999999997    Newton...             -0.04499999999999994976             -0.04499999999999994976 0
15.14.0.0225             -0.04499999999999994976 0.33749999999999997    Newton...             -0.02249999999999995060             -0.02249999999999995060 0
15.15.0.0225             -0.02249999999999995060 0.33749999999999997    Newton...              0.00000000000000004857              0.00000000000000004857 0
15.16.0.0225              0.00000000000000004857 0.33749999999999997    Newton...              0.02250000000000004774              0.02250000000000004774 0
15.17.0.0225              0.02250000000000004774 0.33749999999999997    Newton...              0.04500000000000004691              0.04500000000000004691 0
15.18.0.0225              0.04500000000000004691 0.33749999999999997    Newton...              0.06750000000000004607              0.06750000000000004607 0
15.19.0.0225              0.06750000000000004607 0.33749999999999997    Newton...              0.09000000000000005218              0.09000000000000005218 0
15.20.0.0225              0.09000000000000005218 0.33749999999999997    Newton...              0.11250000000000004441              0.11250000000000004441 0
15.21.0.0225              0.11250000000000004441 0.33749999999999997    Newton...              0.13500000000000003664              0.13500000000000003664 0
15.22.0.0225              0.13500000000000003664 0.33749999999999997    Newton...              0.15750000000000002887              0.15750000000000002887 0
15.23.0.0225              0.15750000000000002887 0.33749999999999997    Newton...              0.18000000000000002109              0.18000000000000002109 0
15.24.0.0225              0.18000000000000002109 0.33749999999999997    Newton...              0.20250000000000001332              0.20250000000000001332 0
15.25.0.0225              0.20250000000000001332 0.33749999999999997    Newton...              0.22500000000000000555              0.22500000000000000555 0
15.26.0.0225              0.22500000000000000555 0.33749999999999997    Newton...              0.24749999999999999778              0.24749999999999999778 0
15.27.0.0225              0.24749999999999999778 0.33749999999999997    Newton...              0.27000000000000001776              0.27000000000000001776 0
15.28.0.0225              0.27000000000000001776 0.33749999999999997    Newton...              0.29250000000000003775              0.29250000000000003775 0
15.29.0.0225              0.29250000000000003775 0.33749999999999997    Newton...              0.31500000000000005773              0.31500000000000005773 0
15.30.0.0225              0.31500000000000005773 0.33749999999999997    Newton...              0.33750000000000007772              0.33750000000000007772 0
16.1.-0.0225              0.33750000000000007772 -0.33749999999999997    Newton...              0.31500000000000005773              0.31500000000000005773 0
16.2.-0.0225              0.31500000000000005773 -0.33749999999999997    Newton...              0.29250000000000003775              0.29250000000000003775 0
16.3.-0.0225              0.29250000000000003775 -0.33749999999999997    Newton...              0.27000000000000001776              0.27000000000000001776 0
16.4.-0.0225              0.27000000000000001776 -0.33749999999999997    Newton...              0.24750000000000002554              0.24750000000000002554 0
16.5.-0.0225              0.24750000000000002554 -0.33749999999999997    Newton...              0.22500000000000003331              0.22500000000000003331 0
16.6.-0.0225              0.22500000000000003331 -0.33749999999999997    Newton...              0.20250000000000004108              0.20250000000000004108 0
16.7.-0.0225              0.20250000000000004108 -0.33749999999999997    Newton...              0.18000000000000004885              0.18000000000000004885 0
16.8.-0.0225              0.18000000000000004885 -0.33749999999999997    Newton...              0.15750000000000005662              0.15750000000000005662 0
16.9.-0.0225              0.15750000000000005662 -0.33749999999999997    Newton...              0.13500000000000006439              0.13500000000000006439 0
16.10.-0.0225              0.13500000000000006439 -0.33749999999999997    Newton...              0.11250000000000007216              0.11250000000000007216 0
16.11.-0.0225              0.11250000000000007216 -0.33749999999999997    Newton...              0.09000000000000007994              0.09000000000000007994 0
16.12.-0.0225              0.09000000000000007994 -0.33749999999999997    Newton...              0.06750000000000008771              0.06750000000000008771 0
16.13.-0.0225              0.06750000000000008771 -0.33749999999999997    Newton...              0.04500000000000008854              0.04500000000000008854 0
16.14.-0.0225              0.04500000000000008854 -0.33749999999999997    Newton...              0.02250000000000009284              0.02250000000000009284 0
16.15.-0.0225              0.02250000000000009284 -0.33749999999999997    Newton...              0.00000000000000009368              0.00000000000000009368 0
16.16.-0.0225              0.00000000000000009368 -0.33749999999999997    Newton...             -0.02249999999999990549             -0.02249999999999990549 0
16.17.-0.0225             -0.02249999999999990549 -0.33749999999999997    Newton...             -0.04499999999999990119             -0.04499999999999990119 0
16.18.-0.0225             -0.04499999999999990119 -0.33749999999999997    Newton...             -0.06749999999999990730             -0.06749999999999990730 0
16.19.-0.0225             -0.06749999999999990730 -0.33749999999999997    Newton...             -0.08999999999999989952             -0.08999999999999989952 0
16.20.-0.0225             -0.08999999999999989952 -0.33749999999999997    Newton...             -0.11249999999999990563             -0.11249999999999990563 0
16.21.-0.0225             -0.11249999999999990563 -0.33749999999999997    Newton...             -0.13499999999999989786             -0.13499999999999989786 0
16.22.-0.0225             -0.13499999999999989786 -0.33749999999999997    Newton...             -0.15749999999999989009             -0.15749999999999989009 0
16.23.-0.0225             -0.15749999999999989009 -0.33749999999999997    Newton...             -0.17999999999999988232             -0.17999999999999988232 0
16.24.-0.0225             -0.17999999999999988232 -0.33749999999999997    Newton...             -0.20249999999999987454             -0.20249999999999987454 0
16.25.-0.0225             -0.20249999999999987454 -0.33749999999999997    Newton...             -0.22499999999999986677             -0.22499999999999986677 0
16.26.-0.0225             -0.22499999999999986677 -0.33749999999999997    Newton...             -0.24749999999999985900             -0.24749999999999985900 0
16.27.-0.0225             -0.24749999999999985900 -0.33749999999999997    Newton...             -0.26999999999999985123             -0.26999999999999985123 0
16.28.-0.0225             -0.26999999999999985123 -0.33749999999999997    Newton...             -0.29249999999999987121             -0.29249999999999987121 0
16.29.-0.0225             -0.29249999999999987121 -0.33749999999999997    Newton...             -0.31499999999999989120             -0.31499999999999989120 0
16.30.-0.0225             -0.31499999999999989120 -0.33749999999999997    Newton...             -0.33749999999999991118             -0.33749999999999991118 0
16.31.-0.0225             -0.33749999999999991118 -0.33749999999999997    Newton...             -0.35999999999999993117             -0.35999999999999993117 0
17.1.0.0225             -0.35999999999999993117 0.45    Newton...             -0.33749999999999991118             -0.33749999999999991118 0
17.2.0.0225             -0.33749999999999991118 0.45    Newton...             -0.31499999999999989120             -0.31499999999999989120 0
17.3.0.0225             -0.31499999999999989120 0.45    Newton...             -0.29249999999999987121             -0.29249999999999987121 0
17.4.0.0225             -0.29249999999999987121 0.45    Newton...             -0.26999999999999985123             -0.26999999999999985123 0
17.5.0.0225             -0.26999999999999985123 0.45    Newton...             -0.24749999999999985900             -0.24749999999999985900 0
17.6.0.0225             -0.24749999999999985900 0.45    Newton...             -0.22499999999999986677             -0.22499999999999986677 0
17.7.0.0225             -0.22499999999999986677 0.45    Newton...             -0.20249999999999987454             -0.20249999999999987454 0
17.8.0.0225             -0.20249999999999987454 0.45    Newton...             -0.17999999999999988232             -0.17999999999999988232 0
17.9.0.0225             -0.17999999999999988232 0.45    Newton...             -0.15749999999999989009             -0.15749999999999989009 0
17.10.0.0225             -0.15749999999999989009 0.45    Newton...             -0.13499999999999989786             -0.13499999999999989786 0
17.11.0.0225             -0.13499999999999989786 0.45    Newton...             -0.11249999999999990563             -0.11249999999999990563 0
17.12.0.0225             -0.11249999999999990563 0.45    Newton...             -0.08999999999999991340             -0.08999999999999991340 0
17.13.0.0225             -0.08999999999999991340 0.45    Newton...             -0.06749999999999992117             -0.06749999999999992117 0
17.14.0.0225             -0.06749999999999992117 0.45    Newton...             -0.04499999999999992201             -0.04499999999999992201 0
17.15.0.0225             -0.04499999999999992201 0.45    Newton...             -0.02249999999999992284             -0.02249999999999992284 0
17.16.0.0225             -0.02249999999999992284 0.45    Newton...              0.00000000000000007286              0.00000000000000007286 0
17.17.0.0225              0.00000000000000007286 0.45    Newton...              0.02250000000000007203              0.02250000000000007203 0
17.18.0.0225              0.02250000000000007203 0.45    Newton...              0.04500000000000006772              0.04500000000000006772 0
17.19.0.0225              0.04500000000000006772 0.45    Newton...              0.06750000000000005995              0.06750000000000005995 0
17.20.0.0225              0.06750000000000005995 0.45    Newton...              0.09000000000000005218              0.09000000000000005218 0
17.21.0.0225              0.09000000000000005218 0.45    Newton...              0.11250000000000004441              0.11250000000000004441 0
17.22.0.0225              0.11250000000000004441 0.45    Newton...              0.13500000000000003664              0.13500000000000003664 0
17.23.0.0225              0.13500000000000003664 0.45    Newton...              0.15750000000000002887              0.15750000000000002887 0
17.24.0.0225              0.15750000000000002887 0.45    Newton...              0.18000000000000002109              0.18000000000000002109 0
17.25.0.0225              0.18000000000000002109 0.45    Newton...              0.20250000000000001332              0.20250000000000001332 0
17.26.0.0225              0.20250000000000001332 0.45    Newton...              0.22500000000000000555              0.22500000000000000555 0
17.27.0.0225              0.22500000000000000555 0.45    Newton...              0.24749999999999999778              0.24749999999999999778 0
17.28.0.0225              0.24749999999999999778 0.45    Newton...              0.27000000000000001776              0.27000000000000001776 0
17.29.0.0225              0.27000000000000001776 0.45    Newton...              0.29250000000000003775              0.29250000000000003775 0
17.30.0.0225              0.29250000000000003775 0.45    Newton...              0.31500000000000005773              0.31500000000000005773 0
17.31.0.0225              0.31500000000000005773 0.45    Newton...              0.33750000000000007772              0.33750000000000007772 0
17.32.0.0225              0.33750000000000007772 0.45    Newton...              0.36000000000000009770              0.36000000000000009770 0
17.33.0.0225              0.36000000000000009770 0.45    Newton...              0.38250000000000011768              0.38250000000000011768 0
17.34.0.0225              0.38250000000000011768 0.45    Newton...              0.40500000000000013767              0.40500000000000013767 0
17.35.0.0225              0.40500000000000013767 0.45    Newton...              0.42750000000000015765              0.42750000000000015765 0
17.36.0.0225              0.42750000000000015765 0.45    Newton...              0.45000000000000017764              0.45000000000000017764 0
18.1.-0.0225              0.45000000000000017764 -0.45    Newton...              0.42750000000000015765              0.42750000000000015765 0
18.2.-0.0225              0.42750000000000015765 -0.45    Newton...              0.40500000000000013767              0.40500000000000013767 0
18.3.-0.0225              0.40500000000000013767 -0.45    Newton...              0.38250000000000011768              0.38250000000000011768 0
18.4.-0.0225              0.38250000000000011768 -0.45    Newton...              0.36000000000000009770              0.36000000000000009770 0
18.5.-0.0225              0.36000000000000009770 -0.45    Newton...              0.33750000000000007772              0.33750000000000007772 0
18.6.-0.0225              0.33750000000000007772 -0.45    Newton...              0.31500000000000005773              0.31500000000000005773 0
18.7.-0.0225              0.31500000000000005773 -0.45    Newton...              0.29250000000000003775              0.29250000000000003775 0
18.8.-0.0225              0.29250000000000003775 -0.45    Newton...              0.27000000000000001776              0.27000000000000001776 0
18.9.-0.0225              0.27000000000000001776 -0.45    Newton...              0.24750000000000002554              0.24750000000000002554 0
18.10.-0.0225              0.24750000000000002554 -0.45    Newton...              0.22500000000000003331              0.22500000000000003331 0
18.11.-0.0225              0.22500000000000003331 -0.45    Newton...              0.20250000000000004108              0.20250000000000004108 0
18.12.-0.0225              0.20250000000000004108 -0.45    Newton...              0.18000000000000004885              0.18000000000000004885 0
18.13.-0.0225              0.18000000000000004885 -0.45    Newton...              0.15750000000000005662              0.15750000000000005662 0
18.14.-0.0225              0.15750000000000005662 -0.45    Newton...              0.13500000000000006439              0.13500000000000006439 0
18.15.-0.0225              0.13500000000000006439 -0.45    Newton...              0.11250000000000005829              0.11250000000000005829 0
18.16.-0.0225              0.11250000000000005829 -0.45    Newton...              0.09000000000000005218              0.09000000000000005218 0
18.17.-0.0225              0.09000000000000005218 -0.45    Newton...              0.06750000000000005995              0.06750000000000005995 0
18.18.-0.0225              0.06750000000000005995 -0.45    Newton...              0.04500000000000006078              0.04500000000000006078 0
18.19.-0.0225              0.04500000000000006078 -0.45    Newton...              0.02250000000000006162              0.02250000000000006162 0
18.20.-0.0225              0.02250000000000006162 -0.45    Newton...              0.00000000000000005898              0.00000000000000005898 0
18.21.-0.0225              0.00000000000000005898 -0.45    Newton...             -0.02249999999999994019             -0.02249999999999994019 0
18.22.-0.0225             -0.02249999999999994019 -0.45    Newton...             -0.04499999999999994282             -0.04499999999999994282 0
18.23.-0.0225             -0.04499999999999994282 -0.45    Newton...             -0.06749999999999994893             -0.06749999999999994893 0
18.24.-0.0225             -0.06749999999999994893 -0.45    Newton...             -0.08999999999999994116             -0.08999999999999994116 0
18.25.-0.0225             -0.08999999999999994116 -0.45    Newton...             -0.11249999999999993339             -0.11249999999999993339 0
18.26.-0.0225             -0.11249999999999993339 -0.45    Newton...             -0.13499999999999992562             -0.13499999999999992562 0
18.27.-0.0225             -0.13499999999999992562 -0.45    Newton...             -0.15749999999999991784             -0.15749999999999991784 0
18.28.-0.0225             -0.15749999999999991784 -0.45    Newton...             -0.17999999999999991007             -0.17999999999999991007 0
18.29.-0.0225             -0.17999999999999991007 -0.45    Newton...             -0.20249999999999990230             -0.20249999999999990230 0
18.30.-0.0225             -0.20249999999999990230 -0.45    Newton...             -0.22499999999999989453             -0.22499999999999989453 0
18.31.-0.0225             -0.22499999999999989453 -0.45    Newton...             -0.24749999999999988676             -0.24749999999999988676 0
18.32.-0.0225             -0.24749999999999988676 -0.45    Newton...             -0.26999999999999990674             -0.26999999999999990674 0
18.33.-0.0225             -0.26999999999999990674 -0.45    Newton...             -0.29249999999999992673             -0.29249999999999992673 0
18.34.-0.0225             -0.29249999999999992673 -0.45    Newton...             -0.31499999999999994671             -0.31499999999999994671 0
18.35.-0.0225             -0.31499999999999994671 -0.45    Newton...             -0.33749999999999996669             -0.33749999999999996669 0
18.36.-0.0225             -0.33749999999999996669 -0.45    Newton...             -0.35999999999999998668             -0.35999999999999998668 0
18.37.-0.0225             -0.35999999999999998668 -0.45    Newton...             -0.38250000000000000666             -0.38250000000000000666 0
18.38.-0.0225             -0.38250000000000000666 -0.45    Newton...             -0.40500000000000002665             -0.40500000000000002665 0
18.39.-0.0225             -0.40500000000000002665 -0.45    Newton...             -0.42750000000000004663             -0.42750000000000004663 0
18.40.-0.0225             -0.42750000000000004663 -0.45    Newton...             -0.45000000000000006661             -0.45000000000000006661 0
19.1.0.0225             -0.45000000000000006661 0.45    Newton...             -0.42750000000000004663             -0.42750000000000004663 0
19.2.0.0225             -0.42750000000000004663 0.45    Newton...             -0.40500000000000002665             -0.40500000000000002665 0
19.3.0.0225             -0.40500000000000002665 0.45    Newton...             -0.38250000000000000666             -0.38250000000000000666 0
19.4.0.0225             -0.38250000000000000666 0.45    Newton...             -0.35999999999999998668             -0.35999999999999998668 0
19.5.0.0225             -0.35999999999999998668 0.45    Newton...             -0.33749999999999996669             -0.33749999999999996669 0
19.6.0.0225             -0.33749999999999996669 0.45    Newton...             -0.31499999999999994671             -0.31499999999999994671 0
19.7.0.0225             -0.31499999999999994671 0.45    Newton...             -0.29249999999999992673             -0.29249999999999992673 0
19.8.0.0225             -0.29249999999999992673 0.45    Newton...             -0.26999999999999990674             -0.26999999999999990674 0
19.9.0.0225             -0.26999999999999990674 0.45    Newton...             -0.24749999999999991451             -0.24749999999999991451 0
19.10.0.0225             -0.24749999999999991451 0.45    Newton...             -0.22499999999999992228             -0.22499999999999992228 0
19.11.0.0225             -0.22499999999999992228 0.45    Newton...             -0.20249999999999993006             -0.20249999999999993006 0
19.12.0.0225             -0.20249999999999993006 0.45    Newton...             -0.17999999999999993783             -0.17999999999999993783 0
19.13.0.0225             -0.17999999999999993783 0.45    Newton...             -0.15749999999999994560             -0.15749999999999994560 0
19.14.0.0225             -0.15749999999999994560 0.45    Newton...             -0.13499999999999995337             -0.13499999999999995337 0
19.15.0.0225             -0.13499999999999995337 0.45    Newton...             -0.11249999999999996114             -0.11249999999999996114 0
19.16.0.0225             -0.11249999999999996114 0.45    Newton...             -0.08999999999999996891             -0.08999999999999996891 0
19.17.0.0225             -0.08999999999999996891 0.45    Newton...             -0.06749999999999997669             -0.06749999999999997669 0
19.18.0.0225             -0.06749999999999997669 0.45    Newton...             -0.04499999999999997752             -0.04499999999999997752 0
19.19.0.0225             -0.04499999999999997752 0.45    Newton...             -0.02249999999999997488             -0.02249999999999997488 0
19.20.0.0225             -0.02249999999999997488 0.45    Newton...              0.00000000000000002429              0.00000000000000002429 0
19.21.0.0225              0.00000000000000002429 0.45    Newton...              0.02250000000000002345              0.02250000000000002345 0
19.22.0.0225              0.02250000000000002345 0.45    Newton...              0.04500000000000002609              0.04500000000000002609 0
19.23.0.0225              0.04500000000000002609 0.45    Newton...              0.06750000000000003220              0.06750000000000003220 0
19.24.0.0225              0.06750000000000003220 0.45    Newton...              0.09000000000000002442              0.09000000000000002442 0
19.25.0.0225              0.09000000000000002442 0.45    Newton...              0.11250000000000001665              0.11250000000000001665 0
19.26.0.0225              0.11250000000000001665 0.45    Newton...              0.13500000000000000888              0.13500000000000000888 0
19.27.0.0225              0.13500000000000000888 0.45    Newton...              0.15750000000000000111              0.15750000000000000111 0
19.28.0.0225              0.15750000000000000111 0.45    Newton...              0.17999999999999999334              0.17999999999999999334 0
19.29.0.0225              0.17999999999999999334 0.45    Newton...              0.20249999999999998557              0.20249999999999998557 0
19.30.0.0225              0.20249999999999998557 0.45    Newton...              0.22499999999999997780              0.22499999999999997780 0
19.31.0.0225              0.22499999999999997780 0.45    Newton...              0.24749999999999997002              0.24749999999999997002 0
19.32.0.0225              0.24749999999999997002 0.45    Newton...              0.26999999999999996225              0.26999999999999996225 0
19.33.0.0225              0.26999999999999996225 0.45    Newton...              0.29249999999999998224              0.29249999999999998224 0
19.34.0.0225              0.29249999999999998224 0.45    Newton...              0.31500000000000000222              0.31500000000000000222 0
19.35.0.0225              0.31500000000000000222 0.45    Newton...              0.33750000000000002220              0.33750000000000002220 0
19.36.0.0225              0.33750000000000002220 0.45    Newton...              0.36000000000000004219              0.36000000000000004219 0
19.37.0.0225              0.36000000000000004219 0.45    Newton...              0.38250000000000006217              0.38250000000000006217 0
19.38.0.0225              0.38250000000000006217 0.45    Newton...              0.40500000000000008216              0.40500000000000008216 0
19.39.0.0225              0.40500000000000008216 0.45    Newton...              0.42750000000000010214              0.42750000000000010214 0
19.40.0.0225              0.42750000000000010214 0.45    Newton...              0.45000000000000012212              0.45000000000000012212 0
20.1.-0.0225              0.45000000000000012212 -0.45    Newton...              0.42750000000000010214              0.42750000000000010214 0
20.2.-0.0225              0.42750000000000010214 -0.45    Newton...              0.40500000000000008216              0.40500000000000008216 0
20.3.-0.0225              0.40500000000000008216 -0.45    Newton...              0.38250000000000006217              0.38250000000000006217 0
20.4.-0.0225              0.38250000000000006217 -0.45    Newton...              0.36000000000000004219              0.36000000000000004219 0
20.5.-0.0225              0.36000000000000004219 -0.45    Newton...              0.33750000000000002220              0.33750000000000002220 0
20.6.-0.0225              0.33750000000000002220 -0.45    Newton...              0.31500000000000000222              0.31500000000000000222 0
20.7.-0.0225              0.31500000000000000222 -0.45    Newton...              0.29249999999999998224              0.29249999999999998224 0
20.8.-0.0225              0.29249999999999998224 -0.45    Newton...              0.26999999999999996225              0.26999999999999996225 0
20.9.-0.0225              0.26999999999999996225 -0.45    Newton...              0.24749999999999997002              0.24749999999999997002 0
20.10.-0.0225              0.24749999999999997002 -0.45    Newton...              0.22499999999999997780              0.22499999999999997780 0
20.11.-0.0225              0.22499999999999997780 -0.45    Newton...              0.20249999999999998557              0.20249999999999998557 0
20.12.-0.0225              0.20249999999999998557 -0.45    Newton...              0.17999999999999999334              0.17999999999999999334 0
20.13.-0.0225              0.17999999999999999334 -0.45    Newton...              0.15750000000000000111              0.15750000000000000111 0
20.14.-0.0225              0.15750000000000000111 -0.45    Newton...              0.13500000000000000888              0.13500000000000000888 0
20.15.-0.0225              0.13500000000000000888 -0.45    Newton...              0.11250000000000001665              0.11250000000000001665 0
20.16.-0.0225              0.11250000000000001665 -0.45    Newton...              0.09000000000000002442              0.09000000000000002442 0
20.17.-0.0225              0.09000000000000002442 -0.45    Newton...              0.06750000000000003220              0.06750000000000003220 0
20.18.-0.0225              0.06750000000000003220 -0.45    Newton...              0.04500000000000002609              0.04500000000000002609 0
20.19.-0.0225              0.04500000000000002609 -0.45    Newton...              0.02250000000000002692              0.02250000000000002692 0
20.20.-0.0225              0.02250000000000002692 -0.45    Newton...              0.00000000000000002776              0.00000000000000002776 0
20.21.-0.0225              0.00000000000000002776 -0.45    Newton...             -0.02249999999999997488             -0.02249999999999997488 0
20.22.-0.0225             -0.02249999999999997488 -0.45    Newton...             -0.04499999999999997058             -0.04499999999999997058 0
20.23.-0.0225             -0.04499999999999997058 -0.45    Newton...             -0.06749999999999997669             -0.06749999999999997669 0
20.24.-0.0225             -0.06749999999999997669 -0.45    Newton...             -0.08999999999999996891             -0.08999999999999996891 0
20.25.-0.0225             -0.08999999999999996891 -0.45    Newton...             -0.11249999999999996114             -0.11249999999999996114 0
20.26.-0.0225             -0.11249999999999996114 -0.45    Newton...             -0.13499999999999995337             -0.13499999999999995337 0
20.27.-0.0225             -0.13499999999999995337 -0.45    Newton...             -0.15749999999999994560             -0.15749999999999994560 0
20.28.-0.0225             -0.15749999999999994560 -0.45    Newton...             -0.17999999999999993783             -0.17999999999999993783 0
20.29.-0.0225             -0.17999999999999993783 -0.45    Newton...             -0.20249999999999993006             -0.20249999999999993006 0
20.30.-0.0225             -0.20249999999999993006 -0.45    Newton...             -0.22499999999999992228             -0.22499999999999992228 0
20.31.-0.0225             -0.22499999999999992228 -0.45    Newton...             -0.24749999999999991451             -0.24749999999999991451 0
20.32.-0.0225             -0.24749999999999991451 -0.45    Newton...             -0.26999999999999990674             -0.26999999999999990674 0
20.33.-0.0225             -0.26999999999999990674 -0.45    Newton...             -0.29249999999999992673             -0.29249999999999992673 0
20.34.-0.0225             -0.29249999999999992673 -0.45    Newton...             -0.31499999999999994671             -0.31499999999999994671 0
20.35.-0.0225             -0.31499999999999994671 -0.45    Newton...             -0.33749999999999996669             -0.33749999999999996669 0
20.36.-0.0225             -0.33749999999999996669 -0.45    Newton...             -0.35999999999999998668             -0.35999999999999998668 0
20.37.-0.0225             -0.35999999999999998668 -0.45    Newton...             -0.38250000000000000666             -0.38250000000000000666 0
20.38.-0.0225             -0.38250000000000000666 -0.45    Newton...             -0.40500000000000002665             -0.40500000000000002665 0
20.39.-0.0225             -0.40500000000000002665 -0.45    Newton...             -0.42750000000000004663             -0.42750000000000004663 0
20.40.-0.0225             -0.42750000000000004663 -0.45    Newton...             -0.45000000000000006661             -0.45000000000000006661 0
21.1.0.0225             -0.45000000000000006661 0.6749999999999999    Newton...             -0.42750000000000004663             -0.42750000000000004663 0
21.2.0.0225             -0.42750000000000004663 0.6749999999999999    Newton...             -0.40500000000000002665             -0.40500000000000002665 0
21.3.0.0225             -0.40500000000000002665 0.6749999999999999    Newton...             -0.38250000000000000666             -0.38250000000000000666 0
21.4.0.0225             -0.38250000000000000666 0.6749999999999999    Newton...             -0.35999999999999998668             -0.35999999999999998668 0
21.5.0.0225             -0.35999999999999998668 0.6749999999999999    Newton...             -0.33749999999999996669             -0.33749999999999996669 0
21.6.0.0225             -0.33749999999999996669 0.6749999999999999    Newton...             -0.31499999999999994671             -0.31499999999999994671 0
21.7.0.0225             -0.31499999999999994671 0.6749999999999999    Newton...             -0.29249999999999992673             -0.29249999999999992673 0
21.8.0.0225             -0.29249999999999992673 0.6749999999999999    Newton...             -0.26999999999999990674             -0.26999999999999990674 0
21.9.0.0225             -0.26999999999999990674 0.6749999999999999    Newton...             -0.24749999999999991451             -0.24749999999999991451 0
21.10.0.0225             -0.24749999999999991451 0.6749999999999999    Newton...             -0.22499999999999992228             -0.22499999999999992228 0
21.11.0.0225             -0.22499999999999992228 0.6749999999999999    Newton...             -0.20249999999999993006             -0.20249999999999993006 0
21.12.0.0225             -0.20249999999999993006 0.6749999999999999    Newton...             -0.17999999999999993783             -0.17999999999999993783 0
21.13.0.0225             -0.17999999999999993783 0.6749999999999999    Newton...             -0.15749999999999994560             -0.15749999999999994560 0
21.14.0.0225             -0.15749999999999994560 0.6749999999999999    Newton...             -0.13499999999999995337             -0.13499999999999995337 0
21.15.0.0225             -0.13499999999999995337 0.6749999999999999    Newton...             -0.11249999999999996114             -0.11249999999999996114 0
21.16.0.0225             -0.11249999999999996114 0.6749999999999999    Newton...             -0.08999999999999996891             -0.08999999999999996891 0
21.17.0.0225             -0.08999999999999996891 0.6749999999999999    Newton...             -0.06749999999999997669             -0.06749999999999997669 0
21.18.0.0225             -0.06749999999999997669 0.6749999999999999    Newton...             -0.04499999999999997752             -0.04499999999999997752 0
21.19.0.0225             -0.04499999999999997752 0.6749999999999999    Newton...             -0.02249999999999997488             -0.02249999999999997488 0
21.20.0.0225             -0.02249999999999997488 0.6749999999999999    Newton...              0.00000000000000002429              0.00000000000000002429 0
21.21.0.0225              0.00000000000000002429 0.6749999999999999    Newton...              0.02250000000000002345              0.02250000000000002345 0
21.22.0.0225              0.02250000000000002345 0.6749999999999999    Newton...              0.04500000000000002609              0.04500000000000002609 0
21.23.0.0225              0.04500000000000002609 0.6749999999999999    Newton...              0.06750000000000003220              0.06750000000000003220 0
21.24.0.0225              0.06750000000000003220 0.6749999999999999    Newton...              0.09000000000000002442              0.09000000000000002442 0
21.25.0.0225              0.09000000000000002442 0.6749999999999999    Newton...              0.11250000000000001665              0.11250000000000001665 0
21.26.0.0225              0.11250000000000001665 0.6749999999999999    Newton...              0.13500000000000000888              0.13500000000000000888 0
21.27.0.0225              0.13500000000000000888 0.6749999999999999    Newton...              0.15750000000000000111              0.15750000000000000111 0
21.28.0.0225              0.15750000000000000111 0.6749999999999999    Newton...              0.17999999999999999334              0.17999999999999999334 0
21.29.0.0225              0.17999999999999999334 0.6749999999999999    Newton...              0.20249999999999998557              0.20249999999999998557 0
21.30.0.0225              0.20249999999999998557 0.6749999999999999    Newton...              0.22499999999999997780              0.22499999999999997780 0
21.31.0.0225              0.22499999999999997780 0.6749999999999999    Newton...              0.24749999999999997002              0.24749999999999997002 0
21.32.0.0225              0.24749999999999997002 0.6749999999999999    Newton...              0.26999999999999996225              0.26999999999999996225 0
21.33.0.0225              0.26999999999999996225 0.6749999999999999    Newton...              0.29249999999999998224              0.29249999999999998224 0
21.34.0.0225              0.29249999999999998224 0.6749999999999999    Newton...              0.31500000000000000222              0.31500000000000000222 0
21.35.0.0225              0.31500000000000000222 0.6749999999999999    Newton...              0.33750000000000002220              0.33750000000000002220 0
21.36.0.0225              0.33750000000000002220 0.6749999999999999    Newton...              0.36000000000000004219              0.36000000000000004219 0
21.37.0.0225              0.36000000000000004219 0.6749999999999999    Newton...              0.38250000000000006217              0.38250000000000006217 0
21.38.0.0225              0.38250000000000006217 0.6749999999999999    Newton...              0.40500000000000008216              0.40500000000000008216 0
21.39.0.0225              0.40500000000000008216 0.6749999999999999    Newton...              0.42750000000000010214              0.42750000000000010214 0
21.40.0.0225              0.42750000000000010214 0.6749999999999999    Newton...              0.45000000000000012212              0.45000000000000012212 0
21.41.0.0225              0.45000000000000012212 0.6749999999999999    Newton...              0.47250000000000014211              0.47250000000000014211 0
21.42.0.0225              0.47250000000000014211 0.6749999999999999    Newton...              0.49500000000000016209              0.49500000000000016209 0
21.43.0.0225              0.49500000000000016209 0.6749999999999999    Newton...              0.51750000000000018208              0.51750000000000018208 0
21.44.0.0225              0.51750000000000018208 0.6749999999999999    Newton...              0.54000000000000014655              0.54000000000000014655 0
21.45.0.0225              0.54000000000000014655 0.6749999999999999    Newton...              0.56250000000000011102              0.56250000000000011102 0
21.46.0.0225              0.56250000000000011102 0.6749999999999999    Newton...              0.58500000000000007550              0.58500000000000007550 0
21.47.0.0225              0.58500000000000007550 0.6749999999999999    Newton...              0.60750000000000003997              0.60750000000000003997 0
21.48.0.0225              0.60750000000000003997 0.6749999999999999    Newton...              0.63000000000000000444              0.63000000000000000444 0
21.49.0.0225              0.63000000000000000444 0.6749999999999999    Newton...              0.65249999999999996891              0.65249999999999996891 0
21.50.0.0225              0.65249999999999996891 0.6749999999999999    Newton...              0.67499999999999993339              0.67499999999999993339 0
22.1.-0.0225              0.67499999999999993339 -0.6749999999999999    Newton...              0.65249999999999996891              0.65249999999999996891 0
22.2.-0.0225              0.65249999999999996891 -0.6749999999999999    Newton...              0.63000000000000000444              0.63000000000000000444 0
22.3.-0.0225              0.63000000000000000444 -0.6749999999999999    Newton...              0.60750000000000003997              0.60750000000000003997 0
22.4.-0.0225              0.60750000000000003997 -0.6749999999999999    Newton...              0.58500000000000007550              0.58500000000000007550 0
22.5.-0.0225              0.58500000000000007550 -0.6749999999999999    Newton...              0.56250000000000011102              0.56250000000000011102 0
22.6.-0.0225              0.56250000000000011102 -0.6749999999999999    Newton...              0.54000000000000014655              0.54000000000000014655 0
22.7.-0.0225              0.54000000000000014655 -0.6749999999999999    Newton...              0.51750000000000018208              0.51750000000000018208 0
22.8.-0.0225              0.51750000000000018208 -0.6749999999999999    Newton...              0.49500000000000016209              0.49500000000000016209 0
22.9.-0.0225              0.49500000000000016209 -0.6749999999999999    Newton...              0.47250000000000014211              0.47250000000000014211 0
22.10.-0.0225              0.47250000000000014211 -0.6749999999999999    Newton...              0.45000000000000012212              0.45000000000000012212 0
22.11.-0.0225              0.45000000000000012212 -0.6749999999999999    Newton...              0.42750000000000010214              0.42750000000000010214 0
22.12.-0.0225              0.42750000000000010214 -0.6749999999999999    Newton...              0.40500000000000008216              0.40500000000000008216 0
22.13.-0.0225              0.40500000000000008216 -0.6749999999999999    Newton...              0.38250000000000006217              0.38250000000000006217 0
22.14.-0.0225              0.38250000000000006217 -0.6749999999999999    Newton...              0.36000000000000004219              0.36000000000000004219 0
22.15.-0.0225              0.36000000000000004219 -0.6749999999999999    Newton...              0.33750000000000002220              0.33750000000000002220 0
22.16.-0.0225              0.33750000000000002220 -0.6749999999999999    Newton...              0.31500000000000000222              0.31500000000000000222 0
22.17.-0.0225              0.31500000000000000222 -0.6749999999999999    Newton...              0.29249999999999998224              0.29249999999999998224 0
22.18.-0.0225              0.29249999999999998224 -0.6749999999999999    Newton...              0.26999999999999996225              0.26999999999999996225 0
22.19.-0.0225              0.26999999999999996225 -0.6749999999999999    Newton...              0.24749999999999997002              0.24749999999999997002 0
22.20.-0.0225              0.24749999999999997002 -0.6749999999999999    Newton...              0.22499999999999997780              0.22499999999999997780 0
22.21.-0.0225              0.22499999999999997780 -0.6749999999999999    Newton...              0.20249999999999998557              0.20249999999999998557 0
22.22.-0.0225              0.20249999999999998557 -0.6749999999999999    Newton...              0.17999999999999999334              0.17999999999999999334 0
22.23.-0.0225              0.17999999999999999334 -0.6749999999999999    Newton...              0.15750000000000000111              0.15750000000000000111 0
22.24.-0.0225              0.15750000000000000111 -0.6749999999999999    Newton...              0.13500000000000000888              0.13500000000000000888 0
22.25.-0.0225              0.13500000000000000888 -0.6749999999999999    Newton...              0.11250000000000001665              0.11250000000000001665 0
22.26.-0.0225              0.11250000000000001665 -0.6749999999999999    Newton...              0.09000000000000002442              0.09000000000000002442 0
22.27.-0.0225              0.09000000000000002442 -0.6749999999999999    Newton...              0.06750000000000003220              0.06750000000000003220 0
22.28.-0.0225              0.06750000000000003220 -0.6749999999999999    Newton...              0.04500000000000002609              0.04500000000000002609 0
22.29.-0.0225              0.04500000000000002609 -0.6749999999999999    Newton...              0.02250000000000002692              0.02250000000000002692 0
22.30.-0.0225              0.02250000000000002692 -0.6749999999999999    Newton...              0.00000000000000002776              0.00000000000000002776 0
22.31.-0.0225              0.00000000000000002776 -0.6749999999999999    Newton...             -0.02249999999999997141             -0.02249999999999997141 0
22.32.-0.0225             -0.02249999999999997141 -0.6749999999999999    Newton...             -0.04499999999999997058             -0.04499999999999997058 0
22.33.-0.0225             -0.04499999999999997058 -0.6749999999999999    Newton...             -0.06749999999999997669             -0.06749999999999997669 0
22.34.-0.0225             -0.06749999999999997669 -0.6749999999999999    Newton...             -0.08999999999999996891             -0.08999999999999996891 0
22.35.-0.0225             -0.08999999999999996891 -0.6749999999999999    Newton...             -0.11249999999999996114             -0.11249999999999996114 0
22.36.-0.0225             -0.11249999999999996114 -0.6749999999999999    Newton...             -0.13499999999999995337             -0.13499999999999995337 0
22.37.-0.0225             -0.13499999999999995337 -0.6749999999999999    Newton...             -0.15749999999999994560             -0.15749999999999994560 0
22.38.-0.0225             -0.15749999999999994560 -0.6749999999999999    Newton...             -0.17999999999999993783             -0.17999999999999993783 0
22.39.-0.0225             -0.17999999999999993783 -0.6749999999999999    Newton...             -0.20249999999999993006             -0.20249999999999993006 0
22.40.-0.0225             -0.20249999999999993006 -0.6749999999999999    Newton...             -0.22499999999999992228             -0.22499999999999992228 0
22.41.-0.0225             -0.22499999999999992228 -0.6749999999999999    Newton...             -0.24749999999999991451             -0.24749999999999991451 0
22.42.-0.0225             -0.24749999999999991451 -0.6749999999999999    Newton...             -0.26999999999999990674             -0.26999999999999990674 0
22.43.-0.0225             -0.26999999999999990674 -0.6749999999999999    Newton...             -0.29249999999999992673             -0.29249999999999992673 0
22.44.-0.0225             -0.29249999999999992673 -0.6749999999999999    Newton...             -0.31499999999999994671             -0.31499999999999994671 0
22.45.-0.0225             -0.31499999999999994671 -0.6749999999999999    Newton...             -0.33749999999999996669             -0.33749999999999996669 0
22.46.-0.0225             -0.33749999999999996669 -0.6749999999999999    Newton...             -0.35999999999999998668             -0.35999999999999998668 0
22.47.-0.0225             -0.35999999999999998668 -0.6749999999999999    Newton...             -0.38250000000000000666             -0.38250000000000000666 0
22.48.-0.0225             -0.38250000000000000666 -0.6749999999999999    Newton...             -0.40500000000000002665             -0.40500000000000002665 0
22.49.-0.0225             -0.40500000000000002665 -0.6749999999999999    Newton...             -0.42750000000000004663             -0.42750000000000004663 0
22.50.-0.0225             -0.42750000000000004663 -0.6749999999999999    Newton...             -0.45000000000000006661             -0.45000000000000006661 0
22.51.-0.0225             -0.45000000000000006661 -0.6749999999999999    Newton...             -0.47250000000000008660             -0.47250000000000008660 0
22.52.-0.0225             -0.47250000000000008660 -0.6749999999999999    Newton...             -0.49500000000000010658             -0.49500000000000010658 0
22.53.-0.0225             -0.49500000000000010658 -0.6749999999999999    Newton...             -0.51750000000000007105             -0.51750000000000007105 0
22.54.-0.0225             -0.51750000000000007105 -0.6749999999999999    Newton...             -0.54000000000000003553             -0.54000000000000003553 0
22.55.-0.0225             -0.54000000000000003553 -0.6749999999999999    Newton...             -0.56250000000000000000             -0.56250000000000000000 0
22.56.-0.0225             -0.56250000000000000000 -0.6749999999999999    Newton...             -0.58499999999999996447             -0.58499999999999996447 0
22.57.-0.0225             -0.58499999999999996447 -0.6749999999999999    Newton...             -0.60749999999999992895             -0.60749999999999992895 0
22.58.-0.0225             -0.60749999999999992895 -0.6749999999999999    Newton...             -0.62999999999999989342             -0.62999999999999989342 0
22.59.-0.0225             -0.62999999999999989342 -0.6749999999999999    Newton...             -0.65249999999999985789             -0.65249999999999985789 0
22.60.-0.0225             -0.65249999999999985789 -0.6749999999999999    Newton...             -0.67499999999999982236             -0.67499999999999982236 0
22.61.-0.0225             -0.67499999999999982236 -0.6749999999999999    Newton...             -0.69749999999999978684             -0.69749999999999978684 0
23.1.0.0225             -0.69749999999999978684 0.6749999999999999    Newton...             -0.67499999999999982236             -0.67499999999999982236 0
23.2.0.0225             -0.67499999999999982236 0.6749999999999999    Newton...             -0.65249999999999985789             -0.65249999999999985789 0
23.3.0.0225             -0.65249999999999985789 0.6749999999999999    Newton...             -0.62999999999999989342             -0.62999999999999989342 0
23.4.0.0225             -0.62999999999999989342 0.6749999999999999    Newton...             -0.60749999999999992895             -0.60749999999999992895 0
23.5.0.0225             -0.60749999999999992895 0.6749999999999999    Newton...             -0.58499999999999996447             -0.58499999999999996447 0
23.6.0.0225             -0.58499999999999996447 0.6749999999999999    Newton...             -0.56250000000000000000             -0.56250000000000000000 0
23.7.0.0225             -0.56250000000000000000 0.6749999999999999    Newton...             -0.54000000000000003553             -0.54000000000000003553 0
23.8.0.0225             -0.54000000000000003553 0.6749999999999999    Newton...             -0.51750000000000007105             -0.51750000000000007105 0
23.9.0.0225             -0.51750000000000007105 0.6749999999999999    Newton...             -0.49500000000000005107             -0.49500000000000005107 0
23.10.0.0225             -0.49500000000000005107 0.6749999999999999    Newton...             -0.47250000000000003109             -0.47250000000000003109 0
23.11.0.0225             -0.47250000000000003109 0.6749999999999999    Newton...             -0.45000000000000001110             -0.45000000000000001110 0
23.12.0.0225             -0.45000000000000001110 0.6749999999999999    Newton...             -0.42749999999999999112             -0.42749999999999999112 0
23.13.0.0225             -0.42749999999999999112 0.6749999999999999    Newton...             -0.40499999999999997113             -0.40499999999999997113 0
23.14.0.0225             -0.40499999999999997113 0.6749999999999999    Newton...             -0.38249999999999995115             -0.38249999999999995115 0
23.15.0.0225             -0.38249999999999995115 0.6749999999999999    Newton...             -0.35999999999999993117             -0.35999999999999993117 0
23.16.0.0225             -0.35999999999999993117 0.6749999999999999    Newton...             -0.33749999999999991118             -0.33749999999999991118 0
23.17.0.0225             -0.33749999999999991118 0.6749999999999999    Newton...             -0.31499999999999989120             -0.31499999999999989120 0
23.18.0.0225             -0.31499999999999989120 0.6749999999999999    Newton...             -0.29249999999999987121             -0.29249999999999987121 0
23.19.0.0225             -0.29249999999999987121 0.6749999999999999    Newton...             -0.26999999999999985123             -0.26999999999999985123 0
23.20.0.0225             -0.26999999999999985123 0.6749999999999999    Newton...             -0.24749999999999985900             -0.24749999999999985900 0
23.21.0.0225             -0.24749999999999985900 0.6749999999999999    Newton...             -0.22499999999999986677             -0.22499999999999986677 0
23.22.0.0225             -0.22499999999999986677 0.6749999999999999    Newton...             -0.20249999999999987454             -0.20249999999999987454 0
23.23.0.0225             -0.20249999999999987454 0.6749999999999999    Newton...             -0.17999999999999988232             -0.17999999999999988232 0
23.24.0.0225             -0.17999999999999988232 0.6749999999999999    Newton...             -0.15749999999999989009             -0.15749999999999989009 0
23.25.0.0225             -0.15749999999999989009 0.6749999999999999    Newton...             -0.13499999999999989786             -0.13499999999999989786 0
23.26.0.0225             -0.13499999999999989786 0.6749999999999999    Newton...             -0.11249999999999990563             -0.11249999999999990563 0
23.27.0.0225             -0.11249999999999990563 0.6749999999999999    Newton...             -0.08999999999999991340             -0.08999999999999991340 0
23.28.0.0225             -0.08999999999999991340 0.6749999999999999    Newton...             -0.06749999999999992117             -0.06749999999999992117 0
23.29.0.0225             -0.06749999999999992117 0.6749999999999999    Newton...             -0.04499999999999992201             -0.04499999999999992201 0
23.30.0.0225             -0.04499999999999992201 0.6749999999999999    Newton...             -0.02249999999999992284             -0.02249999999999992284 0
23.31.0.0225             -0.02249999999999992284 0.6749999999999999    Newton...              0.00000000000000007633              0.00000000000000007633 0
23.32.0.0225              0.00000000000000007633 0.6749999999999999    Newton...              0.02250000000000007550              0.02250000000000007550 0
23.33.0.0225              0.02250000000000007550 0.6749999999999999    Newton...              0.04500000000000007466              0.04500000000000007466 0
23.34.0.0225              0.04500000000000007466 0.6749999999999999    Newton...              0.06750000000000007383              0.06750000000000007383 0
23.35.0.0225              0.06750000000000007383 0.6749999999999999    Newton...              0.09000000000000007994              0.09000000000000007994 0
23.36.0.0225              0.09000000000000007994 0.6749999999999999    Newton...              0.11250000000000007216              0.11250000000000007216 0
23.37.0.0225              0.11250000000000007216 0.6749999999999999    Newton...              0.13500000000000006439              0.13500000000000006439 0
23.38.0.0225              0.13500000000000006439 0.6749999999999999    Newton...              0.15750000000000005662              0.15750000000000005662 0
23.39.0.0225              0.15750000000000005662 0.6749999999999999    Newton...              0.18000000000000004885              0.18000000000000004885 0
23.40.0.0225              0.18000000000000004885 0.6749999999999999    Newton...              0.20250000000000004108              0.20250000000000004108 0
23.41.0.0225              0.20250000000000004108 0.6749999999999999    Newton...              0.22500000000000003331              0.22500000000000003331 0
23.42.0.0225              0.22500000000000003331 0.6749999999999999    Newton...              0.24750000000000002554              0.24750000000000002554 0
23.43.0.0225              0.24750000000000002554 0.6749999999999999    Newton...              0.27000000000000001776              0.27000000000000001776 0
23.44.0.0225              0.27000000000000001776 0.6749999999999999    Newton...              0.29250000000000003775              0.29250000000000003775 0
23.45.0.0225              0.29250000000000003775 0.6749999999999999    Newton...              0.31500000000000005773              0.31500000000000005773 0
23.46.0.0225              0.31500000000000005773 0.6749999999999999    Newton...              0.33750000000000007772              0.33750000000000007772 0
23.47.0.0225              0.33750000000000007772 0.6749999999999999    Newton...              0.36000000000000009770              0.36000000000000009770 0
23.48.0.0225              0.36000000000000009770 0.6749999999999999    Newton...              0.38250000000000011768              0.38250000000000011768 0
23.49.0.0225              0.38250000000000011768 0.6749999999999999    Newton...              0.40500000000000013767              0.40500000000000013767 0
23.50.0.0225              0.40500000000000013767 0.6749999999999999    Newton...              0.42750000000000015765              0.42750000000000015765 0
23.51.0.0225              0.42750000000000015765 0.6749999999999999    Newton...              0.45000000000000017764              0.45000000000000017764 0
23.52.0.0225              0.45000000000000017764 0.6749999999999999    Newton...              0.47250000000000019762              0.47250000000000019762 0
23.53.0.0225              0.47250000000000019762 0.6749999999999999    Newton...              0.49500000000000021760              0.49500000000000021760 0
23.54.0.0225              0.49500000000000021760 0.6749999999999999    Newton...              0.51750000000000018208              0.51750000000000018208 0
23.55.0.0225              0.51750000000000018208 0.6749999999999999    Newton...              0.54000000000000014655              0.54000000000000014655 0
23.56.0.0225              0.54000000000000014655 0.6749999999999999    Newton...              0.56250000000000011102              0.56250000000000011102 0
23.57.0.0225              0.56250000000000011102 0.6749999999999999    Newton...              0.58500000000000007550              0.58500000000000007550 0
23.58.0.0225              0.58500000000000007550 0.6749999999999999    Newton...              0.60750000000000003997              0.60750000000000003997 0
23.59.0.0225              0.60750000000000003997 0.6749999999999999    Newton...              0.63000000000000000444              0.63000000000000000444 0
23.60.0.0225              0.63000000000000000444 0.6749999999999999    Newton...              0.65249999999999996891              0.65249999999999996891 0
23.61.0.0225              0.65249999999999996891 0.6749999999999999    Newton...              0.67499999999999993339              0.67499999999999993339 0
24.1.-0.0225              0.67499999999999993339 -0.6749999999999999    Newton...              0.65249999999999996891              0.65249999999999996891 0
24.2.-0.0225              0.65249999999999996891 -0.6749999999999999    Newton...              0.63000000000000000444              0.63000000000000000444 0
24.3.-0.0225              0.63000000000000000444 -0.6749999999999999    Newton...              0.60750000000000003997              0.60750000000000003997 0
24.4.-0.0225              0.60750000000000003997 -0.6749999999999999    Newton...              0.58500000000000007550              0.58500000000000007550 0
24.5.-0.0225              0.58500000000000007550 -0.6749999999999999    Newton...              0.56250000000000011102              0.56250000000000011102 0
24.6.-0.0225              0.56250000000000011102 -0.6749999999999999    Newton...              0.54000000000000014655              0.54000000000000014655 0
24.7.-0.0225              0.54000000000000014655 -0.6749999999999999    Newton...              0.51750000000000018208              0.51750000000000018208 0
24.8.-0.0225              0.51750000000000018208 -0.6749999999999999    Newton...              0.49500000000000016209              0.49500000000000016209 0
24.9.-0.0225              0.49500000000000016209 -0.6749999999999999    Newton...              0.47250000000000014211              0.47250000000000014211 0
24.10.-0.0225              0.47250000000000014211 -0.6749999999999999    Newton...              0.45000000000000012212              0.45000000000000012212 0
24.11.-0.0225              0.45000000000000012212 -0.6749999999999999    Newton...              0.42750000000000010214              0.42750000000000010214 0
24.12.-0.0225              0.42750000000000010214 -0.6749999999999999    Newton...              0.40500000000000008216              0.40500000000000008216 0
24.13.-0.0225              0.40500000000000008216 -0.6749999999999999    Newton...              0.38250000000000006217              0.38250000000000006217 0
24.14.-0.0225              0.38250000000000006217 -0.6749999999999999    Newton...              0.36000000000000004219              0.36000000000000004219 0
24.15.-0.0225              0.36000000000000004219 -0.6749999999999999    Newton...              0.33750000000000002220              0.33750000000000002220 0
24.16.-0.0225              0.33750000000000002220 -0.6749999999999999    Newton...              0.31500000000000000222              0.31500000000000000222 0
24.17.-0.0225              0.31500000000000000222 -0.6749999999999999    Newton...              0.29249999999999998224              0.29249999999999998224 0
24.18.-0.0225              0.29249999999999998224 -0.6749999999999999    Newton...              0.26999999999999996225              0.26999999999999996225 0
24.19.-0.0225              0.26999999999999996225 -0.6749999999999999    Newton...              0.24749999999999997002              0.24749999999999997002 0
24.20.-0.0225              0.24749999999999997002 -0.6749999999999999    Newton...              0.22499999999999997780              0.22499999999999997780 0
24.21.-0.0225              0.22499999999999997780 -0.6749999999999999    Newton...              0.20249999999999998557              0.20249999999999998557 0
24.22.-0.0225              0.20249999999999998557 -0.6749999999999999    Newton...              0.17999999999999999334              0.17999999999999999334 0
24.23.-0.0225              0.17999999999999999334 -0.6749999999999999    Newton...              0.15750000000000000111              0.15750000000000000111 0
24.24.-0.0225              0.15750000000000000111 -0.6749999999999999    Newton...              0.13500000000000000888              0.13500000000000000888 0
24.25.-0.0225              0.13500000000000000888 -0.6749999999999999    Newton...              0.11250000000000001665              0.11250000000000001665 0
24.26.-0.0225              0.11250000000000001665 -0.6749999999999999    Newton...              0.09000000000000002442              0.09000000000000002442 0
24.27.-0.0225              0.09000000000000002442 -0.6749999999999999    Newton...              0.06750000000000003220              0.06750000000000003220 0
24.28.-0.0225              0.06750000000000003220 -0.6749999999999999    Newton...              0.04500000000000003303              0.04500000000000003303 0
24.29.-0.0225              0.04500000000000003303 -0.6749999999999999    Newton...              0.02250000000000003386              0.02250000000000003386 0
24.30.-0.0225              0.02250000000000003386 -0.6749999999999999    Newton...              0.00000000000000003469              0.00000000000000003469 0
24.31.-0.0225              0.00000000000000003469 -0.6749999999999999    Newton...             -0.02249999999999996447             -0.02249999999999996447 0
24.32.-0.0225             -0.02249999999999996447 -0.6749999999999999    Newton...             -0.04499999999999996364             -0.04499999999999996364 0
24.33.-0.0225             -0.04499999999999996364 -0.6749999999999999    Newton...             -0.06749999999999996281             -0.06749999999999996281 0
24.34.-0.0225             -0.06749999999999996281 -0.6749999999999999    Newton...             -0.08999999999999996891             -0.08999999999999996891 0
24.35.-0.0225             -0.08999999999999996891 -0.6749999999999999    Newton...             -0.11249999999999996114             -0.11249999999999996114 0
24.36.-0.0225             -0.11249999999999996114 -0.6749999999999999    Newton...             -0.13499999999999995337             -0.13499999999999995337 0
24.37.-0.0225             -0.13499999999999995337 -0.6749999999999999    Newton...             -0.15749999999999994560             -0.15749999999999994560 0
24.38.-0.0225             -0.15749999999999994560 -0.6749999999999999    Newton...             -0.17999999999999993783             -0.17999999999999993783 0
24.39.-0.0225             -0.17999999999999993783 -0.6749999999999999    Newton...             -0.20249999999999993006             -0.20249999999999993006 0
24.40.-0.0225             -0.20249999999999993006 -0.6749999999999999    Newton...             -0.22499999999999992228             -0.22499999999999992228 0
24.41.-0.0225             -0.22499999999999992228 -0.6749999999999999    Newton...             -0.24749999999999991451             -0.24749999999999991451 0
24.42.-0.0225             -0.24749999999999991451 -0.6749999999999999    Newton...             -0.26999999999999990674             -0.26999999999999990674 0
24.43.-0.0225             -0.26999999999999990674 -0.6749999999999999    Newton...             -0.29249999999999992673             -0.29249999999999992673 0
24.44.-0.0225             -0.29249999999999992673 -0.6749999999999999    Newton...             -0.31499999999999994671             -0.31499999999999994671 0
24.45.-0.0225             -0.31499999999999994671 -0.6749999999999999    Newton...             -0.33749999999999996669             -0.33749999999999996669 0
24.46.-0.0225             -0.33749999999999996669 -0.6749999999999999    Newton...             -0.35999999999999998668             -0.35999999999999998668 0
24.47.-0.0225             -0.35999999999999998668 -0.6749999999999999    Newton...             -0.38250000000000000666             -0.38250000000000000666 0
24.48.-0.0225             -0.38250000000000000666 -0.6749999999999999    Newton...             -0.40500000000000002665             -0.40500000000000002665 0
24.49.-0.0225             -0.40500000000000002665 -0.6749999999999999    Newton...             -0.42750000000000004663             -0.42750000000000004663 0
24.50.-0.0225             -0.42750000000000004663 -0.6749999999999999    Newton...             -0.45000000000000006661             -0.45000000000000006661 0
24.51.-0.0225             -0.45000000000000006661 -0.6749999999999999    Newton...             -0.47250000000000008660             -0.47250000000000008660 0
24.52.-0.0225             -0.47250000000000008660 -0.6749999999999999    Newton...             -0.49500000000000010658             -0.49500000000000010658 0
24.53.-0.0225             -0.49500000000000010658 -0.6749999999999999    Newton...             -0.51750000000000007105             -0.51750000000000007105 0
24.54.-0.0225             -0.51750000000000007105 -0.6749999999999999    Newton...             -0.54000000000000003553             -0.54000000000000003553 0
24.55.-0.0225             -0.54000000000000003553 -0.6749999999999999    Newton...             -0.56250000000000000000             -0.56250000000000000000 0
24.56.-0.0225             -0.56250000000000000000 -0.6749999999999999    Newton...             -0.58499999999999996447             -0.58499999999999996447 0
24.57.-0.0225             -0.58499999999999996447 -0.6749999999999999    Newton...             -0.60749999999999992895             -0.60749999999999992895 0
24.58.-0.0225             -0.60749999999999992895 -0.6749999999999999    Newton...             -0.62999999999999989342             -0.62999999999999989342 0
24.59.-0.0225             -0.62999999999999989342 -0.6749999999999999    Newton...             -0.65249999999999985789             -0.65249999999999985789 0
24.60.-0.0225             -0.65249999999999985789 -0.6749999999999999    Newton...             -0.67499999999999982236             -0.67499999999999982236 0
24.61.-0.0225             -0.67499999999999982236 -0.6749999999999999    Newton...             -0.69749999999999978684             -0.69749999999999978684 0
25.1.0.0225             -0.69749999999999978684 0.9    Newton...             -0.67499999999999982236             -0.67499999999999982236 0
25.2.0.0225             -0.67499999999999982236 0.9    Newton...             -0.65249999999999985789             -0.65249999999999985789 0
25.3.0.0225             -0.65249999999999985789 0.9    Newton...             -0.62999999999999989342             -0.62999999999999989342 0
25.4.0.0225             -0.62999999999999989342 0.9    Newton...             -0.60749999999999992895             -0.60749999999999992895 0
25.5.0.0225             -0.60749999999999992895 0.9    Newton...             -0.58499999999999996447             -0.58499999999999996447 0
25.6.0.0225             -0.58499999999999996447 0.9    Newton...             -0.56250000000000000000             -0.56250000000000000000 0
25.7.0.0225             -0.56250000000000000000 0.9    Newton...             -0.54000000000000003553             -0.54000000000000003553 0
25.8.0.0225             -0.54000000000000003553 0.9    Newton...             -0.51750000000000007105             -0.51750000000000007105 0
25.9.0.0225             -0.51750000000000007105 0.9    Newton...             -0.49500000000000005107             -0.49500000000000005107 0
25.10.0.0225             -0.49500000000000005107 0.9    Newton...             -0.47250000000000003109             -0.47250000000000003109 0
25.11.0.0225             -0.47250000000000003109 0.9    Newton...             -0.45000000000000001110             -0.45000000000000001110 0
25.12.0.0225             -0.45000000000000001110 0.9    Newton...             -0.42749999999999999112             -0.42749999999999999112 0
25.13.0.0225             -0.42749999999999999112 0.9    Newton...             -0.40499999999999997113             -0.40499999999999997113 0
25.14.0.0225             -0.40499999999999997113 0.9    Newton...             -0.38249999999999995115             -0.38249999999999995115 0
25.15.0.0225             -0.38249999999999995115 0.9    Newton...             -0.35999999999999993117             -0.35999999999999993117 0
25.16.0.0225             -0.35999999999999993117 0.9    Newton...             -0.33749999999999991118             -0.33749999999999991118 0
25.17.0.0225             -0.33749999999999991118 0.9    Newton...             -0.31499999999999989120             -0.31499999999999989120 0
25.18.0.0225             -0.31499999999999989120 0.9    Newton...             -0.29249999999999987121             -0.29249999999999987121 0
25.19.0.0225             -0.29249999999999987121 0.9    Newton...             -0.26999999999999985123             -0.26999999999999985123 0
25.20.0.0225             -0.26999999999999985123 0.9    Newton...             -0.24749999999999985900             -0.24749999999999985900 0
25.21.0.0225             -0.24749999999999985900 0.9    Newton...             -0.22499999999999986677             -0.22499999999999986677 0
25.22.0.0225             -0.22499999999999986677 0.9    Newton...             -0.20249999999999987454             -0.20249999999999987454 0
25.23.0.0225             -0.20249999999999987454 0.9    Newton...             -0.17999999999999988232             -0.17999999999999988232 0
25.24.0.0225             -0.17999999999999988232 0.9    Newton...             -0.15749999999999989009             -0.15749999999999989009 0
25.25.0.0225             -0.15749999999999989009 0.9    Newton...             -0.13499999999999989786             -0.13499999999999989786 0
25.26.0.0225             -0.13499999999999989786 0.9    Newton...             -0.11249999999999990563             -0.11249999999999990563 0
25.27.0.0225             -0.11249999999999990563 0.9    Newton...             -0.08999999999999991340             -0.08999999999999991340 0
25.28.0.0225             -0.08999999999999991340 0.9    Newton...             -0.06749999999999992117             -0.06749999999999992117 0
25.29.0.0225             -0.06749999999999992117 0.9    Newton...             -0.04499999999999992201             -0.04499999999999992201 0
25.30.0.0225             -0.04499999999999992201 0.9    Newton...             -0.02249999999999992284             -0.02249999999999992284 0
25.31.0.0225             -0.02249999999999992284 0.9    Newton...              0.00000000000000007633              0.00000000000000007633 0
25.32.0.0225              0.00000000000000007633 0.9    Newton...              0.02250000000000007550              0.02250000000000007550 0
25.33.0.0225              0.02250000000000007550 0.9    Newton...              0.04500000000000007466              0.04500000000000007466 0
25.34.0.0225              0.04500000000000007466 0.9    Newton...              0.06750000000000007383              0.06750000000000007383 0
25.35.0.0225              0.06750000000000007383 0.9    Newton...              0.09000000000000007994              0.09000000000000007994 0
25.36.0.0225              0.09000000000000007994 0.9    Newton...              0.11250000000000007216              0.11250000000000007216 0
25.37.0.0225              0.11250000000000007216 0.9    Newton...              0.13500000000000006439              0.13500000000000006439 0
25.38.0.0225              0.13500000000000006439 0.9    Newton...              0.15750000000000005662              0.15750000000000005662 0
25.39.0.0225              0.15750000000000005662 0.9    Newton...              0.18000000000000004885              0.18000000000000004885 0
25.40.0.0225              0.18000000000000004885 0.9    Newton...              0.20250000000000004108              0.20250000000000004108 0
25.41.0.0225              0.20250000000000004108 0.9    Newton...              0.22500000000000003331              0.22500000000000003331 0
25.42.0.0225              0.22500000000000003331 0.9    Newton...              0.24750000000000002554              0.24750000000000002554 0
25.43.0.0225              0.24750000000000002554 0.9    Newton...              0.27000000000000001776              0.27000000000000001776 0
25.44.0.0225              0.27000000000000001776 0.9    Newton...              0.29250000000000003775              0.29250000000000003775 0
25.45.0.0225              0.29250000000000003775 0.9    Newton...              0.31500000000000005773              0.31500000000000005773 0
25.46.0.0225              0.31500000000000005773 0.9    Newton...              0.33750000000000007772              0.33750000000000007772 0
25.47.0.0225              0.33750000000000007772 0.9    Newton...              0.36000000000000009770              0.36000000000000009770 0
25.48.0.0225              0.36000000000000009770 0.9    Newton...              0.38250000000000011768              0.38250000000000011768 0
25.49.0.0225              0.38250000000000011768 0.9    Newton...              0.40500000000000013767              0.40500000000000013767 0
25.50.0.0225              0.40500000000000013767 0.9    Newton...              0.42750000000000015765              0.42750000000000015765 0
25.51.0.0225              0.42750000000000015765 0.9    Newton...              0.45000000000000017764              0.45000000000000017764 0
25.52.0.0225              0.45000000000000017764 0.9    Newton...              0.47250000000000019762              0.47250000000000019762 0
25.53.0.0225              0.47250000000000019762 0.9    Newton...              0.49500000000000021760              0.49500000000000021760 0
25.54.0.0225              0.49500000000000021760 0.9    Newton...              0.51750000000000018208              0.51750000000000018208 0
25.55.0.0225              0.51750000000000018208 0.9    Newton...              0.54000000000000014655              0.54000000000000014655 0
25.56.0.0225              0.54000000000000014655 0.9    Newton...              0.56250000000000011102              0.56250000000000011102 0
25.57.0.0225              0.56250000000000011102 0.9    Newton...              0.58500000000000007550              0.58500000000000007550 0
25.58.0.0225              0.58500000000000007550 0.9    Newton...              0.60750000000000003997              0.60750000000000003997 0
25.59.0.0225              0.60750000000000003997 0.9    Newton...              0.63000000000000000444              0.63000000000000000444 0
25.60.0.0225              0.63000000000000000444 0.9    Newton...              0.65249999999999996891              0.65249999999999996891 0
25.61.0.0225              0.65249999999999996891 0.9    Newton...              0.67499999999999993339              0.67499999999999993339 0
25.62.0.0225              0.67499999999999993339 0.9    Newton...              0.69749999999999989786              0.69749999999999989786 0
25.63.0.0225              0.69749999999999989786 0.9    Newton...              0.71999999999999986233              0.71999999999999986233 0
25.64.0.0225              0.71999999999999986233 0.9    Newton...              0.74249999999999982681              0.74249999999999982681 0
25.65.0.0225              0.74249999999999982681 0.9    Newton...              0.76499999999999979128              0.76499999999999979128 0
25.66.0.0225              0.76499999999999979128 0.9    Newton...              0.78749999999999975575              0.78749999999999975575 0
25.67.0.0225              0.78749999999999975575 0.9    Newton...              0.80999999999999972022              0.80999999999999972022 0
25.68.0.0225              0.80999999999999972022 0.9    Newton...              0.83249999999999968470              0.83249999999999968470 0
25.69.0.0225              0.83249999999999968470 0.9    Newton...              0.85499999999999964917              0.85499999999999964917 0
25.70.0.0225              0.85499999999999964917 0.9    Newton...              0.87749999999999961364              0.87749999999999961364 0
25.71.0.0225              0.87749999999999961364 0.9    Newton...              0.89999999999999957812              0.89999999999999957812 0
25.72.0.0225              0.89999999999999957812 0.9    Newton...              0.92249999999999954259              0.92249999999999954259 0
26.1.-0.0225              0.92249999999999954259 -0.9    Newton...              0.89999999999999957812              0.89999999999999957812 0
26.2.-0.0225              0.89999999999999957812 -0.9    Newton...              0.87749999999999961364              0.87749999999999961364 0
26.3.-0.0225              0.87749999999999961364 -0.9    Newton...              0.85499999999999964917              0.85499999999999964917 0
26.4.-0.0225              0.85499999999999964917 -0.9    Newton...              0.83249999999999968470              0.83249999999999968470 0
26.5.-0.0225              0.83249999999999968470 -0.9    Newton...              0.80999999999999972022              0.80999999999999972022 0
26.6.-0.0225              0.80999999999999972022 -0.9    Newton...              0.78749999999999975575              0.78749999999999975575 0
26.7.-0.0225              0.78749999999999975575 -0.9    Newton...              0.76499999999999979128              0.76499999999999979128 0
26.8.-0.0225              0.76499999999999979128 -0.9    Newton...              0.74249999999999982681              0.74249999999999982681 0
26.9.-0.0225              0.74249999999999982681 -0.9    Newton...              0.71999999999999986233              0.71999999999999986233 0
26.10.-0.0225              0.71999999999999986233 -0.9    Newton...              0.69749999999999989786              0.69749999999999989786 0
26.11.-0.0225              0.69749999999999989786 -0.9    Newton...              0.67499999999999993339              0.67499999999999993339 0
26.12.-0.0225              0.67499999999999993339 -0.9    Newton...              0.65249999999999996891              0.65249999999999996891 0
26.13.-0.0225              0.65249999999999996891 -0.9    Newton...              0.63000000000000000444              0.63000000000000000444 0
26.14.-0.0225              0.63000000000000000444 -0.9    Newton...              0.60750000000000003997              0.60750000000000003997 0
26.15.-0.0225              0.60750000000000003997 -0.9    Newton...              0.58500000000000007550              0.58500000000000007550 0
26.16.-0.0225              0.58500000000000007550 -0.9    Newton...              0.56250000000000011102              0.56250000000000011102 0
26.17.-0.0225              0.56250000000000011102 -0.9    Newton...              0.54000000000000014655              0.54000000000000014655 0
26.18.-0.0225              0.54000000000000014655 -0.9    Newton...              0.51750000000000018208              0.51750000000000018208 0
26.19.-0.0225              0.51750000000000018208 -0.9    Newton...              0.49500000000000016209              0.49500000000000016209 0
26.20.-0.0225              0.49500000000000016209 -0.9    Newton...              0.47250000000000014211              0.47250000000000014211 0
26.21.-0.0225              0.47250000000000014211 -0.9    Newton...              0.45000000000000012212              0.45000000000000012212 0
26.22.-0.0225              0.45000000000000012212 -0.9    Newton...              0.42750000000000010214              0.42750000000000010214 0
26.23.-0.0225              0.42750000000000010214 -0.9    Newton...              0.40500000000000008216              0.40500000000000008216 0
26.24.-0.0225              0.40500000000000008216 -0.9    Newton...              0.38250000000000006217              0.38250000000000006217 0
26.25.-0.0225              0.38250000000000006217 -0.9    Newton...              0.36000000000000004219              0.36000000000000004219 0
26.26.-0.0225              0.36000000000000004219 -0.9    Newton...              0.33750000000000002220              0.33750000000000002220 0
26.27.-0.0225              0.33750000000000002220 -0.9    Newton...              0.31500000000000000222              0.31500000000000000222 0
26.28.-0.0225              0.31500000000000000222 -0.9    Newton...              0.29249999999999998224              0.29249999999999998224 0
26.29.-0.0225              0.29249999999999998224 -0.9    Newton...              0.26999999999999996225              0.26999999999999996225 0
26.30.-0.0225              0.26999999999999996225 -0.9    Newton...              0.24749999999999997002              0.24749999999999997002 0
26.31.-0.0225              0.24749999999999997002 -0.9    Newton...              0.22499999999999997780              0.22499999999999997780 0
26.32.-0.0225              0.22499999999999997780 -0.9    Newton...              0.20249999999999998557              0.20249999999999998557 0
26.33.-0.0225              0.20249999999999998557 -0.9    Newton...              0.17999999999999999334              0.17999999999999999334 0
26.34.-0.0225              0.17999999999999999334 -0.9    Newton...              0.15750000000000000111              0.15750000000000000111 0
26.35.-0.0225              0.15750000000000000111 -0.9    Newton...              0.13500000000000000888              0.13500000000000000888 0
26.36.-0.0225              0.13500000000000000888 -0.9    Newton...              0.11250000000000001665              0.11250000000000001665 0
26.37.-0.0225              0.11250000000000001665 -0.9    Newton...              0.09000000000000002442              0.09000000000000002442 0
26.38.-0.0225              0.09000000000000002442 -0.9    Newton...              0.06750000000000003220              0.06750000000000003220 0
26.39.-0.0225              0.06750000000000003220 -0.9    Newton...              0.04500000000000003303              0.04500000000000003303 0
26.40.-0.0225              0.04500000000000003303 -0.9    Newton...              0.02250000000000003386              0.02250000000000003386 0
26.41.-0.0225              0.02250000000000003386 -0.9    Newton...              0.00000000000000003469              0.00000000000000003469 0
26.42.-0.0225              0.00000000000000003469 -0.9    Newton...             -0.02249999999999996447             -0.02249999999999996447 0
26.43.-0.0225             -0.02249999999999996447 -0.9    Newton...             -0.04499999999999996364             -0.04499999999999996364 0
26.44.-0.0225             -0.04499999999999996364 -0.9    Newton...             -0.06749999999999996281             -0.06749999999999996281 0
26.45.-0.0225             -0.06749999999999996281 -0.9    Newton...             -0.08999999999999995504             -0.08999999999999995504 0
26.46.-0.0225             -0.08999999999999995504 -0.9    Newton...             -0.11249999999999994726             -0.11249999999999994726 0
26.47.-0.0225             -0.11249999999999994726 -0.9    Newton...             -0.13499999999999995337             -0.13499999999999995337 0
26.48.-0.0225             -0.13499999999999995337 -0.9    Newton...             -0.15749999999999994560             -0.15749999999999994560 0
26.49.-0.0225             -0.15749999999999994560 -0.9    Newton...             -0.17999999999999993783             -0.17999999999999993783 0
26.50.-0.0225             -0.17999999999999993783 -0.9    Newton...             -0.20249999999999993006             -0.20249999999999993006 0
26.51.-0.0225             -0.20249999999999993006 -0.9    Newton...             -0.22499999999999992228             -0.22499999999999992228 0
26.52.-0.0225             -0.22499999999999992228 -0.9    Newton...             -0.24749999999999991451             -0.24749999999999991451 0
26.53.-0.0225             -0.24749999999999991451 -0.9    Newton...             -0.26999999999999990674             -0.26999999999999990674 0
26.54.-0.0225             -0.26999999999999990674 -0.9    Newton...             -0.29249999999999992673             -0.29249999999999992673 0
26.55.-0.0225             -0.29249999999999992673 -0.9    Newton...             -0.31499999999999994671             -0.31499999999999994671 0
26.56.-0.0225             -0.31499999999999994671 -0.9    Newton...             -0.33749999999999996669             -0.33749999999999996669 0
26.57.-0.0225             -0.33749999999999996669 -0.9    Newton...             -0.35999999999999998668             -0.35999999999999998668 0
26.58.-0.0225             -0.35999999999999998668 -0.9    Newton...             -0.38250000000000000666             -0.38250000000000000666 0
26.59.-0.0225             -0.38250000000000000666 -0.9    Newton...             -0.40500000000000002665             -0.40500000000000002665 0
26.60.-0.0225             -0.40500000000000002665 -0.9    Newton...             -0.42750000000000004663             -0.42750000000000004663 0
26.61.-0.0225             -0.42750000000000004663 -0.9    Newton...             -0.45000000000000006661             -0.45000000000000006661 0
26.62.-0.0225             -0.45000000000000006661 -0.9    Newton...             -0.47250000000000008660             -0.47250000000000008660 0
26.63.-0.0225             -0.47250000000000008660 -0.9    Newton...             -0.49500000000000010658             -0.49500000000000010658 0
26.64.-0.0225             -0.49500000000000010658 -0.9    Newton...             -0.51750000000000007105             -0.51750000000000007105 0
26.65.-0.0225             -0.51750000000000007105 -0.9    Newton...             -0.54000000000000003553             -0.54000000000000003553 0
26.66.-0.0225             -0.54000000000000003553 -0.9    Newton...             -0.56250000000000000000             -0.56250000000000000000 0
26.67.-0.0225             -0.56250000000000000000 -0.9    Newton...             -0.58499999999999996447             -0.58499999999999996447 0
26.68.-0.0225             -0.58499999999999996447 -0.9    Newton...             -0.60749999999999992895             -0.60749999999999992895 0
26.69.-0.0225             -0.60749999999999992895 -0.9    Newton...             -0.62999999999999989342             -0.62999999999999989342 0
26.70.-0.0225             -0.62999999999999989342 -0.9    Newton...             -0.65249999999999985789             -0.65249999999999985789 0
26.71.-0.0225             -0.65249999999999985789 -0.9    Newton...             -0.67499999999999982236             -0.67499999999999982236 0
26.72.-0.0225             -0.67499999999999982236 -0.9    Newton...             -0.69749999999999978684             -0.69749999999999978684 0
26.73.-0.0225             -0.69749999999999978684 -0.9    Newton...             -0.71999999999999975131             -0.71999999999999975131 0
26.74.-0.0225             -0.71999999999999975131 -0.9    Newton...             -0.74249999999999971578             -0.74249999999999971578 0
26.75.-0.0225             -0.74249999999999971578 -0.9    Newton...             -0.76499999999999968026             -0.76499999999999968026 0
26.76.-0.0225             -0.76499999999999968026 -0.9    Newton...             -0.78749999999999964473             -0.78749999999999964473 0
26.77.-0.0225             -0.78749999999999964473 -0.9    Newton...             -0.80999999999999960920             -0.80999999999999960920 0
26.78.-0.0225             -0.80999999999999960920 -0.9    Newton...             -0.83249999999999957367             -0.83249999999999957367 0
26.79.-0.0225             -0.83249999999999957367 -0.9    Newton...             -0.85499999999999953815             -0.85499999999999953815 0
26.80.-0.0225             -0.85499999999999953815 -0.9    Newton...             -0.87749999999999950262             -0.87749999999999950262 0
26.81.-0.0225             -0.87749999999999950262 -0.9    Newton...             -0.89999999999999946709             -0.89999999999999946709 0
26.82.-0.0225             -0.89999999999999946709 -0.9    Newton...             -0.92249999999999943157             -0.92249999999999943157 0
27.1.0.0225             -0.92249999999999943157 0.9    Newton...             -0.89999999999999946709             -0.89999999999999946709 0
27.2.0.0225             -0.89999999999999946709 0.9    Newton...             -0.87749999999999950262             -0.87749999999999950262 0
27.3.0.0225             -0.87749999999999950262 0.9    Newton...             -0.85499999999999953815             -0.85499999999999953815 0
27.4.0.0225             -0.85499999999999953815 0.9    Newton...             -0.83249999999999957367             -0.83249999999999957367 0
27.5.0.0225             -0.83249999999999957367 0.9    Newton...             -0.80999999999999960920             -0.80999999999999960920 0
27.6.0.0225             -0.80999999999999960920 0.9    Newton...             -0.78749999999999964473             -0.78749999999999964473 0
27.7.0.0225             -0.78749999999999964473 0.9    Newton...             -0.76499999999999968026             -0.76499999999999968026 0
27.8.0.0225             -0.76499999999999968026 0.9    Newton...             -0.74249999999999971578             -0.74249999999999971578 0
27.9.0.0225             -0.74249999999999971578 0.9    Newton...             -0.71999999999999975131             -0.71999999999999975131 0
27.10.0.0225             -0.71999999999999975131 0.9    Newton...             -0.69749999999999978684             -0.69749999999999978684 0
27.11.0.0225             -0.69749999999999978684 0.9    Newton...             -0.67499999999999982236             -0.67499999999999982236 0
27.12.0.0225             -0.67499999999999982236 0.9    Newton...             -0.65249999999999985789             -0.65249999999999985789 0
27.13.0.0225             -0.65249999999999985789 0.9    Newton...             -0.62999999999999989342             -0.62999999999999989342 0
27.14.0.0225             -0.62999999999999989342 0.9    Newton...             -0.60749999999999992895             -0.60749999999999992895 0
27.15.0.0225             -0.60749999999999992895 0.9    Newton...             -0.58499999999999996447             -0.58499999999999996447 0
27.16.0.0225             -0.58499999999999996447 0.9    Newton...             -0.56250000000000000000             -0.56250000000000000000 0
27.17.0.0225             -0.56250000000000000000 0.9    Newton...             -0.54000000000000003553             -0.54000000000000003553 0
27.18.0.0225             -0.54000000000000003553 0.9    Newton...             -0.51750000000000007105             -0.51750000000000007105 0
27.19.0.0225             -0.51750000000000007105 0.9    Newton...             -0.49500000000000005107             -0.49500000000000005107 0
27.20.0.0225             -0.49500000000000005107 0.9    Newton...             -0.47250000000000003109             -0.47250000000000003109 0
27.21.0.0225             -0.47250000000000003109 0.9    Newton...             -0.45000000000000001110             -0.45000000000000001110 0
27.22.0.0225             -0.45000000000000001110 0.9    Newton...             -0.42749999999999999112             -0.42749999999999999112 0
27.23.0.0225             -0.42749999999999999112 0.9    Newton...             -0.40499999999999997113             -0.40499999999999997113 0
27.24.0.0225             -0.40499999999999997113 0.9    Newton...             -0.38249999999999995115             -0.38249999999999995115 0
27.25.0.0225             -0.38249999999999995115 0.9    Newton...             -0.35999999999999993117             -0.35999999999999993117 0
27.26.0.0225             -0.35999999999999993117 0.9    Newton...             -0.33749999999999991118             -0.33749999999999991118 0
27.27.0.0225             -0.33749999999999991118 0.9    Newton...             -0.31499999999999989120             -0.31499999999999989120 0
27.28.0.0225             -0.31499999999999989120 0.9    Newton...             -0.29249999999999987121             -0.29249999999999987121 0
27.29.0.0225             -0.29249999999999987121 0.9    Newton...             -0.26999999999999985123             -0.26999999999999985123 0
27.30.0.0225             -0.26999999999999985123 0.9    Newton...             -0.24749999999999985900             -0.24749999999999985900 0
27.31.0.0225             -0.24749999999999985900 0.9    Newton...             -0.22499999999999986677             -0.22499999999999986677 0
27.32.0.0225             -0.22499999999999986677 0.9    Newton...             -0.20249999999999987454             -0.20249999999999987454 0
27.33.0.0225             -0.20249999999999987454 0.9    Newton...             -0.17999999999999988232             -0.17999999999999988232 0
27.34.0.0225             -0.17999999999999988232 0.9    Newton...             -0.15749999999999989009             -0.15749999999999989009 0
27.35.0.0225             -0.15749999999999989009 0.9    Newton...             -0.13499999999999989786             -0.13499999999999989786 0
27.36.0.0225             -0.13499999999999989786 0.9    Newton...             -0.11249999999999990563             -0.11249999999999990563 0
27.37.0.0225             -0.11249999999999990563 0.9    Newton...             -0.08999999999999991340             -0.08999999999999991340 0
27.38.0.0225             -0.08999999999999991340 0.9    Newton...             -0.06749999999999992117             -0.06749999999999992117 0
27.39.0.0225             -0.06749999999999992117 0.9    Newton...             -0.04499999999999992201             -0.04499999999999992201 0
27.40.0.0225             -0.04499999999999992201 0.9    Newton...             -0.02249999999999992284             -0.02249999999999992284 0
27.41.0.0225             -0.02249999999999992284 0.9    Newton...              0.00000000000000007633              0.00000000000000007633 0
27.42.0.0225              0.00000000000000007633 0.9    Newton...              0.02250000000000007550              0.02250000000000007550 0
27.43.0.0225              0.02250000000000007550 0.9    Newton...              0.04500000000000007466              0.04500000000000007466 0
27.44.0.0225              0.04500000000000007466 0.9    Newton...              0.06750000000000007383              0.06750000000000007383 0
27.45.0.0225              0.06750000000000007383 0.9    Newton...              0.09000000000000007994              0.09000000000000007994 0
27.46.0.0225              0.09000000000000007994 0.9    Newton...              0.11250000000000007216              0.11250000000000007216 0
27.47.0.0225              0.11250000000000007216 0.9    Newton...              0.13500000000000006439              0.13500000000000006439 0
27.48.0.0225              0.13500000000000006439 0.9    Newton...              0.15750000000000005662              0.15750000000000005662 0
27.49.0.0225              0.15750000000000005662 0.9    Newton...              0.18000000000000004885              0.18000000000000004885 0
27.50.0.0225              0.18000000000000004885 0.9    Newton...              0.20250000000000004108              0.20250000000000004108 0
27.51.0.0225              0.20250000000000004108 0.9    Newton...              0.22500000000000003331              0.22500000000000003331 0
27.52.0.0225              0.22500000000000003331 0.9    Newton...              0.24750000000000002554              0.24750000000000002554 0
27.53.0.0225              0.24750000000000002554 0.9    Newton...              0.27000000000000001776              0.27000000000000001776 0
27.54.0.0225              0.27000000000000001776 0.9    Newton...              0.29250000000000003775              0.29250000000000003775 0
27.55.0.0225              0.29250000000000003775 0.9    Newton...              0.31500000000000005773              0.31500000000000005773 0
27.56.0.0225              0.31500000000000005773 0.9    Newton...              0.33750000000000007772              0.33750000000000007772 0
27.57.0.0225              0.33750000000000007772 0.9    Newton...              0.36000000000000009770              0.36000000000000009770 0
27.58.0.0225              0.36000000000000009770 0.9    Newton...              0.38250000000000011768              0.38250000000000011768 0
27.59.0.0225              0.38250000000000011768 0.9    Newton...              0.40500000000000013767              0.40500000000000013767 0
27.60.0.0225              0.40500000000000013767 0.9    Newton...              0.42750000000000015765              0.42750000000000015765 0
27.61.0.0225              0.42750000000000015765 0.9    Newton...              0.45000000000000017764              0.45000000000000017764 0
27.62.0.0225              0.45000000000000017764 0.9    Newton...              0.47250000000000019762              0.47250000000000019762 0
27.63.0.0225              0.47250000000000019762 0.9    Newton...              0.49500000000000021760              0.49500000000000021760 0
27.64.0.0225              0.49500000000000021760 0.9    Newton...              0.51750000000000018208              0.51750000000000018208 0
27.65.0.0225              0.51750000000000018208 0.9    Newton...              0.54000000000000014655              0.54000000000000014655 0
27.66.0.0225              0.54000000000000014655 0.9    Newton...              0.56250000000000011102              0.56250000000000011102 0
27.67.0.0225              0.56250000000000011102 0.9    Newton...              0.58500000000000007550              0.58500000000000007550 0
27.68.0.0225              0.58500000000000007550 0.9    Newton...              0.60750000000000003997              0.60750000000000003997 0
27.69.0.0225              0.60750000000000003997 0.9    Newton...              0.63000000000000000444              0.63000000000000000444 0
27.70.0.0225              0.63000000000000000444 0.9    Newton...              0.65249999999999996891              0.65249999999999996891 0
27.71.0.0225              0.65249999999999996891 0.9    Newton...              0.67499999999999993339              0.67499999999999993339 0
27.72.0.0225              0.67499999999999993339 0.9    Newton...              0.69749999999999989786              0.69749999999999989786 0
27.73.0.0225              0.69749999999999989786 0.9    Newton...              0.71999999999999986233              0.71999999999999986233 0
27.74.0.0225              0.71999999999999986233 0.9    Newton...              0.74249999999999982681              0.74249999999999982681 0
27.75.0.0225              0.74249999999999982681 0.9    Newton...              0.76499999999999979128              0.76499999999999979128 0
27.76.0.0225              0.76499999999999979128 0.9    Newton...              0.78749999999999975575              0.78749999999999975575 0
27.77.0.0225              0.78749999999999975575 0.9    Newton...              0.80999999999999972022              0.80999999999999972022 0
27.78.0.0225              0.80999999999999972022 0.9    Newton...              0.83249999999999968470              0.83249999999999968470 0
27.79.0.0225              0.83249999999999968470 0.9    Newton...              0.85499999999999964917              0.85499999999999964917 0
27.80.0.0225              0.85499999999999964917 0.9    Newton...              0.87749999999999961364              0.87749999999999961364 0
27.81.0.0225              0.87749999999999961364 0.9    Newton...              0.89999999999999957812              0.89999999999999957812 0
27.82.0.0225              0.89999999999999957812 0.9    Newton...              0.92249999999999954259              0.92249999999999954259 0
28.1.-0.0225              0.92249999999999954259 -0.9    Newton...              0.89999999999999957812              0.89999999999999957812 0
28.2.-0.0225              0.89999999999999957812 -0.9    Newton...              0.87749999999999961364              0.87749999999999961364 0
28.3.-0.0225              0.87749999999999961364 -0.9    Newton...              0.85499999999999964917              0.85499999999999964917 0
28.4.-0.0225              0.85499999999999964917 -0.9    Newton...              0.83249999999999968470              0.83249999999999968470 0
28.5.-0.0225              0.83249999999999968470 -0.9    Newton...              0.80999999999999972022              0.80999999999999972022 0
28.6.-0.0225              0.80999999999999972022 -0.9    Newton...              0.78749999999999975575              0.78749999999999975575 0
28.7.-0.0225              0.78749999999999975575 -0.9    Newton...              0.76499999999999979128              0.76499999999999979128 0
28.8.-0.0225              0.76499999999999979128 -0.9    Newton...              0.74249999999999982681              0.74249999999999982681 0
28.9.-0.0225              0.74249999999999982681 -0.9    Newton...              0.71999999999999986233              0.71999999999999986233 0
28.10.-0.0225              0.71999999999999986233 -0.9    Newton...              0.69749999999999989786              0.69749999999999989786 0
28.11.-0.0225              0.69749999999999989786 -0.9    Newton...              0.67499999999999993339              0.67499999999999993339 0
28.12.-0.0225              0.67499999999999993339 -0.9    Newton...              0.65249999999999996891              0.65249999999999996891 0
28.13.-0.0225              0.65249999999999996891 -0.9    Newton...              0.63000000000000000444              0.63000000000000000444 0
28.14.-0.0225              0.63000000000000000444 -0.9    Newton...              0.60750000000000003997              0.60750000000000003997 0
28.15.-0.0225              0.60750000000000003997 -0.9    Newton...              0.58500000000000007550              0.58500000000000007550 0
28.16.-0.0225              0.58500000000000007550 -0.9    Newton...              0.56250000000000011102              0.56250000000000011102 0
28.17.-0.0225              0.56250000000000011102 -0.9    Newton...              0.54000000000000014655              0.54000000000000014655 0
28.18.-0.0225              0.54000000000000014655 -0.9    Newton...              0.51750000000000018208              0.51750000000000018208 0
28.19.-0.0225              0.51750000000000018208 -0.9    Newton...              0.49500000000000016209              0.49500000000000016209 0
28.20.-0.0225              0.49500000000000016209 -0.9    Newton...              0.47250000000000014211              0.47250000000000014211 0
28.21.-0.0225              0.47250000000000014211 -0.9    Newton...              0.45000000000000012212              0.45000000000000012212 0
28.22.-0.0225              0.45000000000000012212 -0.9    Newton...              0.42750000000000010214              0.42750000000000010214 0
28.23.-0.0225              0.42750000000000010214 -0.9    Newton...              0.40500000000000008216              0.40500000000000008216 0
28.24.-0.0225              0.40500000000000008216 -0.9    Newton...              0.38250000000000006217              0.38250000000000006217 0
28.25.-0.0225              0.38250000000000006217 -0.9    Newton...              0.36000000000000004219              0.36000000000000004219 0
28.26.-0.0225              0.36000000000000004219 -0.9    Newton...              0.33750000000000002220              0.33750000000000002220 0
28.27.-0.0225              0.33750000000000002220 -0.9    Newton...              0.31500000000000000222              0.31500000000000000222 0
28.28.-0.0225              0.31500000000000000222 -0.9    Newton...              0.29249999999999998224              0.29249999999999998224 0
28.29.-0.0225              0.29249999999999998224 -0.9    Newton...              0.26999999999999996225              0.26999999999999996225 0
28.30.-0.0225              0.26999999999999996225 -0.9    Newton...              0.24749999999999997002              0.24749999999999997002 0
28.31.-0.0225              0.24749999999999997002 -0.9    Newton...              0.22499999999999997780              0.22499999999999997780 0
28.32.-0.0225              0.22499999999999997780 -0.9    Newton...              0.20249999999999998557              0.20249999999999998557 0
28.33.-0.0225              0.20249999999999998557 -0.9    Newton...              0.17999999999999999334              0.17999999999999999334 0
28.34.-0.0225              0.17999999999999999334 -0.9    Newton...              0.15750000000000000111              0.15750000000000000111 0
28.35.-0.0225              0.15750000000000000111 -0.9    Newton...              0.13500000000000000888              0.13500000000000000888 0
28.36.-0.0225              0.13500000000000000888 -0.9    Newton...              0.11250000000000001665              0.11250000000000001665 0
28.37.-0.0225              0.11250000000000001665 -0.9    Newton...              0.09000000000000002442              0.09000000000000002442 0
28.38.-0.0225              0.09000000000000002442 -0.9    Newton...              0.06750000000000003220              0.06750000000000003220 0
28.39.-0.0225              0.06750000000000003220 -0.9    Newton...              0.04500000000000003303              0.04500000000000003303 0
28.40.-0.0225              0.04500000000000003303 -0.9    Newton...              0.02250000000000003386              0.02250000000000003386 0
28.41.-0.0225              0.02250000000000003386 -0.9    Newton...              0.00000000000000003469              0.00000000000000003469 0
28.42.-0.0225              0.00000000000000003469 -0.9    Newton...             -0.02249999999999996447             -0.02249999999999996447 0
28.43.-0.0225             -0.02249999999999996447 -0.9    Newton...             -0.04499999999999996364             -0.04499999999999996364 0
28.44.-0.0225             -0.04499999999999996364 -0.9    Newton...             -0.06749999999999996281             -0.06749999999999996281 0
28.45.-0.0225             -0.06749999999999996281 -0.9    Newton...             -0.08999999999999996891             -0.08999999999999996891 0
28.46.-0.0225             -0.08999999999999996891 -0.9    Newton...             -0.11249999999999996114             -0.11249999999999996114 0
28.47.-0.0225             -0.11249999999999996114 -0.9    Newton...             -0.13499999999999995337             -0.13499999999999995337 0
28.48.-0.0225             -0.13499999999999995337 -0.9    Newton...             -0.15749999999999994560             -0.15749999999999994560 0
28.49.-0.0225             -0.15749999999999994560 -0.9    Newton...             -0.17999999999999993783             -0.17999999999999993783 0
28.50.-0.0225             -0.17999999999999993783 -0.9    Newton...             -0.20249999999999993006             -0.20249999999999993006 0
28.51.-0.0225             -0.20249999999999993006 -0.9    Newton...             -0.22499999999999992228             -0.22499999999999992228 0
28.52.-0.0225             -0.22499999999999992228 -0.9    Newton...             -0.24749999999999991451             -0.24749999999999991451 0
28.53.-0.0225             -0.24749999999999991451 -0.9    Newton...             -0.26999999999999990674             -0.26999999999999990674 0
28.54.-0.0225             -0.26999999999999990674 -0.9    Newton...             -0.29249999999999992673             -0.29249999999999992673 0
28.55.-0.0225             -0.29249999999999992673 -0.9    Newton...             -0.31499999999999994671             -0.31499999999999994671 0
28.56.-0.0225             -0.31499999999999994671 -0.9    Newton...             -0.33749999999999996669             -0.33749999999999996669 0
28.57.-0.0225             -0.33749999999999996669 -0.9    Newton...             -0.35999999999999998668             -0.35999999999999998668 0
28.58.-0.0225             -0.35999999999999998668 -0.9    Newton...             -0.38250000000000000666             -0.38250000000000000666 0
28.59.-0.0225             -0.38250000000000000666 -0.9    Newton...             -0.40500000000000002665             -0.40500000000000002665 0
28.60.-0.0225             -0.40500000000000002665 -0.9    Newton...             -0.42750000000000004663             -0.42750000000000004663 0
28.61.-0.0225             -0.42750000000000004663 -0.9    Newton...             -0.45000000000000006661             -0.45000000000000006661 0
28.62.-0.0225             -0.45000000000000006661 -0.9    Newton...             -0.47250000000000008660             -0.47250000000000008660 0
28.63.-0.0225             -0.47250000000000008660 -0.9    Newton...             -0.49500000000000010658             -0.49500000000000010658 0
28.64.-0.0225             -0.49500000000000010658 -0.9    Newton...             -0.51750000000000007105             -0.51750000000000007105 0
28.65.-0.0225             -0.51750000000000007105 -0.9    Newton...             -0.54000000000000003553             -0.54000000000000003553 0
28.66.-0.0225             -0.54000000000000003553 -0.9    Newton...             -0.56250000000000000000             -0.56250000000000000000 0
28.67.-0.0225             -0.56250000000000000000 -0.9    Newton...             -0.58499999999999996447             -0.58499999999999996447 0
28.68.-0.0225             -0.58499999999999996447 -0.9    Newton...             -0.60749999999999992895             -0.60749999999999992895 0
28.69.-0.0225             -0.60749999999999992895 -0.9    Newton...             -0.62999999999999989342             -0.62999999999999989342 0
28.70.-0.0225             -0.62999999999999989342 -0.9    Newton...             -0.65249999999999985789             -0.65249999999999985789 0
28.71.-0.0225             -0.65249999999999985789 -0.9    Newton...             -0.67499999999999982236             -0.67499999999999982236 0
28.72.-0.0225             -0.67499999999999982236 -0.9    Newton...             -0.69749999999999978684             -0.69749999999999978684 0
28.73.-0.0225             -0.69749999999999978684 -0.9    Newton...             -0.71999999999999975131             -0.71999999999999975131 0
28.74.-0.0225             -0.71999999999999975131 -0.9    Newton...             -0.74249999999999971578             -0.74249999999999971578 0
28.75.-0.0225             -0.74249999999999971578 -0.9    Newton...             -0.76499999999999968026             -0.76499999999999968026 0
28.76.-0.0225             -0.76499999999999968026 -0.9    Newton...             -0.78749999999999964473             -0.78749999999999964473 0
28.77.-0.0225             -0.78749999999999964473 -0.9    Newton...             -0.80999999999999960920             -0.80999999999999960920 0
28.78.-0.0225             -0.80999999999999960920 -0.9    Newton...             -0.83249999999999957367             -0.83249999999999957367 0
28.79.-0.0225             -0.83249999999999957367 -0.9    Newton...             -0.85499999999999953815             -0.85499999999999953815 0
28.80.-0.0225             -0.85499999999999953815 -0.9    Newton...             -0.87749999999999950262             -0.87749999999999950262 0
28.81.-0.0225             -0.87749999999999950262 -0.9    Newton...             -0.89999999999999946709             -0.89999999999999946709 0
28.82.-0.0225             -0.89999999999999946709 -0.9    Newton...             -0.92249999999999943157             -0.92249999999999943157 0
29.1.0.0225             -0.92249999999999943157 1.3499999999999999    Newton...             -0.89999999999999946709             -0.89999999999999946709 0
29.2.0.0225             -0.89999999999999946709 1.3499999999999999    Newton...             -0.87749999999999950262             -0.87749999999999950262 0
29.3.0.0225             -0.87749999999999950262 1.3499999999999999    Newton...             -0.85499999999999953815             -0.85499999999999953815 0
29.4.0.0225             -0.85499999999999953815 1.3499999999999999    Newton...             -0.83249999999999957367             -0.83249999999999957367 0
29.5.0.0225             -0.83249999999999957367 1.3499999999999999    Newton...             -0.80999999999999960920             -0.80999999999999960920 0
29.6.0.0225             -0.80999999999999960920 1.3499999999999999    Newton...             -0.78749999999999964473             -0.78749999999999964473 0
29.7.0.0225             -0.78749999999999964473 1.3499999999999999    Newton...             -0.76499999999999968026             -0.76499999999999968026 0
29.8.0.0225             -0.76499999999999968026 1.3499999999999999    Newton...             -0.74249999999999971578             -0.74249999999999971578 0
29.9.0.0225             -0.74249999999999971578 1.3499999999999999    Newton...             -0.71999999999999975131             -0.71999999999999975131 0
29.10.0.0225             -0.71999999999999975131 1.3499999999999999    Newton...             -0.69749999999999978684             -0.69749999999999978684 0
29.11.0.0225             -0.69749999999999978684 1.3499999999999999    Newton...             -0.67499999999999982236             -0.67499999999999982236 0
29.12.0.0225             -0.67499999999999982236 1.3499999999999999    Newton...             -0.65249999999999985789             -0.65249999999999985789 0
29.13.0.0225             -0.65249999999999985789 1.3499999999999999    Newton...             -0.62999999999999989342             -0.62999999999999989342 0
29.14.0.0225             -0.62999999999999989342 1.3499999999999999    Newton...             -0.60749999999999992895             -0.60749999999999992895 0
29.15.0.0225             -0.60749999999999992895 1.3499999999999999    Newton...             -0.58499999999999996447             -0.58499999999999996447 0
29.16.0.0225             -0.58499999999999996447 1.3499999999999999    Newton...             -0.56250000000000000000             -0.56250000000000000000 0
29.17.0.0225             -0.56250000000000000000 1.3499999999999999    Newton...             -0.54000000000000003553             -0.54000000000000003553 0
29.18.0.0225             -0.54000000000000003553 1.3499999999999999    Newton...             -0.51750000000000007105             -0.51750000000000007105 0
29.19.0.0225             -0.51750000000000007105 1.3499999999999999    Newton...             -0.49500000000000005107             -0.49500000000000005107 0
29.20.0.0225             -0.49500000000000005107 1.3499999999999999    Newton...             -0.47250000000000003109             -0.47250000000000003109 0
29.21.0.0225             -0.47250000000000003109 1.3499999999999999    Newton...             -0.45000000000000001110             -0.45000000000000001110 0
29.22.0.0225             -0.45000000000000001110 1.3499999999999999    Newton...             -0.42749999999999999112             -0.42749999999999999112 0
29.23.0.0225             -0.42749999999999999112 1.3499999999999999    Newton...             -0.40499999999999997113             -0.40499999999999997113 0
29.24.0.0225             -0.40499999999999997113 1.3499999999999999    Newton...             -0.38249999999999995115             -0.38249999999999995115 0
29.25.0.0225             -0.38249999999999995115 1.3499999999999999    Newton...             -0.35999999999999993117             -0.35999999999999993117 0
29.26.0.0225             -0.35999999999999993117 1.3499999999999999    Newton...             -0.33749999999999991118             -0.33749999999999991118 0
29.27.0.0225             -0.33749999999999991118 1.3499999999999999    Newton...             -0.31499999999999989120             -0.31499999999999989120 0
29.28.0.0225             -0.31499999999999989120 1.3499999999999999    Newton...             -0.29249999999999987121             -0.29249999999999987121 0
29.29.0.0225             -0.29249999999999987121 1.3499999999999999    Newton...             -0.26999999999999985123             -0.26999999999999985123 0
29.30.0.0225             -0.26999999999999985123 1.3499999999999999    Newton...             -0.24749999999999985900             -0.24749999999999985900 0
29.31.0.0225             -0.24749999999999985900 1.3499999999999999    Newton...             -0.22499999999999986677             -0.22499999999999986677 0
29.32.0.0225             -0.22499999999999986677 1.3499999999999999    Newton...             -0.20249999999999987454             -0.20249999999999987454 0
29.33.0.0225             -0.20249999999999987454 1.3499999999999999    Newton...             -0.17999999999999988232             -0.17999999999999988232 0
29.34.0.0225             -0.17999999999999988232 1.3499999999999999    Newton...             -0.15749999999999989009             -0.15749999999999989009 0
29.35.0.0225             -0.15749999999999989009 1.3499999999999999    Newton...             -0.13499999999999989786             -0.13499999999999989786 0
29.36.0.0225             -0.13499999999999989786 1.3499999999999999    Newton...             -0.11249999999999990563             -0.11249999999999990563 0
29.37.0.0225             -0.11249999999999990563 1.3499999999999999    Newton...             -0.08999999999999991340             -0.08999999999999991340 0
29.38.0.0225             -0.08999999999999991340 1.3499999999999999    Newton...             -0.06749999999999992117             -0.06749999999999992117 0
29.39.0.0225             -0.06749999999999992117 1.3499999999999999    Newton...             -0.04499999999999992201             -0.04499999999999992201 0
29.40.0.0225             -0.04499999999999992201 1.3499999999999999    Newton...             -0.02249999999999992284             -0.02249999999999992284 0
29.41.0.0225             -0.02249999999999992284 1.3499999999999999    Newton...              0.00000000000000007633              0.00000000000000007633 0
29.42.0.0225              0.00000000000000007633 1.3499999999999999    Newton...              0.02250000000000007550              0.02250000000000007550 0
29.43.0.0225              0.02250000000000007550 1.3499999999999999    Newton...              0.04500000000000007466              0.04500000000000007466 0
29.44.0.0225              0.04500000000000007466 1.3499999999999999    Newton...              0.06750000000000007383              0.06750000000000007383 0
29.45.0.0225              0.06750000000000007383 1.3499999999999999    Newton...              0.09000000000000007994              0.09000000000000007994 0
29.46.0.0225              0.09000000000000007994 1.3499999999999999    Newton...              0.11250000000000007216              0.11250000000000007216 0
29.47.0.0225              0.11250000000000007216 1.3499999999999999    Newton...              0.13500000000000006439              0.13500000000000006439 0
29.48.0.0225              0.13500000000000006439 1.3499999999999999    Newton...              0.15750000000000005662              0.15750000000000005662 0
29.49.0.0225              0.15750000000000005662 1.3499999999999999    Newton...              0.18000000000000004885              0.18000000000000004885 0
29.50.0.0225              0.18000000000000004885 1.3499999999999999    Newton...              0.20250000000000004108              0.20250000000000004108 0
29.51.0.0225              0.20250000000000004108 1.3499999999999999    Newton...              0.22500000000000003331              0.22500000000000003331 0
29.52.0.0225              0.22500000000000003331 1.3499999999999999    Newton...              0.24750000000000002554              0.24750000000000002554 0
29.53.0.0225              0.24750000000000002554 1.3499999999999999    Newton...              0.27000000000000001776              0.27000000000000001776 0
29.54.0.0225              0.27000000000000001776 1.3499999999999999    Newton...              0.29250000000000003775              0.29250000000000003775 0
29.55.0.0225              0.29250000000000003775 1.3499999999999999    Newton...              0.31500000000000005773              0.31500000000000005773 0
29.56.0.0225              0.31500000000000005773 1.3499999999999999    Newton...              0.33750000000000007772              0.33750000000000007772 0
29.57.0.0225              0.33750000000000007772 1.3499999999999999    Newton...              0.36000000000000009770              0.36000000000000009770 0
29.58.0.0225              0.36000000000000009770 1.3499999999999999    Newton...              0.38250000000000011768              0.38250000000000011768 0
29.59.0.0225              0.38250000000000011768 1.3499999999999999    Newton...              0.40500000000000013767              0.40500000000000013767 0
29.60.0.0225              0.40500000000000013767 1.3499999999999999    Newton...              0.42750000000000015765              0.42750000000000015765 0
29.61.0.0225              0.42750000000000015765 1.3499999999999999    Newton...              0.45000000000000017764              0.45000000000000017764 0
29.62.0.0225              0.45000000000000017764 1.3499999999999999    Newton...              0.47250000000000019762              0.47250000000000019762 0
29.63.0.0225              0.47250000000000019762 1.3499999999999999    Newton...              0.49500000000000021760              0.49500000000000021760 0
29.64.0.0225              0.49500000000000021760 1.3499999999999999    Newton...              0.51750000000000018208              0.51750000000000018208 0
29.65.0.0225              0.51750000000000018208 1.3499999999999999    Newton...              0.54000000000000014655              0.54000000000000014655 0
29.66.0.0225              0.54000000000000014655 1.3499999999999999    Newton...              0.56250000000000011102              0.56250000000000011102 0
29.67.0.0225              0.56250000000000011102 1.3499999999999999    Newton...              0.58500000000000007550              0.58500000000000007550 0
29.68.0.0225              0.58500000000000007550 1.3499999999999999    Newton...              0.60750000000000003997              0.60750000000000003997 0
29.69.0.0225              0.60750000000000003997 1.3499999999999999    Newton...              0.63000000000000000444              0.63000000000000000444 0
29.70.0.0225              0.63000000000000000444 1.3499999999999999    Newton...              0.65249999999999996891              0.65249999999999996891 0
29.71.0.0225              0.65249999999999996891 1.3499999999999999    Newton...              0.67499999999999993339              0.67499999999999993339 0
29.72.0.0225              0.67499999999999993339 1.3499999999999999    Newton...              0.69749999999999989786              0.69749999999999989786 0
29.73.0.0225              0.69749999999999989786 1.3499999999999999    Newton...              0.71999999999999986233              0.71999999999999986233 0
29.74.0.0225              0.71999999999999986233 1.3499999999999999    Newton...              0.74249999999999982681              0.74249999999999982681 0
29.75.0.0225              0.74249999999999982681 1.3499999999999999    Newton...              0.76499999999999979128              0.76499999999999979128 0
29.76.0.0225              0.76499999999999979128 1.3499999999999999    Newton...              0.78749999999999975575              0.78749999999999975575 0
29.77.0.0225              0.78749999999999975575 1.3499999999999999    Newton...              0.80999999999999972022              0.80999999999999972022 0
29.78.0.0225              0.80999999999999972022 1.3499999999999999    Newton...              0.83249999999999968470              0.83249999999999968470 0
29.79.0.0225              0.83249999999999968470 1.3499999999999999    Newton...              0.85499999999999964917              0.85499999999999964917 0
29.80.0.0225              0.85499999999999964917 1.3499999999999999    Newton...              0.87749999999999961364              0.87749999999999961364 0
29.81.0.0225              0.87749999999999961364 1.3499999999999999    Newton...              0.89999999999999957812              0.89999999999999957812 0
29.82.0.0225              0.89999999999999957812 1.3499999999999999    Newton...              0.92249999999999954259              0.92249999999999954259 0
29.83.0.0225              0.92249999999999954259 1.3499999999999999    Newton...              0.94499999999999950706              0.94499999999999950706 0
29.84.0.0225              0.94499999999999950706 1.3499999999999999    Newton...              0.96749999999999947153              0.96749999999999947153 0
29.85.0.0225              0.96749999999999947153 1.3499999999999999    Newton...              0.98999999999999943601              0.98999999999999943601 0
29.86.0.0225              0.98999999999999943601 1.3499999999999999    Newton...              1.01249999999999951150              1.01249999999999951150 0
29.87.0.0225              1.01249999999999951150 1.3499999999999999    Newton...              1.03499999999999947597              1.03499999999999947597 0
29.88.0.0225              1.03499999999999947597 1.3499999999999999    Newton...              1.05749999999999944045              1.05749999999999944045 0
29.89.0.0225              1.05749999999999944045 1.3499999999999999    Newton...              1.07999999999999940492              1.07999999999999940492 0
29.90.0.0225              1.07999999999999940492 1.3499999999999999    Newton...              1.10249999999999936939              1.10249999999999936939 0
29.91.0.0225              1.10249999999999936939 1.3499999999999999    Newton...              1.12499999999999933387              1.12499999999999933387 0
29.92.0.0225              1.12499999999999933387 1.3499999999999999    Newton...              1.14749999999999929834              1.14749999999999929834 0
29.93.0.0225              1.14749999999999929834 1.3499999999999999    Newton...              1.16999999999999926281              1.16999999999999926281 0
29.94.0.0225              1.16999999999999926281 1.3499999999999999    Newton...              1.19249999999999922728              1.19249999999999922728 0
29.95.0.0225              1.19249999999999922728 1.3499999999999999    Newton...              1.21499999999999919176              1.21499999999999919176 0
29.96.0.0225              1.21499999999999919176 1.3499999999999999    Newton...              1.23749999999999915623              1.23749999999999915623 0
29.97.0.0225              1.23749999999999915623 1.3499999999999999    Newton...              1.25999999999999912070              1.25999999999999912070 0
29.98.0.0225              1.25999999999999912070 1.3499999999999999    Newton...              1.28249999999999908518              1.28249999999999908518 0
29.99.0.0225              1.28249999999999908518 1.3499999999999999    Newton...              1.30499999999999904965              1.30499999999999904965 0
29.100.0.0225              1.30499999999999904965 1.3499999999999999    Newton...              1.32749999999999901412              1.32749999999999901412 0
29.101.0.0225              1.32749999999999901412 1.3499999999999999    Newton...              1.34999999999999897859              1.34999999999999897859 0
29.102.0.0225              1.34999999999999897859 1.3499999999999999    Newton...              1.37249999999999894307              1.37249999999999894307 0
30.1.-0.0225              1.37249999999999894307 -1.3499999999999999    Newton...              1.34999999999999897859              1.34999999999999897859 0
30.2.-0.0225              1.34999999999999897859 -1.3499999999999999    Newton...              1.32749999999999901412              1.32749999999999901412 0
30.3.-0.0225              1.32749999999999901412 -1.3499999999999999    Newton...              1.30499999999999904965              1.30499999999999904965 0
30.4.-0.0225              1.30499999999999904965 -1.3499999999999999    Newton...              1.28249999999999908518              1.28249999999999908518 0
30.5.-0.0225              1.28249999999999908518 -1.3499999999999999    Newton...              1.25999999999999912070              1.25999999999999912070 0
30.6.-0.0225              1.25999999999999912070 -1.3499999999999999    Newton...              1.23749999999999915623              1.23749999999999915623 0
30.7.-0.0225              1.23749999999999915623 -1.3499999999999999    Newton...              1.21499999999999919176              1.21499999999999919176 0
30.8.-0.0225              1.21499999999999919176 -1.3499999999999999    Newton...              1.19249999999999922728              1.19249999999999922728 0
30.9.-0.0225              1.19249999999999922728 -1.3499999999999999    Newton...              1.16999999999999926281              1.16999999999999926281 0
30.10.-0.0225              1.16999999999999926281 -1.3499999999999999    Newton...              1.14749999999999929834              1.14749999999999929834 0
30.11.-0.0225              1.14749999999999929834 -1.3499999999999999    Newton...              1.12499999999999933387              1.12499999999999933387 0
30.12.-0.0225              1.12499999999999933387 -1.3499999999999999    Newton...              1.10249999999999936939              1.10249999999999936939 0
30.13.-0.0225              1.10249999999999936939 -1.3499999999999999    Newton...              1.07999999999999940492              1.07999999999999940492 0
30.14.-0.0225              1.07999999999999940492 -1.3499999999999999    Newton...              1.05749999999999944045              1.05749999999999944045 0
30.15.-0.0225              1.05749999999999944045 -1.3499999999999999    Newton...              1.03499999999999947597              1.03499999999999947597 0
30.16.-0.0225              1.03499999999999947597 -1.3499999999999999    Newton...              1.01249999999999951150              1.01249999999999951150 0
30.17.-0.0225              1.01249999999999951150 -1.3499999999999999    Newton...              0.98999999999999954703              0.98999999999999954703 0
30.18.-0.0225              0.98999999999999954703 -1.3499999999999999    Newton...              0.96749999999999958256              0.96749999999999958256 0
30.19.-0.0225              0.96749999999999958256 -1.3499999999999999    Newton...              0.94499999999999961808              0.94499999999999961808 0
30.20.-0.0225              0.94499999999999961808 -1.3499999999999999    Newton...              0.92249999999999965361              0.92249999999999965361 0
30.21.-0.0225              0.92249999999999965361 -1.3499999999999999    Newton...              0.89999999999999968914              0.89999999999999968914 0
30.22.-0.0225              0.89999999999999968914 -1.3499999999999999    Newton...              0.87749999999999972466              0.87749999999999972466 0
30.23.-0.0225              0.87749999999999972466 -1.3499999999999999    Newton...              0.85499999999999976019              0.85499999999999976019 0
30.24.-0.0225              0.85499999999999976019 -1.3499999999999999    Newton...              0.83249999999999979572              0.83249999999999979572 0
30.25.-0.0225              0.83249999999999979572 -1.3499999999999999    Newton...              0.80999999999999983125              0.80999999999999983125 0
30.26.-0.0225              0.80999999999999983125 -1.3499999999999999    Newton...              0.78749999999999986677              0.78749999999999986677 0
30.27.-0.0225              0.78749999999999986677 -1.3499999999999999    Newton...              0.76499999999999990230              0.76499999999999990230 0
30.28.-0.0225              0.76499999999999990230 -1.3499999999999999    Newton...              0.74249999999999993783              0.74249999999999993783 0
30.29.-0.0225              0.74249999999999993783 -1.3499999999999999    Newton...              0.71999999999999997335              0.71999999999999997335 0
30.30.-0.0225              0.71999999999999997335 -1.3499999999999999    Newton...              0.69750000000000000888              0.69750000000000000888 0
30.31.-0.0225              0.69750000000000000888 -1.3499999999999999    Newton...              0.67500000000000004441              0.67500000000000004441 0
30.32.-0.0225              0.67500000000000004441 -1.3499999999999999    Newton...              0.65250000000000007994              0.65250000000000007994 0
30.33.-0.0225              0.65250000000000007994 -1.3499999999999999    Newton...              0.63000000000000011546              0.63000000000000011546 0
30.34.-0.0225              0.63000000000000011546 -1.3499999999999999    Newton...              0.60750000000000015099              0.60750000000000015099 0
30.35.-0.0225              0.60750000000000015099 -1.3499999999999999    Newton...              0.58500000000000018652              0.58500000000000018652 0
30.36.-0.0225              0.58500000000000018652 -1.3499999999999999    Newton...              0.56250000000000022204              0.56250000000000022204 0
30.37.-0.0225              0.56250000000000022204 -1.3499999999999999    Newton...              0.54000000000000025757              0.54000000000000025757 0
30.38.-0.0225              0.54000000000000025757 -1.3499999999999999    Newton...              0.51750000000000029310              0.51750000000000029310 0
30.39.-0.0225              0.51750000000000029310 -1.3499999999999999    Newton...              0.49500000000000027311              0.49500000000000027311 0
30.40.-0.0225              0.49500000000000027311 -1.3499999999999999    Newton...              0.47250000000000025313              0.47250000000000025313 0
30.41.-0.0225              0.47250000000000025313 -1.3499999999999999    Newton...              0.45000000000000023315              0.45000000000000023315 0
30.42.-0.0225              0.45000000000000023315 -1.3499999999999999    Newton...              0.42750000000000021316              0.42750000000000021316 0
30.43.-0.0225              0.42750000000000021316 -1.3499999999999999    Newton...              0.40500000000000019318              0.40500000000000019318 0
30.44.-0.0225              0.40500000000000019318 -1.3499999999999999    Newton...              0.38250000000000017319              0.38250000000000017319 0
30.45.-0.0225              0.38250000000000017319 -1.3499999999999999    Newton...              0.36000000000000015321              0.36000000000000015321 0
30.46.-0.0225              0.36000000000000015321 -1.3499999999999999    Newton...              0.33750000000000013323              0.33750000000000013323 0
30.47.-0.0225              0.33750000000000013323 -1.3499999999999999    Newton...              0.31500000000000011324              0.31500000000000011324 0
30.48.-0.0225              0.31500000000000011324 -1.3499999999999999    Newton...              0.29250000000000009326              0.29250000000000009326 0
30.49.-0.0225              0.29250000000000009326 -1.3499999999999999    Newton...              0.27000000000000007327              0.27000000000000007327 0
30.50.-0.0225              0.27000000000000007327 -1.3499999999999999    Newton...              0.24750000000000008105              0.24750000000000008105 0
30.51.-0.0225              0.24750000000000008105 -1.3499999999999999    Newton...              0.22500000000000008882              0.22500000000000008882 0
30.52.-0.0225              0.22500000000000008882 -1.3499999999999999    Newton...              0.20250000000000009659              0.20250000000000009659 0
30.53.-0.0225              0.20250000000000009659 -1.3499999999999999    Newton...              0.18000000000000010436              0.18000000000000010436 0
30.54.-0.0225              0.18000000000000010436 -1.3499999999999999    Newton...              0.15750000000000011213              0.15750000000000011213 0
30.55.-0.0225              0.15750000000000011213 -1.3499999999999999    Newton...              0.13500000000000011990              0.13500000000000011990 0
30.56.-0.0225              0.13500000000000011990 -1.3499999999999999    Newton...              0.11250000000000012768              0.11250000000000012768 0
30.57.-0.0225              0.11250000000000012768 -1.3499999999999999    Newton...              0.09000000000000013545              0.09000000000000013545 0
30.58.-0.0225              0.09000000000000013545 -1.3499999999999999    Newton...              0.06750000000000014322              0.06750000000000014322 0
30.59.-0.0225              0.06750000000000014322 -1.3499999999999999    Newton...              0.04500000000000014405              0.04500000000000014405 0
30.60.-0.0225              0.04500000000000014405 -1.3499999999999999    Newton...              0.02250000000000014488              0.02250000000000014488 0
30.61.-0.0225              0.02250000000000014488 -1.3499999999999999    Newton...              0.00000000000000014572              0.00000000000000014572 0
30.62.-0.0225              0.00000000000000014572 -1.3499999999999999    Newton...             -0.02249999999999985345             -0.02249999999999985345 0
30.63.-0.0225             -0.02249999999999985345 -1.3499999999999999    Newton...             -0.04499999999999985262             -0.04499999999999985262 0
30.64.-0.0225             -0.04499999999999985262 -1.3499999999999999    Newton...             -0.06749999999999985179             -0.06749999999999985179 0
30.65.-0.0225             -0.06749999999999985179 -1.3499999999999999    Newton...             -0.08999999999999985789             -0.08999999999999985789 0
30.66.-0.0225             -0.08999999999999985789 -1.3499999999999999    Newton...             -0.11249999999999985012             -0.11249999999999985012 0
30.67.-0.0225             -0.11249999999999985012 -1.3499999999999999    Newton...             -0.13499999999999984235             -0.13499999999999984235 0
30.68.-0.0225             -0.13499999999999984235 -1.3499999999999999    Newton...             -0.15749999999999983458             -0.15749999999999983458 0
30.69.-0.0225             -0.15749999999999983458 -1.3499999999999999    Newton...             -0.17999999999999982681             -0.17999999999999982681 0
30.70.-0.0225             -0.17999999999999982681 -1.3499999999999999    Newton...             -0.20249999999999981903             -0.20249999999999981903 0
30.71.-0.0225             -0.20249999999999981903 -1.3499999999999999    Newton...             -0.22499999999999981126             -0.22499999999999981126 0
30.72.-0.0225             -0.22499999999999981126 -1.3499999999999999    Newton...             -0.24749999999999980349             -0.24749999999999980349 0
30.73.-0.0225             -0.24749999999999980349 -1.3499999999999999    Newton...             -0.26999999999999979572             -0.26999999999999979572 0
30.74.-0.0225             -0.26999999999999979572 -1.3499999999999999    Newton...             -0.29249999999999981570             -0.29249999999999981570 0
30.75.-0.0225             -0.29249999999999981570 -1.3499999999999999    Newton...             -0.31499999999999983569             -0.31499999999999983569 0
30.76.-0.0225             -0.31499999999999983569 -1.3499999999999999    Newton...             -0.33749999999999985567             -0.33749999999999985567 0
30.77.-0.0225             -0.33749999999999985567 -1.3499999999999999    Newton...             -0.35999999999999987566             -0.35999999999999987566 0
30.78.-0.0225             -0.35999999999999987566 -1.3499999999999999    Newton...             -0.38249999999999989564             -0.38249999999999989564 0
30.79.-0.0225             -0.38249999999999989564 -1.3499999999999999    Newton...             -0.40499999999999991562             -0.40499999999999991562 0
30.80.-0.0225             -0.40499999999999991562 -1.3499999999999999    Newton...             -0.42749999999999993561             -0.42749999999999993561 0
30.81.-0.0225             -0.42749999999999993561 -1.3499999999999999    Newton...             -0.44999999999999995559             -0.44999999999999995559 0
30.82.-0.0225             -0.44999999999999995559 -1.3499999999999999    Newton...             -0.47249999999999997558             -0.47249999999999997558 0
30.83.-0.0225             -0.47249999999999997558 -1.3499999999999999    Newton...             -0.49499999999999999556             -0.49499999999999999556 0
30.84.-0.0225             -0.49499999999999999556 -1.3499999999999999    Newton...             -0.51749999999999996003             -0.51749999999999996003 0
30.85.-0.0225             -0.51749999999999996003 -1.3499999999999999    Newton...             -0.53999999999999992450             -0.53999999999999992450 0
30.86.-0.0225             -0.53999999999999992450 -1.3499999999999999    Newton...             -0.56249999999999988898             -0.56249999999999988898 0
30.87.-0.0225             -0.56249999999999988898 -1.3499999999999999    Newton...             -0.58499999999999985345             -0.58499999999999985345 0
30.88.-0.0225             -0.58499999999999985345 -1.3499999999999999    Newton...             -0.60749999999999981792             -0.60749999999999981792 0
30.89.-0.0225             -0.60749999999999981792 -1.3499999999999999    Newton...             -0.62999999999999978240             -0.62999999999999978240 0
30.90.-0.0225             -0.62999999999999978240 -1.3499999999999999    Newton...             -0.65249999999999974687             -0.65249999999999974687 0
30.91.-0.0225             -0.65249999999999974687 -1.3499999999999999    Newton...             -0.67499999999999971134             -0.67499999999999971134 0
30.92.-0.0225             -0.67499999999999971134 -1.3499999999999999    Newton...             -0.69749999999999967581             -0.69749999999999967581 0
30.93.-0.0225             -0.69749999999999967581 -1.3499999999999999    Newton...             -0.71999999999999964029             -0.71999999999999964029 0
30.94.-0.0225             -0.71999999999999964029 -1.3499999999999999    Newton...             -0.74249999999999960476             -0.74249999999999960476 0
30.95.-0.0225             -0.74249999999999960476 -1.3499999999999999    Newton...             -0.76499999999999956923             -0.76499999999999956923 0
30.96.-0.0225             -0.76499999999999956923 -1.3499999999999999    Newton...             -0.78749999999999953371             -0.78749999999999953371 0
30.97.-0.0225             -0.78749999999999953371 -1.3499999999999999    Newton...             -0.80999999999999949818             -0.80999999999999949818 0
30.98.-0.0225             -0.80999999999999949818 -1.3499999999999999    Newton...             -0.83249999999999946265             -0.83249999999999946265 0
30.99.-0.0225             -0.83249999999999946265 -1.3499999999999999    Newton...             -0.85499999999999942712             -0.85499999999999942712 0
30.100.-0.0225             -0.85499999999999942712 -1.3499999999999999    Newton...             -0.87749999999999939160             -0.87749999999999939160 0
30.101.-0.0225             -0.87749999999999939160 -1.3499999999999999    Newton...             -0.89999999999999935607             -0.89999999999999935607 0
30.102.-0.0225             -0.89999999999999935607 -1.3499999999999999    Newton...             -0.92249999999999932054             -0.92249999999999932054 0
30.103.-0.0225             -0.92249999999999932054 -1.3499999999999999    Newton...             -0.94499999999999928502             -0.94499999999999928502 0
30.104.-0.0225             -0.94499999999999928502 -1.3499999999999999    Newton...             -0.96749999999999924949             -0.96749999999999924949 0
30.105.-0.0225             -0.96749999999999924949 -1.3499999999999999    Newton...             -0.98999999999999921396             -0.98999999999999921396 0
30.106.-0.0225             -0.98999999999999921396 -1.3499999999999999    Newton...             -1.01249999999999928946             -1.01249999999999928946 0
30.107.-0.0225             -1.01249999999999928946 -1.3499999999999999    Newton...             -1.03499999999999925393             -1.03499999999999925393 0
30.108.-0.0225             -1.03499999999999925393 -1.3499999999999999    Newton...             -1.05749999999999921840             -1.05749999999999921840 0
30.109.-0.0225             -1.05749999999999921840 -1.3499999999999999    Newton...             -1.07999999999999918288             -1.07999999999999918288 0
30.110.-0.0225             -1.07999999999999918288 -1.3499999999999999    Newton...             -1.10249999999999914735             -1.10249999999999914735 0
30.111.-0.0225             -1.10249999999999914735 -1.3499999999999999    Newton...             -1.12499999999999911182             -1.12499999999999911182 0
30.112.-0.0225             -1.12499999999999911182 -1.3499999999999999    Newton...             -1.14749999999999907629             -1.14749999999999907629 0
30.113.-0.0225             -1.14749999999999907629 -1.3499999999999999    Newton...             -1.16999999999999904077             -1.16999999999999904077 0
30.114.-0.0225             -1.16999999999999904077 -1.3499999999999999    Newton...             -1.19249999999999900524             -1.19249999999999900524 0
30.115.-0.0225             -1.19249999999999900524 -1.3499999999999999    Newton...             -1.21499999999999896971             -1.21499999999999896971 0
30.116.-0.0225             -1.21499999999999896971 -1.3499999999999999    Newton...             -1.23749999999999893419             -1.23749999999999893419 0
30.117.-0.0225             -1.23749999999999893419 -1.3499999999999999    Newton...             -1.25999999999999889866             -1.25999999999999889866 0
30.118.-0.0225             -1.25999999999999889866 -1.3499999999999999    Newton...             -1.28249999999999886313             -1.28249999999999886313 0
30.119.-0.0225             -1.28249999999999886313 -1.3499999999999999    Newton...             -1.30499999999999882760             -1.30499999999999882760 0
30.120.-0.0225             -1.30499999999999882760 -1.3499999999999999    Newton...             -1.32749999999999879208             -1.32749999999999879208 0
30.121.-0.0225             -1.32749999999999879208 -1.3499999999999999    Newton...             -1.34999999999999875655             -1.34999999999999875655 0
30.122.-0.0225             -1.34999999999999875655 -1.3499999999999999    Newton...             -1.37249999999999872102             -1.37249999999999872102 0
31.1.0.0225             -1.37249999999999872102 1.3499999999999999    Newton...             -1.34999999999999875655             -1.34999999999999875655 0
31.2.0.0225             -1.34999999999999875655 1.3499999999999999    Newton...             -1.32749999999999879208             -1.32749999999999879208 0
31.3.0.0225             -1.32749999999999879208 1.3499999999999999    Newton...             -1.30499999999999882760             -1.30499999999999882760 0
31.4.0.0225             -1.30499999999999882760 1.3499999999999999    Newton...             -1.28249999999999886313             -1.28249999999999886313 0
31.5.0.0225             -1.28249999999999886313 1.3499999999999999    Newton...             -1.25999999999999889866             -1.25999999999999889866 0
31.6.0.0225             -1.25999999999999889866 1.3499999999999999    Newton...             -1.23749999999999893419             -1.23749999999999893419 0
31.7.0.0225             -1.23749999999999893419 1.3499999999999999    Newton...             -1.21499999999999896971             -1.21499999999999896971 0
31.8.0.0225             -1.21499999999999896971 1.3499999999999999    Newton...             -1.19249999999999900524             -1.19249999999999900524 0
31.9.0.0225             -1.19249999999999900524 1.3499999999999999    Newton...             -1.16999999999999904077             -1.16999999999999904077 0
31.10.0.0225             -1.16999999999999904077 1.3499999999999999    Newton...             -1.14749999999999907629             -1.14749999999999907629 0
31.11.0.0225             -1.14749999999999907629 1.3499999999999999    Newton...             -1.12499999999999911182             -1.12499999999999911182 0
31.12.0.0225             -1.12499999999999911182 1.3499999999999999    Newton...             -1.10249999999999914735             -1.10249999999999914735 0
31.13.0.0225             -1.10249999999999914735 1.3499999999999999    Newton...             -1.07999999999999918288             -1.07999999999999918288 0
31.14.0.0225             -1.07999999999999918288 1.3499999999999999    Newton...             -1.05749999999999921840             -1.05749999999999921840 0
31.15.0.0225             -1.05749999999999921840 1.3499999999999999    Newton...             -1.03499999999999925393             -1.03499999999999925393 0
31.16.0.0225             -1.03499999999999925393 1.3499999999999999    Newton...             -1.01249999999999928946             -1.01249999999999928946 0
31.17.0.0225             -1.01249999999999928946 1.3499999999999999    Newton...             -0.98999999999999932498             -0.98999999999999932498 0
31.18.0.0225             -0.98999999999999932498 1.3499999999999999    Newton...             -0.96749999999999936051             -0.96749999999999936051 0
31.19.0.0225             -0.96749999999999936051 1.3499999999999999    Newton...             -0.94499999999999939604             -0.94499999999999939604 0
31.20.0.0225             -0.94499999999999939604 1.3499999999999999    Newton...             -0.92249999999999943157             -0.92249999999999943157 0
31.21.0.0225             -0.92249999999999943157 1.3499999999999999    Newton...             -0.89999999999999946709             -0.89999999999999946709 0
31.22.0.0225             -0.89999999999999946709 1.3499999999999999    Newton...             -0.87749999999999950262             -0.87749999999999950262 0
31.23.0.0225             -0.87749999999999950262 1.3499999999999999    Newton...             -0.85499999999999953815             -0.85499999999999953815 0
31.24.0.0225             -0.85499999999999953815 1.3499999999999999    Newton...             -0.83249999999999957367             -0.83249999999999957367 0
31.25.0.0225             -0.83249999999999957367 1.3499999999999999    Newton...             -0.80999999999999960920             -0.80999999999999960920 0
31.26.0.0225             -0.80999999999999960920 1.3499999999999999    Newton...             -0.78749999999999964473             -0.78749999999999964473 0
31.27.0.0225             -0.78749999999999964473 1.3499999999999999    Newton...             -0.76499999999999968026             -0.76499999999999968026 0
31.28.0.0225             -0.76499999999999968026 1.3499999999999999    Newton...             -0.74249999999999971578             -0.74249999999999971578 0
31.29.0.0225             -0.74249999999999971578 1.3499999999999999    Newton...             -0.71999999999999975131             -0.71999999999999975131 0
31.30.0.0225             -0.71999999999999975131 1.3499999999999999    Newton...             -0.69749999999999978684             -0.69749999999999978684 0
31.31.0.0225             -0.69749999999999978684 1.3499999999999999    Newton...             -0.67499999999999982236             -0.67499999999999982236 0
31.32.0.0225             -0.67499999999999982236 1.3499999999999999    Newton...             -0.65249999999999985789             -0.65249999999999985789 0
31.33.0.0225             -0.65249999999999985789 1.3499999999999999    Newton...             -0.62999999999999989342             -0.62999999999999989342 0
31.34.0.0225             -0.62999999999999989342 1.3499999999999999    Newton...             -0.60749999999999992895             -0.60749999999999992895 0
31.35.0.0225             -0.60749999999999992895 1.3499999999999999    Newton...             -0.58499999999999996447             -0.58499999999999996447 0
31.36.0.0225             -0.58499999999999996447 1.3499999999999999    Newton...             -0.56250000000000000000             -0.56250000000000000000 0
31.37.0.0225             -0.56250000000000000000 1.3499999999999999    Newton...             -0.54000000000000003553             -0.54000000000000003553 0
31.38.0.0225             -0.54000000000000003553 1.3499999999999999    Newton...             -0.51750000000000007105             -0.51750000000000007105 0
31.39.0.0225             -0.51750000000000007105 1.3499999999999999    Newton...             -0.49500000000000005107             -0.49500000000000005107 0
31.40.0.0225             -0.49500000000000005107 1.3499999999999999    Newton...             -0.47250000000000003109             -0.47250000000000003109 0
31.41.0.0225             -0.47250000000000003109 1.3499999999999999    Newton...             -0.45000000000000001110             -0.45000000000000001110 0
31.42.0.0225             -0.45000000000000001110 1.3499999999999999    Newton...             -0.42749999999999999112             -0.42749999999999999112 0
31.43.0.0225             -0.42749999999999999112 1.3499999999999999    Newton...             -0.40499999999999997113             -0.40499999999999997113 0
31.44.0.0225             -0.40499999999999997113 1.3499999999999999    Newton...             -0.38249999999999995115             -0.38249999999999995115 0
31.45.0.0225             -0.38249999999999995115 1.3499999999999999    Newton...             -0.35999999999999993117             -0.35999999999999993117 0
31.46.0.0225             -0.35999999999999993117 1.3499999999999999    Newton...             -0.33749999999999991118             -0.33749999999999991118 0
31.47.0.0225             -0.33749999999999991118 1.3499999999999999    Newton...             -0.31499999999999989120             -0.31499999999999989120 0
31.48.0.0225             -0.31499999999999989120 1.3499999999999999    Newton...             -0.29249999999999987121             -0.29249999999999987121 0
31.49.0.0225             -0.29249999999999987121 1.3499999999999999    Newton...             -0.26999999999999985123             -0.26999999999999985123 0
31.50.0.0225             -0.26999999999999985123 1.3499999999999999    Newton...             -0.24749999999999985900             -0.24749999999999985900 0
31.51.0.0225             -0.24749999999999985900 1.3499999999999999    Newton...             -0.22499999999999986677             -0.22499999999999986677 0
31.52.0.0225             -0.22499999999999986677 1.3499999999999999    Newton...             -0.20249999999999987454             -0.20249999999999987454 0
31.53.0.0225             -0.20249999999999987454 1.3499999999999999    Newton...             -0.17999999999999988232             -0.17999999999999988232 0
31.54.0.0225             -0.17999999999999988232 1.3499999999999999    Newton...             -0.15749999999999989009             -0.15749999999999989009 0
31.55.0.0225             -0.15749999999999989009 1.3499999999999999    Newton...             -0.13499999999999989786             -0.13499999999999989786 0
31.56.0.0225             -0.13499999999999989786 1.3499999999999999    Newton...             -0.11249999999999990563             -0.11249999999999990563 0
31.57.0.0225             -0.11249999999999990563 1.3499999999999999    Newton...             -0.08999999999999991340             -0.08999999999999991340 0
31.58.0.0225             -0.08999999999999991340 1.3499999999999999    Newton...             -0.06749999999999992117             -0.06749999999999992117 0
31.59.0.0225             -0.06749999999999992117 1.3499999999999999    Newton...             -0.04499999999999992201             -0.04499999999999992201 0
31.60.0.0225             -0.04499999999999992201 1.3499999999999999    Newton...             -0.02249999999999992284             -0.02249999999999992284 0
31.61.0.0225             -0.02249999999999992284 1.3499999999999999    Newton...              0.00000000000000007633              0.00000000000000007633 0
31.62.0.0225              0.00000000000000007633 1.3499999999999999    Newton...              0.02250000000000007550              0.02250000000000007550 0
31.63.0.0225              0.02250000000000007550 1.3499999999999999    Newton...              0.04500000000000007466              0.04500000000000007466 0
31.64.0.0225              0.04500000000000007466 1.3499999999999999    Newton...              0.06750000000000007383              0.06750000000000007383 0
31.65.0.0225              0.06750000000000007383 1.3499999999999999    Newton...              0.09000000000000007994              0.09000000000000007994 0
31.66.0.0225              0.09000000000000007994 1.3499999999999999    Newton...              0.11250000000000007216              0.11250000000000007216 0
31.67.0.0225              0.11250000000000007216 1.3499999999999999    Newton...              0.13500000000000006439              0.13500000000000006439 0
31.68.0.0225              0.13500000000000006439 1.3499999999999999    Newton...              0.15750000000000005662              0.15750000000000005662 0
31.69.0.0225              0.15750000000000005662 1.3499999999999999    Newton...              0.18000000000000004885              0.18000000000000004885 0
31.70.0.0225              0.18000000000000004885 1.3499999999999999    Newton...              0.20250000000000004108              0.20250000000000004108 0
31.71.0.0225              0.20250000000000004108 1.3499999999999999    Newton...              0.22500000000000003331              0.22500000000000003331 0
31.72.0.0225              0.22500000000000003331 1.3499999999999999    Newton...              0.24750000000000002554              0.24750000000000002554 0
31.73.0.0225              0.24750000000000002554 1.3499999999999999    Newton...              0.27000000000000001776              0.27000000000000001776 0
31.74.0.0225              0.27000000000000001776 1.3499999999999999    Newton...              0.29250000000000003775              0.29250000000000003775 0
31.75.0.0225              0.29250000000000003775 1.3499999999999999    Newton...              0.31500000000000005773              0.31500000000000005773 0
31.76.0.0225              0.31500000000000005773 1.3499999999999999    Newton...              0.33750000000000007772              0.33750000000000007772 0
31.77.0.0225              0.33750000000000007772 1.3499999999999999    Newton...              0.36000000000000009770              0.36000000000000009770 0
31.78.0.0225              0.36000000000000009770 1.3499999999999999    Newton...              0.38250000000000011768              0.38250000000000011768 0
31.79.0.0225              0.38250000000000011768 1.3499999999999999    Newton...              0.40500000000000013767              0.40500000000000013767 0
31.80.0.0225              0.40500000000000013767 1.3499999999999999    Newton...              0.42750000000000015765              0.42750000000000015765 0
31.81.0.0225              0.42750000000000015765 1.3499999999999999    Newton...              0.45000000000000017764              0.45000000000000017764 0
31.82.0.0225              0.45000000000000017764 1.3499999999999999    Newton...              0.47250000000000019762              0.47250000000000019762 0
31.83.0.0225              0.47250000000000019762 1.3499999999999999    Newton...              0.49500000000000021760              0.49500000000000021760 0
31.84.0.0225              0.49500000000000021760 1.3499999999999999    Newton...              0.51750000000000018208              0.51750000000000018208 0
31.85.0.0225              0.51750000000000018208 1.3499999999999999    Newton...              0.54000000000000014655              0.54000000000000014655 0
31.86.0.0225              0.54000000000000014655 1.3499999999999999    Newton...              0.56250000000000011102              0.56250000000000011102 0
31.87.0.0225              0.56250000000000011102 1.3499999999999999    Newton...              0.58500000000000007550              0.58500000000000007550 0
31.88.0.0225              0.58500000000000007550 1.3499999999999999    Newton...              0.60750000000000003997              0.60750000000000003997 0
31.89.0.0225              0.60750000000000003997 1.3499999999999999    Newton...              0.63000000000000000444              0.63000000000000000444 0
31.90.0.0225              0.63000000000000000444 1.3499999999999999    Newton...              0.65249999999999996891              0.65249999999999996891 0
31.91.0.0225              0.65249999999999996891 1.3499999999999999    Newton...              0.67499999999999993339              0.67499999999999993339 0
31.92.0.0225              0.67499999999999993339 1.3499999999999999    Newton...              0.69749999999999989786              0.69749999999999989786 0
31.93.0.0225              0.69749999999999989786 1.3499999999999999    Newton...              0.71999999999999986233              0.71999999999999986233 0
31.94.0.0225              0.71999999999999986233 1.3499999999999999    Newton...              0.74249999999999982681              0.74249999999999982681 0
31.95.0.0225              0.74249999999999982681 1.3499999999999999    Newton...              0.76499999999999979128              0.76499999999999979128 0
31.96.0.0225              0.76499999999999979128 1.3499999999999999    Newton...              0.78749999999999975575              0.78749999999999975575 0
31.97.0.0225              0.78749999999999975575 1.3499999999999999    Newton...              0.80999999999999972022              0.80999999999999972022 0
31.98.0.0225              0.80999999999999972022 1.3499999999999999    Newton...              0.83249999999999968470              0.83249999999999968470 0
31.99.0.0225              0.83249999999999968470 1.3499999999999999    Newton...              0.85499999999999964917              0.85499999999999964917 0
31.100.0.0225              0.85499999999999964917 1.3499999999999999    Newton...              0.87749999999999961364              0.87749999999999961364 0
31.101.0.0225              0.87749999999999961364 1.3499999999999999    Newton...              0.89999999999999957812              0.89999999999999957812 0
31.102.0.0225              0.89999999999999957812 1.3499999999999999    Newton...              0.92249999999999954259              0.92249999999999954259 0
31.103.0.0225              0.92249999999999954259 1.3499999999999999    Newton...              0.94499999999999950706              0.94499999999999950706 0
31.104.0.0225              0.94499999999999950706 1.3499999999999999    Newton...              0.96749999999999947153              0.96749999999999947153 0
31.105.0.0225              0.96749999999999947153 1.3499999999999999    Newton...              0.98999999999999943601              0.98999999999999943601 0
31.106.0.0225              0.98999999999999943601 1.3499999999999999    Newton...              1.01249999999999951150              1.01249999999999951150 0
31.107.0.0225              1.01249999999999951150 1.3499999999999999    Newton...              1.03499999999999947597              1.03499999999999947597 0
31.108.0.0225              1.03499999999999947597 1.3499999999999999    Newton...              1.05749999999999944045              1.05749999999999944045 0
31.109.0.0225              1.05749999999999944045 1.3499999999999999    Newton...              1.07999999999999940492              1.07999999999999940492 0
31.110.0.0225              1.07999999999999940492 1.3499999999999999    Newton...              1.10249999999999936939              1.10249999999999936939 0
31.111.0.0225              1.10249999999999936939 1.3499999999999999    Newton...              1.12499999999999933387              1.12499999999999933387 0
31.112.0.0225              1.12499999999999933387 1.3499999999999999    Newton...              1.14749999999999929834              1.14749999999999929834 0
31.113.0.0225              1.14749999999999929834 1.3499999999999999    Newton...              1.16999999999999926281              1.16999999999999926281 0
31.114.0.0225              1.16999999999999926281 1.3499999999999999    Newton...              1.19249999999999922728              1.19249999999999922728 0
31.115.0.0225              1.19249999999999922728 1.3499999999999999    Newton...              1.21499999999999919176              1.21499999999999919176 0
31.116.0.0225              1.21499999999999919176 1.3499999999999999    Newton...              1.23749999999999915623              1.23749999999999915623 0
31.117.0.0225              1.23749999999999915623 1.3499999999999999    Newton...              1.25999999999999912070              1.25999999999999912070 0
31.118.0.0225              1.25999999999999912070 1.3499999999999999    Newton...              1.28249999999999908518              1.28249999999999908518 0
31.119.0.0225              1.28249999999999908518 1.3499999999999999    Newton...              1.30499999999999904965              1.30499999999999904965 0
31.120.0.0225              1.30499999999999904965 1.3499999999999999    Newton...              1.32749999999999901412              1.32749999999999901412 0
31.121.0.0225              1.32749999999999901412 1.3499999999999999    Newton...              1.34999999999999897859              1.34999999999999897859 0
31.122.0.0225              1.34999999999999897859 1.3499999999999999    Newton...              1.37249999999999894307              1.37249999999999894307 0
32.1.-0.0225              1.37249999999999894307 -1.3499999999999999    Newton...              1.34999999999999897859              1.34999999999999897859 0
32.2.-0.0225              1.34999999999999897859 -1.3499999999999999    Newton...              1.32749999999999901412              1.32749999999999901412 0
32.3.-0.0225              1.32749999999999901412 -1.3499999999999999    Newton...              1.30499999999999904965              1.30499999999999904965 0
32.4.-0.0225              1.30499999999999904965 -1.3499999999999999    Newton...              1.28249999999999908518              1.28249999999999908518 0
32.5.-0.0225              1.28249999999999908518 -1.3499999999999999    Newton...              1.25999999999999912070              1.25999999999999912070 0
32.6.-0.0225              1.25999999999999912070 -1.3499999999999999    Newton...              1.23749999999999915623              1.23749999999999915623 0
32.7.-0.0225              1.23749999999999915623 -1.3499999999999999    Newton...              1.21499999999999919176              1.21499999999999919176 0
32.8.-0.0225              1.21499999999999919176 -1.3499999999999999    Newton...              1.19249999999999922728              1.19249999999999922728 0
32.9.-0.0225              1.19249999999999922728 -1.3499999999999999    Newton...              1.16999999999999926281              1.16999999999999926281 0
32.10.-0.0225              1.16999999999999926281 -1.3499999999999999    Newton...              1.14749999999999929834              1.14749999999999929834 0
32.11.-0.0225              1.14749999999999929834 -1.3499999999999999    Newton...              1.12499999999999933387              1.12499999999999933387 0
32.12.-0.0225              1.12499999999999933387 -1.3499999999999999    Newton...              1.10249999999999936939              1.10249999999999936939 0
32.13.-0.0225              1.10249999999999936939 -1.3499999999999999    Newton...              1.07999999999999940492              1.07999999999999940492 0
32.14.-0.0225              1.07999999999999940492 -1.3499999999999999    Newton...              1.05749999999999944045              1.05749999999999944045 0
32.15.-0.0225              1.05749999999999944045 -1.3499999999999999    Newton...              1.03499999999999947597              1.03499999999999947597 0
32.16.-0.0225              1.03499999999999947597 -1.3499999999999999    Newton...              1.01249999999999951150              1.01249999999999951150 0
32.17.-0.0225              1.01249999999999951150 -1.3499999999999999    Newton...              0.98999999999999954703              0.98999999999999954703 0
32.18.-0.0225              0.98999999999999954703 -1.3499999999999999    Newton...              0.96749999999999958256              0.96749999999999958256 0
32.19.-0.0225              0.96749999999999958256 -1.3499999999999999    Newton...              0.94499999999999961808              0.94499999999999961808 0
32.20.-0.0225              0.94499999999999961808 -1.3499999999999999    Newton...              0.92249999999999965361              0.92249999999999965361 0
32.21.-0.0225              0.92249999999999965361 -1.3499999999999999    Newton...              0.89999999999999968914              0.89999999999999968914 0
32.22.-0.0225              0.89999999999999968914 -1.3499999999999999    Newton...              0.87749999999999972466              0.87749999999999972466 0
32.23.-0.0225              0.87749999999999972466 -1.3499999999999999    Newton...              0.85499999999999976019              0.85499999999999976019 0
32.24.-0.0225              0.85499999999999976019 -1.3499999999999999    Newton...              0.83249999999999979572              0.83249999999999979572 0
32.25.-0.0225              0.83249999999999979572 -1.3499999999999999    Newton...              0.80999999999999983125              0.80999999999999983125 0
32.26.-0.0225              0.80999999999999983125 -1.3499999999999999    Newton...              0.78749999999999986677              0.78749999999999986677 0
32.27.-0.0225              0.78749999999999986677 -1.3499999999999999    Newton...              0.76499999999999990230              0.76499999999999990230 0
32.28.-0.0225              0.76499999999999990230 -1.3499999999999999    Newton...              0.74249999999999993783              0.74249999999999993783 0
32.29.-0.0225              0.74249999999999993783 -1.3499999999999999    Newton...              0.71999999999999997335              0.71999999999999997335 0
32.30.-0.0225              0.71999999999999997335 -1.3499999999999999    Newton...              0.69750000000000000888              0.69750000000000000888 0
32.31.-0.0225              0.69750000000000000888 -1.3499999999999999    Newton...              0.67500000000000004441              0.67500000000000004441 0
32.32.-0.0225              0.67500000000000004441 -1.3499999999999999    Newton...              0.65250000000000007994              0.65250000000000007994 0
32.33.-0.0225              0.65250000000000007994 -1.3499999999999999    Newton...              0.63000000000000011546              0.63000000000000011546 0
32.34.-0.0225              0.63000000000000011546 -1.3499999999999999    Newton...              0.60750000000000015099              0.60750000000000015099 0
32.35.-0.0225              0.60750000000000015099 -1.3499999999999999    Newton...              0.58500000000000018652              0.58500000000000018652 0
32.36.-0.0225              0.58500000000000018652 -1.3499999999999999    Newton...              0.56250000000000022204              0.56250000000000022204 0
32.37.-0.0225              0.56250000000000022204 -1.3499999999999999    Newton...              0.54000000000000025757              0.54000000000000025757 0
32.38.-0.0225              0.54000000000000025757 -1.3499999999999999    Newton...              0.51750000000000029310              0.51750000000000029310 0
32.39.-0.0225              0.51750000000000029310 -1.3499999999999999    Newton...              0.49500000000000027311              0.49500000000000027311 0
32.40.-0.0225              0.49500000000000027311 -1.3499999999999999    Newton...              0.47250000000000025313              0.47250000000000025313 0
32.41.-0.0225              0.47250000000000025313 -1.3499999999999999    Newton...              0.45000000000000023315              0.45000000000000023315 0
32.42.-0.0225              0.45000000000000023315 -1.3499999999999999    Newton...              0.42750000000000021316              0.42750000000000021316 0
32.43.-0.0225              0.42750000000000021316 -1.3499999999999999    Newton...              0.40500000000000019318              0.40500000000000019318 0
32.44.-0.0225              0.40500000000000019318 -1.3499999999999999    Newton...              0.38250000000000017319              0.38250000000000017319 0
32.45.-0.0225              0.38250000000000017319 -1.3499999999999999    Newton...              0.36000000000000015321              0.36000000000000015321 0
32.46.-0.0225              0.36000000000000015321 -1.3499999999999999    Newton...              0.33750000000000013323              0.33750000000000013323 0
32.47.-0.0225              0.33750000000000013323 -1.3499999999999999    Newton...              0.31500000000000011324              0.31500000000000011324 0
32.48.-0.0225              0.31500000000000011324 -1.3499999999999999    Newton...              0.29250000000000009326              0.29250000000000009326 0
32.49.-0.0225              0.29250000000000009326 -1.3499999999999999    Newton...              0.27000000000000007327              0.27000000000000007327 0
32.50.-0.0225              0.27000000000000007327 -1.3499999999999999    Newton...              0.24750000000000008105              0.24750000000000008105 0
32.51.-0.0225              0.24750000000000008105 -1.3499999999999999    Newton...              0.22500000000000008882              0.22500000000000008882 0
32.52.-0.0225              0.22500000000000008882 -1.3499999999999999    Newton...              0.20250000000000009659              0.20250000000000009659 0
32.53.-0.0225              0.20250000000000009659 -1.3499999999999999    Newton...              0.18000000000000010436              0.18000000000000010436 0
32.54.-0.0225              0.18000000000000010436 -1.3499999999999999    Newton...              0.15750000000000011213              0.15750000000000011213 0
32.55.-0.0225              0.15750000000000011213 -1.3499999999999999    Newton...              0.13500000000000011990              0.13500000000000011990 0
32.56.-0.0225              0.13500000000000011990 -1.3499999999999999    Newton...              0.11250000000000012768              0.11250000000000012768 0
32.57.-0.0225              0.11250000000000012768 -1.3499999999999999    Newton...              0.09000000000000013545              0.09000000000000013545 0
32.58.-0.0225              0.09000000000000013545 -1.3499999999999999    Newton...              0.06750000000000014322              0.06750000000000014322 0
32.59.-0.0225              0.06750000000000014322 -1.3499999999999999    Newton...              0.04500000000000014405              0.04500000000000014405 0
32.60.-0.0225              0.04500000000000014405 -1.3499999999999999    Newton...              0.02250000000000014488              0.02250000000000014488 0
32.61.-0.0225              0.02250000000000014488 -1.3499999999999999    Newton...              0.00000000000000014572              0.00000000000000014572 0
32.62.-0.0225              0.00000000000000014572 -1.3499999999999999    Newton...             -0.02249999999999985345             -0.02249999999999985345 0
32.63.-0.0225             -0.02249999999999985345 -1.3499999999999999    Newton...             -0.04499999999999985262             -0.04499999999999985262 0
32.64.-0.0225             -0.04499999999999985262 -1.3499999999999999    Newton...             -0.06749999999999985179             -0.06749999999999985179 0
32.65.-0.0225             -0.06749999999999985179 -1.3499999999999999    Newton...             -0.08999999999999985789             -0.08999999999999985789 0
32.66.-0.0225             -0.08999999999999985789 -1.3499999999999999    Newton...             -0.11249999999999985012             -0.11249999999999985012 0
32.67.-0.0225             -0.11249999999999985012 -1.3499999999999999    Newton...             -0.13499999999999984235             -0.13499999999999984235 0
32.68.-0.0225             -0.13499999999999984235 -1.3499999999999999    Newton...             -0.15749999999999983458             -0.15749999999999983458 0
32.69.-0.0225             -0.15749999999999983458 -1.3499999999999999    Newton...             -0.17999999999999982681             -0.17999999999999982681 0
32.70.-0.0225             -0.17999999999999982681 -1.3499999999999999    Newton...             -0.20249999999999981903             -0.20249999999999981903 0
32.71.-0.0225             -0.20249999999999981903 -1.3499999999999999    Newton...             -0.22499999999999981126             -0.22499999999999981126 0
32.72.-0.0225             -0.22499999999999981126 -1.3499999999999999    Newton...             -0.24749999999999980349             -0.24749999999999980349 0
32.73.-0.0225             -0.24749999999999980349 -1.3499999999999999    Newton...             -0.26999999999999979572             -0.26999999999999979572 0
32.74.-0.0225             -0.26999999999999979572 -1.3499999999999999    Newton...             -0.29249999999999981570             -0.29249999999999981570 0
32.75.-0.0225             -0.29249999999999981570 -1.3499999999999999    Newton...             -0.31499999999999983569             -0.31499999999999983569 0
32.76.-0.0225             -0.31499999999999983569 -1.3499999999999999    Newton...             -0.33749999999999985567             -0.33749999999999985567 0
32.77.-0.0225             -0.33749999999999985567 -1.3499999999999999    Newton...             -0.35999999999999987566             -0.35999999999999987566 0
32.78.-0.0225             -0.35999999999999987566 -1.3499999999999999    Newton...             -0.38249999999999989564             -0.38249999999999989564 0
32.79.-0.0225             -0.38249999999999989564 -1.3499999999999999    Newton...             -0.40499999999999991562             -0.40499999999999991562 0
32.80.-0.0225             -0.40499999999999991562 -1.3499999999999999    Newton...             -0.42749999999999993561             -0.42749999999999993561 0
32.81.-0.0225             -0.42749999999999993561 -1.3499999999999999    Newton...             -0.44999999999999995559             -0.44999999999999995559 0
32.82.-0.0225             -0.44999999999999995559 -1.3499999999999999    Newton...             -0.47249999999999997558             -0.47249999999999997558 0
32.83.-0.0225             -0.47249999999999997558 -1.3499999999999999    Newton...             -0.49499999999999999556             -0.49499999999999999556 0
32.84.-0.0225             -0.49499999999999999556 -1.3499999999999999    Newton...             -0.51749999999999996003             -0.51749999999999996003 0
32.85.-0.0225             -0.51749999999999996003 -1.3499999999999999    Newton...             -0.53999999999999992450             -0.53999999999999992450 0
32.86.-0.0225             -0.53999999999999992450 -1.3499999999999999    Newton...             -0.56249999999999988898             -0.56249999999999988898 0
32.87.-0.0225             -0.56249999999999988898 -1.3499999999999999    Newton...             -0.58499999999999985345             -0.58499999999999985345 0
32.88.-0.0225             -0.58499999999999985345 -1.3499999999999999    Newton...             -0.60749999999999981792             -0.60749999999999981792 0
32.89.-0.0225             -0.60749999999999981792 -1.3499999999999999    Newton...             -0.62999999999999978240             -0.62999999999999978240 0
32.90.-0.0225             -0.62999999999999978240 -1.3499999999999999    Newton...             -0.65249999999999974687             -0.65249999999999974687 0
32.91.-0.0225             -0.65249999999999974687 -1.3499999999999999    Newton...             -0.67499999999999971134             -0.67499999999999971134 0
32.92.-0.0225             -0.67499999999999971134 -1.3499999999999999    Newton...             -0.69749999999999967581             -0.69749999999999967581 0
32.93.-0.0225             -0.69749999999999967581 -1.3499999999999999    Newton...             -0.71999999999999964029             -0.71999999999999964029 0
32.94.-0.0225             -0.71999999999999964029 -1.3499999999999999    Newton...             -0.74249999999999960476             -0.74249999999999960476 0
32.95.-0.0225             -0.74249999999999960476 -1.3499999999999999    Newton...             -0.76499999999999956923             -0.76499999999999956923 0
32.96.-0.0225             -0.76499999999999956923 -1.3499999999999999    Newton...             -0.78749999999999953371             -0.78749999999999953371 0
32.97.-0.0225             -0.78749999999999953371 -1.3499999999999999    Newton...             -0.80999999999999949818             -0.80999999999999949818 0
32.98.-0.0225             -0.80999999999999949818 -1.3499999999999999    Newton...             -0.83249999999999946265             -0.83249999999999946265 0
32.99.-0.0225             -0.83249999999999946265 -1.3499999999999999    Newton...             -0.85499999999999942712             -0.85499999999999942712 0
32.100.-0.0225             -0.85499999999999942712 -1.3499999999999999    Newton...             -0.87749999999999939160             -0.87749999999999939160 0
32.101.-0.0225             -0.87749999999999939160 -1.3499999999999999    Newton...             -0.89999999999999935607             -0.89999999999999935607 0
32.102.-0.0225             -0.89999999999999935607 -1.3499999999999999    Newton...             -0.92249999999999932054             -0.92249999999999932054 0
32.103.-0.0225             -0.92249999999999932054 -1.3499999999999999    Newton...             -0.94499999999999928502             -0.94499999999999928502 0
32.104.-0.0225             -0.94499999999999928502 -1.3499999999999999    Newton...             -0.96749999999999924949             -0.96749999999999924949 0
32.105.-0.0225             -0.96749999999999924949 -1.3499999999999999    Newton...             -0.98999999999999921396             -0.98999999999999921396 0
32.106.-0.0225             -0.98999999999999921396 -1.3499999999999999    Newton...             -1.01249999999999928946             -1.01249999999999928946 0
32.107.-0.0225             -1.01249999999999928946 -1.3499999999999999    Newton...             -1.03499999999999925393             -1.03499999999999925393 0
32.108.-0.0225             -1.03499999999999925393 -1.3499999999999999    Newton...             -1.05749999999999921840             -1.05749999999999921840 0
32.109.-0.0225             -1.05749999999999921840 -1.3499999999999999    Newton...             -1.07999999999999918288             -1.07999999999999918288 0
32.110.-0.0225             -1.07999999999999918288 -1.3499999999999999    Newton...             -1.10249999999999914735             -1.10249999999999914735 0
32.111.-0.0225             -1.10249999999999914735 -1.3499999999999999    Newton...             -1.12499999999999911182             -1.12499999999999911182 0
32.112.-0.0225             -1.12499999999999911182 -1.3499999999999999    Newton...             -1.14749999999999907629             -1.14749999999999907629 0
32.113.-0.0225             -1.14749999999999907629 -1.3499999999999999    Newton...             -1.16999999999999904077             -1.16999999999999904077 0
32.114.-0.0225             -1.16999999999999904077 -1.3499999999999999    Newton...             -1.19249999999999900524             -1.19249999999999900524 0
32.115.-0.0225             -1.19249999999999900524 -1.3499999999999999    Newton...             -1.21499999999999896971             -1.21499999999999896971 0
32.116.-0.0225             -1.21499999999999896971 -1.3499999999999999    Newton...             -1.23749999999999893419             -1.23749999999999893419 0
32.117.-0.0225             -1.23749999999999893419 -1.3499999999999999    Newton...             -1.25999999999999889866             -1.25999999999999889866 0
32.118.-0.0225             -1.25999999999999889866 -1.3499999999999999    Newton...             -1.28249999999999886313             -1.28249999999999886313 0
32.119.-0.0225             -1.28249999999999886313 -1.3499999999999999    Newton...             -1.30499999999999882760             -1.30499999999999882760 0
32.120.-0.0225             -1.30499999999999882760 -1.3499999999999999    Newton...             -1.32749999999999879208             -1.32749999999999879208 0
32.121.-0.0225             -1.32749999999999879208 -1.3499999999999999    Newton...             -1.34999999999999875655             -1.34999999999999875655 0
32.122.-0.0225             -1.34999999999999875655 -1.3499999999999999    Newton...             -1.37249999999999872102             -1.37249999999999872102 0
33.1.0.0225             -1.37249999999999872102 1.8    Newton...             -1.34999999999999875655             -1.34999999999999875655 0
33.2.0.0225             -1.34999999999999875655 1.8    Newton...             -1.32749999999999879208             -1.32749999999999879208 0
33.3.0.0225             -1.32749999999999879208 1.8    Newton...             -1.30499999999999882760             -1.30499999999999882760 0
33.4.0.0225             -1.30499999999999882760 1.8    Newton...             -1.28249999999999886313             -1.28249999999999886313 0
33.5.0.0225             -1.28249999999999886313 1.8    Newton...             -1.25999999999999889866             -1.25999999999999889866 0
33.6.0.0225             -1.25999999999999889866 1.8    Newton...             -1.23749999999999893419             -1.23749999999999893419 0
33.7.0.0225             -1.23749999999999893419 1.8    Newton...             -1.21499999999999896971             -1.21499999999999896971 0
33.8.0.0225             -1.21499999999999896971 1.8    Newton...             -1.19249999999999900524             -1.19249999999999900524 0
33.9.0.0225             -1.19249999999999900524 1.8    Newton...             -1.16999999999999904077             -1.16999999999999904077 0
33.10.0.0225             -1.16999999999999904077 1.8    Newton...             -1.14749999999999907629             -1.14749999999999907629 0
33.11.0.0225             -1.14749999999999907629 1.8    Newton...             -1.12499999999999911182             -1.12499999999999911182 0
33.12.0.0225             -1.12499999999999911182 1.8    Newton...             -1.10249999999999914735             -1.10249999999999914735 0
33.13.0.0225             -1.10249999999999914735 1.8    Newton...             -1.07999999999999918288             -1.07999999999999918288 0
33.14.0.0225             -1.07999999999999918288 1.8    Newton...             -1.05749999999999921840             -1.05749999999999921840 0
33.15.0.0225             -1.05749999999999921840 1.8    Newton...             -1.03499999999999925393             -1.03499999999999925393 0
33.16.0.0225             -1.03499999999999925393 1.8    Newton...             -1.01249999999999928946             -1.01249999999999928946 0
33.17.0.0225             -1.01249999999999928946 1.8    Newton...             -0.98999999999999932498             -0.98999999999999932498 0
33.18.0.0225             -0.98999999999999932498 1.8    Newton...             -0.96749999999999936051             -0.96749999999999936051 0
33.19.0.0225             -0.96749999999999936051 1.8    Newton...             -0.94499999999999939604             -0.94499999999999939604 0
33.20.0.0225             -0.94499999999999939604 1.8    Newton...             -0.92249999999999943157             -0.92249999999999943157 0
33.21.0.0225             -0.92249999999999943157 1.8    Newton...             -0.89999999999999946709             -0.89999999999999946709 0
33.22.0.0225             -0.89999999999999946709 1.8    Newton...             -0.87749999999999950262             -0.87749999999999950262 0
33.23.0.0225             -0.87749999999999950262 1.8    Newton...             -0.85499999999999953815             -0.85499999999999953815 0
33.24.0.0225             -0.85499999999999953815 1.8    Newton...             -0.83249999999999957367             -0.83249999999999957367 0
33.25.0.0225             -0.83249999999999957367 1.8    Newton...             -0.80999999999999960920             -0.80999999999999960920 0
33.26.0.0225             -0.80999999999999960920 1.8    Newton...             -0.78749999999999964473             -0.78749999999999964473 0
33.27.0.0225             -0.78749999999999964473 1.8    Newton...             -0.76499999999999968026             -0.76499999999999968026 0
33.28.0.0225             -0.76499999999999968026 1.8    Newton...             -0.74249999999999971578             -0.74249999999999971578 0
33.29.0.0225             -0.74249999999999971578 1.8    Newton...             -0.71999999999999975131             -0.71999999999999975131 0
33.30.0.0225             -0.71999999999999975131 1.8    Newton...             -0.69749999999999978684             -0.69749999999999978684 0
33.31.0.0225             -0.69749999999999978684 1.8    Newton...             -0.67499999999999982236             -0.67499999999999982236 0
33.32.0.0225             -0.67499999999999982236 1.8    Newton...             -0.65249999999999985789             -0.65249999999999985789 0
33.33.0.0225             -0.65249999999999985789 1.8    Newton...             -0.62999999999999989342             -0.62999999999999989342 0
33.34.0.0225             -0.62999999999999989342 1.8    Newton...             -0.60749999999999992895             -0.60749999999999992895 0
33.35.0.0225             -0.60749999999999992895 1.8    Newton...             -0.58499999999999996447             -0.58499999999999996447 0
33.36.0.0225             -0.58499999999999996447 1.8    Newton...             -0.56250000000000000000             -0.56250000000000000000 0
33.37.0.0225             -0.56250000000000000000 1.8    Newton...             -0.54000000000000003553             -0.54000000000000003553 0
33.38.0.0225             -0.54000000000000003553 1.8    Newton...             -0.51750000000000007105             -0.51750000000000007105 0
33.39.0.0225             -0.51750000000000007105 1.8    Newton...             -0.49500000000000005107             -0.49500000000000005107 0
33.40.0.0225             -0.49500000000000005107 1.8    Newton...             -0.47250000000000003109             -0.47250000000000003109 0
33.41.0.0225             -0.47250000000000003109 1.8    Newton...             -0.45000000000000001110             -0.45000000000000001110 0
33.42.0.0225             -0.45000000000000001110 1.8    Newton...             -0.42749999999999999112             -0.42749999999999999112 0
33.43.0.0225             -0.42749999999999999112 1.8    Newton...             -0.40499999999999997113             -0.40499999999999997113 0
33.44.0.0225             -0.40499999999999997113 1.8    Newton...             -0.38249999999999995115             -0.38249999999999995115 0
33.45.0.0225             -0.38249999999999995115 1.8    Newton...             -0.35999999999999993117             -0.35999999999999993117 0
33.46.0.0225             -0.35999999999999993117 1.8    Newton...             -0.33749999999999991118             -0.33749999999999991118 0
33.47.0.0225             -0.33749999999999991118 1.8    Newton...             -0.31499999999999989120             -0.31499999999999989120 0
33.48.0.0225             -0.31499999999999989120 1.8    Newton...             -0.29249999999999987121             -0.29249999999999987121 0
33.49.0.0225             -0.29249999999999987121 1.8    Newton...             -0.26999999999999985123             -0.26999999999999985123 0
33.50.0.0225             -0.26999999999999985123 1.8    Newton...             -0.24749999999999985900             -0.24749999999999985900 0
33.51.0.0225             -0.24749999999999985900 1.8    Newton...             -0.22499999999999986677             -0.22499999999999986677 0
33.52.0.0225             -0.22499999999999986677 1.8    Newton...             -0.20249999999999987454             -0.20249999999999987454 0
33.53.0.0225             -0.20249999999999987454 1.8    Newton...             -0.17999999999999988232             -0.17999999999999988232 0
33.54.0.0225             -0.17999999999999988232 1.8    Newton...             -0.15749999999999989009             -0.15749999999999989009 0
33.55.0.0225             -0.15749999999999989009 1.8    Newton...             -0.13499999999999989786             -0.13499999999999989786 0
33.56.0.0225             -0.13499999999999989786 1.8    Newton...             -0.11249999999999990563             -0.11249999999999990563 0
33.57.0.0225             -0.11249999999999990563 1.8    Newton...             -0.08999999999999991340             -0.08999999999999991340 0
33.58.0.0225             -0.08999999999999991340 1.8    Newton...             -0.06749999999999992117             -0.06749999999999992117 0
33.59.0.0225             -0.06749999999999992117 1.8    Newton...             -0.04499999999999992201             -0.04499999999999992201 0
33.60.0.0225             -0.04499999999999992201 1.8    Newton...             -0.02249999999999992284             -0.02249999999999992284 0
33.61.0.0225             -0.02249999999999992284 1.8    Newton...              0.00000000000000007633              0.00000000000000007633 0
33.62.0.0225              0.00000000000000007633 1.8    Newton...              0.02250000000000007550              0.02250000000000007550 0
33.63.0.0225              0.02250000000000007550 1.8    Newton...              0.04500000000000007466              0.04500000000000007466 0
33.64.0.0225              0.04500000000000007466 1.8    Newton...              0.06750000000000007383              0.06750000000000007383 0
33.65.0.0225              0.06750000000000007383 1.8    Newton...              0.09000000000000007994              0.09000000000000007994 0
33.66.0.0225              0.09000000000000007994 1.8    Newton...              0.11250000000000007216              0.11250000000000007216 0
33.67.0.0225              0.11250000000000007216 1.8    Newton...              0.13500000000000006439              0.13500000000000006439 0
33.68.0.0225              0.13500000000000006439 1.8    Newton...              0.15750000000000005662              0.15750000000000005662 0
33.69.0.0225              0.15750000000000005662 1.8    Newton...              0.18000000000000004885              0.18000000000000004885 0
33.70.0.0225              0.18000000000000004885 1.8    Newton...              0.20250000000000004108              0.20250000000000004108 0
33.71.0.0225              0.20250000000000004108 1.8    Newton...              0.22500000000000003331              0.22500000000000003331 0
33.72.0.0225              0.22500000000000003331 1.8    Newton...              0.24750000000000002554              0.24750000000000002554 0
33.73.0.0225              0.24750000000000002554 1.8    Newton...              0.27000000000000001776              0.27000000000000001776 0
33.74.0.0225              0.27000000000000001776 1.8    Newton...              0.29250000000000003775              0.29250000000000003775 0
33.75.0.0225              0.29250000000000003775 1.8    Newton...              0.31500000000000005773              0.31500000000000005773 0
33.76.0.0225              0.31500000000000005773 1.8    Newton...              0.33750000000000007772              0.33750000000000007772 0
33.77.0.0225              0.33750000000000007772 1.8    Newton...              0.36000000000000009770              0.36000000000000009770 0
33.78.0.0225              0.36000000000000009770 1.8    Newton...              0.38250000000000011768              0.38250000000000011768 0
33.79.0.0225              0.38250000000000011768 1.8    Newton...              0.40500000000000013767              0.40500000000000013767 0
33.80.0.0225              0.40500000000000013767 1.8    Newton...              0.42750000000000015765              0.42750000000000015765 0
33.81.0.0225              0.42750000000000015765 1.8    Newton...              0.45000000000000017764              0.45000000000000017764 0
33.82.0.0225              0.45000000000000017764 1.8    Newton...              0.47250000000000019762              0.47250000000000019762 0
33.83.0.0225              0.47250000000000019762 1.8    Newton...              0.49500000000000021760              0.49500000000000021760 0
33.84.0.0225              0.49500000000000021760 1.8    Newton...              0.51750000000000018208              0.51750000000000018208 0
33.85.0.0225              0.51750000000000018208 1.8    Newton...              0.54000000000000014655              0.54000000000000014655 0
33.86.0.0225              0.54000000000000014655 1.8    Newton...              0.56250000000000011102              0.56250000000000011102 0
33.87.0.0225              0.56250000000000011102 1.8    Newton...              0.58500000000000007550              0.58500000000000007550 0
33.88.0.0225              0.58500000000000007550 1.8    Newton...              0.60750000000000003997              0.60750000000000003997 0
33.89.0.0225              0.60750000000000003997 1.8    Newton...              0.63000000000000000444              0.63000000000000000444 0
33.90.0.0225              0.63000000000000000444 1.8    Newton...              0.65249999999999996891              0.65249999999999996891 0
33.91.0.0225              0.65249999999999996891 1.8    Newton...              0.67499999999999993339              0.67499999999999993339 0
33.92.0.0225              0.67499999999999993339 1.8    Newton...              0.69749999999999989786              0.69749999999999989786 0
33.93.0.0225              0.69749999999999989786 1.8    Newton...              0.71999999999999986233              0.71999999999999986233 0
33.94.0.0225              0.71999999999999986233 1.8    Newton...              0.74249999999999982681              0.74249999999999982681 0
33.95.0.0225              0.74249999999999982681 1.8    Newton...              0.76499999999999979128              0.76499999999999979128 0
33.96.0.0225              0.76499999999999979128 1.8    Newton...              0.78749999999999975575              0.78749999999999975575 0
33.97.0.0225              0.78749999999999975575 1.8    Newton...              0.80999999999999972022              0.80999999999999972022 0
33.98.0.0225              0.80999999999999972022 1.8    Newton...              0.83249999999999968470              0.83249999999999968470 0
33.99.0.0225              0.83249999999999968470 1.8    Newton...              0.85499999999999964917              0.85499999999999964917 0
33.100.0.0225              0.85499999999999964917 1.8    Newton...              0.87749999999999961364              0.87749999999999961364 0
33.101.0.0225              0.87749999999999961364 1.8    Newton...              0.89999999999999957812              0.89999999999999957812 0
33.102.0.0225              0.89999999999999957812 1.8    Newton...              0.92249999999999954259              0.92249999999999954259 0
33.103.0.0225              0.92249999999999954259 1.8    Newton...              0.94499999999999950706              0.94499999999999950706 0
33.104.0.0225              0.94499999999999950706 1.8    Newton...              0.96749999999999947153              0.96749999999999947153 0
33.105.0.0225              0.96749999999999947153 1.8    Newton...              0.98999999999999943601              0.98999999999999943601 0
33.106.0.0225              0.98999999999999943601 1.8    Newton...              1.01249999999999951150              1.01249999999999951150 0
33.107.0.0225              1.01249999999999951150 1.8    Newton...              1.03499999999999947597              1.03499999999999947597 0
33.108.0.0225              1.03499999999999947597 1.8    Newton...              1.05749999999999944045              1.05749999999999944045 0
33.109.0.0225              1.05749999999999944045 1.8    Newton...              1.07999999999999940492              1.07999999999999940492 0
33.110.0.0225              1.07999999999999940492 1.8    Newton...              1.10249999999999936939              1.10249999999999936939 0
33.111.0.0225              1.10249999999999936939 1.8    Newton...              1.12499999999999933387              1.12499999999999933387 0
33.112.0.0225              1.12499999999999933387 1.8    Newton...              1.14749999999999929834              1.14749999999999929834 0
33.113.0.0225              1.14749999999999929834 1.8    Newton...              1.16999999999999926281              1.16999999999999926281 0
33.114.0.0225              1.16999999999999926281 1.8    Newton...              1.19249999999999922728              1.19249999999999922728 0
33.115.0.0225              1.19249999999999922728 1.8    Newton...              1.21499999999999919176              1.21499999999999919176 0
33.116.0.0225              1.21499999999999919176 1.8    Newton...              1.23749999999999915623              1.23749999999999915623 0
33.117.0.0225              1.23749999999999915623 1.8    Newton...              1.25999999999999912070              1.25999999999999912070 0
33.118.0.0225              1.25999999999999912070 1.8    Newton...              1.28249999999999908518              1.28249999999999908518 0
33.119.0.0225              1.28249999999999908518 1.8    Newton...              1.30499999999999904965              1.30499999999999904965 0
33.120.0.0225              1.30499999999999904965 1.8    Newton...              1.32749999999999901412              1.32749999999999901412 0
33.121.0.0225              1.32749999999999901412 1.8    Newton...              1.34999999999999897859              1.34999999999999897859 0
33.122.0.0225              1.34999999999999897859 1.8    Newton...              1.37249999999999894307              1.37249999999999894307 0
33.123.0.0225              1.37249999999999894307 1.8    Newton...              1.39499999999999890754              1.39499999999999890754 0
33.124.0.0225              1.39499999999999890754 1.8    Newton...              1.41749999999999887201              1.41749999999999887201 0
33.125.0.0225              1.41749999999999887201 1.8    Newton...              1.43999999999999883649              1.43999999999999883649 0
33.126.0.0225              1.43999999999999883649 1.8    Newton...              1.46249999999999880096              1.46249999999999880096 0
33.127.0.0225              1.46249999999999880096 1.8    Newton...              1.48499999999999876543              1.48499999999999876543 0
33.128.0.0225              1.48499999999999876543 1.8    Newton...              1.50749999999999872990              1.50749999999999872990 0
33.129.0.0225              1.50749999999999872990 1.8    Newton...              1.52999999999999869438              1.52999999999999869438 0
33.130.0.0225              1.52999999999999869438 1.8    Newton...              1.55249999999999865885              1.55249999999999865885 0
33.131.0.0225              1.55249999999999865885 1.8    Newton...              1.57499999999999862332              1.57499999999999862332 0
33.132.0.0225              1.57499999999999862332 1.8    Newton...              1.59749999999999858780              1.59749999999999858780 0
33.133.0.0225              1.59749999999999858780 1.8    Newton...              1.61999999999999855227              1.61999999999999855227 0
33.134.0.0225              1.61999999999999855227 1.8    Newton...              1.64249999999999851674              1.64249999999999851674 0
33.135.0.0225              1.64249999999999851674 1.8    Newton...              1.66499999999999848121              1.66499999999999848121 0
33.136.0.0225              1.66499999999999848121 1.8    Newton...              1.68749999999999844569              1.68749999999999844569 0
33.137.0.0225              1.68749999999999844569 1.8    Newton...              1.70999999999999841016              1.70999999999999841016 0
33.138.0.0225              1.70999999999999841016 1.8    Newton...              1.73249999999999837463              1.73249999999999837463 0
33.139.0.0225              1.73249999999999837463 1.8    Newton...              1.75499999999999833911              1.75499999999999833911 0
33.140.0.0225              1.75499999999999833911 1.8    Newton...              1.77749999999999830358              1.77749999999999830358 0
33.141.0.0225              1.77749999999999830358 1.8    Newton...              1.79999999999999826805              1.79999999999999826805 0
33.142.0.0225              1.79999999999999826805 1.8    Newton...              1.82249999999999823252              1.82249999999999823252 0
34.1.-0.0225              1.82249999999999823252 -1.8    Newton...              1.79999999999999826805              1.79999999999999826805 0
34.2.-0.0225              1.79999999999999826805 -1.8    Newton...              1.77749999999999830358              1.77749999999999830358 0
34.3.-0.0225              1.77749999999999830358 -1.8    Newton...              1.75499999999999833911              1.75499999999999833911 0
34.4.-0.0225              1.75499999999999833911 -1.8    Newton...              1.73249999999999837463              1.73249999999999837463 0
34.5.-0.0225              1.73249999999999837463 -1.8    Newton...              1.70999999999999841016              1.70999999999999841016 0
34.6.-0.0225              1.70999999999999841016 -1.8    Newton...              1.68749999999999844569              1.68749999999999844569 0
34.7.-0.0225              1.68749999999999844569 -1.8    Newton...              1.66499999999999848121              1.66499999999999848121 0
34.8.-0.0225              1.66499999999999848121 -1.8    Newton...              1.64249999999999851674              1.64249999999999851674 0
34.9.-0.0225              1.64249999999999851674 -1.8    Newton...              1.61999999999999855227              1.61999999999999855227 0
34.10.-0.0225              1.61999999999999855227 -1.8    Newton...              1.59749999999999858780              1.59749999999999858780 0
34.11.-0.0225              1.59749999999999858780 -1.8    Newton...              1.57499999999999862332              1.57499999999999862332 0
34.12.-0.0225              1.57499999999999862332 -1.8    Newton...              1.55249999999999865885              1.55249999999999865885 0
34.13.-0.0225              1.55249999999999865885 -1.8    Newton...              1.52999999999999869438              1.52999999999999869438 0
34.14.-0.0225              1.52999999999999869438 -1.8    Newton...              1.50749999999999872990              1.50749999999999872990 0
34.15.-0.0225              1.50749999999999872990 -1.8    Newton...              1.48499999999999876543              1.48499999999999876543 0
34.16.-0.0225              1.48499999999999876543 -1.8    Newton...              1.46249999999999880096              1.46249999999999880096 0
34.17.-0.0225              1.46249999999999880096 -1.8    Newton...              1.43999999999999883649              1.43999999999999883649 0
34.18.-0.0225              1.43999999999999883649 -1.8    Newton...              1.41749999999999887201              1.41749999999999887201 0
34.19.-0.0225              1.41749999999999887201 -1.8    Newton...              1.39499999999999890754              1.39499999999999890754 0
34.20.-0.0225              1.39499999999999890754 -1.8    Newton...              1.37249999999999894307              1.37249999999999894307 0
34.21.-0.0225              1.37249999999999894307 -1.8    Newton...              1.34999999999999897859              1.34999999999999897859 0
34.22.-0.0225              1.34999999999999897859 -1.8    Newton...              1.32749999999999901412              1.32749999999999901412 0
34.23.-0.0225              1.32749999999999901412 -1.8    Newton...              1.30499999999999904965              1.30499999999999904965 0
34.24.-0.0225              1.30499999999999904965 -1.8    Newton...              1.28249999999999908518              1.28249999999999908518 0
34.25.-0.0225              1.28249999999999908518 -1.8    Newton...              1.25999999999999912070              1.25999999999999912070 0
34.26.-0.0225              1.25999999999999912070 -1.8    Newton...              1.23749999999999915623              1.23749999999999915623 0
34.27.-0.0225              1.23749999999999915623 -1.8    Newton...              1.21499999999999919176              1.21499999999999919176 0
34.28.-0.0225              1.21499999999999919176 -1.8    Newton...              1.19249999999999922728              1.19249999999999922728 0
34.29.-0.0225              1.19249999999999922728 -1.8    Newton...              1.16999999999999926281              1.16999999999999926281 0
34.30.-0.0225              1.16999999999999926281 -1.8    Newton...              1.14749999999999929834              1.14749999999999929834 0
34.31.-0.0225              1.14749999999999929834 -1.8    Newton...              1.12499999999999933387              1.12499999999999933387 0
34.32.-0.0225              1.12499999999999933387 -1.8    Newton...              1.10249999999999936939              1.10249999999999936939 0
34.33.-0.0225              1.10249999999999936939 -1.8    Newton...              1.07999999999999940492              1.07999999999999940492 0
34.34.-0.0225              1.07999999999999940492 -1.8    Newton...              1.05749999999999944045              1.05749999999999944045 0
34.35.-0.0225              1.05749999999999944045 -1.8    Newton...              1.03499999999999947597              1.03499999999999947597 0
34.36.-0.0225              1.03499999999999947597 -1.8    Newton...              1.01249999999999951150              1.01249999999999951150 0
34.37.-0.0225              1.01249999999999951150 -1.8    Newton...              0.98999999999999954703              0.98999999999999954703 0
34.38.-0.0225              0.98999999999999954703 -1.8    Newton...              0.96749999999999958256              0.96749999999999958256 0
34.39.-0.0225              0.96749999999999958256 -1.8    Newton...              0.94499999999999961808              0.94499999999999961808 0
34.40.-0.0225              0.94499999999999961808 -1.8    Newton...              0.92249999999999965361              0.92249999999999965361 0
34.41.-0.0225              0.92249999999999965361 -1.8    Newton...              0.89999999999999968914              0.89999999999999968914 0
34.42.-0.0225              0.89999999999999968914 -1.8    Newton...              0.87749999999999972466              0.87749999999999972466 0
34.43.-0.0225              0.87749999999999972466 -1.8    Newton...              0.85499999999999976019              0.85499999999999976019 0
34.44.-0.0225              0.85499999999999976019 -1.8    Newton...              0.83249999999999979572              0.83249999999999979572 0
34.45.-0.0225              0.83249999999999979572 -1.8    Newton...              0.80999999999999983125              0.80999999999999983125 0
34.46.-0.0225              0.80999999999999983125 -1.8    Newton...              0.78749999999999986677              0.78749999999999986677 0
34.47.-0.0225              0.78749999999999986677 -1.8    Newton...              0.76499999999999990230              0.76499999999999990230 0
34.48.-0.0225              0.76499999999999990230 -1.8    Newton...              0.74249999999999993783              0.74249999999999993783 0
34.49.-0.0225              0.74249999999999993783 -1.8    Newton...              0.71999999999999997335              0.71999999999999997335 0
34.50.-0.0225              0.71999999999999997335 -1.8    Newton...              0.69750000000000000888              0.69750000000000000888 0
34.51.-0.0225              0.69750000000000000888 -1.8    Newton...              0.67500000000000004441              0.67500000000000004441 0
34.52.-0.0225              0.67500000000000004441 -1.8    Newton...              0.65250000000000007994              0.65250000000000007994 0
34.53.-0.0225              0.65250000000000007994 -1.8    Newton...              0.63000000000000011546              0.63000000000000011546 0
34.54.-0.0225              0.63000000000000011546 -1.8    Newton...              0.60750000000000015099              0.60750000000000015099 0
34.55.-0.0225              0.60750000000000015099 -1.8    Newton...              0.58500000000000018652              0.58500000000000018652 0
34.56.-0.0225              0.58500000000000018652 -1.8    Newton...              0.56250000000000022204              0.56250000000000022204 0
34.57.-0.0225              0.56250000000000022204 -1.8    Newton...              0.54000000000000025757              0.54000000000000025757 0
34.58.-0.0225              0.54000000000000025757 -1.8    Newton...              0.51750000000000029310              0.51750000000000029310 0
34.59.-0.0225              0.51750000000000029310 -1.8    Newton...              0.49500000000000027311              0.49500000000000027311 0
34.60.-0.0225              0.49500000000000027311 -1.8    Newton...              0.47250000000000025313              0.47250000000000025313 0
34.61.-0.0225              0.47250000000000025313 -1.8    Newton...              0.45000000000000023315              0.45000000000000023315 0
34.62.-0.0225              0.45000000000000023315 -1.8    Newton...              0.42750000000000021316              0.42750000000000021316 0
34.63.-0.0225              0.42750000000000021316 -1.8    Newton...              0.40500000000000019318              0.40500000000000019318 0
34.64.-0.0225              0.40500000000000019318 -1.8    Newton...              0.38250000000000017319              0.38250000000000017319 0
34.65.-0.0225              0.38250000000000017319 -1.8    Newton...              0.36000000000000015321              0.36000000000000015321 0
34.66.-0.0225              0.36000000000000015321 -1.8    Newton...              0.33750000000000013323              0.33750000000000013323 0
34.67.-0.0225              0.33750000000000013323 -1.8    Newton...              0.31500000000000011324              0.31500000000000011324 0
34.68.-0.0225              0.31500000000000011324 -1.8    Newton...              0.29250000000000009326              0.29250000000000009326 0
34.69.-0.0225              0.29250000000000009326 -1.8    Newton...              0.27000000000000007327              0.27000000000000007327 0
34.70.-0.0225              0.27000000000000007327 -1.8    Newton...              0.24750000000000008105              0.24750000000000008105 0
34.71.-0.0225              0.24750000000000008105 -1.8    Newton...              0.22500000000000008882              0.22500000000000008882 0
34.72.-0.0225              0.22500000000000008882 -1.8    Newton...              0.20250000000000009659              0.20250000000000009659 0
34.73.-0.0225              0.20250000000000009659 -1.8    Newton...              0.18000000000000010436              0.18000000000000010436 0
34.74.-0.0225              0.18000000000000010436 -1.8    Newton...              0.15750000000000011213              0.15750000000000011213 0
34.75.-0.0225              0.15750000000000011213 -1.8    Newton...              0.13500000000000011990              0.13500000000000011990 0
34.76.-0.0225              0.13500000000000011990 -1.8    Newton...              0.11250000000000012768              0.11250000000000012768 0
34.77.-0.0225              0.11250000000000012768 -1.8    Newton...              0.09000000000000012157              0.09000000000000012157 0
34.78.-0.0225              0.09000000000000012157 -1.8    Newton...              0.06750000000000011546              0.06750000000000011546 0
34.79.-0.0225              0.06750000000000011546 -1.8    Newton...              0.04500000000000011630              0.04500000000000011630 0
34.80.-0.0225              0.04500000000000011630 -1.8    Newton...              0.02250000000000011713              0.02250000000000011713 0
34.81.-0.0225              0.02250000000000011713 -1.8    Newton...              0.00000000000000011796              0.00000000000000011796 0
34.82.-0.0225              0.00000000000000011796 -1.8    Newton...             -0.02249999999999988468             -0.02249999999999988468 0
34.83.-0.0225             -0.02249999999999988468 -1.8    Newton...             -0.04499999999999988731             -0.04499999999999988731 0
34.84.-0.0225             -0.04499999999999988731 -1.8    Newton...             -0.06749999999999989342             -0.06749999999999989342 0
34.85.-0.0225             -0.06749999999999989342 -1.8    Newton...             -0.08999999999999988565             -0.08999999999999988565 0
34.86.-0.0225             -0.08999999999999988565 -1.8    Newton...             -0.11249999999999987788             -0.11249999999999987788 0
34.87.-0.0225             -0.11249999999999987788 -1.8    Newton...             -0.13499999999999987010             -0.13499999999999987010 0
34.88.-0.0225             -0.13499999999999987010 -1.8    Newton...             -0.15749999999999986233             -0.15749999999999986233 0
34.89.-0.0225             -0.15749999999999986233 -1.8    Newton...             -0.17999999999999985456             -0.17999999999999985456 0
34.90.-0.0225             -0.17999999999999985456 -1.8    Newton...             -0.20249999999999984679             -0.20249999999999984679 0
34.91.-0.0225             -0.20249999999999984679 -1.8    Newton...             -0.22499999999999983902             -0.22499999999999983902 0
34.92.-0.0225             -0.22499999999999983902 -1.8    Newton...             -0.24749999999999983125             -0.24749999999999983125 0
34.93.-0.0225             -0.24749999999999983125 -1.8    Newton...             -0.26999999999999985123             -0.26999999999999985123 0
34.94.-0.0225             -0.26999999999999985123 -1.8    Newton...             -0.29249999999999987121             -0.29249999999999987121 0
34.95.-0.0225             -0.29249999999999987121 -1.8    Newton...             -0.31499999999999989120             -0.31499999999999989120 0
34.96.-0.0225             -0.31499999999999989120 -1.8    Newton...             -0.33749999999999991118             -0.33749999999999991118 0
34.97.-0.0225             -0.33749999999999991118 -1.8    Newton...             -0.35999999999999993117             -0.35999999999999993117 0
34.98.-0.0225             -0.35999999999999993117 -1.8    Newton...             -0.38249999999999995115             -0.38249999999999995115 0
34.99.-0.0225             -0.38249999999999995115 -1.8    Newton...             -0.40499999999999997113             -0.40499999999999997113 0
34.100.-0.0225             -0.40499999999999997113 -1.8    Newton...             -0.42749999999999999112             -0.42749999999999999112 0
34.101.-0.0225             -0.42749999999999999112 -1.8    Newton...             -0.45000000000000001110             -0.45000000000000001110 0
34.102.-0.0225             -0.45000000000000001110 -1.8    Newton...             -0.47250000000000003109             -0.47250000000000003109 0
34.103.-0.0225             -0.47250000000000003109 -1.8    Newton...             -0.49500000000000005107             -0.49500000000000005107 0
34.104.-0.0225             -0.49500000000000005107 -1.8    Newton...             -0.51750000000000007105             -0.51750000000000007105 0
34.105.-0.0225             -0.51750000000000007105 -1.8    Newton...             -0.54000000000000003553             -0.54000000000000003553 0
34.106.-0.0225             -0.54000000000000003553 -1.8    Newton...             -0.56250000000000000000             -0.56250000000000000000 0
34.107.-0.0225             -0.56250000000000000000 -1.8    Newton...             -0.58499999999999996447             -0.58499999999999996447 0
34.108.-0.0225             -0.58499999999999996447 -1.8    Newton...             -0.60749999999999992895             -0.60749999999999992895 0
34.109.-0.0225             -0.60749999999999992895 -1.8    Newton...             -0.62999999999999989342             -0.62999999999999989342 0
34.110.-0.0225             -0.62999999999999989342 -1.8    Newton...             -0.65249999999999985789             -0.65249999999999985789 0
34.111.-0.0225             -0.65249999999999985789 -1.8    Newton...             -0.67499999999999982236             -0.67499999999999982236 0
34.112.-0.0225             -0.67499999999999982236 -1.8    Newton...             -0.69749999999999978684             -0.69749999999999978684 0
34.113.-0.0225             -0.69749999999999978684 -1.8    Newton...             -0.71999999999999975131             -0.71999999999999975131 0
34.114.-0.0225             -0.71999999999999975131 -1.8    Newton...             -0.74249999999999971578             -0.74249999999999971578 0
34.115.-0.0225             -0.74249999999999971578 -1.8    Newton...             -0.76499999999999968026             -0.76499999999999968026 0
34.116.-0.0225             -0.76499999999999968026 -1.8    Newton...             -0.78749999999999964473             -0.78749999999999964473 0
34.117.-0.0225             -0.78749999999999964473 -1.8    Newton...             -0.80999999999999960920             -0.80999999999999960920 0
34.118.-0.0225             -0.80999999999999960920 -1.8    Newton...             -0.83249999999999957367             -0.83249999999999957367 0
34.119.-0.0225             -0.83249999999999957367 -1.8    Newton...             -0.85499999999999953815             -0.85499999999999953815 0
34.120.-0.0225             -0.85499999999999953815 -1.8    Newton...             -0.87749999999999950262             -0.87749999999999950262 0
34.121.-0.0225             -0.87749999999999950262 -1.8    Newton...             -0.89999999999999946709             -0.89999999999999946709 0
34.122.-0.0225             -0.89999999999999946709 -1.8    Newton...             -0.92249999999999943157             -0.92249999999999943157 0
34.123.-0.0225             -0.92249999999999943157 -1.8    Newton...             -0.94499999999999939604             -0.94499999999999939604 0
34.124.-0.0225             -0.94499999999999939604 -1.8    Newton...             -0.96749999999999936051             -0.96749999999999936051 0
34.125.-0.0225             -0.96749999999999936051 -1.8    Newton...             -0.98999999999999932498             -0.98999999999999932498 0
34.126.-0.0225             -0.98999999999999932498 -1.8    Newton...             -1.01249999999999928946             -1.01249999999999928946 0
34.127.-0.0225             -1.01249999999999928946 -1.8    Newton...             -1.03499999999999925393             -1.03499999999999925393 0
34.128.-0.0225             -1.03499999999999925393 -1.8    Newton...             -1.05749999999999921840             -1.05749999999999921840 0
34.129.-0.0225             -1.05749999999999921840 -1.8    Newton...             -1.07999999999999918288             -1.07999999999999918288 0
34.130.-0.0225             -1.07999999999999918288 -1.8    Newton...             -1.10249999999999914735             -1.10249999999999914735 0
34.131.-0.0225             -1.10249999999999914735 -1.8    Newton...             -1.12499999999999911182             -1.12499999999999911182 0
34.132.-0.0225             -1.12499999999999911182 -1.8    Newton...             -1.14749999999999907629             -1.14749999999999907629 0
34.133.-0.0225             -1.14749999999999907629 -1.8    Newton...             -1.16999999999999904077             -1.16999999999999904077 0
34.134.-0.0225             -1.16999999999999904077 -1.8    Newton...             -1.19249999999999900524             -1.19249999999999900524 0
34.135.-0.0225             -1.19249999999999900524 -1.8    Newton...             -1.21499999999999896971             -1.21499999999999896971 0
34.136.-0.0225             -1.21499999999999896971 -1.8    Newton...             -1.23749999999999893419             -1.23749999999999893419 0
34.137.-0.0225             -1.23749999999999893419 -1.8    Newton...             -1.25999999999999889866             -1.25999999999999889866 0
34.138.-0.0225             -1.25999999999999889866 -1.8    Newton...             -1.28249999999999886313             -1.28249999999999886313 0
34.139.-0.0225             -1.28249999999999886313 -1.8    Newton...             -1.30499999999999882760             -1.30499999999999882760 0
34.140.-0.0225             -1.30499999999999882760 -1.8    Newton...             -1.32749999999999879208             -1.32749999999999879208 0
34.141.-0.0225             -1.32749999999999879208 -1.8    Newton...             -1.34999999999999875655             -1.34999999999999875655 0
34.142.-0.0225             -1.34999999999999875655 -1.8    Newton...             -1.37249999999999872102             -1.37249999999999872102 0
34.143.-0.0225             -1.37249999999999872102 -1.8    Newton...             -1.39499999999999868550             -1.39499999999999868550 0
34.144.-0.0225             -1.39499999999999868550 -1.8    Newton...             -1.41749999999999864997             -1.41749999999999864997 0
34.145.-0.0225             -1.41749999999999864997 -1.8    Newton...             -1.43999999999999861444             -1.43999999999999861444 0
34.146.-0.0225             -1.43999999999999861444 -1.8    Newton...             -1.46249999999999857891             -1.46249999999999857891 0
34.147.-0.0225             -1.46249999999999857891 -1.8    Newton...             -1.48499999999999854339             -1.48499999999999854339 0
34.148.-0.0225             -1.48499999999999854339 -1.8    Newton...             -1.50749999999999850786             -1.50749999999999850786 0
34.149.-0.0225             -1.50749999999999850786 -1.8    Newton...             -1.52999999999999847233             -1.52999999999999847233 0
34.150.-0.0225             -1.52999999999999847233 -1.8    Newton...             -1.55249999999999843681             -1.55249999999999843681 0
34.151.-0.0225             -1.55249999999999843681 -1.8    Newton...             -1.57499999999999840128             -1.57499999999999840128 0
34.152.-0.0225             -1.57499999999999840128 -1.8    Newton...             -1.59749999999999836575             -1.59749999999999836575 0
34.153.-0.0225             -1.59749999999999836575 -1.8    Newton...             -1.61999999999999833022             -1.61999999999999833022 0
34.154.-0.0225             -1.61999999999999833022 -1.8    Newton...             -1.64249999999999829470             -1.64249999999999829470 0
34.155.-0.0225             -1.64249999999999829470 -1.8    Newton...             -1.66499999999999825917             -1.66499999999999825917 0
34.156.-0.0225             -1.66499999999999825917 -1.8    Newton...             -1.68749999999999822364             -1.68749999999999822364 0
34.157.-0.0225             -1.68749999999999822364 -1.8    Newton...             -1.70999999999999818812             -1.70999999999999818812 0
34.158.-0.0225             -1.70999999999999818812 -1.8    Newton...             -1.73249999999999815259             -1.73249999999999815259 0
34.159.-0.0225             -1.73249999999999815259 -1.8    Newton...             -1.75499999999999811706             -1.75499999999999811706 0
34.160.-0.0225             -1.75499999999999811706 -1.8    Newton...             -1.77749999999999808153             -1.77749999999999808153 0
34.161.-0.0225             -1.77749999999999808153 -1.8    Newton...             -1.79999999999999804601             -1.79999999999999804601 0
34.162.-0.0225             -1.79999999999999804601 -1.8    Newton...             -1.82249999999999801048             -1.82249999999999801048 0
35.1.0.0225             -1.82249999999999801048 1.8    Newton...             -1.79999999999999804601             -1.79999999999999804601 0
35.2.0.0225             -1.79999999999999804601 1.8    Newton...             -1.77749999999999808153             -1.77749999999999808153 0
35.3.0.0225             -1.77749999999999808153 1.8    Newton...             -1.75499999999999811706             -1.75499999999999811706 0
35.4.0.0225             -1.75499999999999811706 1.8    Newton...             -1.73249999999999815259             -1.73249999999999815259 0
35.5.0.0225             -1.73249999999999815259 1.8    Newton...             -1.70999999999999818812             -1.70999999999999818812 0
35.6.0.0225             -1.70999999999999818812 1.8    Newton...             -1.68749999999999822364             -1.68749999999999822364 0
35.7.0.0225             -1.68749999999999822364 1.8    Newton...             -1.66499999999999825917             -1.66499999999999825917 0
35.8.0.0225             -1.66499999999999825917 1.8    Newton...             -1.64249999999999829470             -1.64249999999999829470 0
35.9.0.0225             -1.64249999999999829470 1.8    Newton...             -1.61999999999999833022             -1.61999999999999833022 0
35.10.0.0225             -1.61999999999999833022 1.8    Newton...             -1.59749999999999836575             -1.59749999999999836575 0
35.11.0.0225             -1.59749999999999836575 1.8    Newton...             -1.57499999999999840128             -1.57499999999999840128 0
35.12.0.0225             -1.57499999999999840128 1.8    Newton...             -1.55249999999999843681             -1.55249999999999843681 0
35.13.0.0225             -1.55249999999999843681 1.8    Newton...             -1.52999999999999847233             -1.52999999999999847233 0
35.14.0.0225             -1.52999999999999847233 1.8    Newton...             -1.50749999999999850786             -1.50749999999999850786 0
35.15.0.0225             -1.50749999999999850786 1.8    Newton...             -1.48499999999999854339             -1.48499999999999854339 0
35.16.0.0225             -1.48499999999999854339 1.8    Newton...             -1.46249999999999857891             -1.46249999999999857891 0
35.17.0.0225             -1.46249999999999857891 1.8    Newton...             -1.43999999999999861444             -1.43999999999999861444 0
35.18.0.0225             -1.43999999999999861444 1.8    Newton...             -1.41749999999999864997             -1.41749999999999864997 0
35.19.0.0225             -1.41749999999999864997 1.8    Newton...             -1.39499999999999868550             -1.39499999999999868550 0
35.20.0.0225             -1.39499999999999868550 1.8    Newton...             -1.37249999999999872102             -1.37249999999999872102 0
35.21.0.0225             -1.37249999999999872102 1.8    Newton...             -1.34999999999999875655             -1.34999999999999875655 0
35.22.0.0225             -1.34999999999999875655 1.8    Newton...             -1.32749999999999879208             -1.32749999999999879208 0
35.23.0.0225             -1.32749999999999879208 1.8    Newton...             -1.30499999999999882760             -1.30499999999999882760 0
35.24.0.0225             -1.30499999999999882760 1.8    Newton...             -1.28249999999999886313             -1.28249999999999886313 0
35.25.0.0225             -1.28249999999999886313 1.8    Newton...             -1.25999999999999889866             -1.25999999999999889866 0
35.26.0.0225             -1.25999999999999889866 1.8    Newton...             -1.23749999999999893419             -1.23749999999999893419 0
35.27.0.0225             -1.23749999999999893419 1.8    Newton...             -1.21499999999999896971             -1.21499999999999896971 0
35.28.0.0225             -1.21499999999999896971 1.8    Newton...             -1.19249999999999900524             -1.19249999999999900524 0
35.29.0.0225             -1.19249999999999900524 1.8    Newton...             -1.16999999999999904077             -1.16999999999999904077 0
35.30.0.0225             -1.16999999999999904077 1.8    Newton...             -1.14749999999999907629             -1.14749999999999907629 0
35.31.0.0225             -1.14749999999999907629 1.8    Newton...             -1.12499999999999911182             -1.12499999999999911182 0
35.32.0.0225             -1.12499999999999911182 1.8    Newton...             -1.10249999999999914735             -1.10249999999999914735 0
35.33.0.0225             -1.10249999999999914735 1.8    Newton...             -1.07999999999999918288             -1.07999999999999918288 0
35.34.0.0225             -1.07999999999999918288 1.8    Newton...             -1.05749999999999921840             -1.05749999999999921840 0
35.35.0.0225             -1.05749999999999921840 1.8    Newton...             -1.03499999999999925393             -1.03499999999999925393 0
35.36.0.0225             -1.03499999999999925393 1.8    Newton...             -1.01249999999999928946             -1.01249999999999928946 0
35.37.0.0225             -1.01249999999999928946 1.8    Newton...             -0.98999999999999932498             -0.98999999999999932498 0
35.38.0.0225             -0.98999999999999932498 1.8    Newton...             -0.96749999999999936051             -0.96749999999999936051 0
35.39.0.0225             -0.96749999999999936051 1.8    Newton...             -0.94499999999999939604             -0.94499999999999939604 0
35.40.0.0225             -0.94499999999999939604 1.8    Newton...             -0.92249999999999943157             -0.92249999999999943157 0
35.41.0.0225             -0.92249999999999943157 1.8    Newton...             -0.89999999999999946709             -0.89999999999999946709 0
35.42.0.0225             -0.89999999999999946709 1.8    Newton...             -0.87749999999999950262             -0.87749999999999950262 0
35.43.0.0225             -0.87749999999999950262 1.8    Newton...             -0.85499999999999953815             -0.85499999999999953815 0
35.44.0.0225             -0.85499999999999953815 1.8    Newton...             -0.83249999999999957367             -0.83249999999999957367 0
35.45.0.0225             -0.83249999999999957367 1.8    Newton...             -0.80999999999999960920             -0.80999999999999960920 0
35.46.0.0225             -0.80999999999999960920 1.8    Newton...             -0.78749999999999964473             -0.78749999999999964473 0
35.47.0.0225             -0.78749999999999964473 1.8    Newton...             -0.76499999999999968026             -0.76499999999999968026 0
35.48.0.0225             -0.76499999999999968026 1.8    Newton...             -0.74249999999999971578             -0.74249999999999971578 0
35.49.0.0225             -0.74249999999999971578 1.8    Newton...             -0.71999999999999975131             -0.71999999999999975131 0
35.50.0.0225             -0.71999999999999975131 1.8    Newton...             -0.69749999999999978684             -0.69749999999999978684 0
35.51.0.0225             -0.69749999999999978684 1.8    Newton...             -0.67499999999999982236             -0.67499999999999982236 0
35.52.0.0225             -0.67499999999999982236 1.8    Newton...             -0.65249999999999985789             -0.65249999999999985789 0
35.53.0.0225             -0.65249999999999985789 1.8    Newton...             -0.62999999999999989342             -0.62999999999999989342 0
35.54.0.0225             -0.62999999999999989342 1.8    Newton...             -0.60749999999999992895             -0.60749999999999992895 0
35.55.0.0225             -0.60749999999999992895 1.8    Newton...             -0.58499999999999996447             -0.58499999999999996447 0
35.56.0.0225             -0.58499999999999996447 1.8    Newton...             -0.56250000000000000000             -0.56250000000000000000 0
35.57.0.0225             -0.56250000000000000000 1.8    Newton...             -0.54000000000000003553             -0.54000000000000003553 0
35.58.0.0225             -0.54000000000000003553 1.8    Newton...             -0.51750000000000007105             -0.51750000000000007105 0
35.59.0.0225             -0.51750000000000007105 1.8    Newton...             -0.49500000000000005107             -0.49500000000000005107 0
35.60.0.0225             -0.49500000000000005107 1.8    Newton...             -0.47250000000000003109             -0.47250000000000003109 0
35.61.0.0225             -0.47250000000000003109 1.8    Newton...             -0.45000000000000001110             -0.45000000000000001110 0
35.62.0.0225             -0.45000000000000001110 1.8    Newton...             -0.42749999999999999112             -0.42749999999999999112 0
35.63.0.0225             -0.42749999999999999112 1.8    Newton...             -0.40499999999999997113             -0.40499999999999997113 0
35.64.0.0225             -0.40499999999999997113 1.8    Newton...             -0.38249999999999995115             -0.38249999999999995115 0
35.65.0.0225             -0.38249999999999995115 1.8    Newton...             -0.35999999999999993117             -0.35999999999999993117 0
35.66.0.0225             -0.35999999999999993117 1.8    Newton...             -0.33749999999999991118             -0.33749999999999991118 0
35.67.0.0225             -0.33749999999999991118 1.8    Newton...             -0.31499999999999989120             -0.31499999999999989120 0
35.68.0.0225             -0.31499999999999989120 1.8    Newton...             -0.29249999999999987121             -0.29249999999999987121 0
35.69.0.0225             -0.29249999999999987121 1.8    Newton...             -0.26999999999999985123             -0.26999999999999985123 0
35.70.0.0225             -0.26999999999999985123 1.8    Newton...             -0.24749999999999985900             -0.24749999999999985900 0
35.71.0.0225             -0.24749999999999985900 1.8    Newton...             -0.22499999999999986677             -0.22499999999999986677 0
35.72.0.0225             -0.22499999999999986677 1.8    Newton...             -0.20249999999999987454             -0.20249999999999987454 0
35.73.0.0225             -0.20249999999999987454 1.8    Newton...             -0.17999999999999988232             -0.17999999999999988232 0
35.74.0.0225             -0.17999999999999988232 1.8    Newton...             -0.15749999999999989009             -0.15749999999999989009 0
35.75.0.0225             -0.15749999999999989009 1.8    Newton...             -0.13499999999999989786             -0.13499999999999989786 0
35.76.0.0225             -0.13499999999999989786 1.8    Newton...             -0.11249999999999990563             -0.11249999999999990563 0
35.77.0.0225             -0.11249999999999990563 1.8    Newton...             -0.08999999999999991340             -0.08999999999999991340 0
35.78.0.0225             -0.08999999999999991340 1.8    Newton...             -0.06749999999999992117             -0.06749999999999992117 0
35.79.0.0225             -0.06749999999999992117 1.8    Newton...             -0.04499999999999992201             -0.04499999999999992201 0
35.80.0.0225             -0.04499999999999992201 1.8    Newton...             -0.02249999999999992284             -0.02249999999999992284 0
35.81.0.0225             -0.02249999999999992284 1.8    Newton...              0.00000000000000007633              0.00000000000000007633 0
35.82.0.0225              0.00000000000000007633 1.8    Newton...              0.02250000000000007550              0.02250000000000007550 0
35.83.0.0225              0.02250000000000007550 1.8    Newton...              0.04500000000000007466              0.04500000000000007466 0
35.84.0.0225              0.04500000000000007466 1.8    Newton...              0.06750000000000007383              0.06750000000000007383 0
35.85.0.0225              0.06750000000000007383 1.8    Newton...              0.09000000000000007994              0.09000000000000007994 0
35.86.0.0225              0.09000000000000007994 1.8    Newton...              0.11250000000000007216              0.11250000000000007216 0
35.87.0.0225              0.11250000000000007216 1.8    Newton...              0.13500000000000006439              0.13500000000000006439 0
35.88.0.0225              0.13500000000000006439 1.8    Newton...              0.15750000000000005662              0.15750000000000005662 0
35.89.0.0225              0.15750000000000005662 1.8    Newton...              0.18000000000000004885              0.18000000000000004885 0
35.90.0.0225              0.18000000000000004885 1.8    Newton...              0.20250000000000004108              0.20250000000000004108 0
35.91.0.0225              0.20250000000000004108 1.8    Newton...              0.22500000000000003331              0.22500000000000003331 0
35.92.0.0225              0.22500000000000003331 1.8    Newton...              0.24750000000000002554              0.24750000000000002554 0
35.93.0.0225              0.24750000000000002554 1.8    Newton...              0.27000000000000001776              0.27000000000000001776 0
35.94.0.0225              0.27000000000000001776 1.8    Newton...              0.29250000000000003775              0.29250000000000003775 0
35.95.0.0225              0.29250000000000003775 1.8    Newton...              0.31500000000000005773              0.31500000000000005773 0
35.96.0.0225              0.31500000000000005773 1.8    Newton...              0.33750000000000007772              0.33750000000000007772 0
35.97.0.0225              0.33750000000000007772 1.8    Newton...              0.36000000000000009770              0.36000000000000009770 0
35.98.0.0225              0.36000000000000009770 1.8    Newton...              0.38250000000000011768              0.38250000000000011768 0
35.99.0.0225              0.38250000000000011768 1.8    Newton...              0.40500000000000013767              0.40500000000000013767 0
35.100.0.0225              0.40500000000000013767 1.8    Newton...              0.42750000000000015765              0.42750000000000015765 0
35.101.0.0225              0.42750000000000015765 1.8    Newton...              0.45000000000000017764              0.45000000000000017764 0
35.102.0.0225              0.45000000000000017764 1.8    Newton...              0.47250000000000019762              0.47250000000000019762 0
35.103.0.0225              0.47250000000000019762 1.8    Newton...              0.49500000000000021760              0.49500000000000021760 0
35.104.0.0225              0.49500000000000021760 1.8    Newton...              0.51750000000000018208              0.51750000000000018208 0
35.105.0.0225              0.51750000000000018208 1.8    Newton...              0.54000000000000014655              0.54000000000000014655 0
35.106.0.0225              0.54000000000000014655 1.8    Newton...              0.56250000000000011102              0.56250000000000011102 0
35.107.0.0225              0.56250000000000011102 1.8    Newton...              0.58500000000000007550              0.58500000000000007550 0
35.108.0.0225              0.58500000000000007550 1.8    Newton...              0.60750000000000003997              0.60750000000000003997 0
35.109.0.0225              0.60750000000000003997 1.8    Newton...              0.63000000000000000444              0.63000000000000000444 0
35.110.0.0225              0.63000000000000000444 1.8    Newton...              0.65249999999999996891              0.65249999999999996891 0
35.111.0.0225              0.65249999999999996891 1.8    Newton...              0.67499999999999993339              0.67499999999999993339 0
35.112.0.0225              0.67499999999999993339 1.8    Newton...              0.69749999999999989786              0.69749999999999989786 0
35.113.0.0225              0.69749999999999989786 1.8    Newton...              0.71999999999999986233              0.71999999999999986233 0
35.114.0.0225              0.71999999999999986233 1.8    Newton...              0.74249999999999982681              0.74249999999999982681 0
35.115.0.0225              0.74249999999999982681 1.8    Newton...              0.76499999999999979128              0.76499999999999979128 0
35.116.0.0225              0.76499999999999979128 1.8    Newton...              0.78749999999999975575              0.78749999999999975575 0
35.117.0.0225              0.78749999999999975575 1.8    Newton...              0.80999999999999972022              0.80999999999999972022 0
35.118.0.0225              0.80999999999999972022 1.8    Newton...              0.83249999999999968470              0.83249999999999968470 0
35.119.0.0225              0.83249999999999968470 1.8    Newton...              0.85499999999999964917              0.85499999999999964917 0
35.120.0.0225              0.85499999999999964917 1.8    Newton...              0.87749999999999961364              0.87749999999999961364 0
35.121.0.0225              0.87749999999999961364 1.8    Newton...              0.89999999999999957812              0.89999999999999957812 0
35.122.0.0225              0.89999999999999957812 1.8    Newton...              0.92249999999999954259              0.92249999999999954259 0
35.123.0.0225              0.92249999999999954259 1.8    Newton...              0.94499999999999950706              0.94499999999999950706 0
35.124.0.0225              0.94499999999999950706 1.8    Newton...              0.96749999999999947153              0.96749999999999947153 0
35.125.0.0225              0.96749999999999947153 1.8    Newton...              0.98999999999999943601              0.98999999999999943601 0
35.126.0.0225              0.98999999999999943601 1.8    Newton...              1.01249999999999951150              1.01249999999999951150 0
35.127.0.0225              1.01249999999999951150 1.8    Newton...              1.03499999999999947597              1.03499999999999947597 0
35.128.0.0225              1.03499999999999947597 1.8    Newton...              1.05749999999999944045              1.05749999999999944045 0
35.129.0.0225              1.05749999999999944045 1.8    Newton...              1.07999999999999940492              1.07999999999999940492 0
35.130.0.0225              1.07999999999999940492 1.8    Newton...              1.10249999999999936939              1.10249999999999936939 0
35.131.0.0225              1.10249999999999936939 1.8    Newton...              1.12499999999999933387              1.12499999999999933387 0
35.132.0.0225              1.12499999999999933387 1.8    Newton...              1.14749999999999929834              1.14749999999999929834 0
35.133.0.0225              1.14749999999999929834 1.8    Newton...              1.16999999999999926281              1.16999999999999926281 0
35.134.0.0225              1.16999999999999926281 1.8    Newton...              1.19249999999999922728              1.19249999999999922728 0
35.135.0.0225              1.19249999999999922728 1.8    Newton...              1.21499999999999919176              1.21499999999999919176 0
35.136.0.0225              1.21499999999999919176 1.8    Newton...              1.23749999999999915623              1.23749999999999915623 0
35.137.0.0225              1.23749999999999915623 1.8    Newton...              1.25999999999999912070              1.25999999999999912070 0
35.138.0.0225              1.25999999999999912070 1.8    Newton...              1.28249999999999908518              1.28249999999999908518 0
35.139.0.0225              1.28249999999999908518 1.8    Newton...              1.30499999999999904965              1.30499999999999904965 0
35.140.0.0225              1.30499999999999904965 1.8    Newton...              1.32749999999999901412              1.32749999999999901412 0
35.141.0.0225              1.32749999999999901412 1.8    Newton...              1.34999999999999897859              1.34999999999999897859 0
35.142.0.0225              1.34999999999999897859 1.8    Newton...              1.37249999999999894307              1.37249999999999894307 0
35.143.0.0225              1.37249999999999894307 1.8    Newton...              1.39499999999999890754              1.39499999999999890754 0
35.144.0.0225              1.39499999999999890754 1.8    Newton...              1.41749999999999887201              1.41749999999999887201 0
35.145.0.0225              1.41749999999999887201 1.8    Newton...              1.43999999999999883649              1.43999999999999883649 0
35.146.0.0225              1.43999999999999883649 1.8    Newton...              1.46249999999999880096              1.46249999999999880096 0
35.147.0.0225              1.46249999999999880096 1.8    Newton...              1.48499999999999876543              1.48499999999999876543 0
35.148.0.0225              1.48499999999999876543 1.8    Newton...              1.50749999999999872990              1.50749999999999872990 0
35.149.0.0225              1.50749999999999872990 1.8    Newton...              1.52999999999999869438              1.52999999999999869438 0
35.150.0.0225              1.52999999999999869438 1.8    Newton...              1.55249999999999865885              1.55249999999999865885 0
35.151.0.0225              1.55249999999999865885 1.8    Newton...              1.57499999999999862332              1.57499999999999862332 0
35.152.0.0225              1.57499999999999862332 1.8    Newton...              1.59749999999999858780              1.59749999999999858780 0
35.153.0.0225              1.59749999999999858780 1.8    Newton...              1.61999999999999855227              1.61999999999999855227 0
35.154.0.0225              1.61999999999999855227 1.8    Newton...              1.64249999999999851674              1.64249999999999851674 0
35.155.0.0225              1.64249999999999851674 1.8    Newton...              1.66499999999999848121              1.66499999999999848121 0
35.156.0.0225              1.66499999999999848121 1.8    Newton...              1.68749999999999844569              1.68749999999999844569 0
35.157.0.0225              1.68749999999999844569 1.8    Newton...              1.70999999999999841016              1.70999999999999841016 0
35.158.0.0225              1.70999999999999841016 1.8    Newton...              1.73249999999999837463              1.73249999999999837463 0
35.159.0.0225              1.73249999999999837463 1.8    Newton...              1.75499999999999833911              1.75499999999999833911 0
35.160.0.0225              1.75499999999999833911 1.8    Newton...              1.77749999999999830358              1.77749999999999830358 0
35.161.0.0225              1.77749999999999830358 1.8    Newton...              1.79999999999999826805              1.79999999999999826805 0
35.162.0.0225              1.79999999999999826805 1.8    Newton...              1.82249999999999823252              1.82249999999999823252 0
36.1.-0.0225              1.82249999999999823252 -1.8    Newton...              1.79999999999999826805              1.79999999999999826805 0
36.2.-0.0225              1.79999999999999826805 -1.8    Newton...              1.77749999999999830358              1.77749999999999830358 0
36.3.-0.0225              1.77749999999999830358 -1.8    Newton...              1.75499999999999833911              1.75499999999999833911 0
36.4.-0.0225              1.75499999999999833911 -1.8    Newton...              1.73249999999999837463              1.73249999999999837463 0
36.5.-0.0225              1.73249999999999837463 -1.8    Newton...              1.70999999999999841016              1.70999999999999841016 0
36.6.-0.0225              1.70999999999999841016 -1.8    Newton...              1.68749999999999844569              1.68749999999999844569 0
36.7.-0.0225              1.68749999999999844569 -1.8    Newton...              1.66499999999999848121              1.66499999999999848121 0
36.8.-0.0225              1.66499999999999848121 -1.8    Newton...              1.64249999999999851674              1.64249999999999851674 0
36.9.-0.0225              1.64249999999999851674 -1.8    Newton...              1.61999999999999855227              1.61999999999999855227 0
36.10.-0.0225              1.61999999999999855227 -1.8    Newton...              1.59749999999999858780              1.59749999999999858780 0
36.11.-0.0225              1.59749999999999858780 -1.8    Newton...              1.57499999999999862332              1.57499999999999862332 0
36.12.-0.0225              1.57499999999999862332 -1.8    Newton...              1.55249999999999865885              1.55249999999999865885 0
36.13.-0.0225              1.55249999999999865885 -1.8    Newton...              1.52999999999999869438              1.52999999999999869438 0
36.14.-0.0225              1.52999999999999869438 -1.8    Newton...              1.50749999999999872990              1.50749999999999872990 0
36.15.-0.0225              1.50749999999999872990 -1.8    Newton...              1.48499999999999876543              1.48499999999999876543 0
36.16.-0.0225              1.48499999999999876543 -1.8    Newton...              1.46249999999999880096              1.46249999999999880096 0
36.17.-0.0225              1.46249999999999880096 -1.8    Newton...              1.43999999999999883649              1.43999999999999883649 0
36.18.-0.0225              1.43999999999999883649 -1.8    Newton...              1.41749999999999887201              1.41749999999999887201 0
36.19.-0.0225              1.41749999999999887201 -1.8    Newton...              1.39499999999999890754              1.39499999999999890754 0
36.20.-0.0225              1.39499999999999890754 -1.8    Newton...              1.37249999999999894307              1.37249999999999894307 0
36.21.-0.0225              1.37249999999999894307 -1.8    Newton...              1.34999999999999897859              1.34999999999999897859 0
36.22.-0.0225              1.34999999999999897859 -1.8    Newton...              1.32749999999999901412              1.32749999999999901412 0
36.23.-0.0225              1.32749999999999901412 -1.8    Newton...              1.30499999999999904965              1.30499999999999904965 0
36.24.-0.0225              1.30499999999999904965 -1.8    Newton...              1.28249999999999908518              1.28249999999999908518 0
36.25.-0.0225              1.28249999999999908518 -1.8    Newton...              1.25999999999999912070              1.25999999999999912070 0
36.26.-0.0225              1.25999999999999912070 -1.8    Newton...              1.23749999999999915623              1.23749999999999915623 0
36.27.-0.0225              1.23749999999999915623 -1.8    Newton...              1.21499999999999919176              1.21499999999999919176 0
36.28.-0.0225              1.21499999999999919176 -1.8    Newton...              1.19249999999999922728              1.19249999999999922728 0
36.29.-0.0225              1.19249999999999922728 -1.8    Newton...              1.16999999999999926281              1.16999999999999926281 0
36.30.-0.0225              1.16999999999999926281 -1.8    Newton...              1.14749999999999929834              1.14749999999999929834 0
36.31.-0.0225              1.14749999999999929834 -1.8    Newton...              1.12499999999999933387              1.12499999999999933387 0
36.32.-0.0225              1.12499999999999933387 -1.8    Newton...              1.10249999999999936939              1.10249999999999936939 0
36.33.-0.0225              1.10249999999999936939 -1.8    Newton...              1.07999999999999940492              1.07999999999999940492 0
36.34.-0.0225              1.07999999999999940492 -1.8    Newton...              1.05749999999999944045              1.05749999999999944045 0
36.35.-0.0225              1.05749999999999944045 -1.8    Newton...              1.03499999999999947597              1.03499999999999947597 0
36.36.-0.0225              1.03499999999999947597 -1.8    Newton...              1.01249999999999951150              1.01249999999999951150 0
36.37.-0.0225              1.01249999999999951150 -1.8    Newton...              0.98999999999999954703              0.98999999999999954703 0
36.38.-0.0225              0.98999999999999954703 -1.8    Newton...              0.96749999999999958256              0.96749999999999958256 0
36.39.-0.0225              0.96749999999999958256 -1.8    Newton...              0.94499999999999961808              0.94499999999999961808 0
36.40.-0.0225              0.94499999999999961808 -1.8    Newton...              0.92249999999999965361              0.92249999999999965361 0
36.41.-0.0225              0.92249999999999965361 -1.8    Newton...              0.89999999999999968914              0.89999999999999968914 0
36.42.-0.0225              0.89999999999999968914 -1.8    Newton...              0.87749999999999972466              0.87749999999999972466 0
36.43.-0.0225              0.87749999999999972466 -1.8    Newton...              0.85499999999999976019              0.85499999999999976019 0
36.44.-0.0225              0.85499999999999976019 -1.8    Newton...              0.83249999999999979572              0.83249999999999979572 0
36.45.-0.0225              0.83249999999999979572 -1.8    Newton...              0.80999999999999983125              0.80999999999999983125 0
36.46.-0.0225              0.80999999999999983125 -1.8    Newton...              0.78749999999999986677              0.78749999999999986677 0
36.47.-0.0225              0.78749999999999986677 -1.8    Newton...              0.76499999999999990230              0.76499999999999990230 0
36.48.-0.0225              0.76499999999999990230 -1.8    Newton...              0.74249999999999993783              0.74249999999999993783 0
36.49.-0.0225              0.74249999999999993783 -1.8    Newton...              0.71999999999999997335              0.71999999999999997335 0
36.50.-0.0225              0.71999999999999997335 -1.8    Newton...              0.69750000000000000888              0.69750000000000000888 0
36.51.-0.0225              0.69750000000000000888 -1.8    Newton...              0.67500000000000004441              0.67500000000000004441 0
36.52.-0.0225              0.67500000000000004441 -1.8    Newton...              0.65250000000000007994              0.65250000000000007994 0
36.53.-0.0225              0.65250000000000007994 -1.8    Newton...              0.63000000000000011546              0.63000000000000011546 0
36.54.-0.0225              0.63000000000000011546 -1.8    Newton...              0.60750000000000015099              0.60750000000000015099 0
36.55.-0.0225              0.60750000000000015099 -1.8    Newton...              0.58500000000000018652              0.58500000000000018652 0
36.56.-0.0225              0.58500000000000018652 -1.8    Newton...              0.56250000000000022204              0.56250000000000022204 0
36.57.-0.0225              0.56250000000000022204 -1.8    Newton...              0.54000000000000025757              0.54000000000000025757 0
36.58.-0.0225              0.54000000000000025757 -1.8    Newton...              0.51750000000000029310              0.51750000000000029310 0
36.59.-0.0225              0.51750000000000029310 -1.8    Newton...              0.49500000000000027311              0.49500000000000027311 0
36.60.-0.0225              0.49500000000000027311 -1.8    Newton...              0.47250000000000025313              0.47250000000000025313 0
36.61.-0.0225              0.47250000000000025313 -1.8    Newton...              0.45000000000000023315              0.45000000000000023315 0
36.62.-0.0225              0.45000000000000023315 -1.8    Newton...              0.42750000000000021316              0.42750000000000021316 0
36.63.-0.0225              0.42750000000000021316 -1.8    Newton...              0.40500000000000019318              0.40500000000000019318 0
36.64.-0.0225              0.40500000000000019318 -1.8    Newton...              0.38250000000000017319              0.38250000000000017319 0
36.65.-0.0225              0.38250000000000017319 -1.8    Newton...              0.36000000000000015321              0.36000000000000015321 0
36.66.-0.0225              0.36000000000000015321 -1.8    Newton...              0.33750000000000013323              0.33750000000000013323 0
36.67.-0.0225              0.33750000000000013323 -1.8    Newton...              0.31500000000000011324              0.31500000000000011324 0
36.68.-0.0225              0.31500000000000011324 -1.8    Newton...              0.29250000000000009326              0.29250000000000009326 0
36.69.-0.0225              0.29250000000000009326 -1.8    Newton...              0.27000000000000007327              0.27000000000000007327 0
36.70.-0.0225              0.27000000000000007327 -1.8    Newton...              0.24750000000000008105              0.24750000000000008105 0
36.71.-0.0225              0.24750000000000008105 -1.8    Newton...              0.22500000000000008882              0.22500000000000008882 0
36.72.-0.0225              0.22500000000000008882 -1.8    Newton...              0.20250000000000009659              0.20250000000000009659 0
36.73.-0.0225              0.20250000000000009659 -1.8    Newton...              0.18000000000000010436              0.18000000000000010436 0
36.74.-0.0225              0.18000000000000010436 -1.8    Newton...              0.15750000000000011213              0.15750000000000011213 0
36.75.-0.0225              0.15750000000000011213 -1.8    Newton...              0.13500000000000011990              0.13500000000000011990 0
36.76.-0.0225              0.13500000000000011990 -1.8    Newton...              0.11250000000000012768              0.11250000000000012768 0
36.77.-0.0225              0.11250000000000012768 -1.8    Newton...              0.09000000000000012157              0.09000000000000012157 0
36.78.-0.0225              0.09000000000000012157 -1.8    Newton...              0.06750000000000011546              0.06750000000000011546 0
36.79.-0.0225              0.06750000000000011546 -1.8    Newton...              0.04500000000000011630              0.04500000000000011630 0
36.80.-0.0225              0.04500000000000011630 -1.8    Newton...              0.02250000000000011713              0.02250000000000011713 0
36.81.-0.0225              0.02250000000000011713 -1.8    Newton...              0.00000000000000011796              0.00000000000000011796 0
36.82.-0.0225              0.00000000000000011796 -1.8    Newton...             -0.02249999999999988121             -0.02249999999999988121 0
36.83.-0.0225             -0.02249999999999988121 -1.8    Newton...             -0.04499999999999988037             -0.04499999999999988037 0
36.84.-0.0225             -0.04499999999999988037 -1.8    Newton...             -0.06749999999999987954             -0.06749999999999987954 0
36.85.-0.0225             -0.06749999999999987954 -1.8    Newton...             -0.08999999999999988565             -0.08999999999999988565 0
36.86.-0.0225             -0.08999999999999988565 -1.8    Newton...             -0.11249999999999987788             -0.11249999999999987788 0
36.87.-0.0225             -0.11249999999999987788 -1.8    Newton...             -0.13499999999999987010             -0.13499999999999987010 0
36.88.-0.0225             -0.13499999999999987010 -1.8    Newton...             -0.15749999999999986233             -0.15749999999999986233 0
36.89.-0.0225             -0.15749999999999986233 -1.8    Newton...             -0.17999999999999985456             -0.17999999999999985456 0
36.90.-0.0225             -0.17999999999999985456 -1.8    Newton...             -0.20249999999999984679             -0.20249999999999984679 0
36.91.-0.0225             -0.20249999999999984679 -1.8    Newton...             -0.22499999999999983902             -0.22499999999999983902 0
36.92.-0.0225             -0.22499999999999983902 -1.8    Newton...             -0.24749999999999983125             -0.24749999999999983125 0
36.93.-0.0225             -0.24749999999999983125 -1.8    Newton...             -0.26999999999999985123             -0.26999999999999985123 0
36.94.-0.0225             -0.26999999999999985123 -1.8    Newton...             -0.29249999999999987121             -0.29249999999999987121 0
36.95.-0.0225             -0.29249999999999987121 -1.8    Newton...             -0.31499999999999989120             -0.31499999999999989120 0
36.96.-0.0225             -0.31499999999999989120 -1.8    Newton...             -0.33749999999999991118             -0.33749999999999991118 0
36.97.-0.0225             -0.33749999999999991118 -1.8    Newton...             -0.35999999999999993117             -0.35999999999999993117 0
36.98.-0.0225             -0.35999999999999993117 -1.8    Newton...             -0.38249999999999995115             -0.38249999999999995115 0
36.99.-0.0225             -0.38249999999999995115 -1.8    Newton...             -0.40499999999999997113             -0.40499999999999997113 0
36.100.-0.0225             -0.40499999999999997113 -1.8    Newton...             -0.42749999999999999112             -0.42749999999999999112 0
36.101.-0.0225             -0.42749999999999999112 -1.8    Newton...             -0.45000000000000001110             -0.45000000000000001110 0
36.102.-0.0225             -0.45000000000000001110 -1.8    Newton...             -0.47250000000000003109             -0.47250000000000003109 0
36.103.-0.0225             -0.47250000000000003109 -1.8    Newton...             -0.49500000000000005107             -0.49500000000000005107 0
36.104.-0.0225             -0.49500000000000005107 -1.8    Newton...             -0.51750000000000007105             -0.51750000000000007105 0
36.105.-0.0225             -0.51750000000000007105 -1.8    Newton...             -0.54000000000000003553             -0.54000000000000003553 0
36.106.-0.0225             -0.54000000000000003553 -1.8    Newton...             -0.56250000000000000000             -0.56250000000000000000 0
36.107.-0.0225             -0.56250000000000000000 -1.8    Newton...             -0.58499999999999996447             -0.58499999999999996447 0
36.108.-0.0225             -0.58499999999999996447 -1.8    Newton...             -0.60749999999999992895             -0.60749999999999992895 0
36.109.-0.0225             -0.60749999999999992895 -1.8    Newton...             -0.62999999999999989342             -0.62999999999999989342 0
36.110.-0.0225             -0.62999999999999989342 -1.8    Newton...             -0.65249999999999985789             -0.65249999999999985789 0
36.111.-0.0225             -0.65249999999999985789 -1.8    Newton...             -0.67499999999999982236             -0.67499999999999982236 0
36.112.-0.0225             -0.67499999999999982236 -1.8    Newton...             -0.69749999999999978684             -0.69749999999999978684 0
36.113.-0.0225             -0.69749999999999978684 -1.8    Newton...             -0.71999999999999975131             -0.71999999999999975131 0
36.114.-0.0225             -0.71999999999999975131 -1.8    Newton...             -0.74249999999999971578             -0.74249999999999971578 0
36.115.-0.0225             -0.74249999999999971578 -1.8    Newton...             -0.76499999999999968026             -0.76499999999999968026 0
36.116.-0.0225             -0.76499999999999968026 -1.8    Newton...             -0.78749999999999964473             -0.78749999999999964473 0
36.117.-0.0225             -0.78749999999999964473 -1.8    Newton...             -0.80999999999999960920             -0.80999999999999960920 0
36.118.-0.0225             -0.80999999999999960920 -1.8    Newton...             -0.83249999999999957367             -0.83249999999999957367 0
36.119.-0.0225             -0.83249999999999957367 -1.8    Newton...             -0.85499999999999953815             -0.85499999999999953815 0
36.120.-0.0225             -0.85499999999999953815 -1.8    Newton...             -0.87749999999999950262             -0.87749999999999950262 0
36.121.-0.0225             -0.87749999999999950262 -1.8    Newton...             -0.89999999999999946709             -0.89999999999999946709 0
36.122.-0.0225             -0.89999999999999946709 -1.8    Newton...             -0.92249999999999943157             -0.92249999999999943157 0
36.123.-0.0225             -0.92249999999999943157 -1.8    Newton...             -0.94499999999999939604             -0.94499999999999939604 0
36.124.-0.0225             -0.94499999999999939604 -1.8    Newton...             -0.96749999999999936051             -0.96749999999999936051 0
36.125.-0.0225             -0.96749999999999936051 -1.8    Newton...             -0.98999999999999932498             -0.98999999999999932498 0
36.126.-0.0225             -0.98999999999999932498 -1.8    Newton...             -1.01249999999999928946             -1.01249999999999928946 0
36.127.-0.0225             -1.01249999999999928946 -1.8    Newton...             -1.03499999999999925393             -1.03499999999999925393 0
36.128.-0.0225             -1.03499999999999925393 -1.8    Newton...             -1.05749999999999921840             -1.05749999999999921840 0
36.129.-0.0225             -1.05749999999999921840 -1.8    Newton...             -1.07999999999999918288             -1.07999999999999918288 0
36.130.-0.0225             -1.07999999999999918288 -1.8    Newton...             -1.10249999999999914735             -1.10249999999999914735 0
36.131.-0.0225             -1.10249999999999914735 -1.8    Newton...             -1.12499999999999911182             -1.12499999999999911182 0
36.132.-0.0225             -1.12499999999999911182 -1.8    Newton...             -1.14749999999999907629             -1.14749999999999907629 0
36.133.-0.0225             -1.14749999999999907629 -1.8    Newton...             -1.16999999999999904077             -1.16999999999999904077 0
36.134.-0.0225             -1.16999999999999904077 -1.8    Newton...             -1.19249999999999900524             -1.19249999999999900524 0
36.135.-0.0225             -1.19249999999999900524 -1.8    Newton...             -1.21499999999999896971             -1.21499999999999896971 0
36.136.-0.0225             -1.21499999999999896971 -1.8    Newton...             -1.23749999999999893419             -1.23749999999999893419 0
36.137.-0.0225             -1.23749999999999893419 -1.8    Newton...             -1.25999999999999889866             -1.25999999999999889866 0
36.138.-0.0225             -1.25999999999999889866 -1.8    Newton...             -1.28249999999999886313             -1.28249999999999886313 0
36.139.-0.0225             -1.28249999999999886313 -1.8    Newton...             -1.30499999999999882760             -1.30499999999999882760 0
36.140.-0.0225             -1.30499999999999882760 -1.8    Newton...             -1.32749999999999879208             -1.32749999999999879208 0
36.141.-0.0225             -1.32749999999999879208 -1.8    Newton...             -1.34999999999999875655             -1.34999999999999875655 0
36.142.-0.0225             -1.34999999999999875655 -1.8    Newton...             -1.37249999999999872102             -1.37249999999999872102 0
36.143.-0.0225             -1.37249999999999872102 -1.8    Newton...             -1.39499999999999868550             -1.39499999999999868550 0
36.144.-0.0225             -1.39499999999999868550 -1.8    Newton...             -1.41749999999999864997             -1.41749999999999864997 0
36.145.-0.0225             -1.41749999999999864997 -1.8    Newton...             -1.43999999999999861444             -1.43999999999999861444 0
36.146.-0.0225             -1.43999999999999861444 -1.8    Newton...             -1.46249999999999857891             -1.46249999999999857891 0
36.147.-0.0225             -1.46249999999999857891 -1.8    Newton...             -1.48499999999999854339             -1.48499999999999854339 0
36.148.-0.0225             -1.48499999999999854339 -1.8    Newton...             -1.50749999999999850786             -1.50749999999999850786 0
36.149.-0.0225             -1.50749999999999850786 -1.8    Newton...             -1.52999999999999847233             -1.52999999999999847233 0
36.150.-0.0225             -1.52999999999999847233 -1.8    Newton...             -1.55249999999999843681             -1.55249999999999843681 0
36.151.-0.0225             -1.55249999999999843681 -1.8    Newton...             -1.57499999999999840128             -1.57499999999999840128 0
36.152.-0.0225             -1.57499999999999840128 -1.8    Newton...             -1.59749999999999836575             -1.59749999999999836575 0
36.153.-0.0225             -1.59749999999999836575 -1.8    Newton...             -1.61999999999999833022             -1.61999999999999833022 0
36.154.-0.0225             -1.61999999999999833022 -1.8    Newton...             -1.64249999999999829470             -1.64249999999999829470 0
36.155.-0.0225             -1.64249999999999829470 -1.8    Newton...             -1.66499999999999825917             -1.66499999999999825917 0
36.156.-0.0225             -1.66499999999999825917 -1.8    Newton...             -1.68749999999999822364             -1.68749999999999822364 0
36.157.-0.0225             -1.68749999999999822364 -1.8    Newton...             -1.70999999999999818812             -1.70999999999999818812 0
36.158.-0.0225             -1.70999999999999818812 -1.8    Newton...             -1.73249999999999815259             -1.73249999999999815259 0
36.159.-0.0225             -1.73249999999999815259 -1.8    Newton...             -1.75499999999999811706             -1.75499999999999811706 0
36.160.-0.0225             -1.75499999999999811706 -1.8    Newton...             -1.77749999999999808153             -1.77749999999999808153 0
36.161.-0.0225             -1.77749999999999808153 -1.8    Newton...             -1.79999999999999804601             -1.79999999999999804601 0
36.162.-0.0225             -1.79999999999999804601 -1.8    Newton...             -1.82249999999999801048             -1.82249999999999801048 0
37.1.0.0225             -1.82249999999999801048 2.6999999999999997    Newton...             -1.79999999999999804601             -1.79999999999999804601 0
37.2.0.0225             -1.79999999999999804601 2.6999999999999997    Newton...             -1.77749999999999808153             -1.77749999999999808153 0
37.3.0.0225             -1.77749999999999808153 2.6999999999999997    Newton...             -1.75499999999999811706             -1.75499999999999811706 0
37.4.0.0225             -1.75499999999999811706 2.6999999999999997    Newton...             -1.73249999999999815259             -1.73249999999999815259 0
37.5.0.0225             -1.73249999999999815259 2.6999999999999997    Newton...             -1.70999999999999818812             -1.70999999999999818812 0
37.6.0.0225             -1.70999999999999818812 2.6999999999999997    Newton...             -1.68749999999999822364             -1.68749999999999822364 0
37.7.0.0225             -1.68749999999999822364 2.6999999999999997    Newton...             -1.66499999999999825917             -1.66499999999999825917 0
37.8.0.0225             -1.66499999999999825917 2.6999999999999997    Newton...             -1.64249999999999829470             -1.64249999999999829470 0
37.9.0.0225             -1.64249999999999829470 2.6999999999999997    Newton...             -1.61999999999999833022             -1.61999999999999833022 0
37.10.0.0225             -1.61999999999999833022 2.6999999999999997    Newton...             -1.59749999999999836575             -1.59749999999999836575 0
37.11.0.0225             -1.59749999999999836575 2.6999999999999997    Newton...             -1.57499999999999840128             -1.57499999999999840128 0
37.12.0.0225             -1.57499999999999840128 2.6999999999999997    Newton...             -1.55249999999999843681             -1.55249999999999843681 0
37.13.0.0225             -1.55249999999999843681 2.6999999999999997    Newton...             -1.52999999999999847233             -1.52999999999999847233 0
37.14.0.0225             -1.52999999999999847233 2.6999999999999997    Newton...             -1.50749999999999850786             -1.50749999999999850786 0
37.15.0.0225             -1.50749999999999850786 2.6999999999999997    Newton...             -1.48499999999999854339             -1.48499999999999854339 0
37.16.0.0225             -1.48499999999999854339 2.6999999999999997    Newton...             -1.46249999999999857891             -1.46249999999999857891 0
37.17.0.0225             -1.46249999999999857891 2.6999999999999997    Newton...             -1.43999999999999861444             -1.43999999999999861444 0
37.18.0.0225             -1.43999999999999861444 2.6999999999999997    Newton...             -1.41749999999999864997             -1.41749999999999864997 0
37.19.0.0225             -1.41749999999999864997 2.6999999999999997    Newton...             -1.39499999999999868550             -1.39499999999999868550 0
37.20.0.0225             -1.39499999999999868550 2.6999999999999997    Newton...             -1.37249999999999872102             -1.37249999999999872102 0
37.21.0.0225             -1.37249999999999872102 2.6999999999999997    Newton...             -1.34999999999999875655             -1.34999999999999875655 0
37.22.0.0225             -1.34999999999999875655 2.6999999999999997    Newton...             -1.32749999999999879208             -1.32749999999999879208 0
37.23.0.0225             -1.32749999999999879208 2.6999999999999997    Newton...             -1.30499999999999882760             -1.30499999999999882760 0
37.24.0.0225             -1.30499999999999882760 2.6999999999999997    Newton...             -1.28249999999999886313             -1.28249999999999886313 0
37.25.0.0225             -1.28249999999999886313 2.6999999999999997    Newton...             -1.25999999999999889866             -1.25999999999999889866 0
37.26.0.0225             -1.25999999999999889866 2.6999999999999997    Newton...             -1.23749999999999893419             -1.23749999999999893419 0
37.27.0.0225             -1.23749999999999893419 2.6999999999999997    Newton...             -1.21499999999999896971             -1.21499999999999896971 0
37.28.0.0225             -1.21499999999999896971 2.6999999999999997    Newton...             -1.19249999999999900524             -1.19249999999999900524 0
37.29.0.0225             -1.19249999999999900524 2.6999999999999997    Newton...             -1.16999999999999904077             -1.16999999999999904077 0
37.30.0.0225             -1.16999999999999904077 2.6999999999999997    Newton...             -1.14749999999999907629             -1.14749999999999907629 0
37.31.0.0225             -1.14749999999999907629 2.6999999999999997    Newton...             -1.12499999999999911182             -1.12499999999999911182 0
37.32.0.0225             -1.12499999999999911182 2.6999999999999997    Newton...             -1.10249999999999914735             -1.10249999999999914735 0
37.33.0.0225             -1.10249999999999914735 2.6999999999999997    Newton...             -1.07999999999999918288             -1.07999999999999918288 0
37.34.0.0225             -1.07999999999999918288 2.6999999999999997    Newton...             -1.05749999999999921840             -1.05749999999999921840 0
37.35.0.0225             -1.05749999999999921840 2.6999999999999997    Newton...             -1.03499999999999925393             -1.03499999999999925393 0
37.36.0.0225             -1.03499999999999925393 2.6999999999999997    Newton...             -1.01249999999999928946             -1.01249999999999928946 0
37.37.0.0225             -1.01249999999999928946 2.6999999999999997    Newton...             -0.98999999999999932498             -0.98999999999999932498 0
37.38.0.0225             -0.98999999999999932498 2.6999999999999997    Newton...             -0.96749999999999936051             -0.96749999999999936051 0
37.39.0.0225             -0.96749999999999936051 2.6999999999999997    Newton...             -0.94499999999999939604             -0.94499999999999939604 0
37.40.0.0225             -0.94499999999999939604 2.6999999999999997    Newton...             -0.92249999999999943157             -0.92249999999999943157 0
37.41.0.0225             -0.92249999999999943157 2.6999999999999997    Newton...             -0.89999999999999946709             -0.89999999999999946709 0
37.42.0.0225             -0.89999999999999946709 2.6999999999999997    Newton...             -0.87749999999999950262             -0.87749999999999950262 0
37.43.0.0225             -0.87749999999999950262 2.6999999999999997    Newton...             -0.85499999999999953815             -0.85499999999999953815 0
37.44.0.0225             -0.85499999999999953815 2.6999999999999997    Newton...             -0.83249999999999957367             -0.83249999999999957367 0
37.45.0.0225             -0.83249999999999957367 2.6999999999999997    Newton...             -0.80999999999999960920             -0.80999999999999960920 0
37.46.0.0225             -0.80999999999999960920 2.6999999999999997    Newton...             -0.78749999999999964473             -0.78749999999999964473 0
37.47.0.0225             -0.78749999999999964473 2.6999999999999997    Newton...             -0.76499999999999968026             -0.76499999999999968026 0
37.48.0.0225             -0.76499999999999968026 2.6999999999999997    Newton...             -0.74249999999999971578             -0.74249999999999971578 0
37.49.0.0225             -0.74249999999999971578 2.6999999999999997    Newton...             -0.71999999999999975131             -0.71999999999999975131 0
37.50.0.0225             -0.71999999999999975131 2.6999999999999997    Newton...             -0.69749999999999978684             -0.69749999999999978684 0
37.51.0.0225             -0.69749999999999978684 2.6999999999999997    Newton...             -0.67499999999999982236             -0.67499999999999982236 0
37.52.0.0225             -0.67499999999999982236 2.6999999999999997    Newton...             -0.65249999999999985789             -0.65249999999999985789 0
37.53.0.0225             -0.65249999999999985789 2.6999999999999997    Newton...             -0.62999999999999989342             -0.62999999999999989342 0
37.54.0.0225             -0.62999999999999989342 2.6999999999999997    Newton...             -0.60749999999999992895             -0.60749999999999992895 0
37.55.0.0225             -0.60749999999999992895 2.6999999999999997    Newton...             -0.58499999999999996447             -0.58499999999999996447 0
37.56.0.0225             -0.58499999999999996447 2.6999999999999997    Newton...             -0.56250000000000000000             -0.56250000000000000000 0
37.57.0.0225             -0.56250000000000000000 2.6999999999999997    Newton...             -0.54000000000000003553             -0.54000000000000003553 0
37.58.0.0225             -0.54000000000000003553 2.6999999999999997    Newton...             -0.51750000000000007105             -0.51750000000000007105 0
37.59.0.0225             -0.51750000000000007105 2.6999999999999997    Newton...             -0.49500000000000005107             -0.49500000000000005107 0
37.60.0.0225             -0.49500000000000005107 2.6999999999999997    Newton...             -0.47250000000000003109             -0.47250000000000003109 0
37.61.0.0225             -0.47250000000000003109 2.6999999999999997    Newton...             -0.45000000000000001110             -0.45000000000000001110 0
37.62.0.0225             -0.45000000000000001110 2.6999999999999997    Newton...             -0.42749999999999999112             -0.42749999999999999112 0
37.63.0.0225             -0.42749999999999999112 2.6999999999999997    Newton...             -0.40499999999999997113             -0.40499999999999997113 0
37.64.0.0225             -0.40499999999999997113 2.6999999999999997    Newton...             -0.38249999999999995115             -0.38249999999999995115 0
37.65.0.0225             -0.38249999999999995115 2.6999999999999997    Newton...             -0.35999999999999993117             -0.35999999999999993117 0
37.66.0.0225             -0.35999999999999993117 2.6999999999999997    Newton...             -0.33749999999999991118             -0.33749999999999991118 0
37.67.0.0225             -0.33749999999999991118 2.6999999999999997    Newton...             -0.31499999999999989120             -0.31499999999999989120 0
37.68.0.0225             -0.31499999999999989120 2.6999999999999997    Newton...             -0.29249999999999987121             -0.29249999999999987121 0
37.69.0.0225             -0.29249999999999987121 2.6999999999999997    Newton...             -0.26999999999999985123             -0.26999999999999985123 0
37.70.0.0225             -0.26999999999999985123 2.6999999999999997    Newton...             -0.24749999999999985900             -0.24749999999999985900 0
37.71.0.0225             -0.24749999999999985900 2.6999999999999997    Newton...             -0.22499999999999986677             -0.22499999999999986677 0
37.72.0.0225             -0.22499999999999986677 2.6999999999999997    Newton...             -0.20249999999999987454             -0.20249999999999987454 0
37.73.0.0225             -0.20249999999999987454 2.6999999999999997    Newton...             -0.17999999999999988232             -0.17999999999999988232 0
37.74.0.0225             -0.17999999999999988232 2.6999999999999997    Newton...             -0.15749999999999989009             -0.15749999999999989009 0
37.75.0.0225             -0.15749999999999989009 2.6999999999999997    Newton...             -0.13499999999999989786             -0.13499999999999989786 0
37.76.0.0225             -0.13499999999999989786 2.6999999999999997    Newton...             -0.11249999999999990563             -0.11249999999999990563 0
37.77.0.0225             -0.11249999999999990563 2.6999999999999997    Newton...             -0.08999999999999991340             -0.08999999999999991340 0
37.78.0.0225             -0.08999999999999991340 2.6999999999999997    Newton...             -0.06749999999999992117             -0.06749999999999992117 0
37.79.0.0225             -0.06749999999999992117 2.6999999999999997    Newton...             -0.04499999999999992201             -0.04499999999999992201 0
37.80.0.0225             -0.04499999999999992201 2.6999999999999997    Newton...             -0.02249999999999992284             -0.02249999999999992284 0
37.81.0.0225             -0.02249999999999992284 2.6999999999999997    Newton...              0.00000000000000007633              0.00000000000000007633 0
37.82.0.0225              0.00000000000000007633 2.6999999999999997    Newton...              0.02250000000000007550              0.02250000000000007550 0
37.83.0.0225              0.02250000000000007550 2.6999999999999997    Newton...              0.04500000000000007466              0.04500000000000007466 0
37.84.0.0225              0.04500000000000007466 2.6999999999999997    Newton...              0.06750000000000007383              0.06750000000000007383 0
37.85.0.0225              0.06750000000000007383 2.6999999999999997    Newton...              0.09000000000000007994              0.09000000000000007994 0
37.86.0.0225              0.09000000000000007994 2.6999999999999997    Newton...              0.11250000000000007216              0.11250000000000007216 0
37.87.0.0225              0.11250000000000007216 2.6999999999999997    Newton...              0.13500000000000006439              0.13500000000000006439 0
37.88.0.0225              0.13500000000000006439 2.6999999999999997    Newton...              0.15750000000000005662              0.15750000000000005662 0
37.89.0.0225              0.15750000000000005662 2.6999999999999997    Newton...              0.18000000000000004885              0.18000000000000004885 0
37.90.0.0225              0.18000000000000004885 2.6999999999999997    Newton...              0.20250000000000004108              0.20250000000000004108 0
37.91.0.0225              0.20250000000000004108 2.6999999999999997    Newton...              0.22500000000000003331              0.22500000000000003331 0
37.92.0.0225              0.22500000000000003331 2.6999999999999997    Newton...              0.24750000000000002554              0.24750000000000002554 0
37.93.0.0225              0.24750000000000002554 2.6999999999999997    Newton...              0.27000000000000001776              0.27000000000000001776 0
37.94.0.0225              0.27000000000000001776 2.6999999999999997    Newton...              0.29250000000000003775              0.29250000000000003775 0
37.95.0.0225              0.29250000000000003775 2.6999999999999997    Newton...              0.31500000000000005773              0.31500000000000005773 0
37.96.0.0225              0.31500000000000005773 2.6999999999999997    Newton...              0.33750000000000007772              0.33750000000000007772 0
37.97.0.0225              0.33750000000000007772 2.6999999999999997    Newton...              0.36000000000000009770              0.36000000000000009770 0
37.98.0.0225              0.36000000000000009770 2.6999999999999997    Newton...              0.38250000000000011768              0.38250000000000011768 0
37.99.0.0225              0.38250000000000011768 2.6999999999999997    Newton...              0.40500000000000013767              0.40500000000000013767 0
37.100.0.0225              0.40500000000000013767 2.6999999999999997    Newton...              0.42750000000000015765              0.42750000000000015765 0
37.101.0.0225              0.42750000000000015765 2.6999999999999997    Newton...              0.45000000000000017764              0.45000000000000017764 0
37.102.0.0225              0.45000000000000017764 2.6999999999999997    Newton...              0.47250000000000019762              0.47250000000000019762 0
37.103.0.0225              0.47250000000000019762 2.6999999999999997    Newton...              0.49500000000000021760              0.49500000000000021760 0
37.104.0.0225              0.49500000000000021760 2.6999999999999997    Newton...              0.51750000000000018208              0.51750000000000018208 0
37.105.0.0225              0.51750000000000018208 2.6999999999999997    Newton...              0.54000000000000014655              0.54000000000000014655 0
37.106.0.0225              0.54000000000000014655 2.6999999999999997    Newton...              0.56250000000000011102              0.56250000000000011102 0
37.107.0.0225              0.56250000000000011102 2.6999999999999997    Newton...              0.58500000000000007550              0.58500000000000007550 0
37.108.0.0225              0.58500000000000007550 2.6999999999999997    Newton...              0.60750000000000003997              0.60750000000000003997 0
37.109.0.0225              0.60750000000000003997 2.6999999999999997    Newton...              0.63000000000000000444              0.63000000000000000444 0
37.110.0.0225              0.63000000000000000444 2.6999999999999997    Newton...              0.65249999999999996891              0.65249999999999996891 0
37.111.0.0225              0.65249999999999996891 2.6999999999999997    Newton...              0.67499999999999993339              0.67499999999999993339 0
37.112.0.0225              0.67499999999999993339 2.6999999999999997    Newton...              0.69749999999999989786              0.69749999999999989786 0
37.113.0.0225              0.69749999999999989786 2.6999999999999997    Newton...              0.71999999999999986233              0.71999999999999986233 0
37.114.0.0225              0.71999999999999986233 2.6999999999999997    Newton...              0.74249999999999982681              0.74249999999999982681 0
37.115.0.0225              0.74249999999999982681 2.6999999999999997    Newton...              0.76499999999999979128              0.76499999999999979128 0
37.116.0.0225              0.76499999999999979128 2.6999999999999997    Newton...              0.78749999999999975575              0.78749999999999975575 0
37.117.0.0225              0.78749999999999975575 2.6999999999999997    Newton...              0.80999999999999972022              0.80999999999999972022 0
37.118.0.0225              0.80999999999999972022 2.6999999999999997    Newton...              0.83249999999999968470              0.83249999999999968470 0
37.119.0.0225              0.83249999999999968470 2.6999999999999997    Newton...              0.85499999999999964917              0.85499999999999964917 0
37.120.0.0225              0.85499999999999964917 2.6999999999999997    Newton...              0.87749999999999961364              0.87749999999999961364 0
37.121.0.0225              0.87749999999999961364 2.6999999999999997    Newton...              0.89999999999999957812              0.89999999999999957812 0
37.122.0.0225              0.89999999999999957812 2.6999999999999997    Newton...              0.92249999999999954259              0.92249999999999954259 0
37.123.0.0225              0.92249999999999954259 2.6999999999999997    Newton...              0.94499999999999950706              0.94499999999999950706 0
37.124.0.0225              0.94499999999999950706 2.6999999999999997    Newton...              0.96749999999999947153              0.96749999999999947153 0
37.125.0.0225              0.96749999999999947153 2.6999999999999997    Newton...              0.98999999999999943601              0.98999999999999943601 0
37.126.0.0225              0.98999999999999943601 2.6999999999999997    Newton...              1.01249999999999951150              1.01249999999999951150 0
37.127.0.0225              1.01249999999999951150 2.6999999999999997    Newton...              1.03499999999999947597              1.03499999999999947597 0
37.128.0.0225              1.03499999999999947597 2.6999999999999997    Newton...              1.05749999999999944045              1.05749999999999944045 0
37.129.0.0225              1.05749999999999944045 2.6999999999999997    Newton...              1.07999999999999940492              1.07999999999999940492 0
37.130.0.0225              1.07999999999999940492 2.6999999999999997    Newton...              1.10249999999999936939              1.10249999999999936939 0
37.131.0.0225              1.10249999999999936939 2.6999999999999997    Newton...              1.12499999999999933387              1.12499999999999933387 0
37.132.0.0225              1.12499999999999933387 2.6999999999999997    Newton...              1.14749999999999929834              1.14749999999999929834 0
37.133.0.0225              1.14749999999999929834 2.6999999999999997    Newton...              1.16999999999999926281              1.16999999999999926281 0
37.134.0.0225              1.16999999999999926281 2.6999999999999997    Newton...              1.19249999999999922728              1.19249999999999922728 0
37.135.0.0225              1.19249999999999922728 2.6999999999999997    Newton...              1.21499999999999919176              1.21499999999999919176 0
37.136.0.0225              1.21499999999999919176 2.6999999999999997    Newton...              1.23749999999999915623              1.23749999999999915623 0
37.137.0.0225              1.23749999999999915623 2.6999999999999997    Newton...              1.25999999999999912070              1.25999999999999912070 0
37.138.0.0225              1.25999999999999912070 2.6999999999999997    Newton...              1.28249999999999908518              1.28249999999999908518 0
37.139.0.0225              1.28249999999999908518 2.6999999999999997    Newton...              1.30499999999999904965              1.30499999999999904965 0
37.140.0.0225              1.30499999999999904965 2.6999999999999997    Newton...              1.32749999999999901412              1.32749999999999901412 0
37.141.0.0225              1.32749999999999901412 2.6999999999999997    Newton...              1.34999999999999897859              1.34999999999999897859 0
37.142.0.0225              1.34999999999999897859 2.6999999999999997    Newton...              1.37249999999999894307              1.37249999999999894307 0
37.143.0.0225              1.37249999999999894307 2.6999999999999997    Newton...              1.39499999999999890754              1.39499999999999890754 0
37.144.0.0225              1.39499999999999890754 2.6999999999999997    Newton...              1.41749999999999887201              1.41749999999999887201 0
37.145.0.0225              1.41749999999999887201 2.6999999999999997    Newton...              1.43999999999999883649              1.43999999999999883649 0
37.146.0.0225              1.43999999999999883649 2.6999999999999997    Newton...              1.46249999999999880096              1.46249999999999880096 0
37.147.0.0225              1.46249999999999880096 2.6999999999999997    Newton...              1.48499999999999876543              1.48499999999999876543 0
37.148.0.0225              1.48499999999999876543 2.6999999999999997    Newton...              1.50749999999999872990              1.50749999999999872990 0
37.149.0.0225              1.50749999999999872990 2.6999999999999997    Newton...              1.52999999999999869438              1.52999999999999869438 0
37.150.0.0225              1.52999999999999869438 2.6999999999999997    Newton...              1.55249999999999865885              1.55249999999999865885 0
37.151.0.0225              1.55249999999999865885 2.6999999999999997    Newton...              1.57499999999999862332              1.57499999999999862332 0
37.152.0.0225              1.57499999999999862332 2.6999999999999997    Newton...              1.59749999999999858780              1.59749999999999858780 0
37.153.0.0225              1.59749999999999858780 2.6999999999999997    Newton...              1.61999999999999855227              1.61999999999999855227 0
37.154.0.0225              1.61999999999999855227 2.6999999999999997    Newton...              1.64249999999999851674              1.64249999999999851674 0
37.155.0.0225              1.64249999999999851674 2.6999999999999997    Newton...              1.66499999999999848121              1.66499999999999848121 0
37.156.0.0225              1.66499999999999848121 2.6999999999999997    Newton...              1.68749999999999844569              1.68749999999999844569 0
37.157.0.0225              1.68749999999999844569 2.6999999999999997    Newton...              1.70999999999999841016              1.70999999999999841016 0
37.158.0.0225              1.70999999999999841016 2.6999999999999997    Newton...              1.73249999999999837463              1.73249999999999837463 0
37.159.0.0225              1.73249999999999837463 2.6999999999999997    Newton...              1.75499999999999833911              1.75499999999999833911 0
37.160.0.0225              1.75499999999999833911 2.6999999999999997    Newton...              1.77749999999999830358              1.77749999999999830358 0
37.161.0.0225              1.77749999999999830358 2.6999999999999997    Newton...              1.79999999999999826805              1.79999999999999826805 0
37.162.0.0225              1.79999999999999826805 2.6999999999999997    Newton...              1.82249999999999823252              1.82249999999999823252 0
37.163.0.0225              1.82249999999999823252 2.6999999999999997    Newton...              1.84499999999999819700              1.84499999999999819700 0
37.164.0.0225              1.84499999999999819700 2.6999999999999997    Newton...              1.86749999999999816147              1.86749999999999816147 0
37.165.0.0225              1.86749999999999816147 2.6999999999999997    Newton...              1.88999999999999812594              1.88999999999999812594 0
37.166.0.0225              1.88999999999999812594 2.6999999999999997    Newton...              1.91249999999999809042              1.91249999999999809042 0
37.167.0.0225              1.91249999999999809042 2.6999999999999997    Newton...              1.93499999999999805489              1.93499999999999805489 0
37.168.0.0225              1.93499999999999805489 2.6999999999999997    Newton...              1.95749999999999801936              1.95749999999999801936 0
37.169.0.0225              1.95749999999999801936 2.6999999999999997    Newton...              1.97999999999999798383              1.97999999999999798383 0
37.170.0.0225              1.97999999999999798383 2.6999999999999997    Newton...              2.00249999999999817035              2.00249999999999817035 0
37.171.0.0225              2.00249999999999817035 2.6999999999999997    Newton...              2.02499999999999813483              2.02499999999999813483 0
37.172.0.0225              2.02499999999999813483 2.6999999999999997    Newton...              2.04749999999999809930              2.04749999999999809930 0
37.173.0.0225              2.04749999999999809930 2.6999999999999997    Newton...              2.06999999999999806377              2.06999999999999806377 0
37.174.0.0225              2.06999999999999806377 2.6999999999999997    Newton...              2.09249999999999802824              2.09249999999999802824 0
37.175.0.0225              2.09249999999999802824 2.6999999999999997    Newton...              2.11499999999999799272              2.11499999999999799272 0
37.176.0.0225              2.11499999999999799272 2.6999999999999997    Newton...              2.13749999999999795719              2.13749999999999795719 0
37.177.0.0225              2.13749999999999795719 2.6999999999999997    Newton...              2.15999999999999792166              2.15999999999999792166 0
37.178.0.0225              2.15999999999999792166 2.6999999999999997    Newton...              2.18249999999999788614              2.18249999999999788614 0
37.179.0.0225              2.18249999999999788614 2.6999999999999997    Newton...              2.20499999999999785061              2.20499999999999785061 0
37.180.0.0225              2.20499999999999785061 2.6999999999999997    Newton...              2.22749999999999781508              2.22749999999999781508 0
37.181.0.0225              2.22749999999999781508 2.6999999999999997    Newton...              2.24999999999999777955              2.24999999999999777955 0
37.182.0.0225              2.24999999999999777955 2.6999999999999997    Newton...              2.27249999999999774403              2.27249999999999774403 0
37.183.0.0225              2.27249999999999774403 2.6999999999999997    Newton...              2.29499999999999770850              2.29499999999999770850 0
37.184.0.0225              2.29499999999999770850 2.6999999999999997    Newton...              2.31749999999999767297              2.31749999999999767297 0
37.185.0.0225              2.31749999999999767297 2.6999999999999997    Newton...              2.33999999999999763745              2.33999999999999763745 0
37.186.0.0225              2.33999999999999763745 2.6999999999999997    Newton...              2.36249999999999760192              2.36249999999999760192 0
37.187.0.0225              2.36249999999999760192 2.6999999999999997    Newton...              2.38499999999999756639              2.38499999999999756639 0
37.188.0.0225              2.38499999999999756639 2.6999999999999997    Newton...              2.40749999999999753086              2.40749999999999753086 0
37.189.0.0225              2.40749999999999753086 2.6999999999999997    Newton...              2.42999999999999749534              2.42999999999999749534 0
37.190.0.0225              2.42999999999999749534 2.6999999999999997    Newton...              2.45249999999999745981              2.45249999999999745981 0
37.191.0.0225              2.45249999999999745981 2.6999999999999997    Newton...              2.47499999999999742428              2.47499999999999742428 0
37.192.0.0225              2.47499999999999742428 2.6999999999999997    Newton...              2.49749999999999738876              2.49749999999999738876 0
37.193.0.0225              2.49749999999999738876 2.6999999999999997    Newton...              2.51999999999999735323              2.51999999999999735323 0
37.194.0.0225              2.51999999999999735323 2.6999999999999997    Newton...              2.54249999999999731770              2.54249999999999731770 0
37.195.0.0225              2.54249999999999731770 2.6999999999999997    Newton...              2.56499999999999728217              2.56499999999999728217 0
37.196.0.0225              2.56499999999999728217 2.6999999999999997    Newton...              2.58749999999999724665              2.58749999999999724665 0
37.197.0.0225              2.58749999999999724665 2.6999999999999997    Newton...              2.60999999999999721112              2.60999999999999721112 0
37.198.0.0225              2.60999999999999721112 2.6999999999999997    Newton...              2.63249999999999717559              2.63249999999999717559 0
37.199.0.0225              2.63249999999999717559 2.6999999999999997    Newton...              2.65499999999999714007              2.65499999999999714007 0
37.200.0.0225              2.65499999999999714007 2.6999999999999997    Newton...              2.67749999999999710454              2.67749999999999710454 0
37.201.0.0225              2.67749999999999710454 2.6999999999999997    Newton...              2.69999999999999706901              2.69999999999999706901 0
37.202.0.0225              2.69999999999999706901 2.6999999999999997    Newton...              2.72249999999999703348              2.72249999999999703348 0
38.1.-0.0225              2.72249999999999703348 -2.6999999999999997    Newton...              2.69999999999999706901              2.69999999999999706901 0
38.2.-0.0225              2.69999999999999706901 -2.6999999999999997    Newton...              2.67749999999999710454              2.67749999999999710454 0
38.3.-0.0225              2.67749999999999710454 -2.6999999999999997    Newton...              2.65499999999999714007              2.65499999999999714007 0
38.4.-0.0225              2.65499999999999714007 -2.6999999999999997    Newton...              2.63249999999999717559              2.63249999999999717559 0
38.5.-0.0225              2.63249999999999717559 -2.6999999999999997    Newton...              2.60999999999999721112              2.60999999999999721112 0
38.6.-0.0225              2.60999999999999721112 -2.6999999999999997    Newton...              2.58749999999999724665              2.58749999999999724665 0
38.7.-0.0225              2.58749999999999724665 -2.6999999999999997    Newton...              2.56499999999999728217              2.56499999999999728217 0
38.8.-0.0225              2.56499999999999728217 -2.6999999999999997    Newton...              2.54249999999999731770              2.54249999999999731770 0
38.9.-0.0225              2.54249999999999731770 -2.6999999999999997    Newton...              2.51999999999999735323              2.51999999999999735323 0
38.10.-0.0225              2.51999999999999735323 -2.6999999999999997    Newton...              2.49749999999999738876              2.49749999999999738876 0
38.11.-0.0225              2.49749999999999738876 -2.6999999999999997    Newton...              2.47499999999999742428              2.47499999999999742428 0
38.12.-0.0225              2.47499999999999742428 -2.6999999999999997    Newton...              2.45249999999999745981              2.45249999999999745981 0
38.13.-0.0225              2.45249999999999745981 -2.6999999999999997    Newton...              2.42999999999999749534              2.42999999999999749534 0
38.14.-0.0225              2.42999999999999749534 -2.6999999999999997    Newton...              2.40749999999999753086              2.40749999999999753086 0
38.15.-0.0225              2.40749999999999753086 -2.6999999999999997    Newton...              2.38499999999999756639              2.38499999999999756639 0
38.16.-0.0225              2.38499999999999756639 -2.6999999999999997    Newton...              2.36249999999999760192              2.36249999999999760192 0
38.17.-0.0225              2.36249999999999760192 -2.6999999999999997    Newton...              2.33999999999999763745              2.33999999999999763745 0
38.18.-0.0225              2.33999999999999763745 -2.6999999999999997    Newton...              2.31749999999999767297              2.31749999999999767297 0
38.19.-0.0225              2.31749999999999767297 -2.6999999999999997    Newton...              2.29499999999999770850              2.29499999999999770850 0
38.20.-0.0225              2.29499999999999770850 -2.6999999999999997    Newton...              2.27249999999999774403              2.27249999999999774403 0
38.21.-0.0225              2.27249999999999774403 -2.6999999999999997    Newton...              2.24999999999999777955              2.24999999999999777955 0
38.22.-0.0225              2.24999999999999777955 -2.6999999999999997    Newton...              2.22749999999999781508              2.22749999999999781508 0
38.23.-0.0225              2.22749999999999781508 -2.6999999999999997    Newton...              2.20499999999999785061              2.20499999999999785061 0
38.24.-0.0225              2.20499999999999785061 -2.6999999999999997    Newton...              2.18249999999999788614              2.18249999999999788614 0
38.25.-0.0225              2.18249999999999788614 -2.6999999999999997    Newton...              2.15999999999999792166              2.15999999999999792166 0
38.26.-0.0225              2.15999999999999792166 -2.6999999999999997    Newton...              2.13749999999999795719              2.13749999999999795719 0
38.27.-0.0225              2.13749999999999795719 -2.6999999999999997    Newton...              2.11499999999999799272              2.11499999999999799272 0
38.28.-0.0225              2.11499999999999799272 -2.6999999999999997    Newton...              2.09249999999999802824              2.09249999999999802824 0
38.29.-0.0225              2.09249999999999802824 -2.6999999999999997    Newton...              2.06999999999999806377              2.06999999999999806377 0
38.30.-0.0225              2.06999999999999806377 -2.6999999999999997    Newton...              2.04749999999999809930              2.04749999999999809930 0
38.31.-0.0225              2.04749999999999809930 -2.6999999999999997    Newton...              2.02499999999999813483              2.02499999999999813483 0
38.32.-0.0225              2.02499999999999813483 -2.6999999999999997    Newton...              2.00249999999999817035              2.00249999999999817035 0
38.33.-0.0225              2.00249999999999817035 -2.6999999999999997    Newton...              1.97999999999999820588              1.97999999999999820588 0
38.34.-0.0225              1.97999999999999820588 -2.6999999999999997    Newton...              1.95749999999999824141              1.95749999999999824141 0
38.35.-0.0225              1.95749999999999824141 -2.6999999999999997    Newton...              1.93499999999999827693              1.93499999999999827693 0
38.36.-0.0225              1.93499999999999827693 -2.6999999999999997    Newton...              1.91249999999999831246              1.91249999999999831246 0
38.37.-0.0225              1.91249999999999831246 -2.6999999999999997    Newton...              1.88999999999999834799              1.88999999999999834799 0
38.38.-0.0225              1.88999999999999834799 -2.6999999999999997    Newton...              1.86749999999999838352              1.86749999999999838352 0
38.39.-0.0225              1.86749999999999838352 -2.6999999999999997    Newton...              1.84499999999999841904              1.84499999999999841904 0
38.40.-0.0225              1.84499999999999841904 -2.6999999999999997    Newton...              1.82249999999999845457              1.82249999999999845457 0
38.41.-0.0225              1.82249999999999845457 -2.6999999999999997    Newton...              1.79999999999999849010              1.79999999999999849010 0
38.42.-0.0225              1.79999999999999849010 -2.6999999999999997    Newton...              1.77749999999999852562              1.77749999999999852562 0
38.43.-0.0225              1.77749999999999852562 -2.6999999999999997    Newton...              1.75499999999999856115              1.75499999999999856115 0
38.44.-0.0225              1.75499999999999856115 -2.6999999999999997    Newton...              1.73249999999999859668              1.73249999999999859668 0
38.45.-0.0225              1.73249999999999859668 -2.6999999999999997    Newton...              1.70999999999999863221              1.70999999999999863221 0
38.46.-0.0225              1.70999999999999863221 -2.6999999999999997    Newton...              1.68749999999999866773              1.68749999999999866773 0
38.47.-0.0225              1.68749999999999866773 -2.6999999999999997    Newton...              1.66499999999999870326              1.66499999999999870326 0
38.48.-0.0225              1.66499999999999870326 -2.6999999999999997    Newton...              1.64249999999999873879              1.64249999999999873879 0
38.49.-0.0225              1.64249999999999873879 -2.6999999999999997    Newton...              1.61999999999999877431              1.61999999999999877431 0
38.50.-0.0225              1.61999999999999877431 -2.6999999999999997    Newton...              1.59749999999999880984              1.59749999999999880984 0
38.51.-0.0225              1.59749999999999880984 -2.6999999999999997    Newton...              1.57499999999999884537              1.57499999999999884537 0
38.52.-0.0225              1.57499999999999884537 -2.6999999999999997    Newton...              1.55249999999999888090              1.55249999999999888090 0
38.53.-0.0225              1.55249999999999888090 -2.6999999999999997    Newton...              1.52999999999999891642              1.52999999999999891642 0
38.54.-0.0225              1.52999999999999891642 -2.6999999999999997    Newton...              1.50749999999999895195              1.50749999999999895195 0
38.55.-0.0225              1.50749999999999895195 -2.6999999999999997    Newton...              1.48499999999999898748              1.48499999999999898748 0
38.56.-0.0225              1.48499999999999898748 -2.6999999999999997    Newton...              1.46249999999999902300              1.46249999999999902300 0
38.57.-0.0225              1.46249999999999902300 -2.6999999999999997    Newton...              1.43999999999999905853              1.43999999999999905853 0
38.58.-0.0225              1.43999999999999905853 -2.6999999999999997    Newton...              1.41749999999999909406              1.41749999999999909406 0
38.59.-0.0225              1.41749999999999909406 -2.6999999999999997    Newton...              1.39499999999999912959              1.39499999999999912959 0
38.60.-0.0225              1.39499999999999912959 -2.6999999999999997    Newton...              1.37249999999999916511              1.37249999999999916511 0
38.61.-0.0225              1.37249999999999916511 -2.6999999999999997    Newton...              1.34999999999999920064              1.34999999999999920064 0
38.62.-0.0225              1.34999999999999920064 -2.6999999999999997    Newton...              1.32749999999999923617              1.32749999999999923617 0
38.63.-0.0225              1.32749999999999923617 -2.6999999999999997    Newton...              1.30499999999999927169              1.30499999999999927169 0
38.64.-0.0225              1.30499999999999927169 -2.6999999999999997    Newton...              1.28249999999999930722              1.28249999999999930722 0
38.65.-0.0225              1.28249999999999930722 -2.6999999999999997    Newton...              1.25999999999999934275              1.25999999999999934275 0
38.66.-0.0225              1.25999999999999934275 -2.6999999999999997    Newton...              1.23749999999999937828              1.23749999999999937828 0
38.67.-0.0225              1.23749999999999937828 -2.6999999999999997    Newton...              1.21499999999999941380              1.21499999999999941380 0
38.68.-0.0225              1.21499999999999941380 -2.6999999999999997    Newton...              1.19249999999999944933              1.19249999999999944933 0
38.69.-0.0225              1.19249999999999944933 -2.6999999999999997    Newton...              1.16999999999999948486              1.16999999999999948486 0
38.70.-0.0225              1.16999999999999948486 -2.6999999999999997    Newton...              1.14749999999999952038              1.14749999999999952038 0
38.71.-0.0225              1.14749999999999952038 -2.6999999999999997    Newton...              1.12499999999999955591              1.12499999999999955591 0
38.72.-0.0225              1.12499999999999955591 -2.6999999999999997    Newton...              1.10249999999999959144              1.10249999999999959144 0
38.73.-0.0225              1.10249999999999959144 -2.6999999999999997    Newton...              1.07999999999999962697              1.07999999999999962697 0
38.74.-0.0225              1.07999999999999962697 -2.6999999999999997    Newton...              1.05749999999999966249              1.05749999999999966249 0
38.75.-0.0225              1.05749999999999966249 -2.6999999999999997    Newton...              1.03499999999999969802              1.03499999999999969802 0
38.76.-0.0225              1.03499999999999969802 -2.6999999999999997    Newton...              1.01249999999999973355              1.01249999999999973355 0
38.77.-0.0225              1.01249999999999973355 -2.6999999999999997    Newton...              0.98999999999999976907              0.98999999999999976907 0
38.78.-0.0225              0.98999999999999976907 -2.6999999999999997    Newton...              0.96749999999999980460              0.96749999999999980460 0
38.79.-0.0225              0.96749999999999980460 -2.6999999999999997    Newton...              0.94499999999999984013              0.94499999999999984013 0
38.80.-0.0225              0.94499999999999984013 -2.6999999999999997    Newton...              0.92249999999999987566              0.92249999999999987566 0
38.81.-0.0225              0.92249999999999987566 -2.6999999999999997    Newton...              0.89999999999999991118              0.89999999999999991118 0
38.82.-0.0225              0.89999999999999991118 -2.6999999999999997    Newton...              0.87749999999999994671              0.87749999999999994671 0
38.83.-0.0225              0.87749999999999994671 -2.6999999999999997    Newton...              0.85499999999999998224              0.85499999999999998224 0
38.84.-0.0225              0.85499999999999998224 -2.6999999999999997    Newton...              0.83250000000000001776              0.83250000000000001776 0
38.85.-0.0225              0.83250000000000001776 -2.6999999999999997    Newton...              0.81000000000000005329              0.81000000000000005329 0
38.86.-0.0225              0.81000000000000005329 -2.6999999999999997    Newton...              0.78750000000000008882              0.78750000000000008882 0
38.87.-0.0225              0.78750000000000008882 -2.6999999999999997    Newton...              0.76500000000000012434              0.76500000000000012434 0
38.88.-0.0225              0.76500000000000012434 -2.6999999999999997    Newton...              0.74250000000000015987              0.74250000000000015987 0
38.89.-0.0225              0.74250000000000015987 -2.6999999999999997    Newton...              0.72000000000000019540              0.72000000000000019540 0
38.90.-0.0225              0.72000000000000019540 -2.6999999999999997    Newton...              0.69750000000000023093              0.69750000000000023093 0
38.91.-0.0225              0.69750000000000023093 -2.6999999999999997    Newton...              0.67500000000000026645              0.67500000000000026645 0
38.92.-0.0225              0.67500000000000026645 -2.6999999999999997    Newton...              0.65250000000000030198              0.65250000000000030198 0
38.93.-0.0225              0.65250000000000030198 -2.6999999999999997    Newton...              0.63000000000000033751              0.63000000000000033751 0
38.94.-0.0225              0.63000000000000033751 -2.6999999999999997    Newton...              0.60750000000000037303              0.60750000000000037303 0
38.95.-0.0225              0.60750000000000037303 -2.6999999999999997    Newton...              0.58500000000000040856              0.58500000000000040856 0
38.96.-0.0225              0.58500000000000040856 -2.6999999999999997    Newton...              0.56250000000000044409              0.56250000000000044409 0
38.97.-0.0225              0.56250000000000044409 -2.6999999999999997    Newton...              0.54000000000000047962              0.54000000000000047962 0
38.98.-0.0225              0.54000000000000047962 -2.6999999999999997    Newton...              0.51750000000000051514              0.51750000000000051514 0
38.99.-0.0225              0.51750000000000051514 -2.6999999999999997    Newton...              0.49500000000000049516              0.49500000000000049516 0
38.100.-0.0225              0.49500000000000049516 -2.6999999999999997    Newton...              0.47250000000000047518              0.47250000000000047518 0
38.101.-0.0225              0.47250000000000047518 -2.6999999999999997    Newton...              0.45000000000000045519              0.45000000000000045519 0
38.102.-0.0225              0.45000000000000045519 -2.6999999999999997    Newton...              0.42750000000000043521              0.42750000000000043521 0
38.103.-0.0225              0.42750000000000043521 -2.6999999999999997    Newton...              0.40500000000000041522              0.40500000000000041522 0
38.104.-0.0225              0.40500000000000041522 -2.6999999999999997    Newton...              0.38250000000000039524              0.38250000000000039524 0
38.105.-0.0225              0.38250000000000039524 -2.6999999999999997    Newton...              0.36000000000000037526              0.36000000000000037526 0
38.106.-0.0225              0.36000000000000037526 -2.6999999999999997    Newton...              0.33750000000000035527              0.33750000000000035527 0
38.107.-0.0225              0.33750000000000035527 -2.6999999999999997    Newton...              0.31500000000000033529              0.31500000000000033529 0
38.108.-0.0225              0.31500000000000033529 -2.6999999999999997    Newton...              0.29250000000000031530              0.29250000000000031530 0
38.109.-0.0225              0.29250000000000031530 -2.6999999999999997    Newton...              0.27000000000000029532              0.27000000000000029532 0
38.110.-0.0225              0.27000000000000029532 -2.6999999999999997    Newton...              0.24750000000000030309              0.24750000000000030309 0
38.111.-0.0225              0.24750000000000030309 -2.6999999999999997    Newton...              0.22500000000000031086              0.22500000000000031086 0
38.112.-0.0225              0.22500000000000031086 -2.6999999999999997    Newton...              0.20250000000000031863              0.20250000000000031863 0
38.113.-0.0225              0.20250000000000031863 -2.6999999999999997    Newton...              0.18000000000000032641              0.18000000000000032641 0
38.114.-0.0225              0.18000000000000032641 -2.6999999999999997    Newton...              0.15750000000000033418              0.15750000000000033418 0
38.115.-0.0225              0.15750000000000033418 -2.6999999999999997    Newton...              0.13500000000000034195              0.13500000000000034195 0
38.116.-0.0225              0.13500000000000034195 -2.6999999999999997    Newton...              0.11250000000000034972              0.11250000000000034972 0
38.117.-0.0225              0.11250000000000034972 -2.6999999999999997    Newton...              0.09000000000000035749              0.09000000000000035749 0
38.118.-0.0225              0.09000000000000035749 -2.6999999999999997    Newton...              0.06750000000000036526              0.06750000000000036526 0
38.119.-0.0225              0.06750000000000036526 -2.6999999999999997    Newton...              0.04500000000000036610              0.04500000000000036610 0
38.120.-0.0225              0.04500000000000036610 -2.6999999999999997    Newton...              0.02250000000000036693              0.02250000000000036693 0
38.121.-0.0225              0.02250000000000036693 -2.6999999999999997    Newton...              0.00000000000000036776              0.00000000000000036776 0
38.122.-0.0225              0.00000000000000036776 -2.6999999999999997    Newton...             -0.02249999999999963141             -0.02249999999999963141 0
38.123.-0.0225             -0.02249999999999963141 -2.6999999999999997    Newton...             -0.04499999999999963057             -0.04499999999999963057 0
38.124.-0.0225             -0.04499999999999963057 -2.6999999999999997    Newton...             -0.06749999999999962974             -0.06749999999999962974 0
38.125.-0.0225             -0.06749999999999962974 -2.6999999999999997    Newton...             -0.08999999999999963585             -0.08999999999999963585 0
38.126.-0.0225             -0.08999999999999963585 -2.6999999999999997    Newton...             -0.11249999999999962808             -0.11249999999999962808 0
38.127.-0.0225             -0.11249999999999962808 -2.6999999999999997    Newton...             -0.13499999999999962030             -0.13499999999999962030 0
38.128.-0.0225             -0.13499999999999962030 -2.6999999999999997    Newton...             -0.15749999999999961253             -0.15749999999999961253 0
38.129.-0.0225             -0.15749999999999961253 -2.6999999999999997    Newton...             -0.17999999999999960476             -0.17999999999999960476 0
38.130.-0.0225             -0.17999999999999960476 -2.6999999999999997    Newton...             -0.20249999999999959699             -0.20249999999999959699 0
38.131.-0.0225             -0.20249999999999959699 -2.6999999999999997    Newton...             -0.22499999999999958922             -0.22499999999999958922 0
38.132.-0.0225             -0.22499999999999958922 -2.6999999999999997    Newton...             -0.24749999999999958145             -0.24749999999999958145 0
38.133.-0.0225             -0.24749999999999958145 -2.6999999999999997    Newton...             -0.26999999999999957367             -0.26999999999999957367 0
38.134.-0.0225             -0.26999999999999957367 -2.6999999999999997    Newton...             -0.29249999999999959366             -0.29249999999999959366 0
38.135.-0.0225             -0.29249999999999959366 -2.6999999999999997    Newton...             -0.31499999999999961364             -0.31499999999999961364 0
38.136.-0.0225             -0.31499999999999961364 -2.6999999999999997    Newton...             -0.33749999999999963363             -0.33749999999999963363 0
38.137.-0.0225             -0.33749999999999963363 -2.6999999999999997    Newton...             -0.35999999999999965361             -0.35999999999999965361 0
38.138.-0.0225             -0.35999999999999965361 -2.6999999999999997    Newton...             -0.38249999999999967359             -0.38249999999999967359 0
38.139.-0.0225             -0.38249999999999967359 -2.6999999999999997    Newton...             -0.40499999999999969358             -0.40499999999999969358 0
38.140.-0.0225             -0.40499999999999969358 -2.6999999999999997    Newton...             -0.42749999999999971356             -0.42749999999999971356 0
38.141.-0.0225             -0.42749999999999971356 -2.6999999999999997    Newton...             -0.44999999999999973355             -0.44999999999999973355 0
38.142.-0.0225             -0.44999999999999973355 -2.6999999999999997    Newton...             -0.47249999999999975353             -0.47249999999999975353 0
38.143.-0.0225             -0.47249999999999975353 -2.6999999999999997    Newton...             -0.49499999999999977351             -0.49499999999999977351 0
38.144.-0.0225             -0.49499999999999977351 -2.6999999999999997    Newton...             -0.51749999999999973799             -0.51749999999999973799 0
38.145.-0.0225             -0.51749999999999973799 -2.6999999999999997    Newton...             -0.53999999999999970246             -0.53999999999999970246 0
38.146.-0.0225             -0.53999999999999970246 -2.6999999999999997    Newton...             -0.56249999999999966693             -0.56249999999999966693 0
38.147.-0.0225             -0.56249999999999966693 -2.6999999999999997    Newton...             -0.58499999999999963141             -0.58499999999999963141 0
38.148.-0.0225             -0.58499999999999963141 -2.6999999999999997    Newton...             -0.60749999999999959588             -0.60749999999999959588 0
38.149.-0.0225             -0.60749999999999959588 -2.6999999999999997    Newton...             -0.62999999999999956035             -0.62999999999999956035 0
38.150.-0.0225             -0.62999999999999956035 -2.6999999999999997    Newton...             -0.65249999999999952482             -0.65249999999999952482 0
38.151.-0.0225             -0.65249999999999952482 -2.6999999999999997    Newton...             -0.67499999999999948930             -0.67499999999999948930 0
38.152.-0.0225             -0.67499999999999948930 -2.6999999999999997    Newton...             -0.69749999999999945377             -0.69749999999999945377 0
38.153.-0.0225             -0.69749999999999945377 -2.6999999999999997    Newton...             -0.71999999999999941824             -0.71999999999999941824 0
38.154.-0.0225             -0.71999999999999941824 -2.6999999999999997    Newton...             -0.74249999999999938272             -0.74249999999999938272 0
38.155.-0.0225             -0.74249999999999938272 -2.6999999999999997    Newton...             -0.76499999999999934719             -0.76499999999999934719 0
38.156.-0.0225             -0.76499999999999934719 -2.6999999999999997    Newton...             -0.78749999999999931166             -0.78749999999999931166 0
38.157.-0.0225             -0.78749999999999931166 -2.6999999999999997    Newton...             -0.80999999999999927613             -0.80999999999999927613 0
38.158.-0.0225             -0.80999999999999927613 -2.6999999999999997    Newton...             -0.83249999999999924061             -0.83249999999999924061 0
38.159.-0.0225             -0.83249999999999924061 -2.6999999999999997    Newton...             -0.85499999999999920508             -0.85499999999999920508 0
38.160.-0.0225             -0.85499999999999920508 -2.6999999999999997    Newton...             -0.87749999999999916955             -0.87749999999999916955 0
38.161.-0.0225             -0.87749999999999916955 -2.6999999999999997    Newton...             -0.89999999999999913403             -0.89999999999999913403 0
38.162.-0.0225             -0.89999999999999913403 -2.6999999999999997    Newton...             -0.92249999999999909850             -0.92249999999999909850 0
38.163.-0.0225             -0.92249999999999909850 -2.6999999999999997    Newton...             -0.94499999999999906297             -0.94499999999999906297 0
38.164.-0.0225             -0.94499999999999906297 -2.6999999999999997    Newton...             -0.96749999999999902744             -0.96749999999999902744 0
38.165.-0.0225             -0.96749999999999902744 -2.6999999999999997    Newton...             -0.98999999999999899192             -0.98999999999999899192 0
38.166.-0.0225             -0.98999999999999899192 -2.6999999999999997    Newton...             -1.01249999999999906741             -1.01249999999999906741 0
38.167.-0.0225             -1.01249999999999906741 -2.6999999999999997    Newton...             -1.03499999999999903189             -1.03499999999999903189 0
38.168.-0.0225             -1.03499999999999903189 -2.6999999999999997    Newton...             -1.05749999999999899636             -1.05749999999999899636 0
38.169.-0.0225             -1.05749999999999899636 -2.6999999999999997    Newton...             -1.07999999999999896083             -1.07999999999999896083 0
38.170.-0.0225             -1.07999999999999896083 -2.6999999999999997    Newton...             -1.10249999999999892530             -1.10249999999999892530 0
38.171.-0.0225             -1.10249999999999892530 -2.6999999999999997    Newton...             -1.12499999999999888978             -1.12499999999999888978 0
38.172.-0.0225             -1.12499999999999888978 -2.6999999999999997    Newton...             -1.14749999999999885425             -1.14749999999999885425 0
38.173.-0.0225             -1.14749999999999885425 -2.6999999999999997    Newton...             -1.16999999999999881872             -1.16999999999999881872 0
38.174.-0.0225             -1.16999999999999881872 -2.6999999999999997    Newton...             -1.19249999999999878320             -1.19249999999999878320 0
38.175.-0.0225             -1.19249999999999878320 -2.6999999999999997    Newton...             -1.21499999999999874767             -1.21499999999999874767 0
38.176.-0.0225             -1.21499999999999874767 -2.6999999999999997    Newton...             -1.23749999999999871214             -1.23749999999999871214 0
38.177.-0.0225             -1.23749999999999871214 -2.6999999999999997    Newton...             -1.25999999999999867661             -1.25999999999999867661 0
38.178.-0.0225             -1.25999999999999867661 -2.6999999999999997    Newton...             -1.28249999999999864109             -1.28249999999999864109 0
38.179.-0.0225             -1.28249999999999864109 -2.6999999999999997    Newton...             -1.30499999999999860556             -1.30499999999999860556 0
38.180.-0.0225             -1.30499999999999860556 -2.6999999999999997    Newton...             -1.32749999999999857003             -1.32749999999999857003 0
38.181.-0.0225             -1.32749999999999857003 -2.6999999999999997    Newton...             -1.34999999999999853451             -1.34999999999999853451 0
38.182.-0.0225             -1.34999999999999853451 -2.6999999999999997    Newton...             -1.37249999999999849898             -1.37249999999999849898 0
38.183.-0.0225             -1.37249999999999849898 -2.6999999999999997    Newton...             -1.39499999999999846345             -1.39499999999999846345 0
38.184.-0.0225             -1.39499999999999846345 -2.6999999999999997    Newton...             -1.41749999999999842792             -1.41749999999999842792 0
38.185.-0.0225             -1.41749999999999842792 -2.6999999999999997    Newton...             -1.43999999999999839240             -1.43999999999999839240 0
38.186.-0.0225             -1.43999999999999839240 -2.6999999999999997    Newton...             -1.46249999999999835687             -1.46249999999999835687 0
38.187.-0.0225             -1.46249999999999835687 -2.6999999999999997    Newton...             -1.48499999999999832134             -1.48499999999999832134 0
38.188.-0.0225             -1.48499999999999832134 -2.6999999999999997    Newton...             -1.50749999999999828582             -1.50749999999999828582 0
38.189.-0.0225             -1.50749999999999828582 -2.6999999999999997    Newton...             -1.52999999999999825029             -1.52999999999999825029 0
38.190.-0.0225             -1.52999999999999825029 -2.6999999999999997    Newton...             -1.55249999999999821476             -1.55249999999999821476 0
38.191.-0.0225             -1.55249999999999821476 -2.6999999999999997    Newton...             -1.57499999999999817923             -1.57499999999999817923 0
38.192.-0.0225             -1.57499999999999817923 -2.6999999999999997    Newton...             -1.59749999999999814371             -1.59749999999999814371 0
38.193.-0.0225             -1.59749999999999814371 -2.6999999999999997    Newton...             -1.61999999999999810818             -1.61999999999999810818 0
38.194.-0.0225             -1.61999999999999810818 -2.6999999999999997    Newton...             -1.64249999999999807265             -1.64249999999999807265 0
38.195.-0.0225             -1.64249999999999807265 -2.6999999999999997    Newton...             -1.66499999999999803713             -1.66499999999999803713 0
38.196.-0.0225             -1.66499999999999803713 -2.6999999999999997    Newton...             -1.68749999999999800160             -1.68749999999999800160 0
38.197.-0.0225             -1.68749999999999800160 -2.6999999999999997    Newton...             -1.70999999999999796607             -1.70999999999999796607 0
38.198.-0.0225             -1.70999999999999796607 -2.6999999999999997    Newton...             -1.73249999999999793054             -1.73249999999999793054 0
38.199.-0.0225             -1.73249999999999793054 -2.6999999999999997    Newton...             -1.75499999999999789502             -1.75499999999999789502 0
38.200.-0.0225             -1.75499999999999789502 -2.6999999999999997    Newton...             -1.77749999999999785949             -1.77749999999999785949 0
38.201.-0.0225             -1.77749999999999785949 -2.6999999999999997    Newton...             -1.79999999999999782396             -1.79999999999999782396 0
38.202.-0.0225             -1.79999999999999782396 -2.6999999999999997    Newton...             -1.82249999999999778844             -1.82249999999999778844 0
38.203.-0.0225             -1.82249999999999778844 -2.6999999999999997    Newton...             -1.84499999999999775291             -1.84499999999999775291 0
38.204.-0.0225             -1.84499999999999775291 -2.6999999999999997    Newton...             -1.86749999999999771738             -1.86749999999999771738 0
38.205.-0.0225             -1.86749999999999771738 -2.6999999999999997    Newton...             -1.88999999999999768185             -1.88999999999999768185 0
38.206.-0.0225             -1.88999999999999768185 -2.6999999999999997    Newton...             -1.91249999999999764633             -1.91249999999999764633 0
38.207.-0.0225             -1.91249999999999764633 -2.6999999999999997    Newton...             -1.93499999999999761080             -1.93499999999999761080 0
38.208.-0.0225             -1.93499999999999761080 -2.6999999999999997    Newton...             -1.95749999999999757527             -1.95749999999999757527 0
38.209.-0.0225             -1.95749999999999757527 -2.6999999999999997    Newton...             -1.97999999999999753975             -1.97999999999999753975 0
38.210.-0.0225             -1.97999999999999753975 -2.6999999999999997    Newton...             -2.00249999999999772626             -2.00249999999999772626 0
38.211.-0.0225             -2.00249999999999772626 -2.6999999999999997    Newton...             -2.02499999999999769074             -2.02499999999999769074 0
38.212.-0.0225             -2.02499999999999769074 -2.6999999999999997    Newton...             -2.04749999999999765521             -2.04749999999999765521 0
38.213.-0.0225             -2.04749999999999765521 -2.6999999999999997    Newton...             -2.06999999999999761968             -2.06999999999999761968 0
38.214.-0.0225             -2.06999999999999761968 -2.6999999999999997    Newton...             -2.09249999999999758415             -2.09249999999999758415 0
38.215.-0.0225             -2.09249999999999758415 -2.6999999999999997    Newton...             -2.11499999999999754863             -2.11499999999999754863 0
38.216.-0.0225             -2.11499999999999754863 -2.6999999999999997    Newton...             -2.13749999999999751310             -2.13749999999999751310 0
38.217.-0.0225             -2.13749999999999751310 -2.6999999999999997    Newton...             -2.15999999999999747757             -2.15999999999999747757 0
38.218.-0.0225             -2.15999999999999747757 -2.6999999999999997    Newton...             -2.18249999999999744205             -2.18249999999999744205 0
38.219.-0.0225             -2.18249999999999744205 -2.6999999999999997    Newton...             -2.20499999999999740652             -2.20499999999999740652 0
38.220.-0.0225             -2.20499999999999740652 -2.6999999999999997    Newton...             -2.22749999999999737099             -2.22749999999999737099 0
38.221.-0.0225             -2.22749999999999737099 -2.6999999999999997    Newton...             -2.24999999999999733546             -2.24999999999999733546 0
38.222.-0.0225             -2.24999999999999733546 -2.6999999999999997    Newton...             -2.27249999999999729994             -2.27249999999999729994 0
38.223.-0.0225             -2.27249999999999729994 -2.6999999999999997    Newton...             -2.29499999999999726441             -2.29499999999999726441 0
38.224.-0.0225             -2.29499999999999726441 -2.6999999999999997    Newton...             -2.31749999999999722888             -2.31749999999999722888 0
38.225.-0.0225             -2.31749999999999722888 -2.6999999999999997    Newton...             -2.33999999999999719336             -2.33999999999999719336 0
38.226.-0.0225             -2.33999999999999719336 -2.6999999999999997    Newton...             -2.36249999999999715783             -2.36249999999999715783 0
38.227.-0.0225             -2.36249999999999715783 -2.6999999999999997    Newton...             -2.38499999999999712230             -2.38499999999999712230 0
38.228.-0.0225             -2.38499999999999712230 -2.6999999999999997    Newton...             -2.40749999999999708677             -2.40749999999999708677 0
38.229.-0.0225             -2.40749999999999708677 -2.6999999999999997    Newton...             -2.42999999999999705125             -2.42999999999999705125 0
38.230.-0.0225             -2.42999999999999705125 -2.6999999999999997    Newton...             -2.45249999999999701572             -2.45249999999999701572 0
38.231.-0.0225             -2.45249999999999701572 -2.6999999999999997    Newton...             -2.47499999999999698019             -2.47499999999999698019 0
38.232.-0.0225             -2.47499999999999698019 -2.6999999999999997    Newton...             -2.49749999999999694467             -2.49749999999999694467 0
38.233.-0.0225             -2.49749999999999694467 -2.6999999999999997    Newton...             -2.51999999999999690914             -2.51999999999999690914 0
38.234.-0.0225             -2.51999999999999690914 -2.6999999999999997    Newton...             -2.54249999999999687361             -2.54249999999999687361 0
38.235.-0.0225             -2.54249999999999687361 -2.6999999999999997    Newton...             -2.56499999999999683808             -2.56499999999999683808 0
38.236.-0.0225             -2.56499999999999683808 -2.6999999999999997    Newton...             -2.58749999999999680256             -2.58749999999999680256 0
38.237.-0.0225             -2.58749999999999680256 -2.6999999999999997    Newton...             -2.60999999999999676703             -2.60999999999999676703 0
38.238.-0.0225             -2.60999999999999676703 -2.6999999999999997    Newton...             -2.63249999999999673150             -2.63249999999999673150 0
38.239.-0.0225             -2.63249999999999673150 -2.6999999999999997    Newton...             -2.65499999999999669598             -2.65499999999999669598 0
38.240.-0.0225             -2.65499999999999669598 -2.6999999999999997    Newton...             -2.67749999999999666045             -2.67749999999999666045 0
38.241.-0.0225             -2.67749999999999666045 -2.6999999999999997    Newton...             -2.69999999999999662492             -2.69999999999999662492 0
38.242.-0.0225             -2.69999999999999662492 -2.6999999999999997    Newton...             -2.72249999999999658939             -2.72249999999999658939 0
39.1.0.0225             -2.72249999999999658939 2.6999999999999997    Newton...             -2.69999999999999662492             -2.69999999999999662492 0
39.2.0.0225             -2.69999999999999662492 2.6999999999999997    Newton...             -2.67749999999999666045             -2.67749999999999666045 0
39.3.0.0225             -2.67749999999999666045 2.6999999999999997    Newton...             -2.65499999999999669598             -2.65499999999999669598 0
39.4.0.0225             -2.65499999999999669598 2.6999999999999997    Newton...             -2.63249999999999673150             -2.63249999999999673150 0
39.5.0.0225             -2.63249999999999673150 2.6999999999999997    Newton...             -2.60999999999999676703             -2.60999999999999676703 0
39.6.0.0225             -2.60999999999999676703 2.6999999999999997    Newton...             -2.58749999999999680256             -2.58749999999999680256 0
39.7.0.0225             -2.58749999999999680256 2.6999999999999997    Newton...             -2.56499999999999683808             -2.56499999999999683808 0
39.8.0.0225             -2.56499999999999683808 2.6999999999999997    Newton...             -2.54249999999999687361             -2.54249999999999687361 0
39.9.0.0225             -2.54249999999999687361 2.6999999999999997    Newton...             -2.51999999999999690914             -2.51999999999999690914 0
39.10.0.0225             -2.51999999999999690914 2.6999999999999997    Newton...             -2.49749999999999694467             -2.49749999999999694467 0
39.11.0.0225             -2.49749999999999694467 2.6999999999999997    Newton...             -2.47499999999999698019             -2.47499999999999698019 0
39.12.0.0225             -2.47499999999999698019 2.6999999999999997    Newton...             -2.45249999999999701572             -2.45249999999999701572 0
39.13.0.0225             -2.45249999999999701572 2.6999999999999997    Newton...             -2.42999999999999705125             -2.42999999999999705125 0
39.14.0.0225             -2.42999999999999705125 2.6999999999999997    Newton...             -2.40749999999999708677             -2.40749999999999708677 0
39.15.0.0225             -2.40749999999999708677 2.6999999999999997    Newton...             -2.38499999999999712230             -2.38499999999999712230 0
39.16.0.0225             -2.38499999999999712230 2.6999999999999997    Newton...             -2.36249999999999715783             -2.36249999999999715783 0
39.17.0.0225             -2.36249999999999715783 2.6999999999999997    Newton...             -2.33999999999999719336             -2.33999999999999719336 0
39.18.0.0225             -2.33999999999999719336 2.6999999999999997    Newton...             -2.31749999999999722888             -2.31749999999999722888 0
39.19.0.0225             -2.31749999999999722888 2.6999999999999997    Newton...             -2.29499999999999726441             -2.29499999999999726441 0
39.20.0.0225             -2.29499999999999726441 2.6999999999999997    Newton...             -2.27249999999999729994             -2.27249999999999729994 0
39.21.0.0225             -2.27249999999999729994 2.6999999999999997    Newton...             -2.24999999999999733546             -2.24999999999999733546 0
39.22.0.0225             -2.24999999999999733546 2.6999999999999997    Newton...             -2.22749999999999737099             -2.22749999999999737099 0
39.23.0.0225             -2.22749999999999737099 2.6999999999999997    Newton...             -2.20499999999999740652             -2.20499999999999740652 0
39.24.0.0225             -2.20499999999999740652 2.6999999999999997    Newton...             -2.18249999999999744205             -2.18249999999999744205 0
39.25.0.0225             -2.18249999999999744205 2.6999999999999997    Newton...             -2.15999999999999747757             -2.15999999999999747757 0
39.26.0.0225             -2.15999999999999747757 2.6999999999999997    Newton...             -2.13749999999999751310             -2.13749999999999751310 0
39.27.0.0225             -2.13749999999999751310 2.6999999999999997    Newton...             -2.11499999999999754863             -2.11499999999999754863 0
39.28.0.0225             -2.11499999999999754863 2.6999999999999997    Newton...             -2.09249999999999758415             -2.09249999999999758415 0
39.29.0.0225             -2.09249999999999758415 2.6999999999999997    Newton...             -2.06999999999999761968             -2.06999999999999761968 0
39.30.0.0225             -2.06999999999999761968 2.6999999999999997    Newton...             -2.04749999999999765521             -2.04749999999999765521 0
39.31.0.0225             -2.04749999999999765521 2.6999999999999997    Newton...             -2.02499999999999769074             -2.02499999999999769074 0
39.32.0.0225             -2.02499999999999769074 2.6999999999999997    Newton...             -2.00249999999999772626             -2.00249999999999772626 0
39.33.0.0225             -2.00249999999999772626 2.6999999999999997    Newton...             -1.97999999999999776179             -1.97999999999999776179 0
39.34.0.0225             -1.97999999999999776179 2.6999999999999997    Newton...             -1.95749999999999779732             -1.95749999999999779732 0
39.35.0.0225             -1.95749999999999779732 2.6999999999999997    Newton...             -1.93499999999999783284             -1.93499999999999783284 0
39.36.0.0225             -1.93499999999999783284 2.6999999999999997    Newton...             -1.91249999999999786837             -1.91249999999999786837 0
39.37.0.0225             -1.91249999999999786837 2.6999999999999997    Newton...             -1.88999999999999790390             -1.88999999999999790390 0
39.38.0.0225             -1.88999999999999790390 2.6999999999999997    Newton...             -1.86749999999999793943             -1.86749999999999793943 0
39.39.0.0225             -1.86749999999999793943 2.6999999999999997    Newton...             -1.84499999999999797495             -1.84499999999999797495 0
39.40.0.0225             -1.84499999999999797495 2.6999999999999997    Newton...             -1.82249999999999801048             -1.82249999999999801048 0
39.41.0.0225             -1.82249999999999801048 2.6999999999999997    Newton...             -1.79999999999999804601             -1.79999999999999804601 0
39.42.0.0225             -1.79999999999999804601 2.6999999999999997    Newton...             -1.77749999999999808153             -1.77749999999999808153 0
39.43.0.0225             -1.77749999999999808153 2.6999999999999997    Newton...             -1.75499999999999811706             -1.75499999999999811706 0
39.44.0.0225             -1.75499999999999811706 2.6999999999999997    Newton...             -1.73249999999999815259             -1.73249999999999815259 0
39.45.0.0225             -1.73249999999999815259 2.6999999999999997    Newton...             -1.70999999999999818812             -1.70999999999999818812 0
39.46.0.0225             -1.70999999999999818812 2.6999999999999997    Newton...             -1.68749999999999822364             -1.68749999999999822364 0
39.47.0.0225             -1.68749999999999822364 2.6999999999999997    Newton...             -1.66499999999999825917             -1.66499999999999825917 0
39.48.0.0225             -1.66499999999999825917 2.6999999999999997    Newton...             -1.64249999999999829470             -1.64249999999999829470 0
39.49.0.0225             -1.64249999999999829470 2.6999999999999997    Newton...             -1.61999999999999833022             -1.61999999999999833022 0
39.50.0.0225             -1.61999999999999833022 2.6999999999999997    Newton...             -1.59749999999999836575             -1.59749999999999836575 0
39.51.0.0225             -1.59749999999999836575 2.6999999999999997    Newton...             -1.57499999999999840128             -1.57499999999999840128 0
39.52.0.0225             -1.57499999999999840128 2.6999999999999997    Newton...             -1.55249999999999843681             -1.55249999999999843681 0
39.53.0.0225             -1.55249999999999843681 2.6999999999999997    Newton...             -1.52999999999999847233             -1.52999999999999847233 0
39.54.0.0225             -1.52999999999999847233 2.6999999999999997    Newton...             -1.50749999999999850786             -1.50749999999999850786 0
39.55.0.0225             -1.50749999999999850786 2.6999999999999997    Newton...             -1.48499999999999854339             -1.48499999999999854339 0
39.56.0.0225             -1.48499999999999854339 2.6999999999999997    Newton...             -1.46249999999999857891             -1.46249999999999857891 0
39.57.0.0225             -1.46249999999999857891 2.6999999999999997    Newton...             -1.43999999999999861444             -1.43999999999999861444 0
39.58.0.0225             -1.43999999999999861444 2.6999999999999997    Newton...             -1.41749999999999864997             -1.41749999999999864997 0
39.59.0.0225             -1.41749999999999864997 2.6999999999999997    Newton...             -1.39499999999999868550             -1.39499999999999868550 0
39.60.0.0225             -1.39499999999999868550 2.6999999999999997    Newton...             -1.37249999999999872102             -1.37249999999999872102 0
39.61.0.0225             -1.37249999999999872102 2.6999999999999997    Newton...             -1.34999999999999875655             -1.34999999999999875655 0
39.62.0.0225             -1.34999999999999875655 2.6999999999999997    Newton...             -1.32749999999999879208             -1.32749999999999879208 0
39.63.0.0225             -1.32749999999999879208 2.6999999999999997    Newton...             -1.30499999999999882760             -1.30499999999999882760 0
39.64.0.0225             -1.30499999999999882760 2.6999999999999997    Newton...             -1.28249999999999886313             -1.28249999999999886313 0
39.65.0.0225             -1.28249999999999886313 2.6999999999999997    Newton...             -1.25999999999999889866             -1.25999999999999889866 0
39.66.0.0225             -1.25999999999999889866 2.6999999999999997    Newton...             -1.23749999999999893419             -1.23749999999999893419 0
39.67.0.0225             -1.23749999999999893419 2.6999999999999997    Newton...             -1.21499999999999896971             -1.21499999999999896971 0
39.68.0.0225             -1.21499999999999896971 2.6999999999999997    Newton...             -1.19249999999999900524             -1.19249999999999900524 0
39.69.0.0225             -1.19249999999999900524 2.6999999999999997    Newton...             -1.16999999999999904077             -1.16999999999999904077 0
39.70.0.0225             -1.16999999999999904077 2.6999999999999997    Newton...             -1.14749999999999907629             -1.14749999999999907629 0
39.71.0.0225             -1.14749999999999907629 2.6999999999999997    Newton...             -1.12499999999999911182             -1.12499999999999911182 0
39.72.0.0225             -1.12499999999999911182 2.6999999999999997    Newton...             -1.10249999999999914735             -1.10249999999999914735 0
39.73.0.0225             -1.10249999999999914735 2.6999999999999997    Newton...             -1.07999999999999918288             -1.07999999999999918288 0
39.74.0.0225             -1.07999999999999918288 2.6999999999999997    Newton...             -1.05749999999999921840             -1.05749999999999921840 0
39.75.0.0225             -1.05749999999999921840 2.6999999999999997    Newton...             -1.03499999999999925393             -1.03499999999999925393 0
39.76.0.0225             -1.03499999999999925393 2.6999999999999997    Newton...             -1.01249999999999928946             -1.01249999999999928946 0
39.77.0.0225             -1.01249999999999928946 2.6999999999999997    Newton...             -0.98999999999999932498             -0.98999999999999932498 0
39.78.0.0225             -0.98999999999999932498 2.6999999999999997    Newton...             -0.96749999999999936051             -0.96749999999999936051 0
39.79.0.0225             -0.96749999999999936051 2.6999999999999997    Newton...             -0.94499999999999939604             -0.94499999999999939604 0
39.80.0.0225             -0.94499999999999939604 2.6999999999999997    Newton...             -0.92249999999999943157             -0.92249999999999943157 0
39.81.0.0225             -0.92249999999999943157 2.6999999999999997    Newton...             -0.89999999999999946709             -0.89999999999999946709 0
39.82.0.0225             -0.89999999999999946709 2.6999999999999997    Newton...             -0.87749999999999950262             -0.87749999999999950262 0
39.83.0.0225             -0.87749999999999950262 2.6999999999999997    Newton...             -0.85499999999999953815             -0.85499999999999953815 0
39.84.0.0225             -0.85499999999999953815 2.6999999999999997    Newton...             -0.83249999999999957367             -0.83249999999999957367 0
39.85.0.0225             -0.83249999999999957367 2.6999999999999997    Newton...             -0.80999999999999960920             -0.80999999999999960920 0
39.86.0.0225             -0.80999999999999960920 2.6999999999999997    Newton...             -0.78749999999999964473             -0.78749999999999964473 0
39.87.0.0225             -0.78749999999999964473 2.6999999999999997    Newton...             -0.76499999999999968026             -0.76499999999999968026 0
39.88.0.0225             -0.76499999999999968026 2.6999999999999997    Newton...             -0.74249999999999971578             -0.74249999999999971578 0
39.89.0.0225             -0.74249999999999971578 2.6999999999999997    Newton...             -0.71999999999999975131             -0.71999999999999975131 0
39.90.0.0225             -0.71999999999999975131 2.6999999999999997    Newton...             -0.69749999999999978684             -0.69749999999999978684 0
39.91.0.0225             -0.69749999999999978684 2.6999999999999997    Newton...             -0.67499999999999982236             -0.67499999999999982236 0
39.92.0.0225             -0.67499999999999982236 2.6999999999999997    Newton...             -0.65249999999999985789             -0.65249999999999985789 0
39.93.0.0225             -0.65249999999999985789 2.6999999999999997    Newton...             -0.62999999999999989342             -0.62999999999999989342 0
39.94.0.0225             -0.62999999999999989342 2.6999999999999997    Newton...             -0.60749999999999992895             -0.60749999999999992895 0
39.95.0.0225             -0.60749999999999992895 2.6999999999999997    Newton...             -0.58499999999999996447             -0.58499999999999996447 0
39.96.0.0225             -0.58499999999999996447 2.6999999999999997    Newton...             -0.56250000000000000000             -0.56250000000000000000 0
39.97.0.0225             -0.56250000000000000000 2.6999999999999997    Newton...             -0.54000000000000003553             -0.54000000000000003553 0
39.98.0.0225             -0.54000000000000003553 2.6999999999999997    Newton...             -0.51750000000000007105             -0.51750000000000007105 0
39.99.0.0225             -0.51750000000000007105 2.6999999999999997    Newton...             -0.49500000000000005107             -0.49500000000000005107 0
39.100.0.0225             -0.49500000000000005107 2.6999999999999997    Newton...             -0.47250000000000003109             -0.47250000000000003109 0
39.101.0.0225             -0.47250000000000003109 2.6999999999999997    Newton...             -0.45000000000000001110             -0.45000000000000001110 0
39.102.0.0225             -0.45000000000000001110 2.6999999999999997    Newton...             -0.42749999999999999112             -0.42749999999999999112 0
39.103.0.0225             -0.42749999999999999112 2.6999999999999997    Newton...             -0.40499999999999997113             -0.40499999999999997113 0
39.104.0.0225             -0.40499999999999997113 2.6999999999999997    Newton...             -0.38249999999999995115             -0.38249999999999995115 0
39.105.0.0225             -0.38249999999999995115 2.6999999999999997    Newton...             -0.35999999999999993117             -0.35999999999999993117 0
39.106.0.0225             -0.35999999999999993117 2.6999999999999997    Newton...             -0.33749999999999991118             -0.33749999999999991118 0
39.107.0.0225             -0.33749999999999991118 2.6999999999999997    Newton...             -0.31499999999999989120             -0.31499999999999989120 0
39.108.0.0225             -0.31499999999999989120 2.6999999999999997    Newton...             -0.29249999999999987121             -0.29249999999999987121 0
39.109.0.0225             -0.29249999999999987121 2.6999999999999997    Newton...             -0.26999999999999985123             -0.26999999999999985123 0
39.110.0.0225             -0.26999999999999985123 2.6999999999999997    Newton...             -0.24749999999999985900             -0.24749999999999985900 0
39.111.0.0225             -0.24749999999999985900 2.6999999999999997    Newton...             -0.22499999999999986677             -0.22499999999999986677 0
39.112.0.0225             -0.22499999999999986677 2.6999999999999997    Newton...             -0.20249999999999987454             -0.20249999999999987454 0
39.113.0.0225             -0.20249999999999987454 2.6999999999999997    Newton...             -0.17999999999999988232             -0.17999999999999988232 0
39.114.0.0225             -0.17999999999999988232 2.6999999999999997    Newton...             -0.15749999999999989009             -0.15749999999999989009 0
39.115.0.0225             -0.15749999999999989009 2.6999999999999997    Newton...             -0.13499999999999989786             -0.13499999999999989786 0
39.116.0.0225             -0.13499999999999989786 2.6999999999999997    Newton...             -0.11249999999999990563             -0.11249999999999990563 0
39.117.0.0225             -0.11249999999999990563 2.6999999999999997    Newton...             -0.08999999999999991340             -0.08999999999999991340 0
39.118.0.0225             -0.08999999999999991340 2.6999999999999997    Newton...             -0.06749999999999992117             -0.06749999999999992117 0
39.119.0.0225             -0.06749999999999992117 2.6999999999999997    Newton...             -0.04499999999999992201             -0.04499999999999992201 0
39.120.0.0225             -0.04499999999999992201 2.6999999999999997    Newton...             -0.02249999999999992284             -0.02249999999999992284 0
39.121.0.0225             -0.02249999999999992284 2.6999999999999997    Newton...              0.00000000000000007633              0.00000000000000007633 0
39.122.0.0225              0.00000000000000007633 2.6999999999999997    Newton...              0.02250000000000007550              0.02250000000000007550 0
39.123.0.0225              0.02250000000000007550 2.6999999999999997    Newton...              0.04500000000000007466              0.04500000000000007466 0
39.124.0.0225              0.04500000000000007466 2.6999999999999997    Newton...              0.06750000000000007383              0.06750000000000007383 0
39.125.0.0225              0.06750000000000007383 2.6999999999999997    Newton...              0.09000000000000007994              0.09000000000000007994 0
39.126.0.0225              0.09000000000000007994 2.6999999999999997    Newton...              0.11250000000000007216              0.11250000000000007216 0
39.127.0.0225              0.11250000000000007216 2.6999999999999997    Newton...              0.13500000000000006439              0.13500000000000006439 0
39.128.0.0225              0.13500000000000006439 2.6999999999999997    Newton...              0.15750000000000005662              0.15750000000000005662 0
39.129.0.0225              0.15750000000000005662 2.6999999999999997    Newton...              0.18000000000000004885              0.18000000000000004885 0
39.130.0.0225              0.18000000000000004885 2.6999999999999997    Newton...              0.20250000000000004108              0.20250000000000004108 0
39.131.0.0225              0.20250000000000004108 2.6999999999999997    Newton...              0.22500000000000003331              0.22500000000000003331 0
39.132.0.0225              0.22500000000000003331 2.6999999999999997    Newton...              0.24750000000000002554              0.24750000000000002554 0
39.133.0.0225              0.24750000000000002554 2.6999999999999997    Newton...              0.27000000000000001776              0.27000000000000001776 0
39.134.0.0225              0.27000000000000001776 2.6999999999999997    Newton...              0.29250000000000003775              0.29250000000000003775 0
39.135.0.0225              0.29250000000000003775 2.6999999999999997    Newton...              0.31500000000000005773              0.31500000000000005773 0
39.136.0.0225              0.31500000000000005773 2.6999999999999997    Newton...              0.33750000000000007772              0.33750000000000007772 0
39.137.0.0225              0.33750000000000007772 2.6999999999999997    Newton...              0.36000000000000009770              0.36000000000000009770 0
39.138.0.0225              0.36000000000000009770 2.6999999999999997    Newton...              0.38250000000000011768              0.38250000000000011768 0
39.139.0.0225              0.38250000000000011768 2.6999999999999997    Newton...              0.40500000000000013767              0.40500000000000013767 0
39.140.0.0225              0.40500000000000013767 2.6999999999999997    Newton...              0.42750000000000015765              0.42750000000000015765 0
39.141.0.0225              0.42750000000000015765 2.6999999999999997    Newton...              0.45000000000000017764              0.45000000000000017764 0
39.142.0.0225              0.45000000000000017764 2.6999999999999997    Newton...              0.47250000000000019762              0.47250000000000019762 0
39.143.0.0225              0.47250000000000019762 2.6999999999999997    Newton...              0.49500000000000021760              0.49500000000000021760 0
39.144.0.0225              0.49500000000000021760 2.6999999999999997    Newton...              0.51750000000000018208              0.51750000000000018208 0
39.145.0.0225              0.51750000000000018208 2.6999999999999997    Newton...              0.54000000000000014655              0.54000000000000014655 0
39.146.0.0225              0.54000000000000014655 2.6999999999999997    Newton...              0.56250000000000011102              0.56250000000000011102 0
39.147.0.0225              0.56250000000000011102 2.6999999999999997    Newton...              0.58500000000000007550              0.58500000000000007550 0
39.148.0.0225              0.58500000000000007550 2.6999999999999997    Newton...              0.60750000000000003997              0.60750000000000003997 0
39.149.0.0225              0.60750000000000003997 2.6999999999999997    Newton...              0.63000000000000000444              0.63000000000000000444 0
39.150.0.0225              0.63000000000000000444 2.6999999999999997    Newton...              0.65249999999999996891              0.65249999999999996891 0
39.151.0.0225              0.65249999999999996891 2.6999999999999997    Newton...              0.67499999999999993339              0.67499999999999993339 0
39.152.0.0225              0.67499999999999993339 2.6999999999999997    Newton...              0.69749999999999989786              0.69749999999999989786 0
39.153.0.0225              0.69749999999999989786 2.6999999999999997    Newton...              0.71999999999999986233              0.71999999999999986233 0
39.154.0.0225              0.71999999999999986233 2.6999999999999997    Newton...              0.74249999999999982681              0.74249999999999982681 0
39.155.0.0225              0.74249999999999982681 2.6999999999999997    Newton...              0.76499999999999979128              0.76499999999999979128 0
39.156.0.0225              0.76499999999999979128 2.6999999999999997    Newton...              0.78749999999999975575              0.78749999999999975575 0
39.157.0.0225              0.78749999999999975575 2.6999999999999997    Newton...              0.80999999999999972022              0.80999999999999972022 0
39.158.0.0225              0.80999999999999972022 2.6999999999999997    Newton...              0.83249999999999968470              0.83249999999999968470 0
39.159.0.0225              0.83249999999999968470 2.6999999999999997    Newton...              0.85499999999999964917              0.85499999999999964917 0
39.160.0.0225              0.85499999999999964917 2.6999999999999997    Newton...              0.87749999999999961364              0.87749999999999961364 0
39.161.0.0225              0.87749999999999961364 2.6999999999999997    Newton...              0.89999999999999957812              0.89999999999999957812 0
39.162.0.0225              0.89999999999999957812 2.6999999999999997    Newton...              0.92249999999999954259              0.92249999999999954259 0
39.163.0.0225              0.92249999999999954259 2.6999999999999997    Newton...              0.94499999999999950706              0.94499999999999950706 0
39.164.0.0225              0.94499999999999950706 2.6999999999999997    Newton...              0.96749999999999947153              0.96749999999999947153 0
39.165.0.0225              0.96749999999999947153 2.6999999999999997    Newton...              0.98999999999999943601              0.98999999999999943601 0
39.166.0.0225              0.98999999999999943601 2.6999999999999997    Newton...              1.01249999999999951150              1.01249999999999951150 0
39.167.0.0225              1.01249999999999951150 2.6999999999999997    Newton...              1.03499999999999947597              1.03499999999999947597 0
39.168.0.0225              1.03499999999999947597 2.6999999999999997    Newton...              1.05749999999999944045              1.05749999999999944045 0
39.169.0.0225              1.05749999999999944045 2.6999999999999997    Newton...              1.07999999999999940492              1.07999999999999940492 0
39.170.0.0225              1.07999999999999940492 2.6999999999999997    Newton...              1.10249999999999936939              1.10249999999999936939 0
39.171.0.0225              1.10249999999999936939 2.6999999999999997    Newton...              1.12499999999999933387              1.12499999999999933387 0
39.172.0.0225              1.12499999999999933387 2.6999999999999997    Newton...              1.14749999999999929834              1.14749999999999929834 0
39.173.0.0225              1.14749999999999929834 2.6999999999999997    Newton...              1.16999999999999926281              1.16999999999999926281 0
39.174.0.0225              1.16999999999999926281 2.6999999999999997    Newton...              1.19249999999999922728              1.19249999999999922728 0
39.175.0.0225              1.19249999999999922728 2.6999999999999997    Newton...              1.21499999999999919176              1.21499999999999919176 0
39.176.0.0225              1.21499999999999919176 2.6999999999999997    Newton...              1.23749999999999915623              1.23749999999999915623 0
39.177.0.0225              1.23749999999999915623 2.6999999999999997    Newton...              1.25999999999999912070              1.25999999999999912070 0
39.178.0.0225              1.25999999999999912070 2.6999999999999997    Newton...              1.28249999999999908518              1.28249999999999908518 0
39.179.0.0225              1.28249999999999908518 2.6999999999999997    Newton...              1.30499999999999904965              1.30499999999999904965 0
39.180.0.0225              1.30499999999999904965 2.6999999999999997    Newton...              1.32749999999999901412              1.32749999999999901412 0
39.181.0.0225              1.32749999999999901412 2.6999999999999997    Newton...              1.34999999999999897859              1.34999999999999897859 0
39.182.0.0225              1.34999999999999897859 2.6999999999999997    Newton...              1.37249999999999894307              1.37249999999999894307 0
39.183.0.0225              1.37249999999999894307 2.6999999999999997    Newton...              1.39499999999999890754              1.39499999999999890754 0
39.184.0.0225              1.39499999999999890754 2.6999999999999997    Newton...              1.41749999999999887201              1.41749999999999887201 0
39.185.0.0225              1.41749999999999887201 2.6999999999999997    Newton...              1.43999999999999883649              1.43999999999999883649 0
39.186.0.0225              1.43999999999999883649 2.6999999999999997    Newton...              1.46249999999999880096              1.46249999999999880096 0
39.187.0.0225              1.46249999999999880096 2.6999999999999997    Newton...              1.48499999999999876543              1.48499999999999876543 0
39.188.0.0225              1.48499999999999876543 2.6999999999999997    Newton...              1.50749999999999872990              1.50749999999999872990 0
39.189.0.0225              1.50749999999999872990 2.6999999999999997    Newton...              1.52999999999999869438              1.52999999999999869438 0
39.190.0.0225              1.52999999999999869438 2.6999999999999997    Newton...              1.55249999999999865885              1.55249999999999865885 0
39.191.0.0225              1.55249999999999865885 2.6999999999999997    Newton...              1.57499999999999862332              1.57499999999999862332 0
39.192.0.0225              1.57499999999999862332 2.6999999999999997    Newton...              1.59749999999999858780              1.59749999999999858780 0
39.193.0.0225              1.59749999999999858780 2.6999999999999997    Newton...              1.61999999999999855227              1.61999999999999855227 0
39.194.0.0225              1.61999999999999855227 2.6999999999999997    Newton...              1.64249999999999851674              1.64249999999999851674 0
39.195.0.0225              1.64249999999999851674 2.6999999999999997    Newton...              1.66499999999999848121              1.66499999999999848121 0
39.196.0.0225              1.66499999999999848121 2.6999999999999997    Newton...              1.68749999999999844569              1.68749999999999844569 0
39.197.0.0225              1.68749999999999844569 2.6999999999999997    Newton...              1.70999999999999841016              1.70999999999999841016 0
39.198.0.0225              1.70999999999999841016 2.6999999999999997    Newton...              1.73249999999999837463              1.73249999999999837463 0
39.199.0.0225              1.73249999999999837463 2.6999999999999997    Newton...              1.75499999999999833911              1.75499999999999833911 0
39.200.0.0225              1.75499999999999833911 2.6999999999999997    Newton...              1.77749999999999830358              1.77749999999999830358 0
39.201.0.0225              1.77749999999999830358 2.6999999999999997    Newton...              1.79999999999999826805              1.79999999999999826805 0
39.202.0.0225              1.79999999999999826805 2.6999999999999997    Newton...              1.82249999999999823252              1.82249999999999823252 0
39.203.0.0225              1.82249999999999823252 2.6999999999999997    Newton...              1.84499999999999819700              1.84499999999999819700 0
39.204.0.0225              1.84499999999999819700 2.6999999999999997    Newton...              1.86749999999999816147              1.86749999999999816147 0
39.205.0.0225              1.86749999999999816147 2.6999999999999997    Newton...              1.88999999999999812594              1.88999999999999812594 0
39.206.0.0225              1.88999999999999812594 2.6999999999999997    Newton...              1.91249999999999809042              1.91249999999999809042 0
39.207.0.0225              1.91249999999999809042 2.6999999999999997    Newton...              1.93499999999999805489              1.93499999999999805489 0
39.208.0.0225              1.93499999999999805489 2.6999999999999997    Newton...              1.95749999999999801936              1.95749999999999801936 0
39.209.0.0225              1.95749999999999801936 2.6999999999999997    Newton...              1.97999999999999798383              1.97999999999999798383 0
39.210.0.0225              1.97999999999999798383 2.6999999999999997    Newton...              2.00249999999999817035              2.00249999999999817035 0
39.211.0.0225              2.00249999999999817035 2.6999999999999997    Newton...              2.02499999999999813483              2.02499999999999813483 0
39.212.0.0225              2.02499999999999813483 2.6999999999999997    Newton...              2.04749999999999809930              2.04749999999999809930 0
39.213.0.0225              2.04749999999999809930 2.6999999999999997    Newton...              2.06999999999999806377              2.06999999999999806377 0
39.214.0.0225              2.06999999999999806377 2.6999999999999997    Newton...              2.09249999999999802824              2.09249999999999802824 0
39.215.0.0225              2.09249999999999802824 2.6999999999999997    Newton...              2.11499999999999799272              2.11499999999999799272 0
39.216.0.0225              2.11499999999999799272 2.6999999999999997    Newton...              2.13749999999999795719              2.13749999999999795719 0
39.217.0.0225              2.13749999999999795719 2.6999999999999997    Newton...              2.15999999999999792166              2.15999999999999792166 0
39.218.0.0225              2.15999999999999792166 2.6999999999999997    Newton...              2.18249999999999788614              2.18249999999999788614 0
39.219.0.0225              2.18249999999999788614 2.6999999999999997    Newton...              2.20499999999999785061              2.20499999999999785061 0
39.220.0.0225              2.20499999999999785061 2.6999999999999997    Newton...              2.22749999999999781508              2.22749999999999781508 0
39.221.0.0225              2.22749999999999781508 2.6999999999999997    Newton...              2.24999999999999777955              2.24999999999999777955 0
39.222.0.0225              2.24999999999999777955 2.6999999999999997    Newton...              2.27249999999999774403              2.27249999999999774403 0
39.223.0.0225              2.27249999999999774403 2.6999999999999997    Newton...              2.29499999999999770850              2.29499999999999770850 0
39.224.0.0225              2.29499999999999770850 2.6999999999999997    Newton...              2.31749999999999767297              2.31749999999999767297 0
39.225.0.0225              2.31749999999999767297 2.6999999999999997    Newton...              2.33999999999999763745              2.33999999999999763745 0
39.226.0.0225              2.33999999999999763745 2.6999999999999997    Newton...              2.36249999999999760192              2.36249999999999760192 0
39.227.0.0225              2.36249999999999760192 2.6999999999999997    Newton...              2.38499999999999756639              2.38499999999999756639 0
39.228.0.0225              2.38499999999999756639 2.6999999999999997    Newton...              2.40749999999999753086              2.40749999999999753086 0
39.229.0.0225              2.40749999999999753086 2.6999999999999997    Newton...              2.42999999999999749534              2.42999999999999749534 0
39.230.0.0225              2.42999999999999749534 2.6999999999999997    Newton...              2.45249999999999745981              2.45249999999999745981 0
39.231.0.0225              2.45249999999999745981 2.6999999999999997    Newton...              2.47499999999999742428              2.47499999999999742428 0
39.232.0.0225              2.47499999999999742428 2.6999999999999997    Newton...              2.49749999999999738876              2.49749999999999738876 0
39.233.0.0225              2.49749999999999738876 2.6999999999999997    Newton...              2.51999999999999735323              2.51999999999999735323 0
39.234.0.0225              2.51999999999999735323 2.6999999999999997    Newton...              2.54249999999999731770              2.54249999999999731770 0
39.235.0.0225              2.54249999999999731770 2.6999999999999997    Newton...              2.56499999999999728217              2.56499999999999728217 0
39.236.0.0225              2.56499999999999728217 2.6999999999999997    Newton...              2.58749999999999724665              2.58749999999999724665 0
39.237.0.0225              2.58749999999999724665 2.6999999999999997    Newton...              2.60999999999999721112              2.60999999999999721112 0
39.238.0.0225              2.60999999999999721112 2.6999999999999997    Newton...              2.63249999999999717559              2.63249999999999717559 0
39.239.0.0225              2.63249999999999717559 2.6999999999999997    Newton...              2.65499999999999714007              2.65499999999999714007 0
39.240.0.0225              2.65499999999999714007 2.6999999999999997    Newton...              2.67749999999999710454              2.67749999999999710454 0
39.241.0.0225              2.67749999999999710454 2.6999999999999997    Newton...              2.69999999999999706901              2.69999999999999706901 0
39.242.0.0225              2.69999999999999706901 2.6999999999999997    Newton...              2.72249999999999703348              2.72249999999999703348 0
40.1.-0.0225              2.72249999999999703348 -2.6999999999999997    Newton...              2.69999999999999706901              2.69999999999999706901 0
40.2.-0.0225              2.69999999999999706901 -2.6999999999999997    Newton...              2.67749999999999710454              2.67749999999999710454 0
40.3.-0.0225              2.67749999999999710454 -2.6999999999999997    Newton...              2.65499999999999714007              2.65499999999999714007 0
40.4.-0.0225              2.65499999999999714007 -2.6999999999999997    Newton...              2.63249999999999717559              2.63249999999999717559 0
40.5.-0.0225              2.63249999999999717559 -2.6999999999999997    Newton...              2.60999999999999721112              2.60999999999999721112 0
40.6.-0.0225              2.60999999999999721112 -2.6999999999999997    Newton...              2.58749999999999724665              2.58749999999999724665 0
40.7.-0.0225              2.58749999999999724665 -2.6999999999999997    Newton...              2.56499999999999728217              2.56499999999999728217 0
40.8.-0.0225              2.56499999999999728217 -2.6999999999999997    Newton...              2.54249999999999731770              2.54249999999999731770 0
40.9.-0.0225              2.54249999999999731770 -2.6999999999999997    Newton...              2.51999999999999735323              2.51999999999999735323 0
40.10.-0.0225              2.51999999999999735323 -2.6999999999999997    Newton...              2.49749999999999738876              2.49749999999999738876 0
40.11.-0.0225              2.49749999999999738876 -2.6999999999999997    Newton...              2.47499999999999742428              2.47499999999999742428 0
40.12.-0.0225              2.47499999999999742428 -2.6999999999999997    Newton...              2.45249999999999745981              2.45249999999999745981 0
40.13.-0.0225              2.45249999999999745981 -2.6999999999999997    Newton...              2.42999999999999749534              2.42999999999999749534 0
40.14.-0.0225              2.42999999999999749534 -2.6999999999999997    Newton...              2.40749999999999753086              2.40749999999999753086 0
40.15.-0.0225              2.40749999999999753086 -2.6999999999999997    Newton...              2.38499999999999756639              2.38499999999999756639 0
40.16.-0.0225              2.38499999999999756639 -2.6999999999999997    Newton...              2.36249999999999760192              2.36249999999999760192 0
40.17.-0.0225              2.36249999999999760192 -2.6999999999999997    Newton...              2.33999999999999763745              2.33999999999999763745 0
40.18.-0.0225              2.33999999999999763745 -2.6999999999999997    Newton...              2.31749999999999767297              2.31749999999999767297 0
40.19.-0.0225              2.31749999999999767297 -2.6999999999999997    Newton...              2.29499999999999770850              2.29499999999999770850 0
40.20.-0.0225              2.29499999999999770850 -2.6999999999999997    Newton...              2.27249999999999774403              2.27249999999999774403 0
40.21.-0.0225              2.27249999999999774403 -2.6999999999999997    Newton...              2.24999999999999777955              2.24999999999999777955 0
40.22.-0.0225              2.24999999999999777955 -2.6999999999999997    Newton...              2.22749999999999781508              2.22749999999999781508 0
40.23.-0.0225              2.22749999999999781508 -2.6999999999999997    Newton...              2.20499999999999785061              2.20499999999999785061 0
40.24.-0.0225              2.20499999999999785061 -2.6999999999999997    Newton...              2.18249999999999788614              2.18249999999999788614 0
40.25.-0.0225              2.18249999999999788614 -2.6999999999999997    Newton...              2.15999999999999792166              2.15999999999999792166 0
40.26.-0.0225              2.15999999999999792166 -2.6999999999999997    Newton...              2.13749999999999795719              2.13749999999999795719 0
40.27.-0.0225              2.13749999999999795719 -2.6999999999999997    Newton...              2.11499999999999799272              2.11499999999999799272 0
40.28.-0.0225              2.11499999999999799272 -2.6999999999999997    Newton...              2.09249999999999802824              2.09249999999999802824 0
40.29.-0.0225              2.09249999999999802824 -2.6999999999999997    Newton...              2.06999999999999806377              2.06999999999999806377 0
40.30.-0.0225              2.06999999999999806377 -2.6999999999999997    Newton...              2.04749999999999809930              2.04749999999999809930 0
40.31.-0.0225              2.04749999999999809930 -2.6999999999999997    Newton...              2.02499999999999813483              2.02499999999999813483 0
40.32.-0.0225              2.02499999999999813483 -2.6999999999999997    Newton...              2.00249999999999817035              2.00249999999999817035 0
40.33.-0.0225              2.00249999999999817035 -2.6999999999999997    Newton...              1.97999999999999820588              1.97999999999999820588 0
40.34.-0.0225              1.97999999999999820588 -2.6999999999999997    Newton...              1.95749999999999824141              1.95749999999999824141 0
40.35.-0.0225              1.95749999999999824141 -2.6999999999999997    Newton...              1.93499999999999827693              1.93499999999999827693 0
40.36.-0.0225              1.93499999999999827693 -2.6999999999999997    Newton...              1.91249999999999831246              1.91249999999999831246 0
40.37.-0.0225              1.91249999999999831246 -2.6999999999999997    Newton...              1.88999999999999834799              1.88999999999999834799 0
40.38.-0.0225              1.88999999999999834799 -2.6999999999999997    Newton...              1.86749999999999838352              1.86749999999999838352 0
40.39.-0.0225              1.86749999999999838352 -2.6999999999999997    Newton...              1.84499999999999841904              1.84499999999999841904 0
40.40.-0.0225              1.84499999999999841904 -2.6999999999999997    Newton...              1.82249999999999845457              1.82249999999999845457 0
40.41.-0.0225              1.82249999999999845457 -2.6999999999999997    Newton...              1.79999999999999849010              1.79999999999999849010 0
40.42.-0.0225              1.79999999999999849010 -2.6999999999999997    Newton...              1.77749999999999852562              1.77749999999999852562 0
40.43.-0.0225              1.77749999999999852562 -2.6999999999999997    Newton...              1.75499999999999856115              1.75499999999999856115 0
40.44.-0.0225              1.75499999999999856115 -2.6999999999999997    Newton...              1.73249999999999859668              1.73249999999999859668 0
40.45.-0.0225              1.73249999999999859668 -2.6999999999999997    Newton...              1.70999999999999863221              1.70999999999999863221 0
40.46.-0.0225              1.70999999999999863221 -2.6999999999999997    Newton...              1.68749999999999866773              1.68749999999999866773 0
40.47.-0.0225              1.68749999999999866773 -2.6999999999999997    Newton...              1.66499999999999870326              1.66499999999999870326 0
40.48.-0.0225              1.66499999999999870326 -2.6999999999999997    Newton...              1.64249999999999873879              1.64249999999999873879 0
40.49.-0.0225              1.64249999999999873879 -2.6999999999999997    Newton...              1.61999999999999877431              1.61999999999999877431 0
40.50.-0.0225              1.61999999999999877431 -2.6999999999999997    Newton...              1.59749999999999880984              1.59749999999999880984 0
40.51.-0.0225              1.59749999999999880984 -2.6999999999999997    Newton...              1.57499999999999884537              1.57499999999999884537 0
40.52.-0.0225              1.57499999999999884537 -2.6999999999999997    Newton...              1.55249999999999888090              1.55249999999999888090 0
40.53.-0.0225              1.55249999999999888090 -2.6999999999999997    Newton...              1.52999999999999891642              1.52999999999999891642 0
40.54.-0.0225              1.52999999999999891642 -2.6999999999999997    Newton...              1.50749999999999895195              1.50749999999999895195 0
40.55.-0.0225              1.50749999999999895195 -2.6999999999999997    Newton...              1.48499999999999898748              1.48499999999999898748 0
40.56.-0.0225              1.48499999999999898748 -2.6999999999999997    Newton...              1.46249999999999902300              1.46249999999999902300 0
40.57.-0.0225              1.46249999999999902300 -2.6999999999999997    Newton...              1.43999999999999905853              1.43999999999999905853 0
40.58.-0.0225              1.43999999999999905853 -2.6999999999999997    Newton...              1.41749999999999909406              1.41749999999999909406 0
40.59.-0.0225              1.41749999999999909406 -2.6999999999999997    Newton...              1.39499999999999912959              1.39499999999999912959 0
40.60.-0.0225              1.39499999999999912959 -2.6999999999999997    Newton...              1.37249999999999916511              1.37249999999999916511 0
40.61.-0.0225              1.37249999999999916511 -2.6999999999999997    Newton...              1.34999999999999920064              1.34999999999999920064 0
40.62.-0.0225              1.34999999999999920064 -2.6999999999999997    Newton...              1.32749999999999923617              1.32749999999999923617 0
40.63.-0.0225              1.32749999999999923617 -2.6999999999999997    Newton...              1.30499999999999927169              1.30499999999999927169 0
40.64.-0.0225              1.30499999999999927169 -2.6999999999999997    Newton...              1.28249999999999930722              1.28249999999999930722 0
40.65.-0.0225              1.28249999999999930722 -2.6999999999999997    Newton...              1.25999999999999934275              1.25999999999999934275 0
40.66.-0.0225              1.25999999999999934275 -2.6999999999999997    Newton...              1.23749999999999937828              1.23749999999999937828 0
40.67.-0.0225              1.23749999999999937828 -2.6999999999999997    Newton...              1.21499999999999941380              1.21499999999999941380 0
40.68.-0.0225              1.21499999999999941380 -2.6999999999999997    Newton...              1.19249999999999944933              1.19249999999999944933 0
40.69.-0.0225              1.19249999999999944933 -2.6999999999999997    Newton...              1.16999999999999948486              1.16999999999999948486 0
40.70.-0.0225              1.16999999999999948486 -2.6999999999999997    Newton...              1.14749999999999952038              1.14749999999999952038 0
40.71.-0.0225              1.14749999999999952038 -2.6999999999999997    Newton...              1.12499999999999955591              1.12499999999999955591 0
40.72.-0.0225              1.12499999999999955591 -2.6999999999999997    Newton...              1.10249999999999959144              1.10249999999999959144 0
40.73.-0.0225              1.10249999999999959144 -2.6999999999999997    Newton...              1.07999999999999962697              1.07999999999999962697 0
40.74.-0.0225              1.07999999999999962697 -2.6999999999999997    Newton...              1.05749999999999966249              1.05749999999999966249 0
40.75.-0.0225              1.05749999999999966249 -2.6999999999999997    Newton...              1.03499999999999969802              1.03499999999999969802 0
40.76.-0.0225              1.03499999999999969802 -2.6999999999999997    Newton...              1.01249999999999973355              1.01249999999999973355 0
40.77.-0.0225              1.01249999999999973355 -2.6999999999999997    Newton...              0.98999999999999976907              0.98999999999999976907 0
40.78.-0.0225              0.98999999999999976907 -2.6999999999999997    Newton...              0.96749999999999980460              0.96749999999999980460 0
40.79.-0.0225              0.96749999999999980460 -2.6999999999999997    Newton...              0.94499999999999984013              0.94499999999999984013 0
40.80.-0.0225              0.94499999999999984013 -2.6999999999999997    Newton...              0.92249999999999987566              0.92249999999999987566 0
40.81.-0.0225              0.92249999999999987566 -2.6999999999999997    Newton...              0.89999999999999991118              0.89999999999999991118 0
40.82.-0.0225              0.89999999999999991118 -2.6999999999999997    Newton...              0.87749999999999994671              0.87749999999999994671 0
40.83.-0.0225              0.87749999999999994671 -2.6999999999999997    Newton...              0.85499999999999998224              0.85499999999999998224 0
40.84.-0.0225              0.85499999999999998224 -2.6999999999999997    Newton...              0.83250000000000001776              0.83250000000000001776 0
40.85.-0.0225              0.83250000000000001776 -2.6999999999999997    Newton...              0.81000000000000005329              0.81000000000000005329 0
40.86.-0.0225              0.81000000000000005329 -2.6999999999999997    Newton...              0.78750000000000008882              0.78750000000000008882 0
40.87.-0.0225              0.78750000000000008882 -2.6999999999999997    Newton...              0.76500000000000012434              0.76500000000000012434 0
40.88.-0.0225              0.76500000000000012434 -2.6999999999999997    Newton...              0.74250000000000015987              0.74250000000000015987 0
40.89.-0.0225              0.74250000000000015987 -2.6999999999999997    Newton...              0.72000000000000019540              0.72000000000000019540 0
40.90.-0.0225              0.72000000000000019540 -2.6999999999999997    Newton...              0.69750000000000023093              0.69750000000000023093 0
40.91.-0.0225              0.69750000000000023093 -2.6999999999999997    Newton...              0.67500000000000026645              0.67500000000000026645 0
40.92.-0.0225              0.67500000000000026645 -2.6999999999999997    Newton...              0.65250000000000030198              0.65250000000000030198 0
40.93.-0.0225              0.65250000000000030198 -2.6999999999999997    Newton...              0.63000000000000033751              0.63000000000000033751 0
40.94.-0.0225              0.63000000000000033751 -2.6999999999999997    Newton...              0.60750000000000037303              0.60750000000000037303 0
40.95.-0.0225              0.60750000000000037303 -2.6999999999999997    Newton...              0.58500000000000040856              0.58500000000000040856 0
40.96.-0.0225              0.58500000000000040856 -2.6999999999999997    Newton...              0.56250000000000044409              0.56250000000000044409 0
40.97.-0.0225              0.56250000000000044409 -2.6999999999999997    Newton...              0.54000000000000047962              0.54000000000000047962 0
40.98.-0.0225              0.54000000000000047962 -2.6999999999999997    Newton...              0.51750000000000051514              0.51750000000000051514 0
40.99.-0.0225              0.51750000000000051514 -2.6999999999999997    Newton...              0.49500000000000049516              0.49500000000000049516 0
40.100.-0.0225              0.49500000000000049516 -2.6999999999999997    Newton...              0.47250000000000047518              0.47250000000000047518 0
40.101.-0.0225              0.47250000000000047518 -2.6999999999999997    Newton...              0.45000000000000045519              0.45000000000000045519 0
40.102.-0.0225              0.45000000000000045519 -2.6999999999999997    Newton...              0.42750000000000043521              0.42750000000000043521 0
40.103.-0.0225              0.42750000000000043521 -2.6999999999999997    Newton...              0.40500000000000041522              0.40500000000000041522 0
40.104.-0.0225              0.40500000000000041522 -2.6999999999999997    Newton...              0.38250000000000039524              0.38250000000000039524 0
40.105.-0.0225              0.38250000000000039524 -2.6999999999999997    Newton...              0.36000000000000037526              0.36000000000000037526 0
40.106.-0.0225              0.36000000000000037526 -2.6999999999999997    Newton...              0.33750000000000035527              0.33750000000000035527 0
40.107.-0.0225              0.33750000000000035527 -2.6999999999999997    Newton...              0.31500000000000033529              0.31500000000000033529 0
40.108.-0.0225              0.31500000000000033529 -2.6999999999999997    Newton...              0.29250000000000031530              0.29250000000000031530 0
40.109.-0.0225              0.29250000000000031530 -2.6999999999999997    Newton...              0.27000000000000029532              0.27000000000000029532 0
40.110.-0.0225              0.27000000000000029532 -2.6999999999999997    Newton...              0.24750000000000030309              0.24750000000000030309 0
40.111.-0.0225              0.24750000000000030309 -2.6999999999999997    Newton...              0.22500000000000031086              0.22500000000000031086 0
40.112.-0.0225              0.22500000000000031086 -2.6999999999999997    Newton...              0.20250000000000031863              0.20250000000000031863 0
40.113.-0.0225              0.20250000000000031863 -2.6999999999999997    Newton...              0.18000000000000032641              0.18000000000000032641 0
40.114.-0.0225              0.18000000000000032641 -2.6999999999999997    Newton...              0.15750000000000033418              0.15750000000000033418 0
40.115.-0.0225              0.15750000000000033418 -2.6999999999999997    Newton...              0.13500000000000034195              0.13500000000000034195 0
40.116.-0.0225              0.13500000000000034195 -2.6999999999999997    Newton...              0.11250000000000034972              0.11250000000000034972 0
40.117.-0.0225              0.11250000000000034972 -2.6999999999999997    Newton...              0.09000000000000035749              0.09000000000000035749 0
40.118.-0.0225              0.09000000000000035749 -2.6999999999999997    Newton...              0.06750000000000036526              0.06750000000000036526 0
40.119.-0.0225              0.06750000000000036526 -2.6999999999999997    Newton...              0.04500000000000036610              0.04500000000000036610 0
40.120.-0.0225              0.04500000000000036610 -2.6999999999999997    Newton...              0.02250000000000036693              0.02250000000000036693 0
40.121.-0.0225              0.02250000000000036693 -2.6999999999999997    Newton...              0.00000000000000036776              0.00000000000000036776 0
40.122.-0.0225              0.00000000000000036776 -2.6999999999999997    Newton...             -0.02249999999999963141             -0.02249999999999963141 0
40.123.-0.0225             -0.02249999999999963141 -2.6999999999999997    Newton...             -0.04499999999999963057             -0.04499999999999963057 0
40.124.-0.0225             -0.04499999999999963057 -2.6999999999999997    Newton...             -0.06749999999999962974             -0.06749999999999962974 0
40.125.-0.0225             -0.06749999999999962974 -2.6999999999999997    Newton...             -0.08999999999999963585             -0.08999999999999963585 0
40.126.-0.0225             -0.08999999999999963585 -2.6999999999999997    Newton...             -0.11249999999999962808             -0.11249999999999962808 0
40.127.-0.0225             -0.11249999999999962808 -2.6999999999999997    Newton...             -0.13499999999999962030             -0.13499999999999962030 0
40.128.-0.0225             -0.13499999999999962030 -2.6999999999999997    Newton...             -0.15749999999999961253             -0.15749999999999961253 0
40.129.-0.0225             -0.15749999999999961253 -2.6999999999999997    Newton...             -0.17999999999999960476             -0.17999999999999960476 0
40.130.-0.0225             -0.17999999999999960476 -2.6999999999999997    Newton...             -0.20249999999999959699             -0.20249999999999959699 0
40.131.-0.0225             -0.20249999999999959699 -2.6999999999999997    Newton...             -0.22499999999999958922             -0.22499999999999958922 0
40.132.-0.0225             -0.22499999999999958922 -2.6999999999999997    Newton...             -0.24749999999999958145             -0.24749999999999958145 0
40.133.-0.0225             -0.24749999999999958145 -2.6999999999999997    Newton...             -0.26999999999999957367             -0.26999999999999957367 0
40.134.-0.0225             -0.26999999999999957367 -2.6999999999999997    Newton...             -0.29249999999999959366             -0.29249999999999959366 0
40.135.-0.0225             -0.29249999999999959366 -2.6999999999999997    Newton...             -0.31499999999999961364             -0.31499999999999961364 0
40.136.-0.0225             -0.31499999999999961364 -2.6999999999999997    Newton...             -0.33749999999999963363             -0.33749999999999963363 0
40.137.-0.0225             -0.33749999999999963363 -2.6999999999999997    Newton...             -0.35999999999999965361             -0.35999999999999965361 0
40.138.-0.0225             -0.35999999999999965361 -2.6999999999999997    Newton...             -0.38249999999999967359             -0.38249999999999967359 0
40.139.-0.0225             -0.38249999999999967359 -2.6999999999999997    Newton...             -0.40499999999999969358             -0.40499999999999969358 0
40.140.-0.0225             -0.40499999999999969358 -2.6999999999999997    Newton...             -0.42749999999999971356             -0.42749999999999971356 0
40.141.-0.0225             -0.42749999999999971356 -2.6999999999999997    Newton...             -0.44999999999999973355             -0.44999999999999973355 0
40.142.-0.0225             -0.44999999999999973355 -2.6999999999999997    Newton...             -0.47249999999999975353             -0.47249999999999975353 0
40.143.-0.0225             -0.47249999999999975353 -2.6999999999999997    Newton...             -0.49499999999999977351             -0.49499999999999977351 0
40.144.-0.0225             -0.49499999999999977351 -2.6999999999999997    Newton...             -0.51749999999999973799             -0.51749999999999973799 0
40.145.-0.0225             -0.51749999999999973799 -2.6999999999999997    Newton...             -0.53999999999999970246             -0.53999999999999970246 0
40.146.-0.0225             -0.53999999999999970246 -2.6999999999999997    Newton...             -0.56249999999999966693             -0.56249999999999966693 0
40.147.-0.0225             -0.56249999999999966693 -2.6999999999999997    Newton...             -0.58499999999999963141             -0.58499999999999963141 0
40.148.-0.0225             -0.58499999999999963141 -2.6999999999999997    Newton...             -0.60749999999999959588             -0.60749999999999959588 0
40.149.-0.0225             -0.60749999999999959588 -2.6999999999999997    Newton...             -0.62999999999999956035             -0.62999999999999956035 0
40.150.-0.0225             -0.62999999999999956035 -2.6999999999999997    Newton...             -0.65249999999999952482             -0.65249999999999952482 0
40.151.-0.0225             -0.65249999999999952482 -2.6999999999999997    Newton...             -0.67499999999999948930             -0.67499999999999948930 0
40.152.-0.0225             -0.67499999999999948930 -2.6999999999999997    Newton...             -0.69749999999999945377             -0.69749999999999945377 0
40.153.-0.0225             -0.69749999999999945377 -2.6999999999999997    Newton...             -0.71999999999999941824             -0.71999999999999941824 0
40.154.-0.0225             -0.71999999999999941824 -2.6999999999999997    Newton...             -0.74249999999999938272             -0.74249999999999938272 0
40.155.-0.0225             -0.74249999999999938272 -2.6999999999999997    Newton...             -0.76499999999999934719             -0.76499999999999934719 0
40.156.-0.0225             -0.76499999999999934719 -2.6999999999999997    Newton...             -0.78749999999999931166             -0.78749999999999931166 0
40.157.-0.0225             -0.78749999999999931166 -2.6999999999999997    Newton...             -0.80999999999999927613             -0.80999999999999927613 0
40.158.-0.0225             -0.80999999999999927613 -2.6999999999999997    Newton...             -0.83249999999999924061             -0.83249999999999924061 0
40.159.-0.0225             -0.83249999999999924061 -2.6999999999999997    Newton...             -0.85499999999999920508             -0.85499999999999920508 0
40.160.-0.0225             -0.85499999999999920508 -2.6999999999999997    Newton...             -0.87749999999999916955             -0.87749999999999916955 0
40.161.-0.0225             -0.87749999999999916955 -2.6999999999999997    Newton...             -0.89999999999999913403             -0.89999999999999913403 0
40.162.-0.0225             -0.89999999999999913403 -2.6999999999999997    Newton...             -0.92249999999999909850             -0.92249999999999909850 0
40.163.-0.0225             -0.92249999999999909850 -2.6999999999999997    Newton...             -0.94499999999999906297             -0.94499999999999906297 0
40.164.-0.0225             -0.94499999999999906297 -2.6999999999999997    Newton...             -0.96749999999999902744             -0.96749999999999902744 0
40.165.-0.0225             -0.96749999999999902744 -2.6999999999999997    Newton...             -0.98999999999999899192             -0.98999999999999899192 0
40.166.-0.0225             -0.98999999999999899192 -2.6999999999999997    Newton...             -1.01249999999999906741             -1.01249999999999906741 0
40.167.-0.0225             -1.01249999999999906741 -2.6999999999999997    Newton...             -1.03499999999999903189             -1.03499999999999903189 0
40.168.-0.0225             -1.03499999999999903189 -2.6999999999999997    Newton...             -1.05749999999999899636             -1.05749999999999899636 0
40.169.-0.0225             -1.05749999999999899636 -2.6999999999999997    Newton...             -1.07999999999999896083             -1.07999999999999896083 0
40.170.-0.0225             -1.07999999999999896083 -2.6999999999999997    Newton...             -1.10249999999999892530             -1.10249999999999892530 0
40.171.-0.0225             -1.10249999999999892530 -2.6999999999999997    Newton...             -1.12499999999999888978             -1.12499999999999888978 0
40.172.-0.0225             -1.12499999999999888978 -2.6999999999999997    Newton...             -1.14749999999999885425             -1.14749999999999885425 0
40.173.-0.0225             -1.14749999999999885425 -2.6999999999999997    Newton...             -1.16999999999999881872             -1.16999999999999881872 0
40.174.-0.0225             -1.16999999999999881872 -2.6999999999999997    Newton...             -1.19249999999999878320             -1.19249999999999878320 0
40.175.-0.0225             -1.19249999999999878320 -2.6999999999999997    Newton...             -1.21499999999999874767             -1.21499999999999874767 0
40.176.-0.0225             -1.21499999999999874767 -2.6999999999999997    Newton...             -1.23749999999999871214             -1.23749999999999871214 0
40.177.-0.0225             -1.23749999999999871214 -2.6999999999999997    Newton...             -1.25999999999999867661             -1.25999999999999867661 0
40.178.-0.0225             -1.25999999999999867661 -2.6999999999999997    Newton...             -1.28249999999999864109             -1.28249999999999864109 0
40.179.-0.0225             -1.28249999999999864109 -2.6999999999999997    Newton...             -1.30499999999999860556             -1.30499999999999860556 0
40.180.-0.0225             -1.30499999999999860556 -2.6999999999999997    Newton...             -1.32749999999999857003             -1.32749999999999857003 0
40.181.-0.0225             -1.32749999999999857003 -2.6999999999999997    Newton...             -1.34999999999999853451             -1.34999999999999853451 0
40.182.-0.0225             -1.34999999999999853451 -2.6999999999999997    Newton...             -1.37249999999999849898             -1.37249999999999849898 0
40.183.-0.0225             -1.37249999999999849898 -2.6999999999999997    Newton...             -1.39499999999999846345             -1.39499999999999846345 0
40.184.-0.0225             -1.39499999999999846345 -2.6999999999999997    Newton...             -1.41749999999999842792             -1.41749999999999842792 0
40.185.-0.0225             -1.41749999999999842792 -2.6999999999999997    Newton...             -1.43999999999999839240             -1.43999999999999839240 0
40.186.-0.0225             -1.43999999999999839240 -2.6999999999999997    Newton...             -1.46249999999999835687             -1.46249999999999835687 0
40.187.-0.0225             -1.46249999999999835687 -2.6999999999999997    Newton...             -1.48499999999999832134             -1.48499999999999832134 0
40.188.-0.0225             -1.48499999999999832134 -2.6999999999999997    Newton...             -1.50749999999999828582             -1.50749999999999828582 0
40.189.-0.0225             -1.50749999999999828582 -2.6999999999999997    Newton...             -1.52999999999999825029             -1.52999999999999825029 0
40.190.-0.0225             -1.52999999999999825029 -2.6999999999999997    Newton...             -1.55249999999999821476             -1.55249999999999821476 0
40.191.-0.0225             -1.55249999999999821476 -2.6999999999999997    Newton...             -1.57499999999999817923             -1.57499999999999817923 0
40.192.-0.0225             -1.57499999999999817923 -2.6999999999999997    Newton...             -1.59749999999999814371             -1.59749999999999814371 0
40.193.-0.0225             -1.59749999999999814371 -2.6999999999999997    Newton...             -1.61999999999999810818             -1.61999999999999810818 0
40.194.-0.0225             -1.61999999999999810818 -2.6999999999999997    Newton...             -1.64249999999999807265             -1.64249999999999807265 0
40.195.-0.0225             -1.64249999999999807265 -2.6999999999999997    Newton...             -1.66499999999999803713             -1.66499999999999803713 0
40.196.-0.0225             -1.66499999999999803713 -2.6999999999999997    Newton...             -1.68749999999999800160             -1.68749999999999800160 0
40.197.-0.0225             -1.68749999999999800160 -2.6999999999999997    Newton...             -1.70999999999999796607             -1.70999999999999796607 0
40.198.-0.0225             -1.70999999999999796607 -2.6999999999999997    Newton...             -1.73249999999999793054             -1.73249999999999793054 0
40.199.-0.0225             -1.73249999999999793054 -2.6999999999999997    Newton...             -1.75499999999999789502             -1.75499999999999789502 0
40.200.-0.0225             -1.75499999999999789502 -2.6999999999999997    Newton...             -1.77749999999999785949             -1.77749999999999785949 1
40.201.-0.0225             -1.77749999999999785949 -2.6999999999999997    Newton...             -1.79999999999999782396             -1.79999999999999782396 1
40.202.-0.0225             -1.79999999999999782396 -2.6999999999999997    Newton...             -1.82249999999999778844             -1.82249999999999778844 1
40.203.-0.0225             -1.82249999999999778844 -2.6999999999999997    Newton...             -1.84499999999999775291             -1.84499999999999775291 1
40.204.-0.0225             -1.84499999999999775291 -2.6999999999999997    Newton...             -1.86749999999999771738             -1.86749999999999771738 1
40.205.-0.0225             -1.86749999999999771738 -2.6999999999999997    Newton...             -1.88999999999999768185             -1.88999999999999768185 1
40.206.-0.0225             -1.88999999999999768185 -2.6999999999999997    Newton...             -1.91249999999999764633             -1.91249999999999764633 1
40.207.-0.0225             -1.91249999999999764633 -2.6999999999999997    Newton...             -1.93499999999999761080             -1.93499999999999761080 1
40.208.-0.0225             -1.93499999999999761080 -2.6999999999999997    Newton...             -1.95749999999999757527             -1.95749999999999757527 1
40.209.-0.0225             -1.95749999999999757527 -2.6999999999999997    Newton...             -1.97999999999999753975             -1.97999999999999753975 1
40.210.-0.0225             -1.97999999999999753975 -2.6999999999999997    Newton...             -2.00249999999999772626             -2.00249999999999772626 1
40.211.-0.0225             -2.00249999999999772626 -2.6999999999999997    Newton...             -2.02499999999999769074             -2.02499999999999769074 1
40.212.-0.0225             -2.02499999999999769074 -2.6999999999999997    Newton...             -2.04749999999999765521             -2.04749999999999765521 1
40.213.-0.0225             -2.04749999999999765521 -2.6999999999999997    Newton...             -2.06999999999999761968             -2.06999999999999761968 1
40.214.-0.0225             -2.06999999999999761968 -2.6999999999999997    Newton...             -2.09249999999999758415             -2.09249999999999758415 1
40.215.-0.0225             -2.09249999999999758415 -2.6999999999999997    Newton...             -2.11499999999999754863             -2.11499999999999754863 1
40.216.-0.0225             -2.11499999999999754863 -2.6999999999999997    Newton...             -2.13749999999999751310             -2.13749999999999751310 1
40.217.-0.0225             -2.13749999999999751310 -2.6999999999999997    Newton...             -2.15999999999999747757             -2.15999999999999747757 1
40.218.-0.0225             -2.15999999999999747757 -2.6999999999999997    Newton...             -2.18249999999999744205             -2.18249999999999744205 1
40.219.-0.0225             -2.18249999999999744205 -2.6999999999999997    Newton...             -2.20499999999999740652             -2.20499999999999740652 1
40.220.-0.0225             -2.20499999999999740652 -2.6999999999999997    Newton...             -2.22749999999999737099             -2.22749999999999737099 1
40.221.-0.0225             -2.22749999999999737099 -2.6999999999999997    Newton...             -2.24999999999999733546             -2.24999999999999733546 1
40.222.-0.0225             -2.24999999999999733546 -2.6999999999999997    Newton...             -2.27249999999999729994             -2.27249999999999729994 1
40.223.-0.0225             -2.27249999999999729994 -2.6999999999999997    Newton...             -2.29499999999999726441             -2.29499999999999726441 1
40.224.-0.0225             -2.29499999999999726441 -2.6999999999999997    Newton...             -2.31749999999999722888             -2.31749999999999722888 1
40.225.-0.0225             -2.31749999999999722888 -2.6999999999999997    Newton...             -2.33999999999999719336             -2.33999999999999719336 1
40.226.-0.0225             -2.33999999999999719336 -2.6999999999999997    Newton...             -2.36249999999999715783             -2.36249999999999715783 1
40.227.-0.0225             -2.36249999999999715783 -2.6999999999999997    Newton...             -2.38499999999999712230             -2.38499999999999712230 1
40.228.-0.0225             -2.38499999999999712230 -2.6999999999999997    Newton...             -2.40749999999999708677             -2.40749999999999708677 1
40.229.-0.0225             -2.40749999999999708677 -2.6999999999999997    Newton...             -2.42999999999999705125             -2.42999999999999705125 1
40.230.-0.0225             -2.42999999999999705125 -2.6999999999999997    Newton...             -2.45249999999999701572             -2.45249999999999701572 1
40.231.-0.0225             -2.45249999999999701572 -2.6999999999999997    Newton...             -2.47499999999999698019             -2.47499999999999698019 1
40.232.-0.0225             -2.47499999999999698019 -2.6999999999999997    Newton...             -2.49749999999999694467             -2.49749999999999694467 1
40.233.-0.0225             -2.49749999999999694467 -2.6999999999999997    Newton...             -2.51999999999999690914             -2.51999999999999690914 1
40.234.-0.0225             -2.51999999999999690914 -2.6999999999999997    Newton...             -2.54249999999999687361             -2.54249999999999687361 1
40.235.-0.0225             -2.54249999999999687361 -2.6999999999999997    Newton...             -2.56499999999999683808             -2.56499999999999683808 1
40.236.-0.0225             -2.56499999999999683808 -2.6999999999999997    Newton...             -2.58749999999999680256             -2.58749999999999680256 1
40.237.-0.0225             -2.58749999999999680256 -2.6999999999999997    Newton...             -2.60999999999999676703             -2.60999999999999676703 1
40.238.-0.0225             -2.60999999999999676703 -2.6999999999999997    Newton...             -2.63249999999999673150             -2.63249999999999673150 1
40.239.-0.0225             -2.63249999999999673150 -2.6999999999999997    Newton...             -2.65499999999999669598             -2.65499999999999669598 1
40.240.-0.0225             -2.65499999999999669598 -2.6999999999999997    Newton...             -2.67749999999999666045             -2.67749999999999666045 1
40.241.-0.0225             -2.67749999999999666045 -2.6999999999999997    Newton...             -2.69999999999999662492             -2.69999999999999662492 1
40.242.-0.0225             -2.69999999999999662492 -2.6999999999999997    Newton...             -2.72249999999999658939             -2.72249999999999658939 1
41.1.0.0225             -2.72249999999999658939 0.0    Newton...             -2.69999999999999662492             -2.69999999999999662492 1
41.2.0.0225             -2.69999999999999662492 0.0    Newton...             -2.67749999999999666045             -2.67749999999999666045 1
41.3.0.0225             -2.67749999999999666045 0.0    Newton...             -2.65499999999999669598             -2.65499999999999669598 1
41.4.0.0225             -2.65499999999999669598 0.0    Newton...             -2.63249999999999673150             -2.63249999999999673150 1
41.5.0.0225             -2.63249999999999673150 0.0    Newton...             -2.60999999999999676703             -2.60999999999999676703 1
41.6.0.0225             -2.60999999999999676703 0.0    Newton...             -2.58749999999999680256             -2.58749999999999680256 1
41.7.0.0225             -2.58749999999999680256 0.0    Newton...             -2.56499999999999683808             -2.56499999999999683808 1
41.8.0.0225             -2.56499999999999683808 0.0    Newton...             -2.54249999999999687361             -2.54249999999999687361 1
41.9.0.0225             -2.54249999999999687361 0.0    Newton...             -2.51999999999999690914             -2.51999999999999690914 1
41.10.0.0225             -2.51999999999999690914 0.0    Newton...             -2.49749999999999694467             -2.49749999999999694467 1
41.11.0.0225             -2.49749999999999694467 0.0    Newton...             -2.47499999999999698019             -2.47499999999999698019 1
41.12.0.0225             -2.47499999999999698019 0.0    Newton...             -2.45249999999999701572             -2.45249999999999701572 1
41.13.0.0225             -2.45249999999999701572 0.0    Newton...             -2.42999999999999705125             -2.42999999999999705125 1
41.14.0.0225             -2.42999999999999705125 0.0    Newton...             -2.40749999999999708677             -2.40749999999999708677 1
41.15.0.0225             -2.40749999999999708677 0.0    Newton...             -2.38499999999999712230             -2.38499999999999712230 1
41.16.0.0225             -2.38499999999999712230 0.0    Newton...             -2.36249999999999715783             -2.36249999999999715783 1
41.17.0.0225             -2.36249999999999715783 0.0    Newton...             -2.33999999999999719336             -2.33999999999999719336 1
41.18.0.0225             -2.33999999999999719336 0.0    Newton...             -2.31749999999999722888             -2.31749999999999722888 1
41.19.0.0225             -2.31749999999999722888 0.0    Newton...             -2.29499999999999726441             -2.29499999999999726441 1
41.20.0.0225             -2.29499999999999726441 0.0    Newton...             -2.27249999999999729994             -2.27249999999999729994 1
41.21.0.0225             -2.27249999999999729994 0.0    Newton...             -2.24999999999999733546             -2.24999999999999733546 1
41.22.0.0225             -2.24999999999999733546 0.0    Newton...             -2.22749999999999737099             -2.22749999999999737099 1
41.23.0.0225             -2.22749999999999737099 0.0    Newton...             -2.20499999999999740652             -2.20499999999999740652 1
41.24.0.0225             -2.20499999999999740652 0.0    Newton...             -2.18249999999999744205             -2.18249999999999744205 1
41.25.0.0225             -2.18249999999999744205 0.0    Newton...             -2.15999999999999747757             -2.15999999999999747757 1
41.26.0.0225             -2.15999999999999747757 0.0    Newton...             -2.13749999999999751310             -2.13749999999999751310 1
41.27.0.0225             -2.13749999999999751310 0.0    Newton...             -2.11499999999999754863             -2.11499999999999754863 1
41.28.0.0225             -2.11499999999999754863 0.0    Newton...             -2.09249999999999758415             -2.09249999999999758415 1
41.29.0.0225             -2.09249999999999758415 0.0    Newton...             -2.06999999999999761968             -2.06999999999999761968 1
41.30.0.0225             -2.06999999999999761968 0.0    Newton...             -2.04749999999999765521             -2.04749999999999765521 1
41.31.0.0225             -2.04749999999999765521 0.0    Newton...             -2.02499999999999769074             -2.02499999999999769074 1
41.32.0.0225             -2.02499999999999769074 0.0    Newton...             -2.00249999999999772626             -2.00249999999999772626 1
41.33.0.0225             -2.00249999999999772626 0.0    Newton...             -1.97999999999999776179             -1.97999999999999776179 1
41.34.0.0225             -1.97999999999999776179 0.0    Newton...             -1.95749999999999779732             -1.95749999999999779732 1
41.35.0.0225             -1.95749999999999779732 0.0    Newton...             -1.93499999999999783284             -1.93499999999999783284 1
41.36.0.0225             -1.93499999999999783284 0.0    Newton...             -1.91249999999999786837             -1.91249999999999786837 1
41.37.0.0225             -1.91249999999999786837 0.0    Newton...             -1.88999999999999790390             -1.88999999999999790390 1
41.38.0.0225             -1.88999999999999790390 0.0    Newton...             -1.86749999999999793943             -1.86749999999999793943 1
41.39.0.0225             -1.86749999999999793943 0.0    Newton...             -1.84499999999999797495             -1.84499999999999797495 1
41.40.0.0225             -1.84499999999999797495 0.0    Newton...             -1.82249999999999801048             -1.82249999999999801048 1
41.41.0.0225             -1.82249999999999801048 0.0    Newton...             -1.79999999999999804601             -1.79999999999999804601 1
41.42.0.0225             -1.79999999999999804601 0.0    Newton...             -1.77749999999999808153             -1.77749999999999808153 1
41.43.0.0225             -1.77749999999999808153 0.0    Newton...             -1.75499999999999811706             -1.75499999999999811706 1
41.44.0.0225             -1.75499999999999811706 0.0    Newton...             -1.73249999999999815259             -1.73249999999999815259 1
41.45.0.0225             -1.73249999999999815259 0.0    Newton...             -1.70999999999999818812             -1.70999999999999818812 1
41.46.0.0225             -1.70999999999999818812 0.0    Newton...             -1.68749999999999822364             -1.68749999999999822364 1
41.47.0.0225             -1.68749999999999822364 0.0    Newton...             -1.66499999999999825917             -1.66499999999999825917 1
41.48.0.0225             -1.66499999999999825917 0.0    Newton...             -1.64249999999999829470             -1.64249999999999829470 1
41.49.0.0225             -1.64249999999999829470 0.0    Newton...             -1.61999999999999833022             -1.61999999999999833022 1
41.50.0.0225             -1.61999999999999833022 0.0    Newton...             -1.59749999999999836575             -1.59749999999999836575 1
41.51.0.0225             -1.59749999999999836575 0.0    Newton...             -1.57499999999999840128             -1.57499999999999840128 1
41.52.0.0225             -1.57499999999999840128 0.0    Newton...             -1.55249999999999843681             -1.55249999999999843681 1
41.53.0.0225             -1.55249999999999843681 0.0    Newton...             -1.52999999999999847233             -1.52999999999999847233 1
41.54.0.0225             -1.52999999999999847233 0.0    Newton...             -1.50749999999999850786             -1.50749999999999850786 1
41.55.0.0225             -1.50749999999999850786 0.0    Newton...             -1.48499999999999854339             -1.48499999999999854339 1
41.56.0.0225             -1.48499999999999854339 0.0    Newton...             -1.46249999999999857891             -1.46249999999999857891 1
41.57.0.0225             -1.46249999999999857891 0.0    Newton...             -1.43999999999999861444             -1.43999999999999861444 1
41.58.0.0225             -1.43999999999999861444 0.0    Newton...             -1.41749999999999864997             -1.41749999999999864997 1
41.59.0.0225             -1.41749999999999864997 0.0    Newton...             -1.39499999999999868550             -1.39499999999999868550 1
41.60.0.0225             -1.39499999999999868550 0.0    Newton...             -1.37249999999999872102             -1.37249999999999872102 1
41.61.0.0225             -1.37249999999999872102 0.0    Newton...             -1.34999999999999875655             -1.34999999999999875655 1
41.62.0.0225             -1.34999999999999875655 0.0    Newton...             -1.32749999999999879208             -1.32749999999999879208 1
41.63.0.0225             -1.32749999999999879208 0.0    Newton...             -1.30499999999999882760             -1.30499999999999882760 1
41.64.0.0225             -1.30499999999999882760 0.0    Newton...             -1.28249999999999886313             -1.28249999999999886313 1
41.65.0.0225             -1.28249999999999886313 0.0    Newton...             -1.25999999999999889866             -1.25999999999999889866 1
41.66.0.0225             -1.25999999999999889866 0.0    Newton...             -1.23749999999999893419             -1.23749999999999893419 1
41.67.0.0225             -1.23749999999999893419 0.0    Newton...             -1.21499999999999896971             -1.21499999999999896971 1
41.68.0.0225             -1.21499999999999896971 0.0    Newton...             -1.19249999999999900524             -1.19249999999999900524 1
41.69.0.0225             -1.19249999999999900524 0.0    Newton...             -1.16999999999999904077             -1.16999999999999904077 1
41.70.0.0225             -1.16999999999999904077 0.0    Newton...             -1.14749999999999907629             -1.14749999999999907629 1
41.71.0.0225             -1.14749999999999907629 0.0    Newton...             -1.12499999999999911182             -1.12499999999999911182 1
41.72.0.0225             -1.12499999999999911182 0.0    Newton...             -1.10249999999999914735             -1.10249999999999914735 1
41.73.0.0225             -1.10249999999999914735 0.0    Newton...             -1.07999999999999918288             -1.07999999999999918288 1
41.74.0.0225             -1.07999999999999918288 0.0    Newton...             -1.05749999999999921840             -1.05749999999999921840 1
41.75.0.0225             -1.05749999999999921840 0.0    Newton...             -1.03499999999999925393             -1.03499999999999925393 1
41.76.0.0225             -1.03499999999999925393 0.0    Newton...             -1.01249999999999928946             -1.01249999999999928946 1
41.77.0.0225             -1.01249999999999928946 0.0    Newton...             -0.98999999999999932498             -0.98999999999999932498 1
41.78.0.0225             -0.98999999999999932498 0.0    Newton...             -0.96749999999999936051             -0.96749999999999936051 1
41.79.0.0225             -0.96749999999999936051 0.0    Newton...             -0.94499999999999939604             -0.94499999999999939604 1
41.80.0.0225             -0.94499999999999939604 0.0    Newton...             -0.92249999999999943157             -0.92249999999999943157 1
41.81.0.0225             -0.92249999999999943157 0.0    Newton...             -0.89999999999999946709             -0.89999999999999946709 1
41.82.0.0225             -0.89999999999999946709 0.0    Newton...             -0.87749999999999950262             -0.87749999999999950262 1
41.83.0.0225             -0.87749999999999950262 0.0    Newton...             -0.85499999999999953815             -0.85499999999999953815 1
41.84.0.0225             -0.85499999999999953815 0.0    Newton...             -0.83249999999999957367             -0.83249999999999957367 1
41.85.0.0225             -0.83249999999999957367 0.0    Newton...             -0.80999999999999960920             -0.80999999999999960920 1
41.86.0.0225             -0.80999999999999960920 0.0    Newton...             -0.78749999999999964473             -0.78749999999999964473 1
41.87.0.0225             -0.78749999999999964473 0.0    Newton...             -0.76499999999999968026             -0.76499999999999968026 1
41.88.0.0225             -0.76499999999999968026 0.0    Newton...             -0.74249999999999971578             -0.74249999999999971578 1
41.89.0.0225             -0.74249999999999971578 0.0    Newton...             -0.71999999999999975131             -0.71999999999999975131 1
41.90.0.0225             -0.71999999999999975131 0.0    Newton...             -0.69749999999999978684             -0.69749999999999978684 1
41.91.0.0225             -0.69749999999999978684 0.0    Newton...             -0.67499999999999982236             -0.67499999999999982236 1
41.92.0.0225             -0.67499999999999982236 0.0    Newton...             -0.65249999999999985789             -0.65249999999999985789 1
41.93.0.0225             -0.65249999999999985789 0.0    Newton...             -0.62999999999999989342             -0.62999999999999989342 1
41.94.0.0225             -0.62999999999999989342 0.0    Newton...             -0.60749999999999992895             -0.60749999999999992895 1
41.95.0.0225             -0.60749999999999992895 0.0    Newton...             -0.58499999999999996447             -0.58499999999999996447 1
41.96.0.0225             -0.58499999999999996447 0.0    Newton...             -0.56250000000000000000             -0.56250000000000000000 1
41.97.0.0225             -0.56250000000000000000 0.0    Newton...             -0.54000000000000003553             -0.54000000000000003553 1
41.98.0.0225             -0.54000000000000003553 0.0    Newton...             -0.51750000000000007105             -0.51750000000000007105 1
41.99.0.0225             -0.51750000000000007105 0.0    Newton...             -0.49500000000000005107             -0.49500000000000005107 1
41.100.0.0225             -0.49500000000000005107 0.0    Newton...             -0.47250000000000003109             -0.47250000000000003109 1
41.101.0.0225             -0.47250000000000003109 0.0    Newton...             -0.45000000000000001110             -0.45000000000000001110 1
41.102.0.0225             -0.45000000000000001110 0.0    Newton...             -0.42749999999999999112             -0.42749999999999999112 1
41.103.0.0225             -0.42749999999999999112 0.0    Newton...             -0.40499999999999997113             -0.40499999999999997113 1
41.104.0.0225             -0.40499999999999997113 0.0    Newton...             -0.38249999999999995115             -0.38249999999999995115 1
41.105.0.0225             -0.38249999999999995115 0.0    Newton...             -0.35999999999999993117             -0.35999999999999993117 1
41.106.0.0225             -0.35999999999999993117 0.0    Newton...             -0.33749999999999991118             -0.33749999999999991118 1
41.107.0.0225             -0.33749999999999991118 0.0    Newton...             -0.31499999999999989120             -0.31499999999999989120 1
41.108.0.0225             -0.31499999999999989120 0.0    Newton...             -0.29249999999999987121             -0.29249999999999987121 1
41.109.0.0225             -0.29249999999999987121 0.0    Newton...             -0.26999999999999985123             -0.26999999999999985123 1
41.110.0.0225             -0.26999999999999985123 0.0    Newton...             -0.24749999999999985900             -0.24749999999999985900 1
41.111.0.0225             -0.24749999999999985900 0.0    Newton...             -0.22499999999999986677             -0.22499999999999986677 1
41.112.0.0225             -0.22499999999999986677 0.0    Newton...             -0.20249999999999987454             -0.20249999999999987454 1
41.113.0.0225             -0.20249999999999987454 0.0    Newton...             -0.17999999999999988232             -0.17999999999999988232 1
41.114.0.0225             -0.17999999999999988232 0.0    Newton...             -0.15749999999999989009             -0.15749999999999989009 1
41.115.0.0225             -0.15749999999999989009 0.0    Newton...             -0.13499999999999989786             -0.13499999999999989786 1
41.116.0.0225             -0.13499999999999989786 0.0    Newton...             -0.11249999999999990563             -0.11249999999999990563 1
41.117.0.0225             -0.11249999999999990563 0.0    Newton...             -0.08999999999999991340             -0.08999999999999991340 1
41.118.0.0225             -0.08999999999999991340 0.0    Newton...             -0.06749999999999992117             -0.06749999999999992117 1
41.119.0.0225             -0.06749999999999992117 0.0    Newton...             -0.04499999999999992201             -0.04499999999999992201 1
41.120.0.0225             -0.04499999999999992201 0.0    Newton...             -0.02249999999999992284             -0.02249999999999992284 1
41.121.0.0225             -0.02249999999999992284 0.0    Newton...              0.00000000000000007633              0.00000000000000007633 1
Displacement Control Analysis: DONE!
Task Duration = 1 sec
