-0.221543 -4.77914e-05
-0.218857 -4.72171e-05
-0.215972 -4.66003e-05
-0.213089 -4.59836e-05
-0.237629 -5.12948e-05
-0.194263 -4.20213e-05
-0.150656 -3.26965e-05
-0.107044 -2.33708e-05
-0.0634328 -1.4045e-05
-0.00973838 -2.56308e-06
0.187853 6.97926e-05
0.132602 0.000187941
0.0773389 0.000306114
0.0220757 0.000424288
0 0.000536491
0 0.000428206
0 0.000319975
0 0.000211743
0 0.000103512
-0.0107935 -2.77733e-06
-0.0634393 -1.40376e-05
-0.107049 -2.33653e-05
-0.150659 -3.26929e-05
-0.194269 -4.20205e-05
-0.237878 -5.1349e-05
-0.194267 -4.20232e-05
-0.150655 -3.26974e-05
-0.107044 -2.33716e-05
-0.0634321 -1.40458e-05
-0.0107377 -2.77779e-06
0 0.000103519
0 0.000211749
0 0.000319978
0 0.000428208
0 0.000536436
0 0.000428205
0 0.000319974
0 0.000211742
0 0.000103511
-0.0107932 -2.77824e-06
-0.0634386 -1.40385e-05
-0.107048 -2.33661e-05
-0.150658 -3.26937e-05
-0.194268 -4.20213e-05
-0.237878 -5.1349e-05
-0.281345 -6.08384e-05
-0.324787 -7.03561e-05
-0.368204 -7.99023e-05
-0.411596 -8.94773e-05
-0.454962 -9.90814e-05
-0.411351 -8.97557e-05
-0.367739 -8.04299e-05
-0.324128 -7.11041e-05
-0.280516 -6.17783e-05
-0.236905 -5.24525e-05
-0.193293 -4.31267e-05
-0.149682 -3.3801e-05
-0.10607 -2.44752e-05
-0.0624589 -1.51494e-05
-0.00740889 -3.37763e-06
0 0.000103519
0 0.000211748
0 0.000319977
0 0.000428207
0 0.000536436
0 0.000644504
0 0.000752543
0 0.000860554
0 0.000968536
0 0.00107649
0 0.000968258
0 0.000860027
0 0.000751795
0 0.000643564
0 0.000535333
0 0.000427101
0 0.00031887
0 0.000210639
0 0.000102408
-0.0104423 -3.94494e-06
-0.0625122 -1.5089e-05
-0.106118 -2.44215e-05
-0.149723 -3.3754e-05
-0.193329 -4.30865e-05
-0.236934 -5.2419e-05
-0.28054 -6.17515e-05
-0.324146 -7.10839e-05
-0.367751 -8.04164e-05
-0.411357 -8.97489e-05
-0.454962 -9.90814e-05
-0.411351 -8.97557e-05
-0.367739 -8.04299e-05
-0.324128 -7.11041e-05
-0.280516 -6.17783e-05
-0.236905 -5.24525e-05
-0.193293 -4.31267e-05
-0.149682 -3.3801e-05
-0.10607 -2.44752e-05
-0.0624589 -1.51494e-05
-0.0100619 -3.94494e-06
0 0.000102468
0 0.000210693
0 0.000318917
0 0.000427142
0 0.000535366
0 0.000643591
0 0.000751815
0 0.00086004
0 0.000968265
0 0.00107649
0 0.000968258
0 0.000860027
0 0.000751795
0 0.000643564
0 0.000535333
0 0.000427101
0 0.00031887
0 0.000210639
0 0.000102408
-0.0104423 -3.94494e-06
-0.0625122 -1.5089e-05
-0.106118 -2.44215e-05
-0.149723 -3.3754e-05
-0.193329 -4.30865e-05
-0.236934 -5.2419e-05
-0.28054 -6.17515e-05
-0.324146 -7.10839e-05
-0.367751 -8.04164e-05
-0.411357 -8.97489e-05
-0.454962 -9.90814e-05
-0.498302 -0.000108715
-0.541616 -0.000118378
-0.584904 -0.000128071
-0.628165 -0.000137794
-0.671399 -0.000147547
-0.627788 -0.000138222
-0.584177 -0.000128896
-0.540565 -0.00011957
-0.496954 -0.000110244
-0.453342 -0.000100919
-0.409731 -9.15927e-05
-0.366119 -8.2267e-05
-0.322508 -7.29412e-05
-0.278896 -6.36154e-05
-0.235285 -5.42896e-05
-0.191673 -4.49638e-05
-0.148062 -3.5638e-05
-0.10445 -2.63123e-05
-0.0608388 -1.69865e-05
-0.00451822 -4.94301e-06
0 0.000102468
0 0.000210693
0 0.000318917
0 0.000427142
0 0.000535366
0 0.000643591
0 0.000751815
0 0.00086004
0 0.000968265
0 0.00107649
0 0.00118441
0 0.00129231
0 0.00140017
0 0.001508
0 0.00161581
0 0.00150758
0 0.00139935
0 0.00129111
0 0.00118288
0 0.00107465
0 0.000966421
0 0.000858189
0 0.000749958
0 0.000641727
0 0.000533496
0 0.000425264
0 0.000317033
0 0.000208802
0 0.000100571
-0.0100228 -5.85749e-06
-0.0610186 -1.67826e-05
-0.104617 -2.61229e-05
-0.148216 -3.54633e-05
-0.191815 -4.48036e-05
-0.235413 -5.4144e-05
-0.279012 -6.34843e-05
-0.32261 -7.28247e-05
-0.366209 -8.2165e-05
-0.409808 -9.15053e-05
-0.453406 -0.000100846
-0.497005 -0.000110186
-0.540604 -0.000119526
-0.584202 -0.000128867
-0.627801 -0.000138207
-0.671399 -0.000147547
-0.627788 -0.000138222
-0.584177 -0.000128896
-0.540565 -0.00011957
-0.496954 -0.000110244
-0.453342 -0.000100919
-0.409731 -9.15927e-05
-0.366119 -8.2267e-05
-0.322508 -7.29412e-05
-0.278896 -6.36154e-05
-0.235285 -5.42896e-05
-0.191673 -4.49638e-05
-0.148062 -3.5638e-05
-0.10445 -2.63123e-05
-0.0608388 -1.69865e-05
-0.00879471 -5.85749e-06
0 0.000100774
0 0.000208991
0 0.000317208
0 0.000425425
0 0.000533641
0 0.000641858
0 0.000750075
0 0.000858291
0 0.000966508
0 0.00107472
0 0.00118294
0 0.00129116
0 0.00139937
0 0.00150759
0 0.00161581
0 0.00150758
0 0.00139935
0 0.00129111
0 0.00118288
0 0.00107465
0 0.000966421
0 0.000858189
0 0.000749958
0 0.000641727
0 0.000533496
0 0.000425264
0 0.000317033
0 0.000208802
0 0.000100571
-0.0100228 -5.85749e-06
-0.0610186 -1.67826e-05
-0.104617 -2.61229e-05
-0.148216 -3.54633e-05
-0.191815 -4.48036e-05
-0.235413 -5.4144e-05
-0.279012 -6.34843e-05
-0.32261 -7.28247e-05
-0.366209 -8.2165e-05
-0.409808 -9.15053e-05
-0.453406 -0.000100846
-0.497005 -0.000110186
-0.540604 -0.000119526
-0.584202 -0.000128867
-0.627801 -0.000138207
-0.671399 -0.000147547
-0.714607 -0.000157332
-0.757786 -0.000167147
-0.800939 -0.000176994
-0.844063 -0.000186872
-0.887159 -0.000196782
-0.930227 -0.000206724
-0.973266 -0.000216699
-1.01628 -0.000226707
-1.05926 -0.000236748
-1.10221 -0.000246822
-1.0586 -0.000237497
-1.01498 -0.000228171
-0.971373 -0.000218845
-0.927762 -0.000209519
-0.88415 -0.000200193
-0.840539 -0.000190868
-0.796928 -0.000181542
-0.753316 -0.000172216
-0.709705 -0.00016289
-0.666093 -0.000153565
-0.622482 -0.000144239
-0.57887 -0.000134913
-0.535259 -0.000125587
-0.491647 -0.000116261
-0.448036 -0.000106936
-0.404424 -9.76099e-05
-0.360813 -8.82841e-05
-0.317201 -7.89583e-05
-0.27359 -6.96325e-05
-0.229978 -6.03068e-05
-0.186367 -5.0981e-05
-0.142755 -4.16552e-05
-0.0991439 -3.23294e-05
-0.0555324 -2.30036e-05
0 -7.44222e-06
0 0.000100774
0 0.000208991
0 0.000317208
0 0.000425425
0 0.000533641
0 0.000641858
0 0.000750075
0 0.000858291
0 0.000966508
0 0.00107472
0 0.00118294
0 0.00129116
0 0.00139937
0 0.00150759
0 0.00161581
0 0.00172358
0 0.00183132
0 0.00193903
0 0.00204671
0 0.00215436
0 0.00226197
0 0.00236956
0 0.00247711
0 0.00258462
0 0.0026921
0 0.00258387
0 0.00247564
0 0.00236741
0 0.00225918
0 0.00215095
0 0.00204272
0 0.00193448
0 0.00182625
0 0.00171802
0 0.00160979
0 0.00150156
0 0.00139333
0 0.0012851
0 0.00117687
0 0.00106863
0 0.000960404
0 0.000852172
0 0.000743941
0 0.00063571
0 0.000527478
0 0.000419247
0 0.000311016
0 0.000202785
0 9.45534e-05
-0.00943069 -1.19812e-05
-0.0568521 -2.21722e-05
-0.0998584 -3.14144e-05
-0.143511 -4.07954e-05
-0.18709 -5.01607e-05
-0.230667 -5.95256e-05
-0.274244 -6.88904e-05
-0.317821 -7.82553e-05
-0.361398 -8.76201e-05
-0.404975 -9.69849e-05
-0.448552 -0.00010635
-0.492129 -0.000115715
-0.535706 -0.000125079
-0.579283 -0.000134444
-0.62286 -0.000143809
-0.666438 -0.000153174
-0.710015 -0.000162539
-0.753592 -0.000171904
-0.797169 -0.000181269
-0.840746 -0.000190633
-0.884323 -0.000199998
-0.9279 -0.000209363
-0.971477 -0.000218728
-1.01505 -0.000228093
-1.05863 -0.000237458
-1.10221 -0.000246822
-1.0586 -0.000237497
-1.01498 -0.000228171
-0.971373 -0.000218845
-0.927762 -0.000209519
-0.88415 -0.000200193
-0.840539 -0.000190868
-0.796928 -0.000181542
-0.753316 -0.000172216
-0.709705 -0.00016289
-0.666093 -0.000153565
-0.622482 -0.000144239
-0.57887 -0.000134913
-0.535259 -0.000125587
-0.491647 -0.000116261
-0.448036 -0.000106936
-0.404424 -9.76099e-05
-0.360813 -8.82841e-05
-0.317201 -7.89583e-05
-0.27359 -6.96325e-05
-0.229978 -6.03068e-05
-0.186367 -5.0981e-05
-0.142755 -4.16552e-05
-0.0991439 -3.23294e-05
-0.0555324 -2.30036e-05
-0.00471534 -1.19812e-05
0 9.53369e-05
0 0.000203755
0 0.000311888
0 0.000420068
0 0.00052826
0 0.000636452
0 0.000744644
0 0.000852836
0 0.000961029
0 0.00106922
0 0.00117741
0 0.00128561
0 0.0013938
0 0.00150199
0 0.00161018
0 0.00171837
0 0.00182657
0 0.00193476
0 0.00204295
0 0.00215114
0 0.00225934
0 0.00236753
0 0.00247572
0 0.00258391
0 0.0026921
0 0.00258387
0 0.00247564
0 0.00236741
0 0.00225918
0 0.00215095
0 0.00204272
0 0.00193448
0 0.00182625
0 0.00171802
0 0.00160979
0 0.00150156
0 0.00139333
0 0.0012851
0 0.00117687
0 0.00106863
0 0.000960404
0 0.000852172
0 0.000743941
0 0.00063571
0 0.000527478
0 0.000419247
0 0.000311016
0 0.000202785
0 9.45534e-05
-0.00943069 -1.19812e-05
-0.0568521 -2.21722e-05
-0.0998584 -3.14144e-05
-0.143511 -4.07954e-05
-0.18709 -5.01607e-05
-0.230667 -5.95256e-05
-0.274244 -6.88904e-05
-0.317821 -7.82553e-05
-0.361398 -8.76201e-05
-0.404975 -9.69849e-05
-0.448552 -0.00010635
-0.492129 -0.000115715
-0.535706 -0.000125079
-0.579283 -0.000134444
-0.62286 -0.000143809
-0.666438 -0.000153174
-0.710015 -0.000162539
-0.753592 -0.000171904
-0.797169 -0.000181269
-0.840746 -0.000190633
-0.884323 -0.000199998
-0.9279 -0.000209363
-0.971477 -0.000218728
-1.01505 -0.000228093
-1.05863 -0.000237458
-1.10221 -0.000246822
-1.14513 -0.000256931
-1.18802 -0.000267073
-1.23088 -0.000277251
-1.27371 -0.000287463
-1.31651 -0.00029771
-1.35928 -0.000307993
-1.40201 -0.000318312
-1.41507 -0.000321474
-1.41806 -0.000322199
-1.42101 -0.000322914
-1.42397 -0.00032363
-1.42692 -0.000324346
-1.42987 -0.000325062
-1.38626 -0.000315737
-1.34265 -0.000306411
-1.29903 -0.000297085
-1.25542 -0.000287759
-1.21181 -0.000278433
-1.1682 -0.000269108
-1.12459 -0.000259782
-1.08098 -0.000250456
-1.03737 -0.00024113
-0.993754 -0.000231805
-0.950143 -0.000222479
-0.906532 -0.000213153
-0.86292 -0.000203827
-0.819309 -0.000194501
-0.775697 -0.000185176
-0.732086 -0.00017585
-0.688474 -0.000166524
-0.644863 -0.000157198
-0.601251 -0.000147873
-0.55764 -0.000138547
-0.514028 -0.000129221
-0.470417 -0.000119895
-0.426805 -0.000110569
-0.383194 -0.000101244
-0.339582 -9.19178e-05
-0.295971 -8.2592e-05
-0.252359 -7.32663e-05
-0.208748 -6.39405e-05
-0.165136 -5.46147e-05
-0.121525 -4.52889e-05
-0.0779134 -3.59631e-05
-0.034302 -2.66374e-05
0 -1.39893e-05
0 5.4647e-05
0 0.000111619
0 0.00016967
0 0.00022836
0 0.000287137
0 0.000345916
0 0.000404695
0 0.000463473
0 0.000522252
0 0.00058103
0 0.000686533
0 0.000794725
0 0.000902917
0 0.00101111
0 0.0011193
0 0.00122749
0 0.00133569
0 0.00144388
0 0.00155207
0 0.00166026
0 0.00176845
0 0.00187665
0 0.00198484
0 0.00209303
0 0.00220122
0 0.00230942
0 0.00241761
0 0.0025258
0 0.00263399
0 0.00274218
0 0.00285038
0 0.00295857
0 0.00306676
0 0.00317495
0 0.00328315
0 0.00339086
0 0.00350069
0 0.00361755
0 0.00373441
0 0.00385127
0 0.00396812
0 0.00408498
0 0.00420184
0 0.0040936
0 0.00398537
0 0.00387714
0 0.00376891
0 0.00366068
0 0.00355245
0 0.00344422
0 0.00333598
0 0.00322775
0 0.00311952
0 0.00301129
0 0.00290306
0 0.00279483
0 0.0026866
0 0.00257837
0 0.00247013
0 0.0023619
0 0.00225367
0 0.00214544
0 0.00203721
0 0.00192898
0 0.00182075
0 0.00171252
0 0.00160428
0 0.00149605
0 0.00138782
0 0.00128014
0 0.00121723
0 0.00115845
0 0.00109967
0 0.00104089
0 0.000982112
0 0.000923334
0 0.000864555
0 0.000805777
0 0.000746998
0 0.000688219
0 0.000629441
0 0.000570662
0 0.000511884
0 0.000453105
0 0.000394327
0 0.000335548
0 0.00027677
0 0.000217991
0 0.000159213
0 0.000100434
0 4.16557e-05
-0.000283246 -1.68016e-05
-0.0438368 -2.61931e-05
-0.0873904 -3.55845e-05
-0.130944 -4.49759e-05
-0.174498 -5.43674e-05
-0.218051 -6.37588e-05
-0.261605 -7.31502e-05
-0.305158 -8.25417e-05
-0.348712 -9.19331e-05
-0.392265 -0.000101325
-0.435819 -0.000110716
-0.479373 -0.000120107
-0.522926 -0.000129499
-0.56648 -0.00013889
-0.610033 -0.000148282
-0.653587 -0.000157673
-0.697141 -0.000167065
-0.740694 -0.000176456
-0.784248 -0.000185847
-0.827801 -0.000195239
-0.871355 -0.00020463
-0.914908 -0.000214022
-0.958462 -0.000223413
-1.00202 -0.000232805
-1.04557 -0.000242196
-1.08912 -0.000251587
-1.13268 -0.000260979
-1.15572 -0.000265947
-1.11211 -0.000256621
-1.06849 -0.000247296
-1.02488 -0.00023797
-0.981272 -0.000228644
-0.93766 -0.000219318
-0.894049 -0.000209993
-0.850437 -0.000200667
-0.806826 -0.000191341
-0.763214 -0.000182015
-0.719603 -0.000172689
-0.675991 -0.000163364
-0.63238 -0.000154038
-0.588768 -0.000144712
-0.545157 -0.000135386
-0.501545 -0.00012606
-0.457934 -0.000116735
-0.414322 -0.000107409
-0.370711 -9.80831e-05
-0.327099 -8.87574e-05
-0.283488 -7.94316e-05
-0.239876 -7.01058e-05
-0.196265 -6.078e-05
-0.152654 -5.14542e-05
-0.109042 -4.21284e-05
-0.0654306 -3.28027e-05
-0.0218191 -2.34769e-05
0 1.05601e-05
0 6.93386e-05
0 0.000128117
0 0.000186896
0 0.000245674
0 0.000304453
0 0.000363231
0 0.00042201
0 0.000480788
0 0.000539567
0 0.000598345
0 0.000657124
0 0.000715902
0 0.000774681
0 0.000833459
0 0.000892238
0 0.000951017
0 0.0010098
0 0.00106857
0 0.00112735
0 0.00118613
0 0.00124491
0 0.00130369
0 0.0013934
0 0.00150159
0 0.00160977
0 0.00171796
0 0.00182615
0 0.00193433
0 0.00204252
0 0.00215071
0 0.00225889
0 0.00236708
0 0.00247526
0 0.00258345
0 0.00269164
0 0.00279982
0 0.00290801
0 0.0030162
0 0.00312438
0 0.00323257
0 0.00334076
0 0.00344894
0 0.00355713
0 0.00366532
0 0.0037735
0 0.00388169
0 0.00398988
0 0.00409806
0 0.0042066
0 0.00409837
0 0.00399014
0 0.00388191
0 0.00377368
0 0.00366545
0 0.00355722
0 0.00344899
0 0.00334075
0 0.00323252
0 0.00312429
0 0.00301606
0 0.00290783
0 0.0027996
0 0.00269137
0 0.00258314
0 0.0024749
0 0.00236667
0 0.00225844
0 0.00215021
0 0.00204198
0 0.00193375
0 0.00182552
0 0.00171729
0 0.00160905
0 0.00150082
0 0.00139259
0 0.00130592
0 0.00124714
0 0.00118836
0 0.00112959
0 0.00107081
0 0.00101203
0 0.00095325
0 0.000894471
0 0.000835693
0 0.000776914
0 0.000718136
0 0.000659357
0 0.000600579
0 0.0005418
0 0.000483022
0 0.000424243
0 0.000365465
0 0.000306686
0 0.000247908
0 0.000189129
0 0.000130351
0 7.15721e-05
0 1.27935e-05
-0.0216695 -2.14131e-05
-0.0652231 -3.08046e-05
-0.108777 -4.0196e-05
-0.15233 -4.95874e-05
-0.195884 -5.89789e-05
-0.239437 -6.83703e-05
-0.282991 -7.77617e-05
-0.326545 -8.71532e-05
-0.370098 -9.65446e-05
-0.413652 -0.000105936
-0.457205 -0.000115327
-0.500759 -0.000124719
-0.544312 -0.00013411
-0.587866 -0.000143502
-0.63142 -0.000152893
-0.674973 -0.000162285
-0.718527 -0.000171676
-0.76208 -0.000181067
-0.805634 -0.000190459
-0.849188 -0.00019985
-0.892741 -0.000209242
-0.936295 -0.000218633
-0.979848 -0.000228025
-1.0234 -0.000237416
-1.06696 -0.000246808
-1.11051 -0.000256199
-1.15393 -0.000265562
-1.15691 -0.000266205
-1.1599 -0.000266849
-1.16289 -0.000267493
-1.16587 -0.000268137
-1.16886 -0.000268781
-1.17184 -0.000269424
-1.17483 -0.000270068
-1.17781 -0.000270712
-1.1808 -0.000271356
-1.18379 -0.000272
-1.18677 -0.000272643
-1.18976 -0.000273287
-1.14615 -0.000263961
-1.10253 -0.000254636
-1.05892 -0.00024531
-1.01531 -0.000235984
-0.9717 -0.000226658
-0.928089 -0.000217333
-0.884477 -0.000208007
-0.840866 -0.000198681
-0.797254 -0.000189355
-0.753643 -0.000180029
-0.710031 -0.000170704
-0.66642 -0.000161378
-0.622808 -0.000152052
-0.579197 -0.000142726
-0.535585 -0.000133401
-0.491974 -0.000124075
-0.448362 -0.000114749
-0.404751 -0.000105423
-0.361139 -9.60974e-05
-0.317528 -8.67716e-05
-0.273917 -7.74458e-05
-0.230305 -6.812e-05
-0.186694 -5.87943e-05
-0.143082 -4.94685e-05
-0.0994706 -4.01427e-05
-0.0558591 -3.08169e-05
-0.0122476 -2.14911e-05
0 2.33993e-05
0 8.21779e-05
0 0.000140956
0 0.000199735
0 0.000258513
0 0.000317292
0 0.00037607
0 0.000434849
0 0.000493628
0 0.000552406
0 0.000611185
0 0.000669963
0 0.000728742
0 0.00078752
0 0.000846299
0 0.000905077
0 0.000963856
0 0.00102263
0 0.00108141
0 0.00114019
0 0.00119897
0 0.00125775
0 0.00131653
0 0.00137531
0 0.00143408
0 0.00149286
0 0.00155164
0 0.00161042
0 0.0016692
0 0.00172798
0 0.00178676
0 0.00184553
0 0.00190431
0 0.00196309
0 0.00202187
0 0.00208065
0 0.00213943
0 0.0021982
0 0.00225698
0 0.00231576
0 0.00237454
0 0.00243332
0 0.0024921
0 0.00255088
0 0.00260965
0 0.00268857
0 0.00279676
0 0.00290495
0 0.00301313
0 0.00312132
0 0.00322951
0 0.00333769
0 0.00344588
0 0.00355407
0 0.00366225
0 0.00377044
0 0.00387863
0 0.00398681
0 0.004095
0 0.00420319
0 0.00431982
0 0.00443674
0 0.00455365
0 0.00467057
0 0.00478748
0 0.0049044
0 0.00502131
0 0.00513823
0 0.00525514
0 0.00537206
0 0.00548897
0 0.00560589
0 0.0057228
0 0.00561457
0 0.00550634
0 0.00539811
0 0.00528988
0 0.00518165
0 0.00507341
0 0.00496518
0 0.00485695
0 0.00474872
0 0.00464049
0 0.00453226
0 0.00442403
0 0.00431579
0 0.00420756
0 0.00409933
0 0.00402501
0 0.00396624
0 0.00390746
0 0.00384868
0 0.0037899
0 0.00373112
0 0.00367234
0 0.00361356
0 0.00355479
0 0.00349601
0 0.00343723
0 0.00337845
0 0.00331967
0 0.00326089
0 0.00320211
0 0.00314334
0 0.00308456
0 0.00302578
0 0.002967
0 0.00290822
0 0.00284944
0 0.00279066
0 0.00273189
0 0.00267311
0 0.00261433
0 0.00255555
0 0.00249677
0 0.00243799
0 0.00237922
0 0.00232044
0 0.00226166
0 0.00220288
0 0.0021441
0 0.00208532
0 0.00202654
0 0.00196777
0 0.00190899
0 0.00185021
0 0.00179143
0 0.00173265
0 0.00167387
0 0.00161509
0 0.00155632
0 0.00149754
0 0.00143876
0 0.00137998
0 0.0013212
0 0.00126242
0 0.00120364
0 0.00114487
0 0.00108609
0 0.00102731
0 0.00096853
0 0.000909752
0 0.000850973
0 0.000792195
0 0.000733416
0 0.000674638
0 0.000615859
0 0.000557081
0 0.000498302
0 0.000439524
0 0.000380745
0 0.000321967
0 0.000263188
0 0.00020441
0 0.000145631
0 8.68526e-05
0 2.8074e-05
-0.010347 -1.89717e-05
-0.0539005 -2.83631e-05
-0.0974541 -3.77545e-05
-0.141008 -4.7146e-05
-0.184561 -5.65374e-05
-0.228115 -6.59288e-05
-0.271668 -7.53203e-05
-0.315222 -8.47117e-05
-0.358776 -9.41031e-05
-0.402329 -0.000103495
-0.445883 -0.000112886
-0.489436 -0.000122277
-0.53299 -0.000131669
-0.576544 -0.00014106
-0.618117 -0.000150025
-0.621103 -0.000150669
-0.577492 -0.000141343
-0.53388 -0.000132017
-0.490269 -0.000122691
-0.446657 -0.000113366
-0.403046 -0.00010404
-0.359434 -9.47139e-05
-0.315823 -8.53882e-05
-0.272211 -7.60624e-05
-0.2286 -6.67366e-05
-0.184988 -5.74108e-05
-0.141377 -4.8085e-05
-0.0977654 -3.87593e-05
-0.0541539 -2.94335e-05
-0.0105424 -2.01077e-05
0 2.67164e-05
0 8.54949e-05
0 0.000144273
0 0.000203052
0 0.00026183
0 0.000320609
0 0.000379388
0 0.000438166
0 0.000496945
0 0.000555723
0 0.000614502
0 0.00067328
0 0.000732059
0 0.000790837
0 0.000849616
0 0.000908394
0 0.000967173
0 0.00102595
0 0.00108473
0 0.00114351
0 0.00120229
0 0.00126107
0 0.00131984
0 0.00137862
0 0.0014374
0 0.00149618
0 0.00155496
0 0.00161374
0 0.00167252
0 0.00173129
0 0.00179007
0 0.00184885
0 0.00190763
0 0.00196641
0 0.00202519
0 0.00208396
0 0.00214274
0 0.00220152
0 0.0022603
0 0.00231908
0 0.00237786
0 0.00243664
0 0.00249541
0 0.00255419
0 0.00261297
0 0.00267175
0 0.00273053
0 0.00278931
0 0.00284809
0 0.00290686
0 0.00296564
0 0.00302442
0 0.0030832
0 0.00314198
0 0.00320076
0 0.00325954
0 0.00331831
0 0.00337709
0 0.00343587
0 0.00349465
0 0.00355343
0 0.00361221
0 0.00367098
0 0.00372976
0 0.00378854
0 0.00384732
0 0.0039061
0 0.00396488
0 0.00402366
0 0.00408243
0 0.00414121
0 0.00421734
0 0.00432553
0 0.00443372
0 0.0045419
0 0.00465009
0 0.00475828
0 0.00486646
0 0.00497465
0 0.00508284
0 0.00519102
0 0.00529921
0 0.0054074
0 0.00551558
0 0.00562377
0 0.00573269
0 0.00562446
0 0.00551623
0 0.005408
0 0.00529977
0 0.00519154
0 0.00508331
0 0.00497508
0 0.00486684
0 0.00475861
0 0.00465038
0 0.00454215
0 0.00443392
0 0.00432569
0 0.00421746
0 0.00414585
0 0.00408707
0 0.00402829
0 0.00396951
0 0.00391073
0 0.00385195
0 0.00379317
0 0.0037344
0 0.00367562
0 0.00361684
0 0.00355806
0 0.00349928
0 0.0034405
0 0.00338172
0 0.00332295
0 0.00326417
0 0.00320539
0 0.00314661
0 0.00308783
0 0.00302905
0 0.00297028
0 0.0029115
0 0.00285272
0 0.00279394
0 0.00273516
0 0.00267638
0 0.0026176
0 0.00255883
0 0.00250005
0 0.00244127
0 0.00238249
0 0.00232371
0 0.00226493
0 0.00220615
0 0.00214738
0 0.0020886
0 0.00202982
0 0.00197104
0 0.00191226
0 0.00185348
0 0.0017947
0 0.00173593
0 0.00167715
0 0.00161837
0 0.00155959
0 0.00150081
0 0.00144203
0 0.00138326
0 0.00132448
0 0.0012657
0 0.00120692
0 0.00114814
0 0.00108936
0 0.00103058
0 0.000971805
0 0.000913027
0 0.000854248
0 0.00079547
0 0.000736691
0 0.000677913
0 0.000619134
0 0.000560356
0 0.000501577
0 0.000442799
0 0.00038402
0 0.000325242
0 0.000266463
0 0.000207685
0 0.000148906
0 9.01275e-05
0 3.1349e-05
-0.00792031 -1.84484e-05
-0.0514739 -2.78398e-05
-0.0950275 -3.72313e-05
-0.138581 -4.66227e-05
-0.182135 -5.60141e-05
-0.225688 -6.54056e-05
-0.269242 -7.4797e-05
-0.312795 -8.41884e-05
-0.356349 -9.35799e-05
-0.399903 -0.000102971
-0.443456 -0.000112363
-0.48701 -0.000121754
-0.530563 -0.000131146
-0.574117 -0.000140537
-0.617393 -0.000149869
-0.620379 -0.000150512
-0.623364 -0.000151156
-0.62635 -0.0001518
-0.629336 -0.000152444
-0.632322 -0.000153088
-0.635307 -0.000153731
-0.638293 -0.000154375
-0.641279 -0.000155019
-0.644264 -0.000155663
-0.64725 -0.000156307
-0.650236 -0.000156951
-0.653222 -0.000157594
-0.656207 -0.000158238
-0.659193 -0.000158882
-0.662179 -0.000159526
-0.665165 -0.00016017
-0.668451 -0.000160878
-0.674928 -0.000162275
-0.681405 -0.000163671
-0.687881 -0.000165068
-0.694358 -0.000166465
-0.700835 -0.000167861
-0.707311 -0.000169258
-0.713788 -0.000170654
-0.720265 -0.000172051
-0.673899 -0.000162136
-0.627534 -0.000152221
-0.581168 -0.000142307
-0.534803 -0.000132392
-0.488438 -0.000122477
-0.442072 -0.000112563
-0.395707 -0.000102648
-0.349341 -9.27334e-05
-0.302976 -8.28187e-05
-0.257999 -7.32009e-05
-0.214387 -6.38751e-05
-0.170776 -5.45493e-05
-0.127164 -4.52235e-05
-0.0835528 -3.58977e-05
-0.0399413 -2.65719e-05
0 -1.57332e-05
0 4.69095e-05
0 0.000104665
0 0.000163256
0 0.00022203
0 0.000280808
0 0.000339587
0 0.000398365
0 0.000457144
0 0.000515922
0 0.000574701
0 0.000633479
0 0.000692258
0 0.000751036
0 0.000809815
0 0.000868593
0 0.000927372
0 0.00098615
0 0.00104493
0 0.00110371
0 0.00116249
0 0.00122126
0 0.00128004
0 0.00133882
0 0.0013976
0 0.00145638
0 0.00151516
0 0.00157394
0 0.00163271
0 0.00169149
0 0.00175027
0 0.00180905
0 0.00186783
0 0.00192631
0 0.00198447
0 0.00204263
0 0.00210079
0 0.00215895
0 0.00221711
0 0.00227528
0 0.00233344
0 0.0023916
0 0.00244976
0 0.00250792
0 0.00256608
0 0.00262424
0 0.00268241
0 0.00274057
0 0.00279873
0 0.00285689
0 0.00291505
0 0.00297321
0 0.00303138
0 0.00308954
0 0.0031477
0 0.00320586
0 0.00326402
0 0.00332218
0 0.00338034
0 0.00343851
0 0.00349667
0 0.00355483
0 0.00361299
0 0.00367115
0 0.00372931
0 0.00378747
0 0.00384564
0 0.0039038
0 0.00396196
0 0.00399717
0 0.00402026
0 0.00404335
0 0.00406643
0 0.00408952
0 0.0041126
0 0.00413569
0 0.00415877
0 0.00418186
0 0.00420495
0 0.00422803
0 0.00425112
0 0.0042742
0 0.00429729
0 0.00432037
0 0.00434346
0 0.00436655
0 0.00438963
0 0.00441272
0 0.0044358
0 0.00445889
0 0.00448197
0 0.00450506
0 0.00452815
0 0.00455123
0 0.00457432
0 0.0045974
0 0.00462049
0 0.00464357
0 0.00466666
0 0.00469075
0 0.00479833
0 0.00490592
0 0.0050135
0 0.00512109
0 0.00522868
0 0.00533626
0 0.00544385
0 0.00555143
0 0.00565902
0 0.00576953
0 0.0058864
0 0.00600327
0 0.00612014
0 0.00623701
0 0.00635388
0 0.00647075
0 0.00658762
0 0.00670449
0 0.00682136
0 0.00693823
0 0.0070551
0 0.00717197
0 0.00728884
0 0.00740571
0 0.00752258
0 0.00763945
0 0.00775569
0 0.00787176
0 0.00798783
0 0.00810389
0 0.00821996
0 0.00833603
0 0.0084521
0 0.00856817
0 0.00868424
0 0.00857659
0 0.00846895
0 0.00836131
0 0.00825367
0 0.00814602
0 0.00803838
0 0.00793074
0 0.0078231
0 0.00771545
0 0.00760781
0 0.00749976
0 0.00739153
0 0.0073197
0 0.00726093
0 0.00720215
0 0.00714337
0 0.00708459
0 0.00702581
0 0.00696703
0 0.00690825
0 0.00684948
0 0.0067907
0 0.00673192
0 0.00667314
0 0.00661436
0 0.00655558
0 0.0064968
0 0.00643803
0 0.00637925
0 0.00632047
0 0.00626169
0 0.00620291
0 0.00614413
0 0.00608536
0 0.00602658
0 0.0059678
0 0.00590902
0 0.00585024
0 0.00579146
0 0.00573268
0 0.00567391
0 0.00561513
0 0.00555635
0 0.00549757
0 0.00543879
0 0.00538001
0 0.00532123
0 0.00526246
0 0.00520368
0 0.0051449
0 0.00508612
0 0.00502705
0 0.0049675
0 0.00490795
0 0.0048484
0 0.00478885
0 0.0047293
0 0.00466976
0 0.00461021
0 0.00455066
0 0.00449111
0 0.00443156
0 0.00437201
0 0.00431247
0 0.00425292
0 0.00419337
0 0.00413382
0 0.00407427
0 0.00401472
0 0.00395518
0 0.00389563
0 0.00383608
0 0.00377653
0 0.00371698
0 0.00365744
0 0.00359789
0 0.00353834
0 0.00347879
0 0.00341924
0 0.00335969
0 0.00330015
0 0.0032406
0 0.00318105
0 0.0031215
0 0.00306195
0 0.0030024
0 0.00294286
0 0.00286751
0 0.00277297
0 0.00267843
0 0.00258389
0 0.00248935
0 0.00239482
0 0.00230028
0 0.00220574
0 0.0021112
0 0.00201666
0 0.00192212
0 0.00182758
0 0.00173304
0 0.00163851
0 0.00154397
0 0.00144943
0 0.00135489
0 0.00126035
0 0.00116581
0 0.00107127
0 0.000976735
0 0.000882196
0 0.000787657
0 0.000693118
0 0.00059858
0 0.000504041
0 0.000409502
0 0.000314964
0 0.000220425
0 0.000125886
0 3.13475e-05
-0.0227762 -2.16518e-05
-0.0399482 -2.53546e-05
-0.0563874 -2.88993e-05
-0.0728266 -3.24441e-05
-0.0892658 -3.59889e-05
-0.105705 -3.95337e-05
-0.122144 -4.30784e-05
-0.138583 -4.66232e-05
-0.155023 -5.0168e-05
-0.171462 -5.37128e-05
-0.187901 -5.72575e-05
-0.20434 -6.08023e-05
-0.220779 -6.43471e-05
-0.237219 -6.78919e-05
-0.253658 -7.14367e-05
-0.270097 -7.49814e-05
-0.286536 -7.85262e-05
-0.302976 -8.2071e-05
-0.319415 -8.56158e-05
-0.335854 -8.91605e-05
-0.352293 -9.27053e-05
-0.368732 -9.62501e-05
-0.385626 -9.98929e-05
-0.405525 -0.000104184
-0.425424 -0.000108475
-0.445323 -0.000112765
-0.465222 -0.000117056
-0.485121 -0.000121347
-0.50502 -0.000125638
-0.52492 -0.000129929
-0.544819 -0.000134219
-0.560875 -0.000137682
-0.51451 -0.000127767
-0.468144 -0.000117852
-0.421779 -0.000107938
-0.375413 -9.8023e-05
-0.329048 -8.81083e-05
-0.282683 -7.81936e-05
-0.236317 -6.8279e-05
-0.189952 -5.83643e-05
-0.143586 -4.84496e-05
-0.0972209 -3.85349e-05
-0.0530606 -2.90918e-05
-0.00944917 -1.9766e-05
0 2.82977e-05
0 8.70763e-05
0 0.000145855
0 0.000204633
0 0.000263412
0 0.00032219
0 0.000380969
0 0.000439747
0 0.000498526
0 0.000557304
0 0.000616083
0 0.000674862
0 0.00073364
0 0.000792419
0 0.000851197
0 0.000909976
0 0.000968754
0 0.00102753
0 0.00108631
0 0.00114509
0 0.00120387
0 0.00126265
0 0.00132143
0 0.0013802
0 0.00143898
0 0.00149776
0 0.00155654
0 0.00161532
0 0.0016741
0 0.00173287
0 0.00179165
0 0.00185043
0 0.00190921
0 0.00196799
0 0.00202677
0 0.00208555
0 0.00214432
0 0.0022031
0 0.00226188
0 0.0023204
0 0.00237843
0 0.00243646
0 0.00249448
0 0.00255251
0 0.00261054
0 0.00266857
0 0.0027266
0 0.00278463
0 0.00284266
0 0.00290068
0 0.00295871
0 0.00301674
0 0.00307477
0 0.0031328
0 0.00319083
0 0.00324886
0 0.00330688
0 0.00336491
0 0.00342294
0 0.00348097
0 0.003539
0 0.00359703
0 0.00365506
0 0.00371308
0 0.00377111
0 0.00382914
0 0.00388717
0 0.0039452
0 0.00400323
0 0.00406126
0 0.00411928
0 0.00417731
0 0.00423534
0 0.00429337
0 0.0043514
0 0.00439442
0 0.00441745
0 0.00444047
0 0.0044635
0 0.00448653
0 0.00450956
0 0.00453258
0 0.00455561
0 0.00457864
0 0.00460166
0 0.00462469
0 0.00464772
0 0.00467074
0 0.00469377
0 0.0047168
0 0.00473983
0 0.00476285
0 0.00478588
0 0.00480891
0 0.00483193
0 0.00485496
0 0.00487799
0 0.00490102
0 0.00492404
0 0.00494707
0 0.0049701
0 0.00499312
0 0.00501615
0 0.00503918
0 0.00506221
0 0.00508523
0 0.00515614
0 0.00527018
0 0.00538422
0 0.00549826
0 0.00561229
0 0.00572633
0 0.00584037
0 0.00595441
0 0.00606845
0 0.00618249
0 0.00629653
0 0.00641057
0 0.00652461
0 0.00663864
0 0.00675268
0 0.00686672
0 0.00698076
0 0.0070948
0 0.00720884
0 0.00732288
0 0.00743692
0 0.00755096
0 0.00766482
0 0.00777811
0 0.0078914
0 0.0080047
0 0.00811799
0 0.00823129
0 0.00834458
0 0.00845788
0 0.00857117
0 0.00868447
0 0.00857683
0 0.00846918
0 0.00836154
0 0.0082539
0 0.00814626
0 0.00803861
0 0.00793097
0 0.00782333
0 0.00771569
0 0.00760805
0 0.0075
0 0.00739177
0 0.00732119
0 0.00726241
0 0.00720363
0 0.00714486
0 0.00708608
0 0.0070273
0 0.00696852
0 0.00690974
0 0.00685096
0 0.00679218
0 0.00673341
0 0.00667463
0 0.00661585
0 0.00655707
0 0.00649829
0 0.00643951
0 0.00638073
0 0.00632196
0 0.00626318
0 0.0062044
0 0.00614562
0 0.00608684
0 0.00602806
0 0.00596928
0 0.00591051
0 0.00585173
0 0.00579295
0 0.00573417
0 0.00567539
0 0.00561661
0 0.00555784
0 0.00549906
0 0.00544028
0 0.0053815
0 0.00532272
0 0.00526394
0 0.00520516
0 0.00514639
0 0.00508761
0 0.00502855
0 0.004969
0 0.00490945
0 0.0048499
0 0.00479035
0 0.0047308
0 0.00467125
0 0.0046117
0 0.00455216
0 0.00449261
0 0.00443306
0 0.00437351
0 0.00431396
0 0.00425441
0 0.00419486
0 0.00413531
0 0.00407576
0 0.00401621
0 0.00395666
0 0.00389711
0 0.00383756
0 0.00377802
0 0.00371847
0 0.00365892
0 0.00359937
0 0.00353982
0 0.00348027
0 0.00342072
0 0.00336117
0 0.00330162
0 0.00324207
0 0.00318252
0 0.00312297
0 0.00306343
0 0.00300388
0 0.00294433
0 0.00286975
0 0.00277521
0 0.00268067
0 0.00258613
0 0.00249159
0 0.00239705
0 0.00230252
0 0.00220798
0 0.00211344
0 0.0020189
0 0.00192436
0 0.00182982
0 0.00173528
0 0.00164074
0 0.0015462
0 0.00145166
0 0.00135712
0 0.00126259
0 0.00116805
0 0.00107351
0 0.000978968
0 0.000884429
0 0.00078989
0 0.000695351
0 0.000600812
0 0.000506273
0 0.000411734
0 0.000317194
0 0.000222655
0 0.000128116
0 3.35771e-05
-0.021683 -2.14161e-05
-0.0379567 -2.49251e-05
-0.0543325 -2.84562e-05
-0.0707079 -3.19873e-05
-0.0870833 -3.55183e-05
-0.103459 -3.90493e-05
-0.119834 -4.25803e-05
-0.136209 -4.61113e-05
-0.152585 -4.96423e-05
-0.16896 -5.31733e-05
-0.185335 -5.67043e-05
-0.201711 -6.02353e-05
-0.218086 -6.37663e-05
-0.234462 -6.72974e-05
-0.250837 -7.08284e-05
-0.267212 -7.43594e-05
-0.283588 -7.78904e-05
-0.299963 -8.14214e-05
-0.316338 -8.49524e-05
-0.332714 -8.84834e-05
-0.349089 -9.20144e-05
-0.365465 -9.55454e-05
-0.382339 -9.91842e-05
-0.402176 -0.000103462
-0.422012 -0.000107739
-0.441849 -0.000112016
-0.461685 -0.000116294
-0.481522 -0.000120571
-0.501359 -0.000124848
-0.521195 -0.000129126
-0.541032 -0.000133403
-0.560868 -0.00013768
-0.567791 -0.000139173
-0.574714 -0.000140666
-0.581637 -0.000142159
-0.58856 -0.000143651
-0.595483 -0.000145144
-0.602406 -0.000146637
-0.609329 -0.00014813
-0.616252 -0.000149623
-0.623175 -0.000151115
-0.630099 -0.000152608
-0.637022 -0.000154101
-0.643945 -0.000155594
-0.650868 -0.000157087
-0.657791 -0.00015858
-0.664714 -0.000160072
-0.671637 -0.000161565
-0.67856 -0.000163058
-0.685483 -0.000164551
-0.692406 -0.000166044
-0.699329 -0.000167536
-0.706252 -0.000169029
-0.713175 -0.000170522
-0.720098 -0.000172015
-0.727021 -0.000173508
-0.733945 -0.000175001
-0.687579 -0.000165086
-0.641214 -0.000155171
-0.594848 -0.000145257
-0.548483 -0.000135342
-0.502117 -0.000125427
-0.455752 -0.000115512
-0.409386 -0.000105598
-0.363021 -9.56831e-05
-0.316656 -8.57684e-05
-0.27029 -7.58537e-05
-0.223925 -6.59391e-05
-0.177559 -5.60244e-05
-0.131194 -4.61097e-05
-0.0848284 -3.6195e-05
-0.038463 -2.62803e-05
0 -8.03736e-06
0 5.07412e-05
0 0.00010952
0 0.000168298
0 0.000227077
0 0.000285855
0 0.000344634
0 0.000403412
0 0.000462191
0 0.000520969
0 0.000579748
0 0.000638526
0 0.000697305
0 0.000756083
0 0.000814862
0 0.000873641
0 0.000932419
0 0.000991198
0 0.00104998
0 0.00110875
0 0.00116753
0 0.00122631
0 0.00128509
0 0.00134387
0 0.00140265
0 0.00146143
0 0.0015202
0 0.00157898
0 0.00163776
0 0.00169654
0 0.00175532
0 0.0018141
0 0.00187288
0 0.00193165
0 0.00199043
0 0.00204199
0 0.00209156
0 0.00214113
0 0.00219069
0 0.00224026
0 0.00228983
0 0.0023394
0 0.00238897
0 0.00243853
0 0.0024881
0 0.00253767
0 0.00258724
0 0.00263681
0 0.00268637
0 0.00273594
0 0.00278551
0 0.00283508
0 0.00288465
0 0.00293421
0 0.00298378
0 0.00303335
0 0.00308292
0 0.00313249
0 0.00318205
0 0.00323162
0 0.00328119
0 0.00333076
0 0.00338033
0 0.0034299
0 0.00347946
0 0.00352903
0 0.0035786
0 0.00362817
0 0.00367774
0 0.0037273
0 0.00377687
0 0.00382644
0 0.00387601
0 0.00392558
0 0.00397514
0 0.00402471
0 0.00407428
0 0.00412385
0 0.00417342
0 0.00419875
0 0.00422233
0 0.00424591
0 0.00426948
0 0.00429306
0 0.00431664
0 0.00434021
0 0.00436379
0 0.00438737
0 0.00441095
0 0.00443452
0 0.0044581
0 0.00448168
0 0.00450525
0 0.00452883
0 0.00455241
0 0.00457599
0 0.00459956
0 0.00462314
0 0.00464672
0 0.0046703
0 0.00469147
0 0.00471056
0 0.00472966
0 0.00474876
0 0.00476786
0 0.00478696
0 0.00480605
0 0.00482515
0 0.00484425
0 0.00486335
0 0.00488245
0 0.00490155
0 0.00492064
0 0.00493974
0 0.00495884
0 0.00497794
0 0.00499704
0 0.00501613
0 0.00503523
0 0.00505433
0 0.00507343
0 0.00509253
0 0.00511391
0 0.00515731
0 0.0052007
0 0.00524409
0 0.00528748
0 0.00533087
0 0.00537427
0 0.00541766
0 0.00546105
0 0.00551332
0 0.00562736
0 0.00574139
0 0.00585543
0 0.00596947
0 0.0060835
0 0.00619754
0 0.00631158
0 0.00642561
0 0.00653965
0 0.00665369
0 0.00676772
0 0.00688176
0 0.0069958
0 0.00710983
0 0.00722387
0 0.00733791
0 0.00745194
0 0.00756598
0 0.00767963
0 0.00779292
0 0.00790621
0 0.0080195
0 0.00813279
0 0.00824608
0 0.00835937
0 0.00847265
0 0.00858594
0 0.00869959
0 0.00881565
0 0.00893172
0 0.00904778
0 0.00916384
0 0.0092799
0 0.00939596
0 0.00951202
0 0.00962808
0 0.00974414
0 0.00986021
0 0.00997627
0 0.0100923
0 0.0102084
0 0.0103245
0 0.0104405
0 0.0105566
0 0.0106726
0 0.0107887
0 0.0109048
0 0.0110208
0 0.0111369
0 0.0112529
0 0.011369
0 0.0114851
0 0.0116011
0 0.0114935
0 0.0113858
0 0.0112782
0 0.0111706
0 0.0110629
0 0.0109553
0 0.0108476
0 0.01074
0 0.0106323
0 0.0105247
0 0.0104171
0 0.0103094
0 0.0102018
0 0.0100941
0 0.0100179
0 0.00995911
0 0.00990033
0 0.00984155
0 0.00978278
0 0.009724
0 0.00966522
0 0.00960644
0 0.00954766
0 0.00948888
0 0.0094301
0 0.00937133
0 0.00931255
0 0.00925377
0 0.00919499
0 0.00913621
0 0.00907743
0 0.00901865
0 0.00895988
0 0.0089011
0 0.00884232
0 0.00878354
0 0.00872476
0 0.00866598
0 0.00860721
0 0.00854843
0 0.00848965
0 0.00843087
0 0.00837209
0 0.00831331
0 0.00825453
0 0.00819576
0 0.00813698
0 0.0080782
0 0.00801942
0 0.00796064
0 0.00790186
0 0.007838
0 0.00776996
0 0.00770192
0 0.00763388
0 0.00756585
0 0.00749781
0 0.00742977
0 0.00736173
0 0.00729369
0 0.00722566
0 0.00715762
0 0.00708958
0 0.00702154
0 0.0069535
0 0.00688547
0 0.00681743
0 0.00674939
0 0.00668135
0 0.00661331
0 0.00654527
0 0.00647724
0 0.0064092
0 0.00634116
0 0.00627312
0 0.00620508
0 0.00613705
0 0.00606901
0 0.00600097
0 0.00593293
0 0.00586489
0 0.00579686
0 0.00572882
0 0.00566078
0 0.00559274
0 0.0055247
0 0.00545667
0 0.00538863
0 0.00532059
0 0.00525255
0 0.00518451
0 0.00511648
0 0.00504844
0 0.0049804
0 0.00491236
0 0.00482766
0 0.00473366
0 0.00463966
0 0.00454566
0 0.00445166
0 0.00435766
0 0.00426367
0 0.00416967
0 0.00407567
0 0.00398167
0 0.00388767
0 0.00379367
0 0.00369967
0 0.00360568
0 0.00351168
0 0.00341768
0 0.00332368
0 0.00322968
0 0.00313568
0 0.00304169
0 0.00294769
0 0.00285369
0 0.00275969
0 0.00266569
0 0.0025685
0 0.00247002
0 0.00237154
0 0.00227306
0 0.00217458
0 0.00208381
0 0.00201749
0 0.00195116
0 0.00188483
0 0.0018185
0 0.00175217
0 0.00168584
0 0.00161952
0 0.00155319
0 0.00148686
0 0.00142053
0 0.0013542
0 0.00128788
0 0.00122155
0 0.00115522
0 0.00108889
0 0.00102256
0 0.000956236
0 0.000889908
0 0.00082358
0 0.000757252
0 0.000690924
0 0.000624596
0 0.000558268
0 0.00049194
0 0.000425612
0 0.000359284
0 0.000292956
0 0.000226628
0 0.0001603
0 9.39716e-05
0 2.76436e-05
-0.00412658 -1.76304e-05
-0.0165997 -2.03199e-05
-0.0290727 -2.30095e-05
-0.0415458 -2.56991e-05
-0.0540189 -2.83886e-05
-0.066492 -3.10782e-05
-0.078965 -3.37677e-05
-0.0914381 -3.64573e-05
-0.10449 -3.92716e-05
-0.120518 -4.27279e-05
-0.136547 -4.61841e-05
-0.152576 -4.96404e-05
-0.168605 -5.30967e-05
-0.184633 -5.65529e-05
-0.200662 -6.00092e-05
-0.216691 -6.34655e-05
-0.23272 -6.69217e-05
-0.248748 -7.0378e-05
-0.264777 -7.38343e-05
-0.280806 -7.72905e-05
-0.296834 -8.07468e-05
-0.312863 -8.42031e-05
-0.328892 -8.76593e-05
-0.344921 -9.11156e-05
-0.360949 -9.45719e-05
-0.376978 -9.80281e-05
-0.393007 -0.000101484
-0.409036 -0.000104941
-0.425064 -0.000108397
-0.441093 -0.000111853
-0.457122 -0.000115309
-0.473151 -0.000118766
-0.489179 -0.000122222
-0.505208 -0.000125678
-0.521237 -0.000129135
-0.537265 -0.000132591
-0.553294 -0.000136047
-0.569323 -0.000139503
-0.585352 -0.00014296
-0.60138 -0.000146416
-0.617409 -0.000149872
-0.633438 -0.000153328
-0.649467 -0.000156785
-0.664322 -0.000159988
-0.617956 -0.000150073
-0.571591 -0.000140158
-0.525225 -0.000130244
-0.47886 -0.000120329
-0.432494 -0.000110414
-0.386129 -0.0001005
-0.339764 -9.0585e-05
-0.293398 -8.06703e-05
-0.247033 -7.07557e-05
-0.200667 -6.0841e-05
-0.154302 -5.09263e-05
-0.107936 -4.10116e-05
-0.0615709 -3.10969e-05
-0.0152055 -2.11823e-05
0 2.15715e-05
0 8.035e-05
0 0.000139129
0 0.000197907
0 0.000256686
0 0.000315464
0 0.000374243
0 0.000433021
0 0.0004918
0 0.000550578
0 0.000609357
0 0.000668135
0 0.000726914
0 0.000785692
0 0.000844471
0 0.000903249
0 0.000962028
0 0.00102081
0 0.00107958
0 0.00113836
0 0.00119714
0 0.00125592
0 0.0013147
0 0.00137348
0 0.00143226
0 0.00149103
0 0.00154981
0 0.00160859
0 0.00166737
0 0.00172615
0 0.00178493
0 0.00184371
0 0.00190248
0 0.00196126
0 0.00202004
0 0.00207882
0 0.0021376
0 0.0021915
0 0.00224103
0 0.00229056
0 0.00234009
0 0.00238962
0 0.00243916
0 0.00248869
0 0.00253822
0 0.00258775
0 0.00263728
0 0.00268682
0 0.00273635
0 0.00278588
0 0.00283541
0 0.00288494
0 0.00293448
0 0.00298401
0 0.00303354
0 0.00308307
0 0.0031326
0 0.00318214
0 0.00323167
0 0.0032812
0 0.00333073
0 0.00338026
0 0.0034298
0 0.00347933
0 0.00352886
0 0.00357839
0 0.00362792
0 0.00367746
0 0.00372699
0 0.00377652
0 0.00382605
0 0.00387558
0 0.00392512
0 0.00397465
0 0.00402418
0 0.00407371
0 0.00412324
0 0.00417278
0 0.00422231
0 0.00427184
0 0.00432137
0 0.00435441
0 0.00437797
0 0.00440154
0 0.0044251
0 0.00444866
0 0.00447223
0 0.00449579
0 0.00451935
0 0.00454292
0 0.00456648
0 0.00459005
0 0.00461361
0 0.00463717
0 0.00466074
0 0.0046843
0 0.00470786
0 0.00473143
0 0.00475499
0 0.00477855
0 0.00480212
0 0.00482568
0 0.00484924
0 0.00487281
0 0.00489637
0 0.00491638
0 0.00493546
0 0.00495454
0 0.00497362
0 0.0049927
0 0.00502282
0 0.00507412
0 0.00512542
0 0.00517672
0 0.00522802
0 0.00527931
0 0.00533061
0 0.00538191
0 0.00543321
0 0.00548451
0 0.00553581
0 0.00558711
0 0.00563841
0 0.00568971
0 0.00574101
0 0.00579231
0 0.00584361
0 0.0058949
0 0.0059462
0 0.0059975
0 0.0060488
0 0.0061001
0 0.0061514
0 0.0062027
0 0.006254
0 0.0063053
0 0.0063566
0 0.0064079
0 0.0064592
0 0.00651049
0 0.00656179
0 0.00661309
0 0.00668833
0 0.00680321
0 0.00691809
0 0.00703297
0 0.00714785
0 0.00726272
0 0.0073776
0 0.00749248
0 0.00760717
0 0.00772128
0 0.0078354
0 0.00794951
0 0.00806363
0 0.00817774
0 0.00829186
0 0.00840597
0 0.00852009
0 0.0086342
0 0.00874831
0 0.00886243
0 0.00897654
0 0.00909066
0 0.00920477
0 0.00931889
0 0.009433
0 0.00954712
0 0.00966123
0 0.00977535
0 0.00988946
0 0.0100036
0 0.0101177
0 0.0102318
0 0.0103459
0 0.01046
0 0.0105742
0 0.0106883
0 0.0108024
0 0.0109165
0 0.0110306
0 0.0111447
0 0.0112588
0 0.011373
0 0.0114871
0 0.0116012
0 0.0114935
0 0.0113859
0 0.0112783
0 0.0111706
0 0.011063
0 0.0109553
0 0.0108477
0 0.01074
0 0.0106324
0 0.0105248
0 0.0104171
0 0.0103095
0 0.0102018
0 0.0100942
0 0.0100182
0 0.00995946
0 0.00990068
0 0.0098419
0 0.00978313
0 0.00972435
0 0.00966557
0 0.00960679
0 0.00954801
0 0.00948923
0 0.00943045
0 0.00937168
0 0.0093129
0 0.00925412
0 0.00919534
0 0.00913656
0 0.00907778
0 0.009019
0 0.00896023
0 0.00890145
0 0.00884267
0 0.00878389
0 0.00872511
0 0.00866633
0 0.00860756
0 0.00854878
0 0.00849
0 0.00843122
0 0.00837244
0 0.00831366
0 0.00825488
0 0.00819611
0 0.00813733
0 0.00807855
0 0.00801977
0 0.00796099
0 0.00790221
0 0.00783839
0 0.00777036
0 0.00770232
0 0.00763428
0 0.00756624
0 0.0074982
0 0.00743016
0 0.00736213
0 0.00729409
0 0.00722605
0 0.00715801
0 0.00708997
0 0.00702194
0 0.0069539
0 0.00688586
0 0.00681782
0 0.00674978
0 0.00668174
0 0.00661371
0 0.00654567
0 0.00647763
0 0.00640959
0 0.00634155
0 0.00627352
0 0.00620548
0 0.00613744
0 0.0060694
0 0.00600136
0 0.00593332
0 0.00586529
0 0.00579725
0 0.00572921
0 0.00566117
0 0.00559313
0 0.0055251
0 0.00545706
0 0.00538902
0 0.00532098
0 0.00525294
0 0.0051849
0 0.00511687
0 0.00504883
0 0.00498079
0 0.00491275
0 0.00482818
0 0.00473418
0 0.00464018
0 0.00454618
0 0.00445219
0 0.00435819
0 0.00426419
0 0.00417019
0 0.00407619
0 0.00398219
0 0.00388819
0 0.0037942
0 0.0037002
0 0.0036062
0 0.0035122
0 0.0034182
0 0.0033242
0 0.00323021
0 0.00313621
0 0.00304221
0 0.00294821
0 0.00285421
0 0.00276021
0 0.00266621
0 0.00256909
0 0.00247061
0 0.00237213
0 0.00227365
0 0.00217517
0 0.00208567
0 0.00201938
0 0.00195309
0 0.00188679
0 0.0018205
0 0.00175421
0 0.00168791
0 0.00162162
0 0.00155533
0 0.00148903
0 0.00142274
0 0.00135645
0 0.00129015
0 0.00122386
0 0.00115757
0 0.00109127
0 0.00102498
0 0.000958688
0 0.000892395
0 0.000826102
0 0.000759808
0 0.000693515
0 0.000627222
0 0.000560929
0 0.000494635
0 0.000428342
0 0.000362049
0 0.000295756
0 0.000229463
0 0.000163169
0 9.68761e-05
0 3.05828e-05
-0.00356496 -1.75093e-05
-0.0160233 -2.01957e-05
-0.0284817 -2.2882e-05
-0.04094 -2.55684e-05
-0.0533984 -2.82548e-05
-0.0658567 -3.09412e-05
-0.0783151 -3.36276e-05
-0.0907734 -3.6314e-05
-0.10382 -3.91271e-05
-0.119834 -4.25803e-05
-0.135848 -4.60334e-05
-0.151862 -4.94866e-05
-0.167877 -5.29397e-05
-0.183891 -5.63929e-05
-0.199905 -5.9846e-05
-0.21592 -6.32992e-05
-0.231934 -6.67524e-05
-0.247948 -7.02055e-05
-0.263963 -7.36587e-05
-0.279977 -7.71118e-05
-0.295991 -8.0565e-05
-0.312006 -8.40181e-05
-0.32802 -8.74713e-05
-0.344034 -9.09244e-05
-0.360049 -9.43776e-05
-0.376063 -9.78308e-05
-0.392077 -0.000101284
-0.408091 -0.000104737
-0.424106 -0.00010819
-0.44012 -0.000111643
-0.456134 -0.000115097
-0.472149 -0.00011855
-0.488163 -0.000122003
-0.504177 -0.000125456
-0.520192 -0.000128909
-0.536206 -0.000132362
-0.55222 -0.000135815
-0.568235 -0.000139269
-0.584249 -0.000142722
-0.600263 -0.000146175
-0.616278 -0.000149628
-0.632292 -0.000153081
-0.648306 -0.000156534
-0.66432 -0.000159988
-0.671275 -0.000161487
-0.67823 -0.000162987
-0.685184 -0.000164486
-0.692139 -0.000165986
-0.699093 -0.000167486
-0.706048 -0.000168985
-0.713003 -0.000170485
-0.719957 -0.000171985
-0.726912 -0.000173484
-0.733867 -0.000174984
-0.740821 -0.000176483
-0.747776 -0.000177983
-0.75473 -0.000179483
-0.761685 -0.000180982
-0.76864 -0.000182482
-0.775594 -0.000183981
-0.782549 -0.000185481
-0.789503 -0.000186981
-0.796458 -0.00018848
-0.803413 -0.00018998
-0.810367 -0.00019148
-0.817322 -0.000192979
-0.824276 -0.000194479
-0.831231 -0.000195978
-0.838186 -0.000197478
-0.84514 -0.000198978
-0.852095 -0.000200477
-0.859049 -0.000201977
-0.866004 -0.000203476
-0.872959 -0.000204976
-0.879913 -0.000206476
-0.886868 -0.000207975
-0.893822 -0.000209475
-0.900777 -0.000210975
-0.907732 -0.000212474
-0.914686 -0.000213974
-0.921641 -0.000215473
-0.928595 -0.000216973
-0.93555 -0.000218473
-0.942505 -0.000219972
-0.949459 -0.000221472
-0.956414 -0.000222971
-0.963368 -0.000224471
-0.970323 -0.000225971
-0.977278 -0.00022747
-0.984232 -0.00022897
-0.991187 -0.00023047
-0.998141 -0.000231969
-1.0051 -0.000233469
-1.01205 -0.000234968
-0.965685 -0.000225054
-0.91932 -0.000215139
-0.872954 -0.000205224
-0.826589 -0.00019531
-0.780223 -0.000185395
-0.733858 -0.00017548
-0.687493 -0.000165566
-0.641127 -0.000155651
-0.594762 -0.000145736
-0.548396 -0.000135822
-0.502031 -0.000125907
-0.455665 -0.000115992
-0.4093 -0.000106078
-0.362934 -9.61628e-05
-0.316569 -8.62482e-05
-0.270204 -7.63335e-05
-0.223838 -6.64188e-05
-0.177473 -5.65041e-05
-0.131107 -4.65894e-05
-0.0847418 -3.66747e-05
-0.0383764 -2.67601e-05
0 -1.43261e-05
0 5.15422e-05
0 0.000109328
0 0.000167916
0 0.000226688
0 0.000285467
0 0.000344245
0 0.000403024
0 0.000461802
0 0.000520581
0 0.000579359
0 0.000638138
0 0.000696916
0 0.000755695
0 0.000814474
0 0.000873252
0 0.000932031
0 0.000990809
0 0.00104959
0 0.00110837
0 0.00116714
0 0.00122592
0 0.0012847
0 0.00134348
0 0.00140226
0 0.00146104
0 0.00151982
0 0.00156558
0 0.00160487
0 0.00164416
0 0.00168344
0 0.00172273
0 0.00176201
0 0.0018013
0 0.00184059
0 0.00187987
0 0.00191916
0 0.00195844
0 0.00199773
0 0.00203702
0 0.0020763
0 0.00211559
0 0.00215488
0 0.00219416
0 0.00223345
0 0.00227273
0 0.00231202
0 0.00235131
0 0.00239059
0 0.00242988
0 0.00246916
0 0.00250845
0 0.00254774
0 0.00258702
0 0.00262631
0 0.00266559
0 0.00270488
0 0.00274417
0 0.00278345
0 0.00282274
0 0.00286202
0 0.00290131
0 0.0029406
0 0.00297988
0 0.00301917
0 0.00305845
0 0.00309774
0 0.00313703
0 0.00317631
0 0.0032156
0 0.00325489
0 0.00329417
0 0.00333346
0 0.00337274
0 0.00341203
0 0.00345132
0 0.0034906
0 0.00352989
0 0.00356917
0 0.00360846
0 0.00364775
0 0.00368703
0 0.00372632
0 0.0037656
0 0.00380489
0 0.00384418
0 0.00388346
0 0.00390375
0 0.00392358
0 0.00394341
0 0.00396323
0 0.00398306
0 0.00400289
0 0.00402272
0 0.00404255
0 0.00406237
0 0.0040822
0 0.00410203
0 0.00412186
0 0.00414169
0 0.00416151
0 0.00418134
0 0.00420117
0 0.004221
0 0.00424083
0 0.00426065
0 0.00428048
0 0.00430031
0 0.00432014
0 0.00433997
0 0.00435979
0 0.00437962
0 0.00439945
0 0.00441928
0 0.00443911
0 0.00445893
0 0.00447876
0 0.00449859
0 0.00451842
0 0.00453825
0 0.00455807
0 0.0045779
0 0.00459773
0 0.00461756
0 0.00463739
0 0.00465721
0 0.00467704
0 0.00469687
0 0.0047167
0 0.00473653
0 0.00475635
0 0.00477618
0 0.00479601
0 0.00481584
0 0.00483567
0 0.00485549
0 0.00487532
0 0.00489515
0 0.00491498
0 0.00493481
0 0.00497866
0 0.00502591
0 0.00507316
0 0.00512041
0 0.00516766
0 0.00521491
0 0.00526216
0 0.00530942
0 0.00535667
0 0.00540392
0 0.00545117
0 0.00549842
0 0.00554567
0 0.00559292
0 0.00564017
0 0.00568742
0 0.00573467
0 0.00578192
0 0.00582917
0 0.00587642
0 0.00592367
0 0.00597093
0 0.00601818
0 0.00606543
0 0.00611268
0 0.00615993
0 0.00620718
0 0.00625443
0 0.00630168
0 0.00634893
0 0.00639618
0 0.00644343
0 0.00649068
0 0.00653793
0 0.00658518
0 0.00663243
0 0.00667969
0 0.00672694
0 0.00677419
0 0.00682144
0 0.00686869
0 0.00691594
0 0.00696319
0 0.00701044
0 0.00705527
0 0.00709804
0 0.00714082
0 0.00718359
0 0.00722636
0 0.00726914
0 0.00731191
0 0.00739325
0 0.00750813
0 0.0076226
0 0.00773671
0 0.00785082
0 0.00796494
0 0.00807905
0 0.00819317
0 0.00830728
0 0.00842139
0 0.00853551
0 0.00864962
0 0.00876373
0 0.00887785
0 0.00899196
0 0.00910607
0 0.00922019
0 0.0093343
0 0.00944841
0 0.00956253
0 0.00967664
0 0.00979075
0 0.00990487
0 0.010019
0 0.0101331
0 0.0102472
0 0.0103613
0 0.0104754
0 0.0105895
0 0.0107037
0 0.0108178
0 0.0109319
0 0.011046
0 0.0111601
0 0.0112742
0 0.0113883
0 0.0115025
0 0.0116168
0 0.0117329
0 0.0118489
0 0.011965
0 0.012081
0 0.0121971
0 0.0123132
0 0.0124292
0 0.0125453
0 0.0126613
0 0.0127774
0 0.0128934
0 0.0130095
0 0.0131255
0 0.0132416
0 0.0133576
0 0.0134737
0 0.0135898
0 0.0137058
0 0.0138219
0 0.0139379
0 0.014054
0 0.01417
0 0.0142861
0 0.0144021
0 0.0145182
0 0.0146342
0 0.0147503
0 0.0148663
0 0.0149824
0 0.0150985
0 0.0152145
0 0.0153306
0 0.0154466
0 0.0155627
0 0.0156787
0 0.0157948
0 0.0159108
0 0.0160269
0 0.0161429
0 0.016259
0 0.0163751
0 0.0164911
0 0.0166072
0 0.0167232
0 0.0168393
0 0.0169553
0 0.0170714
0 0.0171874
0 0.0173035
0 0.0174195
0 0.0173119
0 0.0172043
0 0.0170966
0 0.016989
0 0.0168813
0 0.0167737
0 0.016666
0 0.0165584
0 0.0164508
0 0.0163431
0 0.0162355
0 0.0161278
0 0.0160202
0 0.0159125
0 0.0158049
0 0.0156973
0 0.0155896
0 0.015482
0 0.0153743
0 0.0152667
0 0.0151924
0 0.0151336
0 0.0150748
0 0.015016
0 0.0149572
0 0.0148985
0 0.0148397
0 0.0147809
0 0.0147221
0 0.0146634
0 0.0146046
0 0.0145458
0 0.014487
0 0.0144282
0 0.0143695
0 0.0143107
0 0.0142519
0 0.0141931
0 0.0141344
0 0.0140756
0 0.0140168
0 0.013958
0 0.0138992
0 0.0138405
0 0.0137817
0 0.0137229
0 0.0136641
0 0.0136053
0 0.0135466
0 0.01348
0 0.0134017
0 0.0133234
0 0.0132451
0 0.0131668
0 0.0130885
0 0.0130102
0 0.0129319
0 0.0128536
0 0.0127753
0 0.012697
0 0.0126187
0 0.0125404
0 0.0124621
0 0.0123838
0 0.0123055
0 0.0122272
0 0.0121489
0 0.0120706
0 0.0119923
0 0.011914
0 0.0118357
0 0.0117574
0 0.0116791
0 0.0116008
0 0.0115225
0 0.0114442
0 0.0113659
0 0.0112876
0 0.0112093
0 0.0111351
0 0.011069
0 0.0110029
0 0.0109368
0 0.0108707
0 0.0108046
0 0.0107385
0 0.0106725
0 0.0106064
0 0.0105403
0 0.0104742
0 0.0104081
0 0.010342
0 0.0102759
0 0.0102098
0 0.0101438
0 0.0100777
0 0.0100116
0 0.00994549
0 0.00987941
0 0.00981332
0 0.00974723
0 0.00968114
0 0.00961506
0 0.00954897
0 0.00948288
0 0.00941679
0 0.00935071
0 0.00928462
0 0.00921853
0 0.00915244
0 0.00908635
0 0.00902027
0 0.00895418
0 0.00888809
0 0.00881805
0 0.00872865
0 0.00863925
0 0.00854985
0 0.00846045
0 0.00837105
0 0.00828165
0 0.00819225
0 0.00810285
0 0.00801345
0 0.00792405
0 0.00783465
0 0.00774525
0 0.00765585
0 0.00756645
0 0.00747705
0 0.00738765
0 0.00729825
0 0.00720885
0 0.00711945
0 0.00703005
0 0.00694064
0 0.00685124
0 0.00676184
0 0.00667244
0 0.00658304
0 0.00649364
0 0.00640424
0 0.00631484
0 0.00622544
0 0.00613604
0 0.00604664
0 0.00595724
0 0.00586784
0 0.00577844
0 0.00568904
0 0.00559964
0 0.00551024
0 0.00542084
0 0.00533144
0 0.00524204
0 0.00515264
0 0.00506324
0 0.00497384
0 0.00488444
0 0.00479504
0 0.00470564
0 0.00461624
0 0.00452684
0 0.00443744
0 0.00434804
0 0.00425864
0 0.00416924
0 0.00407984
0 0.00399044
0 0.00390104
0 0.00381164
0 0.00372224
0 0.00363284
0 0.00354344
0 0.00345404
0 0.00336463
0 0.00327523
0 0.00318583
0 0.00309643
0 0.00300703
0 0.00291763
0 0.00282823
0 0.00273883
0 0.00264943
0 0.00256003
0 0.00247063
0 0.00238123
0 0.00229183
0 0.00221581
0 0.00215288
0 0.00208996
0 0.00202703
0 0.0019641
0 0.00190118
0 0.00183825
0 0.00177533
0 0.0017124
0 0.00164947
0 0.00158655
0 0.00152362
0 0.0014607
0 0.00139777
0 0.00133484
0 0.00127192
0 0.00120899
0 0.00114607
0 0.00108314
0 0.00102021
0 0.000957289
0 0.000894363
0 0.000831437
0 0.000768511
0 0.000705585
0 0.000642659
0 0.000579733
0 0.000516807
0 0.000453881
0 0.000390955
0 0.000328029
0 0.000265103
0 0.000202177
0 0.000139251
0 7.63254e-05
0 1.33994e-05
-0.00649698 -1.81415e-05
-0.0189666 -2.08303e-05
-0.0314362 -2.35191e-05
-0.0439059 -2.62079e-05
-0.0563755 -2.88968e-05
-0.0688451 -3.15856e-05
-0.0813147 -3.42744e-05
-0.0937844 -3.69632e-05
-0.106254 -3.9652e-05
-0.118724 -4.23409e-05
-0.131193 -4.50297e-05
-0.143663 -4.77185e-05
-0.156133 -5.04073e-05
-0.168602 -5.30961e-05
-0.181072 -5.57849e-05
-0.193541 -5.84738e-05
-0.206011 -6.11626e-05
-0.218481 -6.38514e-05
-0.23095 -6.65402e-05
-0.24342 -6.9229e-05
-0.25589 -7.19179e-05
-0.268359 -7.46067e-05
-0.280829 -7.72955e-05
-0.293298 -7.99843e-05
-0.305768 -8.26731e-05
-0.318238 -8.53619e-05
-0.330707 -8.80508e-05
-0.343177 -9.07396e-05
-0.355647 -9.34284e-05
-0.368116 -9.61172e-05
-0.380586 -9.8806e-05
-0.393055 -0.000101495
-0.405525 -0.000104184
-0.417995 -0.000106872
-0.430464 -0.000109561
-0.442934 -0.00011225
-0.455404 -0.000114939
-0.467873 -0.000117628
-0.480343 -0.000120317
-0.492812 -0.000123005
-0.505282 -0.000125694
-0.517752 -0.000128383
-0.530221 -0.000131072
-0.542691 -0.000133761
-0.555161 -0.000136449
-0.56763 -0.000139138
-0.5801 -0.000141827
-0.592569 -0.000144516
-0.605039 -0.000147205
-0.617509 -0.000149894
-0.629978 -0.000152582
-0.642448 -0.000155271
-0.654918 -0.00015796
-0.667387 -0.000160649
-0.679857 -0.000163338
-0.692326 -0.000166026
-0.704796 -0.000168715
-0.717266 -0.000171404
-0.729735 -0.000174093
-0.742205 -0.000176782
-0.754675 -0.000179471
-0.767144 -0.000182159
-0.779614 -0.000184848
-0.792083 -0.000187537
-0.804553 -0.000190226
-0.817023 -0.000192915
-0.829492 -0.000195603
-0.841962 -0.000198292
-0.854432 -0.000200981
-0.866901 -0.00020367
-0.879371 -0.000206359
-0.89184 -0.000209048
-0.90431 -0.000211736
-0.91678 -0.000214425
-0.929249 -0.000217114
-0.940995 -0.000219647
-0.89463 -0.000209732
-0.848264 -0.000199817
-0.801899 -0.000189903
-0.755533 -0.000179988
-0.709168 -0.000170073
-0.662803 -0.000160159
-0.616437 -0.000150244
-0.570072 -0.000140329
-0.523706 -0.000130415
-0.477341 -0.0001205
-0.430975 -0.000110585
-0.38461 -0.000100671
-0.338245 -9.07559e-05
-0.291879 -8.08412e-05
-0.245514 -7.09265e-05
-0.199148 -6.10118e-05
-0.152783 -5.10972e-05
-0.106417 -4.11825e-05
-0.0600519 -3.12678e-05
-0.0136865 -2.13531e-05
0 2.30014e-05
0 8.178e-05
0 0.000140558
0 0.000199337
0 0.000258116
0 0.000316894
0 0.000375673
0 0.000434451
0 0.00049323
0 0.000552008
0 0.000610787
0 0.000669565
0 0.000728344
0 0.000787122
0 0.000845901
0 0.000904679
0 0.000963458
0 0.00102224
0 0.00108101
0 0.00113979
0 0.00119857
0 0.00125735
0 0.00131613
0 0.00137491
0 0.00143369
0 0.00149246
0 0.00155124
0 0.00161002
0 0.0016688
0 0.00172006
0 0.00175933
0 0.00179859
0 0.00183786
0 0.00187713
0 0.00191639
0 0.00195566
0 0.00199492
0 0.00203419
0 0.00207346
0 0.00211272
0 0.00215199
0 0.00219126
0 0.00223052
0 0.00226979
0 0.00230905
0 0.00234832
0 0.00238759
0 0.00242685
0 0.00246612
0 0.00250538
0 0.00254465
0 0.00258392
0 0.00262318
0 0.00266245
0 0.00270172
0 0.00274098
0 0.00278025
0 0.00281951
0 0.00285878
0 0.00290232
0 0.00295384
0 0.00300536
0 0.00305688
0 0.0031084
0 0.00315992
0 0.00321144
0 0.00326296
0 0.00331448
0 0.003366
0 0.00341753
0 0.00346905
0 0.00352057
0 0.00357209
0 0.00362361
0 0.00367513
0 0.00372665
0 0.00377817
0 0.00382969
0 0.00388121
0 0.00393273
0 0.00398425
0 0.00403577
0 0.0040873
0 0.00413882
0 0.00419034
0 0.00424186
0 0.00429338
0 0.0043449
0 0.00439642
0 0.00444794
0 0.00449946
0 0.00455098
0 0.0046025
0 0.00465402
0 0.00470224
0 0.00473043
0 0.00475863
0 0.00478682
0 0.00481501
0 0.0048432
0 0.0048714
0 0.00489959
0 0.00492778
0 0.00495597
0 0.00498416
0 0.00501236
0 0.00504055
0 0.00506874
0 0.00509693
0 0.00512513
0 0.00515332
0 0.00518151
0 0.0052097
0 0.00523789
0 0.00526609
0 0.00529428
0 0.00532247
0 0.00535066
0 0.00537886
0 0.00540705
0 0.00543524
0 0.00546343
0 0.00549162
0 0.00551982
0 0.00554801
0 0.0055762
0 0.00560439
0 0.00563259
0 0.00566078
0 0.00568897
0 0.00571716
0 0.00574536
0 0.00577355
0 0.00580174
0 0.00582993
0 0.00585812
0 0.00588632
0 0.00591451
0 0.0059427
0 0.00597089
0 0.00599909
0 0.00602728
0 0.00605547
0 0.00608366
0 0.00611185
0 0.00614005
0 0.00616824
0 0.00619643
0 0.00622462
0 0.00625282
0 0.00628101
0 0.0063092
0 0.00633739
0 0.00636559
0 0.00639378
0 0.00642197
0 0.00645016
0 0.00647835
0 0.00650655
0 0.00653474
0 0.00656293
0 0.00659112
0 0.00661932
0 0.00664751
0 0.0066757
0 0.00670389
0 0.00673208
0 0.00676028
0 0.00680023
0 0.00685489
0 0.00690956
0 0.00696422
0 0.00701888
0 0.00707354
0 0.0071282
0 0.00718286
0 0.00723752
0 0.00729218
0 0.00734684
0 0.0074015
0 0.00745616
0 0.00751082
0 0.00756548
0 0.00762015
0 0.00767481
0 0.00772947
0 0.00778413
0 0.00783879
0 0.00789345
0 0.00794811
0 0.00800277
0 0.00805743
0 0.00811209
0 0.00816675
0 0.00822141
0 0.00827607
0 0.00833074
0 0.0083854
0 0.00844006
0 0.00849472
0 0.00854938
0 0.00860404
0 0.0086587
0 0.00871336
0 0.00880377
0 0.00891865
0 0.00903352
0 0.0091484
0 0.00926328
0 0.00937816
0 0.00949303
0 0.00960791
0 0.00972279
0 0.00983767
0 0.00995254
0 0.0100674
0 0.0101823
0 0.0102972
0 0.0104121
0 0.0105269
0 0.0106418
0 0.0107567
0 0.0108716
0 0.0109864
0 0.0111013
0 0.0112162
0 0.0113311
0 0.0114459
0 0.0115608
0 0.0116757
0 0.0117906
0 0.0119055
0 0.0120203
0 0.0121352
0 0.0122501
0 0.012365
0 0.0124798
0 0.0125947
0 0.0127096
0 0.0128245
0 0.0129394
0 0.0130542
0 0.0131691
0 0.013284
0 0.0133989
0 0.0135137
0 0.0136286
0 0.0137435
0 0.0138584
0 0.0139732
0 0.0140881
0 0.014203
0 0.0143179
0 0.0144328
0 0.0145476
0 0.0146625
0 0.0147774
0 0.0148923
0 0.0150071
0 0.015122
0 0.0152369
0 0.0153518
0 0.0154667
0 0.0155815
0 0.0156964
0 0.0158113
0 0.0159262
0 0.016041
0 0.0161559
0 0.0162708
0 0.0163857
0 0.0165005
0 0.0166154
0 0.0167303
0 0.0168452
0 0.0169601
0 0.0170749
0 0.0171898
0 0.0173047
0 0.0174196
0 0.0173119
0 0.0172043
0 0.0170966
0 0.016989
0 0.0168814
0 0.0167737
0 0.0166661
0 0.0165584
0 0.0164508
0 0.0163431
0 0.0162355
0 0.0161279
0 0.0160202
0 0.0159126
0 0.0158049
0 0.0156973
0 0.0155896
0 0.015482
0 0.0153744
0 0.0152667
0 0.0151925
0 0.0151337
0 0.015075
0 0.0150162
0 0.0149574
0 0.0148986
0 0.0148399
0 0.0147811
0 0.0147223
0 0.0146635
0 0.0146047
0 0.014546
0 0.0144872
0 0.0144284
0 0.0143696
0 0.0143108
0 0.0142521
0 0.0141933
0 0.0141345
0 0.0140757
0 0.014017
0 0.0139582
0 0.0138994
0 0.0138406
0 0.0137818
0 0.0137231
0 0.0136643
0 0.0136055
0 0.0135467
0 0.0134802
0 0.0134019
0 0.0133236
0 0.0132453
0 0.013167
0 0.0130887
0 0.0130104
0 0.0129321
0 0.0128538
0 0.0127755
0 0.0126972
0 0.0126189
0 0.0125406
0 0.0124623
0 0.012384
0 0.0123057
0 0.0122274
0 0.0121491
0 0.0120708
0 0.0119925
0 0.0119142
0 0.0118359
0 0.0117576
0 0.0116793
0 0.011601
0 0.0115227
0 0.0114444
0 0.0113661
0 0.0112878
0 0.0112095
0 0.0111352
0 0.0110692
0 0.0110031
0 0.0109371
0 0.010871
0 0.0108049
0 0.0107389
0 0.0106728
0 0.0106067
0 0.0105407
0 0.0104746
0 0.0104086
0 0.0103425
0 0.0102764
0 0.0102104
0 0.0101443
0 0.0100782
0 0.0100122
0 0.00994612
0 0.00988005
0 0.00981399
0 0.00974793
0 0.00968186
0 0.0096158
0 0.00954974
0 0.00948368
0 0.00941761
0 0.00935155
0 0.00928549
0 0.00921942
0 0.00915336
0 0.0090873
0 0.00902124
0 0.00895517
0 0.00888911
0 0.00881945
0 0.00873007
0 0.00864069
0 0.00855131
0 0.00846192
0 0.00837254
0 0.00828316
0 0.00819378
0 0.0081044
0 0.00801502
0 0.00792563
0 0.00783625
0 0.00774687
0 0.00765749
0 0.00756811
0 0.00747872
0 0.00738934
0 0.00729996
0 0.00721058
0 0.0071212
0 0.00703181
0 0.00694243
0 0.00685305
0 0.00676367
0 0.00667429
0 0.00658491
0 0.00649552
0 0.00640614
0 0.00631676
0 0.00622738
0 0.006138
0 0.00604861
0 0.00595923
0 0.00586985
0 0.00578047
0 0.00569109
0 0.0056017
0 0.00551232
0 0.00542294
0 0.00533356
0 0.00524418
0 0.0051548
0 0.00506541
0 0.00497603
0 0.00488665
0 0.00479727
0 0.00470789
0 0.0046185
0 0.00452912
0 0.00443974
0 0.00435036
0 0.00426098
0 0.00417159
0 0.00408221
0 0.00399283
0 0.00390345
0 0.00381407
0 0.00372469
0 0.0036353
0 0.00354592
0 0.00345654
0 0.00336716
0 0.00327778
0 0.00318839
0 0.00309901
0 0.00300963
0 0.00292025
0 0.00283087
0 0.00274148
0 0.0026521
0 0.00256272
0 0.00247334
0 0.00238396
0 0.00229458
0 0.00221667
0 0.00215376
0 0.00209085
0 0.00202793
0 0.00196502
0 0.00190211
0 0.0018392
0 0.00177629
0 0.00171338
0 0.00165046
0 0.00158755
0 0.00152464
0 0.00146173
0 0.00139882
0 0.00133591
0 0.00127299
0 0.00121008
0 0.00114717
0 0.00108426
0 0.00102135
0 0.000958437
0 0.000895525
0 0.000832614
0 0.000769702
0 0.000706791
0 0.000643879
0 0.000580967
0 0.000518056
0 0.000455144
0 0.000392233
0 0.000329321
0 0.000266409
0 0.000203498
0 0.000140586
0 7.76745e-05
0 1.47629e-05
-0.00622237 -1.80823e-05
-0.018686 -2.07698e-05
-0.0311496 -2.34573e-05
-0.0436133 -2.61449e-05
-0.0560769 -2.88324e-05
-0.0685405 -3.15199e-05
-0.0810042 -3.42074e-05
-0.0934678 -3.6895e-05
-0.105931 -3.95825e-05
-0.118395 -4.227e-05
-0.130859 -4.49575e-05
-0.143322 -4.76451e-05
-0.155786 -5.03326e-05
-0.16825 -5.30201e-05
-0.180713 -5.57076e-05
-0.193177 -5.83952e-05
-0.205641 -6.10827e-05
-0.218104 -6.37702e-05
-0.230568 -6.64577e-05
-0.243031 -6.91453e-05
-0.255495 -7.18328e-05
-0.267959 -7.45203e-05
-0.280422 -7.72078e-05
-0.292886 -7.98954e-05
-0.30535 -8.25829e-05
-0.317813 -8.52704e-05
-0.330277 -8.7958e-05
-0.342741 -9.06455e-05
-0.355204 -9.3333e-05
-0.367668 -9.60205e-05
-0.380131 -9.87081e-05
-0.392595 -0.000101396
-0.405059 -0.000104083
-0.417522 -0.000106771
-0.429986 -0.000109458
-0.44245 -0.000112146
-0.454913 -0.000114833
-0.467377 -0.000117521
-0.47984 -0.000120208
-0.492304 -0.000122896
-0.504768 -0.000125583
-0.517231 -0.000128271
-0.529695 -0.000130958
-0.542159 -0.000133646
-0.554622 -0.000136333
-0.567086 -0.000139021
-0.57955 -0.000141708
-0.592013 -0.000144396
-0.604477 -0.000147084
-0.61694 -0.000149771
-0.629404 -0.000152459
-0.641868 -0.000155146
-0.654331 -0.000157834
-0.666795 -0.000160521
-0.679259 -0.000163209
-0.691722 -0.000165896
-0.704186 -0.000168584
-0.71665 -0.000171271
-0.729113 -0.000173959
-0.741577 -0.000176646
-0.75404 -0.000179334
-0.766504 -0.000182021
-0.778968 -0.000184709
-0.791431 -0.000187396
-0.803895 -0.000190084
-0.816359 -0.000192771
-0.828822 -0.000195459
-0.841286 -0.000198147
-0.85375 -0.000200834
-0.866213 -0.000203522
-0.878677 -0.000206209
-0.89114 -0.000208897
-0.903604 -0.000211584
-0.916068 -0.000214272
-0.928531 -0.000216959
-0.940995 -0.000219647
-0.947982 -0.000221153
-0.95497 -0.00022266
-0.961958 -0.000224167
-0.968945 -0.000225674
-0.975933 -0.00022718
-0.98292 -0.000228687
-0.989908 -0.000230194
-0.996895 -0.0002317
-1.00388 -0.000233207
-1.01087 -0.000234714
-1.01786 -0.000236221
-1.02485 -0.000237727
-1.03183 -0.000239234
-1.03882 -0.000240741
-1.04581 -0.000242247
-1.0528 -0.000243754
-1.05978 -0.000245261
-1.06677 -0.000246768
-1.07376 -0.000248274
-1.08075 -0.000249781
-1.08773 -0.000251288
-1.09472 -0.000252794
-1.10171 -0.000254301
-1.1087 -0.000255808
-1.11568 -0.000257315
-1.12267 -0.000258821
-1.12966 -0.000260328
-1.13665 -0.000261835
-1.14363 -0.000263342
-1.15062 -0.000264848
-1.15761 -0.000266355
-1.1646 -0.000267862
-1.17158 -0.000269368
-1.17857 -0.000270875
-1.18556 -0.000272382
-1.19255 -0.000273889
-1.19953 -0.000275395
-1.20652 -0.000276902
-1.21351 -0.000278409
-1.2205 -0.000279915
-1.22748 -0.000281422
-1.23447 -0.000282929
-1.24146 -0.000284436
-1.24845 -0.000285942
-1.25543 -0.000287449
-1.26242 -0.000288956
-1.26941 -0.000290462
-1.2764 -0.000291969
-1.28338 -0.000293476
-1.29037 -0.000294983
-1.29736 -0.000296489
-1.25099 -0.000286575
-1.20463 -0.00027666
-1.15826 -0.000266745
-1.1119 -0.000256831
-1.06553 -0.000246916
-1.01917 -0.000237001
-0.972801 -0.000227087
-0.926436 -0.000217172
-0.88007 -0.000207257
-0.833705 -0.000197342
-0.787339 -0.000187428
-0.740974 -0.000177513
-0.694608 -0.000167598
-0.648243 -0.000157684
-0.601877 -0.000147769
-0.555512 -0.000137854
-0.509147 -0.00012794
-0.462781 -0.000118025
-0.416416 -0.00010811
-0.37005 -9.81956e-05
-0.323685 -8.8281e-05
-0.277319 -7.83663e-05
-0.230954 -6.84516e-05
-0.184589 -5.85369e-05
-0.138223 -4.86222e-05
-0.0918577 -3.87075e-05
-0.0454923 -2.87929e-05
-0.000819711 -1.70941e-05
0 4.08206e-05
0 9.95991e-05
0 0.000158378
0 0.000217156
0 0.000275935
0 0.000334713
0 0.000393492
0 0.00045227
0 0.000511049
0 0.000569827
0 0.000628606
0 0.000687384
0 0.000746163
0 0.000804941
0 0.00086372
0 0.000922498
0 0.000981277
0 0.00104006
0 0.00108304
0 0.00111626
0 0.00114948
0 0.00118271
0 0.00121593
0 0.00124915
0 0.00128238
0 0.0013156
0 0.00134882
0 0.00138204
0 0.00141527
0 0.00144849
0 0.00148171
0 0.00151494
0 0.00154816
0 0.00158138
0 0.0016146
0 0.00164783
0 0.00168105
0 0.00171427
0 0.0017475
0 0.00178072
0 0.00181394
0 0.00184716
0 0.00188039
0 0.00191361
0 0.00194683
0 0.00198006
0 0.00201328
0 0.0020465
0 0.00207972
0 0.00211295
0 0.00214617
0 0.00217939
0 0.00221262
0 0.00224584
0 0.00227906
0 0.00231228
0 0.00234551
0 0.00237873
0 0.00241195
0 0.00244518
0 0.0024784
0 0.00251162
0 0.00254484
0 0.00257807
0 0.00261129
0 0.00264451
0 0.00267774
0 0.00271096
0 0.00274418
0 0.0027774
0 0.00281063
0 0.00285348
0 0.00289827
0 0.00294306
0 0.00298785
0 0.00303264
0 0.00307743
0 0.00312222
0 0.00316701
0 0.0032118
0 0.00325659
0 0.00330138
0 0.00334617
0 0.00339096
0 0.00343575
0 0.00348054
0 0.00352533
0 0.00357011
0 0.0036149
0 0.00365969
0 0.00370448
0 0.00374927
0 0.00379406
0 0.00383885
0 0.00388364
0 0.00392843
0 0.00397322
0 0.00401597
0 0.00404154
0 0.0040671
0 0.00409266
0 0.00411823
0 0.00414379
0 0.00416935
0 0.00419492
0 0.00422048
0 0.00424605
0 0.00427161
0 0.00429717
0 0.00432274
0 0.0043483
0 0.00437386
0 0.00439943
0 0.00442499
0 0.00445055
0 0.00447612
0 0.00450168
0 0.00452724
0 0.00455281
0 0.00457837
0 0.00460393
0 0.0046295
0 0.00465506
0 0.00468062
0 0.00470619
0 0.00473175
0 0.00475732
0 0.00478288
0 0.00480844
0 0.00483401
0 0.00485957
0 0.00488513
0 0.0049107
0 0.00493626
0 0.00496182
0 0.00498739
0 0.00501295
0 0.00503851
0 0.00506408
0 0.00508964
0 0.0051152
0 0.00514077
0 0.00516633
0 0.00519189
0 0.00521746
0 0.00524302
0 0.00526859
0 0.00529415
0 0.00531971
0 0.00534528
0 0.00537084
0 0.0053964
0 0.00542197
0 0.00544753
0 0.00547309
0 0.00549866
0 0.00552422
0 0.00554978
0 0.00557535
0 0.00560091
0 0.00562647
0 0.00565204
0 0.0056776
0 0.00570316
0 0.00572873
0 0.00575429
0 0.00577986
0 0.00580542
0 0.00583098
0 0.00585655
0 0.00588211
0 0.00590767
0 0.00593324
0 0.0059588
0 0.00598436
0 0.00600993
0 0.00603549
0 0.00606105
0 0.00608662
0 0.00611218
0 0.00613774
0 0.00616331
0 0.00618887
0 0.00621443
0 0.00624
0 0.00626556
0 0.00629113
0 0.00631669
0 0.00634225
0 0.00636782
0 0.00639338
0 0.00641894
0 0.00644451
0 0.00647007
0 0.00649563
0 0.0065212
0 0.00654676
0 0.00657232
0 0.00659789
0 0.00662345
0 0.00664901
0 0.00667458
0 0.00670014
0 0.0067257
0 0.00677412
0 0.00682504
0 0.00687596
0 0.00692687
0 0.00697779
0 0.00702871
0 0.00707962
0 0.00713054
0 0.00718146
0 0.00723238
0 0.00728329
0 0.00733421
0 0.00738513
0 0.00743604
0 0.00748696
0 0.00753788
0 0.0075888
0 0.00763971
0 0.00769063
0 0.00774155
0 0.00779247
0 0.00784338
0 0.0078943
0 0.00794522
0 0.00799613
0 0.00804705
0 0.00809797
0 0.00814889
0 0.0081998
0 0.00825072
0 0.00830164
0 0.00835255
0 0.00840347
0 0.00845439
0 0.00850531
0 0.00855622
0 0.00860714
0 0.00865806
0 0.00870898
0 0.00875989
0 0.00881081
0 0.00886173
0 0.00891264
0 0.00896356
0 0.00901448
0 0.0090654
0 0.00915635
0 0.00927123
0 0.00938611
0 0.00950099
0 0.00961586
0 0.00973074
0 0.00984562
0 0.0099605
0 0.0100754
0 0.0101903
0 0.0103051
0 0.01042
0 0.0105349
0 0.0106498
0 0.0107646
0 0.0108795
0 0.0109944
0 0.0111093
0 0.0112241
0 0.011339
0 0.0114539
0 0.0115688
0 0.0116837
0 0.0117985
0 0.0119134
0 0.0120283
0 0.0121432
0 0.012258
0 0.0123729
0 0.0124878
0 0.0126027
0 0.0127176
0 0.0128324
0 0.0129473
0 0.0130622
0 0.0131771
0 0.0132919
0 0.0134068
0 0.0135217
0 0.0136366
0 0.0137514
0 0.0138663
0 0.0139812
0 0.0140961
0 0.014211
0 0.0143258
0 0.0144407
0 0.0145556
0 0.0146705
0 0.0147853
0 0.0149002
0 0.0150151
0 0.01513
0 0.0152449
0 0.0153597
0 0.0154746
0 0.0155895
0 0.0157044
0 0.0158192
0 0.0159341
0 0.016049
0 0.0161639
0 0.0162788
0 0.0163936
0 0.0165085
0 0.0166234
0 0.0167383
0 0.0168531
0 0.016968
0 0.0170829
0 0.0171978
0 0.0173126
0 0.0174276
0 0.0175437
0 0.0176597
0 0.0177758
0 0.0178918
0 0.0180079
0 0.0181239
0 0.01824
0 0.018356
0 0.0184721
0 0.0185881
0 0.0187042
0 0.0188202
0 0.0189363
0 0.0190523
0 0.0191684
0 0.0192844
0 0.0194005
0 0.0195165
0 0.0196326
0 0.0197486
0 0.0198647
0 0.0199807
0 0.0200968
0 0.0202128
0 0.0203289
0 0.0204449
0 0.020561
0 0.020677
0 0.0207931
0 0.0209091
0 0.0210252
0 0.0211412
0 0.0212573
0 0.0213733
0 0.0214894
0 0.0216054
0 0.0217215
0 0.0218375
0 0.0219536
0 0.0220695
0 0.0221854
0 0.0223013
0 0.0224172
0 0.0225331
0 0.022649
0 0.0227649
0 0.0228808
0 0.0229967
0 0.0231126
0 0.0232285
0 0.0233444
0 0.0232368
0 0.0231291
0 0.0230215
0 0.0229138
0 0.0228062
0 0.0226985
0 0.0225909
0 0.0224833
0 0.0223756
0 0.022268
0 0.0221603
0 0.0220527
0 0.0219451
0 0.0218374
0 0.0217298
0 0.0216221
0 0.0215145
0 0.0214068
0 0.0212992
0 0.0211916
0 0.0210839
0 0.0209763
0 0.0208686
0 0.020761
0 0.0206533
0 0.0205457
0 0.0204381
0 0.0203691
0 0.0203103
0 0.0202515
0 0.0201927
0 0.0201339
0 0.0200752
0 0.0200164
0 0.0199576
0 0.0198988
0 0.0198401
0 0.0197813
0 0.0197225
0 0.0196637
0 0.0196049
0 0.0195462
0 0.0194874
0 0.0194286
0 0.0193698
0 0.019311
0 0.0192523
0 0.0191687
0 0.0190843
0 0.019
0 0.0189157
0 0.0188313
0 0.018747
0 0.0186626
0 0.0185783
0 0.0184939
0 0.0184096
0 0.0183253
0 0.0182409
0 0.0181566
0 0.0180722
0 0.0179879
0 0.0179035
0 0.0178192
0 0.0177348
0 0.0176505
0 0.0175662
0 0.0174818
0 0.0173975
0 0.0173131
0 0.0172288
0 0.0171444
0 0.0170601
0 0.0169758
0 0.0168914
0 0.0168071
0 0.0167227
0 0.0166384
0 0.016554
0 0.0164697
0 0.0163853
0 0.016301
0 0.0162167
0 0.0161323
0 0.016048
0 0.0159636
0 0.0158793
0 0.0157949
0 0.0157106
0 0.0156263
0 0.0155419
0 0.0154576
0 0.0153732
0 0.0152889
0 0.0152045
0 0.0151202
0 0.0150358
0 0.0149515
0 0.0148672
0 0.0147828
0 0.0147143
0 0.0146489
0 0.0145835
0 0.0145182
0 0.0144528
0 0.0143874
0 0.0143221
0 0.0142567
0 0.0141914
0 0.014126
0 0.0140606
0 0.0139953
0 0.0139299
0 0.0138645
0 0.0137992
0 0.0137338
0 0.0136685
0 0.0136031
0 0.0135377
0 0.0134724
0 0.013407
0 0.0133417
0 0.0132763
0 0.0132109
0 0.0131456
0 0.0130802
0 0.0130148
0 0.0129495
0 0.0128841
0 0.0128085
0 0.0127221
0 0.0126357
0 0.0125493
0 0.0124629
0 0.0123765
0 0.0122901
0 0.0122037
0 0.0121173
0 0.0120309
0 0.0119445
0 0.0118581
0 0.0117717
0 0.0116853
0 0.0115989
0 0.0115125
0 0.0114261
0 0.0113397
0 0.0112533
0 0.0111669
0 0.0110805
0 0.0109941
0 0.0109077
0 0.0108213
0 0.0107349
0 0.0106485
0 0.010562
0 0.0104756
0 0.0103892
0 0.0103028
0 0.0102164
0 0.01013
0 0.0100436
0 0.00995723
0 0.00987083
0 0.00978443
0 0.00969803
0 0.00961163
0 0.00952522
0 0.00943882
0 0.00935242
0 0.00926602
0 0.00917961
0 0.00909321
0 0.00900681
0 0.00892041
0 0.00883401
0 0.0087476
0 0.0086612
0 0.0085748
0 0.0084884
0 0.008402
0 0.00831559
0 0.00822919
0 0.00814279
0 0.00805639
0 0.00796998
0 0.00788358
0 0.00779718
0 0.00771078
0 0.00762438
0 0.00753797
0 0.00745157
0 0.00736517
0 0.00727877
0 0.00719237
0 0.00710596
0 0.00701956
0 0.00693316
0 0.00684676
0 0.00676035
0 0.00667395
0 0.00658755
0 0.00650115
0 0.00641475
0 0.00632834
0 0.00624194
0 0.00615554
0 0.00606914
0 0.00598274
0 0.00589633
0 0.00580993
0 0.00572353
0 0.00563713
0 0.00555073
0 0.00546432
0 0.00537792
0 0.00529152
0 0.00520512
0 0.00511871
0 0.00503231
0 0.00494591
0 0.00485951
0 0.00477311
0 0.0046867
0 0.0046003
0 0.0045139
0 0.0044275
0 0.0043411
0 0.00425469
0 0.00416829
0 0.00408189
0 0.00399549
0 0.00390908
0 0.00382268
0 0.00373628
0 0.00364988
0 0.00356348
0 0.00347707
0 0.00339067
0 0.00330427
0 0.00321787
0 0.00313147
0 0.00304506
0 0.00295866
0 0.00287226
0 0.00278586
0 0.00269945
0 0.00261305
0 0.00252665
0 0.00244025
0 0.00235385
0 0.00226744
0 0.00218104
0 0.00209464
0 0.00200824
0 0.00192184
0 0.00183543
0 0.00174903
0 0.00166263
0 0.00157623
0 0.00148982
0 0.00142294
0 0.00136057
0 0.00129821
0 0.00123585
0 0.00117349
0 0.00111112
0 0.00104876
0 0.000986398
0 0.000924035
0 0.000861672
0 0.00079931
0 0.000736947
0 0.000674585
0 0.000612222
0 0.000549859
0 0.000487497
0 0.000425134
0 0.000362771
0 0.000300409
0 0.000238046
0 0.000175684
0 0.000113321
0 5.09583e-05
0 -1.14043e-05
-0.00986412 -1.88675e-05
-0.0206513 -2.11936e-05
-0.0314384 -2.35196e-05
-0.0422256 -2.58456e-05
-0.0530127 -2.81717e-05
-0.0637999 -3.04977e-05
-0.074587 -3.28237e-05
-0.0853742 -3.51497e-05
-0.0961613 -3.74758e-05
-0.106948 -3.98018e-05
-0.117736 -4.21278e-05
-0.128523 -4.44538e-05
-0.13931 -4.67799e-05
-0.150097 -4.91059e-05
-0.160884 -5.14319e-05
-0.171671 -5.37579e-05
-0.182458 -5.6084e-05
-0.193246 -5.841e-05
-0.204033 -6.0736e-05
-0.21482 -6.3062e-05
-0.225607 -6.53881e-05
-0.236394 -6.77141e-05
-0.247181 -7.00401e-05
-0.257969 -7.23661e-05
-0.268756 -7.46922e-05
-0.279543 -7.70182e-05
-0.29033 -7.93442e-05
-0.301117 -8.16703e-05
-0.311904 -8.39963e-05
-0.322691 -8.63223e-05
-0.333479 -8.86483e-05
-0.344266 -9.09744e-05
-0.355053 -9.33004e-05
-0.36584 -9.56264e-05
-0.376627 -9.79524e-05
-0.387414 -0.000100278
-0.398201 -0.000102604
-0.408989 -0.000104931
-0.419776 -0.000107257
-0.430563 -0.000109583
-0.44135 -0.000111909
-0.452137 -0.000114235
-0.462924 -0.000116561
-0.473711 -0.000118887
-0.484499 -0.000121213
-0.495286 -0.000123539
-0.506073 -0.000125865
-0.51686 -0.000128191
-0.527647 -0.000130517
-0.538434 -0.000132843
-0.549222 -0.000135169
-0.560009 -0.000137495
-0.570796 -0.000139821
-0.581583 -0.000142147
-0.59237 -0.000144473
-0.603157 -0.000146799
-0.613944 -0.000149125
-0.624732 -0.000151451
-0.635519 -0.000153777
-0.646306 -0.000156103
-0.657093 -0.000158429
-0.66788 -0.000160755
-0.678667 -0.000163081
-0.689454 -0.000165407
-0.700242 -0.000167733
-0.711029 -0.000170059
-0.721816 -0.000172385
-0.732603 -0.000174711
-0.74339 -0.000177037
-0.754177 -0.000179363
-0.764964 -0.000181689
-0.775752 -0.000184015
-0.786539 -0.000186341
-0.797326 -0.000188667
-0.808113 -0.000190993
-0.8189 -0.00019332
-0.829687 -0.000195646
-0.840475 -0.000197972
-0.851262 -0.000200298
-0.862049 -0.000202624
-0.872836 -0.00020495
-0.883623 -0.000207276
-0.89441 -0.000209602
-0.905197 -0.000211928
-0.915985 -0.000214254
-0.926772 -0.00021658
-0.937559 -0.000218906
-0.948346 -0.000221232
-0.959133 -0.000223558
-0.96992 -0.000225884
-0.980707 -0.00022821
-0.991495 -0.000230536
-1.00228 -0.000232862
-1.01307 -0.000235188
-1.02386 -0.000237514
-1.03464 -0.00023984
-1.04543 -0.000242166
-1.05622 -0.000244492
-1.067 -0.000246818
-1.07779 -0.000249144
-1.08858 -0.00025147
-1.09937 -0.000253796
-1.11015 -0.000256122
-1.12094 -0.000258448
-1.13173 -0.000260774
-1.14251 -0.0002631
-1.1533 -0.000265426
-1.16409 -0.000267752
-1.17488 -0.000270078
-1.18566 -0.000272404
-1.19645 -0.00027473
-1.20724 -0.000277056
-1.21802 -0.000279382
-1.22881 -0.000281708
-1.2396 -0.000284035
-1.25039 -0.000286361
-1.26092 -0.000288631
-1.21455 -0.000278717
-1.16819 -0.000268802
-1.12182 -0.000258887
-1.07546 -0.000248973
-1.02909 -0.000239058
-0.982725 -0.000229143
-0.936359 -0.000219229
-0.889994 -0.000209314
-0.843628 -0.000199399
-0.797263 -0.000189485
-0.750897 -0.00017957
-0.704532 -0.000169655
-0.658167 -0.00015974
-0.611801 -0.000149826
-0.565436 -0.000139911
-0.51907 -0.000129996
-0.472705 -0.000120082
-0.426339 -0.000110167
-0.379974 -0.000100252
-0.333608 -9.03377e-05
-0.287243 -8.0423e-05
-0.240878 -7.05083e-05
-0.194512 -6.05937e-05
-0.148147 -5.0679e-05
-0.101781 -4.07643e-05
-0.0554158 -3.08496e-05
-0.00924654 -2.07282e-05
0 2.83055e-05
0 8.7084e-05
0 0.000145863
0 0.000204641
0 0.00026342
0 0.000322198
0 0.000380977
0 0.000439755
0 0.000498534
0 0.000557312
0 0.000616091
0 0.000674869
0 0.000733648
0 0.000792426
0 0.000851205
0 0.000909983
0 0.000968762
0 0.00102754
0 0.00108632
0 0.0011451
0 0.00117932
0 0.00121254
0 0.00124576
0 0.00127897
0 0.00131219
0 0.00134541
0 0.00137862
0 0.00141184
0 0.00144506
0 0.00147827
0 0.00151149
0 0.00154471
0 0.00157792
0 0.00161114
0 0.00164436
0 0.00167757
0 0.00171079
0 0.001744
0 0.00177722
0 0.00181044
0 0.00184365
0 0.00187687
0 0.00191009
0 0.0019433
0 0.00197652
0 0.00200974
0 0.00204295
0 0.00207617
0 0.00210939
0 0.0021426
0 0.00217582
0 0.00220904
0 0.00224225
0 0.00227547
0 0.00230869
0 0.0023419
0 0.00237512
0 0.00240834
0 0.00244155
0 0.00247477
0 0.00250799
0 0.0025412
0 0.00257442
0 0.00260763
0 0.00264085
0 0.00267407
0 0.00270728
0 0.0027405
0 0.00277372
0 0.00280693
0 0.00284015
0 0.00287337
0 0.00290658
0 0.00295596
0 0.00300818
0 0.00306039
0 0.00311261
0 0.00316482
0 0.00321704
0 0.00326925
0 0.00332147
0 0.00337368
0 0.0034259
0 0.00347812
0 0.00353033
0 0.00358255
0 0.00363476
0 0.00368698
0 0.00373919
0 0.00379141
0 0.00384362
0 0.00389584
0 0.00394806
0 0.00400027
0 0.00405249
0 0.0041047
0 0.00415692
0 0.00420913
0 0.00426135
0 0.00431356
0 0.00436578
0 0.004418
0 0.0044602
0 0.00449137
0 0.00452254
0 0.00455371
0 0.00458488
0 0.00461605
0 0.00464722
0 0.00467839
0 0.00470956
0 0.00474073
0 0.0047719
0 0.00480307
0 0.00483424
0 0.00486541
0 0.00489658
0 0.00492775
0 0.00495892
0 0.00499009
0 0.00502126
0 0.00505243
0 0.0050836
0 0.00511477
0 0.00514594
0 0.00517711
0 0.00520828
0 0.00523945
0 0.00527062
0 0.00530179
0 0.00533296
0 0.00536413
0 0.0053953
0 0.00542647
0 0.00545764
0 0.0054888
0 0.00551997
0 0.00555114
0 0.00558231
0 0.00561348
0 0.00564465
0 0.00567582
0 0.00570699
0 0.00573816
0 0.00576933
0 0.0058005
0 0.00583167
0 0.00586284
0 0.00589401
0 0.00592518
0 0.00595635
0 0.00598752
0 0.00601869
0 0.00604986
0 0.00608103
0 0.0061122
0 0.00614337
0 0.00617454
0 0.00620571
0 0.00623688
0 0.00626805
0 0.00629922
0 0.00633039
0 0.00636156
0 0.00639273
0 0.0064239
0 0.00645507
0 0.00648624
0 0.00651741
0 0.00654858
0 0.00657975
0 0.00661092
0 0.00664209
0 0.00667326
0 0.00670443
0 0.0067356
0 0.00676677
0 0.00679794
0 0.00682911
0 0.00686028
0 0.00689145
0 0.00692262
0 0.00695379
0 0.00698496
0 0.00701613
0 0.0070473
0 0.00707846
0 0.00710963
0 0.0071408
0 0.00717197
0 0.00720314
0 0.00723431
0 0.00726548
0 0.00729665
0 0.00732782
0 0.00735899
0 0.00739016
0 0.00742133
0 0.0074525
0 0.00748367
0 0.00751484
0 0.00754601
0 0.00757718
0 0.00760835
0 0.00763952
0 0.00767069
0 0.00770186
0 0.00773303
0 0.0077642
0 0.00779537
0 0.00782654
0 0.00785771
0 0.00788888
0 0.00792005
0 0.00795122
0 0.00798239
0 0.00801356
0 0.00804473
0 0.0080759
0 0.00810707
0 0.00813824
0 0.00816941
0 0.00820058
0 0.00823175
0 0.00826292
0 0.00829409
0 0.00832526
0 0.00835643
0 0.0083876
0 0.00841877
0 0.00844994
0 0.00848111
0 0.00851228
0 0.00854345
0 0.00859349
0 0.0086487
0 0.0087039
0 0.00875911
0 0.00881432
0 0.00886952
0 0.00892473
0 0.00897993
0 0.00903514
0 0.00909035
0 0.00914555
0 0.00920076
0 0.00925596
0 0.00931117
0 0.00936638
0 0.00942158
0 0.00947679
0 0.00953199
0 0.0095872
0 0.00964241
0 0.00969761
0 0.00975282
0 0.00980802
0 0.00986323
0 0.00997705
0 0.0100923
0 0.0102075
0 0.0103228
0 0.010438
0 0.0105532
0 0.0106685
0 0.0107837
0 0.0108989
0 0.0110142
0 0.0111294
0 0.0112446
0 0.0113599
0 0.0114751
0 0.0115904
0 0.0117056
0 0.0118208
0 0.0119361
0 0.0120513
0 0.0121665
0 0.0122818
0 0.012397
0 0.0125122
0 0.0126275
0 0.0127427
0 0.0128579
0 0.0129732
0 0.0130884
0 0.0132037
0 0.0133189
0 0.0134341
0 0.0135494
0 0.0136646
0 0.0137798
0 0.0138951
0 0.0140103
0 0.0141255
0 0.0142408
0 0.014356
0 0.0144712
0 0.0145865
0 0.0147017
0 0.014817
0 0.0149322
0 0.0150474
0 0.0151627
0 0.0152779
0 0.0153931
0 0.0155084
0 0.0156236
0 0.0157388
0 0.0158541
0 0.0159693
0 0.0160846
0 0.0161998
0 0.016315
0 0.0164303
0 0.0165455
0 0.0166607
0 0.016776
0 0.0168912
0 0.0170064
0 0.0171217
0 0.0172369
0 0.0173521
0 0.0174674
0 0.0175826
0 0.0176979
0 0.0178131
0 0.0179283
0 0.0180436
0 0.0181588
0 0.018274
0 0.0183893
0 0.0185045
0 0.0186197
0 0.018735
0 0.0188502
0 0.0189654
0 0.0190807
0 0.0191959
0 0.0193112
0 0.0194264
0 0.0195416
0 0.0196569
0 0.0197721
0 0.0198873
0 0.0200026
0 0.0201178
0 0.020233
0 0.0203483
0 0.0204635
0 0.0205788
0 0.020694
0 0.0208092
0 0.0209245
0 0.0210397
0 0.0211549
0 0.0212702
0 0.0213854
0 0.0215006
0 0.0216159
0 0.0217311
0 0.0218463
0 0.0219616
0 0.0220768
0 0.0221921
0 0.0223073
0 0.0224225
0 0.0225378
0 0.022653
0 0.0227682
0 0.0228835
0 0.0229987
0 0.0231139
0 0.0232292
0 0.0233444
0 0.0232368
0 0.0231291
0 0.0230215
0 0.0229138
0 0.0228062
0 0.0226986
0 0.0225909
0 0.0224833
0 0.0223756
0 0.022268
0 0.0221603
0 0.0220527
0 0.0219451
0 0.0218374
0 0.0217298
0 0.0216221
0 0.0215145
0 0.0214068
0 0.0212992
0 0.0211916
0 0.0210839
0 0.0209763
0 0.0208686
0 0.020761
0 0.0206534
0 0.0205457
0 0.0204381
0 0.0203691
0 0.0203103
0 0.0202515
0 0.0201928
0 0.020134
0 0.0200752
0 0.0200164
0 0.0199577
0 0.0198989
0 0.0198401
0 0.0197813
0 0.0197225
0 0.0196638
0 0.019605
0 0.0195462
0 0.0194874
0 0.0194286
0 0.0193699
0 0.0193111
0 0.0192523
0 0.0191688
0 0.0190844
0 0.0190001
0 0.0189157
0 0.0188314
0 0.018747
0 0.0186627
0 0.0185783
0 0.018494
0 0.0184097
0 0.0183253
0 0.018241
0 0.0181566
0 0.0180723
0 0.0179879
0 0.0179036
0 0.0178193
0 0.0177349
0 0.0176506
0 0.0175662
0 0.0174819
0 0.0173975
0 0.0173132
0 0.0172288
0 0.0171445
0 0.0170602
0 0.0169758
0 0.0168915
0 0.0168071
0 0.0167228
0 0.0166384
0 0.0165541
0 0.0164698
0 0.0163854
0 0.0163011
0 0.0162167
0 0.0161324
0 0.016048
0 0.0159637
0 0.0158793
0 0.015795
0 0.0157107
0 0.0156263
0 0.015542
0 0.0154576
0 0.0153733
0 0.0152889
0 0.0152046
0 0.0151203
0 0.0150359
0 0.0149516
0 0.0148672
0 0.0147829
0 0.0147143
0 0.014649
0 0.0145836
0 0.0145182
0 0.0144529
0 0.0143875
0 0.0143222
0 0.0142568
0 0.0141915
0 0.0141261
0 0.0140608
0 0.0139954
0 0.0139301
0 0.0138647
0 0.0137994
0 0.013734
0 0.0136686
0 0.0136033
0 0.0135379
0 0.0134726
0 0.0134072
0 0.0133419
0 0.0132765
0 0.0132112
0 0.0131458
0 0.0130805
0 0.0130151
0 0.0129497
0 0.0128844
0 0.0128089
0 0.0127225
0 0.0126361
0 0.0125497
0 0.0124633
0 0.0123769
0 0.0122905
0 0.0122041
0 0.0121177
0 0.0120313
0 0.0119449
0 0.0118585
0 0.0117721
0 0.0116857
0 0.0115993
0 0.0115129
0 0.0114265
0 0.0113401
0 0.0112538
0 0.0111674
0 0.011081
0 0.0109946
0 0.0109082
0 0.0108218
0 0.0107354
0 0.010649
0 0.0105626
0 0.0104762
0 0.0103898
0 0.0103034
0 0.010217
0 0.0101306
0 0.0100442
0 0.00995781
0 0.00987142
0 0.00978502
0 0.00969863
0 0.00961223
0 0.00952583
0 0.00943944
0 0.00935304
0 0.00926665
0 0.00918025
0 0.00909385
0 0.00900746
0 0.00892106
0 0.00883467
0 0.00874827
0 0.00866188
0 0.00857548
0 0.00848908
0 0.00840269
0 0.00831629
0 0.0082299
0 0.0081435
0 0.00805711
0 0.00797071
0 0.00788431
0 0.00779792
0 0.00771152
0 0.00762513
0 0.00753873
0 0.00745233
0 0.00736594
0 0.00727954
0 0.00719315
0 0.00710675
0 0.00702036
0 0.00693396
0 0.00684756
0 0.00676117
0 0.00667477
0 0.00658838
0 0.00650198
0 0.00641558
0 0.00632919
0 0.00624279
0 0.0061564
0 0.00607
0 0.00598361
0 0.00589721
0 0.00581081
0 0.00572442
0 0.00563802
0 0.00555163
0 0.00546523
0 0.00537884
0 0.00529244
0 0.00520604
0 0.00511965
0 0.00503325
0 0.00494686
0 0.00486046
0 0.00477406
0 0.00468767
0 0.00460127
0 0.00451488
0 0.00442848
0 0.00434209
0 0.00425569
0 0.00416929
0 0.0040829
0 0.0039965
0 0.00391011
0 0.00382371
0 0.00373731
0 0.00365092
0 0.00356452
0 0.00347813
0 0.00339173
0 0.00330534
0 0.00321894
0 0.00313254
0 0.00304615
0 0.00295975
0 0.00287336
0 0.00278696
0 0.00270057
0 0.00261417
0 0.00252777
0 0.00244138
0 0.00235498
0 0.00226859
0 0.00218219
0 0.00209579
0 0.0020094
0 0.001923
0 0.00183661
0 0.00175021
0 0.00166382
0 0.00157742
0 0.00149102
0 0.00142322
0 0.00136086
0 0.0012985
0 0.00123614
0 0.00117379
0 0.00111143
0 0.00104907
0 0.000986711
0 0.000924353
0 0.000861995
0 0.000799637
0 0.000737279
0 0.000674921
0 0.000612563
0 0.000550205
0 0.000487846
0 0.000425488
0 0.00036313
0 0.000300772
0 0.000238414
0 0.000176056
0 0.000113698
0 5.13394e-05
0 -1.10188e-05
-0.00979588 -1.88528e-05
-0.0205814 -2.11785e-05
-0.0313669 -2.35042e-05
-0.0421525 -2.58299e-05
-0.052938 -2.81555e-05
-0.0637235 -3.04812e-05
-0.074509 -3.28069e-05
-0.0852946 -3.51326e-05
-0.0960801 -3.74582e-05
-0.106866 -3.97839e-05
-0.117651 -4.21096e-05
-0.128437 -4.44353e-05
-0.139222 -4.6761e-05
-0.150008 -4.90866e-05
-0.160793 -5.14123e-05
-0.171579 -5.3738e-05
-0.182364 -5.60637e-05
-0.19315 -5.83893e-05
-0.203935 -6.0715e-05
-0.214721 -6.30407e-05
-0.225506 -6.53664e-05
-0.236292 -6.7692e-05
-0.247077 -7.00177e-05
-0.257863 -7.23434e-05
-0.268649 -7.46691e-05
-0.279434 -7.69948e-05
-0.29022 -7.93204e-05
-0.301005 -8.16461e-05
-0.311791 -8.39718e-05
-0.322576 -8.62975e-05
-0.333362 -8.86231e-05
-0.344147 -9.09488e-05
-0.354933 -9.32745e-05
-0.365718 -9.56002e-05
-0.376504 -9.79258e-05
-0.387289 -0.000100252
-0.398075 -0.000102577
-0.40886 -0.000104903
-0.419646 -0.000107229
-0.430431 -0.000109554
-0.441217 -0.00011188
-0.452003 -0.000114206
-0.462788 -0.000116531
-0.473574 -0.000118857
-0.484359 -0.000121183
-0.495145 -0.000123508
-0.50593 -0.000125834
-0.516716 -0.00012816
-0.527501 -0.000130485
-0.538287 -0.000132811
-0.549072 -0.000135137
-0.559858 -0.000137462
-0.570643 -0.000139788
-0.581429 -0.000142114
-0.592214 -0.000144439
-0.603 -0.000146765
-0.613785 -0.000149091
-0.624571 -0.000151416
-0.635357 -0.000153742
-0.646142 -0.000156068
-0.656928 -0.000158393
-0.667713 -0.000160719
-0.678499 -0.000163045
-0.689284 -0.00016537
-0.70007 -0.000167696
-0.710855 -0.000170022
-0.721641 -0.000172348
-0.732426 -0.000174673
-0.743212 -0.000176999
-0.753997 -0.000179325
-0.764783 -0.00018165
-0.775568 -0.000183976
-0.786354 -0.000186302
-0.797139 -0.000188627
-0.807925 -0.000190953
-0.81871 -0.000193279
-0.829496 -0.000195604
-0.840282 -0.00019793
-0.851067 -0.000200256
-0.861853 -0.000202581
-0.872638 -0.000204907
-0.883424 -0.000207233
-0.894209 -0.000209558
-0.904995 -0.000211884
-0.91578 -0.00021421
-0.926566 -0.000216535
-0.937351 -0.000218861
-0.948137 -0.000221187
-0.958922 -0.000223512
-0.969708 -0.000225838
-0.980493 -0.000228164
-0.991279 -0.000230489
-1.00206 -0.000232815
-1.01285 -0.000235141
-1.02364 -0.000237466
-1.03442 -0.000239792
-1.04521 -0.000242118
-1.05599 -0.000244443
-1.06678 -0.000246769
-1.07756 -0.000249095
-1.08835 -0.000251421
-1.09913 -0.000253746
-1.10992 -0.000256072
-1.12071 -0.000258398
-1.13149 -0.000260723
-1.14228 -0.000263049
-1.15306 -0.000265375
-1.16385 -0.0002677
-1.17463 -0.000270026
-1.18542 -0.000272352
-1.1962 -0.000274677
-1.20699 -0.000277003
-1.21778 -0.000279329
-1.22856 -0.000281654
-1.23935 -0.00028398
-1.25013 -0.000286306
-1.26092 -0.000288631
-1.26792 -0.000290142
-1.27493 -0.000291652
-1.28193 -0.000293163
-1.28894 -0.000294673
-1.29594 -0.000296184
-1.30295 -0.000297694
-1.30995 -0.000299204
-1.31696 -0.000300715
-1.32396 -0.000302225
-1.33097 -0.000303736
-1.33797 -0.000305246
-1.34498 -0.000306757
-1.35198 -0.000308267
-1.35898 -0.000309778
-1.36599 -0.000311288
-1.37299 -0.000312798
-1.38 -0.000314309
-1.387 -0.000315819
-1.39401 -0.00031733
-1.40101 -0.00031884
-1.40802 -0.000320351
-1.41502 -0.000321861
-1.42203 -0.000323372
-1.42903 -0.000324882
-1.43601 -0.000326554
-1.44299 -0.000328249
-1.44997 -0.000329945
-1.45695 -0.000331642
-1.46393 -0.00033334
-1.4709 -0.00033504
-1.47788 -0.000336741
-1.48486 -0.000338442
-1.49183 -0.000340145
-1.49881 -0.00034185
-1.50579 -0.000343555
-1.51276 -0.000345261
-1.51974 -0.000346969
-1.52671 -0.000348678
-1.53369 -0.000350388
-1.54067 -0.000352099
-1.54764 -0.000353812
-1.55462 -0.000355525
-1.56159 -0.00035724
-1.56857 -0.000358956
-1.57554 -0.000360673
-1.58252 -0.000362392
-1.58949 -0.000364111
-1.59646 -0.000365832
-1.60344 -0.000367554
-1.61041 -0.000369277
-1.61739 -0.000371002
-1.62436 -0.000372727
-1.63133 -0.000374454
-1.6383 -0.000376182
-1.64528 -0.000377911
-1.65225 -0.000379642
-1.65922 -0.000381374
-1.6662 -0.000383107
-1.67317 -0.000384841
-1.68014 -0.000386576
-1.68711 -0.000388313
-1.69408 -0.000390051
-1.70105 -0.00039179
-1.70803 -0.00039353
-1.715 -0.000395272
-1.72197 -0.000397015
-1.72894 -0.000398759
-1.73591 -0.000400505
-1.74288 -0.000402251
-1.74985 -0.000403999
-1.75682 -0.000405748
-1.76379 -0.000407499
-1.77076 -0.000409251
-1.77773 -0.000411004
-1.7847 -0.000412758
-1.79167 -0.000414513
-1.79864 -0.00041627
-1.8056 -0.000418028
-1.81257 -0.000419788
-1.81954 -0.000421548
-1.82651 -0.00042331
-1.83348 -0.000425074
-1.84045 -0.000426838
-1.84741 -0.000428604
-1.85438 -0.000430371
-1.86135 -0.00043214
-1.86831 -0.00043391
-1.87528 -0.000435681
-1.88225 -0.000437453
-1.88921 -0.000439227
-1.89618 -0.000441002
-1.90315 -0.000442778
-1.91011 -0.000444556
-1.91708 -0.000446335
-1.92404 -0.000448115
-1.93101 -0.000449897
-1.93797 -0.00045168
-1.94494 -0.000453465
-1.9519 -0.00045525
-1.95887 -0.000457038
-1.9125 -0.000447123
-1.86614 -0.000437208
-1.81977 -0.000427293
-1.77341 -0.000417379
-1.72704 -0.000407464
-1.68068 -0.000397549
-1.63431 -0.000387635
-1.58794 -0.00037772
-1.54158 -0.000367805
-1.49521 -0.000357891
-1.44885 -0.000347976
-1.40248 -0.000338061
-1.35612 -0.000328147
-1.30975 -0.000318232
-1.26339 -0.000308317
-1.21702 -0.000298403
-1.17066 -0.000288488
-1.12429 -0.000278573
-1.07792 -0.000268659
-1.03156 -0.000258744
-0.985194 -0.000248829
-0.938829 -0.000238914
-0.892463 -0.000229
-0.846098 -0.000219085
-0.799732 -0.00020917
-0.753367 -0.000199256
-0.707001 -0.000189341
-0.660636 -0.000179426
-0.614271 -0.000169512
-0.567905 -0.000159597
-0.52154 -0.000149682
-0.475174 -0.000139768
-0.428809 -0.000129853
-0.382443 -0.000119938
-0.336078 -0.000110024
-0.289713 -0.000100109
-0.243347 -9.01943e-05
-0.196982 -8.02796e-05
-0.150616 -7.03649e-05
-0.104251 -6.04502e-05
-0.0578854 -5.05355e-05
-0.0308899 -4.47629e-05
-0.0175116 -3.9152e-05
-0.00462144 -3.35521e-05
0 -1.44469e-05
0 1.2192e-05
0 3.88309e-05
0 6.54698e-05
0 9.21087e-05
0 0.000118748
0 0.000145386
0 0.000172025
0 0.000198664
0 0.000225303
0 0.000251942
0 0.000278581
0 0.00030522
0 0.000331859
0 0.000358497
0 0.000385136
0 0.000411775
0 0.000438414
0 0.000465053
0 0.000491692
0 0.000518331
0 0.00054497
0 0.000571609
0 0.000598247
0 0.000624886
0 0.000651525
0 0.000678164
0 0.000704803
0 0.000731442
0 0.000758081
0 0.00078472
0 0.000811358
0 0.000837997
0 0.000864636
0 0.000891275
0 0.000917914
0 0.000944553
0 0.000971192
0 0.000997831
0 0.00102447
0 0.00105111
0 0.00107775
0 0.00110439
0 0.00113103
0 0.00115766
0 0.0011843
0 0.00121094
0 0.00123758
0 0.00126422
0 0.00129086
0 0.0013175
0 0.00134414
0 0.00137077
0 0.00139741
0 0.00142405
0 0.00145069
0 0.00147733
0 0.00150397
0 0.00153061
0 0.00155725
0 0.00158389
0 0.00161052
0 0.00163716
0 0.0016638
0 0.00169044
0 0.00171708
0 0.00174372
0 0.00177036
0 0.001797
0 0.00182364
0 0.00185027
0 0.00187691
0 0.00190355
0 0.00193019
0 0.00195683
0 0.00198347
0 0.00201011
0 0.00203675
0 0.00206339
0 0.00209002
0 0.00211666
0 0.0021433
0 0.00216994
0 0.00219658
0 0.00222322
0 0.00224986
0 0.0022765
0 0.00230314
0 0.00232977
0 0.00235641
0 0.00238305
0 0.00240969
0 0.00243633
0 0.00246297
0 0.00248961
0 0.00251625
0 0.00254289
0 0.00256952
0 0.00259616
0 0.0026228
0 0.00264944
0 0.00267608
0 0.00270272
0 0.00272936
0 0.00274628
0 0.00276539
0 0.00279337
0 0.00282135
0 0.00284934
0 0.00287732
0 0.00290531
0 0.00293329
0 0.00296127
0 0.00298926
0 0.00301724
0 0.00304523
0 0.00307321
0 0.0031012
0 0.00312918
0 0.00315716
0 0.00318515
0 0.00321313
0 0.00324112
0 0.0032691
0 0.00329708
0 0.00332507
0 0.00335305
0 0.00338104
0 0.00340902
0 0.00343701
0 0.00346499
0 0.00349297
0 0.00352096
0 0.00354894
0 0.00357693
0 0.00360491
0 0.0036329
0 0.00366088
0 0.00368886
0 0.00371685
0 0.00374483
0 0.00377282
0 0.0038008
0 0.00382878
0 0.00385677
0 0.00388475
0 0.00391274
0 0.00394072
0 0.00396871
0 0.00399669
0 0.00402467
0 0.00405266
0 0.00408064
0 0.00410863
0 0.00413661
0 0.00416459
0 0.00419258
0 0.00422056
0 0.00424855
0 0.00427653
0 0.00430452
0 0.0043325
0 0.00436048
0 0.00438847
0 0.00441645
0 0.00444444
0 0.00447242
0 0.00450041
0 0.00452839
0 0.00455637
0 0.00458436
0 0.00461234
0 0.00464033
0 0.00466831
0 0.00469629
0 0.00472428
0 0.00475226
0 0.00478025
0 0.00480823
0 0.00483622
0 0.0048642
0 0.00489218
0 0.00492017
0 0.00494815
0 0.00497614
0 0.00500412
0 0.0050321
0 0.00506009
0 0.00508807
0 0.00511606
0 0.00514404
0 0.00517203
0 0.00520001
0 0.00522799
0 0.00525598
0 0.00528396
0 0.00531195
0 0.00533993
0 0.00536792
0 0.0053959
0 0.00542388
0 0.00545187
0 0.00547985
0 0.00550784
0 0.00553582
0 0.0055638
0 0.00559179
0 0.00561977
0 0.00564776
0 0.00567574
0 0.00570373
0 0.00573171
0 0.00575969
0 0.00578768
0 0.00581566
0 0.00584365
0 0.00587163
0 0.00589961
0 0.0059276
0 0.00595558
0 0.00598357
0 0.00601155
0 0.00603954
0 0.00606752
0 0.0060955
0 0.00612349
0 0.00615147
0 0.00617946
0 0.00620744
0 0.00623542
0 0.00626341
0 0.00629139
0 0.00631938
0 0.00634736
0 0.00637535
0 0.00640333
0 0.00643131
0 0.0064593
0 0.00648728
0 0.00651527
0 0.00654325
0 0.00657124
0 0.00659922
0 0.0066272
0 0.00665519
0 0.00668317
0 0.00671116
0 0.00673914
0 0.00676712
0 0.00679511
0 0.00682309
0 0.00685108
0 0.00687906
0 0.00690705
0 0.00693503
0 0.00696301
0 0.006991
0 0.00701898
0 0.00704697
0 0.00707495
0 0.00710293
0 0.00713092
0 0.0071589
0 0.00718689
0 0.00721487
0 0.00724286
0 0.00727084
0 0.00729882
0 0.00732681
0 0.00735479
0 0.00738278
0 0.00741076
0 0.00743875
0 0.00746673
0 0.00749471
0 0.0075227
0 0.00755068
0 0.00757867
0 0.00760665
0 0.00763463
0 0.00766262
0 0.0076906
0 0.00771859
0 0.00774657
0 0.00777456
0 0.00780254
0 0.00783052
0 0.00785851
0 0.00788649
0 0.00791448
0 0.00794246
0 0.00797044
0 0.00799843
0 0.00802641
0 0.0080544
0 0.00808238
0 0.00811037
0 0.00813835
0 0.00816633
0 0.00819432
0 0.0082223
0 0.00825029
0 0.00827827
0 0.00830626
0 0.00833424
0 0.00836222
0 0.00839021
0 0.00841819
0 0.00844937
0 0.0085003
0 0.00855123
0 0.00860216
0 0.00865309
0 0.00870403
0 0.00875496
0 0.00880589
0 0.00885682
0 0.00890775
0 0.00895868
0 0.00900961
0 0.00906054
0 0.00911147
0 0.0091624
0 0.00921334
0 0.00926427
0 0.0093152
0 0.00936613
0 0.00941706
0 0.00946799
0 0.00951892
0 0.00956985
0 0.00962078
0 0.00967171
0 0.00972265
0 0.00977358
0 0.00982451
0 0.00987544
0 0.00992637
0 0.0099773
0 0.0100282
0 0.0100792
0 0.0101301
0 0.010181
0 0.010232
0 0.0103303
0 0.0104455
0 0.0105608
0 0.010676
0 0.0107912
0 0.0109065
0 0.0110217
0 0.0111369
0 0.0112522
0 0.0113674
0 0.0114827
0 0.0115979
0 0.0117131
0 0.0118284
0 0.0119436
0 0.0120589
0 0.0121741
0 0.0122893
0 0.0124046
0 0.0125198
0 0.012635
0 0.0127503
0 0.0128655
0 0.0129808
0 0.013096
0 0.0132112
0 0.0133265
0 0.0134417
0 0.013557
0 0.0136722
0 0.0137874
0 0.0139027
0 0.0140179
0 0.0141331
0 0.0142484
0 0.0143636
0 0.0144789
0 0.0145941
0 0.0147093
0 0.0148246
0 0.0149398
0 0.0150551
0 0.0151703
0 0.0152855
0 0.0154008
0 0.015516
0 0.0156312
0 0.0157465
0 0.0158617
0 0.015977
0 0.0160922
0 0.0162074
0 0.0163227
0 0.0164379
0 0.0165532
0 0.0166684
0 0.0167836
0 0.0168989
0 0.0170141
0 0.0171293
0 0.0172446
0 0.0173598
0 0.0174751
0 0.0175903
0 0.0177055
0 0.0178208
0 0.017936
0 0.0180512
0 0.0181665
0 0.0182817
0 0.018397
0 0.0185122
0 0.0186274
0 0.0187427
0 0.0188579
0 0.0189732
0 0.0190884
0 0.0192036
0 0.0193189
0 0.0194341
0 0.0195493
0 0.0196646
0 0.0197798
0 0.0198951
0 0.0200103
0 0.0201255
0 0.0202408
0 0.020356
0 0.0204713
0 0.0205865
0 0.0207017
0 0.020817
0 0.0209322
0 0.0210474
0 0.0211627
0 0.0212779
0 0.0213932
0 0.0215084
0 0.0216236
0 0.0217389
0 0.0218541
0 0.0219694
0 0.0220846
0 0.0221998
0 0.0223151
0 0.0224303
0 0.0225455
0 0.0226608
0 0.022776
0 0.0228913
0 0.0230065
0 0.0231217
0 0.023237
0 0.0233523
0 0.0234683
0 0.0235844
0 0.0237004
0 0.0238165
0 0.0239325
0 0.0240484
0 0.0241643
0 0.0242802
0 0.0243961
0 0.0245119
0 0.0246278
0 0.0247437
0 0.0248596
0 0.0249755
0 0.0250913
0 0.0252072
0 0.0253231
0 0.025439
0 0.0255548
0 0.0256707
0 0.0257866
0 0.0259024
0 0.0260183
0 0.0261342
0 0.02625
0 0.0263659
0 0.0264818
0 0.0265976
0 0.0267135
0 0.0268293
0 0.0269452
0 0.0270611
0 0.0271769
0 0.0272928
0 0.0274086
0 0.0275245
0 0.0276403
0 0.0277562
0 0.027872
0 0.0279879
0 0.0281037
0 0.0282196
0 0.0283354
0 0.0284512
0 0.0285671
0 0.0286829
0 0.0287988
0 0.0289146
0 0.0290304
0 0.0291463
0 0.0292621
0 0.0293779
0 0.0294938
0 0.0296096
0 0.0297254
0 0.0298413
0 0.0299571
0 0.0300729
0 0.0301887
0 0.0303046
0 0.0304204
0 0.0305362
0 0.030652
0 0.0307678
0 0.0308837
0 0.0309995
0 0.0311153
0 0.0312311
0 0.0313469
0 0.0314627
0 0.0315785
0 0.0316943
0 0.0318101
0 0.0319259
0 0.0320417
0 0.0321576
0 0.0322734
0 0.0323892
0 0.032505
0 0.0326208
0 0.0327365
0 0.0328523
0 0.0329681
0 0.0330839
0 0.0331997
0 0.0333155
0 0.0334313
0 0.0335471
0 0.0336629
0 0.0337787
0 0.0338944
0 0.0340102
0 0.034126
0 0.0342418
0 0.0343576
0 0.0344733
0 0.0345891
0 0.0347049
0 0.0348207
0 0.0349364
0 0.0348288
0 0.0347211
0 0.0346135
0 0.0345059
0 0.0343982
0 0.0342906
0 0.0341829
0 0.0340753
0 0.0339676
0 0.03386
0 0.0337524
0 0.0336447
0 0.0335371
0 0.0334294
0 0.0333218
0 0.0332142
0 0.0331065
0 0.0329989
0 0.0328912
0 0.0327836
0 0.0326759
0 0.0325683
0 0.0324607
0 0.032353
0 0.0322454
0 0.0321377
0 0.0320301
0 0.0319224
0 0.0318148
0 0.0317072
0 0.0315995
0 0.0314919
0 0.0313842
0 0.0312766
0 0.0311689
0 0.0310613
0 0.0309537
0 0.030846
0 0.0307384
0 0.0306307
0 0.0305239
0 0.0304178
0 0.0303269
0 0.030236
0 0.0301451
0 0.0300541
0 0.0299632
0 0.0298723
0 0.0297814
0 0.0296904
0 0.0295995
0 0.0295086
0 0.0294177
0 0.0293268
0 0.0292358
0 0.0291449
0 0.029054
0 0.0289631
0 0.0288721
0 0.0287812
0 0.0286903
0 0.0285994
0 0.0285085
0 0.0284175
0 0.0283266
0 0.0282357
0 0.0281448
0 0.0280539
0 0.0279629
0 0.027872
0 0.0277811
0 0.0276902
0 0.0275992
0 0.0275083
0 0.0274174
0 0.0273265
0 0.0272356
0 0.0271446
0 0.0270537
0 0.0269628
0 0.0268719
0 0.026781
0 0.02669
0 0.0265991
0 0.0265082
0 0.0264173
0 0.0263263
0 0.0262354
0 0.0261445
0 0.0260536
0 0.0259627
0 0.0258717
0 0.0257808
0 0.0256899
0 0.025599
0 0.025508
0 0.0254171
0 0.0253262
0 0.0252353
0 0.0251444
0 0.0250534
0 0.0249625
0 0.0248716
0 0.0247807
0 0.0246898
0 0.0245988
0 0.0245079
0 0.024417
0 0.0243261
0 0.0242351
0 0.0241442
0 0.0240533
0 0.0239624
0 0.0238715
0 0.0237805
0 0.0236896
0 0.0235987
0 0.0235078
0 0.0234168
0 0.0233259
0 0.023235
0 0.0231441
0 0.0230532
0 0.0229622
0 0.0228713
0 0.0227804
0 0.0226895
0 0.0225986
0 0.0225076
0 0.0224167
0 0.0223258
0 0.0222349
0 0.0221439
0 0.022053
0 0.0219621
0 0.0218712
0 0.0217803
0 0.0216893
0 0.0215984
0 0.0215075
0 0.0214166
0 0.0213256
0 0.0212347
0 0.0211438
0 0.0210529
0 0.020962
0 0.020871
0 0.0207801
0 0.0206866
0 0.0205846
0 0.0204828
0 0.0203999
0 0.020317
0 0.0202341
0 0.0201512
0 0.0200683
0 0.0199854
0 0.0199025
0 0.0198196
0 0.0197367
0 0.0196538
0 0.0195709
0 0.0194881
0 0.0194052
0 0.0193223
0 0.0192394
0 0.0191565
0 0.0190736
0 0.0189907
0 0.0189078
0 0.0188249
0 0.018742
0 0.0186591
0 0.0185762
0 0.0184933
0 0.0184105
0 0.0183276
0 0.0182447
0 0.0181618
0 0.0180789
0 0.017996
0 0.0179131
0 0.0178302
0 0.0177473
0 0.0176644
0 0.0175815
0 0.0174986
0 0.0174157
0 0.0173329
0 0.01725
0 0.0171671
0 0.0170842
0 0.0170013
0 0.0169184
0 0.0168355
0 0.0167526
0 0.0166697
0 0.0165868
0 0.0165039
0 0.016421
0 0.0163381
0 0.0162553
0 0.0161724
0 0.0160895
0 0.0160066
0 0.0159237
0 0.0158408
0 0.0157579
0 0.015675
0 0.0155921
0 0.0155092
0 0.0154263
0 0.0153434
0 0.0152606
0 0.0151777
0 0.0150948
0 0.0150119
0 0.014929
0 0.0148461
0 0.0147632
0 0.0146803
0 0.0145974
0 0.0145145
0 0.0144316
0 0.0143487
0 0.0142658
0 0.014183
0 0.0141001
0 0.0140172
0 0.0139343
0 0.0138514
0 0.0137685
0 0.0136856
0 0.0136027
0 0.0135198
0 0.0134369
0 0.013354
0 0.0132711
0 0.0131882
0 0.0131054
0 0.0130225
0 0.0129396
0 0.0128567
0 0.0127738
0 0.0126909
0 0.012608
0 0.0125251
0 0.0124422
0 0.0123593
0 0.0122764
0 0.0121935
0 0.0121106
0 0.0120278
0 0.0119449
0 0.011862
0 0.0117791
0 0.0116962
0 0.0116133
0 0.0115304
0 0.0114475
0 0.0113646
0 0.0112817
0 0.0111988
0 0.0111159
0 0.011033
0 0.0109502
0 0.0108673
0 0.0107844
0 0.0107015
0 0.0106186
0 0.0105357
0 0.0104528
0 0.0103699
0 0.010287
0 0.0102041
0 0.0101212
0 0.0100383
0 0.00995544
0 0.00987255
0 0.00978966
0 0.00970677
0 0.00962387
0 0.00954098
0 0.00945809
0 0.0093752
0 0.0092923
0 0.00920941
0 0.00912652
0 0.00904363
0 0.00896074
0 0.00887784
0 0.00879495
0 0.00871206
0 0.00862917
0 0.00854627
0 0.00846338
0 0.00838049
0 0.0082976
0 0.0082147
0 0.00813181
0 0.00804892
0 0.00796603
0 0.00788314
0 0.00780024
0 0.00771735
0 0.00763446
0 0.00755157
0 0.00746867
0 0.00738578
0 0.00730289
0 0.00722
0 0.00713711
0 0.00705421
0 0.00697132
0 0.00688843
0 0.00680554
0 0.00672264
0 0.00663975
0 0.00655686
0 0.00647397
0 0.00639107
0 0.00630818
0 0.00622529
0 0.0061424
0 0.00605951
0 0.00597661
0 0.00589372
0 0.00581083
0 0.00572794
0 0.00564504
0 0.00556215
0 0.00547926
0 0.00539637
0 0.00531347
0 0.00523058
0 0.00514769
0 0.0050648
0 0.00498191
0 0.00489901
0 0.00481612
0 0.00473323
0 0.00465034
0 0.00456744
0 0.00448455
0 0.00440166
0 0.00431877
0 0.00423587
0 0.00415298
0 0.00407009
0 0.0039872
0 0.00390431
0 0.00382141
0 0.00373852
0 0.00365563
0 0.00357274
0 0.00348984
0 0.00340695
0 0.00332406
0 0.00324117
0 0.00315827
0 0.00307538
0 0.00299249
0 0.0029096
0 0.00282671
0 0.00274381
0 0.00266092
0 0.00257803
0 0.00249514
0 0.00241224
0 0.00232935
0 0.00224646
0 0.00216357
0 0.00208067
0 0.00199778
0 0.00191489
0 0.001832
0 0.00174911
0 0.00166621
0 0.00158332
0 0.00150043
0 0.00141754
0 0.00133464
0 0.00125175
0 0.00116886
0 0.00108597
0 0.00100308
0 0.000920183
0 0.000837291
0 0.000754398
0 0.000671506
0 0.000588614
0 0.000505721
0 0.000422829
0 0.000339937
0 0.000257044
0 0.000174152
0 9.12599e-05
0 8.36756e-06
-0.0100411 -3.37255e-05
-0.0294066 -3.7932e-05
-0.048772 -4.21384e-05
-0.0681375 -4.63448e-05
-0.0872801 -5.05029e-05
-0.0965123 -5.25083e-05
-0.105745 -5.45136e-05
-0.114977 -5.6519e-05
-0.124209 -5.85243e-05
-0.133441 -6.05297e-05
-0.142673 -6.25351e-05
-0.151906 -6.45404e-05
-0.161138 -6.65458e-05
-0.17037 -6.85512e-05
-0.179602 -7.05565e-05
-0.188834 -7.25619e-05
-0.198067 -7.45672e-05
-0.207299 -7.65726e-05
-0.216531 -7.8578e-05
-0.225763 -8.05833e-05
-0.234995 -8.25887e-05
-0.244228 -8.45941e-05
-0.25346 -8.65994e-05
-0.262692 -8.86048e-05
-0.271924 -9.06101e-05
-0.281157 -9.26155e-05
-0.290389 -9.46209e-05
-0.299621 -9.66262e-05
-0.308853 -9.86316e-05
-0.318085 -0.000100637
-0.327318 -0.000102642
-0.33655 -0.000104648
-0.345782 -0.000106653
-0.355014 -0.000108658
-0.364246 -0.000110664
-0.373479 -0.000112669
-0.382711 -0.000114674
-0.391943 -0.00011668
-0.401175 -0.000118685
-0.410407 -0.000120691
-0.41964 -0.000122696
-0.428872 -0.000124701
-0.438104 -0.000126707
-0.447336 -0.000128712
-0.456568 -0.000130717
-0.465801 -0.000132723
-0.475033 -0.000134728
-0.484265 -0.000136733
-0.493497 -0.000138739
-0.502729 -0.000140744
-0.511962 -0.00014275
-0.521194 -0.000144755
-0.530426 -0.00014676
-0.539658 -0.000148766
-0.548891 -0.000150771
-0.558123 -0.000152776
-0.567355 -0.000154782
-0.576587 -0.000156787
-0.585819 -0.000158792
-0.595052 -0.000160798
-0.604284 -0.000162803
-0.613516 -0.000164809
-0.622748 -0.000166814
-0.63198 -0.000168819
-0.641213 -0.000170825
-0.650445 -0.00017283
-0.659677 -0.000174835
-0.668909 -0.000176841
-0.678141 -0.000178846
-0.687374 -0.000180851
-0.696606 -0.000182857
-0.705838 -0.000184862
-0.71507 -0.000186868
-0.724302 -0.000188873
-0.733535 -0.000190878
-0.742767 -0.000192884
-0.751999 -0.000194889
-0.761231 -0.000196894
-0.770464 -0.0001989
-0.779696 -0.000200905
-0.788928 -0.00020291
-0.79816 -0.000204916
-0.807392 -0.000206921
-0.816625 -0.000208927
-0.825857 -0.000210932
-0.835089 -0.000212937
-0.844321 -0.000214943
-0.853553 -0.000216948
-0.862786 -0.000218953
-0.872018 -0.000220959
-0.88125 -0.000222964
-0.890482 -0.000224969
-0.899714 -0.000226975
-0.908947 -0.00022898
-0.918179 -0.000230985
-0.927411 -0.000232991
-0.936643 -0.000234996
-0.945875 -0.000237002
-0.955108 -0.000239007
-0.96434 -0.000241012
-0.973572 -0.000243018
-0.982804 -0.000245023
-0.992037 -0.000247028
-1.00127 -0.000249034
-1.0105 -0.000251039
-1.01973 -0.000253044
-1.02897 -0.00025505
-1.0382 -0.000257055
-1.04743 -0.000259061
-1.05666 -0.000261066
-1.06589 -0.000263071
-1.07513 -0.000265077
-1.08436 -0.000267082
-1.09359 -0.000269087
-1.10282 -0.000271093
-1.11206 -0.000273098
-1.12129 -0.000275103
-1.13052 -0.000277109
-1.13975 -0.000279114
-1.14898 -0.00028112
-1.15822 -0.000283125
-1.16745 -0.00028513
-1.17668 -0.000287136
-1.18591 -0.000289141
-1.19515 -0.000291146
-1.20438 -0.000293152
-1.21361 -0.000295157
-1.22284 -0.000297162
-1.23207 -0.000299168
-1.24131 -0.000301173
-1.25054 -0.000303179
-1.25977 -0.000305184
-1.269 -0.000307189
-1.27823 -0.000309195
-1.28747 -0.0003112
-1.2967 -0.000313205
-1.30593 -0.000315211
-1.31516 -0.000317216
-1.3244 -0.000319221
-1.33363 -0.000321227
-1.34286 -0.000323232
-1.35209 -0.000325238
-1.36132 -0.000327243
-1.37056 -0.000329248
-1.37979 -0.000331254
-1.38902 -0.000333259
-1.39825 -0.000335264
-1.40749 -0.00033727
-1.41672 -0.000339275
-1.42595 -0.00034128
-1.43518 -0.000343286
-1.44441 -0.000345291
-1.45365 -0.000347296
-1.46288 -0.000349302
-1.47211 -0.000351307
-1.48134 -0.000353313
-1.49058 -0.000355318
-1.49981 -0.000357323
-1.50904 -0.000359329
-1.51827 -0.000361334
-1.5275 -0.000363339
-1.53674 -0.000365345
-1.54597 -0.00036735
-1.5552 -0.000369355
-1.56443 -0.000371361
-1.57367 -0.000373366
-1.5829 -0.000375372
-1.59213 -0.000377377
-1.60136 -0.000379382
-1.61059 -0.000381388
-1.61983 -0.000383393
-1.62906 -0.000385398
-1.63829 -0.000387404
-1.64752 -0.000389409
-1.65676 -0.000391414
-1.66599 -0.00039342
-1.67522 -0.000395425
-1.68445 -0.000397431
-1.69368 -0.000399436
-1.70292 -0.000401441
-1.71215 -0.000403447
-1.72138 -0.000405452
-1.73061 -0.000407457
-1.73985 -0.000409463
-1.74908 -0.000411468
-1.75831 -0.000413473
-1.76754 -0.000415479
-1.77677 -0.000417484
-1.78601 -0.00041949
-1.79524 -0.000421495
-1.80447 -0.0004235
-1.8137 -0.000425506
-1.82294 -0.000427511
-1.83217 -0.000429516
-1.8414 -0.000431522
-1.85063 -0.000433527
-1.85986 -0.000435532
-1.8691 -0.000437538
-1.87833 -0.000439543
-1.88756 -0.000441549
-1.89679 -0.000443554
-1.90603 -0.000445559
-1.91526 -0.000447565
-1.92435 -0.000449539
-1.87798 -0.000439624
-1.83162 -0.00042971
-1.78525 -0.000419795
-1.73888 -0.00040988
-1.69252 -0.000399966
-1.64615 -0.000390051
-1.59979 -0.000380136
-1.55342 -0.000370221
-1.50706 -0.000360307
-1.46069 -0.000350392
-1.41433 -0.000340477
-1.36796 -0.000330563
-1.3216 -0.000320648
-1.27523 -0.000310733
-1.22887 -0.000300819
-1.1825 -0.000290904
-1.13613 -0.000280989
-1.08977 -0.000271075
-1.0434 -0.00026116
-0.997038 -0.000251245
-0.950672 -0.000241331
-0.904307 -0.000231416
-0.857942 -0.000221501
-0.811576 -0.000211587
-0.765211 -0.000201672
-0.718845 -0.000191757
-0.67248 -0.000181842
-0.626114 -0.000171928
-0.579749 -0.000162013
-0.533384 -0.000152098
-0.487018 -0.000142184
-0.440653 -0.000132269
-0.394287 -0.000122354
-0.347922 -0.00011244
-0.301556 -0.000102525
-0.255191 -9.26104e-05
-0.208825 -8.26957e-05
-0.16246 -7.2781e-05
-0.116095 -6.28663e-05
-0.0697292 -5.29516e-05
-0.0242658 -4.20862e-05
0 -3.04632e-05
0 -3.82734e-06
0 2.28085e-05
0 4.94444e-05
0 7.60803e-05
0 0.000102716
0 0.000129352
0 0.000155988
0 0.000182624
0 0.00020926
0 0.000235896
0 0.000262531
0 0.000289167
0 0.000315803
0 0.000342439
0 0.000369075
0 0.000395711
0 0.000422347
0 0.000448983
0 0.000475618
0 0.000502254
0 0.00052889
0 0.000555526
0 0.000582162
0 0.000608798
0 0.000635434
0 0.00066207
0 0.000688705
0 0.000715341
0 0.000741977
0 0.000768613
0 0.000795249
0 0.000821885
0 0.000848521
0 0.000875157
0 0.000901792
0 0.000928428
0 0.000955064
0 0.0009817
0 0.00100834
0 0.00103497
0 0.00106161
0 0.00108824
0 0.00111488
0 0.00114152
0 0.00116815
0 0.00119479
0 0.00122142
0 0.00124806
0 0.00127469
0 0.00130133
0 0.00132797
0 0.0013546
0 0.00138124
0 0.00140787
0 0.00143451
0 0.00146115
0 0.00148778
0 0.00151442
0 0.00154105
0 0.00156769
0 0.00159433
0 0.00162096
0 0.0016476
0 0.00167423
0 0.00170087
0 0.0017275
0 0.00175414
0 0.00178078
0 0.00180741
0 0.00183405
0 0.00186068
0 0.00188732
0 0.00191396
0 0.00194059
0 0.00196723
0 0.00199386
0 0.0020205
0 0.00204714
0 0.00207377
0 0.00210041
0 0.00212704
0 0.00215368
0 0.00218031
0 0.00220695
0 0.00223359
0 0.00226022
0 0.00228686
0 0.00231349
0 0.00234013
0 0.00236677
0 0.0023934
0 0.00242004
0 0.00244667
0 0.00247331
0 0.00249994
0 0.00252658
0 0.00255322
0 0.00257985
0 0.00260649
0 0.00263312
0 0.00265976
0 0.0026864
0 0.00271303
0 0.00273967
0 0.0027663
0 0.00279294
0 0.00281697
0 0.00283256
0 0.00284852
0 0.00288319
0 0.00291786
0 0.00295253
0 0.0029872
0 0.00302187
0 0.00305654
0 0.00309121
0 0.00312588
0 0.00316055
0 0.00319522
0 0.00322989
0 0.00326456
0 0.00329923
0 0.0033339
0 0.00336857
0 0.00340323
0 0.0034379
0 0.00347257
0 0.00350724
0 0.00354191
0 0.00357658
0 0.00361125
0 0.00364592
0 0.00368059
0 0.00371526
0 0.00374993
0 0.0037846
0 0.00381927
0 0.00385394
0 0.00388861
0 0.00392328
0 0.00395795
0 0.00399262
0 0.00402729
0 0.00406196
0 0.00409663
0 0.0041313
0 0.00416597
0 0.00420064
0 0.00423531
0 0.00426998
0 0.00430465
0 0.00433932
0 0.00437399
0 0.00440866
0 0.00444333
0 0.004478
0 0.00451267
0 0.00454734
0 0.00458201
0 0.00461667
0 0.00465134
0 0.00468601
0 0.00472068
0 0.00475535
0 0.00479002
0 0.00482469
0 0.00485936
0 0.00489403
0 0.0049287
0 0.00496337
0 0.00499804
0 0.00503271
0 0.00506738
0 0.00510205
0 0.00513672
0 0.00517139
0 0.00520606
0 0.00524073
0 0.0052754
0 0.00531007
0 0.00534474
0 0.00537941
0 0.00541408
0 0.00544875
0 0.00548342
0 0.00551809
0 0.00555276
0 0.00558743
0 0.0056221
0 0.00565677
0 0.00569144
0 0.00572611
0 0.00576078
0 0.00579544
0 0.00583011
0 0.00586478
0 0.00589945
0 0.00593412
0 0.00596879
0 0.00600346
0 0.00603813
0 0.0060728
0 0.00610747
0 0.00614214
0 0.00617681
0 0.00621148
0 0.00624615
0 0.00628082
0 0.00631549
0 0.00635016
0 0.00638483
0 0.0064195
0 0.00645417
0 0.00648884
0 0.00652351
0 0.00655818
0 0.00659285
0 0.00662752
0 0.00666219
0 0.00669686
0 0.00673153
0 0.0067662
0 0.00680087
0 0.00683554
0 0.00687021
0 0.00690488
0 0.00693955
0 0.00697422
0 0.00700888
0 0.00704355
0 0.00707822
0 0.00711289
0 0.00714756
0 0.00718223
0 0.0072169
0 0.00725157
0 0.00728624
0 0.00732091
0 0.00735558
0 0.00739025
0 0.00742492
0 0.00745959
0 0.00749426
0 0.00752893
0 0.0075636
0 0.00759827
0 0.00763294
0 0.00766761
0 0.00770228
0 0.00773695
0 0.00777162
0 0.00780629
0 0.00784096
0 0.00787563
0 0.0079103
0 0.00794497
0 0.00797964
0 0.00801431
0 0.00804898
0 0.00808365
0 0.00811832
0 0.00815299
0 0.00818766
0 0.00822232
0 0.00825699
0 0.00829166
0 0.00832633
0 0.008361
0 0.00839567
0 0.00843034
0 0.00846501
0 0.00849968
0 0.00853435
0 0.00856902
0 0.00860369
0 0.00863836
0 0.00867303
0 0.0087077
0 0.00874237
0 0.00877704
0 0.00881171
0 0.00884638
0 0.00888105
0 0.00891572
0 0.00895039
0 0.00898506
0 0.00901973
0 0.0090544
0 0.00908907
0 0.00912374
0 0.00915841
0 0.00919308
0 0.00922775
0 0.00926242
0 0.00929709
0 0.00933176
0 0.00936643
0 0.0094011
0 0.00943576
0 0.00947043
0 0.0095051
0 0.00953977
0 0.00957444
0 0.00960911
0 0.00964378
0 0.00967845
0 0.00971312
0 0.00974779
0 0.00978246
0 0.00981713
0 0.0098518
0 0.00988647
0 0.00992114
0 0.00995581
0 0.00999048
0 0.0100252
0 0.0100598
0 0.0100945
0 0.0101292
0 0.0101638
0 0.0101985
0 0.0102332
0 0.0102678
0 0.0103025
0 0.0103372
0 0.0103718
0 0.0104065
0 0.0104412
0 0.0104759
0 0.0105105
0 0.0105452
0 0.0105799
0 0.0106145
0 0.0106492
0 0.0106839
0 0.0107185
0 0.0107532
0 0.0107879
0 0.0108226
0 0.0108572
0 0.0108919
0 0.0109266
0 0.0109612
0 0.0109959
0 0.0110306
0 0.0110652
0 0.0110999
0 0.0111346
0 0.0111693
0 0.0112039
0 0.0112386
0 0.0112733
0 0.0113079
0 0.0113426
0 0.0113773
0 0.0114119
0 0.0114879
0 0.0116013
0 0.0117147
0 0.011828
0 0.0119414
0 0.012057
0 0.0121725
0 0.0122881
0 0.0124036
0 0.0125192
0 0.0126347
0 0.0127503
0 0.0128658
0 0.0129814
0 0.0130969
0 0.0132125
0 0.013328
0 0.0134436
0 0.0135591
0 0.0136747
0 0.0137902
0 0.0139058
0 0.0140214
0 0.0141369
0 0.0142525
0 0.014368
0 0.0144836
0 0.0145991
0 0.0147147
0 0.0148302
0 0.0149458
0 0.0150613
0 0.0151769
0 0.0152924
0 0.015408
0 0.0155235
0 0.0156391
0 0.0157546
0 0.0158702
0 0.0159858
0 0.0161013
0 0.0162169
0 0.0163324
0 0.016448
0 0.0165635
0 0.0166791
0 0.0167946
0 0.0169102
0 0.0170257
0 0.0171413
0 0.0172568
0 0.0173724
0 0.0174879
0 0.0176035
0 0.017719
0 0.0178346
0 0.0179502
0 0.0180657
0 0.0181813
0 0.0182968
0 0.0184124
0 0.0185279
0 0.0186435
0 0.018759
0 0.0188746
0 0.0189901
0 0.0191057
0 0.0192212
0 0.0193368
0 0.0194523
0 0.0195679
0 0.0196834
0 0.019799
0 0.0199146
0 0.0200301
0 0.0201457
0 0.0202612
0 0.0203768
0 0.0204923
0 0.0206079
0 0.0207234
0 0.020839
0 0.0209545
0 0.0210701
0 0.0211856
0 0.0213012
0 0.0214167
0 0.0215323
0 0.0216478
0 0.0217634
0 0.021879
0 0.0219945
0 0.0221101
0 0.0222256
0 0.0223412
0 0.0224567
0 0.0225723
0 0.0226878
0 0.0228034
0 0.0229189
0 0.0230345
0 0.02315
0 0.0232656
0 0.0233811
0 0.0234967
0 0.0236122
0 0.0237278
0 0.0238434
0 0.0239589
0 0.0240745
0 0.02419
0 0.0243056
0 0.0244211
0 0.0245367
0 0.0246522
0 0.0247678
0 0.0248833
0 0.0249989
0 0.0251144
0 0.02523
0 0.0253455
0 0.0254611
0 0.0255766
0 0.0256922
0 0.0258078
0 0.0259233
0 0.0260389
0 0.0261544
0 0.02627
0 0.0263855
0 0.0265011
0 0.0266166
0 0.0267322
0 0.0268477
0 0.0269633
0 0.0270788
0 0.0271944
0 0.0273099
0 0.0274255
0 0.027541
0 0.0276566
0 0.0277722
0 0.0278877
0 0.0280033
0 0.0281188
0 0.0282344
0 0.0283499
0 0.0284655
0 0.028581
0 0.0286966
0 0.0288121
0 0.0289277
0 0.0290432
0 0.0291588
0 0.0292743
0 0.0293899
0 0.0295054
0 0.029621
0 0.0297366
0 0.0298521
0 0.0299677
0 0.0300832
0 0.0301988
0 0.0303143
0 0.0304299
0 0.0305454
0 0.030661
0 0.0307765
0 0.0308921
0 0.0310076
0 0.0311232
0 0.0312387
0 0.0313543
0 0.0314698
0 0.0315854
0 0.031701
0 0.0318165
0 0.0319321
0 0.0320476
0 0.0321632
0 0.0322787
0 0.0323943
0 0.0325098
0 0.0326254
0 0.0327409
0 0.0328565
0 0.032972
0 0.0330876
0 0.0332031
0 0.0333187
0 0.0334342
0 0.0335498
0 0.0336654
0 0.0337809
0 0.0338965
0 0.034012
0 0.0341276
0 0.0342431
0 0.0343587
0 0.0344742
0 0.0345898
0 0.0347053
0 0.0348209
0 0.0349364
0 0.0348288
0 0.0347211
0 0.0346135
0 0.0345059
0 0.0343982
0 0.0342906
0 0.0341829
0 0.0340753
0 0.0339677
0 0.03386
0 0.0337524
0 0.0336447
0 0.0335371
0 0.0334294
0 0.0333218
0 0.0332142
0 0.0331065
0 0.0329989
0 0.0328912
0 0.0327836
0 0.0326759
0 0.0325683
0 0.0324607
0 0.032353
0 0.0322454
0 0.0321377
0 0.0320301
0 0.0319224
0 0.0318148
0 0.0317072
0 0.0315995
0 0.0314919
0 0.0313842
0 0.0312766
0 0.031169
0 0.0310613
0 0.0309537
0 0.030846
0 0.0307384
0 0.0306307
0 0.0305239
0 0.0304178
0 0.0303269
0 0.030236
0 0.0301451
0 0.0300542
0 0.0299632
0 0.0298723
0 0.0297814
0 0.0296905
0 0.0295996
0 0.0295086
0 0.0294177
0 0.0293268
0 0.0292359
0 0.0291449
0 0.029054
0 0.0289631
0 0.0288722
0 0.0287813
0 0.0286903
0 0.0285994
0 0.0285085
0 0.0284176
0 0.0283266
0 0.0282357
0 0.0281448
0 0.0280539
0 0.027963
0 0.027872
0 0.0277811
0 0.0276902
0 0.0275993
0 0.0275084
0 0.0274174
0 0.0273265
0 0.0272356
0 0.0271447
0 0.0270537
0 0.0269628
0 0.0268719
0 0.026781
0 0.0266901
0 0.0265991
0 0.0265082
0 0.0264173
0 0.0263264
0 0.0262354
0 0.0261445
0 0.0260536
0 0.0259627
0 0.0258718
0 0.0257808
0 0.0256899
0 0.025599
0 0.0255081
0 0.0254172
0 0.0253262
0 0.0252353
0 0.0251444
0 0.0250535
0 0.0249625
0 0.0248716
0 0.0247807
0 0.0246898
0 0.0245989
0 0.0245079
0 0.024417
0 0.0243261
0 0.0242352
0 0.0241442
0 0.0240533
0 0.0239624
0 0.0238715
0 0.0237806
0 0.0236896
0 0.0235987
0 0.0235078
0 0.0234169
0 0.023326
0 0.023235
0 0.0231441
0 0.0230532
0 0.0229623
0 0.0228713
0 0.0227804
0 0.0226895
0 0.0225986
0 0.0225077
0 0.0224167
0 0.0223258
0 0.0222349
0 0.022144
0 0.0220531
0 0.0219621
0 0.0218712
0 0.0217803
0 0.0216894
0 0.0215984
0 0.0215075
0 0.0214166
0 0.0213257
0 0.0212348
0 0.0211438
0 0.0210529
0 0.020962
0 0.0208711
0 0.0207801
0 0.0206866
0 0.0205847
0 0.0204828
0 0.0203999
0 0.020317
0 0.0202341
0 0.0201512
0 0.0200683
0 0.0199855
0 0.0199026
0 0.0198197
0 0.0197368
0 0.0196539
0 0.019571
0 0.0194881
0 0.0194052
0 0.0193223
0 0.0192395
0 0.0191566
0 0.0190737
0 0.0189908
0 0.0189079
0 0.018825
0 0.0187421
0 0.0186592
0 0.0185763
0 0.0184935
0 0.0184106
0 0.0183277
0 0.0182448
0 0.0181619
0 0.018079
0 0.0179961
0 0.0179132
0 0.0178303
0 0.0177475
0 0.0176646
0 0.0175817
0 0.0174988
0 0.0174159
0 0.017333
0 0.0172501
0 0.0171672
0 0.0170843
0 0.0170014
0 0.0169186
0 0.0168357
0 0.0167528
0 0.0166699
0 0.016587
0 0.0165041
0 0.0164212
0 0.0163383
0 0.0162554
0 0.0161726
0 0.0160897
0 0.0160068
0 0.0159239
0 0.015841
0 0.0157581
0 0.0156752
0 0.0155923
0 0.0155094
0 0.0154266
0 0.0153437
0 0.0152608
0 0.0151779
0 0.015095
0 0.0150121
0 0.0149292
0 0.0148463
0 0.0147634
0 0.0146806
0 0.0145977
0 0.0145148
0 0.0144319
0 0.014349
0 0.0142661
0 0.0141832
0 0.0141003
0 0.0140174
0 0.0139346
0 0.0138517
0 0.0137688
0 0.0136859
0 0.013603
0 0.0135201
0 0.0134372
0 0.0133543
0 0.0132714
0 0.0131886
0 0.0131057
0 0.0130228
0 0.0129399
0 0.012857
0 0.0127741
0 0.0126912
0 0.0126083
0 0.0125254
0 0.0124426
0 0.0123597
0 0.0122768
0 0.0121939
0 0.012111
0 0.0120281
0 0.0119452
0 0.0118623
0 0.0117794
0 0.0116966
0 0.0116137
0 0.0115308
0 0.0114479
0 0.011365
0 0.0112821
0 0.0111992
0 0.0111163
0 0.0110334
0 0.0109506
0 0.0108677
0 0.0107848
0 0.0107019
0 0.010619
0 0.0105361
0 0.0104532
0 0.0103703
0 0.0102874
0 0.0102046
0 0.0101217
0 0.0100388
0 0.00995589
0 0.009873
0 0.00979011
0 0.00970722
0 0.00962433
0 0.00954145
0 0.00945856
0 0.00937567
0 0.00929278
0 0.00920989
0 0.009127
0 0.00904411
0 0.00896122
0 0.00887833
0 0.00879545
0 0.00871256
0 0.00862967
0 0.00854678
0 0.00846389
0 0.008381
0 0.00829811
0 0.00821522
0 0.00813233
0 0.00804945
0 0.00796656
