0.188085 6.97656e-05
0.132841 0.000187897
0.0775779 0.000306071
0.0223147 0.000424245
0 0.00053649
0 0.000428207
0 0.000319975
0 0.000211743
0 0.000103512
-0.0119805 -2.56308e-06
-0.221419 -4.77644e-05
-0.218655 -4.71735e-05
-0.215772 -4.65569e-05
-0.212888 -4.59402e-05
-0.237627 -5.12944e-05
-0.194267 -4.20222e-05
-0.150656 -3.26965e-05
-0.107044 -2.33708e-05
-0.0634328 -1.4045e-05
-0.0107403 -2.77733e-06
0 0.000103519
0 0.000211749
0 0.000319978
0 0.000428208
0 0.000536436
0 0.000428205
0 0.000319974
0 0.000211742
0 0.000103511
-0.0107957 -2.77779e-06
-0.0634393 -1.40376e-05
-0.107049 -2.33652e-05
-0.150659 -3.26929e-05
-0.194269 -4.20205e-05
-0.237878 -5.1349e-05
-0.194267 -4.20232e-05
-0.150655 -3.26974e-05
-0.107044 -2.33716e-05
-0.0634321 -1.40458e-05
-0.0107398 -2.77824e-06
0 0.000103519
0 0.000211748
0 0.000319977
0 0.000428207
0 0.000536436
0 0.000644504
0 0.000752543
0 0.000860554
0 0.000968536
0 0.00107649
0 0.000968258
0 0.000860027
0 0.000751795
0 0.000643564
0 0.000535333
0 0.000427101
0 0.00031887
0 0.000210639
0 0.000102408
-0.0135956 -3.37763e-06
-0.0634386 -1.40385e-05
-0.107048 -2.33661e-05
-0.150658 -3.26937e-05
-0.194268 -4.20213e-05
-0.237878 -5.1349e-05
-0.281345 -6.08384e-05
-0.324787 -7.03561e-05
-0.368204 -7.99023e-05
-0.411596 -8.94773e-05
-0.454962 -9.90814e-05
-0.411351 -8.97557e-05
-0.367739 -8.04299e-05
-0.324128 -7.11041e-05
-0.280516 -6.17783e-05
-0.236905 -5.24525e-05
-0.193293 -4.31267e-05
-0.149682 -3.3801e-05
-0.10607 -2.44752e-05
-0.0624589 -1.51494e-05
-0.0100619 -3.94494e-06
0 0.000102468
0 0.000210693
0 0.000318917
0 0.000427142
0 0.000535366
0 0.000643591
0 0.000751815
0 0.00086004
0 0.000968265
0 0.00107649
0 0.000968258
0 0.000860027
0 0.000751795
0 0.000643564
0 0.000535333
0 0.000427101
0 0.00031887
0 0.000210639
0 0.000102408
-0.0104423 -3.94494e-06
-0.0625122 -1.5089e-05
-0.106118 -2.44215e-05
-0.149723 -3.3754e-05
-0.193329 -4.30865e-05
-0.236934 -5.2419e-05
-0.28054 -6.17515e-05
-0.324146 -7.10839e-05
-0.367751 -8.04164e-05
-0.411357 -8.97489e-05
-0.454962 -9.90814e-05
-0.411351 -8.97557e-05
-0.367739 -8.04299e-05
-0.324128 -7.11041e-05
-0.280516 -6.17783e-05
-0.236905 -5.24525e-05
-0.193293 -4.31267e-05
-0.149682 -3.3801e-05
-0.10607 -2.44752e-05
-0.0624589 -1.51494e-05
-0.0100619 -3.94494e-06
0 0.000102468
0 0.000210693
0 0.000318917
0 0.000427142
0 0.000535366
0 0.000643591
0 0.000751815
0 0.00086004
0 0.000968265
0 0.00107649
0 0.00118441
0 0.00129231
0 0.00140017
0 0.001508
0 0.00161581
0 0.00150758
0 0.00139935
0 0.00129111
0 0.00118288
0 0.00107465
0 0.000966421
0 0.000858189
0 0.000749958
0 0.000641727
0 0.000533496
0 0.000425264
0 0.000317033
0 0.000208802
0 0.000100571
-0.0151058 -4.94301e-06
-0.0625122 -1.5089e-05
-0.106118 -2.44215e-05
-0.149723 -3.3754e-05
-0.193329 -4.30865e-05
-0.236934 -5.2419e-05
-0.28054 -6.17515e-05
-0.324146 -7.10839e-05
-0.367751 -8.04164e-05
-0.411357 -8.97489e-05
-0.454962 -9.90814e-05
-0.498302 -0.000108715
-0.541616 -0.000118378
-0.584904 -0.000128071
-0.628165 -0.000137794
-0.671399 -0.000147547
-0.627788 -0.000138222
-0.584177 -0.000128896
-0.540565 -0.00011957
-0.496954 -0.000110244
-0.453342 -0.000100919
-0.409731 -9.15927e-05
-0.366119 -8.2267e-05
-0.322508 -7.29412e-05
-0.278896 -6.36154e-05
-0.235285 -5.42896e-05
-0.191673 -4.49638e-05
-0.148062 -3.5638e-05
-0.10445 -2.63123e-05
-0.0608388 -1.69865e-05
-0.00879471 -5.85749e-06
0 0.000100774
0 0.000208991
0 0.000317208
0 0.000425425
0 0.000533641
0 0.000641858
0 0.000750075
0 0.000858291
0 0.000966508
0 0.00107472
0 0.00118294
0 0.00129116
0 0.00139937
0 0.00150759
0 0.00161581
0 0.00150758
0 0.00139935
0 0.00129111
0 0.00118288
0 0.00107465
0 0.000966421
0 0.000858189
0 0.000749958
0 0.000641727
0 0.000533496
0 0.000425264
0 0.000317033
0 0.000208802
0 0.000100571
-0.0100228 -5.85749e-06
-0.0610186 -1.67826e-05
-0.104617 -2.61229e-05
-0.148216 -3.54633e-05
-0.191815 -4.48036e-05
-0.235413 -5.4144e-05
-0.279012 -6.34843e-05
-0.32261 -7.28247e-05
-0.366209 -8.2165e-05
-0.409808 -9.15053e-05
-0.453406 -0.000100846
-0.497005 -0.000110186
-0.540604 -0.000119526
-0.584202 -0.000128867
-0.627801 -0.000138207
-0.671399 -0.000147547
-0.627788 -0.000138222
-0.584177 -0.000128896
-0.540565 -0.00011957
-0.496954 -0.000110244
-0.453342 -0.000100919
-0.409731 -9.15927e-05
-0.366119 -8.2267e-05
-0.322508 -7.29412e-05
-0.278896 -6.36154e-05
-0.235285 -5.42896e-05
-0.191673 -4.49638e-05
-0.148062 -3.5638e-05
-0.10445 -2.63123e-05
-0.0608388 -1.69865e-05
-0.00879471 -5.85749e-06
0 0.000100774
0 0.000208991
0 0.000317208
0 0.000425425
0 0.000533641
0 0.000641858
0 0.000750075
0 0.000858291
0 0.000966508
0 0.00107472
0 0.00118294
0 0.00129116
0 0.00139937
0 0.00150759
0 0.00161581
0 0.00172358
0 0.00183132
0 0.00193903
0 0.00204671
0 0.00215436
0 0.00226197
0 0.00236956
0 0.00247711
0 0.00258462
0 0.0026921
0 0.00258387
0 0.00247564
0 0.00236741
0 0.00225918
0 0.00215095
0 0.00204272
0 0.00193448
0 0.00182625
0 0.00171802
0 0.00160979
0 0.00150156
0 0.00139333
0 0.0012851
0 0.00117687
0 0.00106863
0 0.000960404
0 0.000852172
0 0.000743941
0 0.00063571
0 0.000527478
0 0.000419247
0 0.000311016
0 0.000202785
0 9.45534e-05
-0.01742 -7.44222e-06
-0.0610186 -1.67826e-05
-0.104617 -2.61229e-05
-0.148216 -3.54633e-05
-0.191815 -4.48036e-05
-0.235413 -5.4144e-05
-0.279012 -6.34843e-05
-0.32261 -7.28247e-05
-0.366209 -8.2165e-05
-0.409808 -9.15053e-05
-0.453406 -0.000100846
-0.497005 -0.000110186
-0.540604 -0.000119526
-0.584202 -0.000128867
-0.627801 -0.000138207
-0.671399 -0.000147547
-0.714607 -0.000157332
-0.757786 -0.000167147
-0.800939 -0.000176994
-0.844063 -0.000186872
-0.887159 -0.000196782
-0.930227 -0.000206724
-0.973266 -0.000216699
-1.01628 -0.000226707
-1.05926 -0.000236748
-1.10221 -0.000246822
-1.0586 -0.000237497
-1.01498 -0.000228171
-0.971373 -0.000218845
-0.927762 -0.000209519
-0.88415 -0.000200193
-0.840539 -0.000190868
-0.796928 -0.000181542
-0.753316 -0.000172216
-0.709705 -0.00016289
-0.666093 -0.000153565
-0.622482 -0.000144239
-0.57887 -0.000134913
-0.535259 -0.000125587
-0.491647 -0.000116261
-0.448036 -0.000106936
-0.404424 -9.76099e-05
-0.360813 -8.82841e-05
-0.317201 -7.89583e-05
-0.27359 -6.96325e-05
-0.229978 -6.03068e-05
-0.186367 -5.0981e-05
-0.142755 -4.16552e-05
-0.0991439 -3.23294e-05
-0.0555324 -2.30036e-05
-0.00471534 -1.19812e-05
0 9.53849e-05
0 0.0002037
0 0.000311876
0 0.000420067
0 0.00052826
0 0.000636452
0 0.000744644
0 0.000852836
0 0.000961029
0 0.00106922
0 0.00117741
0 0.00128561
0 0.0013938
0 0.00150199
0 0.00161018
0 0.00171837
0 0.00182657
0 0.00193476
0 0.00204295
0 0.00215114
0 0.00225934
0 0.00236753
0 0.00247572
0 0.00258391
0 0.0026921
0 0.00258387
0 0.00247564
0 0.00236741
0 0.00225918
0 0.00215095
0 0.00204272
0 0.00193448
0 0.00182625
0 0.00171802
0 0.00160979
0 0.00150156
0 0.00139333
0 0.0012851
0 0.00117687
0 0.00106863
0 0.000960404
0 0.000852172
0 0.000743941
0 0.00063571
0 0.000527478
0 0.000419247
0 0.000311016
0 0.000202785
0 9.45534e-05
-0.00943069 -1.19812e-05
-0.0570753 -2.22201e-05
-0.0996013 -3.13591e-05
-0.143453 -4.07831e-05
-0.187088 -5.01603e-05
-0.230667 -5.95256e-05
-0.274244 -6.88904e-05
-0.317821 -7.82553e-05
-0.361398 -8.76201e-05
-0.404975 -9.69849e-05
-0.448552 -0.00010635
-0.492129 -0.000115715
-0.535706 -0.000125079
-0.579283 -0.000134444
-0.62286 -0.000143809
-0.666438 -0.000153174
-0.710015 -0.000162539
-0.753592 -0.000171904
-0.797169 -0.000181269
-0.840746 -0.000190633
-0.884323 -0.000199998
-0.9279 -0.000209363
-0.971477 -0.000218728
-1.01505 -0.000228093
-1.05863 -0.000237458
-1.10221 -0.000246822
-1.0586 -0.000237497
-1.01498 -0.000228171
-0.971373 -0.000218845
-0.927762 -0.000209519
-0.88415 -0.000200193
-0.840539 -0.000190868
-0.796928 -0.000181542
-0.753316 -0.000172216
-0.709705 -0.00016289
-0.666093 -0.000153565
-0.622482 -0.000144239
-0.57887 -0.000134913
-0.535259 -0.000125587
-0.491647 -0.000116261
-0.448036 -0.000106936
-0.404424 -9.76099e-05
-0.360813 -8.82841e-05
-0.317201 -7.89583e-05
-0.27359 -6.96325e-05
-0.229978 -6.03068e-05
-0.186367 -5.0981e-05
-0.142755 -4.16552e-05
-0.0991439 -3.23294e-05
-0.0555324 -2.30036e-05
-0.00471534 -1.19812e-05
0 9.53849e-05
0 0.0002037
0 0.000311876
0 0.000420067
0 0.00052826
0 0.000636452
0 0.000744644
0 0.000852836
0 0.000961029
0 0.00106922
0 0.00117741
0 0.00128561
0 0.0013938
0 0.00150199
0 0.00161018
0 0.00171837
0 0.00182657
0 0.00193476
0 0.00204295
0 0.00215114
0 0.00225934
0 0.00236753
0 0.00247572
0 0.00258391
0 0.0026921
0 0.00279955
0 0.00290697
0 0.00301435
0 0.00312169
0 0.003229
0 0.00333628
0 0.00344351
0 0.00355791
0 0.00367474
0 0.00379158
0 0.00390842
0 0.00402526
0 0.00414211
0 0.00403387
0 0.00392564
0 0.00381741
0 0.00370918
0 0.00360095
0 0.00349272
0 0.00338449
0 0.00327626
0 0.00316802
0 0.00305979
0 0.00295156
0 0.00284333
0 0.0027351
0 0.00262687
0 0.00251864
0 0.00241041
0 0.00230217
0 0.00219394
0 0.00208571
0 0.00197748
0 0.00186925
0 0.00176102
0 0.00165279
0 0.00154456
0 0.00143632
0 0.00132809
0 0.00121986
0 0.00111163
0 0.0010034
0 0.000895167
0 0.000786936
0 0.000678705
0 0.000573796
0 0.000524875
0 0.00046429
0 0.000404784
0 0.000345917
0 0.000287137
0 0.000228359
0 0.00016958
0 0.000110802
0 5.20234e-05
0 -6.75516e-06
-0.0412051 -1.88096e-05
-0.0847822 -2.81744e-05
-0.128359 -3.75393e-05
-0.171936 -4.69041e-05
-0.215513 -5.6269e-05
-0.25909 -6.56338e-05
-0.302667 -7.49986e-05
-0.346244 -8.43635e-05
-0.389821 -9.37283e-05
-0.433398 -0.000103093
-0.476975 -0.000112458
-0.520552 -0.000121823
-0.56413 -0.000131188
-0.607707 -0.000140553
-0.651284 -0.000149917
-0.694861 -0.000159282
-0.738438 -0.000168647
-0.782015 -0.000178012
-0.825592 -0.000187377
-0.869169 -0.000196742
-0.912746 -0.000206106
-0.956323 -0.000215471
-0.9999 -0.000224836
-1.04348 -0.000234201
-1.08705 -0.000243566
-1.13021 -0.000253412
-1.16291 -0.000261131
-1.16588 -0.000261832
-1.16884 -0.000262532
-1.17179 -0.000263232
-1.17475 -0.000263932
-1.17771 -0.000264632
-1.18067 -0.000265333
-1.13706 -0.000256007
-1.09345 -0.000246681
-1.04984 -0.000237356
-1.00623 -0.00022803
-0.962615 -0.000218704
-0.919004 -0.000209378
-0.875392 -0.000200052
-0.831781 -0.000190727
-0.788169 -0.000181401
-0.744558 -0.000172075
-0.700946 -0.000162749
-0.657335 -0.000153423
-0.613723 -0.000144098
-0.570112 -0.000134772
-0.5265 -0.000125446
-0.482889 -0.00011612
-0.439277 -0.000106795
-0.395666 -9.74688e-05
-0.352054 -8.8143e-05
-0.308443 -7.88172e-05
-0.264831 -6.94914e-05
-0.22122 -6.01657e-05
-0.177608 -5.08399e-05
-0.133997 -4.15141e-05
-0.0903854 -3.21883e-05
-0.046774 -2.28625e-05
-0.00364758 -1.29867e-05
0 4.16557e-05
0 0.000100434
0 0.000159213
0 0.000217991
0 0.00027677
0 0.000335548
0 0.000394327
0 0.000453105
0 0.000511884
0 0.000570662
0 0.000629441
0 0.000688219
0 0.000746998
0 0.000805777
0 0.000864555
0 0.000923334
0 0.000982112
0 0.00104089
0 0.00109967
0 0.00115845
0 0.00121723
0 0.00127633
0 0.00138449
0 0.00149266
0 0.00160082
0 0.00170899
0 0.00181715
0 0.00192532
0 0.00203349
0 0.00214165
0 0.00224982
0 0.00235798
0 0.00246615
0 0.00257431
0 0.00268248
0 0.00279064
0 0.00289881
0 0.00300698
0 0.00311514
0 0.00322331
0 0.00333147
0 0.00343964
0 0.0035478
0 0.00365597
0 0.00376414
0 0.0038723
0 0.00398047
0 0.00408863
0 0.00420122
0 0.00409299
0 0.00398476
0 0.00387653
0 0.0037683
0 0.00366006
0 0.00355183
0 0.0034436
0 0.00333537
0 0.00322714
0 0.00311891
0 0.00301068
0 0.00290245
0 0.00279421
0 0.00268598
0 0.00257775
0 0.00246952
0 0.00236129
0 0.00225306
0 0.00214483
0 0.0020366
0 0.00192836
0 0.00182013
0 0.0017119
0 0.00160367
0 0.00149544
0 0.00138721
0 0.00130369
0 0.00124491
0 0.00118613
0 0.00112735
0 0.00106857
0 0.0010098
0 0.000951017
0 0.000892238
0 0.000833459
0 0.000774681
0 0.000715902
0 0.000657124
0 0.000598345
0 0.000539567
0 0.000480788
0 0.00042201
0 0.000363231
0 0.000304453
0 0.000245674
0 0.000186896
0 0.000128117
0 6.93386e-05
0 1.05601e-05
-0.02728 -1.72846e-05
-0.0708519 -2.66552e-05
-0.114424 -3.60258e-05
-0.157996 -4.53963e-05
-0.201568 -5.47669e-05
-0.24514 -6.41375e-05
-0.288712 -7.35081e-05
-0.332284 -8.28786e-05
-0.375856 -9.22492e-05
-0.419428 -0.00010162
-0.463 -0.00011099
-0.506572 -0.000120361
-0.550144 -0.000129732
-0.593716 -0.000139102
-0.637288 -0.000148473
-0.68086 -0.000157843
-0.724432 -0.000167214
-0.768004 -0.000176584
-0.811576 -0.000185955
-0.855147 -0.000195326
-0.898719 -0.000204696
-0.942291 -0.000214067
-0.985863 -0.000223437
-1.02944 -0.000232808
-1.07301 -0.000242178
-1.11658 -0.000251549
-1.1585 -0.000260564
-1.11488 -0.000251238
-1.07127 -0.000241912
-1.02766 -0.000232586
-0.98405 -0.00022326
-0.940438 -0.000213935
-0.896827 -0.000204609
-0.853215 -0.000195283
-0.809604 -0.000185957
-0.765992 -0.000176632
-0.722381 -0.000167306
-0.678769 -0.00015798
-0.635158 -0.000148654
-0.591546 -0.000139328
-0.547935 -0.000130003
-0.504324 -0.000120677
-0.460712 -0.000111351
-0.417101 -0.000102025
-0.373489 -9.26995e-05
-0.329878 -8.33737e-05
-0.286266 -7.40479e-05
-0.242655 -6.47221e-05
-0.199043 -5.53963e-05
-0.155432 -4.60706e-05
-0.11182 -3.67448e-05
-0.0682087 -2.7419e-05
-0.0245973 -1.80932e-05
0 1.27935e-05
0 7.15721e-05
0 0.000130351
0 0.000189129
0 0.000247908
0 0.000306686
0 0.000365465
0 0.000424243
0 0.000483022
0 0.0005418
0 0.000600579
0 0.000659357
0 0.000718136
0 0.000776914
0 0.000835693
0 0.000894471
0 0.00095325
0 0.00101203
0 0.00107081
0 0.00112959
0 0.00118836
0 0.00124714
0 0.00130592
0 0.00138927
0 0.00149744
0 0.0016056
0 0.00171377
0 0.00182193
0 0.0019301
0 0.00203827
0 0.00214643
0 0.0022546
0 0.00236276
0 0.00247093
0 0.00257909
0 0.00268726
0 0.00279542
0 0.00290359
0 0.00301176
0 0.00311992
0 0.00322809
0 0.00333625
0 0.00344442
0 0.00355258
0 0.00366075
0 0.00376892
0 0.00387708
0 0.00398525
0 0.00409341
0 0.00420161
0 0.00431852
0 0.00443543
0 0.00455235
0 0.00466926
0 0.00478617
0 0.00490309
0 0.00502
0 0.00513691
0 0.00525383
0 0.00537074
0 0.00548765
0 0.00560457
0 0.00549633
0 0.0053881
0 0.00527987
0 0.00517164
0 0.00506341
0 0.00495518
0 0.00484695
0 0.00473872
0 0.00463048
0 0.00452225
0 0.00441402
0 0.00430579
0 0.00419756
0 0.00408933
0 0.0039811
0 0.00387286
0 0.00376463
0 0.0036564
0 0.00354817
0 0.00343994
0 0.00333171
0 0.00322348
0 0.00311525
0 0.00300701
0 0.00289878
0 0.00279055
0 0.00268232
0 0.00260965
0 0.00255088
0 0.0024921
0 0.00243332
0 0.00237454
0 0.00231576
0 0.00225698
0 0.0021982
0 0.00213943
0 0.00208065
0 0.00202187
0 0.00196309
0 0.00190431
0 0.00184553
0 0.00178676
0 0.00172798
0 0.0016692
0 0.00161042
0 0.00155164
0 0.00149286
0 0.00143408
0 0.00137531
0 0.00131653
0 0.00125775
0 0.00119897
0 0.00114019
0 0.00108141
0 0.00102263
0 0.000963856
0 0.000905077
0 0.000846299
0 0.00078752
0 0.000728742
0 0.000669963
0 0.000611185
0 0.000552406
0 0.000493628
0 0.000434849
0 0.00037607
0 0.000317292
0 0.000258513
0 0.000199735
0 0.000140956
0 8.21779e-05
0 2.33993e-05
-0.0177624 -1.52378e-05
-0.0613344 -2.46083e-05
-0.104906 -3.39789e-05
-0.148478 -4.33495e-05
-0.19205 -5.27201e-05
-0.235622 -6.20906e-05
-0.279194 -7.14612e-05
-0.322766 -8.08318e-05
-0.366338 -9.02024e-05
-0.40991 -9.95729e-05
-0.453482 -0.000108944
-0.497054 -0.000118314
-0.540626 -0.000127685
-0.584198 -0.000137055
-0.62777 -0.000146426
-0.632039 -0.000147344
-0.635026 -0.000147986
-0.638012 -0.000148628
-0.640999 -0.000149271
-0.643985 -0.000149913
-0.646971 -0.000150555
-0.649958 -0.000151198
-0.652944 -0.00015184
-0.655931 -0.000152482
-0.658917 -0.000153124
-0.661904 -0.000153767
-0.66489 -0.000154409
-0.667877 -0.000155051
-0.624265 -0.000145725
-0.580654 -0.0001364
-0.537042 -0.000127074
-0.493431 -0.000117748
-0.449819 -0.000108422
-0.406208 -9.90965e-05
-0.362596 -8.97707e-05
-0.318985 -8.04449e-05
-0.275373 -7.11191e-05
-0.231762 -6.17933e-05
-0.18815 -5.24676e-05
-0.144539 -4.31418e-05
-0.100927 -3.3816e-05
-0.057316 -2.44902e-05
-0.0137045 -1.51644e-05
0 2.8074e-05
0 8.68526e-05
0 0.000145631
0 0.00020441
0 0.000263188
0 0.000321967
0 0.000380745
0 0.000439524
0 0.000498302
0 0.000557081
0 0.000615859
0 0.000674638
0 0.000733416
0 0.000792195
0 0.000850973
0 0.000909752
0 0.00096853
0 0.00102731
0 0.00108609
0 0.00114487
0 0.00120364
0 0.00126242
0 0.0013212
0 0.00137998
0 0.00143876
0 0.00149754
0 0.00155632
0 0.00161509
0 0.00167387
0 0.00173265
0 0.00179143
0 0.00185021
0 0.00190899
0 0.00196777
0 0.00202654
0 0.00208532
0 0.0021441
0 0.00220288
0 0.00226166
0 0.00232044
0 0.00237922
0 0.00243799
0 0.00249677
0 0.00255555
0 0.00261433
0 0.00267311
0 0.00273189
0 0.00279066
0 0.00284944
0 0.00290822
0 0.002967
0 0.00302578
0 0.00308456
0 0.00314334
0 0.00320211
0 0.00326089
0 0.00331967
0 0.00337845
0 0.00343723
0 0.00349601
0 0.00355479
0 0.00361356
0 0.00367234
0 0.00373112
0 0.0037899
0 0.00384868
0 0.00390746
0 0.00396624
0 0.00402501
0 0.00409553
0 0.00420369
0 0.00431186
0 0.00442002
0 0.00452819
0 0.00463635
0 0.00474452
0 0.00485268
0 0.00496085
0 0.00506902
0 0.00517718
0 0.00528535
0 0.00539351
0 0.00550168
0 0.00561027
0 0.00572718
0 0.00561895
0 0.00551072
0 0.00540249
0 0.00529426
0 0.00518603
0 0.0050778
0 0.00496957
0 0.00486133
0 0.0047531
0 0.00464487
0 0.00453664
0 0.00442841
0 0.00432018
0 0.00421195
0 0.00414121
0 0.00408243
0 0.00402366
0 0.00396488
0 0.0039061
0 0.00384732
0 0.00378854
0 0.00372976
0 0.00367098
0 0.00361221
0 0.00355343
0 0.00349465
0 0.00343587
0 0.00337709
0 0.00331831
0 0.00325954
0 0.00320076
0 0.00314198
0 0.0030832
0 0.00302442
0 0.00296564
0 0.00290686
0 0.00284809
0 0.00278931
0 0.00273053
0 0.00267175
0 0.00261297
0 0.00255419
0 0.00249541
0 0.00243664
0 0.00237786
0 0.00231908
0 0.0022603
0 0.00220152
0 0.00214274
0 0.00208396
0 0.00202519
0 0.00196641
0 0.00190763
0 0.00184885
0 0.00179007
0 0.00173129
0 0.00167252
0 0.00161374
0 0.00155496
0 0.00149618
0 0.0014374
0 0.00137862
0 0.00131984
0 0.00126107
0 0.00120229
0 0.00114351
0 0.00108473
0 0.00102595
0 0.000967173
0 0.000908394
0 0.000849616
0 0.000790837
0 0.000732059
0 0.00067328
0 0.000614502
0 0.000555723
0 0.000496945
0 0.000438166
0 0.000379388
0 0.000320609
0 0.00026183
0 0.000203052
0 0.000144273
0 8.54949e-05
0 2.67164e-05
-0.0153035 -1.47089e-05
-0.0588755 -2.40795e-05
-0.102447 -3.34501e-05
-0.146019 -4.28207e-05
-0.189591 -5.21913e-05
-0.233163 -6.15618e-05
-0.276735 -7.09324e-05
-0.320307 -8.0303e-05
-0.363879 -8.96736e-05
-0.407451 -9.90441e-05
-0.451023 -0.000108415
-0.494595 -0.000117785
-0.538167 -0.000127156
-0.581739 -0.000136526
-0.621877 -0.000145158
-0.578266 -0.000135833
-0.534654 -0.000126507
-0.491043 -0.000117181
-0.447431 -0.000107855
-0.40382 -9.85296e-05
-0.360208 -8.92038e-05
-0.316597 -7.9878e-05
-0.272985 -7.05522e-05
-0.229374 -6.12264e-05
-0.185762 -5.19007e-05
-0.142151 -4.25749e-05
-0.0985393 -3.32491e-05
-0.0549278 -2.39233e-05
-0.0113163 -1.45975e-05
0 3.1349e-05
0 9.01275e-05
0 0.000148906
0 0.000207685
0 0.000266463
0 0.000325242
0 0.00038402
0 0.000442799
0 0.000501577
0 0.000560356
0 0.000619134
0 0.000677913
0 0.000736691
0 0.00079547
0 0.000854248
0 0.000913027
0 0.000971805
0 0.00103058
0 0.00108936
0 0.00114814
0 0.00120692
0 0.0012657
0 0.00132448
0 0.00138326
0 0.00144203
0 0.00150081
0 0.00155959
0 0.00161837
0 0.00167715
0 0.00173593
0 0.0017947
0 0.00185348
0 0.00191226
0 0.00197104
0 0.00202982
0 0.0020886
0 0.00214738
0 0.00220615
0 0.00226493
0 0.00232371
0 0.00238249
0 0.00244127
0 0.00250005
0 0.00255883
0 0.0026176
0 0.00267638
0 0.00273516
0 0.00279394
0 0.00285272
0 0.0029115
0 0.00297028
0 0.00302905
0 0.00308783
0 0.00314661
0 0.00320539
0 0.00326417
0 0.00332295
0 0.00338172
0 0.0034405
0 0.00349928
0 0.00355806
0 0.00361684
0 0.00367562
0 0.0037344
0 0.00379317
0 0.00385195
0 0.00391073
0 0.00396951
0 0.00402829
0 0.00408707
0 0.00414585
0 0.00421361
0 0.00432177
0 0.00442994
0 0.0045381
0 0.00464627
0 0.00475443
0 0.0048626
0 0.00497076
0 0.00507893
0 0.0051871
0 0.00529526
0 0.00540343
0 0.00551159
0 0.00561976
0 0.00572798
0 0.0058449
0 0.00596181
0 0.00607872
0 0.00619564
0 0.00631255
0 0.00642946
0 0.00654638
0 0.00666329
0 0.0067802
0 0.00689712
0 0.00701403
0 0.00713094
0 0.00724786
0 0.00736477
0 0.00748168
0 0.0075986
0 0.00771544
0 0.0078316
0 0.00794777
0 0.00806393
0 0.00818009
0 0.00829625
0 0.00841241
0 0.00852857
0 0.00864473
0 0.00853709
0 0.00842944
0 0.0083218
0 0.00821416
0 0.00810652
0 0.00799887
0 0.00789123
0 0.00778359
0 0.00767595
0 0.00756801
0 0.00745978
0 0.00735154
0 0.00724331
0 0.00713508
0 0.00702685
0 0.00692013
0 0.00686522
0 0.00680542
0 0.00674645
0 0.00668767
0 0.00662889
0 0.00657011
0 0.00651133
0 0.00645255
0 0.00639377
0 0.006335
0 0.00627622
0 0.00621744
0 0.00615866
0 0.00609988
0 0.0060411
0 0.00598233
0 0.00592355
0 0.00586477
0 0.00580599
0 0.00574721
0 0.00568843
0 0.00562965
0 0.00557088
0 0.0055121
0 0.00545332
0 0.00539454
0 0.00533576
0 0.00527698
0 0.0052182
0 0.00515943
0 0.00510065
0 0.00504187
0 0.00498279
0 0.00492339
0 0.004864
0 0.0048046
0 0.00474521
0 0.00468581
0 0.00462642
0 0.00456702
0 0.00450763
0 0.00444823
0 0.00438883
0 0.00432944
0 0.00427004
0 0.00421065
0 0.00415125
0 0.00409186
0 0.00403246
0 0.00397307
0 0.00391367
0 0.00385427
0 0.00379488
0 0.00373548
0 0.00367609
0 0.00361669
0 0.0035573
0 0.0034979
0 0.00343851
0 0.00337911
0 0.00331971
0 0.00326032
0 0.00320092
0 0.00314153
0 0.00308213
0 0.00302274
0 0.00296334
0 0.00290395
0 0.0028216
0 0.00272713
0 0.00263266
0 0.00253819
0 0.00244372
0 0.00234925
0 0.00225478
0 0.0021603
0 0.00206583
0 0.00197136
0 0.00187689
0 0.00178242
0 0.00168795
0 0.00159348
0 0.00149901
0 0.00140453
0 0.00131006
0 0.00121559
0 0.00112112
0 0.00102665
0 0.000932177
0 0.000837706
0 0.000743234
0 0.000648763
0 0.000554292
0 0.00045982
0 0.000365349
0 0.000270878
0 0.000176406
0 8.19351e-05
-0.000548898 -1.15358e-05
-0.0469135 -2.1507e-05
-0.0932781 -3.14781e-05
-0.139643 -4.14493e-05
-0.186007 -5.14205e-05
-0.232372 -6.13916e-05
-0.278737 -7.13628e-05
-0.325101 -8.1334e-05
-0.371466 -9.13051e-05
-0.41783 -0.000101276
-0.450588 -0.000108321
-0.453782 -0.000109008
-0.456977 -0.000109695
-0.460171 -0.000110382
-0.463365 -0.000111069
-0.46656 -0.000111756
-0.469754 -0.000112443
-0.472948 -0.00011313
-0.476143 -0.000113817
-0.479337 -0.000114504
-0.482532 -0.000115191
-0.485726 -0.000115878
-0.48892 -0.000116565
-0.492115 -0.000117252
-0.495309 -0.000117939
-0.498504 -0.000118626
-0.501698 -0.000119313
-0.507834 -0.000120632
-0.514757 -0.000122121
-0.521681 -0.00012361
-0.528604 -0.000125099
-0.535527 -0.000126588
-0.54245 -0.000128077
-0.549374 -0.000129566
-0.556297 -0.000131055
-0.56322 -0.000132544
-0.516855 -0.000122629
-0.470489 -0.000112714
-0.424124 -0.0001028
-0.377758 -9.2885e-05
-0.331393 -8.29704e-05
-0.285028 -7.30557e-05
-0.238662 -6.3141e-05
-0.192297 -5.32263e-05
-0.145931 -4.33116e-05
-0.0995658 -3.33969e-05
-0.055116 -2.38919e-05
-0.0115045 -1.45661e-05
0 3.1167e-05
0 8.99455e-05
0 0.000148724
0 0.000207503
0 0.000266281
0 0.00032506
0 0.000383838
0 0.000442617
0 0.000501395
0 0.000560174
0 0.000618952
0 0.000677731
0 0.000736509
0 0.000795288
0 0.000854066
0 0.000912845
0 0.000971623
0 0.0010304
0 0.00108918
0 0.00114796
0 0.00120674
0 0.00126552
0 0.00132429
0 0.00138307
0 0.00144185
0 0.00150063
0 0.00155941
0 0.00161819
0 0.00167697
0 0.00173574
0 0.00179452
0 0.0018533
0 0.00191208
0 0.00197086
0 0.00202964
0 0.00208842
0 0.00214719
0 0.00220597
0 0.00226475
0 0.00232323
0 0.00238124
0 0.00243925
0 0.00249726
0 0.00255527
0 0.00261328
0 0.00267129
0 0.00272929
0 0.0027873
0 0.00284531
0 0.00290332
0 0.00296133
0 0.00301934
0 0.00307735
0 0.00313536
0 0.00319336
0 0.00325137
0 0.00330938
0 0.00336739
0 0.0034254
0 0.00348341
0 0.00354142
0 0.00359943
0 0.00365744
0 0.00371544
0 0.00377345
0 0.00383146
0 0.00388947
0 0.00394748
0 0.00400549
0 0.0040635
0 0.00412151
0 0.00417951
0 0.00423752
0 0.00429553
0 0.00435354
0 0.00439575
0 0.00441877
0 0.00444179
0 0.00446481
0 0.00448782
0 0.00451084
0 0.00453386
0 0.00455688
0 0.0045799
0 0.00460292
0 0.00462593
0 0.00464895
0 0.00467197
0 0.00469499
0 0.00471801
0 0.00474103
0 0.00476404
0 0.00478706
0 0.00481008
0 0.0048331
0 0.00485612
0 0.00487914
0 0.00490215
0 0.00492517
0 0.00494819
0 0.00497121
0 0.00499423
0 0.00501725
0 0.00504026
0 0.00506328
0 0.0050863
0 0.00515086
0 0.00526471
0 0.00537872
0 0.00549274
0 0.00560675
0 0.00572076
0 0.00583477
0 0.00594879
0 0.0060628
0 0.00617681
0 0.00629082
0 0.00640484
0 0.00651885
0 0.00663286
0 0.00674687
0 0.00686088
0 0.0069749
0 0.00708891
0 0.00720292
0 0.00731693
0 0.00743095
0 0.00754496
0 0.00765887
0 0.00777214
0 0.0078854
0 0.00799867
0 0.00811194
0 0.0082252
0 0.00833847
0 0.00845174
0 0.008565
0 0.0086791
0 0.00857145
0 0.00846381
0 0.00835617
0 0.00824853
0 0.00814089
0 0.00803324
0 0.0079256
0 0.00781796
0 0.00771032
0 0.00760267
0 0.00749456
0 0.00738633
0 0.00731683
0 0.00725806
0 0.00719928
0 0.0071405
0 0.00708172
0 0.00702294
0 0.00696416
0 0.00690539
0 0.00684661
0 0.00678783
0 0.00672905
0 0.00667027
0 0.00661149
0 0.00655271
0 0.00649394
0 0.00643516
0 0.00637638
0 0.0063176
0 0.00625882
0 0.00620004
0 0.00614126
0 0.00608249
0 0.00602371
0 0.00596493
0 0.00590615
0 0.00584737
0 0.00578859
0 0.00572981
0 0.00567104
0 0.00561226
0 0.00555348
0 0.0054947
0 0.00543592
0 0.00537714
0 0.00531837
0 0.00525959
0 0.00520081
0 0.00514203
0 0.00508325
0 0.00502421
0 0.00496468
0 0.00490515
0 0.00484563
0 0.0047861
0 0.00472657
0 0.00466704
0 0.00460751
0 0.00454798
0 0.00448845
0 0.00442893
0 0.0043694
0 0.00430987
0 0.00425034
0 0.00419081
0 0.00413128
0 0.00407176
0 0.00401223
0 0.0039527
0 0.00389317
0 0.00383364
0 0.00377411
0 0.00371458
0 0.00365506
0 0.00359553
0 0.003536
0 0.00347647
0 0.00341694
0 0.00335741
0 0.00329789
0 0.00323836
0 0.00317883
0 0.0031193
0 0.00305977
0 0.00300024
0 0.00294071
0 0.00286618
0 0.00277165
0 0.00267712
0 0.00258259
0 0.00248806
0 0.00239353
0 0.002299
0 0.00220447
0 0.00210994
0 0.00201541
0 0.00192088
0 0.00182635
0 0.00173182
0 0.00163729
0 0.00154276
0 0.00144823
0 0.0013537
0 0.00125917
0 0.00116464
0 0.00107011
0 0.000975579
0 0.000881049
0 0.000786519
0 0.000691989
0 0.000597459
0 0.000502929
0 0.000408399
0 0.000313869
0 0.000219339
0 0.000124809
0 3.0279e-05
-0.0230354 -1.63718e-05
-0.0393943 -1.98899e-05
-0.0557532 -2.3408e-05
-0.0721121 -2.69262e-05
-0.088471 -3.04443e-05
-0.10483 -3.39625e-05
-0.121189 -3.74806e-05
-0.137548 -4.09988e-05
-0.153907 -4.45169e-05
-0.170266 -4.8035e-05
-0.186624 -5.15532e-05
-0.202983 -5.50713e-05
-0.219342 -5.85895e-05
-0.235701 -6.21076e-05
-0.25206 -6.56258e-05
-0.268419 -6.91439e-05
-0.284778 -7.2662e-05
-0.301137 -7.61802e-05
-0.317496 -7.96983e-05
-0.333855 -8.32165e-05
-0.350214 -8.67346e-05
-0.366572 -9.02528e-05
-0.383763 -9.39498e-05
-0.403585 -9.82127e-05
-0.423407 -0.000102475
-0.443228 -0.000106738
-0.46305 -0.000111001
-0.482871 -0.000115264
-0.502693 -0.000119527
-0.522514 -0.00012379
-0.542336 -0.000128052
-0.562131 -0.00013231
-0.515766 -0.000122395
-0.4694 -0.00011248
-0.423035 -0.000102566
-0.37667 -9.26509e-05
-0.330304 -8.27362e-05
-0.283939 -7.28215e-05
-0.237573 -6.29068e-05
-0.191208 -5.29921e-05
-0.144842 -4.30774e-05
-0.0984769 -3.31628e-05
-0.0540139 -2.36549e-05
-0.0104024 -1.43291e-05
0 3.26537e-05
0 9.14322e-05
0 0.000150211
0 0.000208989
0 0.000267768
0 0.000326546
0 0.000385325
0 0.000444103
0 0.000502882
0 0.00056166
0 0.000620439
0 0.000679217
0 0.000737996
0 0.000796775
0 0.000855553
0 0.000914332
0 0.00097311
0 0.00103189
0 0.00109067
0 0.00114945
0 0.00120822
0 0.001267
0 0.00132578
0 0.00138456
0 0.00144334
0 0.00150212
0 0.0015609
0 0.00161967
0 0.00167845
0 0.00173723
0 0.00179601
0 0.00185479
0 0.00191357
0 0.00197235
0 0.00203112
0 0.0020899
0 0.00214868
0 0.00220746
0 0.00226624
0 0.00232474
0 0.00238274
0 0.00244075
0 0.00249876
0 0.00255677
0 0.00261478
0 0.00267278
0 0.00273079
0 0.0027888
0 0.00284681
0 0.00290482
0 0.00296282
0 0.00302083
0 0.00307884
0 0.00313685
0 0.00319485
0 0.00325286
0 0.00331087
0 0.00336888
0 0.00342689
0 0.00348489
0 0.0035429
0 0.00360091
0 0.00365892
0 0.00371693
0 0.00377493
0 0.00383294
0 0.00389095
0 0.00394896
0 0.00400696
0 0.00406497
0 0.00412298
0 0.00418099
0 0.004239
0 0.004297
0 0.00435501
0 0.00439799
0 0.00442101
0 0.00444403
0 0.00446705
0 0.00449006
0 0.00451308
0 0.0045361
0 0.00455912
0 0.00458214
0 0.00460515
0 0.00462817
0 0.00465119
0 0.00467421
0 0.00469723
0 0.00472024
0 0.00474326
0 0.00476628
0 0.0047893
0 0.00481231
0 0.00483533
0 0.00485835
0 0.00488137
0 0.00490439
0 0.0049274
0 0.00495042
0 0.00497344
0 0.00499646
0 0.00501948
0 0.00504249
0 0.00506551
0 0.00508853
0 0.00515109
0 0.00526514
0 0.00537917
0 0.00549319
0 0.00560722
0 0.00572125
0 0.00583527
0 0.0059493
0 0.00606332
0 0.00617735
0 0.00629138
0 0.0064054
0 0.00651943
0 0.00663345
0 0.00674748
0 0.00686151
0 0.00697553
0 0.00708956
0 0.00720358
0 0.00731761
0 0.00743164
0 0.00754566
0 0.00765958
0 0.00777286
0 0.00788614
0 0.00799942
0 0.0081127
0 0.00822598
0 0.00833926
0 0.00845254
0 0.00856582
0 0.0086791
0 0.00879516
0 0.00891123
0 0.00902729
0 0.00914336
0 0.00925942
0 0.00937548
0 0.00949155
0 0.00960761
0 0.00972368
0 0.00983974
0 0.00995581
0 0.0100719
0 0.0101879
0 0.010304
0 0.0104201
0 0.0105361
0 0.0106522
0 0.0107683
0 0.0108843
0 0.0110004
0 0.0111164
0 0.0112325
0 0.0113486
0 0.0114646
0 0.0115807
0 0.0114731
0 0.0113654
0 0.0112578
0 0.0111501
0 0.0110425
0 0.0109349
0 0.0108272
0 0.0107196
0 0.0106119
0 0.0105043
0 0.0103966
0 0.010289
0 0.0101814
0 0.0100737
0 0.00996607
0 0.00986675
0 0.00980798
0 0.0097492
0 0.00969042
0 0.00963164
0 0.00957286
0 0.00951408
0 0.00945531
0 0.00939653
0 0.00933775
0 0.00927897
0 0.00922019
0 0.00916141
0 0.00910263
0 0.00904386
0 0.00898508
0 0.0089263
0 0.00886752
0 0.00880874
0 0.00874996
0 0.00869118
0 0.00863241
0 0.00857363
0 0.00851485
0 0.00845607
0 0.00839729
0 0.00833851
0 0.00827973
0 0.00822096
0 0.00816218
0 0.0081034
0 0.00804462
0 0.00798584
0 0.00792706
0 0.00786829
0 0.00780228
0 0.0077343
0 0.00766631
0 0.00759832
0 0.00753033
0 0.00746234
0 0.00739435
0 0.00732636
0 0.00725837
0 0.00719038
0 0.00712239
0 0.00705441
0 0.00698642
0 0.00691843
0 0.00685044
0 0.00678245
0 0.00671446
0 0.00664647
0 0.00657848
0 0.00651049
0 0.0064425
0 0.00637452
0 0.00630653
0 0.00623854
0 0.00617055
0 0.00610256
0 0.00603457
0 0.00596658
0 0.00589859
0 0.0058306
0 0.00576262
0 0.00569463
0 0.00562664
0 0.00555865
0 0.00549066
0 0.00542267
0 0.00535468
0 0.00528669
0 0.0052187
0 0.00515071
0 0.00508273
0 0.00501474
0 0.00494675
0 0.00487876
0 0.00478654
0 0.00469256
0 0.00459858
0 0.0045046
0 0.00441062
0 0.00431664
0 0.00422266
0 0.00412868
0 0.0040347
0 0.00394072
0 0.00384674
0 0.00375276
0 0.00365878
0 0.0035648
0 0.00347082
0 0.00337684
0 0.00328286
0 0.00318888
0 0.0030949
0 0.00300092
0 0.00290694
0 0.00281055
0 0.00271209
0 0.00261364
0 0.00251518
0 0.00241672
0 0.00231826
0 0.0022198
0 0.00212134
0 0.00202288
0 0.00192442
0 0.00182596
0 0.00172751
0 0.00162905
0 0.00153059
0 0.00143213
0 0.00133367
0 0.00123521
0 0.00113675
0 0.00103829
0 0.000939834
0 0.000841376
0 0.000742917
0 0.000646747
0 0.000572582
0 0.000498417
0 0.000424252
0 0.000350087
0 0.000275922
0 0.000201757
0 0.000127592
0 5.34265e-05
-0.00205725 -1.18602e-05
-0.0184267 -1.53806e-05
-0.0347963 -1.89011e-05
-0.0511658 -2.24215e-05
-0.0675353 -2.59419e-05
-0.0839048 -2.94623e-05
-0.100274 -3.29827e-05
-0.116644 -3.65032e-05
-0.133013 -4.00236e-05
-0.149383 -4.3544e-05
-0.165752 -4.70644e-05
-0.182122 -5.05848e-05
-0.198491 -5.41053e-05
-0.214861 -5.76257e-05
-0.23123 -6.11461e-05
-0.2476 -6.46665e-05
-0.263969 -6.81869e-05
-0.280339 -7.17074e-05
-0.296708 -7.52278e-05
-0.314859 -7.91313e-05
-0.334707 -8.33998e-05
-0.354555 -8.76682e-05
-0.374402 -9.19367e-05
-0.39425 -9.62051e-05
-0.414098 -0.000100474
-0.433945 -0.000104742
-0.453793 -0.00010901
-0.473641 -0.000113279
-0.491809 -0.000117186
-0.498764 -0.000118682
-0.505719 -0.000120178
-0.512674 -0.000121673
-0.519629 -0.000123169
-0.526584 -0.000124665
-0.533539 -0.000126161
-0.540494 -0.000127656
-0.54745 -0.000129152
-0.554405 -0.000130648
-0.56136 -0.000132144
-0.568315 -0.000133639
-0.57527 -0.000135135
-0.582225 -0.000136631
-0.58918 -0.000138127
-0.596135 -0.000139622
-0.60309 -0.000141118
-0.610046 -0.000142614
-0.617001 -0.00014411
-0.623956 -0.000145606
-0.630911 -0.000147101
-0.637866 -0.000148597
-0.644821 -0.000150093
-0.651776 -0.000151589
-0.658731 -0.000153084
-0.665687 -0.00015458
-0.619321 -0.000144665
-0.572956 -0.000134751
-0.52659 -0.000124836
-0.480225 -0.000114921
-0.433859 -0.000105007
-0.387494 -9.50921e-05
-0.341129 -8.51774e-05
-0.294763 -7.52627e-05
-0.248398 -6.5348e-05
-0.202032 -5.54333e-05
-0.155667 -4.55187e-05
-0.109301 -3.5604e-05
-0.0629359 -2.56893e-05
-0.0165705 -1.57746e-05
0 2.55405e-05
0 8.43191e-05
0 0.000143098
0 0.000201876
0 0.000260655
0 0.000319433
0 0.000378212
0 0.00043699
0 0.000495769
0 0.000554547
0 0.000613326
0 0.000672104
0 0.000730883
0 0.000789661
0 0.00084844
0 0.000907218
0 0.000965997
0 0.00102478
0 0.00108355
0 0.00114233
0 0.00120111
0 0.00125989
0 0.00131867
0 0.00137745
0 0.00143623
0 0.001495
0 0.00155378
0 0.00161256
0 0.00167134
0 0.00173012
0 0.0017889
0 0.00184767
0 0.00190645
0 0.00196523
0 0.00202401
0 0.00208279
0 0.00214157
0 0.00219526
0 0.00224478
0 0.0022943
0 0.00234382
0 0.00239334
0 0.00244285
0 0.00249237
0 0.00254189
0 0.00259141
0 0.00264093
0 0.00269045
0 0.00273997
0 0.00278949
0 0.00283901
0 0.00288853
0 0.00293804
0 0.00298756
0 0.00303708
0 0.0030866
0 0.00313612
0 0.00318564
0 0.00323516
0 0.00328468
0 0.0033342
0 0.00338372
0 0.00343323
0 0.00348275
0 0.00353227
0 0.00358179
0 0.00363131
0 0.00368083
0 0.00373035
0 0.00377987
0 0.00382939
0 0.00387891
0 0.00392842
0 0.00397794
0 0.00402746
0 0.00407698
0 0.0041265
0 0.00417602
0 0.00422554
0 0.00427506
0 0.00432458
0 0.00435743
0 0.00438099
0 0.00440455
0 0.0044281
0 0.00445166
0 0.00447522
0 0.00449878
0 0.00452234
0 0.0045459
0 0.00456946
0 0.00459301
0 0.00461657
0 0.00464013
0 0.00466369
0 0.00468725
0 0.00471081
0 0.00473437
0 0.00475792
0 0.00478148
0 0.00480504
0 0.0048286
0 0.00485216
0 0.00487572
0 0.00489928
0 0.00491964
0 0.00493872
0 0.0049578
0 0.00497687
0 0.00499595
0 0.00502274
0 0.00507397
0 0.0051252
0 0.00517643
0 0.00522766
0 0.00527888
0 0.00533011
0 0.00538134
0 0.00543257
0 0.0054838
0 0.00553503
0 0.00558626
0 0.00563749
0 0.00568872
0 0.00573995
0 0.00579117
0 0.0058424
0 0.00589363
0 0.00594486
0 0.00599609
0 0.00604732
0 0.00609855
0 0.00614978
0 0.00620101
0 0.00625224
0 0.00630346
0 0.00635469
0 0.00640592
0 0.00645715
0 0.00650838
0 0.00655961
0 0.00661084
0 0.00668312
0 0.00679799
0 0.00691286
0 0.00702772
0 0.00714259
0 0.00725746
0 0.00737233
0 0.00748719
0 0.00760194
0 0.00771604
0 0.00783014
0 0.00794424
0 0.00805834
0 0.00817244
0 0.00828654
0 0.00840064
0 0.00851474
0 0.00862884
0 0.00874294
0 0.00885705
0 0.00897115
0 0.00908525
0 0.00919935
0 0.00931345
0 0.00942755
0 0.00954165
0 0.00965575
0 0.00976985
0 0.00988395
0 0.00999805
0 0.0101122
0 0.0102263
0 0.0103404
0 0.0104545
0 0.0105686
0 0.0106827
0 0.0107968
0 0.0109109
0 0.011025
0 0.0111391
0 0.0112532
0 0.0113673
0 0.0114814
0 0.0115957
0 0.0114881
0 0.0113804
0 0.0112728
0 0.0111651
0 0.0110575
0 0.0109499
0 0.0108422
0 0.0107346
0 0.0106269
0 0.0105193
0 0.0104117
0 0.010304
0 0.0101964
0 0.0100887
0 0.0100139
0 0.00995514
0 0.00989636
0 0.00983759
0 0.00977881
0 0.00972003
0 0.00966125
0 0.00960247
0 0.00954369
0 0.00948491
0 0.00942614
0 0.00936736
0 0.00930858
0 0.0092498
0 0.00919102
0 0.00913224
0 0.00907346
0 0.00901469
0 0.00895591
0 0.00889713
0 0.00883835
0 0.00877957
0 0.00872079
0 0.00866201
0 0.00860324
0 0.00854446
0 0.00848568
0 0.0084269
0 0.00836812
0 0.00830934
0 0.00825056
0 0.00819179
0 0.00813301
0 0.00807423
0 0.00801545
0 0.00795667
0 0.00789789
0 0.00783424
0 0.00776621
0 0.00769819
0 0.00763016
0 0.00756214
0 0.00749411
0 0.00742608
0 0.00735806
0 0.00729003
0 0.00722201
0 0.00715398
0 0.00708596
0 0.00701793
0 0.00694991
0 0.00688188
0 0.00681386
0 0.00674583
0 0.00667781
0 0.00660978
0 0.00654176
0 0.00647373
0 0.00640571
0 0.00633768
0 0.00626966
0 0.00620163
0 0.00613361
0 0.00606558
0 0.00599756
0 0.00592953
0 0.00586151
0 0.00579348
0 0.00572546
0 0.00565743
0 0.00558941
0 0.00552138
0 0.00545336
0 0.00538533
0 0.00531731
0 0.00524928
0 0.00518126
0 0.00511323
0 0.00504521
0 0.00497718
0 0.00490916
0 0.00482464
0 0.00473064
0 0.00463665
0 0.00454266
0 0.00444866
0 0.00435467
0 0.00426068
0 0.00416668
0 0.00407269
0 0.0039787
0 0.0038847
0 0.00379071
0 0.00369672
0 0.00360272
0 0.00350873
0 0.00341474
0 0.00332074
0 0.00322675
0 0.00313275
0 0.00303876
0 0.00294477
0 0.00285077
0 0.00275678
0 0.00266279
0 0.00256523
0 0.00246676
0 0.00236828
0 0.00226981
0 0.00217133
0 0.00208389
0 0.00201763
0 0.00195138
0 0.00188512
0 0.00181886
0 0.0017526
0 0.00168635
0 0.00162009
0 0.00155383
0 0.00148757
0 0.00142131
0 0.00135506
0 0.0012888
0 0.00122254
0 0.00115628
0 0.00109002
0 0.00102377
0 0.000957508
0 0.000891251
0 0.000824993
0 0.000758735
0 0.000692477
0 0.000626219
0 0.000559961
0 0.000493703
0 0.000427445
0 0.000361187
0 0.000294929
0 0.000228671
0 0.000162414
0 9.61557e-05
0 2.98978e-05
-0.00468643 -1.24256e-05
-0.0171356 -1.5103e-05
-0.0295849 -1.77803e-05
-0.0420341 -2.04576e-05
-0.0544833 -2.31349e-05
-0.0669325 -2.58123e-05
-0.0793817 -2.84896e-05
-0.0918309 -3.11669e-05
-0.105195 -3.4041e-05
-0.121201 -3.74833e-05
-0.137207 -4.09256e-05
-0.153214 -4.43679e-05
-0.16922 -4.78102e-05
-0.185226 -5.12525e-05
-0.201233 -5.46948e-05
-0.217239 -5.81371e-05
-0.233245 -6.15794e-05
-0.249252 -6.50218e-05
-0.265258 -6.84641e-05
-0.281264 -7.19064e-05
-0.29727 -7.53487e-05
-0.313277 -7.8791e-05
-0.329283 -8.22333e-05
-0.345289 -8.56756e-05
-0.361296 -8.91179e-05
-0.377302 -9.25602e-05
-0.393308 -9.60026e-05
-0.409315 -9.94449e-05
-0.425321 -0.000102887
-0.441327 -0.000106329
-0.457333 -0.000109772
-0.47334 -0.000113214
-0.489346 -0.000116656
-0.505352 -0.000120099
-0.521359 -0.000123541
-0.537365 -0.000126983
-0.553371 -0.000130426
-0.569378 -0.000133868
-0.585384 -0.00013731
-0.60139 -0.000140753
-0.617396 -0.000144195
-0.633403 -0.000147637
-0.649409 -0.00015108
-0.665411 -0.000154521
-0.619045 -0.000144606
-0.57268 -0.000134691
-0.526314 -0.000124777
-0.479949 -0.000114862
-0.433584 -0.000104947
-0.387218 -9.50327e-05
-0.340853 -8.51181e-05
-0.294487 -7.52034e-05
-0.248122 -6.52887e-05
-0.201756 -5.5374e-05
-0.155391 -4.54593e-05
-0.109025 -3.55446e-05
-0.06266 -2.563e-05
-0.0162946 -1.57153e-05
0 2.58906e-05
0 8.46691e-05
0 0.000143448
0 0.000202226
0 0.000261005
0 0.000319783
0 0.000378562
0 0.00043734
0 0.000496119
0 0.000554897
0 0.000613676
0 0.000672454
0 0.000731233
0 0.000790011
0 0.00084879
0 0.000907569
0 0.000966347
0 0.00102513
0 0.0010839
0 0.00114268
0 0.00120146
0 0.00126024
0 0.00131902
0 0.0013778
0 0.00143658
0 0.00149535
0 0.00155413
0 0.00161291
0 0.00167169
0 0.00173047
0 0.00178925
0 0.00184802
0 0.0019068
0 0.00196558
0 0.00202436
0 0.00208314
0 0.00214192
0 0.00219566
0 0.00224517
0 0.00229469
0 0.00234421
0 0.00239373
0 0.00244325
0 0.00249277
0 0.00254229
0 0.00259181
0 0.00264133
0 0.00269084
0 0.00274036
0 0.00278988
0 0.0028394
0 0.00288892
0 0.00293844
0 0.00298796
0 0.00303748
0 0.00308699
0 0.00313651
0 0.00318603
0 0.00323555
0 0.00328507
0 0.00333459
0 0.00338411
0 0.00343363
0 0.00348315
0 0.00353266
0 0.00358218
0 0.0036317
0 0.00368122
0 0.00373074
0 0.00378026
0 0.00382978
0 0.0038793
0 0.00392882
0 0.00397833
0 0.00402785
0 0.00407737
0 0.00412689
0 0.00417641
0 0.00422593
0 0.00427545
0 0.00432497
0 0.00435795
0 0.00438151
0 0.00440507
0 0.00442863
0 0.00445219
0 0.00447574
0 0.0044993
0 0.00452286
0 0.00454642
0 0.00456998
0 0.00459354
0 0.0046171
0 0.00464065
0 0.00466421
0 0.00468777
0 0.00471133
0 0.00473489
0 0.00475845
0 0.00478201
0 0.00480556
0 0.00482912
0 0.00485268
0 0.00487624
0 0.0048998
0 0.00492023
0 0.00493931
0 0.00495838
0 0.00497746
0 0.00499654
0 0.0050246
0 0.00507586
0 0.00512713
0 0.00517839
0 0.00522965
0 0.00528092
0 0.00533218
0 0.00538345
0 0.00543471
0 0.00548597
0 0.00553724
0 0.0055885
0 0.00563977
0 0.00569103
0 0.00574229
0 0.00579356
0 0.00584482
0 0.00589608
0 0.00594735
0 0.00599861
0 0.00604988
0 0.00610114
0 0.0061524
0 0.00620367
0 0.00625493
0 0.00630619
0 0.00635746
0 0.00640872
0 0.00645999
0 0.00651125
0 0.00656251
0 0.00661378
0 0.00668324
0 0.00679811
0 0.00691298
0 0.00702785
0 0.00714273
0 0.0072576
0 0.00737247
0 0.00748734
0 0.00760208
0 0.00771619
0 0.00783029
0 0.00794439
0 0.0080585
0 0.0081726
0 0.0082867
0 0.00840081
0 0.00851491
0 0.00862902
0 0.00874312
0 0.00885722
0 0.00897133
0 0.00908543
0 0.00919954
0 0.00931364
0 0.00942774
0 0.00954185
0 0.00965595
0 0.00977006
0 0.00988416
0 0.00999826
0 0.0101124
0 0.0102265
0 0.0103406
0 0.0104547
0 0.0105688
0 0.0106829
0 0.010797
0 0.0109111
0 0.0110252
0 0.0111393
0 0.0112534
0 0.0113675
0 0.0114816
0 0.0115957
0 0.0117118
0 0.0118278
0 0.0119439
0 0.0120599
0 0.012176
0 0.0122921
0 0.0124081
0 0.0125242
0 0.0126402
0 0.0127563
0 0.0128723
0 0.0129884
0 0.0131045
0 0.0132205
0 0.0133366
0 0.0134526
0 0.0135687
0 0.0136848
0 0.0138008
0 0.0139169
0 0.0140329
0 0.014149
0 0.014265
0 0.0143811
0 0.0144972
0 0.0146132
0 0.0147293
0 0.0148453
0 0.0149614
0 0.0150774
0 0.0151935
0 0.0153096
0 0.0154256
0 0.0155417
0 0.0156577
0 0.0157738
0 0.0158898
0 0.0160059
0 0.016122
0 0.016238
0 0.0163541
0 0.0164701
0 0.0165862
0 0.0167022
0 0.0168183
0 0.0169344
0 0.0170504
0 0.0171665
0 0.0172825
0 0.0173986
0 0.0172909
0 0.0171833
0 0.0170757
0 0.016968
0 0.0168604
0 0.0167527
0 0.0166451
0 0.0165375
0 0.0164298
0 0.0163222
0 0.0162145
0 0.0161069
0 0.0159992
0 0.0158916
0 0.015784
0 0.0156763
0 0.0155687
0 0.015461
0 0.0153534
0 0.0152457
0 0.0151381
0 0.015033
0 0.0149813
0 0.0149215
0 0.0148625
0 0.0148038
0 0.014745
0 0.0146862
0 0.0146274
0 0.0145686
0 0.0145099
0 0.0144511
0 0.0143923
0 0.0143335
0 0.0142748
0 0.014216
0 0.0141572
0 0.0140984
0 0.0140396
0 0.0139809
0 0.0139221
0 0.0138633
0 0.0138045
0 0.0137457
0 0.013687
0 0.0136282
0 0.0135694
0 0.0135106
0 0.0134388
0 0.0133606
0 0.0132823
0 0.013204
0 0.0131258
0 0.0130475
0 0.0129692
0 0.0128909
0 0.0128127
0 0.0127344
0 0.0126561
0 0.0125779
0 0.0124996
0 0.0124213
0 0.0123431
0 0.0122648
0 0.0121865
0 0.0121082
0 0.01203
0 0.0119517
0 0.0118734
0 0.0117952
0 0.0117169
0 0.0116386
0 0.0115603
0 0.0114821
0 0.0114038
0 0.0113255
0 0.0112473
0 0.011169
0 0.0110907
0 0.0110124
0 0.0109342
0 0.0108559
0 0.0107776
0 0.0106994
0 0.0106211
0 0.0105428
0 0.0104645
0 0.0103863
0 0.010308
0 0.0102297
0 0.0101515
0 0.0100732
0 0.00999492
0 0.00991665
0 0.00983838
0 0.00976011
0 0.00968184
0 0.00960357
0 0.0095253
0 0.00944703
0 0.00936876
0 0.00929048
0 0.00921221
0 0.00913394
0 0.00905567
0 0.0089774
0 0.00889913
0 0.00882086
0 0.00872359
0 0.00862586
0 0.00852813
0 0.0084304
0 0.00833267
0 0.00823494
0 0.00813722
0 0.00803949
0 0.00794176
0 0.00784403
0 0.0077463
0 0.00764857
0 0.00755084
0 0.00745311
0 0.00735538
0 0.00725765
0 0.00715992
0 0.0070622
0 0.00696447
0 0.00686674
0 0.00676901
0 0.00667128
0 0.00657355
0 0.00647582
0 0.00637809
0 0.00628036
0 0.00618263
0 0.0060849
0 0.00598718
0 0.00588945
0 0.00579172
0 0.00569399
0 0.00559626
0 0.00549853
0 0.0054008
0 0.00530307
0 0.00520534
0 0.00510761
0 0.00500988
0 0.00491216
0 0.00481443
0 0.0047167
0 0.00461897
0 0.00452124
0 0.00442351
0 0.00432578
0 0.00422805
0 0.00413032
0 0.00403259
0 0.00393487
0 0.00383714
0 0.00373941
0 0.00364168
0 0.00356798
0 0.00349767
0 0.00342736
0 0.00335706
0 0.00328675
0 0.00321644
0 0.00314614
0 0.00307583
0 0.00300553
0 0.00293522
0 0.00286491
0 0.00279461
0 0.0027243
0 0.00265399
0 0.00258369
0 0.00251338
0 0.00244307
0 0.00237277
0 0.00230246
0 0.00223216
0 0.00216185
0 0.00209154
0 0.00202124
0 0.00195093
0 0.00188062
0 0.00181032
0 0.00174001
0 0.0016697
0 0.0015994
0 0.00152909
0 0.00145879
0 0.00138848
0 0.00131817
0 0.00124787
0 0.00117756
0 0.00110725
0 0.00103695
0 0.00096664
0 0.000896334
0 0.000826028
0 0.000755721
0 0.000685415
0 0.000615109
0 0.000544802
0 0.000472073
0 0.000397289
0 0.000322506
0 0.000247723
0 0.00017294
0 9.81565e-05
0 2.33733e-05
-0.00665163 -1.28483e-05
-0.0190898 -1.55232e-05
-0.0334439 -1.86102e-05
-0.0494563 -2.20538e-05
-0.0654687 -2.54975e-05
-0.0814811 -2.89411e-05
-0.0974935 -3.23847e-05
-0.113506 -3.58283e-05
-0.129518 -3.92719e-05
-0.145531 -4.27156e-05
-0.161543 -4.61592e-05
-0.177555 -4.96028e-05
-0.193568 -5.30464e-05
-0.20958 -5.649e-05
-0.225593 -5.99337e-05
-0.241605 -6.33773e-05
-0.257617 -6.68209e-05
-0.27363 -7.02645e-05
-0.289642 -7.37081e-05
-0.305655 -7.71518e-05
-0.321667 -8.05954e-05
-0.337679 -8.4039e-05
-0.353692 -8.74826e-05
-0.369704 -9.09262e-05
-0.385716 -9.43699e-05
-0.401729 -9.78135e-05
-0.417741 -0.000101257
-0.433754 -0.000104701
-0.449766 -0.000108144
-0.465778 -0.000111588
-0.481791 -0.000115032
-0.497803 -0.000118475
-0.513816 -0.000121919
-0.529828 -0.000125362
-0.54584 -0.000128806
-0.561853 -0.00013225
-0.577865 -0.000135693
-0.592661 -0.000138875
-0.599649 -0.000140378
-0.606637 -0.000141881
-0.613625 -0.000143384
-0.620613 -0.000144887
-0.627601 -0.00014639
-0.634589 -0.000147892
-0.641577 -0.000149395
-0.648565 -0.000150898
-0.655553 -0.000152401
-0.662542 -0.000153904
-0.66953 -0.000155407
-0.676518 -0.000156909
-0.683506 -0.000158412
-0.690494 -0.000159915
-0.697482 -0.000161418
-0.70447 -0.000162921
-0.711458 -0.000164424
-0.718446 -0.000165927
-0.725434 -0.000167429
-0.732422 -0.000168932
-0.73941 -0.000170435
-0.746398 -0.000171938
-0.753386 -0.000173441
-0.760374 -0.000174944
-0.767362 -0.000176447
-0.77435 -0.000177949
-0.781338 -0.000179452
-0.788327 -0.000180955
-0.795315 -0.000182458
-0.802303 -0.000183961
-0.809291 -0.000185464
-0.816279 -0.000186966
-0.823267 -0.000188469
-0.830255 -0.000189972
-0.837243 -0.000191475
-0.844231 -0.000192978
-0.851219 -0.000194481
-0.858207 -0.000195984
-0.865195 -0.000197486
-0.872183 -0.000198989
-0.879171 -0.000200492
-0.886159 -0.000201995
-0.893147 -0.000203498
-0.900135 -0.000205001
-0.907123 -0.000206504
-0.914112 -0.000208006
-0.9211 -0.000209509
-0.928088 -0.000211012
-0.935076 -0.000212515
-0.942064 -0.000214018
-0.895698 -0.000204103
-0.849333 -0.000194188
-0.802967 -0.000184274
-0.756602 -0.000174359
-0.710237 -0.000164444
-0.663871 -0.00015453
-0.617506 -0.000144615
-0.57114 -0.0001347
-0.524775 -0.000124786
-0.478409 -0.000114871
-0.432044 -0.000104956
-0.385679 -9.50416e-05
-0.339313 -8.51269e-05
-0.292948 -7.52122e-05
-0.246582 -6.52975e-05
-0.200217 -5.53828e-05
-0.153851 -4.54682e-05
-0.107486 -3.55535e-05
-0.0611205 -2.56388e-05
-0.0147551 -1.57241e-05
0 2.75043e-05
0 8.62828e-05
0 0.000145061
0 0.00020384
0 0.000262618
0 0.000321397
0 0.000380175
0 0.000438954
0 0.000497732
0 0.000556511
0 0.00061529
0 0.000674068
0 0.000732847
0 0.000791625
0 0.000850404
0 0.000909182
0 0.000967961
0 0.00102674
0 0.00108552
0 0.0011443
0 0.00120307
0 0.00126185
0 0.00132063
0 0.00137941
0 0.00143819
0 0.00149697
0 0.00155575
0 0.00161452
0 0.0016733
0 0.00172425
0 0.0017635
0 0.00180276
0 0.00184202
0 0.00188128
0 0.00192054
0 0.0019598
0 0.00199906
0 0.00203832
0 0.00207758
0 0.00211683
0 0.00215609
0 0.00219535
0 0.00223461
0 0.00227387
0 0.00231313
0 0.00235239
0 0.00239165
0 0.00243091
0 0.00247016
0 0.00250942
0 0.00254868
0 0.00258794
0 0.0026272
0 0.00266646
0 0.00270572
0 0.00274498
0 0.00278424
0 0.00282349
0 0.00286275
0 0.00290608
0 0.00295755
0 0.00300902
0 0.00306049
0 0.00311196
0 0.00316343
0 0.0032149
0 0.00326637
0 0.00331784
0 0.0033693
0 0.00342077
0 0.00347224
0 0.00352371
0 0.00357518
0 0.00362665
0 0.00367812
0 0.00372959
0 0.00378106
0 0.00383253
0 0.003884
0 0.00393547
0 0.00398694
0 0.00403841
0 0.00408987
0 0.00414134
0 0.00419281
0 0.00424428
0 0.00429575
0 0.00434722
0 0.00439869
0 0.00445016
0 0.00450163
0 0.0045531
0 0.00460457
0 0.00465604
0 0.00470355
0 0.00473171
0 0.00475987
0 0.00478802
0 0.00481618
0 0.00484434
0 0.00487249
0 0.00490065
0 0.00492881
0 0.00495696
0 0.00498512
0 0.00501328
0 0.00504143
0 0.00506959
0 0.00509775
0 0.00512591
0 0.00515406
0 0.00518222
0 0.00521038
0 0.00523853
0 0.00526669
0 0.00529485
0 0.005323
0 0.00535116
0 0.00537932
0 0.00540747
0 0.00543563
0 0.00546379
0 0.00549194
0 0.0055201
0 0.00554826
0 0.00557641
0 0.00560457
0 0.00563273
0 0.00566088
0 0.00568904
0 0.0057172
0 0.00574536
0 0.00577351
0 0.00580167
0 0.00582983
0 0.00585798
0 0.00588614
0 0.0059143
0 0.00594245
0 0.00597061
0 0.00599877
0 0.00602692
0 0.00605508
0 0.00608324
0 0.00611139
0 0.00613955
0 0.00616771
0 0.00619586
0 0.00622402
0 0.00625218
0 0.00628033
0 0.00630849
0 0.00633665
0 0.0063648
0 0.00639296
0 0.00642112
0 0.00644928
0 0.00647743
0 0.00650559
0 0.00653375
0 0.0065619
0 0.00659006
0 0.00661822
0 0.00664637
0 0.00667453
0 0.00670269
0 0.00673084
0 0.006759
0 0.00680053
0 0.00685516
0 0.0069098
0 0.00696443
0 0.00701906
0 0.00707369
0 0.00712832
0 0.00718295
0 0.00723758
0 0.00729221
0 0.00734684
0 0.00740148
0 0.00745611
0 0.00751074
0 0.00756537
0 0.00762
0 0.00767463
0 0.00772926
0 0.00778389
0 0.00783852
0 0.00789315
0 0.00794779
0 0.00800242
0 0.00805705
0 0.00811168
0 0.00816631
0 0.00822094
0 0.00827557
0 0.0083302
0 0.00838483
0 0.00843947
0 0.0084941
0 0.00854873
0 0.00860336
0 0.00865799
0 0.00871262
0 0.00879864
0 0.00891351
0 0.00902837
0 0.00914324
0 0.00925811
0 0.00937298
0 0.00948785
0 0.00960271
0 0.00971758
0 0.00983245
0 0.00994732
0 0.0100622
0 0.0101771
0 0.0102919
0 0.0104068
0 0.0105217
0 0.0106365
0 0.0107514
0 0.0108663
0 0.0109811
0 0.011096
0 0.0112109
0 0.0113257
0 0.0114406
0 0.0115555
0 0.0116703
0 0.0117852
0 0.0119001
0 0.0120149
0 0.0121298
0 0.0122447
0 0.0123596
0 0.0124744
0 0.0125893
0 0.0127042
0 0.012819
0 0.0129339
0 0.0130488
0 0.0131636
0 0.0132785
0 0.0133934
0 0.0135082
0 0.0136231
0 0.013738
0 0.0138528
0 0.0139677
0 0.0140826
0 0.0141974
0 0.0143123
0 0.0144272
0 0.014542
0 0.0146569
0 0.0147718
0 0.0148867
0 0.0150015
0 0.0151164
0 0.0152313
0 0.0153461
0 0.015461
0 0.0155759
0 0.0156907
0 0.0158056
0 0.0159205
0 0.0160353
0 0.0161502
0 0.0162651
0 0.0163799
0 0.0164948
0 0.0166097
0 0.0167245
0 0.0168394
0 0.0169543
0 0.0170692
0 0.017184
0 0.0172989
0 0.0174139
0 0.0173063
0 0.0171986
0 0.017091
0 0.0169833
0 0.0168757
0 0.0167681
0 0.0166604
0 0.0165528
0 0.0164451
0 0.0163375
0 0.0162298
0 0.0161222
0 0.0160146
0 0.0159069
0 0.0157993
0 0.0156916
0 0.015584
0 0.0154763
0 0.0153687
0 0.0152611
0 0.0151879
0 0.0151291
0 0.0150703
0 0.0150115
0 0.0149527
0 0.014894
0 0.0148352
0 0.0147764
0 0.0147176
0 0.0146589
0 0.0146001
0 0.0145413
0 0.0144825
0 0.0144237
0 0.014365
0 0.0143062
0 0.0142474
0 0.0141886
0 0.0141298
0 0.0140711
0 0.0140123
0 0.0139535
0 0.0138947
0 0.013836
0 0.0137772
0 0.0137184
0 0.0136596
0 0.0136008
0 0.0135421
0 0.0134758
0 0.0133975
0 0.0133192
0 0.0132409
0 0.0131626
0 0.0130843
0 0.013006
0 0.0129277
0 0.0128494
0 0.0127711
0 0.0126929
0 0.0126146
0 0.0125363
0 0.012458
0 0.0123797
0 0.0123014
0 0.0122231
0 0.0121448
0 0.0120665
0 0.0119882
0 0.0119099
0 0.0118317
0 0.0117534
0 0.0116751
0 0.0115968
0 0.0115185
0 0.0114402
0 0.0113619
0 0.0112836
0 0.0112053
0 0.0111313
0 0.0110653
0 0.0109992
0 0.0109332
0 0.0108672
0 0.0108011
0 0.0107351
0 0.0106691
0 0.010603
0 0.010537
0 0.0104709
0 0.0104049
0 0.0103389
0 0.0102728
0 0.0102068
0 0.0101408
0 0.0100747
0 0.0100087
0 0.00994266
0 0.00987662
0 0.00981059
0 0.00974455
0 0.00967851
0 0.00961248
0 0.00954644
0 0.0094804
0 0.00941437
0 0.00934833
0 0.0092823
0 0.00921626
0 0.00915022
0 0.00908419
0 0.00901815
0 0.00895211
0 0.00888608
0 0.00881674
0 0.00872737
0 0.00863801
0 0.00854864
0 0.00845928
0 0.00836991
0 0.00828055
0 0.00819118
0 0.00810182
0 0.00801246
0 0.00792309
0 0.00783373
0 0.00774436
0 0.007655
0 0.00756563
0 0.00747627
0 0.0073869
0 0.00729754
0 0.00720817
0 0.00711881
0 0.00702944
0 0.00694008
0 0.00685071
0 0.00676135
0 0.00667198
0 0.00658262
0 0.00649325
0 0.00640389
0 0.00631452
0 0.00622516
0 0.00613579
0 0.00604643
0 0.00595707
0 0.0058677
0 0.00577834
0 0.00568897
0 0.00559961
0 0.00551024
0 0.00542088
0 0.00533151
0 0.00524215
0 0.00515278
0 0.00506342
0 0.00497405
0 0.00488469
0 0.00479532
0 0.00470596
0 0.00461659
0 0.00452723
0 0.00443786
0 0.0043485
0 0.00425913
0 0.00416977
0 0.0040804
0 0.00399104
0 0.00390168
0 0.00381231
0 0.00372295
0 0.00363358
0 0.00354422
0 0.00345485
0 0.00336549
0 0.00327612
0 0.00318676
0 0.00309739
0 0.00300803
0 0.00291866
0 0.0028293
0 0.00273993
0 0.00265057
0 0.0025612
0 0.00247184
0 0.00238247
0 0.00229311
0 0.00221551
0 0.00215261
0 0.00208972
0 0.00202682
0 0.00196392
0 0.00190103
0 0.00183813
0 0.00177523
0 0.00171234
0 0.00164944
0 0.00158655
0 0.00152365
0 0.00146075
0 0.00139786
0 0.00133496
0 0.00127206
0 0.00120917
0 0.00114627
0 0.00108338
0 0.00102048
0 0.000957583
0 0.000894687
0 0.000831791
0 0.000768894
0 0.000705998
0 0.000643102
0 0.000580205
0 0.000517309
0 0.000454413
0 0.000391516
0 0.00032862
0 0.000265724
0 0.000202828
0 0.000139931
0 7.7035e-05
0 1.41387e-05
-0.00739747 -1.30087e-05
-0.019858 -1.56884e-05
-0.0323185 -1.83682e-05
-0.044779 -2.1048e-05
-0.0572396 -2.37277e-05
-0.0697001 -2.64075e-05
-0.0821606 -2.90872e-05
-0.0946211 -3.1767e-05
-0.107082 -3.44467e-05
-0.119542 -3.71265e-05
-0.132003 -3.98063e-05
-0.144463 -4.2486e-05
-0.156924 -4.51658e-05
-0.169384 -4.78455e-05
-0.181845 -5.05253e-05
-0.194305 -5.3205e-05
-0.206766 -5.58848e-05
-0.219226 -5.85646e-05
-0.231687 -6.12443e-05
-0.244147 -6.39241e-05
-0.256608 -6.66038e-05
-0.269069 -6.92836e-05
-0.281529 -7.19633e-05
-0.29399 -7.46431e-05
-0.30645 -7.73229e-05
-0.318911 -8.00026e-05
-0.331371 -8.26824e-05
-0.343832 -8.53621e-05
-0.356292 -8.80419e-05
-0.368753 -9.07216e-05
-0.381213 -9.34014e-05
-0.393674 -9.60812e-05
-0.406134 -9.87609e-05
-0.418595 -0.000101441
-0.431055 -0.00010412
-0.443516 -0.0001068
-0.455976 -0.00010948
-0.468437 -0.00011216
-0.480897 -0.000114839
-0.493358 -0.000117519
-0.505819 -0.000120199
-0.518279 -0.000122879
-0.53074 -0.000125558
-0.5432 -0.000128238
-0.555661 -0.000130918
-0.568121 -0.000133598
-0.580582 -0.000136278
-0.593042 -0.000138957
-0.605503 -0.000141637
-0.617963 -0.000144317
-0.630424 -0.000146997
-0.642884 -0.000149676
-0.655345 -0.000152356
-0.667805 -0.000155036
-0.680266 -0.000157716
-0.692726 -0.000160395
-0.705187 -0.000163075
-0.717647 -0.000165755
-0.730108 -0.000168435
-0.742569 -0.000171114
-0.755029 -0.000173794
-0.76749 -0.000176474
-0.77995 -0.000179154
-0.792411 -0.000181833
-0.804871 -0.000184513
-0.817332 -0.000187193
-0.829792 -0.000189873
-0.842253 -0.000192552
-0.854713 -0.000195232
-0.867174 -0.000197912
-0.879634 -0.000200592
-0.892095 -0.000203271
-0.904555 -0.000205951
-0.917016 -0.000208631
-0.929476 -0.000211311
-0.941936 -0.00021399
-0.89557 -0.000204076
-0.849205 -0.000194161
-0.802839 -0.000184246
-0.756474 -0.000174331
-0.710108 -0.000164417
-0.663743 -0.000154502
-0.617378 -0.000144587
-0.571012 -0.000134673
-0.524647 -0.000124758
-0.478281 -0.000114843
-0.431916 -0.000104929
-0.38555 -9.5014e-05
-0.339185 -8.50993e-05
-0.29282 -7.51847e-05
-0.246454 -6.527e-05
-0.200089 -5.53553e-05
-0.153723 -4.54406e-05
-0.107358 -3.55259e-05
-0.0609923 -2.56112e-05
-0.0146269 -1.56966e-05
0 2.76669e-05
0 8.64454e-05
0 0.000145224
0 0.000204002
0 0.000262781
0 0.00032156
0 0.000380338
0 0.000439117
0 0.000497895
0 0.000556674
0 0.000615452
0 0.000674231
0 0.000733009
0 0.000791788
0 0.000850566
0 0.000909345
0 0.000968123
0 0.0010269
0 0.00108568
0 0.00114446
0 0.00120324
0 0.00126202
0 0.00132079
0 0.00137957
0 0.00143835
0 0.00149713
0 0.00155591
0 0.00161469
0 0.00167347
0 0.00172445
0 0.00176371
0 0.00180297
0 0.00184223
0 0.00188149
0 0.00192075
0 0.00196001
0 0.00199927
0 0.00203852
0 0.00207778
0 0.00211704
0 0.0021563
0 0.00219556
0 0.00223482
0 0.00227408
0 0.00231334
0 0.0023526
0 0.00239185
0 0.00243111
0 0.00247037
0 0.00250963
0 0.00254889
0 0.00258815
0 0.00262741
0 0.00266667
0 0.00270593
0 0.00274518
0 0.00278444
0 0.0028237
0 0.00286296
0 0.00290626
0 0.00295775
0 0.00300924
0 0.00306074
0 0.00311223
0 0.00316373
0 0.00321522
0 0.00326671
0 0.00331821
0 0.0033697
0 0.0034212
0 0.00347269
0 0.00352418
0 0.00357568
0 0.00362717
0 0.00367867
0 0.00373016
0 0.00378166
0 0.00383315
0 0.00388464
0 0.00393614
0 0.00398763
0 0.00403913
0 0.00409062
0 0.00414211
0 0.00419361
0 0.0042451
0 0.0042966
0 0.00434809
0 0.00439959
0 0.00445108
0 0.00450257
0 0.00455407
0 0.00460556
0 0.00465706
0 0.00470496
0 0.00473313
0 0.00476131
0 0.00478948
0 0.00481766
0 0.00484583
0 0.00487401
0 0.00490218
0 0.00493036
0 0.00495853
0 0.00498671
0 0.00501488
0 0.00504306
0 0.00507123
0 0.00509941
0 0.00512758
0 0.00515576
0 0.00518393
0 0.00521211
0 0.00524028
0 0.00526846
0 0.00529663
0 0.00532481
0 0.00535298
0 0.00538116
0 0.00540933
0 0.00543751
0 0.00546569
0 0.00549386
0 0.00552204
0 0.00555021
0 0.00557839
0 0.00560656
0 0.00563474
0 0.00566291
0 0.00569109
0 0.00571926
0 0.00574744
0 0.00577561
0 0.00580379
0 0.00583196
0 0.00586014
0 0.00588831
0 0.00591649
0 0.00594466
0 0.00597284
0 0.00600101
0 0.00602919
0 0.00605736
0 0.00608554
0 0.00611371
0 0.00614189
0 0.00617006
0 0.00619824
0 0.00622641
0 0.00625459
0 0.00628277
0 0.00631094
0 0.00633912
0 0.00636729
0 0.00639547
0 0.00642364
0 0.00645182
0 0.00647999
0 0.00650817
0 0.00653634
0 0.00656452
0 0.00659269
0 0.00662087
0 0.00664904
0 0.00667722
0 0.00670539
0 0.00673357
0 0.00676174
0 0.00680139
0 0.00685604
0 0.00691068
0 0.00696533
0 0.00701998
0 0.00707462
0 0.00712927
0 0.00718391
0 0.00723856
0 0.0072932
0 0.00734785
0 0.00740249
0 0.00745714
0 0.00751178
0 0.00756643
0 0.00762108
0 0.00767572
0 0.00773037
0 0.00778501
0 0.00783966
0 0.0078943
0 0.00794895
0 0.00800359
0 0.00805824
0 0.00811288
0 0.00816753
0 0.00822218
0 0.00827682
0 0.00833147
0 0.00838611
0 0.00844076
0 0.0084954
0 0.00855005
0 0.00860469
0 0.00865934
0 0.00871398
0 0.0087987
0 0.00891357
0 0.00902844
0 0.00914331
0 0.00925817
0 0.00937304
0 0.00948791
0 0.00960278
0 0.00971765
0 0.00983252
0 0.00994739
0 0.0100623
0 0.0101771
0 0.010292
0 0.0104069
0 0.0105217
0 0.0106366
0 0.0107515
0 0.0108663
0 0.0109812
0 0.0110961
0 0.011211
0 0.0113258
0 0.0114407
0 0.0115556
0 0.0116704
0 0.0117853
0 0.0119002
0 0.012015
0 0.0121299
0 0.0122448
0 0.0123597
0 0.0124745
0 0.0125894
0 0.0127043
0 0.0128191
0 0.012934
0 0.0130489
0 0.0131637
0 0.0132786
0 0.0133935
0 0.0135083
0 0.0136232
0 0.0137381
0 0.013853
0 0.0139678
0 0.0140827
0 0.0141976
0 0.0143124
0 0.0144273
0 0.0145422
0 0.014657
0 0.0147719
0 0.0148868
0 0.0150017
0 0.0151165
0 0.0152314
0 0.0153463
0 0.0154611
0 0.015576
0 0.0156909
0 0.0158057
0 0.0159206
0 0.0160355
0 0.0161503
0 0.0162652
0 0.0163801
0 0.016495
0 0.0166098
0 0.0167247
0 0.0168396
0 0.0169544
0 0.0170693
0 0.0171842
0 0.017299
0 0.0174139
0 0.01753
0 0.017646
0 0.0177621
0 0.0178781
0 0.0179942
0 0.0181102
0 0.0182263
0 0.0183423
0 0.0184584
0 0.0185744
0 0.0186905
0 0.0188065
0 0.0189226
0 0.0190386
0 0.0191547
0 0.0192707
0 0.0193868
0 0.0195028
0 0.0196189
0 0.0197349
0 0.019851
0 0.019967
0 0.0200831
0 0.0201991
0 0.0203152
0 0.0204312
0 0.0205473
0 0.0206633
0 0.0207794
0 0.0208954
0 0.0210115
0 0.0211275
0 0.0212436
0 0.0213596
0 0.0214757
0 0.0215917
0 0.0217078
0 0.0218238
0 0.0219399
0 0.0220559
0 0.022172
0 0.022288
0 0.0224041
0 0.0225201
0 0.0226362
0 0.0227522
0 0.0228683
0 0.0229843
0 0.0231004
0 0.0232164
0 0.0233325
0 0.0232248
0 0.0231172
0 0.0230096
0 0.0229019
0 0.0227943
0 0.0226866
0 0.022579
0 0.0224713
0 0.0223637
0 0.0222561
0 0.0221484
0 0.0220408
0 0.0219331
0 0.0218255
0 0.0217178
0 0.0216102
0 0.0215026
0 0.0213949
0 0.0212873
0 0.0211796
0 0.021072
0 0.0209643
0 0.0208567
0 0.0207491
0 0.0206414
0 0.0205338
0 0.0204261
0 0.0203203
0 0.0202606
0 0.0202019
0 0.0201431
0 0.0200843
0 0.0200255
0 0.0199667
0 0.019908
0 0.0198492
0 0.0197904
0 0.0197316
0 0.0196728
0 0.0196141
0 0.0195553
0 0.0194965
0 0.0194377
0 0.019379
0 0.0193202
0 0.0192614
0 0.0191868
0 0.0191025
0 0.0190182
0 0.0189338
0 0.0188495
0 0.0187652
0 0.0186808
0 0.0185965
0 0.0185122
0 0.0184278
0 0.0183435
0 0.0182591
0 0.0181748
0 0.0180905
0 0.0180061
0 0.0179218
0 0.0178375
0 0.0177531
0 0.0176688
0 0.0175845
0 0.0175001
0 0.0174158
0 0.0173315
0 0.0172471
0 0.0171628
0 0.0170785
0 0.0169941
0 0.0169098
0 0.0168255
0 0.0167411
0 0.0166568
0 0.0165725
0 0.0164881
0 0.0164038
0 0.0163195
0 0.0162351
0 0.0161508
0 0.0160665
0 0.0159821
0 0.0158978
0 0.0158135
0 0.0157291
0 0.0156448
0 0.0155605
0 0.0154761
0 0.0153918
0 0.0153075
0 0.0152231
0 0.0151388
0 0.0150544
0 0.0149701
0 0.0148858
0 0.0148014
0 0.0147267
0 0.014654
0 0.0145812
0 0.0145084
0 0.0144357
0 0.0143629
0 0.0142901
0 0.0142174
0 0.0141446
0 0.0140718
0 0.0139991
0 0.0139263
0 0.0138535
0 0.0137808
0 0.013708
0 0.0136352
0 0.0135625
0 0.0134897
0 0.0134169
0 0.0133442
0 0.0132714
0 0.0131986
0 0.0131259
0 0.0130531
0 0.0129803
0 0.0129076
0 0.0128328
0 0.0127408
0 0.0126488
0 0.0125568
0 0.0124648
0 0.0123728
0 0.0122808
0 0.0121888
0 0.0120968
0 0.0120048
0 0.0119128
0 0.0118208
0 0.0117288
0 0.0116368
0 0.0115448
0 0.0114528
0 0.0113609
0 0.0112689
0 0.0111769
0 0.0110849
0 0.0109929
0 0.0109009
0 0.0108089
0 0.0107169
0 0.0106249
0 0.0105329
0 0.0104409
0 0.0103489
0 0.0102569
0 0.0101649
0 0.0100729
0 0.00998095
0 0.00988896
0 0.00979697
0 0.00970497
0 0.00961298
0 0.00952098
0 0.00942899
0 0.009337
0 0.009245
0 0.00915301
0 0.00906102
0 0.00896902
0 0.00887703
0 0.00878504
0 0.00869304
0 0.00860105
0 0.00850906
0 0.00841706
0 0.00832507
0 0.00823308
0 0.00814108
0 0.00804909
0 0.00795709
0 0.0078651
0 0.00777311
0 0.00768111
0 0.00758912
0 0.00749713
0 0.00740513
0 0.00731314
0 0.00722115
0 0.00712915
0 0.00703716
0 0.00694517
0 0.00685317
0 0.00676118
0 0.00666918
0 0.00657719
0 0.0064852
0 0.0063932
0 0.00630121
0 0.00620922
0 0.00611722
0 0.00602523
0 0.00593324
0 0.00584124
0 0.00574925
0 0.00565726
0 0.00556526
0 0.00547327
0 0.00538127
0 0.00528928
0 0.00519729
0 0.00510529
0 0.0050133
0 0.00492131
0 0.00482931
0 0.00473732
0 0.00464533
0 0.00455333
0 0.00446134
0 0.00436935
0 0.00427735
0 0.00418536
0 0.00409337
0 0.00400137
0 0.00390938
0 0.00381738
0 0.00372539
0 0.0036334
0 0.0035414
0 0.00344941
0 0.00335742
0 0.00326542
0 0.00317343
0 0.00308144
0 0.0030123
0 0.00294566
0 0.00287902
0 0.00281238
0 0.00274574
0 0.0026791
0 0.00261246
0 0.00254582
0 0.00247918
0 0.00241254
0 0.0023459
0 0.00227926
0 0.00221262
0 0.00214598
0 0.00207934
0 0.0020127
0 0.00194606
0 0.00187942
0 0.00181278
0 0.00174614
0 0.0016795
0 0.00161286
0 0.00154622
0 0.00147958
0 0.00141294
0 0.0013463
0 0.00127966
0 0.00121302
0 0.00114638
0 0.00107974
0 0.0010131
0 0.00094646
0 0.000879821
0 0.000813181
0 0.000746541
0 0.000679901
0 0.000613261
0 0.000546621
0 0.000479982
0 0.000413342
0 0.000346702
0 0.000280062
0 0.000213422
0 0.000146782
0 8.01427e-05
0 1.35028e-05
-0.00780055 -1.30954e-05
-0.0202607 -1.5775e-05
-0.0327208 -1.84547e-05
-0.045181 -2.11344e-05
-0.0576411 -2.38141e-05
-0.0701013 -2.64937e-05
-0.0825614 -2.91734e-05
-0.0950216 -3.18531e-05
-0.107482 -3.45328e-05
-0.119942 -3.72124e-05
-0.132402 -3.98921e-05
-0.144862 -4.25718e-05
-0.157322 -4.52515e-05
-0.169782 -4.79312e-05
-0.182243 -5.06108e-05
-0.194703 -5.32905e-05
-0.207163 -5.59702e-05
-0.219623 -5.86499e-05
-0.232083 -6.13295e-05
-0.244543 -6.40092e-05
-0.257003 -6.66889e-05
-0.269464 -6.93686e-05
-0.281924 -7.20482e-05
-0.294384 -7.47279e-05
-0.306844 -7.74076e-05
-0.319304 -8.00873e-05
-0.331764 -8.27669e-05
-0.344225 -8.54466e-05
-0.356685 -8.81263e-05
-0.369145 -9.0806e-05
-0.381605 -9.34856e-05
-0.394065 -9.61653e-05
-0.406525 -9.8845e-05
-0.418985 -0.000101525
-0.431446 -0.000104204
-0.443906 -0.000106884
-0.456366 -0.000109564
-0.468826 -0.000112243
-0.481286 -0.000114923
-0.493746 -0.000117603
-0.506206 -0.000120282
-0.518667 -0.000122962
-0.531127 -0.000125642
-0.543587 -0.000128321
-0.556047 -0.000131001
-0.568507 -0.000133681
-0.580967 -0.00013636
-0.593427 -0.00013904
-0.605888 -0.00014172
-0.618348 -0.000144399
-0.630808 -0.000147079
-0.643268 -0.000149759
-0.655728 -0.000152439
-0.668188 -0.000155118
-0.680648 -0.000157798
-0.693109 -0.000160478
-0.705569 -0.000163157
-0.718029 -0.000165837
-0.730489 -0.000168517
-0.742949 -0.000171196
-0.755409 -0.000173876
-0.767869 -0.000176556
-0.78033 -0.000179235
-0.79279 -0.000181915
-0.80525 -0.000184595
-0.81771 -0.000187274
-0.83017 -0.000189954
-0.84263 -0.000192634
-0.855091 -0.000195313
-0.867551 -0.000197993
-0.880011 -0.000200673
-0.892471 -0.000203352
-0.904553 -0.000205951
-0.911559 -0.000207457
-0.918564 -0.000208964
-0.925569 -0.00021047
-0.932575 -0.000211977
-0.93958 -0.000213484
-0.946585 -0.00021499
-0.953591 -0.000216497
-0.960596 -0.000218003
-0.967602 -0.00021951
-0.974607 -0.000221016
-0.981612 -0.000222523
-0.988618 -0.00022403
-0.995623 -0.000225536
-1.00263 -0.000227043
-1.00963 -0.000228549
-1.01664 -0.000230056
-1.02364 -0.000231562
-1.03065 -0.000233069
-1.03766 -0.000234576
-1.04466 -0.000236082
-1.05167 -0.000237589
-1.05867 -0.000239095
-1.06568 -0.000240602
-1.07268 -0.000242108
-1.07969 -0.000243615
-1.08669 -0.000245122
-1.0937 -0.000246628
-1.1007 -0.000248135
-1.10771 -0.000249641
-1.11471 -0.000251148
-1.12172 -0.000252654
-1.12872 -0.000254161
-1.13573 -0.000255668
-1.14274 -0.000257174
-1.14974 -0.000258681
-1.15675 -0.000260187
-1.16375 -0.000261694
-1.17076 -0.0002632
-1.17776 -0.000264707
-1.18476 -0.0002663
-1.19174 -0.000267955
-1.19872 -0.000269611
-1.20571 -0.000271268
-1.21269 -0.000272926
-1.21967 -0.000274585
-1.22666 -0.000276245
-1.23364 -0.000277907
-1.24062 -0.000279569
-1.2476 -0.000281233
-1.25459 -0.000282897
-1.26157 -0.000284563
-1.2152 -0.000274648
-1.16884 -0.000264734
-1.12247 -0.000254819
-1.07611 -0.000244904
-1.02974 -0.00023499
-0.983375 -0.000225075
-0.93701 -0.00021516
-0.890644 -0.000205246
-0.844279 -0.000195331
-0.797913 -0.000185416
-0.751548 -0.000175502
-0.705182 -0.000165587
-0.658817 -0.000155672
-0.612452 -0.000145757
-0.566086 -0.000135843
-0.519721 -0.000125928
-0.473355 -0.000116013
-0.42699 -0.000106099
-0.380624 -9.61841e-05
-0.334259 -8.62694e-05
-0.287894 -7.63547e-05
-0.241528 -6.644e-05
-0.195163 -5.65253e-05
-0.148797 -4.66107e-05
-0.102432 -3.6696e-05
-0.0560664 -2.67813e-05
-0.00970092 -1.68666e-05
0 3.16883e-05
0 9.04668e-05
0 0.000149245
0 0.000208024
0 0.000266802
0 0.000325581
0 0.000384359
0 0.000443138
0 0.000501916
0 0.000560695
0 0.000619474
0 0.000678252
0 0.000737031
0 0.000795809
0 0.000854588
0 0.000913366
0 0.000972145
0 0.00103092
0 0.0010897
0 0.00114848
0 0.00118246
0 0.00121567
0 0.00124889
0 0.0012821
0 0.00131531
0 0.00134853
0 0.00138174
0 0.00141495
0 0.00144817
0 0.00148138
0 0.00151459
0 0.00154781
0 0.00158102
0 0.00161423
0 0.00164745
0 0.00168066
0 0.00171387
0 0.00174709
0 0.0017803
0 0.00181351
0 0.00184673
0 0.00187994
0 0.00191315
0 0.00194637
0 0.00197958
0 0.00201279
0 0.00204601
0 0.00207922
0 0.00211243
0 0.00214565
0 0.00217886
0 0.00221207
0 0.00224529
0 0.0022785
0 0.00231171
0 0.00234492
0 0.00237814
0 0.00241135
0 0.00244456
0 0.00247778
0 0.00251099
0 0.0025442
0 0.00257742
0 0.00261063
0 0.00264384
0 0.00267706
0 0.00271027
0 0.00274348
0 0.0027767
0 0.00280991
0 0.00284312
0 0.00287634
0 0.00290955
0 0.00295855
0 0.00301075
0 0.00306294
0 0.00311514
0 0.00316733
0 0.00321953
0 0.00327172
0 0.00332392
0 0.00337611
0 0.00342831
0 0.0034805
0 0.0035327
0 0.00358489
0 0.00363709
0 0.00368928
0 0.00374148
0 0.00379367
0 0.00384587
0 0.00389806
0 0.00395025
0 0.00400245
0 0.00405464
0 0.00410684
0 0.00415903
0 0.00421123
0 0.00426342
0 0.00431562
0 0.00436781
0 0.00442001
0 0.00446195
0 0.00449311
0 0.00452426
0 0.00455542
0 0.00458657
0 0.00461773
0 0.00464888
0 0.00468004
0 0.00471119
0 0.00474235
0 0.0047735
0 0.00480466
0 0.00483581
0 0.00486697
0 0.00489812
0 0.00492928
0 0.00496043
0 0.00499159
0 0.00502274
0 0.0050539
0 0.00508505
0 0.00511621
0 0.00514736
0 0.00517852
0 0.00520967
0 0.00524083
0 0.00527198
0 0.00530314
0 0.00533429
0 0.00536545
0 0.0053966
0 0.00542776
0 0.00545891
0 0.00549007
0 0.00552122
0 0.00555238
0 0.00558353
0 0.00561469
0 0.00564584
0 0.005677
0 0.00570815
0 0.00573931
0 0.00577046
0 0.00580161
0 0.00583277
0 0.00586392
0 0.00589508
0 0.00592623
0 0.00595739
0 0.00598854
0 0.0060197
0 0.00605085
0 0.00608201
0 0.00611316
0 0.00614432
0 0.00617547
0 0.00620663
0 0.00623778
0 0.00626894
0 0.00630009
0 0.00633125
0 0.0063624
0 0.00639356
0 0.00642471
0 0.00645587
0 0.00648702
0 0.00651818
0 0.00654933
0 0.00658049
0 0.00661164
0 0.0066428
0 0.00667395
0 0.00670511
0 0.00673626
0 0.00676742
0 0.00679857
0 0.00682973
0 0.00686088
0 0.00689204
0 0.00692319
0 0.00695435
0 0.0069855
0 0.00701666
0 0.00704781
0 0.00707897
0 0.00711012
0 0.00714128
0 0.00717243
0 0.00720359
0 0.00723474
0 0.0072659
0 0.00729705
0 0.00732821
0 0.00735936
0 0.00739052
0 0.00742167
0 0.00745283
0 0.00748398
0 0.00751514
0 0.00754629
0 0.00757745
0 0.0076086
0 0.00763976
0 0.00767091
0 0.00770207
0 0.00773322
0 0.00776437
0 0.00779553
0 0.00782668
0 0.00785784
0 0.00788899
0 0.00792015
0 0.0079513
0 0.00798246
0 0.00801361
0 0.00804477
0 0.00807592
0 0.00810708
0 0.00813823
0 0.00816939
0 0.00820054
0 0.0082317
0 0.00826285
0 0.00829401
0 0.00832516
0 0.00835632
0 0.00838747
0 0.00841863
0 0.00844978
0 0.00848094
0 0.00851209
0 0.00854325
0 0.00859392
0 0.00864911
0 0.0087043
0 0.0087595
0 0.00881469
0 0.00886989
0 0.00892508
0 0.00898028
0 0.00903547
0 0.00909067
0 0.00914586
0 0.00920105
0 0.00925625
0 0.00931144
0 0.00936664
0 0.00942183
0 0.00947703
0 0.00953222
0 0.00958742
0 0.00964261
0 0.0096978
0 0.009753
0 0.00980819
0 0.00986339
0 0.00997348
0 0.0100887
0 0.0102039
0 0.0103192
0 0.0104344
0 0.0105496
0 0.0106649
0 0.0107801
0 0.0108953
0 0.0110106
0 0.0111258
0 0.011241
0 0.0113563
0 0.0114715
0 0.0115867
0 0.0117019
0 0.0118172
0 0.0119324
0 0.0120476
0 0.0121629
0 0.0122781
0 0.0123933
0 0.0125086
0 0.0126238
0 0.012739
0 0.0128543
0 0.0129695
0 0.0130847
0 0.0132
0 0.0133152
0 0.0134304
0 0.0135456
0 0.0136609
0 0.0137761
0 0.0138913
0 0.0140066
0 0.0141218
0 0.014237
0 0.0143523
0 0.0144675
0 0.0145827
0 0.014698
0 0.0148132
0 0.0149284
0 0.0150436
0 0.0151589
0 0.0152741
0 0.0153893
0 0.0155046
0 0.0156198
0 0.015735
0 0.0158503
0 0.0159655
0 0.0160807
0 0.016196
0 0.0163112
0 0.0164264
0 0.0165417
0 0.0166569
0 0.0167721
0 0.0168873
0 0.0170026
0 0.0171178
0 0.017233
0 0.0173483
0 0.0174635
0 0.0175787
0 0.017694
0 0.0178092
0 0.0179244
0 0.0180397
0 0.0181549
0 0.0182701
0 0.0183853
0 0.0185006
0 0.0186158
0 0.018731
0 0.0188463
0 0.0189615
0 0.0190767
0 0.019192
0 0.0193072
0 0.0194224
0 0.0195377
0 0.0196529
0 0.0197681
0 0.0198833
0 0.0199986
0 0.0201138
0 0.020229
0 0.0203443
0 0.0204595
0 0.0205747
0 0.02069
0 0.0208052
0 0.0209204
0 0.0210357
0 0.0211509
0 0.0212661
0 0.0213814
0 0.0214966
0 0.0216118
0 0.021727
0 0.0218423
0 0.0219575
0 0.0220727
0 0.022188
0 0.0223032
0 0.0224184
0 0.0225337
0 0.0226489
0 0.0227641
0 0.0228794
0 0.0229946
0 0.0231098
0 0.023225
0 0.0233403
0 0.0232327
0 0.0231251
0 0.0230174
0 0.0229098
0 0.0228021
0 0.0226945
0 0.0225868
0 0.0224792
0 0.0223716
0 0.0222639
0 0.0221563
0 0.0220486
0 0.021941
0 0.0218333
0 0.0217257
0 0.0216181
0 0.0215104
0 0.0214028
0 0.0212951
0 0.0211875
0 0.0210798
0 0.0209722
0 0.0208646
0 0.0207569
0 0.0206493
0 0.0205416
0 0.0204342
0 0.0203657
0 0.0203069
0 0.0202481
0 0.0201893
0 0.0201306
0 0.0200718
0 0.020013
0 0.0199542
0 0.0198954
0 0.0198367
0 0.0197779
0 0.0197191
0 0.0196603
0 0.0196016
0 0.0195428
0 0.019484
0 0.0194252
0 0.0193664
0 0.0193077
0 0.0192489
0 0.0191656
0 0.0190812
0 0.0189969
0 0.0189125
0 0.0188282
0 0.0187439
0 0.0186595
0 0.0185752
0 0.0184908
0 0.0184065
0 0.0183221
0 0.0182378
0 0.0181535
0 0.0180691
0 0.0179848
0 0.0179004
0 0.0178161
0 0.0177318
0 0.0176474
0 0.0175631
0 0.0174787
0 0.0173944
0 0.0173101
0 0.0172257
0 0.0171414
0 0.017057
0 0.0169727
0 0.0168884
0 0.016804
0 0.0167197
0 0.0166353
0 0.016551
0 0.0164667
0 0.0163823
0 0.016298
0 0.0162136
0 0.0161293
0 0.016045
0 0.0159606
0 0.0158763
0 0.0157919
0 0.0157076
0 0.0156233
0 0.0155389
0 0.0154546
0 0.0153702
0 0.0152859
0 0.0152015
0 0.0151172
0 0.0150329
0 0.0149485
0 0.0148642
0 0.0147798
0 0.0147117
0 0.0146463
0 0.014581
0 0.0145156
0 0.0144503
0 0.014385
0 0.0143196
0 0.0142543
0 0.0141889
0 0.0141236
0 0.0140583
0 0.0139929
0 0.0139276
0 0.0138622
0 0.0137969
0 0.0137315
0 0.0136662
0 0.0136009
0 0.0135355
0 0.0134702
0 0.0134048
0 0.0133395
0 0.0132742
0 0.0132088
0 0.0131435
0 0.0130781
0 0.0130128
0 0.0129474
0 0.0128821
0 0.0128068
0 0.0127204
0 0.012634
0 0.0125476
0 0.0124612
0 0.0123748
0 0.0122884
0 0.012202
0 0.0121157
0 0.0120293
0 0.0119429
0 0.0118565
0 0.0117701
0 0.0116837
0 0.0115973
0 0.0115109
0 0.0114246
0 0.0113382
0 0.0112518
0 0.0111654
0 0.011079
0 0.0109926
0 0.0109062
0 0.0108198
0 0.0107335
0 0.0106471
0 0.0105607
0 0.0104743
0 0.0103879
0 0.0103015
0 0.0102151
0 0.0101287
0 0.0100424
0 0.00995597
0 0.00986959
0 0.0097832
0 0.00969681
0 0.00961042
0 0.00952404
0 0.00943765
0 0.00935126
0 0.00926487
0 0.00917849
0 0.0090921
0 0.00900571
0 0.00891933
0 0.00883294
0 0.00874655
0 0.00866016
0 0.00857378
0 0.00848739
0 0.008401
0 0.00831462
0 0.00822823
0 0.00814184
0 0.00805545
0 0.00796907
0 0.00788268
0 0.00779629
0 0.0077099
0 0.00762352
0 0.00753713
0 0.00745074
0 0.00736436
0 0.00727797
0 0.00719158
0 0.00710519
0 0.00701881
0 0.00693242
0 0.00684603
0 0.00675964
0 0.00667326
0 0.00658687
0 0.00650048
0 0.0064141
0 0.00632771
0 0.00624132
0 0.00615493
0 0.00606855
0 0.00598216
0 0.00589577
0 0.00580938
0 0.005723
0 0.00563661
0 0.00555022
0 0.00546384
0 0.00537745
0 0.00529106
0 0.00520467
0 0.00511829
0 0.0050319
0 0.00494551
0 0.00485913
0 0.00477274
0 0.00468635
0 0.00459996
0 0.00451358
0 0.00442719
0 0.0043408
0 0.00425441
0 0.00416803
0 0.00408164
0 0.00399525
0 0.00390887
0 0.00382248
0 0.00373609
0 0.0036497
0 0.00356332
0 0.00347693
0 0.00339054
0 0.00330415
0 0.00321777
0 0.00313138
0 0.00304499
0 0.00295861
0 0.00287222
0 0.00278583
0 0.00269944
0 0.00261306
0 0.00252667
0 0.00244028
0 0.0023539
0 0.00226751
0 0.00218112
0 0.00209473
0 0.00200835
0 0.00192196
0 0.00183557
0 0.00174918
0 0.0016628
0 0.00157641
0 0.00149002
0 0.00142251
0 0.00136016
0 0.00129781
0 0.00123546
0 0.00117311
0 0.00111076
0 0.00104841
0 0.000986055
0 0.000923704
0 0.000861352
0 0.000799001
0 0.00073665
0 0.000674299
0 0.000611948
0 0.000549597
0 0.000487246
0 0.000424895
0 0.000362543
0 0.000300192
0 0.000237841
0 0.00017549
0 0.000113139
0 5.07878e-05
0 -1.15633e-05
-0.0105304 -1.52991e-05
-0.0213148 -1.76203e-05
-0.0320993 -1.99414e-05
-0.0428838 -2.22626e-05
-0.0536683 -2.45838e-05
-0.0644528 -2.69049e-05
-0.0752373 -2.92261e-05
-0.0860218 -3.15473e-05
-0.0968063 -3.38685e-05
-0.107591 -3.61896e-05
-0.118375 -3.85108e-05
-0.12916 -4.0832e-05
-0.139944 -4.31532e-05
-0.150729 -4.54743e-05
-0.161513 -4.77955e-05
-0.172298 -5.01167e-05
-0.183082 -5.24379e-05
-0.193867 -5.4759e-05
-0.204651 -5.70802e-05
-0.215436 -5.94014e-05
-0.22622 -6.17226e-05
-0.237005 -6.40437e-05
-0.247789 -6.63649e-05
-0.258574 -6.86861e-05
-0.269358 -7.10072e-05
-0.280143 -7.33284e-05
-0.290927 -7.56496e-05
-0.301712 -7.79708e-05
-0.312496 -8.02919e-05
-0.323281 -8.26131e-05
-0.334065 -8.49343e-05
-0.34485 -8.72555e-05
-0.355634 -8.95766e-05
-0.366419 -9.18978e-05
-0.377203 -9.4219e-05
-0.387988 -9.65402e-05
-0.398772 -9.88613e-05
-0.409557 -0.000101183
-0.420341 -0.000103504
-0.431126 -0.000105825
-0.44191 -0.000108146
-0.452695 -0.000110467
-0.463479 -0.000112788
-0.474263 -0.00011511
-0.485048 -0.000117431
-0.495832 -0.000119752
-0.506617 -0.000122073
-0.517401 -0.000124394
-0.528186 -0.000126715
-0.53897 -0.000129037
-0.549755 -0.000131358
-0.560539 -0.000133679
-0.571324 -0.000136
-0.582108 -0.000138321
-0.592893 -0.000140642
-0.603677 -0.000142964
-0.614462 -0.000145285
-0.625246 -0.000147606
-0.636031 -0.000149927
-0.646815 -0.000152248
-0.6576 -0.000154569
-0.668384 -0.000156891
-0.679169 -0.000159212
-0.689953 -0.000161533
-0.700738 -0.000163854
-0.711522 -0.000166175
-0.722307 -0.000168497
-0.733091 -0.000170818
-0.743876 -0.000173139
-0.75466 -0.00017546
-0.765445 -0.000177781
-0.776229 -0.000180102
-0.787014 -0.000182424
-0.797798 -0.000184745
-0.808583 -0.000187066
-0.819367 -0.000189387
-0.830152 -0.000191708
-0.840936 -0.000194029
-0.851721 -0.000196351
-0.862505 -0.000198672
-0.87329 -0.000200993
-0.884074 -0.000203314
-0.894859 -0.000205635
-0.905643 -0.000207956
-0.916428 -0.000210278
-0.927212 -0.000212599
-0.937997 -0.00021492
-0.948781 -0.000217241
-0.959566 -0.000219562
-0.97035 -0.000221884
-0.981135 -0.000224205
-0.991919 -0.000226526
-1.0027 -0.000228847
-1.01349 -0.000231168
-1.02427 -0.000233489
-1.03506 -0.000235811
-1.04584 -0.000238132
-1.05663 -0.000240453
-1.06741 -0.000242774
-1.07819 -0.000245095
-1.08898 -0.000247416
-1.09976 -0.000249738
-1.11055 -0.000252059
-1.12133 -0.00025438
-1.13212 -0.000256701
-1.1429 -0.000259022
-1.15369 -0.000261343
-1.16447 -0.000263665
-1.17526 -0.000265986
-1.18604 -0.000268307
-1.19682 -0.000270628
-1.20761 -0.000272949
-1.21839 -0.000275271
-1.22918 -0.000277592
-1.23996 -0.000279913
-1.25075 -0.000282234
-1.26153 -0.000284555
-1.21517 -0.00027464
-1.1688 -0.000264726
-1.12243 -0.000254811
-1.07607 -0.000244896
-1.0297 -0.000234982
-0.983338 -0.000225067
-0.936973 -0.000215152
-0.890608 -0.000205238
-0.844242 -0.000195323
-0.797877 -0.000185408
-0.751511 -0.000175494
-0.705146 -0.000165579
-0.65878 -0.000155664
-0.612415 -0.00014575
-0.56605 -0.000135835
-0.519684 -0.00012592
-0.473319 -0.000116006
-0.426953 -0.000106091
-0.380588 -9.61762e-05
-0.334222 -8.62615e-05
-0.287857 -7.63468e-05
-0.241492 -6.64322e-05
-0.195126 -5.65175e-05
-0.148761 -4.66028e-05
-0.102395 -3.66881e-05
-0.0560298 -2.67734e-05
-0.00966432 -1.68587e-05
0 3.17347e-05
0 9.05132e-05
0 0.000149292
0 0.00020807
0 0.000266849
0 0.000325627
0 0.000384406
0 0.000443184
0 0.000501963
0 0.000560741
0 0.00061952
0 0.000678298
0 0.000737077
0 0.000795856
0 0.000854634
0 0.000913413
0 0.000972191
0 0.00103097
0 0.00108975
0 0.00114853
0 0.00118252
0 0.00121574
0 0.00124895
0 0.00128216
0 0.00131538
0 0.00134859
0 0.0013818
0 0.00141502
0 0.00144823
0 0.00148144
0 0.00151466
0 0.00154787
0 0.00158108
0 0.0016143
0 0.00164751
0 0.00168072
0 0.00171394
0 0.00174715
0 0.00178036
0 0.00181358
0 0.00184679
0 0.00188
0 0.00191322
0 0.00194643
0 0.00197964
0 0.00201286
0 0.00204607
0 0.00207928
0 0.0021125
0 0.00214571
0 0.00217892
0 0.00221214
0 0.00224535
0 0.00227856
0 0.00231177
0 0.00234499
0 0.0023782
0 0.00241141
0 0.00244463
0 0.00247784
0 0.00251105
0 0.00254427
0 0.00257748
0 0.00261069
0 0.00264391
0 0.00267712
0 0.00271033
0 0.00274355
0 0.00277676
0 0.00280997
0 0.00284319
0 0.0028764
0 0.00290961
0 0.0029586
0 0.00301081
0 0.00306301
0 0.00311521
0 0.00316742
0 0.00321962
0 0.00327182
0 0.00332402
0 0.00337623
0 0.00342843
0 0.00348063
0 0.00353284
0 0.00358504
0 0.00363724
0 0.00368944
0 0.00374165
0 0.00379385
0 0.00384605
0 0.00389826
0 0.00395046
0 0.00400266
0 0.00405486
0 0.00410707
0 0.00415927
0 0.00421147
0 0.00426367
0 0.00431588
0 0.00436808
0 0.00442028
0 0.00446232
0 0.00449349
0 0.00452465
0 0.00455581
0 0.00458697
0 0.00461813
0 0.00464929
0 0.00468045
0 0.00471161
0 0.00474278
0 0.00477394
0 0.0048051
0 0.00483626
0 0.00486742
0 0.00489858
0 0.00492974
0 0.0049609
0 0.00499207
0 0.00502323
0 0.00505439
0 0.00508555
0 0.00511671
0 0.00514787
0 0.00517903
0 0.00521019
0 0.00524136
0 0.00527252
0 0.00530368
0 0.00533484
0 0.005366
0 0.00539716
0 0.00542832
0 0.00545948
0 0.00549065
0 0.00552181
0 0.00555297
0 0.00558413
0 0.00561529
0 0.00564645
0 0.00567761
0 0.00570877
0 0.00573993
0 0.0057711
0 0.00580226
0 0.00583342
0 0.00586458
0 0.00589574
0 0.0059269
0 0.00595806
0 0.00598922
0 0.00602039
0 0.00605155
0 0.00608271
0 0.00611387
0 0.00614503
0 0.00617619
0 0.00620735
0 0.00623851
0 0.00626968
0 0.00630084
0 0.006332
0 0.00636316
0 0.00639432
0 0.00642548
0 0.00645664
0 0.0064878
0 0.00651897
0 0.00655013
0 0.00658129
0 0.00661245
0 0.00664361
0 0.00667477
0 0.00670593
0 0.00673709
0 0.00676826
0 0.00679942
0 0.00683058
0 0.00686174
0 0.0068929
0 0.00692406
0 0.00695522
0 0.00698638
0 0.00701755
0 0.00704871
0 0.00707987
0 0.00711103
0 0.00714219
0 0.00717335
0 0.00720451
0 0.00723567
0 0.00726684
0 0.007298
0 0.00732916
0 0.00736032
0 0.00739148
0 0.00742264
0 0.0074538
0 0.00748496
0 0.00751613
0 0.00754729
0 0.00757845
0 0.00760961
0 0.00764077
0 0.00767193
0 0.00770309
0 0.00773425
0 0.00776542
0 0.00779658
0 0.00782774
0 0.0078589
0 0.00789006
0 0.00792122
0 0.00795238
0 0.00798354
0 0.00801471
0 0.00804587
0 0.00807703
0 0.00810819
0 0.00813935
0 0.00817051
0 0.00820167
0 0.00823283
0 0.008264
0 0.00829516
0 0.00832632
0 0.00835748
0 0.00838864
0 0.0084198
0 0.00845096
0 0.00848212
0 0.00851329
0 0.00854445
0 0.0085942
0 0.0086494
0 0.0087046
0 0.0087598
0 0.00881499
0 0.00887019
0 0.00892539
0 0.00898059
0 0.00903579
0 0.00909099
0 0.00914619
0 0.00920139
0 0.00925659
0 0.00931178
0 0.00936698
0 0.00942218
0 0.00947738
0 0.00953258
0 0.00958778
0 0.00964298
0 0.00969818
0 0.00975338
0 0.00980857
0 0.00986377
0 0.0099735
0 0.0100887
0 0.010204
0 0.0103192
0 0.0104344
0 0.0105497
0 0.0106649
0 0.0107801
0 0.0108953
0 0.0110106
0 0.0111258
0 0.011241
0 0.0113563
0 0.0114715
0 0.0115867
0 0.011702
0 0.0118172
0 0.0119324
0 0.0120477
0 0.0121629
0 0.0122781
0 0.0123934
0 0.0125086
0 0.0126238
0 0.012739
0 0.0128543
0 0.0129695
0 0.0130847
0 0.0132
0 0.0133152
0 0.0134304
0 0.0135457
0 0.0136609
0 0.0137761
0 0.0138914
0 0.0140066
0 0.0141218
0 0.0142371
0 0.0143523
0 0.0144675
0 0.0145828
0 0.014698
0 0.0148132
0 0.0149284
0 0.0150437
0 0.0151589
0 0.0152741
0 0.0153894
0 0.0155046
0 0.0156198
0 0.0157351
0 0.0158503
0 0.0159655
0 0.0160808
0 0.016196
0 0.0163112
0 0.0164265
0 0.0165417
0 0.0166569
0 0.0167721
0 0.0168874
0 0.0170026
0 0.0171178
0 0.0172331
0 0.0173483
0 0.0174635
0 0.0175788
0 0.017694
0 0.0178092
0 0.0179245
0 0.0180397
0 0.0181549
0 0.0182702
0 0.0183854
0 0.0185006
0 0.0186158
0 0.0187311
0 0.0188463
0 0.0189615
0 0.0190768
0 0.019192
0 0.0193072
0 0.0194225
0 0.0195377
0 0.0196529
0 0.0197682
0 0.0198834
0 0.0199986
0 0.0201139
0 0.0202291
0 0.0203443
0 0.0204596
0 0.0205748
0 0.02069
0 0.0208052
0 0.0209205
0 0.0210357
0 0.0211509
0 0.0212662
0 0.0213814
0 0.0214966
0 0.0216119
0 0.0217271
0 0.0218423
0 0.0219576
0 0.0220728
0 0.022188
0 0.0223033
0 0.0224185
0 0.0225337
0 0.0226489
0 0.0227642
0 0.0228794
0 0.0229946
0 0.0231099
0 0.0232251
0 0.0233403
0 0.0234564
0 0.0235724
0 0.0236885
0 0.0238045
0 0.0239206
0 0.0240366
0 0.0241527
0 0.0242687
0 0.0243848
0 0.0245008
0 0.0246168
0 0.0247329
0 0.0248489
0 0.024965
0 0.025081
0 0.0251971
0 0.0253131
0 0.0254292
0 0.0255452
0 0.0256613
0 0.0257773
0 0.0258934
0 0.0260094
0 0.0261255
0 0.0262413
0 0.0263572
0 0.0264731
0 0.0265889
0 0.0267048
0 0.0268206
0 0.0269365
0 0.0270524
0 0.0271682
0 0.0272841
0 0.0273999
0 0.0275158
0 0.0276316
0 0.0277475
0 0.0278633
0 0.0279791
0 0.028095
0 0.0282108
0 0.0283267
0 0.0284425
0 0.0285584
0 0.0286742
0 0.02879
0 0.0289059
0 0.0290217
0 0.0291375
0 0.0292534
0 0.0293692
0 0.029485
0 0.0296009
0 0.0297167
0 0.0298325
0 0.0299483
0 0.0300642
0 0.03018
0 0.0302958
0 0.0304116
0 0.0305275
0 0.0306433
0 0.0307591
0 0.0308749
0 0.0309907
0 0.0311065
0 0.0312223
0 0.0313382
0 0.031454
0 0.0315698
0 0.0316856
0 0.0318014
0 0.0319172
0 0.032033
0 0.0321488
0 0.0322646
0 0.0323804
0 0.0324962
0 0.032612
0 0.0327278
0 0.0328436
0 0.0329594
0 0.0330752
0 0.0331909
0 0.0333067
0 0.0334225
0 0.0335383
0 0.0336541
0 0.0337699
0 0.0338857
0 0.0340014
0 0.0341172
0 0.034233
0 0.0343488
0 0.0344645
0 0.0345803
0 0.0346961
0 0.0348119
0 0.0349276
0 0.03482
0 0.0347123
0 0.0346047
0 0.0344971
0 0.0343894
0 0.0342818
0 0.0341741
0 0.0340665
0 0.0339589
0 0.0338512
0 0.0337436
0 0.0336359
0 0.0335283
0 0.0334206
0 0.033313
0 0.0332054
0 0.0330977
0 0.0329901
0 0.0328824
0 0.0327748
0 0.0326671
0 0.0325595
0 0.0324519
0 0.0323442
0 0.0322366
0 0.0321289
0 0.0320213
0 0.0319136
0 0.031806
0 0.0316984
0 0.0315907
0 0.0314831
0 0.0313754
0 0.0312678
0 0.0311602
0 0.0310525
0 0.0309449
0 0.0308372
0 0.0307296
0 0.0306219
0 0.0305143
0 0.0304025
0 0.0302906
0 0.0301786
0 0.0300802
0 0.0299892
0 0.0298983
0 0.0298074
0 0.0297165
0 0.0296256
0 0.0295346
0 0.0294437
0 0.0293528
0 0.0292619
0 0.029171
0 0.0290801
0 0.0289891
0 0.0288982
0 0.0288073
0 0.0287164
0 0.0286255
0 0.0285345
0 0.0284436
0 0.0283527
0 0.0282618
0 0.0281709
0 0.02808
0 0.027989
0 0.0278981
0 0.0278072
0 0.0277163
0 0.0276254
0 0.0275344
0 0.0274435
0 0.0273526
0 0.0272617
0 0.0271708
0 0.0270799
0 0.0269889
0 0.026898
0 0.0268071
0 0.0267162
0 0.0266253
0 0.0265343
0 0.0264434
0 0.0263525
0 0.0262616
0 0.0261707
0 0.0260798
0 0.0259888
0 0.0258979
0 0.025807
0 0.0257161
0 0.0256252
0 0.0255342
0 0.0254433
0 0.0253524
0 0.0252615
0 0.0251706
0 0.0250797
0 0.0249887
0 0.0248978
0 0.0248069
0 0.024716
0 0.0246251
0 0.0245341
0 0.0244432
0 0.0243523
0 0.0242614
0 0.0241705
0 0.0240796
0 0.0239886
0 0.0238977
0 0.0238068
0 0.0237159
0 0.023625
0 0.023534
0 0.0234431
0 0.0233522
0 0.0232613
0 0.0231704
0 0.0230795
0 0.0229885
0 0.0228976
0 0.0228067
0 0.0227158
0 0.0226249
0 0.022534
0 0.022443
0 0.0223521
0 0.0222612
0 0.0221703
0 0.0220794
0 0.0219884
0 0.0218975
0 0.0218066
0 0.0217157
0 0.0216248
0 0.0215339
0 0.0214429
0 0.021352
0 0.0212611
0 0.0211702
0 0.0210793
0 0.0209883
0 0.0208974
0 0.0208065
0 0.0207156
0 0.020615
0 0.0205165
0 0.0204269
0 0.0203374
0 0.0202478
0 0.0201582
0 0.0200686
0 0.0199791
0 0.0198895
0 0.0197999
0 0.0197103
0 0.0196208
0 0.0195312
0 0.0194416
0 0.0193521
0 0.0192625
0 0.0191729
0 0.0190833
0 0.0189938
0 0.0189042
0 0.0188146
0 0.018725
0 0.0186355
0 0.0185459
0 0.0184563
0 0.0183668
0 0.0182772
0 0.0181876
0 0.018098
0 0.0180085
0 0.0179189
0 0.0178293
0 0.0177397
0 0.0176502
0 0.0175606
0 0.017471
0 0.0173814
0 0.0172919
0 0.0172023
0 0.0171127
0 0.0170232
0 0.0169336
0 0.016844
0 0.0167544
0 0.0166649
0 0.0165753
0 0.0164857
0 0.0163961
0 0.0163066
0 0.016217
0 0.0161274
0 0.0160379
0 0.0159483
0 0.0158587
0 0.0157691
0 0.0156796
0 0.01559
0 0.0155004
0 0.0154108
0 0.0153213
0 0.0152317
0 0.0151421
0 0.0150526
0 0.014963
0 0.0148734
0 0.0147838
0 0.0146943
0 0.0146047
0 0.0145151
0 0.0144255
0 0.014336
0 0.0142464
0 0.0141568
0 0.0140673
0 0.0139777
0 0.0138881
0 0.0137985
0 0.013709
0 0.0136194
0 0.0135298
0 0.0134402
0 0.0133507
0 0.0132611
0 0.0131715
0 0.013082
0 0.0129924
0 0.0129028
0 0.0128132
0 0.0127237
0 0.0126341
0 0.0125445
0 0.0124549
0 0.0123654
0 0.0122758
0 0.0121862
0 0.0120967
0 0.0120071
0 0.0119175
0 0.0118279
0 0.0117384
0 0.0116488
0 0.0115592
0 0.0114696
0 0.0113801
0 0.0112905
0 0.0112009
0 0.0111113
0 0.0110218
0 0.0109322
0 0.0108426
0 0.0107531
0 0.0106635
0 0.0105739
0 0.0104843
0 0.0103948
0 0.0103052
0 0.0102156
0 0.010126
0 0.0100365
0 0.0099469
0 0.00985733
0 0.00976776
0 0.00967818
0 0.00958861
0 0.00949904
0 0.00940947
0 0.00931989
0 0.00923032
0 0.00914075
0 0.00905117
0 0.0089616
0 0.00887203
0 0.00878246
0 0.00869288
0 0.00860331
0 0.00851374
0 0.00842416
0 0.00833459
0 0.00824502
0 0.00815545
0 0.00806587
0 0.0079763
0 0.00788673
0 0.00779715
0 0.00770758
0 0.00761801
0 0.00752844
0 0.00743886
0 0.00734929
0 0.00725972
0 0.00717014
0 0.00708057
0 0.006991
0 0.00690143
0 0.00681185
0 0.00672228
0 0.00663271
0 0.00654313
0 0.00645356
0 0.00636399
0 0.00627442
0 0.00618484
0 0.00609527
0 0.0060057
0 0.00591612
0 0.00582655
0 0.00573698
0 0.00564741
0 0.00555783
0 0.00546826
0 0.00537869
0 0.00528911
0 0.00519954
0 0.00510997
0 0.0050204
0 0.00493082
0 0.00484125
0 0.00475168
0 0.0046621
0 0.00457253
0 0.00448296
0 0.00439339
0 0.00430381
0 0.00421424
0 0.00412467
0 0.00403509
0 0.00394552
0 0.00385595
0 0.00376638
0 0.0036768
0 0.00358723
0 0.00349766
0 0.00340808
0 0.00331851
0 0.00322894
0 0.00313937
0 0.00304979
0 0.00296022
0 0.00287065
0 0.00278107
0 0.0026915
0 0.00260193
0 0.00251236
0 0.00242278
0 0.0023364
0 0.00226978
0 0.00220315
0 0.00213653
0 0.0020699
0 0.00200327
0 0.00193665
0 0.00187002
0 0.0018034
0 0.00173677
0 0.00167014
0 0.00160352
0 0.00153689
0 0.00147027
0 0.00140364
0 0.00133701
0 0.00127039
0 0.00120376
0 0.00113714
0 0.00107051
0 0.00100388
0 0.000937257
0 0.000870631
0 0.000804005
0 0.000737379
0 0.000670753
0 0.000604127
0 0.000537501
0 0.000470875
0 0.000404249
0 0.000337623
0 0.000270997
0 0.000204371
0 0.000137745
0 7.11189e-05
0 4.49288e-06
-0.00793918 -1.47414e-05
-0.0187121 -1.70601e-05
-0.029485 -1.93787e-05
-0.0402579 -2.16974e-05
-0.0510308 -2.40161e-05
-0.0618037 -2.63348e-05
-0.0725766 -2.86535e-05
-0.0833495 -3.09721e-05
-0.0941225 -3.32908e-05
-0.104895 -3.56095e-05
-0.115668 -3.79282e-05
-0.126441 -4.02469e-05
-0.137214 -4.25655e-05
-0.147987 -4.48842e-05
-0.15876 -4.72029e-05
-0.169533 -4.95216e-05
-0.180306 -5.18403e-05
-0.191079 -5.41589e-05
-0.201852 -5.64776e-05
-0.212624 -5.87963e-05
-0.223397 -6.1115e-05
-0.23417 -6.34337e-05
-0.244943 -6.57524e-05
-0.255716 -6.8071e-05
-0.266489 -7.03897e-05
-0.277262 -7.27084e-05
-0.288035 -7.50271e-05
-0.298808 -7.73458e-05
-0.309581 -7.96644e-05
-0.320354 -8.19831e-05
-0.331126 -8.43018e-05
-0.341899 -8.66205e-05
-0.352672 -8.89392e-05
-0.363445 -9.12578e-05
-0.374218 -9.35765e-05
-0.384991 -9.58952e-05
-0.395764 -9.82139e-05
-0.406537 -0.000100533
-0.41731 -0.000102851
-0.428083 -0.00010517
-0.438856 -0.000107489
-0.449628 -0.000109807
-0.460401 -0.000112126
-0.471174 -0.000114445
-0.481947 -0.000116763
-0.49272 -0.000119082
-0.503493 -0.000121401
-0.514266 -0.000123719
-0.525039 -0.000126038
-0.535812 -0.000128357
-0.546585 -0.000130675
-0.557358 -0.000132994
-0.56813 -0.000135313
-0.578903 -0.000137631
-0.589676 -0.00013995
-0.600449 -0.000142269
-0.611222 -0.000144588
-0.621995 -0.000146906
-0.632768 -0.000149225
-0.643541 -0.000151544
-0.654314 -0.000153862
-0.665087 -0.000156181
-0.67586 -0.0001585
-0.686633 -0.000160818
-0.697405 -0.000163137
-0.708178 -0.000165456
-0.718951 -0.000167774
-0.729724 -0.000170093
-0.740497 -0.000172412
-0.75127 -0.00017473
-0.762043 -0.000177049
-0.772816 -0.000179368
-0.783589 -0.000181686
-0.794362 -0.000184005
-0.805135 -0.000186324
-0.815907 -0.000188642
-0.82668 -0.000190961
-0.837453 -0.00019328
-0.848226 -0.000195598
-0.858999 -0.000197917
-0.869772 -0.000200236
-0.880545 -0.000202555
-0.891318 -0.000204873
-0.902091 -0.000207192
-0.912864 -0.000209511
-0.923637 -0.000211829
-0.934409 -0.000214148
-0.945182 -0.000216467
-0.955955 -0.000218785
-0.966728 -0.000221104
-0.977501 -0.000223423
-0.988274 -0.000225741
-0.999047 -0.00022806
-1.00982 -0.000230379
-1.02059 -0.000232697
-1.03137 -0.000235016
-1.04214 -0.000237335
-1.05291 -0.000239653
-1.06368 -0.000241972
-1.07446 -0.000244291
-1.08523 -0.000246609
-1.096 -0.000248928
-1.10678 -0.000251247
-1.11755 -0.000253566
-1.12832 -0.000255884
-1.13909 -0.000258203
-1.14987 -0.000260522
-1.16064 -0.00026284
-1.17141 -0.000265159
-1.18219 -0.000267478
-1.19296 -0.000269796
-1.20373 -0.000272115
-1.21451 -0.000274434
-1.22502 -0.000276698
-1.23205 -0.000278209
-1.23907 -0.000279721
-1.24609 -0.000281232
-1.25311 -0.000282744
-1.26014 -0.000284255
-1.26714 -0.000285894
-1.27414 -0.000287566
-1.28114 -0.000289239
-1.28814 -0.000290914
-1.29514 -0.000292589
-1.30215 -0.000294266
-1.30915 -0.000295944
-1.31615 -0.000297623
-1.32315 -0.000299303
-1.33014 -0.000300984
-1.33714 -0.000302666
-1.34414 -0.00030435
-1.35114 -0.000306034
-1.35814 -0.00030772
-1.36514 -0.000309407
-1.37214 -0.000311095
-1.37914 -0.000312784
-1.38614 -0.000314474
-1.39314 -0.000316165
-1.40013 -0.000317858
-1.40713 -0.000319551
-1.41413 -0.000321246
-1.42113 -0.000322942
-1.42813 -0.000324639
-1.43512 -0.000326338
-1.44212 -0.000328037
-1.44912 -0.000329738
-1.45611 -0.000331439
-1.46311 -0.000333142
-1.47011 -0.000334846
-1.4771 -0.000336552
-1.4841 -0.000338258
-1.4911 -0.000339966
-1.49809 -0.000341674
-1.50509 -0.000343384
-1.51208 -0.000345096
-1.51908 -0.000346808
-1.52608 -0.000348521
-1.53307 -0.000350236
-1.54007 -0.000351952
-1.54706 -0.000353669
-1.55406 -0.000355387
-1.56105 -0.000357107
-1.56804 -0.000358828
-1.57504 -0.00036055
-1.58203 -0.000362273
-1.58903 -0.000363997
-1.59602 -0.000365723
-1.60301 -0.000367449
-1.61001 -0.000369177
-1.617 -0.000370907
-1.62399 -0.000372637
-1.63099 -0.000374369
-1.63798 -0.000376102
-1.64497 -0.000377836
-1.65197 -0.000379571
-1.65896 -0.000381308
-1.66595 -0.000383046
-1.67294 -0.000384785
-1.67993 -0.000386525
-1.68692 -0.000388266
-1.69392 -0.000390009
-1.70091 -0.000391753
-1.7079 -0.000393499
-1.71489 -0.000395245
-1.72188 -0.000396993
-1.72887 -0.000398742
-1.73586 -0.000400493
-1.74285 -0.000402244
-1.74984 -0.000403997
-1.75683 -0.000405751
-1.76382 -0.000407507
-1.77081 -0.000409264
-1.7778 -0.000411022
-1.78479 -0.000412781
-1.79178 -0.000414542
-1.79877 -0.000416304
-1.80576 -0.000418067
-1.81275 -0.000419831
-1.81973 -0.000421597
-1.82672 -0.000423364
-1.83371 -0.000425133
-1.8407 -0.000426902
-1.84769 -0.000428673
-1.85467 -0.000430446
-1.86166 -0.000432219
-1.86865 -0.000433994
-1.87563 -0.000435771
-1.88262 -0.000437548
-1.88961 -0.000439327
-1.89659 -0.000441107
-1.90358 -0.000442889
-1.91057 -0.000444672
-1.91755 -0.000446456
-1.92454 -0.000448242
-1.87817 -0.000438327
-1.83181 -0.000428413
-1.78544 -0.000418498
-1.73908 -0.000408583
-1.69271 -0.000398669
-1.64635 -0.000388754
-1.59998 -0.000378839
-1.55362 -0.000368925
-1.50725 -0.00035901
-1.46088 -0.000349095
-1.41452 -0.000339181
-1.36815 -0.000329266
-1.32179 -0.000319351
-1.27542 -0.000309436
-1.22906 -0.000299522
-1.18269 -0.000289607
-1.13633 -0.000279692
-1.08996 -0.000269778
-1.0436 -0.000259863
-0.99723 -0.000249948
-0.950865 -0.000240034
-0.904499 -0.000230119
-0.858134 -0.000220204
-0.811768 -0.00021029
-0.765403 -0.000200375
-0.719037 -0.00019046
-0.672672 -0.000180546
-0.626306 -0.000170631
-0.579941 -0.000160716
-0.533576 -0.000150802
-0.48721 -0.000140887
-0.440845 -0.000130972
-0.394479 -0.000121058
-0.348114 -0.000111143
-0.301748 -0.000101228
-0.255383 -9.13135e-05
-0.209018 -8.13988e-05
-0.162652 -7.14841e-05
-0.116287 -6.15694e-05
-0.0699212 -5.16547e-05
-0.0242802 -4.09767e-05
0 -2.94576e-05
0 -2.8222e-06
0 2.38132e-05
0 5.04485e-05
0 7.70839e-05
0 0.000103719
0 0.000130355
0 0.00015699
0 0.000183625
0 0.000210261
0 0.000236896
0 0.000263531
0 0.000290167
0 0.000316802
0 0.000343437
0 0.000370073
0 0.000396708
0 0.000423343
0 0.000449979
0 0.000476614
0 0.00050325
0 0.000529885
0 0.00055652
0 0.000583156
0 0.000609791
0 0.000636426
0 0.000663062
0 0.000689697
0 0.000716332
0 0.000742968
0 0.000769603
0 0.000796238
0 0.000822874
0 0.000849509
0 0.000876145
0 0.00090278
0 0.000929415
0 0.000956051
0 0.000982686
0 0.00100932
0 0.00103596
0 0.00106259
0 0.00108923
0 0.00111586
0 0.0011425
0 0.00116913
0 0.00119577
0 0.0012224
0 0.00124904
0 0.00127567
0 0.00130231
0 0.00132895
0 0.00135558
0 0.00138222
0 0.00140885
0 0.00143549
0 0.00146212
0 0.00148876
0 0.00151539
0 0.00154203
0 0.00156866
0 0.0015953
0 0.00162193
0 0.00164857
0 0.00167521
0 0.00170184
0 0.00172848
0 0.00175511
0 0.00178175
0 0.00180838
0 0.00183502
0 0.00186165
0 0.00188829
0 0.00191492
0 0.00194156
0 0.00196819
0 0.00199483
0 0.00202146
0 0.0020481
0 0.00207474
0 0.00210137
0 0.00212801
0 0.00215464
0 0.00218128
0 0.00220791
0 0.00223455
0 0.00226118
0 0.00228782
0 0.00231445
0 0.00234109
0 0.00236772
0 0.00239436
0 0.002421
0 0.00244763
0 0.00247427
0 0.0025009
0 0.00252754
0 0.00255417
0 0.00258081
0 0.00260744
0 0.00263408
0 0.00266071
0 0.00268735
0 0.00271398
0 0.00274062
0 0.00276725
0 0.00279389
0 0.00281792
0 0.00283352
0 0.00284921
0 0.00288387
0 0.00291854
0 0.0029532
0 0.00298787
0 0.00302253
0 0.0030572
0 0.00309186
0 0.00312653
0 0.00316119
0 0.00319585
0 0.00323052
0 0.00326518
0 0.00329985
0 0.00333451
0 0.00336918
0 0.00340384
0 0.00343851
0 0.00347317
0 0.00350784
0 0.0035425
0 0.00357717
0 0.00361183
0 0.0036465
0 0.00368116
0 0.00371583
0 0.00375049
0 0.00378516
0 0.00381982
0 0.00385449
0 0.00388915
0 0.00392381
0 0.00395848
0 0.00399314
0 0.00402781
0 0.00406247
0 0.00409714
0 0.0041318
0 0.00416647
0 0.00420113
0 0.0042358
0 0.00427046
0 0.00430513
0 0.00433979
0 0.00437446
0 0.00440912
0 0.00444379
0 0.00447845
0 0.00451312
0 0.00454778
0 0.00458244
0 0.00461711
0 0.00465177
0 0.00468644
0 0.0047211
0 0.00475577
0 0.00479043
0 0.0048251
0 0.00485976
0 0.00489443
0 0.00492909
0 0.00496376
0 0.00499842
0 0.00503309
0 0.00506775
0 0.00510242
0 0.00513708
0 0.00517175
0 0.00520641
0 0.00524108
0 0.00527574
0 0.0053104
0 0.00534507
0 0.00537973
0 0.0054144
0 0.00544906
0 0.00548373
0 0.00551839
0 0.00555306
0 0.00558772
0 0.00562239
0 0.00565705
0 0.00569172
0 0.00572638
0 0.00576105
0 0.00579571
0 0.00583038
0 0.00586504
0 0.00589971
0 0.00593437
0 0.00596904
0 0.0060037
0 0.00603836
0 0.00607303
0 0.00610769
0 0.00614236
0 0.00617702
0 0.00621169
0 0.00624635
0 0.00628102
0 0.00631568
0 0.00635035
0 0.00638501
0 0.00641968
0 0.00645434
0 0.00648901
0 0.00652367
0 0.00655834
0 0.006593
0 0.00662767
0 0.00666233
0 0.00669699
0 0.00673166
0 0.00676632
0 0.00680099
0 0.00683565
0 0.00687032
0 0.00690498
0 0.00693965
0 0.00697431
0 0.00700898
0 0.00704364
0 0.00707831
0 0.00711297
0 0.00714764
0 0.0071823
0 0.00721697
0 0.00725163
0 0.0072863
0 0.00732096
0 0.00735563
0 0.00739029
0 0.00742495
0 0.00745962
0 0.00749428
0 0.00752895
0 0.00756361
0 0.00759828
0 0.00763294
0 0.00766761
0 0.00770227
0 0.00773694
0 0.0077716
0 0.00780627
0 0.00784093
0 0.0078756
0 0.00791026
0 0.00794493
0 0.00797959
0 0.00801426
0 0.00804892
0 0.00808359
0 0.00811825
0 0.00815291
0 0.00818758
0 0.00822224
0 0.00825691
0 0.00829157
0 0.00832624
0 0.0083609
0 0.00839557
0 0.00843023
0 0.0084649
0 0.00849956
0 0.00853423
0 0.00856889
0 0.00860356
0 0.00863822
0 0.00867289
0 0.00870755
0 0.00874222
0 0.00877688
0 0.00881154
0 0.00884621
0 0.00888087
0 0.00891554
0 0.0089502
0 0.00898487
0 0.00901953
0 0.0090542
0 0.00908886
0 0.00912353
0 0.00915819
0 0.00919286
0 0.00922752
0 0.00926219
0 0.00929685
0 0.00933152
0 0.00936618
0 0.00940085
0 0.00943551
0 0.00947018
0 0.00950484
0 0.0095395
0 0.00957417
0 0.00960883
0 0.0096435
0 0.00967816
0 0.00971283
0 0.00974749
0 0.00978216
0 0.00981682
0 0.00985149
0 0.00988615
0 0.00992082
0 0.00995548
0 0.00999015
0 0.0100248
0 0.0100595
0 0.0100941
0 0.0101288
0 0.0101635
0 0.0101981
0 0.0102328
0 0.0102675
0 0.0103021
0 0.0103368
0 0.0103715
0 0.0104061
0 0.0104408
0 0.0104755
0 0.0105101
0 0.0105448
0 0.0105794
0 0.0106141
0 0.0106488
0 0.0106834
0 0.0107181
0 0.0107528
0 0.0107874
0 0.0108221
0 0.0108568
0 0.0108914
0 0.0109261
0 0.0109608
0 0.0109954
0 0.0110301
0 0.0110648
0 0.0110994
0 0.0111341
0 0.0111687
0 0.0112034
0 0.0112381
0 0.0112727
0 0.0113074
0 0.0113421
0 0.0113767
0 0.0114114
0 0.0114869
0 0.0116002
0 0.0117136
0 0.0118269
0 0.0119403
0 0.0120559
0 0.0121714
0 0.012287
0 0.0124025
0 0.0125181
0 0.0126336
0 0.0127492
0 0.0128647
0 0.0129803
0 0.0130958
0 0.0132114
0 0.0133269
0 0.0134425
0 0.013558
0 0.0136736
0 0.0137891
0 0.0139047
0 0.0140202
0 0.0141358
0 0.0142514
0 0.0143669
0 0.0144825
0 0.014598
0 0.0147136
0 0.0148291
0 0.0149447
0 0.0150602
0 0.0151758
0 0.0152913
0 0.0154069
0 0.0155224
0 0.015638
0 0.0157535
0 0.0158691
0 0.0159846
0 0.0161002
0 0.0162157
0 0.0163313
0 0.0164468
0 0.0165624
0 0.0166779
0 0.0167935
0 0.016909
0 0.0170246
0 0.0171401
0 0.0172557
0 0.0173712
0 0.0174868
0 0.0176023
0 0.0177179
0 0.0178335
0 0.017949
0 0.0180646
0 0.0181801
0 0.0182957
0 0.0184112
0 0.0185268
0 0.0186423
0 0.0187579
0 0.0188734
0 0.018989
0 0.0191045
0 0.0192201
0 0.0193356
0 0.0194512
0 0.0195667
0 0.0196823
0 0.0197978
0 0.0199134
0 0.0200289
0 0.0201445
0 0.02026
0 0.0203756
0 0.0204911
0 0.0206067
0 0.0207222
0 0.0208378
0 0.0209533
0 0.0210689
0 0.0211845
0 0.0213
0 0.0214156
0 0.0215311
0 0.0216467
0 0.0217622
0 0.0218778
0 0.0219933
0 0.0221089
0 0.0222244
0 0.02234
0 0.0224555
0 0.0225711
0 0.0226866
0 0.0228022
0 0.0229177
0 0.0230333
0 0.0231488
0 0.0232644
0 0.0233799
0 0.0234955
0 0.023611
0 0.0237266
0 0.0238421
0 0.0239577
0 0.0240732
0 0.0241888
0 0.0243043
0 0.0244199
0 0.0245355
0 0.024651
0 0.0247666
0 0.0248821
0 0.0249977
0 0.0251132
0 0.0252288
0 0.0253443
0 0.0254599
0 0.0255754
0 0.025691
0 0.0258065
0 0.0259221
0 0.0260376
0 0.0261532
0 0.0262687
0 0.0263843
0 0.0264998
0 0.0266154
0 0.0267309
0 0.0268465
0 0.026962
0 0.0270776
0 0.0271931
0 0.0273087
0 0.0274242
0 0.0275398
0 0.0276553
0 0.0277709
0 0.0278864
0 0.028002
0 0.0281176
0 0.0282331
0 0.0283487
0 0.0284642
0 0.0285798
0 0.0286953
0 0.0288109
0 0.0289264
0 0.029042
0 0.0291575
0 0.0292731
0 0.0293886
0 0.0295042
0 0.0296197
0 0.0297353
0 0.0298508
0 0.0299664
0 0.0300819
0 0.0301975
0 0.030313
0 0.0304286
0 0.0305441
0 0.0306597
0 0.0307752
0 0.0308908
0 0.0310063
0 0.0311219
0 0.0312374
0 0.031353
0 0.0314686
0 0.0315841
0 0.0316997
0 0.0318152
0 0.0319308
0 0.0320463
0 0.0321619
0 0.0322774
0 0.032393
0 0.0325085
0 0.0326241
0 0.0327396
0 0.0328552
0 0.0329707
0 0.0330863
0 0.0332018
0 0.0333174
0 0.0334329
0 0.0335485
0 0.033664
0 0.0337796
0 0.0338951
0 0.0340107
0 0.0341262
0 0.0342418
0 0.0343573
0 0.0344729
0 0.0345884
0 0.034704
0 0.0348196
0 0.0349351
0 0.0348275
0 0.0347198
0 0.0346122
0 0.0345046
0 0.0343969
0 0.0342893
0 0.0341816
0 0.034074
0 0.0339664
0 0.0338587
0 0.0337511
0 0.0336434
0 0.0335358
0 0.0334281
0 0.0333205
0 0.0332129
0 0.0331052
0 0.0329976
0 0.0328899
0 0.0327823
0 0.0326746
0 0.032567
0 0.0324594
0 0.0323517
0 0.0322441
0 0.0321364
0 0.0320288
0 0.0319211
0 0.0318135
0 0.0317059
0 0.0315982
0 0.0314906
0 0.0313829
0 0.0312753
0 0.0311677
0 0.03106
0 0.0309524
0 0.0308447
0 0.0307371
0 0.0306294
0 0.0305227
0 0.0304168
0 0.0303259
0 0.030235
0 0.030144
0 0.0300531
0 0.0299622
0 0.0298713
0 0.0297804
0 0.0296894
0 0.0295985
0 0.0295076
0 0.0294167
0 0.0293258
0 0.0292348
0 0.0291439
0 0.029053
0 0.0289621
0 0.0288712
0 0.0287802
0 0.0286893
0 0.0285984
0 0.0285075
0 0.0284165
0 0.0283256
0 0.0282347
0 0.0281438
0 0.0280529
0 0.0279619
0 0.027871
0 0.0277801
0 0.0276892
0 0.0275983
0 0.0275073
0 0.0274164
0 0.0273255
0 0.0272346
0 0.0271437
0 0.0270527
0 0.0269618
0 0.0268709
0 0.02678
0 0.026689
0 0.0265981
0 0.0265072
0 0.0264163
0 0.0263254
0 0.0262344
0 0.0261435
0 0.0260526
0 0.0259617
0 0.0258708
0 0.0257798
0 0.0256889
0 0.025598
0 0.0255071
0 0.0254161
0 0.0253252
0 0.0252343
0 0.0251434
0 0.0250525
0 0.0249615
0 0.0248706
0 0.0247797
0 0.0246888
0 0.0245979
0 0.0245069
0 0.024416
0 0.0243251
0 0.0242342
0 0.0241433
0 0.0240523
0 0.0239614
0 0.0238705
0 0.0237796
0 0.0236886
0 0.0235977
0 0.0235068
0 0.0234159
0 0.023325
0 0.023234
0 0.0231431
0 0.0230522
0 0.0229613
0 0.0228704
0 0.0227794
0 0.0226885
0 0.0225976
0 0.0225067
0 0.0224157
0 0.0223248
0 0.0222339
0 0.022143
0 0.0220521
0 0.0219611
0 0.0218702
0 0.0217793
0 0.0216884
0 0.0215975
0 0.0215065
0 0.0214156
0 0.0213247
0 0.0212338
0 0.0211429
0 0.0210519
0 0.020961
0 0.0208701
0 0.0207792
0 0.0206856
0 0.0205837
0 0.0204821
0 0.0203992
0 0.0203163
0 0.0202334
0 0.0201505
0 0.0200676
0 0.0199848
0 0.0199019
0 0.019819
0 0.0197361
0 0.0196532
0 0.0195703
0 0.0194874
0 0.0194045
0 0.0193217
0 0.0192388
0 0.0191559
0 0.019073
0 0.0189901
0 0.0189072
0 0.0188243
0 0.0187414
0 0.0186586
0 0.0185757
0 0.0184928
0 0.0184099
0 0.018327
0 0.0182441
0 0.0181612
0 0.0180783
0 0.0179955
0 0.0179126
0 0.0178297
0 0.0177468
0 0.0176639
0 0.017581
0 0.0174981
0 0.0174152
0 0.0173324
0 0.0172495
0 0.0171666
0 0.0170837
0 0.0170008
0 0.0169179
0 0.016835
0 0.0167521
0 0.0166693
0 0.0165864
0 0.0165035
0 0.0164206
0 0.0163377
0 0.0162548
0 0.0161719
0 0.016089
0 0.0160062
0 0.0159233
0 0.0158404
0 0.0157575
0 0.0156746
0 0.0155917
0 0.0155088
0 0.0154259
0 0.0153431
0 0.0152602
0 0.0151773
0 0.0150944
0 0.0150115
0 0.0149286
0 0.0148457
0 0.0147629
0 0.01468
0 0.0145971
0 0.0145142
0 0.0144313
0 0.0143484
0 0.0142655
0 0.0141826
0 0.0140998
0 0.0140169
0 0.013934
0 0.0138511
0 0.0137682
0 0.0136853
0 0.0136024
0 0.0135195
0 0.0134367
0 0.0133538
0 0.0132709
0 0.013188
0 0.0131051
0 0.0130222
0 0.0129393
0 0.0128564
0 0.0127736
0 0.0126907
0 0.0126078
0 0.0125249
0 0.012442
0 0.0123591
0 0.0122762
0 0.0121933
0 0.0121105
0 0.0120276
0 0.0119447
0 0.0118618
0 0.0117789
0 0.011696
0 0.0116131
0 0.0115302
0 0.0114474
0 0.0113645
0 0.0112816
0 0.0111987
0 0.0111158
0 0.0110329
0 0.01095
0 0.0108671
0 0.0107843
0 0.0107014
0 0.0106185
0 0.0105356
0 0.0104527
0 0.0103698
0 0.0102869
0 0.010204
0 0.0101212
0 0.0100383
0 0.00995539
0 0.0098725
0 0.00978961
0 0.00970672
0 0.00962384
0 0.00954095
0 0.00945806
0 0.00937517
0 0.00929229
0 0.0092094
0 0.00912651
0 0.00904362
0 0.00896074
0 0.00887785
0 0.00879496
0 0.00871208
0 0.00862919
0 0.0085463
0 0.00846341
0 0.00838053
0 0.00829764
0 0.00821475
0 0.00813186
0 0.00804898
0 0.00796609
0 0.0078832
0 0.00780031
0 0.00771743
0 0.00763454
0 0.00755165
0 0.00746876
0 0.00738588
0 0.00730299
0 0.0072201
0 0.00713722
0 0.00705433
0 0.00697144
0 0.00688855
0 0.00680567
0 0.00672278
0 0.00663989
0 0.006557
0 0.00647412
0 0.00639123
0 0.00630834
0 0.00622545
0 0.00614257
0 0.00605968
0 0.00597679
0 0.00589391
0 0.00581102
0 0.00572813
0 0.00564524
0 0.00556236
0 0.00547947
0 0.00539658
0 0.00531369
0 0.00523081
0 0.00514792
0 0.00506503
0 0.00498214
0 0.00489926
0 0.00481637
0 0.00473348
0 0.0046506
0 0.00456771
0 0.00448482
0 0.00440193
0 0.00431905
0 0.00423616
0 0.00415327
0 0.00407038
0 0.0039875
0 0.00390461
0 0.00382172
0 0.00373883
0 0.00365595
0 0.00357306
0 0.00349017
0 0.00340729
0 0.0033244
0 0.00324151
0 0.00315862
0 0.00307574
0 0.00299285
0 0.00290996
0 0.00282707
0 0.00274419
0 0.0026613
0 0.00257841
0 0.00249552
0 0.00241264
0 0.00232975
0 0.00224686
0 0.00216398
0 0.00208109
0 0.0019982
0 0.00191531
0 0.00183243
0 0.00174954
0 0.00166665
0 0.00158376
0 0.00150088
0 0.00141799
0 0.0013351
0 0.00125221
0 0.00116933
0 0.00108644
0 0.00100355
0 0.000920665
0 0.000837778
0 0.000754891
0 0.000672003
0 0.000589116
0 0.000506229
0 0.000423341
0 0.000340454
0 0.000257567
0 0.000174679
0 9.1792e-05
0 8.90465e-06
-0.0101728 -3.26429e-05
-0.0295353 -3.68464e-05
-0.0488977 -4.10499e-05
-0.0682601 -4.52534e-05
-0.0874611 -4.94218e-05
-0.0966925 -5.14259e-05
-0.105924 -5.343e-05
-0.115155 -5.54341e-05
-0.124387 -5.74382e-05
-0.133618 -5.94423e-05
-0.14285 -6.14464e-05
-0.152081 -6.34505e-05
-0.161313 -6.54547e-05
-0.170544 -6.74588e-05
-0.179776 -6.94629e-05
-0.189007 -7.1467e-05
-0.198239 -7.34711e-05
-0.20747 -7.54752e-05
-0.216702 -7.74793e-05
-0.225933 -7.94834e-05
-0.235165 -8.14875e-05
-0.244396 -8.34916e-05
-0.253628 -8.54957e-05
-0.262859 -8.74998e-05
-0.27209 -8.95039e-05
-0.281322 -9.1508e-05
-0.290553 -9.35121e-05
-0.299785 -9.55162e-05
-0.309016 -9.75203e-05
-0.318248 -9.95244e-05
-0.327479 -0.000101529
-0.336711 -0.000103533
-0.345942 -0.000105537
-0.355174 -0.000107541
-0.364405 -0.000109545
-0.373637 -0.000111549
-0.382868 -0.000113553
-0.3921 -0.000115557
-0.401331 -0.000117561
-0.410563 -0.000119565
-0.419794 -0.00012157
-0.429025 -0.000123574
-0.438257 -0.000125578
-0.447488 -0.000127582
-0.45672 -0.000129586
-0.465951 -0.00013159
-0.475183 -0.000133594
-0.484414 -0.000135598
-0.493646 -0.000137602
-0.502877 -0.000139607
-0.512109 -0.000141611
-0.52134 -0.000143615
-0.530572 -0.000145619
-0.539803 -0.000147623
-0.549035 -0.000149627
-0.558266 -0.000151631
-0.567498 -0.000153635
-0.576729 -0.000155639
-0.58596 -0.000157643
-0.595192 -0.000159648
-0.604423 -0.000161652
-0.613655 -0.000163656
-0.622886 -0.00016566
-0.632118 -0.000167664
-0.641349 -0.000169668
-0.650581 -0.000171672
-0.659812 -0.000173676
-0.669044 -0.00017568
-0.678275 -0.000177685
-0.687507 -0.000179689
-0.696738 -0.000181693
-0.70597 -0.000183697
-0.715201 -0.000185701
-0.724432 -0.000187705
-0.733664 -0.000189709
-0.742895 -0.000191713
-0.752127 -0.000193717
-0.761358 -0.000195721
-0.77059 -0.000197726
-0.779821 -0.00019973
-0.789053 -0.000201734
-0.798284 -0.000203738
-0.807516 -0.000205742
-0.816747 -0.000207746
-0.825979 -0.00020975
-0.83521 -0.000211754
-0.844442 -0.000213758
-0.853673 -0.000215763
-0.862905 -0.000217767
-0.872136 -0.000219771
-0.881367 -0.000221775
-0.890599 -0.000223779
-0.89983 -0.000225783
-0.909062 -0.000227787
-0.918293 -0.000229791
-0.927525 -0.000231795
-0.936756 -0.000233799
-0.945988 -0.000235804
-0.955219 -0.000237808
-0.964451 -0.000239812
-0.973682 -0.000241816
-0.982914 -0.00024382
-0.992145 -0.000245824
-1.00138 -0.000247828
-1.01061 -0.000249832
-1.01984 -0.000251836
-1.02907 -0.000253841
-1.0383 -0.000255845
-1.04753 -0.000257849
-1.05677 -0.000259853
-1.066 -0.000261857
-1.07523 -0.000263861
-1.08446 -0.000265865
-1.09369 -0.000267869
-1.10292 -0.000269873
-1.11215 -0.000271877
-1.12139 -0.000273882
-1.13062 -0.000275886
-1.13985 -0.00027789
-1.14908 -0.000279894
-1.15831 -0.000281898
-1.16754 -0.000283902
-1.17677 -0.000285906
-1.18601 -0.00028791
-1.19524 -0.000289914
-1.20447 -0.000291919
-1.2137 -0.000293923
-1.22293 -0.000295927
-1.23216 -0.000297931
-1.24139 -0.000299935
-1.25063 -0.000301939
-1.25986 -0.000303943
-1.26909 -0.000305947
-1.27832 -0.000307951
-1.28755 -0.000309955
-1.29678 -0.00031196
-1.30602 -0.000313964
-1.31525 -0.000315968
-1.32448 -0.000317972
-1.33371 -0.000319976
-1.34294 -0.00032198
-1.35217 -0.000323984
-1.3614 -0.000325988
-1.37064 -0.000327992
-1.37987 -0.000329997
-1.3891 -0.000332001
-1.39833 -0.000334005
-1.40756 -0.000336009
-1.41679 -0.000338013
-1.42602 -0.000340017
-1.43526 -0.000342021
-1.44449 -0.000344025
-1.45372 -0.000346029
-1.46295 -0.000348033
-1.47218 -0.000350038
-1.48141 -0.000352042
-1.49064 -0.000354046
-1.49988 -0.00035605
-1.50911 -0.000358054
-1.51834 -0.000360058
-1.52757 -0.000362062
-1.5368 -0.000364066
-1.54603 -0.00036607
-1.55526 -0.000368075
-1.5645 -0.000370079
-1.57373 -0.000372083
-1.58296 -0.000374087
-1.59219 -0.000376091
-1.60142 -0.000378095
-1.61065 -0.000380099
-1.61989 -0.000382103
-1.62912 -0.000384107
-1.63835 -0.000386111
-1.64758 -0.000388116
-1.65681 -0.00039012
-1.66604 -0.000392124
-1.67527 -0.000394128
-1.68451 -0.000396132
-1.69374 -0.000398136
-1.70297 -0.00040014
-1.7122 -0.000402144
-1.72143 -0.000404148
-1.73066 -0.000406153
-1.73989 -0.000408157
-1.74913 -0.000410161
-1.75836 -0.000412165
-1.76759 -0.000414169
-1.77682 -0.000416173
-1.78605 -0.000418177
-1.79528 -0.000420181
-1.80451 -0.000422185
-1.81375 -0.000424189
-1.82298 -0.000426194
-1.83221 -0.000428198
-1.84144 -0.000430202
-1.85067 -0.000432206
-1.8599 -0.00043421
-1.86913 -0.000436214
-1.87837 -0.000438218
-1.8876 -0.000440222
-1.89683 -0.000442226
-1.90606 -0.000444231
-1.91529 -0.000446235
-1.92452 -0.000448239
-1.87816 -0.000438324
-1.83179 -0.000428409
-1.78543 -0.000418495
-1.73906 -0.00040858
-1.6927 -0.000398665
-1.64633 -0.000388751
-1.59997 -0.000378836
-1.5536 -0.000368921
-1.50723 -0.000359007
-1.46087 -0.000349092
-1.4145 -0.000339177
-1.36814 -0.000329263
-1.32177 -0.000319348
-1.27541 -0.000309433
-1.22904 -0.000299519
-1.18268 -0.000289604
-1.13631 -0.000279689
-1.08995 -0.000269774
-1.04358 -0.00025986
-0.997215 -0.000249945
-0.950849 -0.00024003
-0.904484 -0.000230116
-0.858119 -0.000220201
-0.811753 -0.000210286
-0.765388 -0.000200372
-0.719022 -0.000190457
-0.672657 -0.000180542
-0.626291 -0.000170628
-0.579926 -0.000160713
-0.53356 -0.000150798
-0.487195 -0.000140884
-0.44083 -0.000130969
-0.394464 -0.000121054
-0.348099 -0.00011114
-0.301733 -0.000101225
-0.255368 -9.13102e-05
-0.209002 -8.13955e-05
-0.162637 -7.14808e-05
-0.116272 -6.15661e-05
-0.0699061 -5.16514e-05
-0.0242672 -4.0971e-05
0 -2.94296e-05
0 -2.79422e-06
0 2.38411e-05
0 5.04765e-05
0 7.71118e-05
0 0.000103747
0 0.000130383
0 0.000157018
0 0.000183653
0 0.000210289
0 0.000236924
0 0.000263559
0 0.000290195
0 0.00031683
0 0.000343465
0 0.000370101
0 0.000396736
0 0.000423371
0 0.000450007
0 0.000476642
0 0.000503278
0 0.000529913
0 0.000556548
0 0.000583184
0 0.000609819
0 0.000636454
0 0.00066309
0 0.000689725
0 0.00071636
0 0.000742996
0 0.000769631
0 0.000796266
0 0.000822902
0 0.000849537
0 0.000876172
0 0.000902808
0 0.000929443
0 0.000956079
0 0.000982714
0 0.00100935
0 0.00103598
0 0.00106262
0 0.00108926
0 0.00111589
0 0.00114253
0 0.00116916
0 0.0011958
0 0.00122243
0 0.00124907
0 0.0012757
0 0.00130234
0 0.00132897
0 0.00135561
0 0.00138224
0 0.00140888
0 0.00143551
0 0.00146215
0 0.00148879
0 0.00151542
0 0.00154206
0 0.00156869
0 0.00159533
0 0.00162196
0 0.0016486
0 0.00167523
0 0.00170187
0 0.0017285
0 0.00175514
0 0.00178177
0 0.00180841
0 0.00183505
0 0.00186168
0 0.00188832
0 0.00191495
0 0.00194159
0 0.00196822
0 0.00199486
0 0.00202149
0 0.00204813
0 0.00207476
0 0.0021014
0 0.00212803
0 0.00215467
0 0.0021813
0 0.00220794
0 0.00223458
0 0.00226121
0 0.00228785
0 0.00231448
0 0.00234112
0 0.00236775
0 0.00239439
0 0.00242102
0 0.00244766
0 0.00247429
0 0.00250093
0 0.00252756
0 0.0025542
0 0.00258084
0 0.00260747
0 0.00263411
0 0.00266074
0 0.00268738
0 0.00271401
0 0.00274065
0 0.00276728
0 0.00279392
0 0.00281795
0 0.00283355
0 0.00284923
0 0.0028839
0 0.00291856
0 0.00295323
0 0.0029879
0 0.00302257
0 0.00305724
0 0.0030919
0 0.00312657
0 0.00316124
0 0.00319591
0 0.00323058
0 0.00326524
0 0.00329991
0 0.00333458
0 0.00336925
0 0.00340392
0 0.00343859
0 0.00347325
0 0.00350792
0 0.00354259
0 0.00357726
0 0.00361193
0 0.00364659
0 0.00368126
0 0.00371593
0 0.0037506
0 0.00378527
0 0.00381993
0 0.0038546
0 0.00388927
0 0.00392394
0 0.00395861
0 0.00399328
0 0.00402794
0 0.00406261
0 0.00409728
0 0.00413195
0 0.00416662
0 0.00420128
0 0.00423595
0 0.00427062
0 0.00430529
0 0.00433996
0 0.00437462
0 0.00440929
0 0.00444396
0 0.00447863
0 0.0045133
0 0.00454797
0 0.00458263
0 0.0046173
0 0.00465197
0 0.00468664
0 0.00472131
0 0.00475597
0 0.00479064
0 0.00482531
0 0.00485998
0 0.00489465
0 0.00492931
0 0.00496398
0 0.00499865
0 0.00503332
0 0.00506799
0 0.00510266
0 0.00513732
0 0.00517199
0 0.00520666
0 0.00524133
0 0.005276
0 0.00531066
0 0.00534533
0 0.00538
0 0.00541467
0 0.00544934
0 0.005484
0 0.00551867
0 0.00555334
0 0.00558801
0 0.00562268
0 0.00565734
0 0.00569201
0 0.00572668
0 0.00576135
0 0.00579602
0 0.00583069
0 0.00586535
0 0.00590002
0 0.00593469
0 0.00596936
0 0.00600403
0 0.00603869
0 0.00607336
0 0.00610803
0 0.0061427
0 0.00617737
0 0.00621203
0 0.0062467
0 0.00628137
0 0.00631604
0 0.00635071
0 0.00638538
0 0.00642004
0 0.00645471
0 0.00648938
0 0.00652405
0 0.00655872
0 0.00659338
0 0.00662805
0 0.00666272
0 0.00669739
0 0.00673206
0 0.00676672
0 0.00680139
0 0.00683606
0 0.00687073
0 0.0069054
0 0.00694007
0 0.00697473
0 0.0070094
0 0.00704407
0 0.00707874
0 0.00711341
0 0.00714807
0 0.00718274
0 0.00721741
0 0.00725208
0 0.00728675
0 0.00732141
0 0.00735608
0 0.00739075
0 0.00742542
0 0.00746009
0 0.00749476
0 0.00752942
0 0.00756409
0 0.00759876
0 0.00763343
0 0.0076681
0 0.00770276
0 0.00773743
0 0.0077721
0 0.00780677
0 0.00784144
0 0.0078761
0 0.00791077
0 0.00794544
0 0.00798011
0 0.00801478
0 0.00804945
0 0.00808411
