21.8423 0.0068
21.4641 0.0136
21.0828 0.0204
20.7016 0.0272
23.2017 0.034
18.7479 0.0272
14.2962 0.0204
9.84462 0.0136
5.39301 0.0068
-0.106673 -8.67362e-19
-21.8244 -0.0068
-21.4432 -0.0136
-21.0619 -0.0204
-20.6807 -0.0272
-23.2017 -0.034
-18.7479 -0.0272
-14.2962 -0.0204
-9.84462 -0.0136
-5.39301 -0.0068
0.00252559 -8.67362e-19
5.39331 0.0068
9.84485 0.0136
14.2964 0.0204
18.7479 0.0272
23.1994 0.034
18.7478 0.0272
14.2962 0.0204
9.84459 0.0136
5.39297 0.0068
-0.00275455 0
-5.39331 -0.0068
-9.84486 -0.0136
-14.2964 -0.0204
-18.7479 -0.0272
-23.1994 -0.034
-18.7478 -0.0272
-14.2962 -0.0204
-9.84459 -0.0136
-5.39297 -0.0068
0.0025353 0
5.39328 0.0068
9.84482 0.0136
14.2964 0.0204
18.7479 0.0272
23.1994 0.034
27.6442 0.0408
32.0878 0.0476
36.5302 0.0544
40.9713 0.0612
45.4113 0.068
40.9597 0.0612
36.5081 0.0544
32.0565 0.0476
27.6048 0.0408
23.1532 0.034
18.7016 0.0272
14.25 0.0204
9.79837 0.0136
5.34675 0.0068
-0.293828 8.67362e-19
-5.39328 -0.0068
-9.84482 -0.0136
-14.2964 -0.0204
-18.7479 -0.0272
-23.1994 -0.034
-27.6442 -0.0408
-32.0878 -0.0476
-36.5302 -0.0544
-40.9713 -0.0612
-45.4113 -0.068
-40.9597 -0.0612
-36.5081 -0.0544
-32.0565 -0.0476
-27.6048 -0.0408
-23.1532 -0.034
-18.7016 -0.0272
-14.25 -0.0204
-9.79837 -0.0136
-5.34675 -0.0068
0.0180686 -1.73472e-18
5.34928 0.0068
9.80062 0.0136
14.252 0.0204
18.7033 0.0272
23.1546 0.034
27.606 0.0408
32.0573 0.0476
36.5086 0.0544
40.96 0.0612
45.4113 0.068
40.9597 0.0612
36.5081 0.0544
32.0565 0.0476
27.6048 0.0408
23.1532 0.034
18.7016 0.0272
14.25 0.0204
9.79837 0.0136
5.34675 0.0068
-0.0180686 0
-5.34928 -0.0068
-9.80062 -0.0136
-14.252 -0.0204
-18.7033 -0.0272
-23.1546 -0.034
-27.606 -0.0408
-32.0573 -0.0476
-36.5086 -0.0544
-40.96 -0.0612
-45.4113 -0.068
-40.9597 -0.0612
-36.5081 -0.0544
-32.0565 -0.0476
-27.6048 -0.0408
-23.1532 -0.034
-18.7016 -0.0272
-14.25 -0.0204
-9.79837 -0.0136
-5.34675 -0.0068
0.0180686 0
5.34928 0.0068
9.80062 0.0136
14.252 0.0204
18.7033 0.0272
23.1546 0.034
27.606 0.0408
32.0573 0.0476
36.5086 0.0544
40.96 0.0612
45.4113 0.068
49.85 0.0748
54.2875 0.0816
58.7238 0.0884
63.1587 0.0952
67.5925 0.102
63.1408 0.0952
58.6892 0.0884
54.2376 0.0816
49.786 0.0748
45.3344 0.068
40.8827 0.0612
36.4311 0.0544
31.9795 0.0476
27.5279 0.0408
23.0763 0.034
18.6247 0.0272
14.173 0.0204
9.72142 0.0136
5.26981 0.0068
-0.502841 8.67362e-19
-5.34928 -0.0068
-9.80062 -0.0136
-14.252 -0.0204
-18.7033 -0.0272
-23.1546 -0.034
-27.606 -0.0408
-32.0573 -0.0476
-36.5086 -0.0544
-40.96 -0.0612
-45.4113 -0.068
-49.85 -0.0748
-54.2875 -0.0816
-58.7238 -0.0884
-63.1587 -0.0952
-67.5925 -0.102
-63.1408 -0.0952
-58.6892 -0.0884
-54.2376 -0.0816
-49.786 -0.0748
-45.3344 -0.068
-40.8827 -0.0612
-36.4311 -0.0544
-31.9795 -0.0476
-27.5279 -0.0408
-23.0763 -0.034
-18.6247 -0.0272
-14.173 -0.0204
-9.72142 -0.0136
-5.26981 -0.0068
0.0583274 1.73472e-18
5.27835 0.0068
9.72935 0.0136
14.1804 0.0204
18.6314 0.0272
23.0824 0.034
27.5334 0.0408
31.9844 0.0476
36.4354 0.0544
40.8864 0.0612
45.3374 0.068
49.7884 0.0748
54.2394 0.0816
58.6904 0.0884
63.1414 0.0952
67.5925 0.102
63.1408 0.0952
58.6892 0.0884
54.2376 0.0816
49.786 0.0748
45.3344 0.068
40.8827 0.0612
36.4311 0.0544
31.9795 0.0476
27.5279 0.0408
23.0763 0.034
18.6247 0.0272
14.173 0.0204
9.72142 0.0136
5.26981 0.0068
-0.0583274 0
-5.27835 -0.0068
-9.72935 -0.0136
-14.1804 -0.0204
-18.6314 -0.0272
-23.0824 -0.034
-27.5334 -0.0408
-31.9844 -0.0476
-36.4354 -0.0544
-40.8864 -0.0612
-45.3374 -0.068
-49.7884 -0.0748
-54.2394 -0.0816
-58.6904 -0.0884
-63.1414 -0.0952
-67.5925 -0.102
-63.1408 -0.0952
-58.6892 -0.0884
-54.2376 -0.0816
-49.786 -0.0748
-45.3344 -0.068
-40.8827 -0.0612
-36.4311 -0.0544
-31.9795 -0.0476
-27.5279 -0.0408
-23.0763 -0.034
-18.6247 -0.0272
-14.173 -0.0204
-9.72142 -0.0136
-5.26981 -0.0068
0.0583274 0
5.27835 0.0068
9.72935 0.0136
14.1804 0.0204
18.6314 0.0272
23.0824 0.034
27.5334 0.0408
31.9844 0.0476
36.4354 0.0544
40.8864 0.0612
45.3374 0.068
49.7884 0.0748
54.2394 0.0816
58.6904 0.0884
63.1414 0.0952
67.5925 0.102
72.0249 0.1088
76.456 0.1156
80.8858 0.1224
85.3143 0.1292
89.7414 0.136
94.1672 0.1428
98.5916 0.1496
103.015 0.1564
107.436 0.1632
111.857 0.17
107.405 0.1632
102.953 0.1564
98.5018 0.1496
94.0501 0.1428
89.5985 0.136
85.1469 0.1292
80.6953 0.1224
76.2437 0.1156
71.792 0.1088
67.3404 0.102
62.8888 0.0952
58.4372 0.0884
53.9856 0.0816
49.534 0.0748
45.0823 0.068
40.6307 0.0612
36.1791 0.0544
31.7275 0.0476
27.2759 0.0408
22.8243 0.034
18.3726 0.0272
13.921 0.0204
9.4694 0.0136
5.01778 0.0068
-0.827338 8.67362e-19
-5.27835 -0.0068
-9.72935 -0.0136
-14.1804 -0.0204
-18.6314 -0.0272
-23.0824 -0.034
-27.5334 -0.0408
-31.9844 -0.0476
-36.4354 -0.0544
-40.8864 -0.0612
-45.3374 -0.068
-49.7884 -0.0748
-54.2394 -0.0816
-58.6904 -0.0884
-63.1414 -0.0952
-67.5925 -0.102
-72.0249 -0.1088
-76.456 -0.1156
-80.8858 -0.1224
-85.3143 -0.1292
-89.7414 -0.136
-94.1672 -0.1428
-98.5916 -0.1496
-103.015 -0.1564
-107.436 -0.1632
-111.857 -0.17
-107.405 -0.1632
-102.953 -0.1564
-98.5018 -0.1496
-94.0501 -0.1428
-89.5985 -0.136
-85.1469 -0.1292
-80.6953 -0.1224
-76.2437 -0.1156
-71.792 -0.1088
-67.3404 -0.102
-62.8888 -0.0952
-58.4372 -0.0884
-53.9856 -0.0816
-49.534 -0.0748
-45.0823 -0.068
-40.6307 -0.0612
-36.1791 -0.0544
-31.7275 -0.0476
-27.2759 -0.0408
-22.8243 -0.034
-18.3726 -0.0272
-13.921 -0.0204
-9.4694 -0.0136
-5.01778 -0.0068
0.258565 -8.67362e-19
5.10832 0.0068
9.49894 0.0136
13.9568 0.0204
18.407 0.0272
22.857 0.034
27.307 0.0408
31.7569 0.0476
36.2069 0.0544
40.6569 0.0612
45.1069 0.068
49.5569 0.0748
54.0068 0.0816
58.4568 0.0884
62.9068 0.0952
67.3568 0.102
71.8068 0.1088
76.2568 0.1156
80.7067 0.1224
85.1567 0.1292
89.6067 0.136
94.0567 0.1428
98.5067 0.1496
102.957 0.1564
107.407 0.1632
111.857 0.17
107.405 0.1632
102.953 0.1564
98.5018 0.1496
94.0501 0.1428
89.5985 0.136
85.1469 0.1292
80.6953 0.1224
76.2437 0.1156
71.792 0.1088
67.3404 0.102
62.8888 0.0952
58.4372 0.0884
53.9856 0.0816
49.534 0.0748
45.0823 0.068
40.6307 0.0612
36.1791 0.0544
31.7275 0.0476
27.2759 0.0408
22.8243 0.034
18.3726 0.0272
13.921 0.0204
9.4694 0.0136
5.01778 0.0068
-0.258565 -8.67362e-19
-5.13153 -0.0068
-9.47222 -0.0136
-13.9508 -0.0204
-18.4068 -0.0272
-22.857 -0.034
-27.307 -0.0408
-31.7569 -0.0476
-36.2069 -0.0544
-40.6569 -0.0612
-45.1069 -0.068
-49.5569 -0.0748
-54.0068 -0.0816
-58.4568 -0.0884
-62.9068 -0.0952
-67.3568 -0.102
-71.8068 -0.1088
-76.2568 -0.1156
-80.7067 -0.1224
-85.1567 -0.1292
-89.6067 -0.136
-94.0567 -0.1428
-98.5067 -0.1496
-102.957 -0.1564
-107.407 -0.1632
-111.857 -0.17
-107.405 -0.1632
-102.953 -0.1564
-98.5018 -0.1496
-94.0501 -0.1428
-89.5985 -0.136
-85.1469 -0.1292
-80.6953 -0.1224
-76.2437 -0.1156
-71.792 -0.1088
-67.3404 -0.102
-62.8888 -0.0952
-58.4372 -0.0884
-53.9856 -0.0816
-49.534 -0.0748
-45.0823 -0.068
-40.6307 -0.0612
-36.1791 -0.0544
-31.7275 -0.0476
-27.2759 -0.0408
-22.8243 -0.034
-18.3726 -0.0272
-13.921 -0.0204
-9.4694 -0.0136
-5.01778 -0.0068
0.258565 8.67362e-19
5.10832 0.0068
9.49894 0.0136
13.9568 0.0204
18.407 0.0272
22.857 0.034
27.307 0.0408
31.7569 0.0476
36.2069 0.0544
40.6569 0.0612
45.1069 0.068
49.5569 0.0748
54.0068 0.0816
58.4568 0.0884
62.9068 0.0952
67.3568 0.102
71.8068 0.1088
76.2568 0.1156
80.7067 0.1224
85.1567 0.1292
89.6067 0.136
94.0567 0.1428
98.5067 0.1496
102.957 0.1564
107.407 0.1632
111.857 0.17
116.275 0.1768
120.693 0.1836
125.109 0.1904
129.523 0.1972
133.936 0.204
138.348 0.2108
142.758 0.2176
144.053 0.2244
144.282 0.2312
144.511 0.238
144.74 0.2448
144.969 0.2516
145.198 0.2584
140.746 0.2516
136.294 0.2448
131.843 0.238
127.391 0.2312
122.939 0.2244
118.488 0.2176
114.036 0.2108
109.585 0.204
105.133 0.1972
100.681 0.1904
96.2297 0.1836
91.7781 0.1768
87.3265 0.17
82.8749 0.1632
78.4233 0.1564
73.9717 0.1496
69.52 0.1428
65.0684 0.136
60.6168 0.1292
56.1652 0.1224
51.7136 0.1156
47.262 0.1088
42.8103 0.102
38.3587 0.0952
33.9071 0.0884
29.4555 0.0816
25.0039 0.0748
20.5522 0.068
16.1006 0.0612
11.649 0.0544
7.19739 0.0476
2.74578 0.0408
-1.56669 0.034
-3.53416 0.0272
-5.99019 0.0204
-8.40101 0.0136
-10.7851 0.0068
-13.1654 2.77556e-17
-15.5458 -0.0068
-17.9261 -0.0136
-20.3065 -0.0204
-22.6868 -0.0272
-25.0672 -0.034
-29.4045 -0.0408
-33.8545 -0.0476
-38.3045 -0.0544
-42.7545 -0.0612
-47.2045 -0.068
-51.6544 -0.0748
-56.1044 -0.0816
-60.5544 -0.0884
-65.0044 -0.0952
-69.4544 -0.102
-73.9043 -0.1088
-78.3543 -0.1156
-82.8043 -0.1224
-87.2543 -0.1292
-91.7043 -0.136
-96.1543 -0.1428
-100.604 -0.1496
-105.054 -0.1564
-109.504 -0.1632
-113.954 -0.17
-118.404 -0.1768
-122.854 -0.1836
-127.304 -0.1904
-131.754 -0.1972
-136.204 -0.204
-140.634 -0.2108
-143.983 -0.2176
-144.212 -0.2244
-144.441 -0.2312
-144.669 -0.238
-144.898 -0.2448
-145.127 -0.2516
-145.356 -0.2584
-140.905 -0.2516
-136.453 -0.2448
-132.001 -0.238
-127.55 -0.2312
-123.098 -0.2244
-118.647 -0.2176
-114.195 -0.2108
-109.743 -0.204
-105.292 -0.1972
-100.84 -0.1904
-96.3884 -0.1836
-91.9368 -0.1768
-87.4852 -0.17
-83.0336 -0.1632
-78.5819 -0.1564
-74.1303 -0.1496
-69.6787 -0.1428
-65.2271 -0.136
-60.7755 -0.1292
-56.3239 -0.1224
-51.8722 -0.1156
-47.4206 -0.1088
-42.969 -0.102
-38.5174 -0.0952
-34.0658 -0.0884
-29.6141 -0.0816
-25.1856 -0.0748
-22.632 -0.068
-20.2516 -0.0612
-17.8713 -0.0544
-15.4909 -0.0476
-13.1106 -0.0408
-10.7302 -0.034
-8.34988 -0.0272
-5.96953 -0.0204
-3.58918 -0.0136
-1.20883 -0.0068
1.17152 8.41341e-17
3.55187 0.0068
5.93221 0.0136
8.31256 0.0204
10.6929 0.0272
13.0733 0.034
15.4536 0.0408
17.834 0.0476
20.2143 0.0544
22.5947 0.0612
24.975 0.068
27.3688 0.0748
31.8177 0.0816
36.2666 0.0884
40.7154 0.0952
45.1643 0.102
49.6132 0.1088
54.062 0.1156
58.5109 0.1224
62.9598 0.1292
67.4086 0.136
71.8575 0.1428
76.3064 0.1496
80.7552 0.1564
85.2041 0.1632
89.653 0.17
94.1018 0.1768
98.5507 0.1836
103 0.1904
107.448 0.1972
111.897 0.204
116.346 0.2108
120.795 0.2176
125.244 0.2244
129.693 0.2312
134.142 0.238
138.591 0.2448
143.039 0.2516
145.355 0.2584
140.903 0.2516
136.451 0.2448
132 0.238
127.548 0.2312
123.096 0.2244
118.645 0.2176
114.193 0.2108
109.742 0.204
105.29 0.1972
100.838 0.1904
96.3868 0.1836
91.9352 0.1768
87.4835 0.17
83.0319 0.1632
78.5803 0.1564
74.1287 0.1496
69.6771 0.1428
65.2255 0.136
60.7738 0.1292
56.3222 0.1224
51.8706 0.1156
47.419 0.1088
42.9674 0.102
38.5158 0.0952
34.0641 0.0884
29.6125 0.0816
26.1959 0.0748
23.8155 0.068
21.4352 0.0612
19.0548 0.0544
16.6745 0.0476
14.2941 0.0408
11.9138 0.034
9.53345 0.0272
7.1531 0.0204
4.77275 0.0136
2.3924 0.0068
0.0120495 2.77556e-17
-2.3683 -0.0068
-4.74865 -0.0136
-7.129 -0.0204
-9.50935 -0.0272
-11.8897 -0.034
-14.27 -0.0408
-16.6504 -0.0476
-19.0307 -0.0544
-21.4111 -0.0612
-23.7914 -0.068
-26.1718 -0.0748
-29.8478 -0.0816
-34.2975 -0.0884
-38.7473 -0.0952
-43.197 -0.102
-47.6467 -0.1088
-52.0965 -0.1156
-56.5462 -0.1224
-60.996 -0.1292
-65.4457 -0.136
-69.8954 -0.1428
-74.3452 -0.1496
-78.7949 -0.1564
-83.2447 -0.1632
-87.6944 -0.17
-92.1442 -0.1768
-96.5939 -0.1836
-101.044 -0.1904
-105.493 -0.1972
-109.943 -0.204
-114.393 -0.2108
-118.843 -0.2176
-123.292 -0.2244
-127.742 -0.2312
-132.192 -0.238
-136.642 -0.2448
-141.091 -0.2516
-145.369 -0.2584
-140.917 -0.2516
-136.466 -0.2448
-132.014 -0.238
-127.562 -0.2312
-123.111 -0.2244
-118.659 -0.2176
-114.208 -0.2108
-109.756 -0.204
-105.304 -0.1972
-100.853 -0.1904
-96.4011 -0.1836
-91.9495 -0.1768
-87.4978 -0.17
-83.0462 -0.1632
-78.5946 -0.1564
-74.143 -0.1496
-69.6914 -0.1428
-65.2398 -0.136
-60.7881 -0.1292
-56.3365 -0.1224
-51.8849 -0.1156
-47.4333 -0.1088
-42.9817 -0.102
-38.5301 -0.0952
-34.0784 -0.0884
-29.6268 -0.0816
-26.0783 -0.0748
-23.6979 -0.068
-21.3176 -0.0612
-18.9372 -0.0544
-16.5569 -0.0476
-14.1765 -0.0408
-11.7962 -0.034
-9.41581 -0.0272
-7.03546 -0.0204
-4.65511 -0.0136
-2.27476 -0.0068
0.105593 8.32667e-17
2.48594 0.0068
4.86629 0.0136
7.24664 0.0204
9.62699 0.0272
12.0073 0.034
14.3877 0.0408
16.768 0.0476
19.1484 0.0544
21.5287 0.0612
23.9091 0.068
26.2894 0.0748
29.699 0.0816
34.1478 0.0884
38.5967 0.0952
43.0456 0.102
47.4944 0.1088
51.9433 0.1156
56.3922 0.1224
60.841 0.1292
65.2899 0.136
69.7388 0.1428
74.1876 0.1496
78.6365 0.1564
83.0854 0.1632
87.5342 0.17
91.9831 0.1768
96.432 0.1836
100.881 0.1904
105.33 0.1972
109.779 0.204
114.227 0.2108
118.676 0.2176
123.125 0.2244
127.574 0.2312
132.023 0.238
136.472 0.2448
140.921 0.2516
145.356 0.2584
145.585 0.2652
145.814 0.272
146.043 0.2788
146.272 0.2856
146.501 0.2924
146.73 0.2992
146.959 0.306
147.188 0.3128
147.417 0.3196
147.646 0.3264
147.875 0.3332
148.104 0.34
143.653 0.3332
139.201 0.3264
134.749 0.3196
130.298 0.3128
125.846 0.306
121.395 0.2992
116.943 0.2924
112.491 0.2856
108.04 0.2788
103.588 0.272
99.1365 0.2652
94.6848 0.2584
90.2332 0.2516
85.7816 0.2448
81.33 0.238
76.8784 0.2312
72.4268 0.2244
67.9751 0.2176
63.5235 0.2108
59.0719 0.204
54.6203 0.1972
50.1687 0.1904
45.717 0.1836
41.2654 0.1768
36.8138 0.17
32.3622 0.1632
27.9106 0.1564
24.9485 0.1496
22.5682 0.1428
20.1878 0.136
17.8075 0.1292
15.4271 0.1224
13.0468 0.1156
10.6664 0.1088
8.28609 0.102
5.90575 0.0952
3.5254 0.0884
1.14505 0.0816
-1.2353 0.0748
-3.61565 0.068
-5.996 0.0612
-8.37635 0.0544
-10.7567 0.0476
-13.1371 0.0408
-15.5174 0.034
-17.8978 0.0272
-20.2781 0.0204
-22.6585 0.0136
-25.0388 0.0068
-27.4192 1.38778e-16
-29.7995 -0.0068
-32.1799 -0.0136
-34.5602 -0.0204
-36.9406 -0.0272
-39.3209 -0.034
-41.7013 -0.0408
-44.0816 -0.0476
-46.462 -0.0544
-48.8423 -0.0612
-51.2227 -0.068
-53.603 -0.0748
-55.9834 -0.0816
-58.3637 -0.0884
-60.744 -0.0952
-63.1244 -0.102
-65.5047 -0.1088
-67.8851 -0.1156
-70.2654 -0.1224
-72.6458 -0.1292
-75.0261 -0.136
-77.4065 -0.1428
-79.7868 -0.1496
-83.0108 -0.1564
-87.4605 -0.1632
-91.9103 -0.17
-96.36 -0.1768
-100.81 -0.1836
-105.26 -0.1904
-109.709 -0.1972
-114.159 -0.204
-118.609 -0.2108
-123.058 -0.2176
-127.508 -0.2244
-131.958 -0.2312
-136.408 -0.238
-140.857 -0.2448
-145.307 -0.2516
-145.67 -0.2584
-145.899 -0.2652
-146.128 -0.272
-146.357 -0.2788
-146.586 -0.2856
-146.815 -0.2924
-147.044 -0.2992
-147.273 -0.306
-147.502 -0.3128
-147.731 -0.3196
-147.96 -0.3264
-148.189 -0.3332
-148.418 -0.34
-143.967 -0.3332
-139.515 -0.3264
-135.063 -0.3196
-130.612 -0.3128
-126.16 -0.306
-121.709 -0.2992
-117.257 -0.2924
-112.805 -0.2856
-108.354 -0.2788
-103.902 -0.272
-99.4505 -0.2652
-94.9989 -0.2584
-90.5473 -0.2516
-86.0957 -0.2448
-81.6441 -0.238
-78.6128 -0.2312
-76.2325 -0.2244
-73.8521 -0.2176
-71.4718 -0.2108
-69.0915 -0.204
-66.7111 -0.1972
-64.3308 -0.1904
-61.9504 -0.1836
-59.5701 -0.1768
-57.1897 -0.17
-54.8094 -0.1632
-52.429 -0.1564
-50.0487 -0.1496
-47.6683 -0.1428
-45.288 -0.136
-42.9076 -0.1292
-40.5273 -0.1224
-38.1469 -0.1156
-35.7666 -0.1088
-33.3862 -0.102
-31.0059 -0.0952
-28.6255 -0.0884
-26.2452 -0.0816
-23.8648 -0.0748
-21.4845 -0.068
-19.1041 -0.0612
-16.7238 -0.0544
-14.3434 -0.0476
-11.9631 -0.0408
-9.5827 -0.034
-7.20236 -0.0272
-4.82201 -0.0204
-2.44166 -0.0136
-0.0613056 -0.0068
2.31904 -1.38778e-16
4.69939 0.0068
7.07974 0.0136
9.46009 0.0204
11.8404 0.0272
14.2208 0.034
16.6011 0.0408
18.9815 0.0476
21.3618 0.0544
23.7422 0.0612
26.1225 0.068
28.5029 0.0748
30.8832 0.0816
33.2636 0.0884
35.6439 0.0952
38.0243 0.102
40.4046 0.1088
42.785 0.1156
45.1653 0.1224
47.5457 0.1292
49.926 0.136
52.3064 0.1428
54.6867 0.1496
57.0671 0.1564
59.4474 0.1632
61.8278 0.17
64.2081 0.1768
66.5885 0.1836
68.9688 0.1904
71.3492 0.1972
73.7295 0.204
76.1099 0.2108
78.4902 0.2176
80.8706 0.2244
83.2509 0.2312
86.1227 0.238
90.5716 0.2448
95.0204 0.2516
99.4693 0.2584
103.918 0.2652
108.367 0.272
112.816 0.2788
117.265 0.2856
121.714 0.2924
126.163 0.2992
130.611 0.306
135.06 0.3128
139.509 0.3196
143.958 0.3264
148.201 0.3332
148.43 0.34
143.978 0.3332
139.527 0.3264
135.075 0.3196
130.624 0.3128
126.172 0.306
121.72 0.2992
117.269 0.2924
112.817 0.2856
108.365 0.2788
103.914 0.272
99.4622 0.2652
95.0106 0.2584
90.559 0.2516
86.1073 0.2448
83.2263 0.238
80.8459 0.2312
78.4656 0.2244
76.0852 0.2176
73.7049 0.2108
71.3245 0.204
68.9442 0.1972
66.5638 0.1904
64.1835 0.1836
61.8031 0.1768
59.4228 0.17
57.0424 0.1632
54.6621 0.1564
52.2817 0.1496
49.9014 0.1428
47.521 0.136
45.1407 0.1292
42.7603 0.1224
40.38 0.1156
37.9996 0.1088
35.6193 0.102
33.2389 0.0952
30.8586 0.0884
28.4782 0.0816
26.0979 0.0748
23.7175 0.068
21.3372 0.0612
18.9568 0.0544
16.5765 0.0476
14.1961 0.0408
11.8158 0.034
9.43544 0.0272
7.05509 0.0204
4.67474 0.0136
2.29439 0.0068
-0.0859573 8.32667e-17
-2.46631 -0.0068
-4.84666 -0.0136
-7.22701 -0.0204
-9.60736 -0.0272
-11.9877 -0.034
-14.3681 -0.0408
-16.7484 -0.0476
-19.1288 -0.0544
-21.5091 -0.0612
-23.8895 -0.068
-26.2698 -0.0748
-28.6502 -0.0816
-31.0305 -0.0884
-33.4109 -0.0952
-35.7912 -0.102
-38.1716 -0.1088
-40.5519 -0.1156
-42.9323 -0.1224
-45.3126 -0.1292
-47.693 -0.136
-50.0733 -0.1428
-52.4537 -0.1496
-54.834 -0.1564
-57.2144 -0.1632
-59.5947 -0.17
-61.9751 -0.1768
-64.3554 -0.1836
-66.7358 -0.1904
-69.1161 -0.1972
-71.4965 -0.204
-73.8768 -0.2108
-76.2572 -0.2176
-78.6375 -0.2244
-81.0179 -0.2312
-83.3982 -0.238
-86.5054 -0.2448
-90.9551 -0.2516
-95.4049 -0.2584
-99.8546 -0.2652
-104.304 -0.272
-108.754 -0.2788
-113.204 -0.2856
-117.654 -0.2924
-122.103 -0.2992
-126.553 -0.306
-131.003 -0.3128
-135.453 -0.3196
-139.902 -0.3264
-144.352 -0.3332
-148.445 -0.34
-143.993 -0.3332
-139.541 -0.3264
-135.09 -0.3196
-130.638 -0.3128
-126.187 -0.306
-121.735 -0.2992
-117.283 -0.2924
-112.832 -0.2856
-108.38 -0.2788
-103.928 -0.272
-99.4768 -0.2652
-95.0252 -0.2584
-90.5736 -0.2516
-86.122 -0.2448
-83.2042 -0.238
-80.8238 -0.2312
-78.4435 -0.2244
-76.0631 -0.2176
-73.6828 -0.2108
-71.3024 -0.204
-68.9221 -0.1972
-66.5417 -0.1904
-64.1614 -0.1836
-61.781 -0.1768
-59.4007 -0.17
-57.0203 -0.1632
-54.64 -0.1564
-52.2596 -0.1496
-49.8793 -0.1428
-47.4989 -0.136
-45.1186 -0.1292
-42.7382 -0.1224
-40.3579 -0.1156
-37.9775 -0.1088
-35.5972 -0.102
-33.2168 -0.0952
-30.8365 -0.0884
-28.4561 -0.0816
-26.0758 -0.0748
-23.6954 -0.068
-21.3151 -0.0612
-18.9347 -0.0544
-16.5544 -0.0476
-14.174 -0.0408
-11.7937 -0.034
-9.41332 -0.0272
-7.03298 -0.0204
-4.65263 -0.0136
-2.27228 -0.0068
0.108074 1.94289e-16
2.48842 0.0068
4.86877 0.0136
7.24912 0.0204
9.62947 0.0272
12.0098 0.034
14.3902 0.0408
16.7705 0.0476
19.1509 0.0544
21.5312 0.0612
23.9116 0.068
26.2919 0.0748
28.6723 0.0816
31.0526 0.0884
33.433 0.0952
35.8133 0.102
38.1937 0.1088
40.574 0.1156
42.9544 0.1224
45.3347 0.1292
47.7151 0.136
50.0954 0.1428
52.4758 0.1496
54.8561 0.1564
57.2365 0.1632
59.6168 0.17
61.9972 0.1768
64.3775 0.1836
66.7579 0.1904
69.1382 0.1972
71.5186 0.204
73.8989 0.2108
76.2793 0.2176
78.6596 0.2244
81.04 0.2312
83.4203 0.238
86.1768 0.2448
90.6257 0.2516
95.0746 0.2584
99.5234 0.2652
103.972 0.272
108.421 0.2788
112.87 0.2856
117.319 0.2924
121.768 0.2992
126.217 0.306
130.666 0.3128
135.114 0.3196
139.563 0.3264
144.012 0.3332
148.432 0.34
148.661 0.3468
148.89 0.3536
149.119 0.3604
149.348 0.3672
149.577 0.374
149.806 0.3808
150.035 0.3876
150.265 0.3944
150.494 0.4012
150.723 0.408
150.952 0.4148
151.181 0.4216
151.41 0.4284
151.639 0.4352
151.868 0.442
152.097 0.4488
152.342 0.4556
152.751 0.4624
153.161 0.4692
153.57 0.476
153.98 0.4828
154.39 0.4896
154.799 0.4964
155.209 0.5032
155.619 0.51
151.036 0.5032
146.454 0.4964
141.871 0.4896
137.289 0.4828
132.706 0.476
128.124 0.4692
123.542 0.4624
118.959 0.4556
114.377 0.4488
109.86 0.442
105.409 0.4352
100.957 0.4284
96.5055 0.4216
92.0539 0.4148
87.6023 0.408
83.214 0.4012
80.9955 0.3944
78.5723 0.3876
76.1841 0.3808
73.8036 0.374
71.4232 0.3672
69.0429 0.3604
66.6625 0.3536
64.2822 0.3468
61.9018 0.34
59.5215 0.3332
57.1411 0.3264
54.7608 0.3196
52.3804 0.3128
50.0001 0.306
47.6197 0.2992
45.2394 0.2924
42.859 0.2856
40.4787 0.2788
38.0983 0.272
35.718 0.2652
33.3376 0.2584
30.9573 0.2516
28.5769 0.2448
26.1966 0.238
23.8162 0.2312
21.4359 0.2244
19.0555 0.2176
16.6752 0.2108
14.2948 0.204
11.9145 0.1972
9.53411 0.1904
7.15376 0.1836
4.78597 0.1768
2.43146 0.17
0.0769556 0.1632
-2.27755 0.1564
-4.63206 0.1496
-6.98656 0.1428
-9.34107 0.136
-11.6956 0.1292
-14.0501 0.1224
-16.4046 0.1156
-18.7591 0.1088
-21.1136 0.102
-23.4681 0.0952
-25.8226 0.0884
-28.1771 0.0816
-30.5316 0.0748
-32.8861 0.068
-35.2406 0.0612
-37.5951 0.0544
-39.9496 0.0476
-42.3041 0.0408
-44.6587 0.034
-47.0132 0.0272
-49.3677 0.0204
-51.7222 0.0136
-54.0767 0.0068
-56.4312 2.498e-16
-58.7857 -0.0068
-61.1402 -0.0136
-63.4947 -0.0204
-65.8492 -0.0272
-68.2037 -0.034
-70.5582 -0.0408
-72.9127 -0.0476
-75.2672 -0.0544
-77.6217 -0.0612
-79.0152 -0.068
-79.9006 -0.0748
-80.786 -0.0816
-81.6714 -0.0884
-82.5568 -0.0952
-83.4422 -0.102
-84.3276 -0.1088
-85.213 -0.1156
-86.0984 -0.1224
-86.9838 -0.1292
-87.8692 -0.136
-88.7546 -0.1428
-89.64 -0.1496
-90.5254 -0.1564
-91.4108 -0.1632
-92.2962 -0.17
-93.1816 -0.1768
-94.067 -0.1836
-94.9524 -0.1904
-95.8378 -0.1972
-96.7232 -0.204
-97.6086 -0.2108
-98.494 -0.2176
-99.3794 -0.2244
-100.265 -0.2312
-101.15 -0.238
-102.036 -0.2448
-102.921 -0.2516
-103.806 -0.2584
-104.692 -0.2652
-105.619 -0.272
-110.044 -0.2788
-114.468 -0.2856
-118.893 -0.2924
-123.317 -0.2992
-127.742 -0.306
-132.167 -0.3128
-136.591 -0.3196
-141.016 -0.3264
-145.44 -0.3332
-148.542 -0.34
-148.771 -0.3468
-149 -0.3536
-149.229 -0.3604
-149.458 -0.3672
-149.687 -0.374
-149.916 -0.3808
-150.145 -0.3876
-150.374 -0.3944
-150.603 -0.4012
-150.832 -0.408
-151.061 -0.4148
-151.29 -0.4216
-151.519 -0.4284
-151.748 -0.4352
-151.977 -0.442
-152.206 -0.4488
-152.577 -0.4556
-152.986 -0.4624
-153.395 -0.4692
-153.804 -0.476
-154.213 -0.4828
-154.622 -0.4896
-155.031 -0.4964
-155.44 -0.5032
-155.849 -0.51
-151.267 -0.5032
-146.684 -0.4964
-142.102 -0.4896
-137.52 -0.4828
-132.937 -0.476
-128.355 -0.4692
-123.772 -0.4624
-119.19 -0.4556
-114.607 -0.4488
-110.025 -0.442
-105.534 -0.4352
-101.082 -0.4284
-98.1553 -0.4216
-95.7749 -0.4148
-93.3946 -0.408
-91.0142 -0.4012
-88.6339 -0.3944
-86.2535 -0.3876
-83.8732 -0.3808
-81.4928 -0.374
-79.1125 -0.3672
-76.7321 -0.3604
-74.3518 -0.3536
-71.9714 -0.3468
-69.5911 -0.34
-67.2107 -0.3332
-64.8304 -0.3264
-62.45 -0.3196
-60.0697 -0.3128
-57.6893 -0.306
-55.309 -0.2992
-52.9286 -0.2924
-50.5483 -0.2856
-48.1679 -0.2788
-45.7876 -0.272
-43.4072 -0.2652
-41.0269 -0.2584
-38.6465 -0.2516
-36.2662 -0.2448
-33.8858 -0.238
-31.5055 -0.2312
-29.1251 -0.2244
-26.7448 -0.2176
-24.3644 -0.2108
-21.9841 -0.204
-19.6037 -0.1972
-17.2234 -0.1904
-14.843 -0.1836
-12.4627 -0.1768
-10.0823 -0.17
-7.70197 -0.1632
-5.33401 -0.1564
-2.9859 -0.1496
-0.637787 -0.1428
1.71032 -0.136
4.05843 -0.1292
6.40654 -0.1224
8.75465 -0.1156
11.1028 -0.1088
13.4509 -0.102
15.799 -0.0952
18.1471 -0.0884
20.4952 -0.0816
22.8433 -0.0748
25.1914 -0.068
27.5395 -0.0612
29.8876 -0.0544
32.2357 -0.0476
34.5838 -0.0408
36.932 -0.034
39.2801 -0.0272
41.6282 -0.0204
43.9763 -0.0136
46.3244 -0.0068
48.6725 5.27356e-16
51.0206 0.0068
53.3687 0.0136
55.7168 0.0204
58.0649 0.0272
60.413 0.034
62.7612 0.0408
65.1093 0.0476
67.4574 0.0544
69.8055 0.0612
72.1536 0.068
74.5017 0.0748
76.8498 0.0816
78.5362 0.0884
79.4188 0.0952
80.3014 0.102
81.1839 0.1088
82.0665 0.1156
82.9491 0.1224
83.8317 0.1292
84.7143 0.136
85.5968 0.1428
86.4794 0.1496
87.362 0.1564
88.2446 0.1632
89.1272 0.17
90.0097 0.1768
90.8923 0.1836
91.7749 0.1904
92.6575 0.1972
93.54 0.204
94.4226 0.2108
95.3052 0.2176
96.1878 0.2244
97.0704 0.2312
97.9529 0.238
98.8355 0.2448
99.7181 0.2516
100.601 0.2584
101.483 0.2652
102.366 0.272
103.248 0.2788
104.131 0.2856
105.014 0.2924
107.636 0.2992
109.223 0.306
110.739 0.3128
112.256 0.3196
113.772 0.3264
115.288 0.3332
116.804 0.34
118.32 0.3468
119.836 0.3536
121.353 0.3604
122.869 0.3672
124.385 0.374
125.901 0.3808
127.417 0.3876
128.933 0.3944
130.449 0.4012
131.966 0.408
133.482 0.4148
134.998 0.4216
136.514 0.4284
138.03 0.4352
139.546 0.442
141.084 0.4488
142.763 0.4556
144.442 0.4624
146.121 0.4692
147.8 0.476
149.479 0.4828
151.158 0.4896
152.837 0.4964
154.516 0.5032
155.819 0.51
151.237 0.5032
146.654 0.4964
142.072 0.4896
137.49 0.4828
132.907 0.476
128.325 0.4692
123.742 0.4624
119.16 0.4556
114.577 0.4488
109.995 0.442
105.517 0.4352
101.066 0.4284
98.2366 0.4216
95.8563 0.4148
93.4759 0.408
91.0956 0.4012
88.7152 0.3944
86.3349 0.3876
83.9545 0.3808
81.5742 0.374
79.1938 0.3672
76.8135 0.3604
74.4331 0.3536
72.0528 0.3468
69.6724 0.34
67.2921 0.3332
64.9117 0.3264
62.5314 0.3196
60.151 0.3128
57.7707 0.306
55.3903 0.2992
53.01 0.2924
50.6296 0.2856
48.2493 0.2788
45.8689 0.272
43.4886 0.2652
41.1082 0.2584
38.7279 0.2516
36.3475 0.2448
33.9672 0.238
31.5868 0.2312
29.2065 0.2244
26.8261 0.2176
24.4458 0.2108
22.0654 0.204
19.6851 0.1972
17.3047 0.1904
14.9244 0.1836
12.544 0.1768
10.1637 0.17
7.78334 0.1632
5.41393 0.1564
3.065 0.1496
0.716057 0.1428
-1.63288 0.136
-3.98182 0.1292
-6.33076 0.1224
-8.6797 0.1156
-11.0286 0.1088
-13.3776 0.102
-15.7265 0.0952
-18.0755 0.0884
-20.4244 0.0816
-22.7733 0.0748
-25.1223 0.068
-27.4712 0.0612
-29.8201 0.0544
-32.1691 0.0476
-34.518 0.0408
-36.867 0.034
-39.2159 0.0272
-41.5648 0.0204
-43.9138 0.0136
-46.2627 0.0068
-48.6117 4.70977e-16
-50.9606 -0.0068
-53.3095 -0.0136
-55.6585 -0.0204
-58.0074 -0.0272
-60.3564 -0.034
-62.7053 -0.0408
-65.0542 -0.0476
-67.4032 -0.0544
-69.7521 -0.0612
-72.101 -0.068
-74.45 -0.0748
-76.7989 -0.0816
-78.5193 -0.0884
-79.4022 -0.0952
-80.2852 -0.102
-81.1681 -0.1088
-82.0511 -0.1156
-82.934 -0.1224
-83.8169 -0.1292
-84.6999 -0.136
-85.5828 -0.1428
-86.4658 -0.1496
-87.3487 -0.1564
-88.2317 -0.1632
-89.1146 -0.17
-89.9976 -0.1768
-90.8805 -0.1836
-91.7634 -0.1904
-92.6464 -0.1972
-93.5293 -0.204
-94.4123 -0.2108
-95.2952 -0.2176
-96.1782 -0.2244
-97.0611 -0.2312
-97.9441 -0.238
-98.827 -0.2448
-99.7099 -0.2516
-100.593 -0.2584
-101.476 -0.2652
-102.359 -0.272
-103.242 -0.2788
-104.125 -0.2856
-105.008 -0.2924
-107.59 -0.2992
-109.098 -0.306
-110.607 -0.3128
-112.115 -0.3196
-113.623 -0.3264
-115.131 -0.3332
-116.64 -0.34
-118.148 -0.3468
-119.656 -0.3536
-121.165 -0.3604
-122.673 -0.3672
-124.181 -0.374
-125.689 -0.3808
-127.198 -0.3876
-128.706 -0.3944
-130.214 -0.4012
-131.722 -0.408
-133.231 -0.4148
-134.739 -0.4216
-136.247 -0.4284
-137.755 -0.4352
-139.264 -0.442
-140.811 -0.4488
-142.482 -0.4556
-144.154 -0.4624
-145.825 -0.4692
-147.496 -0.476
-149.168 -0.4828
-150.839 -0.4896
-152.51 -0.4964
-154.182 -0.5032
-155.851 -0.51
-151.268 -0.5032
-146.686 -0.4964
-142.103 -0.4896
-137.521 -0.4828
-132.938 -0.476
-128.356 -0.4692
-123.774 -0.4624
-119.191 -0.4556
-114.609 -0.4488
-110.026 -0.442
-105.534 -0.4352
-101.083 -0.4284
-98.2083 -0.4216
-95.828 -0.4148
-93.4476 -0.408
-91.0673 -0.4012
-88.6869 -0.3944
-86.3066 -0.3876
-83.9262 -0.3808
-81.5459 -0.374
-79.1655 -0.3672
-76.7852 -0.3604
-74.4048 -0.3536
-72.0245 -0.3468
-69.6441 -0.34
-67.2638 -0.3332
-64.8834 -0.3264
-62.5031 -0.3196
-60.1227 -0.3128
-57.7424 -0.306
-55.362 -0.2992
-52.9817 -0.2924
-50.6013 -0.2856
-48.221 -0.2788
-45.8406 -0.272
-43.4603 -0.2652
-41.0799 -0.2584
-38.6996 -0.2516
-36.3192 -0.2448
-33.9389 -0.238
-31.5585 -0.2312
-29.1782 -0.2244
-26.7978 -0.2176
-24.4175 -0.2108
-22.0371 -0.204
-19.6568 -0.1972
-17.2764 -0.1904
-14.8961 -0.1836
-12.5157 -0.1768
-10.1354 -0.17
-7.75505 -0.1632
-5.38641 -0.1564
-3.03834 -0.1496
-0.690269 -0.1428
1.6578 -0.136
4.00587 -0.1292
6.35394 -0.1224
8.70202 -0.1156
11.0501 -0.1088
13.3982 -0.102
15.7462 -0.0952
18.0943 -0.0884
20.4424 -0.0816
22.7904 -0.0748
25.1385 -0.068
27.4866 -0.0612
29.8347 -0.0544
32.1827 -0.0476
34.5308 -0.0408
36.8789 -0.034
39.2269 -0.0272
41.575 -0.0204
43.9231 -0.0136
46.2712 -0.0068
48.6192 4.16334e-16
50.9673 0.0068
53.3154 0.0136
55.6634 0.0204
58.0115 0.0272
60.3596 0.034
62.7077 0.0408
65.0557 0.0476
67.4038 0.0544
69.7519 0.0612
72.0999 0.068
74.448 0.0748
76.7961 0.0816
78.5147 0.0884
79.3973 0.0952
80.2799 0.102
81.1624 0.1088
82.045 0.1156
82.9276 0.1224
83.8101 0.1292
84.6927 0.136
85.5752 0.1428
86.4578 0.1496
87.3404 0.1564
88.2229 0.1632
89.1055 0.17
89.988 0.1768
90.8706 0.1836
91.7532 0.1904
92.6357 0.1972
93.5183 0.204
94.4009 0.2108
95.2834 0.2176
96.166 0.2244
97.0485 0.2312
97.9311 0.238
98.8137 0.2448
99.6962 0.2516
100.579 0.2584
101.461 0.2652
102.344 0.272
103.226 0.2788
104.109 0.2856
104.992 0.2924
107.53 0.2992
109.031 0.306
110.541 0.3128
112.05 0.3196
113.56 0.3264
115.07 0.3332
116.58 0.34
118.09 0.3468
119.6 0.3536
121.11 0.3604
122.62 0.3672
124.13 0.374
125.64 0.3808
127.15 0.3876
128.66 0.3944
130.17 0.4012
131.68 0.408
133.19 0.4148
134.7 0.4216
136.21 0.4284
137.72 0.4352
139.229 0.442
140.763 0.4488
142.436 0.4556
144.109 0.4624
145.782 0.4692
147.455 0.476
149.128 0.4828
150.8 0.4896
152.473 0.4964
154.146 0.5032
155.819 0.51
156.228 0.5168
156.637 0.5236
157.046 0.5304
157.455 0.5372
157.864 0.544
158.274 0.5508
158.683 0.5576
159.092 0.5644
159.501 0.5712
159.91 0.578
160.319 0.5848
160.728 0.5916
161.137 0.5984
161.546 0.6052
161.955 0.612
162.364 0.6188
162.773 0.6256
163.182 0.6324
163.591 0.6392
164 0.646
164.409 0.6528
164.818 0.6596
165.227 0.6664
165.637 0.6732
166.046 0.68
161.463 0.6732
156.881 0.6664
152.298 0.6596
147.716 0.6528
143.133 0.646
138.551 0.6392
133.969 0.6324
129.386 0.6256
124.804 0.6188
120.221 0.612
115.639 0.6052
111.057 0.5984
106.474 0.5916
101.892 0.5848
97.3094 0.578
93.1023 0.5712
90.7219 0.5644
88.3416 0.5576
85.9612 0.5508
83.5809 0.544
81.2005 0.5372
78.8202 0.5304
76.4398 0.5236
74.0595 0.5168
71.6791 0.51
69.2988 0.5032
66.9184 0.4964
64.5381 0.4896
62.1577 0.4828
59.7774 0.476
57.397 0.4692
55.0167 0.4624
52.6363 0.4556
50.256 0.4488
47.8756 0.442
45.4953 0.4352
43.1149 0.4284
40.7346 0.4216
38.3542 0.4148
35.9739 0.408
33.5935 0.4012
31.2132 0.3944
28.8328 0.3876
26.4525 0.3808
24.0721 0.374
21.6918 0.3672
19.3114 0.3604
16.9311 0.3536
14.5507 0.3468
12.1704 0.34
10.1155 0.3332
8.15019 0.3264
6.18492 0.3196
4.21964 0.3128
2.25436 0.306
0.289083 0.2992
-1.67619 0.2924
-3.64147 0.2856
-5.60675 0.2788
-7.57203 0.272
-9.53731 0.2652
-11.5026 0.2584
-13.4679 0.2516
-15.4331 0.2448
-17.3984 0.238
-19.3637 0.2312
-21.329 0.2244
-23.2942 0.2176
-25.2595 0.2108
-27.2248 0.204
-29.1901 0.1972
-31.1554 0.1904
-33.1206 0.1836
-35.0859 0.1768
-37.0512 0.17
-39.0165 0.1632
-40.9817 0.1564
-42.947 0.1496
-44.9123 0.1428
-46.8776 0.136
-48.8429 0.1292
-50.8081 0.1224
-52.7734 0.1156
-54.7387 0.1088
-56.704 0.102
-58.6692 0.0952
-60.6345 0.0884
-62.5998 0.0816
-64.5651 0.0748
-66.5304 0.068
-68.4956 0.0612
-70.4609 0.0544
-72.4262 0.0476
-74.3915 0.0408
-75.2647 0.034
-76.0587 0.0272
-76.8527 0.0204
-77.6467 0.0136
-78.4407 0.0068
-79.2346 4.71845e-16
-80.0286 -0.0068
-80.8226 -0.0136
-81.6166 -0.0204
-82.4106 -0.0272
-83.2046 -0.034
-83.9986 -0.0408
-84.7926 -0.0476
-85.5866 -0.0544
-86.3806 -0.0612
-87.1746 -0.068
-87.9686 -0.0748
-88.7626 -0.0816
-89.5565 -0.0884
-90.3505 -0.0952
-91.1445 -0.102
-91.8979 -0.1088
-92.6163 -0.1156
-93.3347 -0.1224
-94.0531 -0.1292
-94.7714 -0.136
-95.4898 -0.1428
-96.2082 -0.1496
-96.9266 -0.1564
-97.645 -0.1632
-98.3634 -0.17
-99.0818 -0.1768
-99.8002 -0.1836
-100.519 -0.1904
-101.237 -0.1972
-101.955 -0.204
-102.674 -0.2108
-103.392 -0.2176
-104.11 -0.2244
-104.829 -0.2312
-105.547 -0.238
-106.266 -0.2448
-106.984 -0.2516
-107.684 -0.2584
-108.205 -0.2652
-108.726 -0.272
-109.247 -0.2788
-109.768 -0.2856
-110.289 -0.2924
-110.81 -0.2992
-111.331 -0.306
-111.852 -0.3128
-112.496 -0.3196
-113.998 -0.3264
-115.5 -0.3332
-117.002 -0.34
-118.504 -0.3468
-120.006 -0.3536
-121.508 -0.3604
-123.01 -0.3672
-124.512 -0.374
-126.014 -0.3808
-127.516 -0.3876
-129.018 -0.3944
-130.52 -0.4012
-132.022 -0.408
-133.524 -0.4148
-135.026 -0.4216
-136.528 -0.4284
-138.03 -0.4352
-139.532 -0.442
-141.117 -0.4488
-142.782 -0.4556
-144.447 -0.4624
-146.112 -0.4692
-147.777 -0.476
-149.442 -0.4828
-151.107 -0.4896
-152.772 -0.4964
-154.437 -0.5032
-155.939 -0.51
-156.348 -0.5168
-156.757 -0.5236
-157.166 -0.5304
-157.575 -0.5372
-157.984 -0.544
-158.393 -0.5508
-158.802 -0.5576
-159.211 -0.5644
-159.62 -0.5712
-160.029 -0.578
-160.438 -0.5848
-160.847 -0.5916
-161.256 -0.5984
-161.665 -0.6052
-162.074 -0.612
-162.483 -0.6188
-162.892 -0.6256
-163.302 -0.6324
-163.711 -0.6392
-164.12 -0.646
-164.529 -0.6528
-164.938 -0.6596
-165.347 -0.6664
-165.756 -0.6732
-166.165 -0.68
-161.582 -0.6732
-157 -0.6664
-152.418 -0.6596
-147.835 -0.6528
-143.253 -0.646
-138.67 -0.6392
-134.088 -0.6324
-129.505 -0.6256
-124.923 -0.6188
-120.341 -0.612
-115.758 -0.6052
-111.176 -0.5984
-106.593 -0.5916
-102.011 -0.5848
-98.8436 -0.578
-96.4633 -0.5712
-94.0829 -0.5644
-91.7026 -0.5576
-89.3222 -0.5508
-86.9419 -0.544
-84.5615 -0.5372
-82.1812 -0.5304
-79.8008 -0.5236
-77.4205 -0.5168
-75.0401 -0.51
-72.6598 -0.5032
-70.2794 -0.4964
-67.8991 -0.4896
-65.5187 -0.4828
-63.1384 -0.476
-60.758 -0.4692
-58.3777 -0.4624
-55.9973 -0.4556
-53.617 -0.4488
-51.2366 -0.442
-48.8563 -0.4352
-46.4759 -0.4284
-44.0956 -0.4216
-41.7152 -0.4148
-39.3349 -0.408
-36.9545 -0.4012
-34.5742 -0.3944
-32.1938 -0.3876
-29.8135 -0.3808
-27.4331 -0.374
-25.0528 -0.3672
-22.6725 -0.3604
-20.2921 -0.3536
-17.9118 -0.3468
-15.5314 -0.34
-13.1511 -0.3332
-10.9999 -0.3264
-9.03687 -0.3196
-7.0738 -0.3128
-5.11073 -0.306
-3.14767 -0.2992
-1.1846 -0.2924
0.778467 -0.2856
2.74153 -0.2788
4.7046 -0.272
6.66767 -0.2652
8.63073 -0.2584
10.5938 -0.2516
12.5569 -0.2448
14.5199 -0.238
16.483 -0.2312
18.4461 -0.2244
20.4091 -0.2176
22.3722 -0.2108
24.3353 -0.204
26.2983 -0.1972
28.2614 -0.1904
30.2245 -0.1836
32.1875 -0.1768
34.1506 -0.17
36.1137 -0.1632
38.0767 -0.1564
40.0398 -0.1496
42.0029 -0.1428
43.9659 -0.136
45.929 -0.1292
47.8921 -0.1224
49.8551 -0.1156
51.8182 -0.1088
53.7813 -0.102
55.7443 -0.0952
57.7074 -0.0884
59.6705 -0.0816
61.6335 -0.0748
63.5966 -0.068
65.5597 -0.0612
67.5227 -0.0544
69.4858 -0.0476
71.4489 -0.0408
73.4119 -0.034
74.6239 -0.0272
75.417 -0.0204
76.2102 -0.0136
77.0033 -0.0068
77.7965 6.38378e-16
78.5897 0.0068
79.3828 0.0136
80.176 0.0204
80.9691 0.0272
81.7623 0.034
82.5554 0.0408
83.3486 0.0476
84.1417 0.0544
84.9349 0.0612
85.728 0.068
86.5212 0.0748
87.3143 0.0816
88.1075 0.0884
88.9007 0.0952
89.6938 0.102
90.487 0.1088
91.2801 0.1156
92.0733 0.1224
92.8664 0.1292
93.6057 0.136
94.3232 0.1428
95.0406 0.1496
95.7581 0.1564
96.4756 0.1632
97.1304 0.17
97.5871 0.1768
98.0437 0.1836
98.5003 0.1904
98.9569 0.1972
99.4135 0.204
99.8701 0.2108
100.327 0.2176
100.783 0.2244
101.24 0.2312
101.697 0.238
102.153 0.2448
102.61 0.2516
103.066 0.2584
103.523 0.2652
103.98 0.272
104.436 0.2788
104.893 0.2856
105.349 0.2924
105.806 0.2992
106.263 0.306
106.719 0.3128
107.176 0.3196
107.632 0.3264
108.089 0.3332
108.546 0.34
109.002 0.3468
109.459 0.3536
109.915 0.3604
110.372 0.3672
110.829 0.374
111.285 0.3808
111.963 0.3876
113.088 0.3944
114.213 0.4012
115.338 0.408
116.463 0.4148
117.589 0.4216
118.714 0.4284
119.839 0.4352
120.991 0.442
122.284 0.4488
123.577 0.4556
124.87 0.4624
126.163 0.4692
127.456 0.476
128.749 0.4828
130.042 0.4896
131.335 0.4964
132.628 0.5032
133.922 0.51
135.215 0.5168
136.508 0.5236
137.801 0.5304
139.094 0.5372
140.387 0.544
141.68 0.5508
142.973 0.5576
144.266 0.5644
145.559 0.5712
146.852 0.578
148.145 0.5848
149.438 0.5916
150.731 0.5984
152.024 0.6052
153.317 0.612
154.61 0.6188
155.903 0.6256
157.196 0.6324
158.489 0.6392
159.782 0.646
161.075 0.6528
162.368 0.6596
163.661 0.6664
164.955 0.6732
166.133 0.68
161.551 0.6732
156.968 0.6664
152.386 0.6596
147.804 0.6528
143.221 0.646
138.639 0.6392
134.056 0.6324
129.474 0.6256
124.891 0.6188
120.309 0.612
115.727 0.6052
111.144 0.5984
106.562 0.5916
101.979 0.5848
98.8769 0.578
96.4966 0.5712
94.1162 0.5644
91.7359 0.5576
89.3555 0.5508
86.9752 0.544
84.5948 0.5372
82.2145 0.5304
79.8341 0.5236
77.4538 0.5168
75.0734 0.51
72.6931 0.5032
70.3127 0.4964
67.9324 0.4896
65.552 0.4828
63.1717 0.476
60.7913 0.4692
58.411 0.4624
56.0306 0.4556
53.6503 0.4488
51.2699 0.442
48.8896 0.4352
46.5092 0.4284
44.1289 0.4216
41.7485 0.4148
39.3682 0.408
36.9878 0.4012
34.6075 0.3944
32.2271 0.3876
29.8468 0.3808
27.4664 0.374
25.0861 0.3672
22.7057 0.3604
20.3254 0.3536
17.945 0.3468
15.5647 0.34
13.1843 0.3332
11.0239 0.3264
9.06022 0.3196
7.09657 0.3128
5.13292 0.306
3.16927 0.2992
1.20562 0.2924
-0.758035 0.2856
-2.72169 0.2788
-4.68534 0.272
-6.64899 0.2652
-8.61264 0.2584
-10.5763 0.2516
-12.5399 0.2448
-14.5036 0.238
-16.4672 0.2312
-18.4309 0.2244
-20.3946 0.2176
-22.3582 0.2108
-24.3219 0.204
-26.2855 0.1972
-28.2492 0.1904
-30.2128 0.1836
-32.1765 0.1768
-34.1401 0.17
-36.1038 0.1632
-38.0674 0.1564
-40.0311 0.1496
-41.9947 0.1428
-43.9584 0.136
-45.922 0.1292
-47.8857 0.1224
-49.8493 0.1156
-51.813 0.1088
-53.7766 0.102
-55.7403 0.0952
-57.7039 0.0884
-59.6676 0.0816
-61.6312 0.0748
-63.5949 0.068
-65.5585 0.0612
-67.5222 0.0544
-69.4858 0.0476
-71.4495 0.0408
-73.4131 0.034
-74.6335 0.0272
-75.4269 0.0204
-76.2202 0.0136
-77.0136 0.0068
-77.807 5.82867e-16
-78.6004 -0.0068
-79.3937 -0.0136
-80.1871 -0.0204
-80.9805 -0.0272
-81.7739 -0.034
-82.5672 -0.0408
-83.3606 -0.0476
-84.154 -0.0544
-84.9474 -0.0612
-85.7407 -0.068
-86.5341 -0.0748
-87.3275 -0.0816
-88.1209 -0.0884
-88.9142 -0.0952
-89.7076 -0.102
-90.501 -0.1088
-91.2944 -0.1156
-92.0877 -0.1224
-92.8811 -0.1292
-93.6144 -0.136
-94.3321 -0.1428
-95.0498 -0.1496
-95.7675 -0.1564
-96.4852 -0.1632
-97.1134 -0.17
-97.5696 -0.1768
-98.0259 -0.1836
-98.4821 -0.1904
-98.9383 -0.1972
-99.3946 -0.204
-99.8508 -0.2108
-100.307 -0.2176
-100.763 -0.2244
-101.22 -0.2312
-101.676 -0.238
-102.132 -0.2448
-102.588 -0.2516
-103.044 -0.2584
-103.501 -0.2652
-103.957 -0.272
-104.413 -0.2788
-104.869 -0.2856
-105.326 -0.2924
-105.782 -0.2992
-106.238 -0.306
-106.694 -0.3128
-107.151 -0.3196
-107.607 -0.3264
-108.063 -0.3332
-108.519 -0.34
-108.976 -0.3468
-109.432 -0.3536
-109.888 -0.3604
-110.344 -0.3672
-110.8 -0.374
-111.257 -0.3808
-111.964 -0.3876
-113.087 -0.3944
-114.209 -0.4012
-115.332 -0.408
-116.455 -0.4148
-117.577 -0.4216
-118.7 -0.4284
-119.823 -0.4352
-120.989 -0.442
-122.28 -0.4488
-123.57 -0.4556
-124.861 -0.4624
-126.152 -0.4692
-127.443 -0.476
-128.733 -0.4828
-130.024 -0.4896
-131.315 -0.4964
-132.606 -0.5032
-133.896 -0.51
-135.187 -0.5168
-136.478 -0.5236
-137.769 -0.5304
-139.06 -0.5372
-140.35 -0.544
-141.641 -0.5508
-142.932 -0.5576
-144.223 -0.5644
-145.513 -0.5712
-146.804 -0.578
-148.095 -0.5848
-149.386 -0.5916
-150.676 -0.5984
-151.967 -0.6052
-153.258 -0.612
-154.549 -0.6188
-155.839 -0.6256
-157.13 -0.6324
-158.421 -0.6392
-159.712 -0.646
-161.003 -0.6528
-162.293 -0.6596
-163.584 -0.6664
-164.875 -0.6732
-166.165 -0.68
-161.583 -0.6732
-157 -0.6664
-152.418 -0.6596
-147.835 -0.6528
-143.253 -0.646
-138.671 -0.6392
-134.088 -0.6324
-129.506 -0.6256
-124.923 -0.6188
-120.341 -0.612
-115.759 -0.6052
-111.176 -0.5984
-106.594 -0.5916
-102.011 -0.5848
-98.8571 -0.578
-96.4767 -0.5712
-94.0964 -0.5644
-91.716 -0.5576
-89.3357 -0.5508
-86.9553 -0.544
-84.575 -0.5372
-82.1946 -0.5304
-79.8143 -0.5236
-77.4339 -0.5168
-75.0536 -0.51
-72.6732 -0.5032
-70.2929 -0.4964
-67.9125 -0.4896
-65.5322 -0.4828
-63.1518 -0.476
-60.7715 -0.4692
-58.3911 -0.4624
-56.0108 -0.4556
-53.6304 -0.4488
-51.2501 -0.442
-48.8697 -0.4352
-46.4894 -0.4284
-44.109 -0.4216
-41.7287 -0.4148
-39.3483 -0.408
-36.968 -0.4012
-34.5876 -0.3944
-32.2073 -0.3876
-29.8269 -0.3808
-27.4466 -0.374
-25.0662 -0.3672
-22.6859 -0.3604
-20.3055 -0.3536
-17.9252 -0.3468
-15.5448 -0.34
-13.1645 -0.3332
-11.0113 -0.3264
-9.04825 -0.3196
-7.08519 -0.3128
-5.12213 -0.306
-3.15907 -0.2992
-1.19601 -0.2924
0.767053 -0.2856
2.73011 -0.2788
4.69317 -0.272
6.65623 -0.2652
8.61929 -0.2584
10.5824 -0.2516
12.5454 -0.2448
14.5085 -0.238
16.4715 -0.2312
18.4346 -0.2244
20.3977 -0.2176
22.3607 -0.2108
24.3238 -0.204
26.2868 -0.1972
28.2499 -0.1904
30.213 -0.1836
32.176 -0.1768
34.1391 -0.17
36.1021 -0.1632
38.0652 -0.1564
40.0283 -0.1496
41.9913 -0.1428
43.9544 -0.136
45.9174 -0.1292
47.8805 -0.1224
49.8436 -0.1156
51.8066 -0.1088
53.7697 -0.102
55.7327 -0.0952
57.6958 -0.0884
59.6589 -0.0816
61.6219 -0.0748
63.585 -0.068
65.548 -0.0612
67.5111 -0.0544
69.4742 -0.0476
71.4372 -0.0408
73.4003 -0.034
74.6182 -0.0272
75.4114 -0.0204
76.2045 -0.0136
76.9977 -0.0068
77.7909 6.38378e-16
78.584 0.0068
79.3772 0.0136
80.1703 0.0204
80.9635 0.0272
81.7566 0.034
82.5498 0.0408
83.3429 0.0476
84.1361 0.0544
84.9292 0.0612
85.7224 0.068
86.5155 0.0748
87.3087 0.0816
88.1018 0.0884
88.895 0.0952
89.6881 0.102
90.4813 0.1088
91.2744 0.1156
92.0676 0.1224
92.8607 0.1292
93.6011 0.136
94.3186 0.1428
95.0361 0.1496
95.7535 0.1564
96.471 0.1632
97.1155 0.17
97.5719 0.1768
98.0282 0.1836
98.4845 0.1904
98.9408 0.1972
99.3972 0.204
99.8535 0.2108
100.31 0.2176
100.766 0.2244
101.222 0.2312
101.679 0.238
102.135 0.2448
102.591 0.2516
103.048 0.2584
103.504 0.2652
103.96 0.272
104.417 0.2788
104.873 0.2856
105.329 0.2924
105.786 0.2992
106.242 0.306
106.698 0.3128
107.155 0.3196
107.611 0.3264
108.067 0.3332
108.524 0.34
108.98 0.3468
109.436 0.3536
109.893 0.3604
110.349 0.3672
110.805 0.374
111.262 0.3808
111.909 0.3876
113.033 0.3944
114.156 0.4012
115.28 0.408
116.404 0.4148
117.527 0.4216
118.651 0.4284
119.775 0.4352
120.926 0.442
122.218 0.4488
123.509 0.4556
124.801 0.4624
126.092 0.4692
127.384 0.476
128.676 0.4828
129.967 0.4896
131.259 0.4964
132.551 0.5032
133.842 0.51
135.134 0.5168
136.426 0.5236
137.717 0.5304
139.009 0.5372
140.3 0.544
141.592 0.5508
142.884 0.5576
144.175 0.5644
145.467 0.5712
146.759 0.578
148.05 0.5848
149.342 0.5916
150.634 0.5984
151.925 0.6052
153.217 0.612
154.508 0.6188
155.8 0.6256
157.092 0.6324
158.383 0.6392
159.675 0.646
160.967 0.6528
162.258 0.6596
163.55 0.6664
164.842 0.6732
166.133 0.68
166.542 0.6868
166.951 0.6936
167.36 0.7004
167.769 0.7072
168.178 0.714
168.587 0.7208
168.996 0.7276
169.405 0.7344
169.814 0.7412
170.223 0.748
170.632 0.7548
171.041 0.7616
171.45 0.7684
171.859 0.7752
172.268 0.782
172.677 0.7888
173.086 0.7956
173.495 0.8024
173.904 0.8092
174.313 0.816
174.723 0.8228
175.132 0.8296
175.541 0.8364
175.95 0.8432
176.359 0.85
176.768 0.8568
177.177 0.8636
177.586 0.8704
177.995 0.8772
178.404 0.884
178.813 0.8908
179.222 0.8976
179.631 0.9044
180.04 0.9112
180.449 0.918
180.858 0.9248
181.267 0.9316
181.676 0.9384
182.085 0.9452
182.494 0.952
182.903 0.9588
183.312 0.9656
183.721 0.9724
184.13 0.9792
184.539 0.986
184.948 0.9928
185.357 0.9996
185.766 1.0064
186.175 1.0132
186.584 1.02
182.002 1.0132
177.419 1.0064
172.837 0.9996
168.254 0.9928
163.672 0.986
159.089 0.9792
154.507 0.9724
149.925 0.9656
145.342 0.9588
140.76 0.952
136.177 0.9452
131.595 0.9384
127.013 0.9316
122.43 0.9248
117.848 0.918
113.265 0.9112
108.683 0.9044
104.1 0.8976
99.5181 0.8908
94.9357 0.884
90.3533 0.8772
85.8844 0.8704
83.8235 0.8636
81.3985 0.8568
79.0095 0.85
76.6289 0.8432
74.2485 0.8364
71.8682 0.8296
69.4878 0.8228
67.1075 0.816
64.7271 0.8092
62.3468 0.8024
59.9664 0.7956
57.5861 0.7888
55.2057 0.782
52.8254 0.7752
50.445 0.7684
48.0647 0.7616
45.6843 0.7548
43.304 0.748
40.9236 0.7412
38.5433 0.7344
36.1629 0.7276
33.7826 0.7208
31.4022 0.714
29.0219 0.7072
26.6415 0.7004
24.2612 0.6936
22.4671 0.6868
20.9652 0.68
19.4633 0.6732
17.9614 0.6664
16.4595 0.6596
14.9576 0.6528
13.4556 0.646
11.9537 0.6392
10.4518 0.6324
8.94989 0.6256
7.44797 0.6188
5.94605 0.612
4.44414 0.6052
2.94222 0.5984
1.4403 0.5916
-0.061612 0.5848
-1.56353 0.578
-3.06545 0.5712
-4.56736 0.5644
-6.06928 0.5576
-7.5712 0.5508
-9.07311 0.544
-10.575 0.5372
-12.0769 0.5304
-13.5789 0.5236
-15.0808 0.5168
-16.5827 0.51
-18.0846 0.5032
-19.5865 0.4964
-21.0884 0.4896
-22.5904 0.4828
-24.0923 0.476
-25.5942 0.4692
-27.0961 0.4624
-28.598 0.4556
-30.0999 0.4488
-31.6019 0.442
-33.1038 0.4352
-34.6057 0.4284
-36.1076 0.4216
-37.6095 0.4148
-39.1114 0.408
-40.6134 0.4012
-42.1153 0.3944
-43.6172 0.3876
-45.1191 0.3808
-46.621 0.374
-48.1229 0.3672
-49.6249 0.3604
-51.1268 0.3536
-52.6287 0.3468
-54.1306 0.34
-55.6325 0.3332
-57.1344 0.3264
-58.6364 0.3196
-60.1383 0.3128
-61.6402 0.306
-63.1421 0.2992
-64.644 0.2924
-66.1459 0.2856
-66.7917 0.2788
-67.4168 0.272
-68.0418 0.2652
-68.6668 0.2584
-69.2919 0.2516
-69.9169 0.2448
-70.5419 0.238
-71.167 0.2312
-71.792 0.2244
-72.417 0.2176
-73.0421 0.2108
-73.6671 0.204
-74.2921 0.1972
-74.9171 0.1904
-75.5422 0.1836
-76.1672 0.1768
-76.7922 0.17
-77.4173 0.1632
-78.0423 0.1564
-78.6673 0.1496
-79.2924 0.1428
-79.9174 0.136
-80.5424 0.1292
-81.1675 0.1224
-81.7925 0.1156
-82.4175 0.1088
-83.0426 0.102
-83.6676 0.0952
-84.2926 0.0884
-84.9177 0.0816
-85.5427 0.0748
-86.1677 0.068
-86.7928 0.0612
-87.4178 0.0544
-88.0428 0.0476
-88.6678 0.0408
-89.2929 0.034
-89.9179 0.0272
-90.5429 0.0204
-91.168 0.0136
-91.793 0.0068
-92.418 9.16801e-16
-93.0431 -0.0068
-93.6681 -0.0136
-94.2931 -0.0204
-94.9182 -0.0272
-95.5432 -0.034
-96.1682 -0.0408
-96.7933 -0.0476
-97.4183 -0.0544
-98.0433 -0.0612
-98.6684 -0.068
-99.2934 -0.0748
-99.6987 -0.0816
-100.073 -0.0884
-100.447 -0.0952
-100.822 -0.102
-101.196 -0.1088
-101.57 -0.1156
-101.945 -0.1224
-102.319 -0.1292
-102.693 -0.136
-103.067 -0.1428
-103.442 -0.1496
-103.816 -0.1564
-104.19 -0.1632
-104.565 -0.17
-104.939 -0.1768
-105.313 -0.1836
-105.688 -0.1904
-106.062 -0.1972
-106.436 -0.204
-106.81 -0.2108
-107.185 -0.2176
-107.559 -0.2244
-107.933 -0.2312
-108.308 -0.238
-108.682 -0.2448
-109.056 -0.2516
-109.431 -0.2584
-109.805 -0.2652
-110.179 -0.272
-110.553 -0.2788
-110.928 -0.2856
-111.302 -0.2924
-111.676 -0.2992
-112.051 -0.306
-112.425 -0.3128
-112.799 -0.3196
-113.174 -0.3264
-113.548 -0.3332
-113.922 -0.34
-114.296 -0.3468
-114.671 -0.3536
-115.045 -0.3604
-115.419 -0.3672
-115.794 -0.374
-116.163 -0.3808
-116.527 -0.3876
-116.891 -0.3944
-117.256 -0.4012
-117.62 -0.408
-117.984 -0.4148
-118.348 -0.4216
-119.115 -0.4284
-120.231 -0.4352
-121.437 -0.442
-122.721 -0.4488
-124.004 -0.4556
-125.288 -0.4624
-126.572 -0.4692
-127.856 -0.476
-129.14 -0.4828
-130.424 -0.4896
-131.708 -0.4964
-132.992 -0.5032
-134.276 -0.51
-135.56 -0.5168
-136.844 -0.5236
-138.128 -0.5304
-139.412 -0.5372
-140.696 -0.544
-141.98 -0.5508
-143.264 -0.5576
-144.547 -0.5644
-145.831 -0.5712
-147.115 -0.578
-148.399 -0.5848
-149.683 -0.5916
-150.967 -0.5984
-152.251 -0.6052
-153.535 -0.612
-154.819 -0.6188
-156.103 -0.6256
-157.387 -0.6324
-158.671 -0.6392
-159.955 -0.646
-161.239 -0.6528
-162.523 -0.6596
-163.807 -0.6664
-165.09 -0.6732
-166.256 -0.68
-166.665 -0.6868
-167.074 -0.6936
-167.483 -0.7004
-167.892 -0.7072
-168.301 -0.714
-168.71 -0.7208
-169.119 -0.7276
-169.528 -0.7344
-169.937 -0.7412
-170.346 -0.748
-170.755 -0.7548
-171.164 -0.7616
-171.573 -0.7684
-171.982 -0.7752
-172.391 -0.782
-172.8 -0.7888
-173.209 -0.7956
-173.618 -0.8024
-174.027 -0.8092
-174.436 -0.816
-174.845 -0.8228
-175.254 -0.8296
-175.663 -0.8364
-176.072 -0.8432
-176.481 -0.85
-176.89 -0.8568
-177.299 -0.8636
-177.708 -0.8704
-178.117 -0.8772
-178.526 -0.884
-178.935 -0.8908
-179.344 -0.8976
-179.753 -0.9044
-180.162 -0.9112
-180.571 -0.918
-180.98 -0.9248
-181.389 -0.9316
-181.798 -0.9384
-182.207 -0.9452
-182.616 -0.952
-183.025 -0.9588
-183.434 -0.9656
-183.843 -0.9724
-184.252 -0.9792
-184.661 -0.986
-185.07 -0.9928
-185.479 -0.9996
-185.888 -1.0064
-186.297 -1.0132
-186.706 -1.02
-182.124 -1.0132
-177.541 -1.0064
-172.959 -0.9996
-168.377 -0.9928
-163.794 -0.986
-159.212 -0.9792
-154.629 -0.9724
-150.047 -0.9656
-145.465 -0.9588
-140.882 -0.952
-136.3 -0.9452
-131.717 -0.9384
-127.135 -0.9316
-122.552 -0.9248
-117.97 -0.918
-113.388 -0.9112
-108.805 -0.9044
-104.223 -0.8976
-99.6404 -0.8908
-95.058 -0.884
-91.9769 -0.8772
-89.5965 -0.8704
-87.2162 -0.8636
-84.8358 -0.8568
-82.4555 -0.85
-80.0751 -0.8432
-77.6948 -0.8364
-75.3144 -0.8296
-72.9341 -0.8228
-70.5537 -0.816
-68.1734 -0.8092
-65.793 -0.8024
-63.4127 -0.7956
-61.0323 -0.7888
-58.652 -0.782
-56.2716 -0.7752
-53.8913 -0.7684
-51.5109 -0.7616
-49.1306 -0.7548
-46.7502 -0.748
-44.3699 -0.7412
-41.9895 -0.7344
-39.6092 -0.7276
-37.2288 -0.7208
-34.8485 -0.714
-32.4681 -0.7072
-30.0878 -0.7004
-27.7074 -0.6936
-25.3271 -0.6868
-23.2998 -0.68
-21.7991 -0.6732
-20.2985 -0.6664
-18.7978 -0.6596
-17.2971 -0.6528
-15.7964 -0.646
-14.2957 -0.6392
-12.795 -0.6324
-11.2943 -0.6256
-9.79361 -0.6188
-8.29291 -0.612
-6.79222 -0.6052
-5.29153 -0.5984
-3.79084 -0.5916
-2.29015 -0.5848
-0.789454 -0.578
0.711238 -0.5712
2.21193 -0.5644
3.71262 -0.5576
5.21331 -0.5508
6.71401 -0.544
8.2147 -0.5372
9.71539 -0.5304
11.2161 -0.5236
12.7168 -0.5168
14.2175 -0.51
15.7182 -0.5032
17.2189 -0.4964
18.7195 -0.4896
20.2202 -0.4828
21.629 -0.476
22.8538 -0.4692
24.0786 -0.4624
25.3034 -0.4556
26.5282 -0.4488
27.7529 -0.442
28.9777 -0.4352
30.2025 -0.4284
31.4273 -0.4216
32.6521 -0.4148
33.8769 -0.408
35.1017 -0.4012
36.3265 -0.3944
37.5512 -0.3876
38.776 -0.3808
40.0008 -0.374
41.2256 -0.3672
42.4504 -0.3604
43.6752 -0.3536
44.9 -0.3468
46.1248 -0.34
47.3495 -0.3332
48.5743 -0.3264
49.7991 -0.3196
51.0239 -0.3128
52.2487 -0.306
53.4735 -0.2992
54.6983 -0.2924
55.923 -0.2856
57.1478 -0.2788
58.3726 -0.272
59.5974 -0.2652
60.8222 -0.2584
62.047 -0.2516
63.2718 -0.2448
64.3819 -0.238
64.9303 -0.2312
65.4787 -0.2244
66.0271 -0.2176
66.5755 -0.2108
67.1239 -0.204
67.6723 -0.1972
68.2207 -0.1904
68.7691 -0.1836
69.3175 -0.1768
69.8659 -0.17
70.4143 -0.1632
70.9627 -0.1564
71.5112 -0.1496
72.0596 -0.1428
72.608 -0.136
73.1564 -0.1292
73.7048 -0.1224
74.2532 -0.1156
74.8016 -0.1088
75.35 -0.102
75.8984 -0.0952
76.4468 -0.0884
76.9952 -0.0816
77.5436 -0.0748
78.092 -0.068
78.6405 -0.0612
79.1889 -0.0544
79.7373 -0.0476
80.2857 -0.0408
80.8341 -0.034
81.3825 -0.0272
81.9309 -0.0204
82.4793 -0.0136
83.0277 -0.0068
83.5761 8.32667e-17
84.1245 0.0068
84.6729 0.0136
85.2213 0.0204
85.7698 0.0272
86.3182 0.034
86.8666 0.0408
87.415 0.0476
87.9634 0.0544
88.5118 0.0612
89.0602 0.068
89.6086 0.0748
90.157 0.0816
90.7054 0.0884
91.2538 0.0952
91.8022 0.102
92.3506 0.1088
92.8991 0.1156
93.4475 0.1224
93.9959 0.1292
94.5443 0.136
95.0927 0.1428
95.6411 0.1496
96.1895 0.1564
96.7379 0.1632
97.2863 0.17
97.8347 0.1768
98.3831 0.1836
98.9315 0.1904
99.4799 0.1972
100.028 0.204
100.577 0.2108
101.125 0.2176
101.674 0.2244
102.222 0.2312
102.77 0.238
103.319 0.2448
103.867 0.2516
104.416 0.2584
104.842 0.2652
105.148 0.272
105.455 0.2788
105.761 0.2856
106.068 0.2924
106.374 0.2992
106.681 0.306
106.987 0.3128
107.294 0.3196
107.6 0.3264
107.907 0.3332
108.213 0.34
108.52 0.3468
108.826 0.3536
109.133 0.3604
109.439 0.3672
109.746 0.374
110.052 0.3808
110.359 0.3876
110.665 0.3944
110.972 0.4012
111.278 0.408
111.585 0.4148
111.891 0.4216
112.198 0.4284
112.504 0.4352
112.81 0.442
113.117 0.4488
113.423 0.4556
113.73 0.4624
114.036 0.4692
114.343 0.476
114.649 0.4828
114.956 0.4896
115.262 0.4964
115.569 0.5032
116.206 0.51
117.146 0.5168
118.087 0.5236
119.027 0.5304
119.968 0.5372
120.908 0.544
121.849 0.5508
122.789 0.5576
123.73 0.5644
124.67 0.5712
125.611 0.578
126.551 0.5848
127.492 0.5916
128.432 0.5984
129.373 0.6052
130.313 0.612
131.254 0.6188
132.194 0.6256
133.135 0.6324
134.075 0.6392
135.016 0.646
135.956 0.6528
136.897 0.6596
137.837 0.6664
138.778 0.6732
139.718 0.68
140.659 0.6868
141.599 0.6936
142.54 0.7004
143.48 0.7072
144.421 0.714
145.361 0.7208
146.302 0.7276
147.242 0.7344
148.183 0.7412
149.123 0.748
150.064 0.7548
151.004 0.7616
151.945 0.7684
152.885 0.7752
153.826 0.782
154.766 0.7888
155.707 0.7956
156.647 0.8024
157.588 0.8092
158.528 0.816
159.469 0.8228
160.409 0.8296
161.35 0.8364
162.29 0.8432
163.231 0.85
164.171 0.8568
165.112 0.8636
166.052 0.8704
166.993 0.8772
167.933 0.884
168.874 0.8908
169.814 0.8976
170.755 0.9044
171.695 0.9112
172.636 0.918
173.576 0.9248
174.517 0.9316
175.458 0.9384
176.398 0.9452
177.339 0.952
178.279 0.9588
179.22 0.9656
180.16 0.9724
181.101 0.9792
182.041 0.986
182.982 0.9928
183.922 0.9996
184.863 1.0064
185.803 1.0132
186.673 1.02
182.091 1.0132
177.509 1.0064
172.926 0.9996
168.344 0.9928
163.761 0.986
159.179 0.9792
154.596 0.9724
150.014 0.9656
145.432 0.9588
140.849 0.952
136.267 0.9452
131.684 0.9384
127.102 0.9316
122.52 0.9248
117.937 0.918
113.355 0.9112
108.772 0.9044
104.19 0.8976
99.6075 0.8908
95.0251 0.884
91.9947 0.8772
89.6144 0.8704
87.234 0.8636
84.8537 0.8568
82.4734 0.85
80.093 0.8432
77.7127 0.8364
75.3323 0.8296
72.952 0.8228
70.5716 0.816
68.1913 0.8092
65.8109 0.8024
63.4306 0.7956
61.0502 0.7888
58.6699 0.782
56.2895 0.7752
53.9092 0.7684
51.5288 0.7616
49.1485 0.7548
46.7681 0.748
44.3878 0.7412
42.0074 0.7344
39.6271 0.7276
37.2467 0.7208
34.8664 0.714
32.486 0.7072
30.1057 0.7004
27.7253 0.6936
25.345 0.6868
23.3034 0.68
21.8024 0.6732
20.3013 0.6664
18.8003 0.6596
17.2993 0.6528
15.7983 0.646
14.2973 0.6392
12.7962 0.6324
11.2952 0.6256
9.7942 0.6188
8.29318 0.612
6.79215 0.6052
5.29113 0.5984
3.79011 0.5916
2.28909 0.5848
0.788071 0.578
-0.71295 0.5712
-2.21397 0.5644
-3.71499 0.5576
-5.21601 0.5508
-6.71703 0.544
-8.21805 0.5372
-9.71907 0.5304
-11.2201 0.5236
-12.7211 0.5168
-14.2221 0.51
-15.7232 0.5032
-17.2242 0.4964
-18.7252 0.4896
-20.2262 0.4828
-21.6307 0.476
-22.8548 0.4692
-24.0788 0.4624
-25.3028 0.4556
-26.5269 0.4488
-27.7509 0.442
-28.975 0.4352
-30.199 0.4284
-31.423 0.4216
-32.6471 0.4148
-33.8711 0.408
-35.0952 0.4012
-36.3192 0.3944
-37.5432 0.3876
-38.7673 0.3808
-39.9913 0.374
-41.2154 0.3672
-42.4394 0.3604
-43.6634 0.3536
-44.8875 0.3468
-46.1115 0.34
-47.3356 0.3332
-48.5596 0.3264
-49.7836 0.3196
-51.0077 0.3128
-52.2317 0.306
-53.4558 0.2992
-54.6798 0.2924
-55.9038 0.2856
-57.1279 0.2788
-58.3519 0.272
-59.576 0.2652
-60.8 0.2584
-62.024 0.2516
-63.2481 0.2448
-64.3764 0.238
-64.9246 0.2312
-65.4728 0.2244
-66.021 0.2176
-66.5693 0.2108
-67.1175 0.204
-67.6657 0.1972
-68.2139 0.1904
-68.7621 0.1836
-69.3103 0.1768
-69.8585 0.17
-70.4067 0.1632
-70.9549 0.1564
-71.5031 0.1496
-72.0514 0.1428
-72.5996 0.136
-73.1478 0.1292
-73.696 0.1224
-74.2442 0.1156
-74.7924 0.1088
-75.3406 0.102
-75.8888 0.0952
-76.437 0.0884
-76.9853 0.0816
-77.5335 0.0748
-78.0817 0.068
-78.6299 0.0612
-79.1781 0.0544
-79.7263 0.0476
-80.2745 0.0408
-80.8227 0.034
-81.3709 0.0272
-81.9191 0.0204
-82.4674 0.0136
-83.0156 0.0068
-83.5638 -5.27356e-16
-84.112 -0.0068
-84.6602 -0.0136
-85.2084 -0.0204
-85.7566 -0.0272
-86.3048 -0.034
-86.853 -0.0408
-87.4012 -0.0476
-87.9495 -0.0544
-88.4977 -0.0612
-89.0459 -0.068
-89.5941 -0.0748
-90.1423 -0.0816
-90.6905 -0.0884
-91.2387 -0.0952
-91.7869 -0.102
-92.3351 -0.1088
-92.8834 -0.1156
-93.4316 -0.1224
-93.9798 -0.1292
-94.528 -0.136
-95.0762 -0.1428
-95.6244 -0.1496
-96.1726 -0.1564
-96.7208 -0.1632
-97.269 -0.17
-97.8172 -0.1768
-98.3655 -0.1836
-98.9137 -0.1904
-99.4619 -0.1972
-100.01 -0.204
-100.558 -0.2108
-101.107 -0.2176
-101.655 -0.2244
-102.203 -0.2312
-102.751 -0.238
-103.299 -0.2448
-103.848 -0.2516
-104.396 -0.2584
-104.836 -0.2652
-105.143 -0.272
-105.449 -0.2788
-105.755 -0.2856
-106.062 -0.2924
-106.368 -0.2992
-106.674 -0.306
-106.981 -0.3128
-107.287 -0.3196
-107.593 -0.3264
-107.9 -0.3332
-108.206 -0.34
-108.512 -0.3468
-108.818 -0.3536
-109.125 -0.3604
-109.431 -0.3672
-109.737 -0.374
-110.044 -0.3808
-110.35 -0.3876
-110.656 -0.3944
-110.963 -0.4012
-111.269 -0.408
-111.575 -0.4148
-111.882 -0.4216
-112.188 -0.4284
-112.494 -0.4352
-112.8 -0.442
-113.107 -0.4488
-113.413 -0.4556
-113.719 -0.4624
-114.026 -0.4692
-114.332 -0.476
-114.638 -0.4828
-114.945 -0.4896
-115.251 -0.4964
-115.557 -0.5032
-116.239 -0.51
-117.179 -0.5168
-118.119 -0.5236
-119.058 -0.5304
-119.998 -0.5372
-120.937 -0.544
-121.877 -0.5508
-122.816 -0.5576
-123.756 -0.5644
-124.695 -0.5712
-125.635 -0.578
-126.575 -0.5848
-127.514 -0.5916
-128.454 -0.5984
-129.393 -0.6052
-130.333 -0.612
-131.272 -0.6188
-132.212 -0.6256
-133.152 -0.6324
-134.091 -0.6392
-135.031 -0.646
-135.97 -0.6528
-136.91 -0.6596
-137.849 -0.6664
-138.789 -0.6732
-139.728 -0.68
-140.668 -0.6868
-141.608 -0.6936
-142.547 -0.7004
-143.487 -0.7072
-144.426 -0.714
-145.366 -0.7208
-146.305 -0.7276
-147.245 -0.7344
-148.185 -0.7412
-149.124 -0.748
-150.064 -0.7548
-151.003 -0.7616
-151.943 -0.7684
-152.882 -0.7752
-153.822 -0.782
-154.761 -0.7888
-155.701 -0.7956
-156.641 -0.8024
-157.58 -0.8092
-158.52 -0.816
-159.459 -0.8228
-160.399 -0.8296
-161.338 -0.8364
-162.278 -0.8432
-163.218 -0.85
-164.157 -0.8568
-165.097 -0.8636
-166.036 -0.8704
-166.976 -0.8772
-167.915 -0.884
-168.855 -0.8908
-169.794 -0.8976
-170.734 -0.9044
-171.674 -0.9112
-172.613 -0.918
-173.553 -0.9248
-174.492 -0.9316
-175.432 -0.9384
-176.371 -0.9452
-177.311 -0.952
-178.25 -0.9588
-179.19 -0.9656
-180.13 -0.9724
-181.069 -0.9792
-182.009 -0.986
-182.948 -0.9928
-183.888 -0.9996
-184.827 -1.0064
-185.767 -1.0132
-186.706 -1.02
-182.124 -1.0132
-177.542 -1.0064
-172.959 -0.9996
-168.377 -0.9928
-163.794 -0.986
-159.212 -0.9792
-154.63 -0.9724
-150.047 -0.9656
-145.465 -0.9588
-140.882 -0.952
-136.3 -0.9452
-131.717 -0.9384
-127.135 -0.9316
-122.553 -0.9248
-117.97 -0.918
-113.388 -0.9112
-108.805 -0.9044
-104.223 -0.8976
-99.6406 -0.8908
-95.0581 -0.884
-91.9831 -0.8772
-89.6028 -0.8704
-87.2224 -0.8636
-84.8421 -0.8568
-82.4617 -0.85
-80.0814 -0.8432
-77.701 -0.8364
-75.3207 -0.8296
-72.9403 -0.8228
-70.56 -0.816
-68.1796 -0.8092
-65.7993 -0.8024
-63.4189 -0.7956
-61.0386 -0.7888
-58.6582 -0.782
-56.2779 -0.7752
-53.8975 -0.7684
-51.5172 -0.7616
-49.1368 -0.7548
-46.7565 -0.748
-44.3761 -0.7412
-41.9958 -0.7344
-39.6154 -0.7276
-37.2351 -0.7208
-34.8547 -0.714
-32.4744 -0.7072
-30.094 -0.7004
-27.7137 -0.6936
-25.3333 -0.6868
-23.304 -0.68
-21.8034 -0.6732
-20.3027 -0.6664
-18.802 -0.6596
-17.3013 -0.6528
-15.8006 -0.646
-14.2999 -0.6392
-12.7992 -0.6324
-11.2985 -0.6256
-9.79783 -0.6188
-8.29714 -0.612
-6.79645 -0.6052
-5.29576 -0.5984
-3.79507 -0.5916
-2.29438 -0.5848
-0.793691 -0.578
0.706999 -0.5712
2.20769 -0.5644
3.70838 -0.5576
5.20907 -0.5508
6.70976 -0.544
8.21045 -0.5372
9.71114 -0.5304
11.2118 -0.5236
12.7125 -0.5168
14.2132 -0.51
15.7139 -0.5032
17.2146 -0.4964
18.7153 -0.4896
20.216 -0.4828
21.6255 -0.476
22.8497 -0.4692
24.0739 -0.4624
25.2981 -0.4556
26.5224 -0.4488
27.7466 -0.442
28.9708 -0.4352
30.195 -0.4284
31.4193 -0.4216
32.6435 -0.4148
33.8677 -0.408
35.0919 -0.4012
36.3162 -0.3944
37.5404 -0.3876
38.7646 -0.3808
39.9888 -0.374
41.2131 -0.3672
42.4373 -0.3604
43.6615 -0.3536
44.8857 -0.3468
46.11 -0.34
47.3342 -0.3332
48.5584 -0.3264
49.7826 -0.3196
51.0069 -0.3128
52.2311 -0.306
53.4553 -0.2992
54.6795 -0.2924
55.9038 -0.2856
57.128 -0.2788
58.3522 -0.272
59.5764 -0.2652
60.8007 -0.2584
62.0249 -0.2516
63.2491 -0.2448
64.3691 -0.238
64.9174 -0.2312
65.4656 -0.2244
66.0138 -0.2176
66.5621 -0.2108
67.1103 -0.204
67.6586 -0.1972
68.2068 -0.1904
68.755 -0.1836
69.3033 -0.1768
69.8515 -0.17
70.3998 -0.1632
70.948 -0.1564
71.4962 -0.1496
72.0445 -0.1428
72.5927 -0.136
73.141 -0.1292
73.6892 -0.1224
74.2374 -0.1156
74.7857 -0.1088
75.3339 -0.102
75.8821 -0.0952
76.4304 -0.0884
76.9786 -0.0816
77.5269 -0.0748
78.0751 -0.068
78.6233 -0.0612
79.1716 -0.0544
79.7198 -0.0476
80.2681 -0.0408
80.8163 -0.034
81.3645 -0.0272
81.9128 -0.0204
82.461 -0.0136
83.0093 -0.0068
83.5575 -8.04912e-16
84.1057 0.0068
84.654 0.0136
85.2022 0.0204
85.7505 0.0272
86.2987 0.034
86.8469 0.0408
87.3952 0.0476
87.9434 0.0544
88.4916 0.0612
89.0399 0.068
89.5881 0.0748
90.1364 0.0816
90.6846 0.0884
91.2328 0.0952
91.7811 0.102
92.3293 0.1088
92.8776 0.1156
93.4258 0.1224
93.974 0.1292
94.5223 0.136
95.0705 0.1428
95.6188 0.1496
96.167 0.1564
96.7152 0.1632
97.2635 0.17
97.8117 0.1768
98.36 0.1836
98.9082 0.1904
99.4564 0.1972
100.005 0.204
100.553 0.2108
101.101 0.2176
101.649 0.2244
102.198 0.2312
102.746 0.238
103.294 0.2448
103.842 0.2516
104.391 0.2584
104.834 0.2652
105.14 0.272
105.447 0.2788
105.753 0.2856
106.059 0.2924
106.366 0.2992
106.672 0.306
106.978 0.3128
107.285 0.3196
107.591 0.3264
107.898 0.3332
108.204 0.34
108.51 0.3468
108.817 0.3536
109.123 0.3604
109.429 0.3672
109.736 0.374
110.042 0.3808
110.348 0.3876
110.655 0.3944
110.961 0.4012
111.267 0.408
111.574 0.4148
111.88 0.4216
112.187 0.4284
112.493 0.4352
112.799 0.442
113.106 0.4488
113.412 0.4556
113.718 0.4624
114.025 0.4692
114.331 0.476
114.637 0.4828
114.944 0.4896
115.25 0.4964
115.556 0.5032
116.179 0.51
117.119 0.5168
118.059 0.5236
118.999 0.5304
119.939 0.5372
120.879 0.544
121.819 0.5508
122.759 0.5576
123.699 0.5644
124.638 0.5712
125.578 0.578
126.518 0.5848
127.458 0.5916
128.398 0.5984
129.338 0.6052
130.278 0.612
131.218 0.6188
132.158 0.6256
133.098 0.6324
134.038 0.6392
134.978 0.646
135.918 0.6528
136.857 0.6596
137.797 0.6664
138.737 0.6732
139.677 0.68
140.617 0.6868
141.557 0.6936
142.497 0.7004
143.437 0.7072
144.377 0.714
145.317 0.7208
146.257 0.7276
147.197 0.7344
148.137 0.7412
149.076 0.748
150.016 0.7548
150.956 0.7616
151.896 0.7684
152.836 0.7752
153.776 0.782
154.716 0.7888
155.656 0.7956
156.596 0.8024
157.536 0.8092
158.476 0.816
159.416 0.8228
160.356 0.8296
161.295 0.8364
162.235 0.8432
163.175 0.85
164.115 0.8568
165.055 0.8636
165.995 0.8704
166.935 0.8772
167.875 0.884
168.815 0.8908
169.755 0.8976
170.695 0.9044
171.635 0.9112
172.575 0.918
173.514 0.9248
174.454 0.9316
175.394 0.9384
176.334 0.9452
177.274 0.952
178.214 0.9588
179.154 0.9656
180.094 0.9724
181.034 0.9792
181.974 0.986
182.914 0.9928
183.854 0.9996
184.794 1.0064
185.733 1.0132
186.673 1.02
187.082 1.0268
187.491 1.0336
187.9 1.0404
188.309 1.0472
188.718 1.054
189.127 1.0608
189.536 1.0676
189.945 1.0744
190.354 1.0812
190.763 1.088
191.172 1.0948
191.581 1.1016
191.99 1.1084
192.399 1.1152
192.808 1.122
193.217 1.1288
193.626 1.1356
194.035 1.1424
194.444 1.1492
194.853 1.156
195.262 1.1628
195.671 1.1696
196.08 1.1764
196.489 1.1832
196.898 1.19
197.307 1.1968
197.716 1.2036
198.125 1.2104
198.534 1.2172
198.943 1.224
199.352 1.2308
199.761 1.2376
200.169 1.2444
200.578 1.2512
200.987 1.258
201.396 1.2648
201.805 1.2716
202.214 1.2784
202.623 1.2852
203.032 1.292
203.441 1.2988
203.85 1.3056
204.259 1.3124
204.668 1.3192
205.077 1.326
205.486 1.3328
205.895 1.3396
206.304 1.3464
206.713 1.3532
207.122 1.36
207.531 1.3668
202.949 1.36
198.366 1.3532
193.784 1.3464
189.201 1.3396
184.619 1.3328
180.037 1.326
175.454 1.3192
170.872 1.3124
166.289 1.3056
161.707 1.2988
157.124 1.292
152.542 1.2852
147.96 1.2784
143.377 1.2716
138.795 1.2648
134.212 1.258
129.63 1.2512
125.048 1.2444
120.465 1.2376
115.883 1.2308
111.3 1.224
106.718 1.2172
102.136 1.2104
97.5531 1.2036
92.9707 1.1968
88.3883 1.19
83.8059 1.1832
79.3039 1.1764
76.8846 1.1696
74.5042 1.1628
72.1239 1.156
69.7435 1.1492
67.3632 1.1424
64.9828 1.1356
62.6025 1.1288
60.2221 1.122
57.8418 1.1152
55.4614 1.1084
53.0811 1.1016
50.7007 1.0948
48.3204 1.088
45.94 1.0812
43.5597 1.0744
41.1793 1.0676
38.799 1.0608
36.4186 1.054
34.7501 1.0472
33.5214 1.0404
32.2927 1.0336
31.0641 1.0268
29.8354 1.02
28.6067 1.0132
27.378 1.0064
26.1494 0.9996
24.9207 0.9928
23.692 0.986
22.4633 0.9792
21.2347 0.9724
20.006 0.9656
18.7773 0.9588
17.5486 0.952
16.32 0.9452
15.0913 0.9384
13.8626 0.9316
12.6339 0.9248
11.4053 0.918
10.1766 0.9112
8.94791 0.9044
7.71923 0.8976
6.49055 0.8908
5.26188 0.884
4.0332 0.8772
2.80453 0.8704
1.57585 0.8636
0.347176 0.8568
-0.8815 0.85
-2.11018 0.8432
-3.33885 0.8364
-4.56753 0.8296
-5.7962 0.8228
-7.02488 0.816
-8.25355 0.8092
-9.48223 0.8024
-10.7109 0.7956
-11.9396 0.7888
-13.1683 0.782
-14.3969 0.7752
-15.6256 0.7684
-16.8543 0.7616
-18.083 0.7548
-19.3116 0.748
-20.5403 0.7412
-21.769 0.7344
-22.9977 0.7276
-24.2263 0.7208
-25.455 0.714
-26.6837 0.7072
-27.9124 0.7004
-29.141 0.6936
-30.1988 0.6868
-31.2221 0.68
-32.2454 0.6732
-33.2688 0.6664
-34.2921 0.6596
-35.3154 0.6528
-36.3387 0.646
-37.3621 0.6392
-38.3854 0.6324
-39.4087 0.6256
-40.432 0.6188
-41.4554 0.612
-42.4787 0.6052
-43.502 0.5984
-44.5253 0.5916
-45.5487 0.5848
-46.572 0.578
-47.5953 0.5712
-48.6186 0.5644
-49.642 0.5576
-50.6653 0.5508
-51.6886 0.544
-52.7119 0.5372
-53.7353 0.5304
-54.7586 0.5236
-55.7819 0.5168
-56.7464 0.51
-57.2152 0.5032
-57.684 0.4964
-58.1528 0.4896
-58.6216 0.4828
-59.0904 0.476
-59.5592 0.4692
-60.028 0.4624
-60.4968 0.4556
-60.9656 0.4488
-61.4344 0.442
-61.9032 0.4352
-62.372 0.4284
-62.8407 0.4216
-63.3095 0.4148
-63.7783 0.408
-64.2471 0.4012
-64.7159 0.3944
-65.1847 0.3876
-65.6535 0.3808
-66.1223 0.374
-66.5911 0.3672
-67.0599 0.3604
-67.5287 0.3536
-67.9975 0.3468
-68.4663 0.34
-68.9351 0.3332
-69.4038 0.3264
-69.8726 0.3196
-70.3414 0.3128
-70.8102 0.306
-71.279 0.2992
-71.7478 0.2924
-72.2166 0.2856
-72.6854 0.2788
-73.1542 0.272
-73.623 0.2652
-74.0918 0.2584
-74.5606 0.2516
-75.0294 0.2448
-75.4981 0.238
-75.9669 0.2312
-76.4357 0.2244
-76.9045 0.2176
-77.3733 0.2108
-77.8421 0.204
-78.3109 0.1972
-78.7797 0.1904
-79.2485 0.1836
-79.7173 0.1768
-80.1861 0.17
-80.6549 0.1632
-81.1237 0.1564
-81.5924 0.1496
-82.0612 0.1428
-82.53 0.136
-82.9988 0.1292
-83.4676 0.1224
-83.9364 0.1156
-84.4052 0.1088
-84.874 0.102
-85.3428 0.0952
-85.8116 0.0884
-86.2804 0.0816
-86.7492 0.0748
-87.218 0.068
-87.6868 0.0612
-88.1555 0.0544
-88.6243 0.0476
-89.0931 0.0408
-89.5619 0.034
-90.0307 0.0272
-90.4995 0.0204
-90.9683 0.0136
-91.4371 0.0068
-91.9059 -1.19349e-15
-92.3747 -0.0068
-92.8435 -0.0136
-93.3123 -0.0204
-93.7811 -0.0272
-94.2498 -0.034
-94.7186 -0.0408
-95.1874 -0.0476
-95.6562 -0.0544
-96.125 -0.0612
-96.5938 -0.068
-97.0626 -0.0748
-97.5314 -0.0816
-98.0002 -0.0884
-98.469 -0.0952
-98.9378 -0.102
-99.4066 -0.1088
-99.8754 -0.1156
-100.344 -0.1224
-100.813 -0.1292
-101.282 -0.136
-101.751 -0.1428
-102.219 -0.1496
-102.688 -0.1564
-103.157 -0.1632
-103.626 -0.17
-104.094 -0.1768
-104.563 -0.1836
-105.032 -0.1904
-105.501 -0.1972
-105.97 -0.204
-106.438 -0.2108
-106.724 -0.2176
-106.99 -0.2244
-107.255 -0.2312
-107.521 -0.238
-107.786 -0.2448
-108.052 -0.2516
-108.318 -0.2584
-108.583 -0.2652
-108.849 -0.272
-109.114 -0.2788
-109.38 -0.2856
-109.646 -0.2924
-109.911 -0.2992
-110.177 -0.306
-110.442 -0.3128
-110.708 -0.3196
-110.973 -0.3264
-111.239 -0.3332
-111.505 -0.34
-111.77 -0.3468
-112.036 -0.3536
-112.301 -0.3604
-112.567 -0.3672
-112.833 -0.374
-113.098 -0.3808
-113.364 -0.3876
-113.629 -0.3944
-113.895 -0.4012
-114.161 -0.408
-114.426 -0.4148
-114.692 -0.4216
-114.957 -0.4284
-115.223 -0.4352
-115.488 -0.442
-115.754 -0.4488
-116.02 -0.4556
-116.285 -0.4624
-116.551 -0.4692
-116.816 -0.476
-117.082 -0.4828
-117.348 -0.4896
-117.613 -0.4964
-117.879 -0.5032
-118.144 -0.51
-118.41 -0.5168
-118.675 -0.5236
-119.361 -0.5304
-120.298 -0.5372
-121.234 -0.544
-122.171 -0.5508
-123.107 -0.5576
-124.044 -0.5644
-124.98 -0.5712
-125.917 -0.578
-126.853 -0.5848
-127.79 -0.5916
-128.726 -0.5984
-129.663 -0.6052
-130.599 -0.612
-131.536 -0.6188
-132.472 -0.6256
-133.409 -0.6324
-134.345 -0.6392
-135.282 -0.646
-136.218 -0.6528
-137.155 -0.6596
-138.091 -0.6664
-139.028 -0.6732
-139.964 -0.68
-140.901 -0.6868
-141.837 -0.6936
-142.774 -0.7004
-143.71 -0.7072
-144.647 -0.714
-145.583 -0.7208
-146.52 -0.7276
-147.456 -0.7344
-148.393 -0.7412
-149.329 -0.748
-150.266 -0.7548
-151.202 -0.7616
-152.139 -0.7684
-153.075 -0.7752
-154.012 -0.782
-154.949 -0.7888
-155.885 -0.7956
-156.822 -0.8024
-157.758 -0.8092
-158.695 -0.816
-159.631 -0.8228
-160.568 -0.8296
-161.504 -0.8364
-162.441 -0.8432
-163.377 -0.85
-164.314 -0.8568
-165.25 -0.8636
-166.187 -0.8704
-167.123 -0.8772
-168.06 -0.884
-168.996 -0.8908
-169.933 -0.8976
-170.869 -0.9044
-171.806 -0.9112
-172.742 -0.918
-173.679 -0.9248
-174.615 -0.9316
-175.552 -0.9384
-176.488 -0.9452
-177.425 -0.952
-178.361 -0.9588
-179.298 -0.9656
-180.234 -0.9724
-181.171 -0.9792
-182.107 -0.986
-183.044 -0.9928
-183.98 -0.9996
-184.917 -1.0064
-185.853 -1.0132
-186.753 -1.02
-187.162 -1.0268
-187.571 -1.0336
-187.98 -1.0404
-188.389 -1.0472
-188.798 -1.054
-189.207 -1.0608
-189.616 -1.0676
-190.025 -1.0744
-190.434 -1.0812
-190.843 -1.088
-191.252 -1.0948
-191.661 -1.1016
-192.07 -1.1084
-192.479 -1.1152
-192.888 -1.122
-193.297 -1.1288
-193.706 -1.1356
-194.115 -1.1424
-194.524 -1.1492
-194.933 -1.156
-195.342 -1.1628
-195.751 -1.1696
-196.16 -1.1764
-196.569 -1.1832
-196.978 -1.19
-197.387 -1.1968
-197.796 -1.2036
-198.205 -1.2104
-198.614 -1.2172
-199.023 -1.224
-199.432 -1.2308
-199.841 -1.2376
-200.249 -1.2444
-200.658 -1.2512
-201.067 -1.258
-201.476 -1.2648
-201.885 -1.2716
-202.294 -1.2784
-202.703 -1.2852
-203.112 -1.292
-203.52 -1.2988
-203.928 -1.3056
-204.336 -1.3124
-204.744 -1.3192
-205.152 -1.326
-205.56 -1.3328
-205.968 -1.3396
-206.376 -1.3464
-206.785 -1.3532
-207.193 -1.36
-207.601 -1.3668
-203.018 -1.36
-198.436 -1.3532
-193.853 -1.3464
-189.271 -1.3396
-184.689 -1.3328
-180.106 -1.326
-175.524 -1.3192
-170.941 -1.3124
-166.359 -1.3056
-161.777 -1.2988
-157.194 -1.292
-152.612 -1.2852
-148.029 -1.2784
-143.447 -1.2716
-138.864 -1.2648
-134.282 -1.258
-129.7 -1.2512
-125.117 -1.2444
-120.535 -1.2376
-115.952 -1.2308
-111.37 -1.224
-106.788 -1.2172
-102.205 -1.2104
-97.6227 -1.2036
-93.0403 -1.1968
-88.4579 -1.19
-83.8755 -1.1832
-81.0344 -1.1764
-78.6541 -1.1696
-76.2737 -1.1628
-73.8934 -1.156
-71.513 -1.1492
-69.1327 -1.1424
-66.7523 -1.1356
-64.372 -1.1288
-61.9916 -1.122
-59.6113 -1.1152
-57.2309 -1.1084
-54.8506 -1.1016
-52.4702 -1.0948
-50.0899 -1.088
-47.7095 -1.0812
-45.3292 -1.0744
-42.9488 -1.0676
-40.5685 -1.0608
-38.1881 -1.054
-35.8078 -1.0472
-34.5449 -1.0404
-33.3167 -1.0336
-32.0884 -1.0268
-30.8602 -1.02
-29.632 -1.0132
-28.4037 -1.0064
-27.1755 -0.9996
-25.9472 -0.9928
-24.719 -0.986
-23.4907 -0.9792
-22.2625 -0.9724
-21.0343 -0.9656
-19.806 -0.9588
-18.5778 -0.952
-17.3495 -0.9452
-16.1213 -0.9384
-14.893 -0.9316
-13.6648 -0.9248
-12.4365 -0.918
-11.2083 -0.9112
-9.98006 -0.9044
-8.75182 -0.8976
-7.52357 -0.8908
-6.29533 -0.884
-5.06709 -0.8772
-3.83884 -0.8704
-2.6106 -0.8636
-1.38235 -0.8568
-0.154111 -0.85
1.07413 -0.8432
2.30238 -0.8364
3.53062 -0.8296
4.75886 -0.8228
5.98711 -0.816
7.21535 -0.8092
8.44359 -0.8024
9.67184 -0.7956
10.9001 -0.7888
12.1283 -0.782
13.3566 -0.7752
14.5848 -0.7684
15.8131 -0.7616
17.0413 -0.7548
18.2695 -0.748
19.4978 -0.7412
20.726 -0.7344
21.9543 -0.7276
23.1825 -0.7208
24.4108 -0.714
25.639 -0.7072
26.8672 -0.7004
28.0955 -0.6936
29.3237 -0.6868
30.2718 -0.68
31.1632 -0.6732
32.0546 -0.6664
32.946 -0.6596
33.8374 -0.6528
34.7288 -0.646
35.6202 -0.6392
36.5115 -0.6324
37.4029 -0.6256
38.2943 -0.6188
39.1857 -0.612
40.0771 -0.6052
40.9685 -0.5984
41.8599 -0.5916
42.7513 -0.5848
43.6427 -0.578
44.5341 -0.5712
45.4255 -0.5644
46.3169 -0.5576
47.2083 -0.5508
48.0997 -0.544
48.9911 -0.5372
49.8825 -0.5304
50.7739 -0.5236
51.6653 -0.5168
52.5567 -0.51
53.4481 -0.5032
54.3395 -0.4964
55.2309 -0.4896
55.8945 -0.4828
56.3183 -0.476
56.7422 -0.4692
57.166 -0.4624
57.5898 -0.4556
58.0137 -0.4488
58.4375 -0.442
58.8613 -0.4352
59.2852 -0.4284
59.709 -0.4216
60.1328 -0.4148
60.5566 -0.408
60.9805 -0.4012
61.4043 -0.3944
61.8281 -0.3876
62.252 -0.3808
62.6758 -0.374
63.0996 -0.3672
63.5235 -0.3604
63.9473 -0.3536
64.3711 -0.3468
64.795 -0.34
65.2188 -0.3332
65.6426 -0.3264
66.0664 -0.3196
66.4903 -0.3128
66.9141 -0.306
67.3379 -0.2992
67.7618 -0.2924
68.1856 -0.2856
68.6094 -0.2788
69.0333 -0.272
69.4571 -0.2652
69.8809 -0.2584
70.3048 -0.2516
70.7286 -0.2448
71.1524 -0.238
71.5762 -0.2312
72.0001 -0.2244
72.4239 -0.2176
72.8477 -0.2108
73.2716 -0.204
73.6954 -0.1972
74.1192 -0.1904
74.5431 -0.1836
74.9669 -0.1768
75.3907 -0.17
75.8145 -0.1632
76.2384 -0.1564
76.6622 -0.1496
77.086 -0.1428
77.5099 -0.136
77.9337 -0.1292
78.3575 -0.1224
78.7814 -0.1156
79.2052 -0.1088
79.629 -0.102
80.0529 -0.0952
80.4767 -0.0884
80.9005 -0.0816
81.3243 -0.0748
81.7482 -0.068
82.172 -0.0612
82.5958 -0.0544
83.0197 -0.0476
83.4435 -0.0408
83.8673 -0.034
84.2912 -0.0272
84.715 -0.0204
85.1388 -0.0136
85.5627 -0.0068
85.9865 -8.04912e-16
86.4103 0.0068
86.8341 0.0136
87.258 0.0204
87.6818 0.0272
88.1056 0.034
88.5295 0.0408
88.9533 0.0476
89.3771 0.0544
89.801 0.0612
90.2248 0.068
90.6486 0.0748
91.0724 0.0816
91.4963 0.0884
91.9201 0.0952
92.3439 0.102
92.7678 0.1088
93.1916 0.1156
93.6154 0.1224
94.0393 0.1292
94.4631 0.136
94.8869 0.1428
95.3108 0.1496
95.7346 0.1564
96.1584 0.1632
96.5822 0.17
97.0061 0.1768
97.4299 0.1836
97.8537 0.1904
98.2776 0.1972
98.7014 0.204
99.1252 0.2108
99.5491 0.2176
99.9729 0.2244
100.397 0.2312
100.821 0.238
101.244 0.2448
101.668 0.2516
102.092 0.2584
102.516 0.2652
102.94 0.272
103.364 0.2788
103.787 0.2856
104.211 0.2924
104.635 0.2992
105.059 0.306
105.483 0.3128
105.907 0.3196
106.33 0.3264
106.754 0.3332
107.178 0.34
107.602 0.3468
108.026 0.3536
108.45 0.3604
108.873 0.3672
109.297 0.374
109.721 0.3808
110.145 0.3876
110.569 0.3944
110.992 0.4012
111.416 0.408
111.684 0.4148
111.915 0.4216
112.146 0.4284
112.377 0.4352
112.609 0.442
112.84 0.4488
113.071 0.4556
113.302 0.4624
113.533 0.4692
113.765 0.476
113.996 0.4828
114.227 0.4896
114.458 0.4964
114.689 0.5032
114.921 0.51
115.152 0.5168
115.383 0.5236
115.614 0.5304
115.845 0.5372
116.077 0.544
116.308 0.5508
116.539 0.5576
116.77 0.5644
117.001 0.5712
117.73 0.578
118.504 0.5848
119.279 0.5916
120.054 0.5984
120.829 0.6052
121.603 0.612
122.378 0.6188
123.153 0.6256
123.928 0.6324
124.702 0.6392
125.477 0.646
126.252 0.6528
127.027 0.6596
127.801 0.6664
128.576 0.6732
129.351 0.68
130.126 0.6868
130.901 0.6936
131.675 0.7004
132.45 0.7072
133.225 0.714
134 0.7208
134.774 0.7276
135.549 0.7344
136.324 0.7412
137.099 0.748
137.873 0.7548
138.648 0.7616
139.423 0.7684
140.198 0.7752
140.972 0.782
141.747 0.7888
142.522 0.7956
143.297 0.8024
144.071 0.8092
144.846 0.816
145.621 0.8228
146.396 0.8296
147.17 0.8364
147.945 0.8432
148.72 0.85
149.495 0.8568
150.269 0.8636
151.044 0.8704
151.819 0.8772
152.594 0.884
153.369 0.8908
154.143 0.8976
154.918 0.9044
155.693 0.9112
156.468 0.918
157.242 0.9248
158.017 0.9316
158.792 0.9384
159.567 0.9452
160.341 0.952
161.116 0.9588
161.891 0.9656
162.666 0.9724
163.44 0.9792
164.215 0.986
164.99 0.9928
165.765 0.9996
166.539 1.0064
167.314 1.0132
168.089 1.02
168.864 1.0268
169.638 1.0336
170.413 1.0404
171.188 1.0472
171.963 1.054
172.738 1.0608
173.512 1.0676
174.287 1.0744
175.062 1.0812
175.837 1.088
176.611 1.0948
177.386 1.1016
178.161 1.1084
178.936 1.1152
179.71 1.122
180.485 1.1288
181.26 1.1356
182.035 1.1424
182.809 1.1492
183.584 1.156
184.359 1.1628
185.134 1.1696
185.908 1.1764
186.683 1.1832
187.458 1.19
188.233 1.1968
189.007 1.2036
189.782 1.2104
190.557 1.2172
191.332 1.224
192.106 1.2308
192.881 1.2376
193.656 1.2444
194.431 1.2512
195.206 1.258
195.98 1.2648
196.755 1.2716
197.53 1.2784
198.305 1.2852
199.079 1.292
199.854 1.2988
200.629 1.3056
201.404 1.3124
202.178 1.3192
202.953 1.326
203.728 1.3328
204.503 1.3396
205.277 1.3464
206.052 1.3532
206.827 1.36
207.577 1.3668
202.994 1.36
198.412 1.3532
193.83 1.3464
189.247 1.3396
184.665 1.3328
180.082 1.326
175.5 1.3192
170.918 1.3124
166.335 1.3056
161.753 1.2988
157.17 1.292
152.588 1.2852
148.006 1.2784
143.423 1.2716
138.841 1.2648
134.258 1.258
129.676 1.2512
125.093 1.2444
120.511 1.2376
115.929 1.2308
111.346 1.224
106.764 1.2172
102.181 1.2104
97.599 1.2036
93.0166 1.1968
88.4342 1.19
83.8611 1.1832
81.0416 1.1764
78.6612 1.1696
76.2809 1.1628
73.9005 1.156
71.5202 1.1492
69.1398 1.1424
66.7595 1.1356
64.3791 1.1288
61.9988 1.122
59.6184 1.1152
57.2381 1.1084
54.8577 1.1016
52.4774 1.0948
50.097 1.088
47.7167 1.0812
45.3363 1.0744
42.956 1.0676
40.5756 1.0608
38.1953 1.054
35.8149 1.0472
34.541 1.0404
33.3126 1.0336
32.0842 1.0268
30.8558 1.02
29.6274 1.0132
28.399 1.0064
27.1707 0.9996
25.9423 0.9928
24.7139 0.986
23.4855 0.9792
22.2571 0.9724
21.0287 0.9656
19.8003 0.9588
18.5719 0.952
17.3435 0.9452
16.1151 0.9384
14.8867 0.9316
13.6584 0.9248
12.43 0.918
11.2016 0.9112
9.97318 0.9044
8.74479 0.8976
7.5164 0.8908
6.28801 0.884
5.05962 0.8772
3.83122 0.8704
2.60283 0.8636
1.37444 0.8568
0.146052 0.85
-1.08234 0.8432
-2.31073 0.8364
-3.53912 0.8296
-4.76751 0.8228
-5.9959 0.816
-7.22429 0.8092
-8.45269 0.8024
-9.68108 0.7956
-10.9095 0.7888
-12.1379 0.782
-13.3662 0.7752
-14.5946 0.7684
-15.823 0.7616
-17.0514 0.7548
-18.2798 0.748
-19.5082 0.7412
-20.7366 0.7344
-21.965 0.7276
-23.1934 0.7208
-24.4218 0.714
-25.6502 0.7072
-26.8786 0.7004
-28.1069 0.6936
-29.3353 0.6868
-30.2769 0.68
-31.1681 0.6732
-32.0593 0.6664
-32.9505 0.6596
-33.8417 0.6528
-34.7328 0.646
-35.624 0.6392
-36.5152 0.6324
-37.4064 0.6256
-38.2976 0.6188
-39.1888 0.612
-40.08 0.6052
-40.9712 0.5984
-41.8624 0.5916
-42.7535 0.5848
-43.6447 0.578
-44.5359 0.5712
-45.4271 0.5644
-46.3183 0.5576
-47.2095 0.5508
-48.1007 0.544
-48.9919 0.5372
-49.8831 0.5304
-50.7742 0.5236
-51.6654 0.5168
-52.5566 0.51
-53.4478 0.5032
-54.339 0.4964
-55.2302 0.4896
-55.8991 0.4828
-56.3228 0.476
-56.7466 0.4692
-57.1704 0.4624
-57.5941 0.4556
-58.0179 0.4488
-58.4416 0.442
-58.8654 0.4352
-59.2892 0.4284
-59.7129 0.4216
-60.1367 0.4148
-60.5604 0.408
-60.9842 0.4012
-61.408 0.3944
-61.8317 0.3876
-62.2555 0.3808
-62.6793 0.374
-63.103 0.3672
-63.5268 0.3604
-63.9505 0.3536
-64.3743 0.3468
-64.7981 0.34
-65.2218 0.3332
-65.6456 0.3264
-66.0693 0.3196
-66.4931 0.3128
-66.9169 0.306
-67.3406 0.2992
-67.7644 0.2924
-68.1882 0.2856
-68.6119 0.2788
-69.0357 0.272
-69.4594 0.2652
-69.8832 0.2584
-70.307 0.2516
-70.7307 0.2448
-71.1545 0.238
-71.5782 0.2312
-72.002 0.2244
-72.4258 0.2176
-72.8495 0.2108
-73.2733 0.204
-73.6971 0.1972
-74.1208 0.1904
-74.5446 0.1836
-74.9683 0.1768
-75.3921 0.17
-75.8159 0.1632
-76.2396 0.1564
-76.6634 0.1496
-77.0872 0.1428
-77.5109 0.136
-77.9347 0.1292
-78.3584 0.1224
-78.7822 0.1156
-79.206 0.1088
-79.6297 0.102
-80.0535 0.0952
-80.4772 0.0884
-80.901 0.0816
-81.3248 0.0748
-81.7485 0.068
-82.1723 0.0612
-82.5961 0.0544
-83.0198 0.0476
-83.4436 0.0408
-83.8673 0.034
-84.2911 0.0272
-84.7149 0.0204
-85.1386 0.0136
-85.5624 0.0068
-85.9861 -8.60423e-16
-86.4099 -0.0068
-86.8337 -0.0136
-87.2574 -0.0204
-87.6812 -0.0272
-88.105 -0.034
-88.5287 -0.0408
-88.9525 -0.0476
-89.3762 -0.0544
-89.8 -0.0612
-90.2238 -0.068
-90.6475 -0.0748
-91.0713 -0.0816
-91.495 -0.0884
-91.9188 -0.0952
-92.3426 -0.102
-92.7663 -0.1088
-93.1901 -0.1156
-93.6139 -0.1224
-94.0376 -0.1292
-94.4614 -0.136
-94.8851 -0.1428
-95.3089 -0.1496
-95.7327 -0.1564
-96.1564 -0.1632
-96.5802 -0.17
-97.0039 -0.1768
-97.4277 -0.1836
-97.8515 -0.1904
-98.2752 -0.1972
-98.699 -0.204
-99.1228 -0.2108
-99.5465 -0.2176
-99.9703 -0.2244
-100.394 -0.2312
-100.818 -0.238
-101.242 -0.2448
-101.665 -0.2516
-102.089 -0.2584
-102.513 -0.2652
-102.937 -0.272
-103.36 -0.2788
-103.784 -0.2856
-104.208 -0.2924
-104.632 -0.2992
-105.055 -0.306
-105.479 -0.3128
-105.903 -0.3196
-106.327 -0.3264
-106.75 -0.3332
-107.174 -0.34
-107.598 -0.3468
-108.022 -0.3536
-108.446 -0.3604
-108.869 -0.3672
-109.293 -0.374
-109.717 -0.3808
-110.141 -0.3876
-110.564 -0.3944
-110.988 -0.4012
-111.412 -0.408
-111.684 -0.4148
-111.915 -0.4216
-112.147 -0.4284
-112.378 -0.4352
-112.609 -0.442
-112.84 -0.4488
-113.071 -0.4556
-113.302 -0.4624
-113.533 -0.4692
-113.765 -0.476
-113.996 -0.4828
-114.227 -0.4896
-114.458 -0.4964
-114.689 -0.5032
-114.92 -0.51
-115.151 -0.5168
-115.383 -0.5236
-115.614 -0.5304
-115.845 -0.5372
-116.076 -0.544
-116.307 -0.5508
-116.538 -0.5576
-116.769 -0.5644
-117.001 -0.5712
-117.762 -0.578
-118.537 -0.5848
-119.311 -0.5916
-120.086 -0.5984
-120.86 -0.6052
-121.635 -0.612
-122.409 -0.6188
-123.184 -0.6256
-123.958 -0.6324
-124.733 -0.6392
-125.507 -0.646
-126.281 -0.6528
-127.056 -0.6596
-127.83 -0.6664
-128.605 -0.6732
-129.379 -0.68
-130.154 -0.6868
-130.928 -0.6936
-131.703 -0.7004
-132.477 -0.7072
-133.252 -0.714
-134.026 -0.7208
-134.801 -0.7276
-135.575 -0.7344
-136.35 -0.7412
-137.124 -0.748
-137.898 -0.7548
-138.673 -0.7616
-139.447 -0.7684
-140.222 -0.7752
-140.996 -0.782
-141.771 -0.7888
-142.545 -0.7956
-143.32 -0.8024
-144.094 -0.8092
-144.869 -0.816
-145.643 -0.8228
-146.418 -0.8296
-147.192 -0.8364
-147.967 -0.8432
-148.741 -0.85
-149.516 -0.8568
-150.29 -0.8636
-151.064 -0.8704
-151.839 -0.8772
-152.613 -0.884
-153.388 -0.8908
-154.162 -0.8976
-154.937 -0.9044
-155.711 -0.9112
-156.486 -0.918
-157.26 -0.9248
-158.035 -0.9316
-158.809 -0.9384
-159.584 -0.9452
-160.358 -0.952
-161.133 -0.9588
-161.907 -0.9656
-162.681 -0.9724
-163.456 -0.9792
-164.23 -0.986
-165.005 -0.9928
-165.779 -0.9996
-166.554 -1.0064
-167.328 -1.0132
-168.103 -1.02
-168.877 -1.0268
-169.652 -1.0336
-170.426 -1.0404
-171.201 -1.0472
-171.975 -1.054
-172.75 -1.0608
-173.524 -1.0676
-174.299 -1.0744
-175.073 -1.0812
-175.847 -1.088
-176.622 -1.0948
-177.396 -1.1016
-178.171 -1.1084
-178.945 -1.1152
-179.72 -1.122
-180.494 -1.1288
-181.269 -1.1356
-182.043 -1.1424
-182.818 -1.1492
-183.592 -1.156
-184.367 -1.1628
-185.141 -1.1696
-185.916 -1.1764
-186.69 -1.1832
-187.465 -1.19
-188.239 -1.1968
-189.013 -1.2036
-189.788 -1.2104
-190.562 -1.2172
-191.337 -1.224
-192.111 -1.2308
-192.886 -1.2376
-193.66 -1.2444
-194.435 -1.2512
-195.209 -1.258
-195.984 -1.2648
-196.758 -1.2716
-197.533 -1.2784
-198.307 -1.2852
-199.082 -1.292
-199.856 -1.2988
-200.63 -1.3056
-201.405 -1.3124
-202.179 -1.3192
-202.954 -1.326
-203.728 -1.3328
-204.503 -1.3396
-205.277 -1.3464
-206.052 -1.3532
-206.826 -1.36
-207.601 -1.3668
-203.018 -1.36
-198.436 -1.3532
-193.853 -1.3464
-189.271 -1.3396
-184.689 -1.3328
-180.106 -1.326
-175.524 -1.3192
-170.941 -1.3124
-166.359 -1.3056
-161.777 -1.2988
-157.194 -1.292
-152.612 -1.2852
-148.029 -1.2784
-143.447 -1.2716
-138.864 -1.2648
-134.282 -1.258
-129.7 -1.2512
-125.117 -1.2444
-120.535 -1.2376
-115.952 -1.2308
-111.37 -1.224
-106.788 -1.2172
-102.205 -1.2104
-97.6228 -1.2036
-93.0404 -1.1968
-88.4579 -1.19
-83.8755 -1.1832
-81.0362 -1.1764
-78.6558 -1.1696
-76.2755 -1.1628
-73.8951 -1.156
-71.5148 -1.1492
-69.1344 -1.1424
-66.7541 -1.1356
-64.3737 -1.1288
-61.9934 -1.122
-59.613 -1.1152
-57.2327 -1.1084
-54.8523 -1.1016
-52.472 -1.0948
-50.0916 -1.088
-47.7113 -1.0812
-45.3309 -1.0744
-42.9506 -1.0676
-40.5702 -1.0608
-38.1899 -1.054
-35.8095 -1.0472
-34.546 -1.0404
-33.3177 -1.0336
-32.0895 -1.0268
-30.8612 -1.02
-29.633 -1.0132
-28.4047 -1.0064
-27.1765 -0.9996
-25.9483 -0.9928
-24.72 -0.986
-23.4918 -0.9792
-22.2635 -0.9724
-21.0353 -0.9656
-19.807 -0.9588
-18.5788 -0.952
-17.3506 -0.9452
-16.1223 -0.9384
-14.8941 -0.9316
-13.6658 -0.9248
-12.4376 -0.918
-11.2093 -0.9112
-9.98109 -0.9044
-8.75285 -0.8976
-7.5246 -0.8908
-6.29636 -0.884
-5.06812 -0.8772
-3.83987 -0.8704
-2.61163 -0.8636
-1.38339 -0.8568
-0.155143 -0.85
1.0731 -0.8432
2.30134 -0.8364
3.52959 -0.8296
4.75783 -0.8228
5.98607 -0.816
7.21432 -0.8092
8.44256 -0.8024
9.6708 -0.7956
10.899 -0.7888
12.1273 -0.782
13.3555 -0.7752
14.5838 -0.7684
15.812 -0.7616
17.0403 -0.7548
18.2685 -0.748
19.4968 -0.7412
20.725 -0.7344
21.9532 -0.7276
23.1815 -0.7208
24.4097 -0.714
25.638 -0.7072
26.8662 -0.7004
28.0945 -0.6936
29.3227 -0.6868
30.2709 -0.68
31.1622 -0.6732
32.0535 -0.6664
32.9447 -0.6596
33.836 -0.6528
34.7272 -0.646
35.6185 -0.6392
36.5097 -0.6324
37.401 -0.6256
38.2922 -0.6188
39.1835 -0.612
40.0747 -0.6052
40.966 -0.5984
41.8573 -0.5916
42.7485 -0.5848
43.6398 -0.578
44.531 -0.5712
45.4223 -0.5644
46.3135 -0.5576
47.2048 -0.5508
48.096 -0.544
48.9873 -0.5372
49.8785 -0.5304
50.7698 -0.5236
51.6611 -0.5168
52.5523 -0.51
53.4436 -0.5032
54.3348 -0.4964
55.2261 -0.4896
55.8916 -0.4828
56.3153 -0.476
56.7391 -0.4692
57.1629 -0.4624
57.5867 -0.4556
58.0105 -0.4488
58.4342 -0.442
58.858 -0.4352
59.2818 -0.4284
59.7056 -0.4216
60.1294 -0.4148
60.5531 -0.408
60.9769 -0.4012
61.4007 -0.3944
61.8245 -0.3876
62.2483 -0.3808
62.672 -0.374
63.0958 -0.3672
63.5196 -0.3604
63.9434 -0.3536
64.3672 -0.3468
64.7909 -0.34
65.2147 -0.3332
65.6385 -0.3264
66.0623 -0.3196
66.4861 -0.3128
66.9098 -0.306
67.3336 -0.2992
67.7574 -0.2924
68.1812 -0.2856
68.605 -0.2788
69.0287 -0.272
69.4525 -0.2652
69.8763 -0.2584
70.3001 -0.2516
70.7239 -0.2448
71.1476 -0.238
71.5714 -0.2312
71.9952 -0.2244
72.419 -0.2176
72.8428 -0.2108
73.2665 -0.204
73.6903 -0.1972
74.1141 -0.1904
74.5379 -0.1836
74.9617 -0.1768
75.3854 -0.17
75.8092 -0.1632
76.233 -0.1564
76.6568 -0.1496
77.0805 -0.1428
77.5043 -0.136
77.9281 -0.1292
78.3519 -0.1224
78.7757 -0.1156
79.1994 -0.1088
79.6232 -0.102
80.047 -0.0952
80.4708 -0.0884
80.8946 -0.0816
81.3183 -0.0748
81.7421 -0.068
82.1659 -0.0612
82.5897 -0.0544
83.0135 -0.0476
83.4372 -0.0408
83.861 -0.034
84.2848 -0.0272
84.7086 -0.0204
85.1324 -0.0136
85.5561 -0.0068
85.9799 -5.82867e-16
86.4037 0.0068
86.8275 0.0136
87.2513 0.0204
87.675 0.0272
88.0988 0.034
88.5226 0.0408
88.9464 0.0476
89.3702 0.0544
89.7939 0.0612
90.2177 0.068
90.6415 0.0748
91.0653 0.0816
91.4891 0.0884
91.9128 0.0952
92.3366 0.102
92.7604 0.1088
93.1842 0.1156
93.608 0.1224
94.0317 0.1292
94.4555 0.136
94.8793 0.1428
95.3031 0.1496
95.7269 0.1564
96.1506 0.1632
96.5744 0.17
96.9982 0.1768
97.422 0.1836
97.8458 0.1904
98.2695 0.1972
98.6933 0.204
99.1171 0.2108
99.5409 0.2176
99.9647 0.2244
100.388 0.2312
100.812 0.238
101.236 0.2448
101.66 0.2516
102.084 0.2584
102.507 0.2652
102.931 0.272
103.355 0.2788
103.779 0.2856
104.202 0.2924
104.626 0.2992
105.05 0.306
105.474 0.3128
105.898 0.3196
106.321 0.3264
106.745 0.3332
107.169 0.34
107.593 0.3468
108.016 0.3536
108.44 0.3604
108.864 0.3672
109.288 0.374
109.712 0.3808
110.135 0.3876
110.559 0.3944
110.983 0.4012
111.407 0.408
111.682 0.4148
111.913 0.4216
112.144 0.4284
112.375 0.4352
112.606 0.442
112.837 0.4488
113.069 0.4556
113.3 0.4624
113.531 0.4692
113.762 0.476
113.993 0.4828
114.224 0.4896
114.455 0.4964
114.687 0.5032
114.918 0.51
115.149 0.5168
115.38 0.5236
115.611 0.5304
115.842 0.5372
116.074 0.544
116.305 0.5508
116.536 0.5576
116.767 0.5644
116.998 0.5712
117.723 0.578
118.498 0.5848
119.272 0.5916
120.047 0.5984
120.821 0.6052
121.596 0.612
122.371 0.6188
123.145 0.6256
123.92 0.6324
124.694 0.6392
125.469 0.646
126.244 0.6528
127.018 0.6596
127.793 0.6664
128.567 0.6732
129.342 0.68
130.117 0.6868
130.891 0.6936
131.666 0.7004
132.44 0.7072
133.215 0.714
133.99 0.7208
134.764 0.7276
135.539 0.7344
136.313 0.7412
137.088 0.748
137.863 0.7548
138.637 0.7616
139.412 0.7684
140.186 0.7752
140.961 0.782
141.736 0.7888
142.51 0.7956
143.285 0.8024
144.059 0.8092
144.834 0.816
145.609 0.8228
146.383 0.8296
147.158 0.8364
147.933 0.8432
148.707 0.85
149.482 0.8568
150.256 0.8636
151.031 0.8704
151.806 0.8772
152.58 0.884
153.355 0.8908
154.129 0.8976
154.904 0.9044
155.679 0.9112
156.453 0.918
157.228 0.9248
158.002 0.9316
158.777 0.9384
159.552 0.9452
160.326 0.952
161.101 0.9588
161.875 0.9656
162.65 0.9724
163.425 0.9792
164.199 0.986
164.974 0.9928
165.748 0.9996
166.523 1.0064
167.298 1.0132
168.072 1.02
168.847 1.0268
169.621 1.0336
170.396 1.0404
171.171 1.0472
171.945 1.054
172.72 1.0608
173.494 1.0676
174.269 1.0744
175.044 1.0812
175.818 1.088
176.593 1.0948
177.367 1.1016
178.142 1.1084
178.917 1.1152
179.691 1.122
180.466 1.1288
181.24 1.1356
182.015 1.1424
182.79 1.1492
183.564 1.156
184.339 1.1628
185.113 1.1696
185.888 1.1764
186.663 1.1832
187.437 1.19
188.212 1.1968
188.986 1.2036
189.761 1.2104
190.536 1.2172
191.31 1.224
192.085 1.2308
192.859 1.2376
193.634 1.2444
194.409 1.2512
195.183 1.258
195.958 1.2648
196.732 1.2716
197.507 1.2784
198.282 1.2852
199.056 1.292
199.831 1.2988
200.605 1.3056
201.38 1.3124
202.155 1.3192
202.929 1.326
203.704 1.3328
204.478 1.3396
205.253 1.3464
206.028 1.3532
206.802 1.36
207.577 1.3668
207.986 1.3736
208.395 1.3804
208.804 1.3872
209.213 1.394
209.622 1.4008
210.031 1.4076
210.44 1.4144
210.849 1.4212
211.257 1.428
211.666 1.4348
212.075 1.4416
212.484 1.4484
212.893 1.4552
213.302 1.462
213.711 1.4688
214.12 1.4756
214.529 1.4824
214.938 1.4892
215.347 1.496
215.756 1.5028
216.165 1.5096
216.574 1.5164
216.983 1.5232
217.392 1.53
217.8 1.5368
218.208 1.5436
218.615 1.5504
219.023 1.5572
219.431 1.564
219.839 1.5708
220.247 1.5776
220.655 1.5844
221.063 1.5912
221.47 1.598
221.878 1.6048
222.286 1.6116
222.694 1.6184
223.102 1.6252
223.509 1.632
223.917 1.6388
224.325 1.6456
224.733 1.6524
225.14 1.6592
225.548 1.666
225.956 1.6728
226.364 1.6796
226.771 1.6864
227.179 1.6932
227.587 1.7
227.995 1.7068
228.402 1.7136
228.81 1.7204
229.218 1.7272
229.625 1.734
230.033 1.7408
230.441 1.7476
230.848 1.7544
231.256 1.7612
231.664 1.768
232.071 1.7748
232.479 1.7816
232.887 1.7884
233.294 1.7952
233.702 1.802
234.109 1.8088
234.517 1.8156
234.925 1.8224
235.332 1.8292
235.74 1.836
236.147 1.8428
236.555 1.8496
236.962 1.8564
237.37 1.8632
237.777 1.87
238.185 1.8768
238.592 1.8836
239 1.8904
239.407 1.8972
239.815 1.904
240.222 1.9108
240.63 1.9176
241.037 1.9244
241.445 1.9312
241.852 1.938
242.26 1.9448
242.667 1.9516
243.075 1.9584
243.482 1.9652
243.89 1.972
244.297 1.9788
244.704 1.9856
245.112 1.9924
245.519 1.9992
245.927 2.006
246.334 2.0128
246.741 2.0196
247.149 2.0264
247.556 2.0332
247.963 2.04
248.371 2.0468
243.788 2.04
239.206 2.0332
234.623 2.0264
230.041 2.0196
225.459 2.0128
220.876 2.006
216.294 1.9992
211.711 1.9924
207.129 1.9856
202.547 1.9788
197.964 1.972
193.382 1.9652
188.799 1.9584
184.217 1.9516
179.634 1.9448
175.052 1.938
170.47 1.9312
165.887 1.9244
161.305 1.9176
156.722 1.9108
152.14 1.904
147.558 1.8972
142.975 1.8904
138.393 1.8836
133.81 1.8768
129.228 1.87
124.646 1.8632
120.063 1.8564
115.481 1.8496
110.898 1.8428
106.316 1.836
101.733 1.8292
97.151 1.8224
92.5686 1.8156
87.9862 1.8088
83.4038 1.802
78.8214 1.7952
74.239 1.7884
69.6566 1.7816
65.0742 1.7748
60.4917 1.768
57.8919 1.7612
56.6823 1.7544
55.4726 1.7476
54.4411 1.7408
53.5091 1.734
52.5772 1.7272
51.6452 1.7204
50.7132 1.7136
49.7813 1.7068
48.8493 1.7
47.9173 1.6932
46.9854 1.6864
46.0534 1.6796
45.1214 1.6728
44.1895 1.666
43.2575 1.6592
42.3255 1.6524
41.3936 1.6456
40.4616 1.6388
39.5296 1.632
38.5977 1.6252
37.6657 1.6184
36.7337 1.6116
35.8018 1.6048
34.8698 1.598
33.9378 1.5912
33.0059 1.5844
32.0739 1.5776
31.1419 1.5708
30.21 1.564
29.278 1.5572
28.346 1.5504
27.4141 1.5436
26.4821 1.5368
25.5501 1.53
24.6182 1.5232
23.6862 1.5164
22.7542 1.5096
21.8222 1.5028
20.8903 1.496
19.9583 1.4892
19.0263 1.4824
18.0944 1.4756
17.1624 1.4688
16.2304 1.462
15.2985 1.4552
14.3665 1.4484
13.4345 1.4416
12.5026 1.4348
11.5706 1.428
10.6386 1.4212
9.70667 1.4144
8.7747 1.4076
7.84274 1.4008
6.91077 1.394
5.9788 1.3872
5.04683 1.3804
4.11487 1.3736
3.1829 1.3668
2.25093 1.36
1.31897 1.3532
0.386998 1.3464
-0.54497 1.3396
-1.47694 1.3328
-2.4089 1.326
-3.34087 1.3192
-4.27284 1.3124
-5.20481 1.3056
-6.13677 1.2988
-7.06874 1.292
-8.00071 1.2852
-8.93268 1.2784
-9.86464 1.2716
-10.7966 1.2648
-11.7286 1.258
-12.6605 1.2512
-13.5925 1.2444
-14.5245 1.2376
-15.4564 1.2308
-16.3884 1.224
-17.3204 1.2172
-18.2524 1.2104
-19.1843 1.2036
-20.1163 1.1968
-21.0483 1.19
-21.9802 1.1832
-22.9122 1.1764
-23.8442 1.1696
-24.7761 1.1628
-25.7081 1.156
-26.6401 1.1492
-27.572 1.1424
-28.504 1.1356
-29.436 1.1288
-30.3679 1.122
-31.2999 1.1152
-32.2319 1.1084
-33.1638 1.1016
-34.0958 1.0948
-35.0278 1.088
-35.9597 1.0812
-36.8917 1.0744
-37.8237 1.0676
-38.7556 1.0608
-39.6876 1.054
-40.6196 1.0472
-41.5515 1.0404
-42.0457 1.0336
-42.4559 1.0268
-42.8049 1.02
-43.1539 1.0132
-43.5029 1.0064
-43.8519 0.9996
-44.2009 0.9928
-44.5499 0.986
-44.8989 0.9792
-45.2479 0.9724
-45.5969 0.9656
-45.9459 0.9588
-46.2949 0.952
-46.6439 0.9452
-46.9929 0.9384
-47.3419 0.9316
-47.6909 0.9248
-48.0398 0.918
-48.3888 0.9112
-48.7378 0.9044
-49.0868 0.8976
-49.4358 0.8908
-49.7848 0.884
-50.1338 0.8772
-50.4828 0.8704
-50.8318 0.8636
-51.1808 0.8568
-51.5298 0.85
-51.8788 0.8432
-52.2278 0.8364
-52.5768 0.8296
-52.9258 0.8228
-53.2748 0.816
-53.6238 0.8092
-53.9728 0.8024
-54.3217 0.7956
-54.6707 0.7888
-55.0197 0.782
-55.3687 0.7752
-55.7177 0.7684
-56.0667 0.7616
-56.4157 0.7548
-56.7647 0.748
-57.1137 0.7412
-57.4627 0.7344
-57.8117 0.7276
-58.1607 0.7208
-58.5097 0.714
-58.8587 0.7072
-59.2077 0.7004
-59.5567 0.6936
-59.9057 0.6868
-60.2547 0.68
-60.6037 0.6732
-60.9526 0.6664
-61.3016 0.6596
-61.6506 0.6528
-61.9996 0.646
-62.3486 0.6392
-62.6976 0.6324
-63.0466 0.6256
-63.3956 0.6188
-63.7446 0.612
-64.0936 0.6052
-64.4426 0.5984
-64.7916 0.5916
-65.1406 0.5848
-65.4896 0.578
-65.8386 0.5712
-66.1876 0.5644
-66.5366 0.5576
-66.8856 0.5508
-67.2345 0.544
-67.5835 0.5372
-67.9325 0.5304
-68.2815 0.5236
-68.6305 0.5168
-68.9795 0.51
-69.3285 0.5032
-69.6775 0.4964
-70.0265 0.4896
-70.3755 0.4828
-70.7245 0.476
-71.0735 0.4692
-71.4225 0.4624
-71.7715 0.4556
-72.1205 0.4488
-72.4695 0.442
-72.8185 0.4352
-73.1675 0.4284
-73.5165 0.4216
-73.8654 0.4148
-74.2144 0.408
-74.5634 0.4012
-74.9124 0.3944
-75.2614 0.3876
-75.6104 0.3808
-75.9594 0.374
-76.3084 0.3672
-76.6574 0.3604
-77.0064 0.3536
-77.3554 0.3468
-77.7044 0.34
-78.0534 0.3332
-78.4024 0.3264
-78.7514 0.3196
-79.1004 0.3128
-79.4494 0.306
-79.7984 0.2992
-80.1473 0.2924
-80.4963 0.2856
-80.8453 0.2788
-81.1943 0.272
-81.5433 0.2652
-81.8923 0.2584
-82.2413 0.2516
-82.5903 0.2448
-82.9393 0.238
-83.2883 0.2312
-83.6373 0.2244
-83.9863 0.2176
-84.3353 0.2108
-84.6843 0.204
-85.0333 0.1972
-85.3823 0.1904
-85.7313 0.1836
-86.0803 0.1768
-86.4293 0.17
-86.7782 0.1632
-87.1272 0.1564
-87.4762 0.1496
-87.8252 0.1428
-88.1742 0.136
-88.5232 0.1292
-88.8722 0.1224
-89.2212 0.1156
-89.5702 0.1088
-89.9192 0.102
-90.2682 0.0952
-90.6172 0.0884
-90.9662 0.0816
-91.3152 0.0748
-91.6642 0.068
-92.0132 0.0612
-92.3622 0.0544
-92.7112 0.0476
-93.0601 0.0408
-93.4091 0.034
-93.7581 0.0272
-94.1071 0.0204
-94.4561 0.0136
-94.8051 0.0068
-95.1541 -4.16334e-16
-95.5031 -0.0068
-95.8521 -0.0136
-96.2011 -0.0204
-96.5501 -0.0272
-96.8991 -0.034
-97.2481 -0.0408
-97.5971 -0.0476
-97.9461 -0.0544
-98.2951 -0.0612
-98.6441 -0.068
-98.9931 -0.0748
-99.3421 -0.0816
-99.691 -0.0884
-100.04 -0.0952
-100.389 -0.102
-100.738 -0.1088
-101.087 -0.1156
-101.436 -0.1224
-101.785 -0.1292
-102.134 -0.136
-102.483 -0.1428
-102.832 -0.1496
-103.181 -0.1564
-103.53 -0.1632
-103.879 -0.17
-104.228 -0.1768
-104.577 -0.1836
-104.926 -0.1904
-105.275 -0.1972
-105.624 -0.204
-105.973 -0.2108
-106.322 -0.2176
-106.671 -0.2244
-107.02 -0.2312
-107.369 -0.238
-107.718 -0.2448
-108.067 -0.2516
-108.416 -0.2584
-108.765 -0.2652
-109.114 -0.272
-109.463 -0.2788
-109.812 -0.2856
-110.161 -0.2924
-110.51 -0.2992
-110.859 -0.306
-111.208 -0.3128
-111.557 -0.3196
-111.906 -0.3264
-112.255 -0.3332
-112.604 -0.34
-112.953 -0.3468
-113.28 -0.3536
-113.471 -0.3604
-113.661 -0.3672
-113.852 -0.374
-114.043 -0.3808
-114.234 -0.3876
-114.425 -0.3944
-114.615 -0.4012
-114.806 -0.408
-114.997 -0.4148
-115.188 -0.4216
-115.379 -0.4284
-115.569 -0.4352
-115.76 -0.442
-115.951 -0.4488
-116.142 -0.4556
-116.333 -0.4624
-116.523 -0.4692
-116.714 -0.476
-116.905 -0.4828
-117.096 -0.4896
-117.287 -0.4964
-117.477 -0.5032
-117.668 -0.51
-117.859 -0.5168
-118.05 -0.5236
-118.241 -0.5304
-118.431 -0.5372
-118.622 -0.544
-118.813 -0.5508
-119.004 -0.5576
-119.195 -0.5644
-119.385 -0.5712
-119.576 -0.578
-119.767 -0.5848
-119.958 -0.5916
-120.576 -0.5984
-121.347 -0.6052
-122.117 -0.612
-122.888 -0.6188
-123.659 -0.6256
-124.43 -0.6324
-125.2 -0.6392
-125.971 -0.646
-126.742 -0.6528
-127.513 -0.6596
-128.284 -0.6664
-129.054 -0.6732
-129.825 -0.68
-130.596 -0.6868
-131.367 -0.6936
-132.137 -0.7004
-132.908 -0.7072
-133.679 -0.714
-134.45 -0.7208
-135.22 -0.7276
-135.991 -0.7344
-136.762 -0.7412
-137.533 -0.748
-138.303 -0.7548
-139.074 -0.7616
-139.845 -0.7684
-140.616 -0.7752
-141.386 -0.782
-142.157 -0.7888
-142.928 -0.7956
-143.699 -0.8024
-144.469 -0.8092
-145.24 -0.816
-146.011 -0.8228
-146.782 -0.8296
-147.552 -0.8364
-148.323 -0.8432
-149.094 -0.85
-149.865 -0.8568
-150.635 -0.8636
-151.406 -0.8704
-152.177 -0.8772
-152.948 -0.884
-153.718 -0.8908
-154.489 -0.8976
-155.26 -0.9044
-156.031 -0.9112
-156.801 -0.918
-157.572 -0.9248
-158.343 -0.9316
-159.114 -0.9384
-159.884 -0.9452
-160.655 -0.952
-161.426 -0.9588
-162.197 -0.9656
-162.967 -0.9724
-163.738 -0.9792
-164.509 -0.986
-165.28 -0.9928
-166.05 -0.9996
-166.821 -1.0064
-167.592 -1.0132
-168.363 -1.02
-169.133 -1.0268
-169.904 -1.0336
-170.675 -1.0404
-171.446 -1.0472
-172.216 -1.054
-172.987 -1.0608
-173.758 -1.0676
-174.529 -1.0744
-175.299 -1.0812
-176.07 -1.088
-176.841 -1.0948
-177.612 -1.1016
-178.382 -1.1084
-179.153 -1.1152
-179.924 -1.122
-180.695 -1.1288
-181.465 -1.1356
-182.236 -1.1424
-183.007 -1.1492
-183.778 -1.156
-184.548 -1.1628
-185.319 -1.1696
-186.09 -1.1764
-186.861 -1.1832
-187.631 -1.19
-188.402 -1.1968
-189.173 -1.2036
-189.944 -1.2104
-190.714 -1.2172
-191.485 -1.224
-192.256 -1.2308
-193.027 -1.2376
-193.798 -1.2444
-194.568 -1.2512
-195.339 -1.258
-196.11 -1.2648
-196.881 -1.2716
-197.651 -1.2784
-198.422 -1.2852
-199.193 -1.292
-199.964 -1.2988
-200.734 -1.3056
-201.505 -1.3124
-202.276 -1.3192
-203.047 -1.326
-203.817 -1.3328
-204.588 -1.3396
-205.359 -1.3464
-206.13 -1.3532
-206.9 -1.36
-207.647 -1.3668
-208.056 -1.3736
-208.464 -1.3804
-208.873 -1.3872
-209.282 -1.394
-209.691 -1.4008
-210.099 -1.4076
-210.507 -1.4144
-210.915 -1.4212
-211.323 -1.428
-211.731 -1.4348
-212.139 -1.4416
-212.547 -1.4484
-212.955 -1.4552
-213.363 -1.462
-213.771 -1.4688
-214.179 -1.4756
-214.587 -1.4824
-214.995 -1.4892
-215.403 -1.496
-215.811 -1.5028
-216.219 -1.5096
-216.627 -1.5164
-217.035 -1.5232
-217.443 -1.53
-217.851 -1.5368
-218.258 -1.5436
-218.666 -1.5504
-219.074 -1.5572
-219.482 -1.564
-219.89 -1.5708
-220.298 -1.5776
-220.706 -1.5844
-221.113 -1.5912
-221.521 -1.598
-221.929 -1.6048
-222.337 -1.6116
-222.745 -1.6184
-223.152 -1.6252
-223.56 -1.632
-223.968 -1.6388
-224.376 -1.6456
-224.784 -1.6524
-225.191 -1.6592
-225.599 -1.666
-226.007 -1.6728
-226.415 -1.6796
-226.822 -1.6864
-227.23 -1.6932
-227.638 -1.7
-228.046 -1.7068
-228.453 -1.7136
-228.861 -1.7204
-229.269 -1.7272
-229.676 -1.734
-230.084 -1.7408
-230.492 -1.7476
-230.899 -1.7544
-231.307 -1.7612
-231.715 -1.768
-232.122 -1.7748
-232.53 -1.7816
-232.938 -1.7884
-233.345 -1.7952
-233.753 -1.802
-234.16 -1.8088
-234.568 -1.8156
-234.976 -1.8224
-235.383 -1.8292
-235.791 -1.836
-236.198 -1.8428
-236.606 -1.8496
-237.013 -1.8564
-237.421 -1.8632
-237.829 -1.87
-238.236 -1.8768
-238.644 -1.8836
-239.051 -1.8904
-239.459 -1.8972
-239.866 -1.904
-240.274 -1.9108
-240.681 -1.9176
-241.089 -1.9244
-241.496 -1.9312
-241.904 -1.938
-242.311 -1.9448
-242.718 -1.9516
-243.126 -1.9584
-243.533 -1.9652
-243.941 -1.972
-244.348 -1.9788
-244.756 -1.9856
-245.163 -1.9924
-245.57 -1.9992
-245.978 -2.006
-246.385 -2.0128
-246.793 -2.0196
-247.2 -2.0264
-247.607 -2.0332
-248.015 -2.04
-248.422 -2.0468
-243.84 -2.04
-239.257 -2.0332
-234.675 -2.0264
-230.092 -2.0196
-225.51 -2.0128
-220.928 -2.006
-216.345 -1.9992
-211.763 -1.9924
-207.18 -1.9856
-202.598 -1.9788
-198.015 -1.972
-193.433 -1.9652
-188.851 -1.9584
-184.268 -1.9516
-179.686 -1.9448
-175.103 -1.938
-170.521 -1.9312
-165.939 -1.9244
-161.356 -1.9176
-156.774 -1.9108
-152.191 -1.904
-147.609 -1.8972
-143.027 -1.8904
-138.444 -1.8836
-133.862 -1.8768
-129.279 -1.87
-124.697 -1.8632
-120.114 -1.8564
-115.532 -1.8496
-110.95 -1.8428
-106.367 -1.836
-101.785 -1.8292
-97.2024 -1.8224
-92.62 -1.8156
-88.0376 -1.8088
-83.4552 -1.802
-78.8727 -1.7952
-74.2903 -1.7884
-69.7079 -1.7816
-65.1255 -1.7748
-60.5775 -1.768
-58.0206 -1.7612
-57.0888 -1.7544
-56.157 -1.7476
-55.2252 -1.7408
-54.2934 -1.734
-53.3616 -1.7272
-52.4297 -1.7204
-51.4979 -1.7136
-50.5661 -1.7068
-49.6343 -1.7
-48.7025 -1.6932
-47.7707 -1.6864
-46.8389 -1.6796
-45.9071 -1.6728
-44.9753 -1.666
-44.0435 -1.6592
-43.1117 -1.6524
-42.1799 -1.6456
-41.248 -1.6388
-40.3162 -1.632
-39.3844 -1.6252
-38.4526 -1.6184
-37.5208 -1.6116
-36.589 -1.6048
-35.6572 -1.598
-34.7254 -1.5912
-33.7936 -1.5844
-32.8618 -1.5776
-31.93 -1.5708
-30.9981 -1.564
-30.0663 -1.5572
-29.1345 -1.5504
-28.2027 -1.5436
-27.2709 -1.5368
-26.3391 -1.53
-25.4073 -1.5232
-24.4755 -1.5164
-23.5437 -1.5096
-22.6119 -1.5028
-21.6801 -1.496
-20.7483 -1.4892
-19.8164 -1.4824
-18.8846 -1.4756
-17.9528 -1.4688
-17.021 -1.462
-16.0892 -1.4552
-15.1574 -1.4484
-14.2256 -1.4416
-13.2938 -1.4348
-12.362 -1.428
-11.4302 -1.4212
-10.4984 -1.4144
-9.56655 -1.4076
-8.63474 -1.4008
-7.70294 -1.394
-6.77113 -1.3872
-5.83932 -1.3804
-4.90751 -1.3736
-3.9757 -1.3668
-3.04389 -1.36
-2.11208 -1.3532
-1.18028 -1.3464
-0.248468 -1.3396
0.683341 -1.3328
1.61515 -1.326
2.54696 -1.3192
3.47877 -1.3124
4.41057 -1.3056
5.34238 -1.2988
6.27419 -1.292
7.206 -1.2852
8.13781 -1.2784
9.06962 -1.2716
10.0014 -1.2648
10.9332 -1.258
11.865 -1.2512
12.7969 -1.2444
13.7287 -1.2376
14.6605 -1.2308
15.5923 -1.224
16.5241 -1.2172
17.4559 -1.2104
18.3877 -1.2036
19.3195 -1.1968
20.2513 -1.19
21.1831 -1.1832
22.1149 -1.1764
23.0467 -1.1696
23.9786 -1.1628
24.9104 -1.156
25.8422 -1.1492
26.774 -1.1424
27.7058 -1.1356
28.6376 -1.1288
29.5694 -1.122
30.5012 -1.1152
31.433 -1.1084
32.3648 -1.1016
33.2966 -1.0948
34.2284 -1.088
35.1603 -1.0812
36.0921 -1.0744
37.0239 -1.0676
37.9557 -1.0608
38.8875 -1.054
39.8193 -1.0472
40.7511 -1.0404
41.5657 -1.0336
42 -1.0268
42.4337 -1.02
42.7366 -1.0132
43.0395 -1.0064
43.3424 -0.9996
43.6453 -0.9928
43.9482 -0.986
44.2511 -0.9792
44.554 -0.9724
44.8568 -0.9656
45.1597 -0.9588
45.4626 -0.952
45.7655 -0.9452
46.0684 -0.9384
46.3713 -0.9316
46.6742 -0.9248
46.9771 -0.918
47.28 -0.9112
47.5829 -0.9044
47.8858 -0.8976
48.1887 -0.8908
48.4915 -0.884
48.7944 -0.8772
49.0973 -0.8704
49.4002 -0.8636
49.7031 -0.8568
50.006 -0.85
50.3089 -0.8432
50.6118 -0.8364
50.9147 -0.8296
51.2176 -0.8228
51.5205 -0.816
51.8233 -0.8092
52.1262 -0.8024
52.4291 -0.7956
52.732 -0.7888
53.0349 -0.782
53.3378 -0.7752
53.6407 -0.7684
53.9436 -0.7616
54.2465 -0.7548
54.5494 -0.748
54.8523 -0.7412
55.1551 -0.7344
55.458 -0.7276
55.7609 -0.7208
56.0638 -0.714
56.3667 -0.7072
56.6696 -0.7004
56.9725 -0.6936
57.2754 -0.6868
57.5783 -0.68
57.8812 -0.6732
58.1841 -0.6664
58.487 -0.6596
58.7898 -0.6528
59.0927 -0.646
59.3956 -0.6392
59.6985 -0.6324
60.0014 -0.6256
60.3043 -0.6188
60.6072 -0.612
60.9101 -0.6052
61.213 -0.5984
61.5159 -0.5916
61.8188 -0.5848
62.1216 -0.578
62.4245 -0.5712
62.7274 -0.5644
63.0303 -0.5576
63.3332 -0.5508
63.6361 -0.544
63.939 -0.5372
64.2419 -0.5304
64.5448 -0.5236
64.8477 -0.5168
65.1506 -0.51
65.4535 -0.5032
65.7563 -0.4964
66.0592 -0.4896
66.3621 -0.4828
66.665 -0.476
66.9679 -0.4692
67.2708 -0.4624
67.5737 -0.4556
67.8766 -0.4488
68.1795 -0.442
68.4824 -0.4352
68.7853 -0.4284
69.0881 -0.4216
69.391 -0.4148
69.6939 -0.408
69.9968 -0.4012
70.2997 -0.3944
70.6026 -0.3876
70.9055 -0.3808
71.2084 -0.374
71.5113 -0.3672
71.8142 -0.3604
72.1171 -0.3536
72.4199 -0.3468
72.7228 -0.34
73.0257 -0.3332
73.3286 -0.3264
73.6315 -0.3196
73.9344 -0.3128
74.2373 -0.306
74.5402 -0.2992
74.8431 -0.2924
75.146 -0.2856
75.4489 -0.2788
75.7518 -0.272
76.0546 -0.2652
76.3575 -0.2584
76.6604 -0.2516
76.9633 -0.2448
77.2662 -0.238
77.5691 -0.2312
77.872 -0.2244
78.1749 -0.2176
78.4778 -0.2108
78.7807 -0.204
79.0836 -0.1972
79.3864 -0.1904
79.6893 -0.1836
79.9922 -0.1768
80.2951 -0.17
80.598 -0.1632
80.9009 -0.1564
81.2038 -0.1496
81.5067 -0.1428
81.8096 -0.136
82.1125 -0.1292
82.4154 -0.1224
82.7182 -0.1156
83.0211 -0.1088
83.324 -0.102
83.6269 -0.0952
83.9298 -0.0884
84.2327 -0.0816
84.5356 -0.0748
84.8385 -0.068
85.1414 -0.0612
85.4443 -0.0544
85.7472 -0.0476
86.0501 -0.0408
86.3529 -0.034
86.6558 -0.0272
86.9587 -0.0204
87.2616 -0.0136
87.5645 -0.0068
87.8674 -1.47105e-15
88.1703 0.0068
88.4732 0.0136
88.7761 0.0204
89.079 0.0272
89.3819 0.034
89.6847 0.0408
89.9876 0.0476
90.2905 0.0544
90.5934 0.0612
90.8963 0.068
91.1992 0.0748
91.5021 0.0816
91.805 0.0884
92.1079 0.0952
92.4108 0.102
92.7137 0.1088
93.0166 0.1156
93.3194 0.1224
93.6223 0.1292
93.9252 0.136
94.2281 0.1428
94.531 0.1496
94.8339 0.1564
95.1368 0.1632
95.4397 0.17
95.7426 0.1768
96.0455 0.1836
96.3484 0.1904
96.6512 0.1972
96.9541 0.204
97.257 0.2108
97.5599 0.2176
97.8628 0.2244
98.1657 0.2312
98.4686 0.238
98.7715 0.2448
99.0744 0.2516
99.3773 0.2584
99.6802 0.2652
99.983 0.272
100.286 0.2788
100.589 0.2856
100.892 0.2924
101.195 0.2992
101.498 0.306
101.8 0.3128
102.103 0.3196
102.406 0.3264
102.709 0.3332
103.012 0.34
103.315 0.3468
103.618 0.3536
103.921 0.3604
104.224 0.3672
104.526 0.374
104.829 0.3808
105.132 0.3876
105.435 0.3944
105.738 0.4012
106.041 0.408
106.344 0.4148
106.647 0.4216
106.95 0.4284
107.252 0.4352
107.555 0.442
107.858 0.4488
108.161 0.4556
108.464 0.4624
108.767 0.4692
109.07 0.476
109.373 0.4828
109.676 0.4896
109.978 0.4964
110.281 0.5032
110.584 0.51
110.887 0.5168
111.19 0.5236
111.493 0.5304
111.796 0.5372
112.099 0.544
112.402 0.5508
112.704 0.5576
113.007 0.5644
113.31 0.5712
113.613 0.578
113.916 0.5848
114.219 0.5916
114.522 0.5984
114.825 0.6052
115.128 0.612
115.43 0.6188
115.733 0.6256
116.036 0.6324
116.339 0.6392
116.642 0.646
116.945 0.6528
117.248 0.6596
118.223 0.6664
119.823 0.6732
121.423 0.68
123.023 0.6868
124.602 0.6936
125.224 0.7004
125.846 0.7072
126.468 0.714
127.091 0.7208
127.713 0.7276
128.335 0.7344
128.957 0.7412
129.58 0.748
130.202 0.7548
130.824 0.7616
131.446 0.7684
132.068 0.7752
132.691 0.782
133.313 0.7888
133.935 0.7956
134.557 0.8024
135.18 0.8092
135.802 0.816
136.424 0.8228
137.046 0.8296
137.669 0.8364
138.291 0.8432
138.913 0.85
139.535 0.8568
140.158 0.8636
140.78 0.8704
141.402 0.8772
142.024 0.884
142.647 0.8908
143.269 0.8976
143.891 0.9044
144.513 0.9112
145.136 0.918
145.758 0.9248
146.38 0.9316
147.002 0.9384
147.625 0.9452
148.247 0.952
148.869 0.9588
149.491 0.9656
150.114 0.9724
150.736 0.9792
151.358 0.986
151.98 0.9928
152.603 0.9996
153.225 1.0064
153.847 1.0132
154.469 1.02
155.092 1.0268
155.714 1.0336
156.336 1.0404
156.958 1.0472
157.581 1.054
158.203 1.0608
158.825 1.0676
159.447 1.0744
160.07 1.0812
160.692 1.088
161.314 1.0948
161.936 1.1016
162.558 1.1084
163.181 1.1152
163.803 1.122
164.425 1.1288
165.047 1.1356
165.67 1.1424
166.292 1.1492
166.914 1.156
167.536 1.1628
168.159 1.1696
168.781 1.1764
169.403 1.1832
170.025 1.19
170.648 1.1968
171.27 1.2036
171.892 1.2104
172.514 1.2172
173.137 1.224
173.759 1.2308
174.381 1.2376
175.003 1.2444
175.626 1.2512
176.248 1.258
176.87 1.2648
177.492 1.2716
178.115 1.2784
178.737 1.2852
179.359 1.292
179.981 1.2988
180.604 1.3056
181.226 1.3124
181.848 1.3192
182.47 1.326
183.093 1.3328
183.715 1.3396
184.337 1.3464
184.959 1.3532
185.582 1.36
186.204 1.3668
186.826 1.3736
187.448 1.3804
188.071 1.3872
188.693 1.394
189.315 1.4008
189.937 1.4076
190.559 1.4144
191.182 1.4212
191.804 1.428
192.426 1.4348
193.048 1.4416
193.671 1.4484
194.293 1.4552
194.915 1.462
195.537 1.4688
196.16 1.4756
196.782 1.4824
197.404 1.4892
198.026 1.496
198.649 1.5028
199.271 1.5096
199.893 1.5164
200.515 1.5232
201.138 1.53
201.76 1.5368
202.382 1.5436
203.004 1.5504
203.627 1.5572
204.249 1.564
204.871 1.5708
205.493 1.5776
206.116 1.5844
206.738 1.5912
207.36 1.598
207.982 1.6048
208.605 1.6116
209.227 1.6184
209.849 1.6252
210.471 1.632
211.094 1.6388
211.716 1.6456
212.338 1.6524
212.96 1.6592
213.583 1.666
214.205 1.6728
214.827 1.6796
215.449 1.6864
216.072 1.6932
216.694 1.7
217.316 1.7068
217.938 1.7136
218.561 1.7204
219.183 1.7272
219.805 1.734
220.427 1.7408
221.049 1.7476
221.672 1.7544
222.294 1.7612
222.916 1.768
223.538 1.7748
224.161 1.7816
224.783 1.7884
225.405 1.7952
226.027 1.802
226.65 1.8088
227.272 1.8156
227.894 1.8224
228.516 1.8292
229.139 1.836
229.761 1.8428
230.383 1.8496
231.005 1.8564
231.628 1.8632
232.25 1.87
232.872 1.8768
233.494 1.8836
234.117 1.8904
234.739 1.8972
235.361 1.904
235.983 1.9108
236.606 1.9176
237.228 1.9244
237.85 1.9312
238.472 1.938
239.095 1.9448
239.717 1.9516
240.339 1.9584
240.961 1.9652
241.584 1.972
242.206 1.9788
242.828 1.9856
243.45 1.9924
244.073 1.9992
244.695 2.006
245.317 2.0128
245.939 2.0196
246.562 2.0264
247.184 2.0332
247.806 2.04
248.414 2.0468
243.832 2.04
239.25 2.0332
234.667 2.0264
230.085 2.0196
225.502 2.0128
220.92 2.006
216.338 1.9992
211.755 1.9924
207.173 1.9856
202.59 1.9788
198.008 1.972
193.425 1.9652
188.843 1.9584
184.261 1.9516
179.678 1.9448
175.096 1.938
170.513 1.9312
165.931 1.9244
161.349 1.9176
156.766 1.9108
152.184 1.904
147.601 1.8972
143.019 1.8904
138.437 1.8836
133.854 1.8768
129.272 1.87
124.689 1.8632
120.107 1.8564
115.524 1.8496
110.942 1.8428
106.36 1.836
101.777 1.8292
97.1948 1.8224
92.6124 1.8156
88.03 1.8088
83.4476 1.802
78.8652 1.7952
74.2828 1.7884
69.7003 1.7816
65.1179 1.7748
60.5784 1.768
58.0181 1.7612
57.0863 1.7544
56.1545 1.7476
55.2227 1.7408
54.2908 1.734
53.359 1.7272
52.4272 1.7204
51.4953 1.7136
50.5635 1.7068
49.6317 1.7
48.6998 1.6932
47.768 1.6864
46.8362 1.6796
45.9043 1.6728
44.9725 1.666
44.0407 1.6592
43.1088 1.6524
42.177 1.6456
41.2452 1.6388
40.3133 1.632
39.3815 1.6252
38.4497 1.6184
37.5178 1.6116
36.586 1.6048
35.6542 1.598
34.7223 1.5912
33.7905 1.5844
32.8587 1.5776
31.9269 1.5708
30.995 1.564
30.0632 1.5572
29.1314 1.5504
28.1995 1.5436
27.2677 1.5368
26.3359 1.53
25.404 1.5232
24.4722 1.5164
23.5404 1.5096
22.6085 1.5028
21.6767 1.496
20.7449 1.4892
19.813 1.4824
18.8812 1.4756
17.9494 1.4688
17.0175 1.462
16.0857 1.4552
15.1539 1.4484
14.222 1.4416
13.2902 1.4348
12.3584 1.428
11.4265 1.4212
10.4947 1.4144
9.56288 1.4076
8.63105 1.4008
7.69922 1.394
6.76739 1.3872
5.83556 1.3804
4.90372 1.3736
3.97189 1.3668
3.04006 1.36
2.10823 1.3532
1.1764 1.3464
0.244564 1.3396
-0.687268 1.3328
-1.6191 1.326
-2.55093 1.3192
-3.48276 1.3124
-4.4146 1.3056
-5.34643 1.2988
-6.27826 1.292
-7.21009 1.2852
-8.14192 1.2784
-9.07376 1.2716
-10.0056 1.2648
-10.9374 1.258
-11.8693 1.2512
-12.8011 1.2444
-13.7329 1.2376
-14.6647 1.2308
-15.5966 1.224
-16.5284 1.2172
-17.4602 1.2104
-18.3921 1.2036
-19.3239 1.1968
-20.2557 1.19
-21.1876 1.1832
-22.1194 1.1764
-23.0512 1.1696
-23.9831 1.1628
-24.9149 1.156
-25.8467 1.1492
-26.7786 1.1424
-27.7104 1.1356
-28.6422 1.1288
-29.5741 1.122
-30.5059 1.1152
-31.4377 1.1084
-32.3696 1.1016
-33.3014 1.0948
-34.2332 1.088
-35.1651 1.0812
-36.0969 1.0744
-37.0287 1.0676
-37.9605 1.0608
-38.8924 1.054
-39.8242 1.0472
-40.756 1.0404
-41.5702 1.0336
-42.0046 1.0268
-42.4364 1.02
-42.7393 1.0132
-43.0422 1.0064
-43.345 0.9996
-43.6479 0.9928
-43.9508 0.986
-44.2536 0.9792
-44.5565 0.9724
-44.8593 0.9656
-45.1622 0.9588
-45.4651 0.952
-45.7679 0.9452
-46.0708 0.9384
-46.3737 0.9316
-46.6765 0.9248
-46.9794 0.918
-47.2823 0.9112
-47.5851 0.9044
-47.888 0.8976
-48.1909 0.8908
-48.4937 0.884
-48.7966 0.8772
-49.0994 0.8704
-49.4023 0.8636
-49.7052 0.8568
-50.008 0.85
-50.3109 0.8432
-50.6138 0.8364
-50.9166 0.8296
-51.2195 0.8228
-51.5224 0.816
-51.8252 0.8092
-52.1281 0.8024
-52.4309 0.7956
-52.7338 0.7888
-53.0367 0.782
-53.3395 0.7752
-53.6424 0.7684
-53.9453 0.7616
-54.2481 0.7548
-54.551 0.748
-54.8539 0.7412
-55.1567 0.7344
-55.4596 0.7276
-55.7625 0.7208
-56.0653 0.714
-56.3682 0.7072
-56.671 0.7004
-56.9739 0.6936
-57.2768 0.6868
-57.5796 0.68
-57.8825 0.6732
-58.1854 0.6664
-58.4882 0.6596
-58.7911 0.6528
-59.094 0.646
-59.3968 0.6392
-59.6997 0.6324
-60.0025 0.6256
-60.3054 0.6188
-60.6083 0.612
-60.9111 0.6052
-61.214 0.5984
-61.5169 0.5916
-61.8197 0.5848
-62.1226 0.578
-62.4255 0.5712
-62.7283 0.5644
-63.0312 0.5576
-63.3341 0.5508
-63.6369 0.544
-63.9398 0.5372
-64.2426 0.5304
-64.5455 0.5236
-64.8484 0.5168
-65.1512 0.51
-65.4541 0.5032
-65.757 0.4964
-66.0598 0.4896
-66.3627 0.4828
-66.6656 0.476
-66.9684 0.4692
-67.2713 0.4624
-67.5741 0.4556
-67.877 0.4488
-68.1799 0.442
-68.4827 0.4352
-68.7856 0.4284
-69.0885 0.4216
-69.3913 0.4148
-69.6942 0.408
-69.9971 0.4012
-70.2999 0.3944
-70.6028 0.3876
-70.9057 0.3808
-71.2085 0.374
-71.5114 0.3672
-71.8142 0.3604
-72.1171 0.3536
-72.42 0.3468
-72.7228 0.34
-73.0257 0.3332
-73.3286 0.3264
-73.6314 0.3196
-73.9343 0.3128
-74.2372 0.306
-74.54 0.2992
-74.8429 0.2924
-75.1458 0.2856
-75.4486 0.2788
-75.7515 0.272
-76.0543 0.2652
-76.3572 0.2584
-76.6601 0.2516
-76.9629 0.2448
-77.2658 0.238
-77.5687 0.2312
-77.8715 0.2244
-78.1744 0.2176
-78.4773 0.2108
-78.7801 0.204
-79.083 0.1972
-79.3858 0.1904
-79.6887 0.1836
-79.9916 0.1768
-80.2944 0.17
-80.5973 0.1632
-80.9002 0.1564
-81.203 0.1496
-81.5059 0.1428
-81.8088 0.136
-82.1116 0.1292
-82.4145 0.1224
-82.7174 0.1156
-83.0202 0.1088
-83.3231 0.102
-83.6259 0.0952
-83.9288 0.0884
-84.2317 0.0816
-84.5345 0.0748
-84.8374 0.068
-85.1403 0.0612
-85.4431 0.0544
-85.746 0.0476
-86.0489 0.0408
-86.3517 0.034
-86.6546 0.0272
-86.9574 0.0204
-87.2603 0.0136
-87.5632 0.0068
-87.866 -2.7478e-15
-88.1689 -0.0068
-88.4718 -0.0136
-88.7746 -0.0204
-89.0775 -0.0272
-89.3804 -0.034
-89.6832 -0.0408
-89.9861 -0.0476
-90.289 -0.0544
-90.5918 -0.0612
-90.8947 -0.068
-91.1975 -0.0748
-91.5004 -0.0816
-91.8033 -0.0884
-92.1061 -0.0952
-92.409 -0.102
-92.7119 -0.1088
-93.0147 -0.1156
-93.3176 -0.1224
-93.6205 -0.1292
-93.9233 -0.136
-94.2262 -0.1428
-94.529 -0.1496
-94.8319 -0.1564
-95.1348 -0.1632
-95.4376 -0.17
-95.7405 -0.1768
-96.0434 -0.1836
-96.3462 -0.1904
-96.6491 -0.1972
-96.952 -0.204
-97.2548 -0.2108
-97.5577 -0.2176
-97.8606 -0.2244
-98.1634 -0.2312
-98.4663 -0.238
-98.7691 -0.2448
-99.072 -0.2516
-99.3749 -0.2584
-99.6777 -0.2652
-99.9806 -0.272
-100.283 -0.2788
-100.586 -0.2856
-100.889 -0.2924
-101.192 -0.2992
-101.495 -0.306
-101.798 -0.3128
-102.101 -0.3196
-102.404 -0.3264
-102.706 -0.3332
-103.009 -0.34
-103.312 -0.3468
-103.615 -0.3536
-103.918 -0.3604
-104.221 -0.3672
-104.524 -0.374
-104.826 -0.3808
-105.129 -0.3876
-105.432 -0.3944
-105.735 -0.4012
-106.038 -0.408
-106.341 -0.4148
-106.644 -0.4216
-106.946 -0.4284
-107.249 -0.4352
-107.552 -0.442
-107.855 -0.4488
-108.158 -0.4556
-108.461 -0.4624
-108.764 -0.4692
-109.067 -0.476
-109.369 -0.4828
-109.672 -0.4896
-109.975 -0.4964
-110.278 -0.5032
-110.581 -0.51
-110.884 -0.5168
-111.187 -0.5236
-111.489 -0.5304
-111.792 -0.5372
-112.095 -0.544
-112.398 -0.5508
-112.701 -0.5576
-113.004 -0.5644
-113.307 -0.5712
-113.609 -0.578
-113.912 -0.5848
-114.215 -0.5916
-114.518 -0.5984
-114.821 -0.6052
-115.124 -0.612
-115.427 -0.6188
-115.73 -0.6256
-116.032 -0.6324
-116.335 -0.6392
-116.638 -0.646
-116.941 -0.6528
-117.244 -0.6596
-118.228 -0.6664
-119.828 -0.6732
-121.427 -0.68
-123.027 -0.6868
-124.611 -0.6936
-125.233 -0.7004
-125.855 -0.7072
-126.478 -0.714
-127.1 -0.7208
-127.722 -0.7276
-128.344 -0.7344
-128.966 -0.7412
-129.588 -0.748
-130.21 -0.7548
-130.833 -0.7616
-131.455 -0.7684
-132.077 -0.7752
-132.699 -0.782
-133.321 -0.7888
-133.943 -0.7956
-134.566 -0.8024
-135.188 -0.8092
-135.81 -0.816
-136.432 -0.8228
-137.054 -0.8296
-137.676 -0.8364
-138.299 -0.8432
-138.921 -0.85
-139.543 -0.8568
-140.165 -0.8636
-140.787 -0.8704
-141.409 -0.8772
-142.032 -0.884
-142.654 -0.8908
-143.276 -0.8976
-143.898 -0.9044
-144.52 -0.9112
-145.142 -0.918
-145.765 -0.9248
-146.387 -0.9316
-147.009 -0.9384
-147.631 -0.9452
-148.253 -0.952
-148.875 -0.9588
-149.498 -0.9656
-150.12 -0.9724
-150.742 -0.9792
-151.364 -0.986
-151.986 -0.9928
-152.608 -0.9996
-153.231 -1.0064
-153.853 -1.0132
-154.475 -1.02
-155.097 -1.0268
-155.719 -1.0336
-156.341 -1.0404
-156.964 -1.0472
-157.586 -1.054
-158.208 -1.0608
-158.83 -1.0676
-159.452 -1.0744
-160.074 -1.0812
-160.697 -1.088
-161.319 -1.0948
-161.941 -1.1016
-162.563 -1.1084
-163.185 -1.1152
-163.807 -1.122
-164.43 -1.1288
-165.052 -1.1356
-165.674 -1.1424
-166.296 -1.1492
-166.918 -1.156
-167.54 -1.1628
-168.163 -1.1696
-168.785 -1.1764
-169.407 -1.1832
-170.029 -1.19
-170.651 -1.1968
-171.273 -1.2036
-171.896 -1.2104
-172.518 -1.2172
-173.14 -1.224
-173.762 -1.2308
-174.384 -1.2376
-175.006 -1.2444
-175.629 -1.2512
-176.251 -1.258
-176.873 -1.2648
-177.495 -1.2716
-178.117 -1.2784
-178.739 -1.2852
-179.362 -1.292
-179.984 -1.2988
-180.606 -1.3056
-181.228 -1.3124
-181.85 -1.3192
-182.472 -1.326
-183.095 -1.3328
-183.717 -1.3396
-184.339 -1.3464
-184.961 -1.3532
-185.583 -1.36
-186.205 -1.3668
-186.828 -1.3736
-187.45 -1.3804
-188.072 -1.3872
-188.694 -1.394
-189.316 -1.4008
-189.938 -1.4076
-190.561 -1.4144
-191.183 -1.4212
-191.805 -1.428
-192.427 -1.4348
-193.049 -1.4416
-193.671 -1.4484
-194.294 -1.4552
-194.916 -1.462
-195.538 -1.4688
-196.16 -1.4756
-196.782 -1.4824
-197.404 -1.4892
-198.027 -1.496
-198.649 -1.5028
-199.271 -1.5096
-199.893 -1.5164
-200.515 -1.5232
-201.137 -1.53
-201.76 -1.5368
-202.382 -1.5436
-203.004 -1.5504
-203.626 -1.5572
-204.248 -1.564
-204.87 -1.5708
-205.493 -1.5776
-206.115 -1.5844
-206.737 -1.5912
-207.359 -1.598
-207.981 -1.6048
-208.603 -1.6116
-209.226 -1.6184
-209.848 -1.6252
-210.47 -1.632
-211.092 -1.6388
-211.714 -1.6456
-212.336 -1.6524
-212.959 -1.6592
-213.581 -1.666
-214.203 -1.6728
-214.825 -1.6796
-215.447 -1.6864
-216.069 -1.6932
-216.692 -1.7
-217.314 -1.7068
-217.936 -1.7136
-218.558 -1.7204
-219.18 -1.7272
-219.802 -1.734
-220.425 -1.7408
-221.047 -1.7476
-221.669 -1.7544
-222.291 -1.7612
-222.913 -1.768
-223.535 -1.7748
-224.158 -1.7816
-224.78 -1.7884
-225.402 -1.7952
-226.024 -1.802
-226.646 -1.8088
-227.268 -1.8156
-227.891 -1.8224
-228.513 -1.8292
-229.135 -1.836
-229.757 -1.8428
-230.379 -1.8496
-231.001 -1.8564
-231.624 -1.8632
-232.246 -1.87
-232.868 -1.8768
-233.49 -1.8836
-234.112 -1.8904
-234.734 -1.8972
-235.357 -1.904
-235.979 -1.9108
-236.601 -1.9176
-237.223 -1.9244
-237.845 -1.9312
-238.467 -1.938
-239.09 -1.9448
-239.712 -1.9516
-240.334 -1.9584
-240.956 -1.9652
-241.578 -1.972
-242.2 -1.9788
-242.823 -1.9856
-243.445 -1.9924
-244.067 -1.9992
-244.689 -2.006
-245.311 -2.0128
-245.933 -2.0196
-246.556 -2.0264
-247.178 -2.0332
-247.8 -2.04
-248.422 -2.0468
-243.84 -2.04
-239.257 -2.0332
-234.675 -2.0264
-230.092 -2.0196
-225.51 -2.0128
-220.928 -2.006
-216.345 -1.9992
-211.763 -1.9924
-207.18 -1.9856
-202.598 -1.9788
-198.016 -1.972
-193.433 -1.9652
-188.851 -1.9584
-184.268 -1.9516
-179.686 -1.9448
-175.103 -1.938
-170.521 -1.9312
-165.939 -1.9244
-161.356 -1.9176
-156.774 -1.9108
-152.191 -1.904
-147.609 -1.8972
-143.027 -1.8904
-138.444 -1.8836
-133.862 -1.8768
-129.279 -1.87
-124.697 -1.8632
-120.114 -1.8564
-115.532 -1.8496
-110.95 -1.8428
-106.367 -1.836
-101.785 -1.8292
-97.2024 -1.8224
-92.62 -1.8156
-88.0376 -1.8088
-83.4552 -1.802
-78.8728 -1.7952
-74.2903 -1.7884
-69.7079 -1.7816
-65.1255 -1.7748
-60.5776 -1.768
-58.0209 -1.7612
-57.0891 -1.7544
-56.1573 -1.7476
-55.2255 -1.7408
-54.2937 -1.734
-53.3619 -1.7272
-52.4301 -1.7204
-51.4983 -1.7136
-50.5665 -1.7068
-49.6347 -1.7
-48.7029 -1.6932
-47.771 -1.6864
-46.8392 -1.6796
-45.9074 -1.6728
-44.9756 -1.666
-44.0438 -1.6592
-43.112 -1.6524
-42.1802 -1.6456
-41.2484 -1.6388
-40.3166 -1.632
-39.3848 -1.6252
-38.453 -1.6184
-37.5212 -1.6116
-36.5893 -1.6048
-35.6575 -1.598
-34.7257 -1.5912
-33.7939 -1.5844
-32.8621 -1.5776
-31.9303 -1.5708
-30.9985 -1.564
-30.0667 -1.5572
-29.1349 -1.5504
-28.2031 -1.5436
-27.2713 -1.5368
-26.3395 -1.53
-25.4076 -1.5232
-24.4758 -1.5164
-23.544 -1.5096
-22.6122 -1.5028
-21.6804 -1.496
-20.7486 -1.4892
-19.8168 -1.4824
-18.885 -1.4756
-17.9532 -1.4688
-17.0214 -1.462
-16.0896 -1.4552
-15.1577 -1.4484
-14.2259 -1.4416
-13.2941 -1.4348
-12.3623 -1.428
-11.4305 -1.4212
-10.4987 -1.4144
-9.5669 -1.4076
-8.63509 -1.4008
-7.70328 -1.394
-6.77147 -1.3872
-5.83966 -1.3804
-4.90786 -1.3736
-3.97605 -1.3668
-3.04424 -1.36
-2.11243 -1.3532
-1.18062 -1.3464
-0.248814 -1.3396
0.682995 -1.3328
1.6148 -1.326
2.54661 -1.3192
3.47842 -1.3124
4.41023 -1.3056
5.34204 -1.2988
6.27385 -1.292
7.20565 -1.2852
8.13746 -1.2784
9.06927 -1.2716
10.0011 -1.2648
10.9329 -1.258
11.8647 -1.2512
12.7965 -1.2444
13.7283 -1.2376
14.6601 -1.2308
15.5919 -1.224
16.5237 -1.2172
17.4555 -1.2104
18.3874 -1.2036
19.3192 -1.1968
20.251 -1.19
21.1828 -1.1832
22.1146 -1.1764
23.0464 -1.1696
23.9782 -1.1628
24.91 -1.156
25.8418 -1.1492
26.7736 -1.1424
27.7054 -1.1356
28.6372 -1.1288
29.5691 -1.122
30.5009 -1.1152
31.4327 -1.1084
32.3645 -1.1016
33.2963 -1.0948
34.2281 -1.088
35.1599 -1.0812
36.0917 -1.0744
37.0235 -1.0676
37.9553 -1.0608
38.8871 -1.054
39.819 -1.0472
40.7508 -1.0404
41.5655 -1.0336
41.9998 -1.0268
42.4336 -1.02
42.7365 -1.0132
43.0393 -1.0064
43.3422 -0.9996
43.6451 -0.9928
43.9479 -0.986
44.2508 -0.9792
44.5537 -0.9724
44.8565 -0.9656
45.1594 -0.9588
45.4623 -0.952
45.7651 -0.9452
46.068 -0.9384
46.3709 -0.9316
46.6737 -0.9248
46.9766 -0.918
47.2795 -0.9112
47.5823 -0.9044
47.8852 -0.8976
48.1881 -0.8908
48.4909 -0.884
48.7938 -0.8772
49.0967 -0.8704
49.3995 -0.8636
49.7024 -0.8568
50.0053 -0.85
50.3082 -0.8432
50.611 -0.8364
50.9139 -0.8296
51.2168 -0.8228
51.5196 -0.816
51.8225 -0.8092
52.1254 -0.8024
52.4282 -0.7956
52.7311 -0.7888
53.034 -0.782
53.3368 -0.7752
53.6397 -0.7684
53.9426 -0.7616
54.2454 -0.7548
54.5483 -0.748
54.8512 -0.7412
55.154 -0.7344
55.4569 -0.7276
55.7598 -0.7208
56.0626 -0.714
56.3655 -0.7072
56.6684 -0.7004
56.9712 -0.6936
57.2741 -0.6868
57.577 -0.68
57.8799 -0.6732
58.1827 -0.6664
58.4856 -0.6596
58.7885 -0.6528
59.0913 -0.646
59.3942 -0.6392
59.6971 -0.6324
59.9999 -0.6256
60.3028 -0.6188
60.6057 -0.612
60.9085 -0.6052
61.2114 -0.5984
61.5143 -0.5916
61.8171 -0.5848
62.12 -0.578
62.4229 -0.5712
62.7257 -0.5644
63.0286 -0.5576
63.3315 -0.5508
63.6343 -0.544
63.9372 -0.5372
64.2401 -0.5304
64.5429 -0.5236
64.8458 -0.5168
65.1487 -0.51
65.4516 -0.5032
65.7544 -0.4964
66.0573 -0.4896
66.3602 -0.4828
66.663 -0.476
66.9659 -0.4692
67.2688 -0.4624
67.5716 -0.4556
67.8745 -0.4488
68.1774 -0.442
68.4802 -0.4352
68.7831 -0.4284
69.086 -0.4216
69.3888 -0.4148
69.6917 -0.408
69.9946 -0.4012
70.2974 -0.3944
70.6003 -0.3876
70.9032 -0.3808
71.206 -0.374
71.5089 -0.3672
71.8118 -0.3604
72.1146 -0.3536
72.4175 -0.3468
72.7204 -0.34
73.0233 -0.3332
73.3261 -0.3264
73.629 -0.3196
73.9319 -0.3128
74.2347 -0.306
74.5376 -0.2992
74.8405 -0.2924
75.1433 -0.2856
75.4462 -0.2788
75.7491 -0.272
76.0519 -0.2652
76.3548 -0.2584
76.6577 -0.2516
76.9605 -0.2448
77.2634 -0.238
77.5663 -0.2312
77.8691 -0.2244
78.172 -0.2176
78.4749 -0.2108
78.7777 -0.204
79.0806 -0.1972
79.3835 -0.1904
79.6863 -0.1836
79.9892 -0.1768
80.2921 -0.17
80.595 -0.1632
80.8978 -0.1564
81.2007 -0.1496
81.5036 -0.1428
81.8064 -0.136
82.1093 -0.1292
82.4122 -0.1224
82.715 -0.1156
83.0179 -0.1088
83.3208 -0.102
83.6236 -0.0952
83.9265 -0.0884
84.2294 -0.0816
84.5322 -0.0748
84.8351 -0.068
85.138 -0.0612
85.4408 -0.0544
85.7437 -0.0476
86.0466 -0.0408
86.3494 -0.034
86.6523 -0.0272
86.9552 -0.0204
87.258 -0.0136
87.5609 -0.0068
87.8638 -2.96985e-15
88.1667 0.0068
