3.93116 0.015
7.86231 0.03
3.93116 0.015
1.57772e-30 0
-3.93116 -0.015
-7.86231 -0.03
-3.93116 -0.015
-1.13996e-24 4.03897e-28
3.93116 0.015
7.86231 0.03
3.93116 0.015
1.57772e-30 0
-3.93116 -0.015
-7.86231 -0.03
-3.93116 -0.015
-1.13996e-24 4.03897e-28
3.93116 0.015
7.86231 0.03
3.93116 0.015
1.57772e-30 0
-3.93116 -0.015
-7.86231 -0.03
-3.93116 -0.015
-1.13996e-24 4.03897e-28
3.93116 0.015
7.86231 0.03
11.7935 0.045
15.7246 0.06
11.7935 0.045
7.86231 0.03
3.93116 0.015
-1.13996e-24 0
-3.93116 -0.015
-7.86231 -0.03
-11.7935 -0.045
-15.7246 -0.06
-11.7935 -0.045
-7.86231 -0.03
-3.93116 -0.015
-4.99473e-18 0
3.93116 0.015
7.86231 0.03
11.7935 0.045
15.7246 0.06
11.7935 0.045
7.86231 0.03
3.93116 0.015
-2.27993e-24 0
-3.93116 -0.015
-7.86231 -0.03
-11.7935 -0.045
-15.7246 -0.06
-11.7935 -0.045
-7.86231 -0.03
-3.93116 -0.015
-4.99473e-18 0
3.93116 0.015
7.86231 0.03
11.7935 0.045
15.7246 0.06
11.7935 0.045
7.86231 0.03
3.93116 0.015
-2.27993e-24 0
-3.93116 -0.015
-7.86231 -0.03
-11.7935 -0.045
-15.7246 -0.06
-11.7935 -0.045
-7.86231 -0.03
-3.93116 -0.015
-4.99473e-18 0
3.93116 0.015
7.86231 0.03
11.7935 0.045
15.7246 0.06
19.6558 0.075
23.5869 0.09
27.5181 0.105
31.4493 0.12
35.3804 0.135
39.3116 0.15
43.2427 0.165
47.1739 0.18
43.2427 0.165
39.3116 0.15
35.3804 0.135
31.4493 0.12
27.5181 0.105
23.5869 0.09
19.6558 0.075
15.7246 0.06
11.7935 0.045
7.86231 0.03
3.93116 0.015
3.63426e-15 1.38778e-17
-3.93116 -0.015
-7.86231 -0.03
-11.7935 -0.045
-15.7246 -0.06
-19.6558 -0.075
-23.5869 -0.09
-27.5181 -0.105
-31.4493 -0.12
-35.3804 -0.135
-39.3116 -0.15
-43.2427 -0.165
-47.1739 -0.18
-43.2427 -0.165
-39.3116 -0.15
-35.3804 -0.135
-31.4493 -0.12
-27.5181 -0.105
-23.5869 -0.09
-19.6558 -0.075
-15.7246 -0.06
-11.7935 -0.045
-7.86231 -0.03
-3.93116 -0.015
1.09239e-14 4.16334e-17
3.93116 0.015
7.86231 0.03
11.7935 0.045
15.7246 0.06
19.6558 0.075
23.5869 0.09
27.5181 0.105
31.4493 0.12
35.3804 0.135
39.3116 0.15
43.2427 0.165
47.1739 0.18
43.2427 0.165
39.3116 0.15
35.3804 0.135
31.4493 0.12
27.5181 0.105
23.5869 0.09
19.6558 0.075
15.7246 0.06
11.7935 0.045
7.86231 0.03
3.93116 0.015
3.64758e-15 1.38778e-17
-3.93116 -0.015
-7.86231 -0.03
-11.7935 -0.045
-15.7246 -0.06
-19.6558 -0.075
-23.5869 -0.09
-27.5181 -0.105
-31.4493 -0.12
-35.3804 -0.135
-39.3116 -0.15
-43.2427 -0.165
-47.1739 -0.18
-43.2427 -0.165
-39.3116 -0.15
-35.3804 -0.135
-31.4493 -0.12
-27.5181 -0.105
-23.5869 -0.09
-19.6558 -0.075
-15.7246 -0.06
-11.7935 -0.045
-7.86231 -0.03
-3.93116 -0.015
1.09373e-14 4.16334e-17
3.93116 0.015
7.86231 0.03
11.7935 0.045
15.7246 0.06
19.6558 0.075
23.5869 0.09
27.5181 0.105
31.4493 0.12
35.3804 0.135
39.3116 0.15
43.2427 0.165
47.1739 0.18
43.2427 0.165
39.3116 0.15
35.3804 0.135
31.4493 0.12
27.5181 0.105
23.5869 0.09
19.6558 0.075
15.7246 0.06
11.7935 0.045
7.86231 0.03
3.93116 0.015
3.6609e-15 1.38778e-17
-3.93116 -0.015
-7.86231 -0.03
-11.7935 -0.045
-15.7246 -0.06
-19.6558 -0.075
-23.5869 -0.09
-27.5181 -0.105
-31.4493 -0.12
-35.3804 -0.135
-39.3116 -0.15
-43.2427 -0.165
-47.1739 -0.18
-43.2427 -0.165
-39.3116 -0.15
-35.3804 -0.135
-31.4493 -0.12
-27.5181 -0.105
-23.5869 -0.09
-19.6558 -0.075
-15.7246 -0.06
-11.7935 -0.045
-7.86231 -0.03
-3.93116 -0.015
1.09506e-14 4.16334e-17
3.93116 0.015
7.86231 0.03
11.7935 0.045
15.7246 0.06
19.6558 0.075
23.5869 0.09
27.5181 0.105
31.4493 0.12
35.3804 0.135
39.3116 0.15
43.2427 0.165
47.1739 0.18
51.105 0.195
55.0362 0.21
58.9674 0.225
62.8985 0.24
66.8297 0.255
70.7608 0.27
74.692 0.285
78.6231 0.3
74.692 0.285
70.7608 0.27
66.8297 0.255
62.8985 0.24
58.9674 0.225
55.0362 0.21
51.105 0.195
47.1739 0.18
43.2427 0.165
39.3116 0.15
35.3804 0.135
31.4493 0.12
27.5181 0.105
23.5869 0.09
19.6558 0.075
15.7246 0.06
11.7935 0.045
7.86231 0.03
3.93116 0.015
3.67422e-15 1.38778e-17
-3.93116 -0.015
-7.86231 -0.03
-11.7935 -0.045
-15.7246 -0.06
-19.6558 -0.075
-23.5869 -0.09
-27.5181 -0.105
-31.4493 -0.12
-35.3804 -0.135
-39.3116 -0.15
-43.2427 -0.165
-47.1739 -0.18
-51.105 -0.195
-55.0362 -0.21
-58.9674 -0.225
-62.8985 -0.24
-66.8297 -0.255
-70.7608 -0.27
-74.692 -0.285
-78.6231 -0.3
-74.692 -0.285
-70.7608 -0.27
-66.8297 -0.255
-62.8985 -0.24
-58.9674 -0.225
-55.0362 -0.21
-51.105 -0.195
-47.1739 -0.18
-43.2427 -0.165
-39.3116 -0.15
-35.3804 -0.135
-31.4493 -0.12
-27.5181 -0.105
-23.5869 -0.09
-19.6558 -0.075
-15.7246 -0.06
-11.7935 -0.045
-7.86231 -0.03
-3.93116 -0.015
7.49709e-21 4.16334e-17
3.93116 0.015
7.86231 0.03
11.7935 0.045
15.7246 0.06
19.6558 0.075
23.5869 0.09
27.5181 0.105
31.4493 0.12
35.3804 0.135
39.3116 0.15
43.2427 0.165
47.1739 0.18
51.105 0.195
55.0362 0.21
58.9674 0.225
62.8985 0.24
66.8297 0.255
70.7608 0.27
74.692 0.285
78.6231 0.3
74.692 0.285
70.7608 0.27
66.8297 0.255
62.8985 0.24
58.9674 0.225
55.0362 0.21
51.105 0.195
47.1739 0.18
43.2427 0.165
39.3116 0.15
35.3804 0.135
31.4493 0.12
27.5181 0.105
23.5869 0.09
19.6558 0.075
15.7246 0.06
11.7935 0.045
7.86231 0.03
3.93116 0.015
3.68754e-15 1.38778e-17
-3.93116 -0.015
-7.86231 -0.03
-11.7935 -0.045
-15.7246 -0.06
-19.6558 -0.075
-23.5869 -0.09
-27.5181 -0.105
-31.4493 -0.12
-35.3804 -0.135
-39.3116 -0.15
-43.2427 -0.165
-47.1739 -0.18
-51.105 -0.195
-55.0362 -0.21
-58.9674 -0.225
-62.8985 -0.24
-66.8297 -0.255
-70.7608 -0.27
-74.692 -0.285
-78.6231 -0.3
-74.692 -0.285
-70.7608 -0.27
-66.8297 -0.255
-62.8985 -0.24
-58.9674 -0.225
-55.0362 -0.21
-51.105 -0.195
-47.1739 -0.18
-43.2427 -0.165
-39.3116 -0.15
-35.3804 -0.135
-31.4493 -0.12
-27.5181 -0.105
-23.5869 -0.09
-19.6558 -0.075
-15.7246 -0.06
-11.7935 -0.045
-7.86231 -0.03
-3.93116 -0.015
7.50621e-21 4.16334e-17
3.93116 0.015
7.86231 0.03
11.7935 0.045
15.7246 0.06
19.6558 0.075
23.5869 0.09
27.5181 0.105
31.4493 0.12
35.3804 0.135
39.3116 0.15
43.2427 0.165
47.1739 0.18
51.105 0.195
55.0362 0.21
58.9674 0.225
62.8985 0.24
66.8297 0.255
70.7608 0.27
74.692 0.285
78.6231 0.3
74.692 0.285
70.7608 0.27
66.8297 0.255
62.8985 0.24
58.9674 0.225
55.0362 0.21
51.105 0.195
47.1739 0.18
43.2427 0.165
39.3116 0.15
35.3804 0.135
31.4493 0.12
27.5181 0.105
23.5869 0.09
19.6558 0.075
15.7246 0.06
11.7935 0.045
7.86231 0.03
3.93116 0.015
3.70086e-15 1.38778e-17
-3.93116 -0.015
-7.86231 -0.03
-11.7935 -0.045
-15.7246 -0.06
-19.6558 -0.075
-23.5869 -0.09
-27.5181 -0.105
-31.4493 -0.12
-35.3804 -0.135
-39.3116 -0.15
-43.2427 -0.165
-47.1739 -0.18
-51.105 -0.195
-55.0362 -0.21
-58.9674 -0.225
-62.8985 -0.24
-66.8297 -0.255
-70.7608 -0.27
-74.692 -0.285
-78.6231 -0.3
-74.692 -0.285
-70.7608 -0.27
-66.8297 -0.255
-62.8985 -0.24
-58.9674 -0.225
-55.0362 -0.21
-51.105 -0.195
-47.1739 -0.18
-43.2427 -0.165
-39.3116 -0.15
-35.3804 -0.135
-31.4493 -0.12
-27.5181 -0.105
-23.5869 -0.09
-19.6558 -0.075
-15.7246 -0.06
-11.7935 -0.045
-7.86231 -0.03
-3.93116 -0.015
7.51533e-21 4.16334e-17
3.93116 0.015
7.86231 0.03
11.7935 0.045
15.7246 0.06
19.6558 0.075
23.5869 0.09
27.5181 0.105
31.4493 0.12
35.3804 0.135
39.3116 0.15
43.2427 0.165
47.1739 0.18
51.105 0.195
55.0362 0.21
58.9674 0.225
62.8985 0.24
66.8297 0.255
70.7608 0.27
74.692 0.285
78.6231 0.3
82.5543 0.315
86.4855 0.33
90.4166 0.345
94.3478 0.36
98.2789 0.375
102.21 0.39
106.141 0.405
107.696 0.42
107.744 0.435
107.791 0.45
103.983 0.435
100.174 0.42
96.3654 0.405
92.5568 0.39
88.7482 0.375
84.9395 0.36
81.1309 0.345
77.3222 0.33
73.5136 0.315
69.705 0.3
65.8963 0.285
62.0877 0.27
58.279 0.255
54.4704 0.24
50.6618 0.225
46.8531 0.21
43.0445 0.195
39.2359 0.18
35.4272 0.165
31.6186 0.15
27.8099 0.135
24.0013 0.12
20.1927 0.105
16.384 0.09
12.5754 0.075
8.76675 0.06
4.95811 0.045
1.14947 0.03
-2.63871 0.015
-6.41806 1.38778e-17
-10.1974 -0.015
-13.9768 -0.03
-17.7561 -0.045
-21.5355 -0.06
-25.3148 -0.075
-29.0941 -0.09
-32.8568 -0.105
-36.5261 -0.12
-40.1954 -0.135
-43.8647 -0.15
-47.534 -0.165
-51.2033 -0.18
-54.8726 -0.195
-58.5419 -0.21
-62.2112 -0.225
-65.8805 -0.24
-69.5498 -0.255
-73.2191 -0.27
-76.8884 -0.285
-80.5577 -0.3
-84.227 -0.315
-87.8963 -0.33
-91.5656 -0.345
-95.2349 -0.36
-98.9042 -0.375
-102.574 -0.39
-106.243 -0.405
-107.696 -0.42
-107.744 -0.435
-107.791 -0.45
-103.983 -0.435
-100.174 -0.42
-96.3654 -0.405
-92.5568 -0.39
-88.7482 -0.375
-84.9395 -0.36
-81.1309 -0.345
-77.3222 -0.33
-73.5136 -0.315
-69.705 -0.3
-65.8963 -0.285
-62.0877 -0.27
-58.279 -0.255
-54.4704 -0.24
-50.6618 -0.225
-46.8531 -0.21
-43.0445 -0.195
-39.2359 -0.18
-35.4272 -0.165
-31.6186 -0.15
-27.8099 -0.135
-24.0013 -0.12
-20.1927 -0.105
-16.384 -0.09
-12.5754 -0.075
-8.76675 -0.06
-4.95811 -0.045
-1.14947 -0.03
2.52307 -0.015
6.13679 4.16334e-17
9.75051 0.015
13.3642 0.03
16.9779 0.045
20.5917 0.06
24.2054 0.075
27.8191 0.09
31.4328 0.105
34.8239 0.12
38.1406 0.135
41.4573 0.15
44.774 0.165
48.0907 0.18
51.4074 0.195
54.7241 0.21
58.0408 0.225
61.3575 0.24
64.6742 0.255
67.9909 0.27
71.3076 0.285
74.6243 0.3
77.941 0.315
81.2577 0.33
84.5744 0.345
87.8911 0.36
91.2078 0.375
94.5245 0.39
97.8412 0.405
101.158 0.42
104.475 0.435
107.791 0.45
103.983 0.435
100.174 0.42
96.3654 0.405
92.5568 0.39
88.7482 0.375
84.9395 0.36
81.1309 0.345
77.3222 0.33
73.5136 0.315
69.705 0.3
65.8963 0.285
62.0877 0.27
58.279 0.255
54.4704 0.24
50.6618 0.225
46.8531 0.21
43.0445 0.195
39.2359 0.18
35.4272 0.165
31.6186 0.15
27.8099 0.135
24.0013 0.12
20.1927 0.105
16.384 0.09
12.5754 0.075
8.76675 0.06
4.95811 0.045
1.14947 0.03
-2.52307 0.015
-6.13679 1.38778e-17
-9.75051 -0.015
-13.3642 -0.03
-16.9779 -0.045
-20.5917 -0.06
-24.2054 -0.075
-27.8191 -0.09
-31.4328 -0.105
-34.8239 -0.12
-38.1406 -0.135
-41.4573 -0.15
-44.774 -0.165
-48.0907 -0.18
-51.4074 -0.195
-54.7241 -0.21
-58.0408 -0.225
-61.3575 -0.24
-64.6742 -0.255
-67.9909 -0.27
-71.3076 -0.285
-74.6243 -0.3
-77.941 -0.315
-81.2577 -0.33
-84.5744 -0.345
-87.8911 -0.36
-91.2078 -0.375
-94.5245 -0.39
-97.8412 -0.405
-101.158 -0.42
-104.475 -0.435
-107.791 -0.45
-103.983 -0.435
-100.174 -0.42
-96.3654 -0.405
-92.5568 -0.39
-88.7482 -0.375
-84.9395 -0.36
-81.1309 -0.345
-77.3222 -0.33
-73.5136 -0.315
-69.705 -0.3
-65.8963 -0.285
-62.0877 -0.27
-58.279 -0.255
-54.4704 -0.24
-50.6618 -0.225
-46.8531 -0.21
-43.0445 -0.195
-39.2359 -0.18
-35.4272 -0.165
-31.6186 -0.15
-27.8099 -0.135
-24.0013 -0.12
-20.1927 -0.105
-16.384 -0.09
-12.5754 -0.075
-8.76675 -0.06
-4.95811 -0.045
-1.14947 -0.03
2.52307 -0.015
6.13679 4.16334e-17
9.75051 0.015
13.3642 0.03
16.9779 0.045
20.5917 0.06
24.2054 0.075
27.8191 0.09
31.4328 0.105
34.8239 0.12
38.1406 0.135
41.4573 0.15
44.774 0.165
48.0907 0.18
51.4074 0.195
54.7241 0.21
58.0408 0.225
61.3575 0.24
64.6742 0.255
67.9909 0.27
71.3076 0.285
74.6243 0.3
77.941 0.315
81.2577 0.33
84.5744 0.345
87.8911 0.36
91.2078 0.375
94.5245 0.39
97.8412 0.405
101.158 0.42
104.475 0.435
107.791 0.45
103.983 0.435
100.174 0.42
96.3654 0.405
92.5568 0.39
88.7482 0.375
84.9395 0.36
81.1309 0.345
77.3222 0.33
73.5136 0.315
69.705 0.3
65.8963 0.285
62.0877 0.27
58.279 0.255
54.4704 0.24
50.6618 0.225
46.8531 0.21
43.0445 0.195
39.2359 0.18
35.4272 0.165
31.6186 0.15
27.8099 0.135
24.0013 0.12
20.1927 0.105
16.384 0.09
12.5754 0.075
8.76675 0.06
4.95811 0.045
1.14947 0.03
-2.52307 0.015
-6.13679 -4.16334e-17
-9.75051 -0.015
-13.3642 -0.03
-16.9779 -0.045
-20.5917 -0.06
-24.2054 -0.075
-27.8191 -0.09
-31.4328 -0.105
-34.8239 -0.12
-38.1406 -0.135
-41.4573 -0.15
-44.774 -0.165
-48.0907 -0.18
-51.4074 -0.195
-54.7241 -0.21
-58.0408 -0.225
-61.3575 -0.24
-64.6742 -0.255
-67.9909 -0.27
-71.3076 -0.285
-74.6243 -0.3
-77.941 -0.315
-81.2577 -0.33
-84.5744 -0.345
-87.8911 -0.36
-91.2078 -0.375
-94.5245 -0.39
-97.8412 -0.405
-101.158 -0.42
-104.475 -0.435
-107.791 -0.45
-103.983 -0.435
-100.174 -0.42
-96.3654 -0.405
-92.5568 -0.39
-88.7482 -0.375
-84.9395 -0.36
-81.1309 -0.345
-77.3222 -0.33
-73.5136 -0.315
-69.705 -0.3
-65.8963 -0.285
-62.0877 -0.27
-58.279 -0.255
-54.4704 -0.24
-50.6618 -0.225
-46.8531 -0.21
-43.0445 -0.195
-39.2359 -0.18
-35.4272 -0.165
-31.6186 -0.15
-27.8099 -0.135
-24.0013 -0.12
-20.1927 -0.105
-16.384 -0.09
-12.5754 -0.075
-8.76675 -0.06
-4.95811 -0.045
-1.14947 -0.03
2.52307 -0.015
6.13679 -1.21431e-17
9.75051 0.015
13.3642 0.03
16.9779 0.045
20.5917 0.06
24.2054 0.075
27.8191 0.09
31.4328 0.105
34.8239 0.12
38.1406 0.135
41.4573 0.15
44.774 0.165
48.0907 0.18
51.4074 0.195
54.7241 0.21
58.0408 0.225
61.3575 0.24
64.6742 0.255
67.9909 0.27
71.3076 0.285
74.6243 0.3
77.941 0.315
81.2577 0.33
84.5744 0.345
87.8911 0.36
91.2078 0.375
94.5245 0.39
97.8412 0.405
101.158 0.42
104.475 0.435
107.791 0.45
107.839 0.465
107.887 0.48
107.935 0.495
107.982 0.51
108.03 0.525
108.078 0.54
108.125 0.555
108.173 0.57
108.221 0.585
108.269 0.6
104.718 0.585
101.167 0.57
97.6159 0.555
94.065 0.54
90.5141 0.525
86.9632 0.51
83.4123 0.495
79.8614 0.48
76.3105 0.465
72.7596 0.45
69.2087 0.435
65.6578 0.42
62.1069 0.405
58.556 0.39
55.005 0.375
51.4541 0.36
47.9032 0.345
44.3523 0.33
40.8014 0.315
37.2505 0.3
33.6996 0.285
30.1487 0.27
26.5978 0.255
23.0469 0.24
19.496 0.225
15.9451 0.21
12.3942 0.195
8.84324 0.18
5.29233 0.165
1.74143 0.15
-1.56778 0.135
-4.64437 0.12
-7.72096 0.105
-10.7975 0.09
-13.8741 0.075
-16.9507 0.06
-20.0273 0.045
-23.1039 0.03
-26.1805 0.015
-29.2571 -4.16334e-17
-32.3337 -0.015
-34.9362 -0.03
-37.5382 -0.045
-40.1402 -0.06
-42.7421 -0.075
-45.3441 -0.09
-47.9461 -0.105
-50.548 -0.12
-53.15 -0.135
-55.752 -0.15
-58.3539 -0.165
-60.9559 -0.18
-63.5579 -0.195
-66.1598 -0.21
-68.7618 -0.225
-71.3638 -0.24
-73.9658 -0.255
-76.5677 -0.27
-79.1697 -0.285
-81.7717 -0.3
-84.3736 -0.315
-86.9756 -0.33
-89.5776 -0.345
-92.1795 -0.36
-94.7815 -0.375
-97.3835 -0.39
-99.9854 -0.405
-102.587 -0.42
-105.189 -0.435
-107.791 -0.45
-107.839 -0.465
-107.887 -0.48
-107.935 -0.495
-107.982 -0.51
-108.03 -0.525
-108.078 -0.54
-108.125 -0.555
-108.173 -0.57
-108.221 -0.585
-108.269 -0.6
-104.718 -0.585
-101.167 -0.57
-97.6159 -0.555
-94.065 -0.54
-90.5141 -0.525
-86.9632 -0.51
-83.4123 -0.495
-79.8614 -0.48
-76.3105 -0.465
-72.7596 -0.45
-69.2087 -0.435
-65.6578 -0.42
-62.1069 -0.405
-58.556 -0.39
-55.005 -0.375
-51.4541 -0.36
-47.9032 -0.345
-44.3523 -0.33
-40.8014 -0.315
-37.2505 -0.3
-33.6996 -0.285
-30.1487 -0.27
-26.5978 -0.255
-23.0469 -0.24
-19.496 -0.225
-15.9451 -0.21
-12.3942 -0.195
-8.84324 -0.18
-5.29233 -0.165
-1.74143 -0.15
1.35297 -0.135
4.00803 -0.12
6.66309 -0.105
9.31814 -0.09
11.9732 -0.075
14.6283 -0.06
17.2833 -0.045
19.9384 -0.03
22.5934 -0.015
25.2485 -1.21431e-17
27.9035 0.015
30.5586 0.03
33.042 0.045
35.0751 0.06
37.1083 0.075
39.1414 0.09
41.1746 0.105
43.2077 0.12
45.2409 0.135
47.274 0.15
49.3072 0.165
51.3403 0.18
53.3735 0.195
55.4067 0.21
57.4398 0.225
59.473 0.24
61.5061 0.255
63.5393 0.27
65.5724 0.285
67.6056 0.3
69.6387 0.315
71.6719 0.33
73.705 0.345
75.7382 0.36
77.7714 0.375
79.8045 0.39
81.8377 0.405
83.8708 0.42
85.904 0.435
87.9371 0.45
89.9703 0.465
92.0034 0.48
94.0366 0.495
96.0697 0.51
98.1029 0.525
100.136 0.54
102.169 0.555
104.202 0.57
106.236 0.585
108.269 0.6
104.718 0.585
101.167 0.57
97.6159 0.555
94.065 0.54
90.5141 0.525
86.9632 0.51
83.4123 0.495
79.8614 0.48
76.3105 0.465
72.7596 0.45
69.2087 0.435
65.6578 0.42
62.1069 0.405
58.556 0.39
55.005 0.375
51.4541 0.36
47.9032 0.345
44.3523 0.33
40.8014 0.315
37.2505 0.3
33.6996 0.285
30.1487 0.27
26.5978 0.255
23.0469 0.24
19.496 0.225
15.9451 0.21
12.3942 0.195
8.84324 0.18
5.29233 0.165
1.74143 0.15
-1.35297 0.135
-4.00803 0.12
-6.66309 0.105
-9.31814 0.09
-11.9732 0.075
-14.6283 0.06
-17.2833 0.045
-19.9384 0.03
-22.5934 0.015
-25.2485 -3.98986e-17
-27.9035 -0.015
-30.5586 -0.03
-33.042 -0.045
-35.0751 -0.06
-37.1083 -0.075
-39.1414 -0.09
-41.1746 -0.105
-43.2077 -0.12
-45.2409 -0.135
-47.274 -0.15
-49.3072 -0.165
-51.3403 -0.18
-53.3735 -0.195
-55.4067 -0.21
-57.4398 -0.225
-59.473 -0.24
-61.5061 -0.255
-63.5393 -0.27
-65.5724 -0.285
-67.6056 -0.3
-69.6387 -0.315
-71.6719 -0.33
-73.705 -0.345
-75.7382 -0.36
-77.7714 -0.375
-79.8045 -0.39
-81.8377 -0.405
-83.8708 -0.42
-85.904 -0.435
-87.9371 -0.45
-89.9703 -0.465
-92.0034 -0.48
-94.0366 -0.495
-96.0697 -0.51
-98.1029 -0.525
-100.136 -0.54
-102.169 -0.555
-104.202 -0.57
-106.236 -0.585
-108.269 -0.6
-104.718 -0.585
-101.167 -0.57
-97.6159 -0.555
-94.065 -0.54
-90.5141 -0.525
-86.9632 -0.51
-83.4123 -0.495
-79.8614 -0.48
-76.3105 -0.465
-72.7596 -0.45
-69.2087 -0.435
-65.6578 -0.42
-62.1069 -0.405
-58.556 -0.39
-55.005 -0.375
-51.4541 -0.36
-47.9032 -0.345
-44.3523 -0.33
-40.8014 -0.315
-37.2505 -0.3
-33.6996 -0.285
-30.1487 -0.27
-26.5978 -0.255
-23.0469 -0.24
-19.496 -0.225
-15.9451 -0.21
-12.3942 -0.195
-8.84324 -0.18
-5.29233 -0.165
-1.74143 -0.15
1.35297 -0.135
4.00803 -0.12
6.66309 -0.105
9.31814 -0.09
11.9732 -0.075
14.6283 -0.06
17.2833 -0.045
19.9384 -0.03
22.5934 -0.015
25.2485 4.33681e-17
27.9035 0.015
30.5586 0.03
33.042 0.045
35.0751 0.06
37.1083 0.075
39.1414 0.09
41.1746 0.105
43.2077 0.12
45.2409 0.135
47.274 0.15
49.3072 0.165
51.3403 0.18
53.3735 0.195
55.4067 0.21
57.4398 0.225
59.473 0.24
61.5061 0.255
63.5393 0.27
65.5724 0.285
67.6056 0.3
69.6387 0.315
71.6719 0.33
73.705 0.345
75.7382 0.36
77.7714 0.375
79.8045 0.39
81.8377 0.405
83.8708 0.42
85.904 0.435
87.9371 0.45
89.9703 0.465
92.0034 0.48
94.0366 0.495
96.0697 0.51
98.1029 0.525
100.136 0.54
102.169 0.555
104.202 0.57
106.236 0.585
108.269 0.6
104.718 0.585
101.167 0.57
97.6159 0.555
94.065 0.54
90.5141 0.525
86.9632 0.51
83.4123 0.495
79.8614 0.48
76.3105 0.465
72.7596 0.45
69.2087 0.435
65.6578 0.42
62.1069 0.405
58.556 0.39
55.005 0.375
51.4541 0.36
47.9032 0.345
44.3523 0.33
40.8014 0.315
37.2505 0.3
33.6996 0.285
30.1487 0.27
26.5978 0.255
23.0469 0.24
19.496 0.225
15.9451 0.21
12.3942 0.195
8.84324 0.18
5.29233 0.165
1.74143 0.15
-1.35297 0.135
-4.00803 0.12
-6.66309 0.105
-9.31814 0.09
-11.9732 0.075
-14.6283 0.06
-17.2833 0.045
-19.9384 0.03
-22.5934 0.015
-25.2485 1.21431e-17
-27.9035 -0.015
-30.5586 -0.03
-33.042 -0.045
-35.0751 -0.06
-37.1083 -0.075
-39.1414 -0.09
-41.1746 -0.105
-43.2077 -0.12
-45.2409 -0.135
-47.274 -0.15
-49.3072 -0.165
-51.3403 -0.18
-53.3735 -0.195
-55.4067 -0.21
-57.4398 -0.225
-59.473 -0.24
-61.5061 -0.255
-63.5393 -0.27
-65.5724 -0.285
-67.6056 -0.3
-69.6387 -0.315
-71.6719 -0.33
-73.705 -0.345
-75.7382 -0.36
-77.7714 -0.375
-79.8045 -0.39
-81.8377 -0.405
-83.8708 -0.42
-85.904 -0.435
-87.9371 -0.45
-89.9703 -0.465
-92.0034 -0.48
-94.0366 -0.495
-96.0697 -0.51
-98.1029 -0.525
-100.136 -0.54
-102.169 -0.555
-104.202 -0.57
-106.236 -0.585
-108.269 -0.6
-104.718 -0.585
-101.167 -0.57
-97.6159 -0.555
-94.065 -0.54
-90.5141 -0.525
-86.9632 -0.51
-83.4123 -0.495
-79.8614 -0.48
-76.3105 -0.465
-72.7596 -0.45
-69.2087 -0.435
-65.6578 -0.42
-62.1069 -0.405
-58.556 -0.39
-55.005 -0.375
-51.4541 -0.36
-47.9032 -0.345
-44.3523 -0.33
-40.8014 -0.315
-37.2505 -0.3
-33.6996 -0.285
-30.1487 -0.27
-26.5978 -0.255
-23.0469 -0.24
-19.496 -0.225
-15.9451 -0.21
-12.3942 -0.195
-8.84324 -0.18
-5.29233 -0.165
-1.74143 -0.15
1.35297 -0.135
4.00803 -0.12
6.66309 -0.105
9.31814 -0.09
11.9732 -0.075
14.6283 -0.06
17.2833 -0.045
19.9384 -0.03
22.5934 -0.015
25.2485 4.33681e-17
27.9035 0.015
30.5586 0.03
33.042 0.045
35.0751 0.06
37.1083 0.075
39.1414 0.09
41.1746 0.105
43.2077 0.12
45.2409 0.135
47.274 0.15
49.3072 0.165
51.3403 0.18
53.3735 0.195
55.4067 0.21
57.4398 0.225
59.473 0.24
61.5061 0.255
63.5393 0.27
65.5724 0.285
67.6056 0.3
69.6387 0.315
71.6719 0.33
73.705 0.345
75.7382 0.36
77.7714 0.375
79.8045 0.39
81.8377 0.405
83.8708 0.42
85.904 0.435
87.9371 0.45
89.9703 0.465
92.0034 0.48
94.0366 0.495
96.0697 0.51
98.1029 0.525
100.136 0.54
102.169 0.555
104.202 0.57
106.236 0.585
108.269 0.6
108.316 0.615
108.364 0.63
108.412 0.645
108.46 0.66
108.507 0.675
108.555 0.69
108.603 0.705
108.651 0.72
108.698 0.735
108.746 0.75
108.794 0.765
108.841 0.78
108.889 0.795
108.937 0.81
108.985 0.825
109.032 0.84
109.08 0.855
109.128 0.87
109.176 0.885
109.223 0.9
106 0.885
102.776 0.87
99.553 0.855
96.3296 0.84
93.1061 0.825
89.8827 0.81
86.6592 0.795
83.4358 0.78
80.2123 0.765
76.9889 0.75
73.7655 0.735
70.542 0.72
67.3186 0.705
64.0951 0.69
60.8717 0.675
57.6482 0.66
54.4248 0.645
51.2014 0.63
47.9779 0.615
44.7545 0.6
41.531 0.585
38.3076 0.57
35.0841 0.555
31.8607 0.54
28.6373 0.525
25.4138 0.51
22.1904 0.495
18.9669 0.48
15.7435 0.465
12.52 0.45
9.29661 0.435
6.07316 0.42
2.84972 0.405
-0.242097 0.39
-2.33024 0.375
-4.41839 0.36
-6.50653 0.345
-8.59468 0.33
-10.6828 0.315
-12.771 0.3
-14.8591 0.285
-16.9473 0.27
-19.0354 0.255
-21.1236 0.24
-23.2117 0.225
-25.2998 0.21
-27.388 0.195
-29.4761 0.18
-31.5643 0.165
-33.3218 0.15
-34.8207 0.135
-36.3197 0.12
-37.8186 0.105
-39.3175 0.09
-40.8165 0.075
-42.3154 0.06
-43.8143 0.045
-45.3133 0.03
-46.8122 0.015
-48.3112 1.76942e-16
-49.8101 -0.015
-51.309 -0.03
-52.808 -0.045
-54.3069 -0.06
-55.8058 -0.075
-57.3048 -0.09
-58.8037 -0.105
-60.3027 -0.12
-61.8016 -0.135
-63.3005 -0.15
-64.7995 -0.165
-66.2984 -0.18
-67.7973 -0.195
-69.2963 -0.21
-70.7952 -0.225
-72.2942 -0.24
-73.7931 -0.255
-75.292 -0.27
-76.791 -0.285
-78.2899 -0.3
-79.7889 -0.315
-81.2878 -0.33
-82.7867 -0.345
-84.2857 -0.36
-85.7846 -0.375
-87.2835 -0.39
-88.7825 -0.405
-90.2814 -0.42
-91.7804 -0.435
-93.2793 -0.45
-94.7782 -0.465
-96.2772 -0.48
-97.7761 -0.495
-99.275 -0.51
-100.774 -0.525
-102.273 -0.54
-103.772 -0.555
-105.271 -0.57
-106.77 -0.585
-108.269 -0.6
-108.316 -0.615
-108.364 -0.63
-108.412 -0.645
-108.46 -0.66
-108.507 -0.675
-108.555 -0.69
-108.603 -0.705
-108.651 -0.72
-108.698 -0.735
-108.746 -0.75
-108.794 -0.765
-108.841 -0.78
-108.889 -0.795
-108.937 -0.81
-108.985 -0.825
-109.032 -0.84
-109.08 -0.855
-109.128 -0.87
-109.176 -0.885
-109.223 -0.9
-106 -0.885
-102.776 -0.87
-99.553 -0.855
-96.3296 -0.84
-93.1061 -0.825
-89.8827 -0.81
-86.6592 -0.795
-83.4358 -0.78
-80.2123 -0.765
-76.9889 -0.75
-73.7655 -0.735
-70.542 -0.72
-67.3186 -0.705
-64.0951 -0.69
-60.8717 -0.675
-57.6482 -0.66
-54.4248 -0.645
-51.2014 -0.63
-47.9779 -0.615
-44.7545 -0.6
-41.531 -0.585
-38.3076 -0.57
-35.0841 -0.555
-31.8607 -0.54
-28.6373 -0.525
-25.4138 -0.51
-22.1904 -0.495
-18.9669 -0.48
-15.7435 -0.465
-12.52 -0.45
-9.29661 -0.435
-6.07316 -0.42
-2.84972 -0.405
0.198506 -0.39
1.91066 -0.375
3.62282 -0.36
5.33498 -0.345
7.04713 -0.33
8.75929 -0.315
10.4714 -0.3
12.1836 -0.285
13.8958 -0.27
15.6079 -0.255
17.3201 -0.24
19.0322 -0.225
20.7444 -0.21
22.4565 -0.195
24.1687 -0.18
25.8809 -0.165
27.593 -0.15
29.3052 -0.135
31.0173 -0.12
32.7295 -0.105
33.8835 -0.09
35.025 -0.075
36.1665 -0.06
37.308 -0.045
38.4496 -0.03
39.5911 -0.015
40.7326 2.09902e-16
41.8741 0.015
43.0156 0.03
44.1571 0.045
45.2986 0.06
46.4401 0.075
47.5817 0.09
48.7232 0.105
49.8647 0.12
51.0062 0.135
52.1477 0.15
53.2892 0.165
54.4307 0.18
55.5722 0.195
56.7138 0.21
57.8553 0.225
58.9968 0.24
60.1383 0.255
61.2798 0.27
62.4213 0.285
63.5628 0.3
64.7043 0.315
65.8459 0.33
66.9874 0.345
68.1289 0.36
69.2704 0.375
70.4119 0.39
71.5534 0.405
72.6949 0.42
73.8364 0.435
74.978 0.45
76.1195 0.465
77.261 0.48
78.4025 0.495
79.544 0.51
80.6855 0.525
81.827 0.54
82.9685 0.555
84.1101 0.57
85.2516 0.585
86.3931 0.6
87.5346 0.615
88.6761 0.63
89.8176 0.645
90.9591 0.66
92.1006 0.675
93.2422 0.69
94.3837 0.705
95.5252 0.72
96.6667 0.735
97.8082 0.75
98.9497 0.765
100.091 0.78
101.233 0.795
102.374 0.81
103.516 0.825
104.657 0.84
105.799 0.855
106.94 0.87
108.082 0.885
109.223 0.9
106 0.885
102.776 0.87
99.553 0.855
96.3296 0.84
93.1061 0.825
89.8827 0.81
86.6592 0.795
83.4358 0.78
80.2123 0.765
76.9889 0.75
73.7655 0.735
70.542 0.72
67.3186 0.705
64.0951 0.69
60.8717 0.675
57.6482 0.66
54.4248 0.645
51.2014 0.63
47.9779 0.615
44.7545 0.6
41.531 0.585
38.3076 0.57
35.0841 0.555
31.8607 0.54
28.6373 0.525
25.4138 0.51
22.1904 0.495
18.9669 0.48
15.7435 0.465
12.52 0.45
9.29661 0.435
6.07316 0.42
2.84972 0.405
-0.198506 0.39
-1.91066 0.375
-3.62282 0.36
-5.33498 0.345
-7.04713 0.33
-8.75929 0.315
-10.4714 0.3
-12.1836 0.285
-13.8958 0.27
-15.6079 0.255
-17.3201 0.24
-19.0322 0.225
-20.7444 0.21
-22.4565 0.195
-24.1687 0.18
-25.8809 0.165
-27.593 0.15
-29.3052 0.135
-31.0173 0.12
-32.7295 0.105
-33.8835 0.09
-35.025 0.075
-36.1665 0.06
-37.308 0.045
-38.4496 0.03
-39.5911 0.015
-40.7326 1.49186e-16
-41.8741 -0.015
-43.0156 -0.03
-44.1571 -0.045
-45.2986 -0.06
-46.4401 -0.075
-47.5817 -0.09
-48.7232 -0.105
-49.8647 -0.12
-51.0062 -0.135
-52.1477 -0.15
-53.2892 -0.165
-54.4307 -0.18
-55.5722 -0.195
-56.7138 -0.21
-57.8553 -0.225
-58.9968 -0.24
-60.1383 -0.255
-61.2798 -0.27
-62.4213 -0.285
-63.5628 -0.3
-64.7043 -0.315
-65.8459 -0.33
-66.9874 -0.345
-68.1289 -0.36
-69.2704 -0.375
-70.4119 -0.39
-71.5534 -0.405
-72.6949 -0.42
-73.8364 -0.435
-74.978 -0.45
-76.1195 -0.465
-77.261 -0.48
-78.4025 -0.495
-79.544 -0.51
-80.6855 -0.525
-81.827 -0.54
-82.9685 -0.555
-84.1101 -0.57
-85.2516 -0.585
-86.3931 -0.6
-87.5346 -0.615
-88.6761 -0.63
-89.8176 -0.645
-90.9591 -0.66
-92.1006 -0.675
-93.2422 -0.69
-94.3837 -0.705
-95.5252 -0.72
-96.6667 -0.735
-97.8082 -0.75
-98.9497 -0.765
-100.091 -0.78
-101.233 -0.795
-102.374 -0.81
-103.516 -0.825
-104.657 -0.84
-105.799 -0.855
-106.94 -0.87
-108.082 -0.885
-109.223 -0.9
-106 -0.885
-102.776 -0.87
-99.553 -0.855
-96.3296 -0.84
-93.1061 -0.825
-89.8827 -0.81
-86.6592 -0.795
-83.4358 -0.78
-80.2123 -0.765
-76.9889 -0.75
-73.7655 -0.735
-70.542 -0.72
-67.3186 -0.705
-64.0951 -0.69
-60.8717 -0.675
-57.6482 -0.66
-54.4248 -0.645
-51.2014 -0.63
-47.9779 -0.615
-44.7545 -0.6
-41.531 -0.585
-38.3076 -0.57
-35.0841 -0.555
-31.8607 -0.54
-28.6373 -0.525
-25.4138 -0.51
-22.1904 -0.495
-18.9669 -0.48
-15.7435 -0.465
-12.52 -0.45
-9.29661 -0.435
-6.07316 -0.42
-2.84972 -0.405
0.198506 -0.39
1.91066 -0.375
3.62282 -0.36
5.33498 -0.345
7.04713 -0.33
8.75929 -0.315
10.4714 -0.3
12.1836 -0.285
13.8958 -0.27
15.6079 -0.255
17.3201 -0.24
19.0322 -0.225
20.7444 -0.21
22.4565 -0.195
24.1687 -0.18
25.8809 -0.165
27.593 -0.15
29.3052 -0.135
31.0173 -0.12
32.7295 -0.105
33.8835 -0.09
35.025 -0.075
36.1665 -0.06
37.308 -0.045
38.4496 -0.03
39.5911 -0.015
40.7326 1.56125e-16
41.8741 0.015
43.0156 0.03
44.1571 0.045
45.2986 0.06
46.4401 0.075
47.5817 0.09
48.7232 0.105
49.8647 0.12
51.0062 0.135
52.1477 0.15
53.2892 0.165
54.4307 0.18
55.5722 0.195
56.7138 0.21
57.8553 0.225
58.9968 0.24
60.1383 0.255
61.2798 0.27
62.4213 0.285
63.5628 0.3
64.7043 0.315
65.8459 0.33
66.9874 0.345
68.1289 0.36
69.2704 0.375
70.4119 0.39
71.5534 0.405
72.6949 0.42
73.8364 0.435
74.978 0.45
76.1195 0.465
77.261 0.48
78.4025 0.495
79.544 0.51
80.6855 0.525
81.827 0.54
82.9685 0.555
84.1101 0.57
85.2516 0.585
86.3931 0.6
87.5346 0.615
88.6761 0.63
89.8176 0.645
90.9591 0.66
92.1006 0.675
93.2422 0.69
94.3837 0.705
95.5252 0.72
96.6667 0.735
97.8082 0.75
98.9497 0.765
100.091 0.78
101.233 0.795
102.374 0.81
103.516 0.825
104.657 0.84
105.799 0.855
106.94 0.87
108.082 0.885
109.223 0.9
106 0.885
102.776 0.87
99.553 0.855
96.3296 0.84
93.1061 0.825
89.8827 0.81
86.6592 0.795
83.4358 0.78
80.2123 0.765
76.9889 0.75
73.7655 0.735
70.542 0.72
67.3186 0.705
64.0951 0.69
60.8717 0.675
57.6482 0.66
54.4248 0.645
51.2014 0.63
47.9779 0.615
44.7545 0.6
41.531 0.585
38.3076 0.57
35.0841 0.555
31.8607 0.54
28.6373 0.525
25.4138 0.51
22.1904 0.495
18.9669 0.48
15.7435 0.465
12.52 0.45
9.29661 0.435
6.07316 0.42
2.84972 0.405
-0.198506 0.39
-1.91066 0.375
-3.62282 0.36
-5.33498 0.345
-7.04713 0.33
-8.75929 0.315
-10.4714 0.3
-12.1836 0.285
-13.8958 0.27
-15.6079 0.255
-17.3201 0.24
-19.0322 0.225
-20.7444 0.21
-22.4565 0.195
-24.1687 0.18
-25.8809 0.165
-27.593 0.15
-29.3052 0.135
-31.0173 0.12
-32.7295 0.105
-33.8835 0.09
-35.025 0.075
-36.1665 0.06
-37.308 0.045
-38.4496 0.03
-39.5911 0.015
-40.7326 6.93889e-17
-41.8741 -0.015
-43.0156 -0.03
-44.1571 -0.045
-45.2986 -0.06
-46.4401 -0.075
-47.5817 -0.09
-48.7232 -0.105
-49.8647 -0.12
-51.0062 -0.135
-52.1477 -0.15
-53.2892 -0.165
-54.4307 -0.18
-55.5722 -0.195
-56.7138 -0.21
-57.8553 -0.225
-58.9968 -0.24
-60.1383 -0.255
-61.2798 -0.27
-62.4213 -0.285
-63.5628 -0.3
-64.7043 -0.315
-65.8459 -0.33
-66.9874 -0.345
-68.1289 -0.36
-69.2704 -0.375
-70.4119 -0.39
-71.5534 -0.405
-72.6949 -0.42
-73.8364 -0.435
-74.978 -0.45
-76.1195 -0.465
-77.261 -0.48
-78.4025 -0.495
-79.544 -0.51
-80.6855 -0.525
-81.827 -0.54
-82.9685 -0.555
-84.1101 -0.57
-85.2516 -0.585
-86.3931 -0.6
-87.5346 -0.615
-88.6761 -0.63
-89.8176 -0.645
-90.9591 -0.66
-92.1006 -0.675
-93.2422 -0.69
-94.3837 -0.705
-95.5252 -0.72
-96.6667 -0.735
-97.8082 -0.75
-98.9497 -0.765
-100.091 -0.78
-101.233 -0.795
-102.374 -0.81
-103.516 -0.825
-104.657 -0.84
-105.799 -0.855
-106.94 -0.87
-108.082 -0.885
-109.223 -0.9
-106 -0.885
-102.776 -0.87
-99.553 -0.855
-96.3296 -0.84
-93.1061 -0.825
-89.8827 -0.81
-86.6592 -0.795
-83.4358 -0.78
-80.2123 -0.765
-76.9889 -0.75
-73.7655 -0.735
-70.542 -0.72
-67.3186 -0.705
-64.0951 -0.69
-60.8717 -0.675
-57.6482 -0.66
-54.4248 -0.645
-51.2014 -0.63
-47.9779 -0.615
-44.7545 -0.6
-41.531 -0.585
-38.3076 -0.57
-35.0841 -0.555
-31.8607 -0.54
-28.6373 -0.525
-25.4138 -0.51
-22.1904 -0.495
-18.9669 -0.48
-15.7435 -0.465
-12.52 -0.45
-9.29661 -0.435
-6.07316 -0.42
-2.84972 -0.405
0.198506 -0.39
1.91066 -0.375
3.62282 -0.36
5.33498 -0.345
7.04713 -0.33
8.75929 -0.315
10.4714 -0.3
12.1836 -0.285
13.8958 -0.27
15.6079 -0.255
17.3201 -0.24
19.0322 -0.225
20.7444 -0.21
22.4565 -0.195
24.1687 -0.18
25.8809 -0.165
27.593 -0.15
29.3052 -0.135
31.0173 -0.12
32.7295 -0.105
33.8835 -0.09
35.025 -0.075
36.1665 -0.06
37.308 -0.045
38.4496 -0.03
39.5911 -0.015
40.7326 2.06432e-16
41.8741 0.015
43.0156 0.03
44.1571 0.045
45.2986 0.06
46.4401 0.075
47.5817 0.09
48.7232 0.105
49.8647 0.12
51.0062 0.135
52.1477 0.15
53.2892 0.165
54.4307 0.18
55.5722 0.195
56.7138 0.21
57.8553 0.225
58.9968 0.24
60.1383 0.255
61.2798 0.27
62.4213 0.285
63.5628 0.3
64.7043 0.315
65.8459 0.33
66.9874 0.345
68.1289 0.36
69.2704 0.375
70.4119 0.39
71.5534 0.405
72.6949 0.42
73.8364 0.435
74.978 0.45
76.1195 0.465
77.261 0.48
78.4025 0.495
79.544 0.51
80.6855 0.525
81.827 0.54
82.9685 0.555
84.1101 0.57
85.2516 0.585
86.3931 0.6
87.5346 0.615
88.6761 0.63
89.8176 0.645
90.9591 0.66
92.1006 0.675
93.2422 0.69
94.3837 0.705
95.5252 0.72
96.6667 0.735
97.8082 0.75
98.9497 0.765
100.091 0.78
101.233 0.795
102.374 0.81
103.516 0.825
104.657 0.84
105.799 0.855
106.94 0.87
108.082 0.885
109.223 0.9
109.271 0.915
109.319 0.93
109.367 0.945
109.414 0.96
109.462 0.975
109.51 0.99
109.557 1.005
109.605 1.02
109.653 1.035
109.701 1.05
109.748 1.065
109.796 1.08
109.844 1.095
109.892 1.11
109.939 1.125
109.987 1.14
110.035 1.155
110.083 1.17
110.13 1.185
110.178 1.2
110.226 1.215
107.246 1.2
104.266 1.185
101.286 1.17
98.3067 1.155
95.327 1.14
92.3473 1.125
89.3675 1.11
86.3878 1.095
83.408 1.08
80.4283 1.065
77.4485 1.05
74.4688 1.035
71.4891 1.02
68.5093 1.005
65.5296 0.99
62.5498 0.975
59.5701 0.96
56.5903 0.945
53.6106 0.93
50.6309 0.915
47.6511 0.9
44.6714 0.885
41.6916 0.87
38.7119 0.855
35.7321 0.84
32.7524 0.825
29.7727 0.81
26.7929 0.795
23.8132 0.78
20.8334 0.765
17.8537 0.75
14.8739 0.735
11.8942 0.72
8.91446 0.705
5.93472 0.69
2.95497 0.675
-0.0119898 0.66
-1.45443 0.645
-2.89688 0.63
-4.33932 0.615
-5.78176 0.6
-7.22421 0.585
-8.66665 0.57
-10.1091 0.555
-11.5515 0.54
-12.994 0.525
-14.4364 0.51
-15.8789 0.495
-17.3213 0.48
-18.7638 0.465
-20.2062 0.45
-21.6486 0.435
-23.0911 0.42
-24.5335 0.405
-25.976 0.39
-27.4184 0.375
-28.8609 0.36
-30.3033 0.345
-31.7457 0.33
-33.0416 0.315
-33.9821 0.3
-34.9227 0.285
-35.8632 0.27
-36.8037 0.255
-37.7442 0.24
-38.6847 0.225
-39.6252 0.21
-40.5657 0.195
-41.5063 0.18
-42.4468 0.165
-43.3873 0.15
-44.3278 0.135
-45.2683 0.12
-46.2088 0.105
-47.1493 0.09
-48.0899 0.075
-49.0304 0.06
-49.9709 0.045
-50.9114 0.03
-51.8519 0.015
-52.7924 1.38778e-17
-53.7329 -0.015
-54.6735 -0.03
-55.614 -0.045
-56.5545 -0.06
-57.495 -0.075
-58.4355 -0.09
-59.376 -0.105
-60.3166 -0.12
-61.2571 -0.135
-62.1976 -0.15
-63.1381 -0.165
-64.0786 -0.18
-65.0191 -0.195
-65.9596 -0.21
-66.9002 -0.225
-67.8407 -0.24
-68.7812 -0.255
-69.7217 -0.27
-70.6622 -0.285
-71.6027 -0.3
-72.5432 -0.315
-73.4838 -0.33
-74.4243 -0.345
-75.3648 -0.36
-76.3053 -0.375
-77.2458 -0.39
-78.1863 -0.405
-79.1268 -0.42
-80.0674 -0.435
-81.0079 -0.45
-81.9484 -0.465
-82.8889 -0.48
-83.8294 -0.495
-84.7699 -0.51
-85.7105 -0.525
-86.651 -0.54
-87.5915 -0.555
-88.532 -0.57
-89.4725 -0.585
-90.413 -0.6
-91.3535 -0.615
-92.2941 -0.63
-93.2346 -0.645
-94.1751 -0.66
-95.1156 -0.675
-96.0561 -0.69
-96.9966 -0.705
-97.9371 -0.72
-98.8777 -0.735
-99.8182 -0.75
-100.759 -0.765
-101.699 -0.78
-102.64 -0.795
-103.58 -0.81
-104.521 -0.825
-105.461 -0.84
-106.402 -0.855
-107.342 -0.87
-108.283 -0.885
-109.223 -0.9
-109.271 -0.915
-109.319 -0.93
-109.367 -0.945
-109.414 -0.96
-109.462 -0.975
-109.51 -0.99
-109.557 -1.005
-109.605 -1.02
-109.653 -1.035
-109.701 -1.05
-109.748 -1.065
-109.796 -1.08
-109.844 -1.095
-109.892 -1.11
-109.939 -1.125
-109.987 -1.14
-110.035 -1.155
-110.083 -1.17
-110.13 -1.185
-110.178 -1.2
-110.226 -1.215
-107.246 -1.2
-104.266 -1.185
-101.286 -1.17
-98.3067 -1.155
-95.327 -1.14
-92.3473 -1.125
-89.3675 -1.11
-86.3878 -1.095
-83.408 -1.08
-80.4283 -1.065
-77.4485 -1.05
-74.4688 -1.035
-71.4891 -1.02
-68.5093 -1.005
-65.5296 -0.99
-62.5498 -0.975
-59.5701 -0.96
-56.5903 -0.945
-53.6106 -0.93
-50.6309 -0.915
-47.6511 -0.9
-44.6714 -0.885
-41.6916 -0.87
-38.7119 -0.855
-35.7321 -0.84
-32.7524 -0.825
-29.7727 -0.81
-26.7929 -0.795
-23.8132 -0.78
-20.8334 -0.765
-17.8537 -0.75
-14.8739 -0.735
-11.8942 -0.72
-8.91446 -0.705
-5.93472 -0.69
-2.95497 -0.675
0.0103556 -0.66
1.2562 -0.645
2.50205 -0.63
3.7479 -0.615
4.99374 -0.6
6.23959 -0.585
7.48544 -0.57
8.73128 -0.555
9.97713 -0.54
11.223 -0.525
12.4688 -0.51
13.7147 -0.495
14.9605 -0.48
16.2064 -0.465
17.4522 -0.45
18.6981 -0.435
19.9439 -0.42
21.1898 -0.405
22.4356 -0.39
23.6814 -0.375
24.9273 -0.36
26.1731 -0.345
27.419 -0.33
28.6648 -0.315
29.9107 -0.3
31.1565 -0.285
32.4024 -0.27
33.4328 -0.255
34.2164 -0.24
35 -0.225
35.7836 -0.21
36.5672 -0.195
37.3508 -0.18
38.1344 -0.165
38.918 -0.15
39.7016 -0.135
40.4852 -0.12
41.2688 -0.105
42.0524 -0.09
42.836 -0.075
43.6196 -0.06
44.4032 -0.045
45.1868 -0.03
45.9704 -0.015
46.754 1.52656e-16
47.5376 0.015
48.3213 0.03
49.1049 0.045
49.8885 0.06
50.6721 0.075
51.4557 0.09
52.2393 0.105
53.0229 0.12
53.8065 0.135
54.5901 0.15
55.3737 0.165
56.1573 0.18
56.9409 0.195
57.7245 0.21
58.5081 0.225
59.2917 0.24
60.0753 0.255
60.8589 0.27
61.6425 0.285
62.4261 0.3
63.2097 0.315
63.9933 0.33
64.7769 0.345
65.5605 0.36
66.3441 0.375
67.1277 0.39
67.9113 0.405
68.6949 0.42
69.4785 0.435
70.2621 0.45
71.0457 0.465
71.8293 0.48
72.6129 0.495
73.3965 0.51
74.1801 0.525
74.9637 0.54
75.7473 0.555
76.5309 0.57
77.3145 0.585
78.0981 0.6
78.8817 0.615
79.6653 0.63
80.4489 0.645
81.2325 0.66
82.0161 0.675
82.7997 0.69
83.5833 0.705
84.3669 0.72
85.1505 0.735
85.9341 0.75
86.7177 0.765
87.5013 0.78
88.2849 0.795
89.0685 0.81
89.8521 0.825
90.6357 0.84
91.4193 0.855
92.2029 0.87
92.9865 0.885
93.7701 0.9
94.5537 0.915
95.3373 0.93
96.1209 0.945
96.9045 0.96
97.6881 0.975
98.4717 0.99
99.2553 1.005
100.039 1.02
100.823 1.035
101.606 1.05
102.39 1.065
103.173 1.08
103.957 1.095
104.741 1.11
105.524 1.125
106.308 1.14
107.091 1.155
107.875 1.17
108.659 1.185
109.442 1.2
110.226 1.215
107.246 1.2
104.266 1.185
101.286 1.17
98.3067 1.155
95.327 1.14
92.3473 1.125
89.3675 1.11
86.3878 1.095
83.408 1.08
80.4283 1.065
77.4485 1.05
74.4688 1.035
71.4891 1.02
68.5093 1.005
65.5296 0.99
62.5498 0.975
59.5701 0.96
56.5903 0.945
53.6106 0.93
50.6309 0.915
47.6511 0.9
44.6714 0.885
41.6916 0.87
38.7119 0.855
35.7321 0.84
32.7524 0.825
29.7727 0.81
26.7929 0.795
23.8132 0.78
20.8334 0.765
17.8537 0.75
14.8739 0.735
11.8942 0.72
8.91446 0.705
5.93472 0.69
2.95497 0.675
-0.0103556 0.66
-1.2562 0.645
-2.50205 0.63
-3.7479 0.615
-4.99374 0.6
-6.23959 0.585
-7.48544 0.57
-8.73128 0.555
-9.97713 0.54
-11.223 0.525
-12.4688 0.51
-13.7147 0.495
-14.9605 0.48
-16.2064 0.465
-17.4522 0.45
-18.6981 0.435
-19.9439 0.42
-21.1898 0.405
-22.4356 0.39
-23.6814 0.375
-24.9273 0.36
-26.1731 0.345
-27.419 0.33
-28.6648 0.315
-29.9107 0.3
-31.1565 0.285
-32.4024 0.27
-33.4328 0.255
-34.2164 0.24
-35 0.225
-35.7836 0.21
-36.5672 0.195
-37.3508 0.18
-38.1344 0.165
-38.918 0.15
-39.7016 0.135
-40.4852 0.12
-41.2688 0.105
-42.0524 0.09
-42.836 0.075
-43.6196 0.06
-44.4032 0.045
-45.1868 0.03
-45.9704 0.015
-46.754 1.56125e-17
-47.5376 -0.015
-48.3213 -0.03
-49.1049 -0.045
-49.8885 -0.06
-50.6721 -0.075
-51.4557 -0.09
-52.2393 -0.105
-53.0229 -0.12
-53.8065 -0.135
-54.5901 -0.15
-55.3737 -0.165
-56.1573 -0.18
-56.9409 -0.195
-57.7245 -0.21
-58.5081 -0.225
-59.2917 -0.24
-60.0753 -0.255
-60.8589 -0.27
-61.6425 -0.285
-62.4261 -0.3
-63.2097 -0.315
-63.9933 -0.33
-64.7769 -0.345
-65.5605 -0.36
-66.3441 -0.375
-67.1277 -0.39
-67.9113 -0.405
-68.6949 -0.42
-69.4785 -0.435
-70.2621 -0.45
-71.0457 -0.465
-71.8293 -0.48
-72.6129 -0.495
-73.3965 -0.51
-74.1801 -0.525
-74.9637 -0.54
-75.7473 -0.555
-76.5309 -0.57
-77.3145 -0.585
-78.0981 -0.6
-78.8817 -0.615
-79.6653 -0.63
-80.4489 -0.645
-81.2325 -0.66
-82.0161 -0.675
-82.7997 -0.69
-83.5833 -0.705
-84.3669 -0.72
-85.1505 -0.735
-85.9341 -0.75
-86.7177 -0.765
-87.5013 -0.78
-88.2849 -0.795
-89.0685 -0.81
-89.8521 -0.825
-90.6357 -0.84
-91.4193 -0.855
-92.2029 -0.87
-92.9865 -0.885
-93.7701 -0.9
-94.5537 -0.915
-95.3373 -0.93
-96.1209 -0.945
-96.9045 -0.96
-97.6881 -0.975
-98.4717 -0.99
-99.2553 -1.005
-100.039 -1.02
-100.823 -1.035
-101.606 -1.05
-102.39 -1.065
-103.173 -1.08
-103.957 -1.095
-104.741 -1.11
-105.524 -1.125
-106.308 -1.14
-107.091 -1.155
-107.875 -1.17
-108.659 -1.185
-109.442 -1.2
-110.226 -1.215
-107.246 -1.2
-104.266 -1.185
-101.286 -1.17
-98.3067 -1.155
-95.327 -1.14
-92.3473 -1.125
-89.3675 -1.11
-86.3878 -1.095
-83.408 -1.08
-80.4283 -1.065
-77.4485 -1.05
-74.4688 -1.035
-71.4891 -1.02
-68.5093 -1.005
-65.5296 -0.99
-62.5498 -0.975
-59.5701 -0.96
-56.5903 -0.945
-53.6106 -0.93
-50.6309 -0.915
-47.6511 -0.9
-44.6714 -0.885
-41.6916 -0.87
-38.7119 -0.855
-35.7321 -0.84
-32.7524 -0.825
-29.7727 -0.81
-26.7929 -0.795
-23.8132 -0.78
-20.8334 -0.765
-17.8537 -0.75
-14.8739 -0.735
-11.8942 -0.72
-8.91446 -0.705
-5.93472 -0.69
-2.95497 -0.675
0.0103556 -0.66
1.2562 -0.645
2.50205 -0.63
3.7479 -0.615
4.99374 -0.6
6.23959 -0.585
7.48544 -0.57
8.73128 -0.555
9.97713 -0.54
11.223 -0.525
12.4688 -0.51
13.7147 -0.495
14.9605 -0.48
16.2064 -0.465
17.4522 -0.45
18.6981 -0.435
19.9439 -0.42
21.1898 -0.405
22.4356 -0.39
23.6814 -0.375
24.9273 -0.36
26.1731 -0.345
27.419 -0.33
28.6648 -0.315
29.9107 -0.3
31.1565 -0.285
32.4024 -0.27
33.4328 -0.255
34.2164 -0.24
35 -0.225
35.7836 -0.21
36.5672 -0.195
37.3508 -0.18
38.1344 -0.165
38.918 -0.15
39.7016 -0.135
40.4852 -0.12
41.2688 -0.105
42.0524 -0.09
42.836 -0.075
43.6196 -0.06
44.4032 -0.045
45.1868 -0.03
45.9704 -0.015
46.754 2.08167e-16
47.5376 0.015
48.3213 0.03
49.1049 0.045
49.8885 0.06
50.6721 0.075
51.4557 0.09
52.2393 0.105
53.0229 0.12
53.8065 0.135
54.5901 0.15
55.3737 0.165
56.1573 0.18
56.9409 0.195
57.7245 0.21
58.5081 0.225
59.2917 0.24
60.0753 0.255
60.8589 0.27
61.6425 0.285
62.4261 0.3
63.2097 0.315
63.9933 0.33
64.7769 0.345
65.5605 0.36
66.3441 0.375
67.1277 0.39
67.9113 0.405
68.6949 0.42
69.4785 0.435
70.2621 0.45
71.0457 0.465
71.8293 0.48
72.6129 0.495
73.3965 0.51
74.1801 0.525
74.9637 0.54
75.7473 0.555
76.5309 0.57
77.3145 0.585
78.0981 0.6
78.8817 0.615
79.6653 0.63
80.4489 0.645
81.2325 0.66
82.0161 0.675
82.7997 0.69
83.5833 0.705
84.3669 0.72
85.1505 0.735
85.9341 0.75
86.7177 0.765
87.5013 0.78
88.2849 0.795
89.0685 0.81
89.8521 0.825
90.6357 0.84
91.4193 0.855
92.2029 0.87
92.9865 0.885
93.7701 0.9
94.5537 0.915
95.3373 0.93
96.1209 0.945
96.9045 0.96
97.6881 0.975
98.4717 0.99
99.2553 1.005
100.039 1.02
100.823 1.035
101.606 1.05
102.39 1.065
103.173 1.08
103.957 1.095
104.741 1.11
105.524 1.125
106.308 1.14
107.091 1.155
107.875 1.17
108.659 1.185
109.442 1.2
110.226 1.215
107.246 1.2
104.266 1.185
101.286 1.17
98.3067 1.155
95.327 1.14
92.3473 1.125
89.3675 1.11
86.3878 1.095
83.408 1.08
80.4283 1.065
77.4485 1.05
74.4688 1.035
71.4891 1.02
68.5093 1.005
65.5296 0.99
62.5498 0.975
59.5701 0.96
56.5903 0.945
53.6106 0.93
50.6309 0.915
47.6511 0.9
44.6714 0.885
41.6916 0.87
38.7119 0.855
35.7321 0.84
32.7524 0.825
29.7727 0.81
26.7929 0.795
23.8132 0.78
20.8334 0.765
17.8537 0.75
14.8739 0.735
11.8942 0.72
8.91446 0.705
5.93472 0.69
2.95497 0.675
-0.0103556 0.66
-1.2562 0.645
-2.50205 0.63
-3.7479 0.615
-4.99374 0.6
-6.23959 0.585
-7.48544 0.57
-8.73128 0.555
-9.97713 0.54
-11.223 0.525
-12.4688 0.51
-13.7147 0.495
-14.9605 0.48
-16.2064 0.465
-17.4522 0.45
-18.6981 0.435
-19.9439 0.42
-21.1898 0.405
-22.4356 0.39
-23.6814 0.375
-24.9273 0.36
-26.1731 0.345
-27.419 0.33
-28.6648 0.315
-29.9107 0.3
-31.1565 0.285
-32.4024 0.27
-33.4328 0.255
-34.2164 0.24
-35 0.225
-35.7836 0.21
-36.5672 0.195
-37.3508 0.18
-38.1344 0.165
-38.918 0.15
-39.7016 0.135
-40.4852 0.12
-41.2688 0.105
-42.0524 0.09
-42.836 0.075
-43.6196 0.06
-44.4032 0.045
-45.1868 0.03
-45.9704 0.015
-46.754 3.98986e-17
-47.5376 -0.015
-48.3213 -0.03
-49.1049 -0.045
-49.8885 -0.06
-50.6721 -0.075
-51.4557 -0.09
-52.2393 -0.105
-53.0229 -0.12
-53.8065 -0.135
-54.5901 -0.15
-55.3737 -0.165
-56.1573 -0.18
-56.9409 -0.195
-57.7245 -0.21
-58.5081 -0.225
-59.2917 -0.24
-60.0753 -0.255
-60.8589 -0.27
-61.6425 -0.285
-62.4261 -0.3
-63.2097 -0.315
-63.9933 -0.33
-64.7769 -0.345
-65.5605 -0.36
-66.3441 -0.375
-67.1277 -0.39
-67.9113 -0.405
-68.6949 -0.42
-69.4785 -0.435
-70.2621 -0.45
-71.0457 -0.465
-71.8293 -0.48
-72.6129 -0.495
-73.3965 -0.51
-74.1801 -0.525
-74.9637 -0.54
-75.7473 -0.555
-76.5309 -0.57
-77.3145 -0.585
-78.0981 -0.6
-78.8817 -0.615
-79.6653 -0.63
-80.4489 -0.645
-81.2325 -0.66
-82.0161 -0.675
-82.7997 -0.69
-83.5833 -0.705
-84.3669 -0.72
-85.1505 -0.735
-85.9341 -0.75
-86.7177 -0.765
-87.5013 -0.78
-88.2849 -0.795
-89.0685 -0.81
-89.8521 -0.825
-90.6357 -0.84
-91.4193 -0.855
-92.2029 -0.87
-92.9865 -0.885
-93.7701 -0.9
-94.5537 -0.915
-95.3373 -0.93
-96.1209 -0.945
-96.9045 -0.96
-97.6881 -0.975
-98.4717 -0.99
-99.2553 -1.005
-100.039 -1.02
-100.823 -1.035
-101.606 -1.05
-102.39 -1.065
-103.173 -1.08
-103.957 -1.095
-104.741 -1.11
-105.524 -1.125
-106.308 -1.14
-107.091 -1.155
-107.875 -1.17
-108.659 -1.185
-109.442 -1.2
-110.226 -1.215
-107.246 -1.2
-104.266 -1.185
-101.286 -1.17
-98.3067 -1.155
-95.327 -1.14
-92.3473 -1.125
-89.3675 -1.11
-86.3878 -1.095
-83.408 -1.08
-80.4283 -1.065
-77.4485 -1.05
-74.4688 -1.035
-71.4891 -1.02
-68.5093 -1.005
-65.5296 -0.99
-62.5498 -0.975
-59.5701 -0.96
-56.5903 -0.945
-53.6106 -0.93
-50.6309 -0.915
-47.6511 -0.9
-44.6714 -0.885
-41.6916 -0.87
-38.7119 -0.855
-35.7321 -0.84
-32.7524 -0.825
-29.7727 -0.81
-26.7929 -0.795
-23.8132 -0.78
-20.8334 -0.765
-17.8537 -0.75
-14.8739 -0.735
-11.8942 -0.72
-8.91446 -0.705
-5.93472 -0.69
-2.95497 -0.675
0.0103556 -0.66
1.2562 -0.645
2.50205 -0.63
3.7479 -0.615
4.99374 -0.6
6.23959 -0.585
7.48544 -0.57
8.73128 -0.555
9.97713 -0.54
11.223 -0.525
12.4688 -0.51
13.7147 -0.495
14.9605 -0.48
16.2064 -0.465
17.4522 -0.45
18.6981 -0.435
19.9439 -0.42
21.1898 -0.405
22.4356 -0.39
23.6814 -0.375
24.9273 -0.36
26.1731 -0.345
27.419 -0.33
28.6648 -0.315
29.9107 -0.3
31.1565 -0.285
32.4024 -0.27
33.4328 -0.255
34.2164 -0.24
35 -0.225
35.7836 -0.21
36.5672 -0.195
37.3508 -0.18
38.1344 -0.165
38.918 -0.15
39.7016 -0.135
40.4852 -0.12
41.2688 -0.105
42.0524 -0.09
42.836 -0.075
43.6196 -0.06
44.4032 -0.045
45.1868 -0.03
45.9704 -0.015
46.754 2.08167e-16
47.5376 0.015
48.3213 0.03
49.1049 0.045
49.8885 0.06
50.6721 0.075
51.4557 0.09
52.2393 0.105
53.0229 0.12
53.8065 0.135
54.5901 0.15
55.3737 0.165
56.1573 0.18
56.9409 0.195
57.7245 0.21
58.5081 0.225
59.2917 0.24
60.0753 0.255
60.8589 0.27
61.6425 0.285
62.4261 0.3
63.2097 0.315
63.9933 0.33
64.7769 0.345
65.5605 0.36
66.3441 0.375
67.1277 0.39
67.9113 0.405
68.6949 0.42
69.4785 0.435
70.2621 0.45
71.0457 0.465
71.8293 0.48
72.6129 0.495
73.3965 0.51
74.1801 0.525
74.9637 0.54
75.7473 0.555
76.5309 0.57
77.3145 0.585
78.0981 0.6
78.8817 0.615
79.6653 0.63
80.4489 0.645
81.2325 0.66
82.0161 0.675
82.7997 0.69
83.5833 0.705
84.3669 0.72
85.1505 0.735
85.9341 0.75
86.7177 0.765
87.5013 0.78
88.2849 0.795
89.0685 0.81
89.8521 0.825
90.6357 0.84
91.4193 0.855
92.2029 0.87
92.9865 0.885
93.7701 0.9
94.5537 0.915
95.3373 0.93
96.1209 0.945
96.9045 0.96
97.6881 0.975
98.4717 0.99
99.2553 1.005
100.039 1.02
100.823 1.035
101.606 1.05
102.39 1.065
103.173 1.08
103.957 1.095
104.741 1.11
105.524 1.125
106.308 1.14
107.091 1.155
107.875 1.17
108.659 1.185
109.442 1.2
110.226 1.215
110.273 1.23
110.321 1.245
110.369 1.26
110.417 1.275
110.464 1.29
110.512 1.305
110.56 1.32
110.608 1.335
110.655 1.35
110.703 1.365
110.751 1.38
110.799 1.395
110.846 1.41
110.894 1.425
110.942 1.44
110.989 1.455
111.037 1.47
111.085 1.485
111.133 1.5
111.18 1.515
111.228 1.53
111.276 1.545
111.324 1.56
111.371 1.575
111.419 1.59
111.467 1.605
111.514 1.62
111.562 1.635
111.61 1.65
111.658 1.665
111.705 1.68
111.753 1.695
111.801 1.71
111.849 1.725
111.896 1.74
111.944 1.755
111.992 1.77
112.04 1.785
112.087 1.8
112.135 1.815
109.489 1.8
106.843 1.785
104.197 1.77
101.551 1.755
98.9045 1.74
96.2584 1.725
93.6123 1.71
90.9662 1.695
88.3201 1.68
85.674 1.665
83.0279 1.65
80.3818 1.635
77.7357 1.62
75.0896 1.605
72.4435 1.59
69.7974 1.575
67.1513 1.56
64.5052 1.545
61.8591 1.53
59.213 1.515
56.5669 1.5
53.9208 1.485
51.2747 1.47
48.6286 1.455
45.9825 1.44
43.3364 1.425
40.6903 1.41
38.0442 1.395
35.3981 1.38
32.752 1.365
30.1059 1.35
27.4598 1.335
24.8137 1.32
22.1676 1.305
19.5215 1.29
16.8754 1.275
14.2293 1.26
11.5832 1.245
8.93711 1.23
6.29101 1.215
3.64491 1.2
0.998808 1.185
-0.615142 1.17
-1.60326 1.155
-2.59139 1.14
-3.57951 1.125
-4.56763 1.11
-5.55575 1.095
-6.54388 1.08
-7.532 1.065
-8.52012 1.05
-9.50824 1.035
-10.4964 1.02
-11.4845 1.005
-12.4726 0.99
-13.4607 0.975
-14.4489 0.96
-15.437 0.945
-16.4251 0.93
-17.4132 0.915
-18.4013 0.9
-19.3895 0.885
-20.3776 0.87
-21.3657 0.855
-22.3538 0.84
-23.342 0.825
-24.3301 0.81
-25.3182 0.795
-26.3063 0.78
-27.2944 0.765
-28.2826 0.75
-29.2707 0.735
-30.2588 0.72
-31.2469 0.705
-32.2351 0.69
-33.1639 0.675
-33.7755 0.66
-34.3871 0.645
-34.9987 0.63
-35.6103 0.615
-36.2219 0.6
-36.8335 0.585
-37.4451 0.57
-38.0567 0.555
-38.6684 0.54
-39.28 0.525
-39.8916 0.51
-40.5032 0.495
-41.1148 0.48
-41.7264 0.465
-42.338 0.45
-42.9496 0.435
-43.5612 0.42
-44.1728 0.405
-44.7844 0.39
-45.396 0.375
-46.0076 0.36
-46.6192 0.345
-47.2308 0.33
-47.8424 0.315
-48.454 0.3
-49.0656 0.285
-49.6772 0.27
-50.2888 0.255
-50.9004 0.24
-51.512 0.225
-52.1236 0.21
-52.7352 0.195
-53.3468 0.18
-53.9584 0.165
-54.57 0.15
-55.1816 0.135
-55.7932 0.12
-56.4048 0.105
-57.0164 0.09
-57.628 0.075
-58.2396 0.06
-58.8512 0.045
-59.4628 0.03
-60.0744 0.015
-60.686 1.38778e-17
-61.2976 -0.015
-61.9092 -0.03
-62.5208 -0.045
-63.1324 -0.06
-63.744 -0.075
-64.3556 -0.09
-64.9672 -0.105
-65.5788 -0.12
-66.1904 -0.135
-66.802 -0.15
-67.4136 -0.165
-68.0252 -0.18
-68.6368 -0.195
-69.2484 -0.21
-69.86 -0.225
-70.4716 -0.24
-71.0832 -0.255
-71.6948 -0.27
-72.3064 -0.285
-72.918 -0.3
-73.5296 -0.315
-74.1412 -0.33
-74.7528 -0.345
-75.3644 -0.36
-75.976 -0.375
-76.5876 -0.39
-77.1992 -0.405
-77.8108 -0.42
-78.4224 -0.435
-79.034 -0.45
-79.6456 -0.465
-80.2572 -0.48
-80.8688 -0.495
-81.4804 -0.51
-82.092 -0.525
-82.7036 -0.54
-83.3153 -0.555
-83.9269 -0.57
-84.5385 -0.585
-85.1501 -0.6
-85.7617 -0.615
-86.3733 -0.63
-86.9849 -0.645
-87.5965 -0.66
-88.2081 -0.675
-88.8197 -0.69
-89.4313 -0.705
-90.0429 -0.72
-90.6545 -0.735
-91.2661 -0.75
-91.8777 -0.765
-92.4893 -0.78
-93.1009 -0.795
-93.7125 -0.81
-94.3241 -0.825
-94.9357 -0.84
-95.5473 -0.855
-96.1589 -0.87
-96.7705 -0.885
-97.3821 -0.9
-97.9937 -0.915
-98.6053 -0.93
-99.2169 -0.945
-99.8285 -0.96
-100.44 -0.975
-101.052 -0.99
-101.663 -1.005
-102.275 -1.02
-102.886 -1.035
-103.498 -1.05
-104.11 -1.065
-104.721 -1.08
-105.333 -1.095
-105.945 -1.11
-106.556 -1.125
-107.168 -1.14
-107.779 -1.155
-108.391 -1.17
-109.003 -1.185
-109.614 -1.2
-110.226 -1.215
-110.273 -1.23
-110.321 -1.245
-110.369 -1.26
-110.417 -1.275
-110.464 -1.29
-110.512 -1.305
-110.56 -1.32
-110.608 -1.335
-110.655 -1.35
-110.703 -1.365
-110.751 -1.38
-110.799 -1.395
-110.846 -1.41
-110.894 -1.425
-110.942 -1.44
-110.989 -1.455
-111.037 -1.47
-111.085 -1.485
-111.133 -1.5
-111.18 -1.515
-111.228 -1.53
-111.276 -1.545
-111.324 -1.56
-111.371 -1.575
-111.419 -1.59
-111.467 -1.605
-111.514 -1.62
-111.562 -1.635
-111.61 -1.65
-111.658 -1.665
-111.705 -1.68
-111.753 -1.695
-111.801 -1.71
-111.849 -1.725
-111.896 -1.74
-111.944 -1.755
-111.992 -1.77
-112.04 -1.785
-112.087 -1.8
-112.135 -1.815
-109.489 -1.8
-106.843 -1.785
-104.197 -1.77
-101.551 -1.755
-98.9045 -1.74
-96.2584 -1.725
-93.6123 -1.71
-90.9662 -1.695
-88.3201 -1.68
-85.674 -1.665
-83.0279 -1.65
-80.3818 -1.635
-77.7357 -1.62
-75.0896 -1.605
-72.4435 -1.59
-69.7974 -1.575
-67.1513 -1.56
-64.5052 -1.545
-61.8591 -1.53
-59.213 -1.515
-56.5669 -1.5
-53.9208 -1.485
-51.2747 -1.47
-48.6286 -1.455
-45.9825 -1.44
-43.3364 -1.425
-40.6903 -1.41
-38.0442 -1.395
-35.3981 -1.38
-32.752 -1.365
-30.1059 -1.35
-27.4598 -1.335
-24.8137 -1.32
-22.1676 -1.305
-19.5215 -1.29
-16.8754 -1.275
-14.2293 -1.26
-11.5832 -1.245
-8.93711 -1.23
-6.29101 -1.215
-3.64491 -1.2
-0.998808 -1.185
0.512948 -1.17
1.33691 -1.155
2.16088 -1.14
2.98484 -1.125
3.80881 -1.11
4.63277 -1.095
5.45674 -1.08
6.2807 -1.065
7.10467 -1.05
7.92863 -1.035
8.7526 -1.02
9.57656 -1.005
10.4005 -0.99
11.2245 -0.975
12.0485 -0.96
12.8724 -0.945
13.6964 -0.93
14.5204 -0.915
15.3443 -0.9
16.1683 -0.885
16.9922 -0.87
17.8162 -0.855
18.6402 -0.84
19.4641 -0.825
20.2881 -0.81
21.1121 -0.795
21.936 -0.78
22.76 -0.765
23.584 -0.75
24.4079 -0.735
25.2319 -0.72
26.0559 -0.705
26.8798 -0.69
27.7038 -0.675
28.5278 -0.66
29.3517 -0.645
30.1757 -0.63
30.9997 -0.615
31.8236 -0.6
32.6476 -0.585
33.4716 -0.57
34.0335 -0.555
34.5278 -0.54
35.0221 -0.525
35.5164 -0.51
36.0107 -0.495
36.505 -0.48
36.9993 -0.465
37.4937 -0.45
37.988 -0.435
38.4823 -0.42
38.9766 -0.405
39.4709 -0.39
39.9652 -0.375
40.4595 -0.36
40.9539 -0.345
41.4482 -0.33
41.9425 -0.315
42.4368 -0.3
42.9311 -0.285
43.4254 -0.27
43.9197 -0.255
44.414 -0.24
44.9084 -0.225
45.4027 -0.21
45.897 -0.195
46.3913 -0.18
46.8856 -0.165
47.3799 -0.15
47.8742 -0.135
48.3686 -0.12
48.8629 -0.105
49.3572 -0.09
49.8515 -0.075
50.3458 -0.06
50.8401 -0.045
51.3344 -0.03
51.8288 -0.015
52.3231 2.08167e-16
52.8174 0.015
53.3117 0.03
53.806 0.045
54.3003 0.06
54.7946 0.075
55.2889 0.09
55.7833 0.105
56.2776 0.12
56.7719 0.135
57.2662 0.15
57.7605 0.165
58.2548 0.18
58.7491 0.195
59.2435 0.21
59.7378 0.225
60.2321 0.24
60.7264 0.255
61.2207 0.27
61.715 0.285
62.2093 0.3
62.7037 0.315
63.198 0.33
63.6923 0.345
64.1866 0.36
64.6809 0.375
65.1752 0.39
65.6695 0.405
66.1638 0.42
66.6582 0.435
67.1525 0.45
67.6468 0.465
68.1411 0.48
68.6354 0.495
69.1297 0.51
69.624 0.525
70.1184 0.54
70.6127 0.555
71.107 0.57
71.6013 0.585
72.0956 0.6
72.5899 0.615
73.0842 0.63
73.5786 0.645
74.0729 0.66
74.5672 0.675
75.0615 0.69
75.5558 0.705
76.0501 0.72
76.5444 0.735
77.0387 0.75
77.5331 0.765
78.0274 0.78
78.5217 0.795
79.016 0.81
79.5103 0.825
80.0046 0.84
80.4989 0.855
80.9933 0.87
81.4876 0.885
81.9819 0.9
82.4762 0.915
82.9705 0.93
83.4648 0.945
83.9591 0.96
84.4535 0.975
84.9478 0.99
85.4421 1.005
85.9364 1.02
86.4307 1.035
86.925 1.05
87.4193 1.065
87.9136 1.08
88.408 1.095
88.9023 1.11
89.3966 1.125
89.8909 1.14
90.3852 1.155
90.8795 1.17
91.3738 1.185
91.8682 1.2
92.3625 1.215
92.8568 1.23
93.3511 1.245
93.8454 1.26
94.3397 1.275
94.834 1.29
95.3284 1.305
95.8227 1.32
96.317 1.335
96.8113 1.35
97.3056 1.365
97.7999 1.38
98.2942 1.395
98.7886 1.41
99.2829 1.425
99.7772 1.44
100.271 1.455
100.766 1.47
101.26 1.485
101.754 1.5
102.249 1.515
102.743 1.53
103.237 1.545
103.732 1.56
104.226 1.575
104.72 1.59
105.215 1.605
105.709 1.62
106.203 1.635
106.698 1.65
107.192 1.665
107.686 1.68
108.181 1.695
108.675 1.71
109.169 1.725
109.663 1.74
110.158 1.755
110.652 1.77
111.146 1.785
111.641 1.8
112.135 1.815
109.489 1.8
106.843 1.785
104.197 1.77
101.551 1.755
98.9045 1.74
96.2584 1.725
93.6123 1.71
90.9662 1.695
88.3201 1.68
85.674 1.665
83.0279 1.65
80.3818 1.635
77.7357 1.62
75.0896 1.605
72.4435 1.59
69.7974 1.575
67.1513 1.56
64.5052 1.545
61.8591 1.53
59.213 1.515
56.5669 1.5
53.9208 1.485
51.2747 1.47
48.6286 1.455
45.9825 1.44
43.3364 1.425
40.6903 1.41
38.0442 1.395
35.3981 1.38
32.752 1.365
30.1059 1.35
27.4598 1.335
24.8137 1.32
22.1676 1.305
19.5215 1.29
16.8754 1.275
14.2293 1.26
11.5832 1.245
8.93711 1.23
6.29101 1.215
3.64491 1.2
0.998808 1.185
-0.512948 1.17
-1.33691 1.155
-2.16088 1.14
-2.98484 1.125
-3.80881 1.11
-4.63277 1.095
-5.45674 1.08
-6.2807 1.065
-7.10467 1.05
-7.92863 1.035
-8.7526 1.02
-9.57656 1.005
-10.4005 0.99
-11.2245 0.975
-12.0485 0.96
-12.8724 0.945
-13.6964 0.93
-14.5204 0.915
-15.3443 0.9
-16.1683 0.885
-16.9922 0.87
-17.8162 0.855
-18.6402 0.84
-19.4641 0.825
-20.2881 0.81
-21.1121 0.795
-21.936 0.78
-22.76 0.765
-23.584 0.75
-24.4079 0.735
-25.2319 0.72
-26.0559 0.705
-26.8798 0.69
-27.7038 0.675
-28.5278 0.66
-29.3517 0.645
-30.1757 0.63
-30.9997 0.615
-31.8236 0.6
-32.6476 0.585
-33.4716 0.57
-34.0335 0.555
-34.5278 0.54
-35.0221 0.525
-35.5164 0.51
-36.0107 0.495
-36.505 0.48
-36.9993 0.465
-37.4937 0.45
-37.988 0.435
-38.4823 0.42
-38.9766 0.405
-39.4709 0.39
-39.9652 0.375
-40.4595 0.36
-40.9539 0.345
-41.4482 0.33
-41.9425 0.315
-42.4368 0.3
-42.9311 0.285
-43.4254 0.27
-43.9197 0.255
-44.414 0.24
-44.9084 0.225
-45.4027 0.21
-45.897 0.195
-46.3913 0.18
-46.8856 0.165
-47.3799 0.15
-47.8742 0.135
-48.3686 0.12
-48.8629 0.105
-49.3572 0.09
-49.8515 0.075
-50.3458 0.06
-50.8401 0.045
-51.3344 0.03
-51.8288 0.015
-52.3231 1.38778e-17
-52.8174 -0.015
-53.3117 -0.03
-53.806 -0.045
-54.3003 -0.06
-54.7946 -0.075
-55.2889 -0.09
-55.7833 -0.105
-56.2776 -0.12
-56.7719 -0.135
-57.2662 -0.15
-57.7605 -0.165
-58.2548 -0.18
-58.7491 -0.195
-59.2435 -0.21
-59.7378 -0.225
-60.2321 -0.24
-60.7264 -0.255
-61.2207 -0.27
-61.715 -0.285
-62.2093 -0.3
-62.7037 -0.315
-63.198 -0.33
-63.6923 -0.345
-64.1866 -0.36
-64.6809 -0.375
-65.1752 -0.39
-65.6695 -0.405
-66.1638 -0.42
-66.6582 -0.435
-67.1525 -0.45
-67.6468 -0.465
-68.1411 -0.48
-68.6354 -0.495
-69.1297 -0.51
-69.624 -0.525
-70.1184 -0.54
-70.6127 -0.555
-71.107 -0.57
-71.6013 -0.585
-72.0956 -0.6
-72.5899 -0.615
-73.0842 -0.63
-73.5786 -0.645
-74.0729 -0.66
-74.5672 -0.675
-75.0615 -0.69
-75.5558 -0.705
-76.0501 -0.72
-76.5444 -0.735
-77.0387 -0.75
-77.5331 -0.765
-78.0274 -0.78
-78.5217 -0.795
-79.016 -0.81
-79.5103 -0.825
-80.0046 -0.84
-80.4989 -0.855
-80.9933 -0.87
-81.4876 -0.885
-81.9819 -0.9
-82.4762 -0.915
-82.9705 -0.93
-83.4648 -0.945
-83.9591 -0.96
-84.4535 -0.975
-84.9478 -0.99
-85.4421 -1.005
-85.9364 -1.02
-86.4307 -1.035
-86.925 -1.05
-87.4193 -1.065
-87.9136 -1.08
-88.408 -1.095
-88.9023 -1.11
-89.3966 -1.125
-89.8909 -1.14
-90.3852 -1.155
-90.8795 -1.17
-91.3738 -1.185
-91.8682 -1.2
-92.3625 -1.215
-92.8568 -1.23
-93.3511 -1.245
-93.8454 -1.26
-94.3397 -1.275
-94.834 -1.29
-95.3284 -1.305
-95.8227 -1.32
-96.317 -1.335
-96.8113 -1.35
-97.3056 -1.365
-97.7999 -1.38
-98.2942 -1.395
-98.7886 -1.41
-99.2829 -1.425
-99.7772 -1.44
-100.271 -1.455
-100.766 -1.47
-101.26 -1.485
-101.754 -1.5
-102.249 -1.515
-102.743 -1.53
-103.237 -1.545
-103.732 -1.56
-104.226 -1.575
-104.72 -1.59
-105.215 -1.605
-105.709 -1.62
-106.203 -1.635
-106.698 -1.65
-107.192 -1.665
-107.686 -1.68
-108.181 -1.695
-108.675 -1.71
-109.169 -1.725
-109.663 -1.74
-110.158 -1.755
-110.652 -1.77
-111.146 -1.785
-111.641 -1.8
-112.135 -1.815
-109.489 -1.8
-106.843 -1.785
-104.197 -1.77
-101.551 -1.755
-98.9045 -1.74
-96.2584 -1.725
-93.6123 -1.71
-90.9662 -1.695
-88.3201 -1.68
-85.674 -1.665
-83.0279 -1.65
-80.3818 -1.635
-77.7357 -1.62
-75.0896 -1.605
-72.4435 -1.59
-69.7974 -1.575
-67.1513 -1.56
-64.5052 -1.545
-61.8591 -1.53
-59.213 -1.515
-56.5669 -1.5
-53.9208 -1.485
-51.2747 -1.47
-48.6286 -1.455
-45.9825 -1.44
-43.3364 -1.425
-40.6903 -1.41
-38.0442 -1.395
-35.3981 -1.38
-32.752 -1.365
-30.1059 -1.35
-27.4598 -1.335
-24.8137 -1.32
-22.1676 -1.305
-19.5215 -1.29
-16.8754 -1.275
-14.2293 -1.26
-11.5832 -1.245
-8.93711 -1.23
-6.29101 -1.215
-3.64491 -1.2
-0.998808 -1.185
0.512948 -1.17
1.33691 -1.155
2.16088 -1.14
2.98484 -1.125
3.80881 -1.11
4.63277 -1.095
5.45674 -1.08
6.2807 -1.065
7.10467 -1.05
7.92863 -1.035
8.7526 -1.02
9.57656 -1.005
10.4005 -0.99
11.2245 -0.975
12.0485 -0.96
12.8724 -0.945
13.6964 -0.93
14.5204 -0.915
15.3443 -0.9
16.1683 -0.885
16.9922 -0.87
17.8162 -0.855
18.6402 -0.84
19.4641 -0.825
20.2881 -0.81
21.1121 -0.795
21.936 -0.78
22.76 -0.765
23.584 -0.75
24.4079 -0.735
25.2319 -0.72
26.0559 -0.705
26.8798 -0.69
27.7038 -0.675
28.5278 -0.66
29.3517 -0.645
30.1757 -0.63
30.9997 -0.615
31.8236 -0.6
32.6476 -0.585
33.4716 -0.57
34.0335 -0.555
34.5278 -0.54
35.0221 -0.525
35.5164 -0.51
36.0107 -0.495
36.505 -0.48
36.9993 -0.465
37.4937 -0.45
37.988 -0.435
38.4823 -0.42
38.9766 -0.405
39.4709 -0.39
39.9652 -0.375
40.4595 -0.36
40.9539 -0.345
41.4482 -0.33
41.9425 -0.315
42.4368 -0.3
42.9311 -0.285
43.4254 -0.27
43.9197 -0.255
44.414 -0.24
44.9084 -0.225
45.4027 -0.21
45.897 -0.195
46.3913 -0.18
46.8856 -0.165
47.3799 -0.15
47.8742 -0.135
48.3686 -0.12
48.8629 -0.105
49.3572 -0.09
49.8515 -0.075
50.3458 -0.06
50.8401 -0.045
51.3344 -0.03
51.8288 -0.015
52.3231 2.08167e-16
52.8174 0.015
53.3117 0.03
53.806 0.045
54.3003 0.06
54.7946 0.075
55.2889 0.09
55.7833 0.105
56.2776 0.12
56.7719 0.135
57.2662 0.15
57.7605 0.165
58.2548 0.18
58.7491 0.195
59.2435 0.21
59.7378 0.225
60.2321 0.24
60.7264 0.255
61.2207 0.27
61.715 0.285
62.2093 0.3
62.7037 0.315
63.198 0.33
63.6923 0.345
64.1866 0.36
64.6809 0.375
65.1752 0.39
65.6695 0.405
66.1638 0.42
66.6582 0.435
67.1525 0.45
67.6468 0.465
68.1411 0.48
68.6354 0.495
69.1297 0.51
69.624 0.525
70.1184 0.54
70.6127 0.555
71.107 0.57
71.6013 0.585
72.0956 0.6
72.5899 0.615
73.0842 0.63
73.5786 0.645
74.0729 0.66
74.5672 0.675
75.0615 0.69
75.5558 0.705
76.0501 0.72
76.5444 0.735
77.0387 0.75
77.5331 0.765
78.0274 0.78
78.5217 0.795
79.016 0.81
79.5103 0.825
80.0046 0.84
80.4989 0.855
80.9933 0.87
81.4876 0.885
81.9819 0.9
82.4762 0.915
82.9705 0.93
83.4648 0.945
83.9591 0.96
84.4535 0.975
84.9478 0.99
85.4421 1.005
85.9364 1.02
86.4307 1.035
86.925 1.05
87.4193 1.065
87.9136 1.08
88.408 1.095
88.9023 1.11
89.3966 1.125
89.8909 1.14
90.3852 1.155
90.8795 1.17
91.3738 1.185
91.8682 1.2
92.3625 1.215
92.8568 1.23
93.3511 1.245
93.8454 1.26
94.3397 1.275
94.834 1.29
95.3284 1.305
95.8227 1.32
96.317 1.335
96.8113 1.35
97.3056 1.365
97.7999 1.38
98.2942 1.395
98.7886 1.41
99.2829 1.425
99.7772 1.44
100.271 1.455
100.766 1.47
101.26 1.485
101.754 1.5
102.249 1.515
102.743 1.53
103.237 1.545
103.732 1.56
104.226 1.575
104.72 1.59
105.215 1.605
105.709 1.62
106.203 1.635
106.698 1.65
107.192 1.665
107.686 1.68
108.181 1.695
108.675 1.71
109.169 1.725
109.663 1.74
110.158 1.755
110.652 1.77
111.146 1.785
111.641 1.8
112.135 1.815
109.489 1.8
106.843 1.785
104.197 1.77
101.551 1.755
98.9045 1.74
96.2584 1.725
93.6123 1.71
90.9662 1.695
88.3201 1.68
85.674 1.665
83.0279 1.65
80.3818 1.635
77.7357 1.62
75.0896 1.605
72.4435 1.59
69.7974 1.575
67.1513 1.56
64.5052 1.545
61.8591 1.53
59.213 1.515
56.5669 1.5
53.9208 1.485
51.2747 1.47
48.6286 1.455
45.9825 1.44
43.3364 1.425
40.6903 1.41
38.0442 1.395
35.3981 1.38
32.752 1.365
30.1059 1.35
27.4598 1.335
24.8137 1.32
22.1676 1.305
19.5215 1.29
16.8754 1.275
14.2293 1.26
11.5832 1.245
8.93711 1.23
6.29101 1.215
3.64491 1.2
0.998808 1.185
-0.512948 1.17
-1.33691 1.155
-2.16088 1.14
-2.98484 1.125
-3.80881 1.11
-4.63277 1.095
-5.45674 1.08
-6.2807 1.065
-7.10467 1.05
-7.92863 1.035
-8.7526 1.02
-9.57656 1.005
-10.4005 0.99
-11.2245 0.975
-12.0485 0.96
-12.8724 0.945
-13.6964 0.93
-14.5204 0.915
-15.3443 0.9
-16.1683 0.885
-16.9922 0.87
-17.8162 0.855
-18.6402 0.84
-19.4641 0.825
-20.2881 0.81
-21.1121 0.795
-21.936 0.78
-22.76 0.765
-23.584 0.75
-24.4079 0.735
-25.2319 0.72
-26.0559 0.705
-26.8798 0.69
-27.7038 0.675
-28.5278 0.66
-29.3517 0.645
-30.1757 0.63
-30.9997 0.615
-31.8236 0.6
-32.6476 0.585
-33.4716 0.57
-34.0335 0.555
-34.5278 0.54
-35.0221 0.525
-35.5164 0.51
-36.0107 0.495
-36.505 0.48
-36.9993 0.465
-37.4937 0.45
-37.988 0.435
-38.4823 0.42
-38.9766 0.405
-39.4709 0.39
-39.9652 0.375
-40.4595 0.36
-40.9539 0.345
-41.4482 0.33
-41.9425 0.315
-42.4368 0.3
-42.9311 0.285
-43.4254 0.27
-43.9197 0.255
-44.414 0.24
-44.9084 0.225
-45.4027 0.21
-45.897 0.195
-46.3913 0.18
-46.8856 0.165
-47.3799 0.15
-47.8742 0.135
-48.3686 0.12
-48.8629 0.105
-49.3572 0.09
-49.8515 0.075
-50.3458 0.06
-50.8401 0.045
-51.3344 0.03
-51.8288 0.015
-52.3231 1.38778e-17
-52.8174 -0.015
-53.3117 -0.03
-53.806 -0.045
-54.3003 -0.06
-54.7946 -0.075
-55.2889 -0.09
-55.7833 -0.105
-56.2776 -0.12
-56.7719 -0.135
-57.2662 -0.15
-57.7605 -0.165
-58.2548 -0.18
-58.7491 -0.195
-59.2435 -0.21
-59.7378 -0.225
-60.2321 -0.24
-60.7264 -0.255
-61.2207 -0.27
-61.715 -0.285
-62.2093 -0.3
-62.7037 -0.315
-63.198 -0.33
-63.6923 -0.345
-64.1866 -0.36
-64.6809 -0.375
-65.1752 -0.39
-65.6695 -0.405
-66.1638 -0.42
-66.6582 -0.435
-67.1525 -0.45
-67.6468 -0.465
-68.1411 -0.48
-68.6354 -0.495
-69.1297 -0.51
-69.624 -0.525
-70.1184 -0.54
-70.6127 -0.555
-71.107 -0.57
-71.6013 -0.585
-72.0956 -0.6
-72.5899 -0.615
-73.0842 -0.63
-73.5786 -0.645
-74.0729 -0.66
-74.5672 -0.675
-75.0615 -0.69
-75.5558 -0.705
-76.0501 -0.72
-76.5444 -0.735
-77.0387 -0.75
-77.5331 -0.765
-78.0274 -0.78
-78.5217 -0.795
-79.016 -0.81
-79.5103 -0.825
-80.0046 -0.84
-80.4989 -0.855
-80.9933 -0.87
-81.4876 -0.885
-81.9819 -0.9
-82.4762 -0.915
-82.9705 -0.93
-83.4648 -0.945
-83.9591 -0.96
-84.4535 -0.975
-84.9478 -0.99
-85.4421 -1.005
-85.9364 -1.02
-86.4307 -1.035
-86.925 -1.05
-87.4193 -1.065
-87.9136 -1.08
-88.408 -1.095
-88.9023 -1.11
-89.3966 -1.125
-89.8909 -1.14
-90.3852 -1.155
-90.8795 -1.17
-91.3738 -1.185
-91.8682 -1.2
-92.3625 -1.215
-92.8568 -1.23
-93.3511 -1.245
-93.8454 -1.26
-94.3397 -1.275
-94.834 -1.29
-95.3284 -1.305
-95.8227 -1.32
-96.317 -1.335
-96.8113 -1.35
-97.3056 -1.365
-97.7999 -1.38
-98.2942 -1.395
-98.7886 -1.41
-99.2829 -1.425
-99.7772 -1.44
-100.271 -1.455
-100.766 -1.47
-101.26 -1.485
-101.754 -1.5
-102.249 -1.515
-102.743 -1.53
-103.237 -1.545
-103.732 -1.56
-104.226 -1.575
-104.72 -1.59
-105.215 -1.605
-105.709 -1.62
-106.203 -1.635
-106.698 -1.65
-107.192 -1.665
-107.686 -1.68
-108.181 -1.695
-108.675 -1.71
-109.169 -1.725
-109.663 -1.74
-110.158 -1.755
-110.652 -1.77
-111.146 -1.785
-111.641 -1.8
-112.135 -1.815
-109.489 -1.8
-106.843 -1.785
-104.197 -1.77
-101.551 -1.755
-98.9045 -1.74
-96.2584 -1.725
-93.6123 -1.71
-90.9662 -1.695
-88.3201 -1.68
-85.674 -1.665
-83.0279 -1.65
-80.3818 -1.635
-77.7357 -1.62
-75.0896 -1.605
-72.4435 -1.59
-69.7974 -1.575
-67.1513 -1.56
-64.5052 -1.545
-61.8591 -1.53
-59.213 -1.515
-56.5669 -1.5
-53.9208 -1.485
-51.2747 -1.47
-48.6286 -1.455
-45.9825 -1.44
-43.3364 -1.425
-40.6903 -1.41
-38.0442 -1.395
-35.3981 -1.38
-32.752 -1.365
-30.1059 -1.35
-27.4598 -1.335
-24.8137 -1.32
-22.1676 -1.305
-19.5215 -1.29
-16.8754 -1.275
-14.2293 -1.26
-11.5832 -1.245
-8.93711 -1.23
-6.29101 -1.215
-3.64491 -1.2
-0.998808 -1.185
0.512948 -1.17
1.33691 -1.155
2.16088 -1.14
2.98484 -1.125
3.80881 -1.11
4.63277 -1.095
5.45674 -1.08
6.2807 -1.065
7.10467 -1.05
7.92863 -1.035
8.7526 -1.02
9.57656 -1.005
10.4005 -0.99
11.2245 -0.975
12.0485 -0.96
12.8724 -0.945
13.6964 -0.93
14.5204 -0.915
15.3443 -0.9
16.1683 -0.885
16.9922 -0.87
17.8162 -0.855
18.6402 -0.84
19.4641 -0.825
20.2881 -0.81
21.1121 -0.795
21.936 -0.78
22.76 -0.765
23.584 -0.75
24.4079 -0.735
25.2319 -0.72
26.0559 -0.705
26.8798 -0.69
27.7038 -0.675
28.5278 -0.66
29.3517 -0.645
30.1757 -0.63
30.9997 -0.615
31.8236 -0.6
32.6476 -0.585
33.4716 -0.57
34.0335 -0.555
34.5278 -0.54
35.0221 -0.525
35.5164 -0.51
36.0107 -0.495
36.505 -0.48
36.9993 -0.465
37.4937 -0.45
37.988 -0.435
38.4823 -0.42
38.9766 -0.405
39.4709 -0.39
39.9652 -0.375
40.4595 -0.36
40.9539 -0.345
41.4482 -0.33
41.9425 -0.315
42.4368 -0.3
42.9311 -0.285
43.4254 -0.27
43.9197 -0.255
44.414 -0.24
44.9084 -0.225
45.4027 -0.21
45.897 -0.195
46.3913 -0.18
46.8856 -0.165
47.3799 -0.15
47.8742 -0.135
48.3686 -0.12
48.8629 -0.105
49.3572 -0.09
49.8515 -0.075
50.3458 -0.06
50.8401 -0.045
51.3344 -0.03
51.8288 -0.015
52.3231 2.08167e-16
52.8174 0.015
53.3117 0.03
53.806 0.045
54.3003 0.06
54.7946 0.075
55.2889 0.09
55.7833 0.105
56.2776 0.12
56.7719 0.135
57.2662 0.15
57.7605 0.165
58.2548 0.18
58.7491 0.195
59.2435 0.21
59.7378 0.225
60.2321 0.24
60.7264 0.255
61.2207 0.27
61.715 0.285
62.2093 0.3
62.7037 0.315
63.198 0.33
63.6923 0.345
64.1866 0.36
64.6809 0.375
65.1752 0.39
65.6695 0.405
66.1638 0.42
66.6582 0.435
67.1525 0.45
67.6468 0.465
68.1411 0.48
68.6354 0.495
69.1297 0.51
69.624 0.525
70.1184 0.54
70.6127 0.555
71.107 0.57
71.6013 0.585
72.0956 0.6
72.5899 0.615
73.0842 0.63
73.5786 0.645
74.0729 0.66
74.5672 0.675
75.0615 0.69
75.5558 0.705
76.0501 0.72
76.5444 0.735
77.0387 0.75
77.5331 0.765
78.0274 0.78
78.5217 0.795
79.016 0.81
79.5103 0.825
80.0046 0.84
80.4989 0.855
80.9933 0.87
81.4876 0.885
81.9819 0.9
82.4762 0.915
82.9705 0.93
83.4648 0.945
83.9591 0.96
84.4535 0.975
84.9478 0.99
85.4421 1.005
85.9364 1.02
86.4307 1.035
86.925 1.05
87.4193 1.065
87.9136 1.08
88.408 1.095
88.9023 1.11
89.3966 1.125
89.8909 1.14
90.3852 1.155
90.8795 1.17
91.3738 1.185
91.8682 1.2
92.3625 1.215
92.8568 1.23
93.3511 1.245
93.8454 1.26
94.3397 1.275
94.834 1.29
95.3284 1.305
95.8227 1.32
96.317 1.335
96.8113 1.35
97.3056 1.365
97.7999 1.38
98.2942 1.395
98.7886 1.41
99.2829 1.425
99.7772 1.44
100.271 1.455
100.766 1.47
101.26 1.485
101.754 1.5
102.249 1.515
102.743 1.53
103.237 1.545
103.732 1.56
104.226 1.575
104.72 1.59
105.215 1.605
105.709 1.62
106.203 1.635
106.698 1.65
107.192 1.665
107.686 1.68
108.181 1.695
108.675 1.71
109.169 1.725
109.663 1.74
110.158 1.755
110.652 1.77
111.146 1.785
111.641 1.8
112.135 1.815
112.183 1.83
112.23 1.845
112.278 1.86
112.326 1.875
112.374 1.89
112.421 1.905
112.469 1.92
112.517 1.935
112.565 1.95
112.612 1.965
112.66 1.98
112.708 1.995
112.756 2.01
112.803 2.025
112.851 2.04
112.899 2.055
112.946 2.07
112.994 2.085
113.042 2.1
113.09 2.115
113.137 2.13
113.185 2.145
113.233 2.16
113.281 2.175
113.328 2.19
113.376 2.205
113.424 2.22
113.472 2.235
113.519 2.25
113.567 2.265
113.615 2.28
113.662 2.295
113.71 2.31
113.758 2.325
113.806 2.34
113.853 2.355
113.901 2.37
113.949 2.385
113.997 2.4
114.044 2.415
111.639 2.4
109.234 2.385
106.829 2.37
104.424 2.355
102.019 2.34
99.6141 2.325
97.209 2.31
94.804 2.295
92.399 2.28
89.9939 2.265
87.5889 2.25
85.1838 2.235
82.7788 2.22
80.3738 2.205
77.9687 2.19
75.5637 2.175
73.1586 2.16
70.7536 2.145
68.3485 2.13
65.9435 2.115
63.5385 2.1
61.1334 2.085
58.7284 2.07
56.3233 2.055
53.9183 2.04
51.5133 2.025
49.1082 2.01
46.7032 1.995
44.2981 1.98
41.8931 1.965
39.4881 1.95
37.083 1.935
34.678 1.92
32.2729 1.905
29.8679 1.89
27.4628 1.875
25.0578 1.86
22.6528 1.845
20.2477 1.83
17.8427 1.815
15.4376 1.8
13.0326 1.785
10.6276 1.77
8.22252 1.755
5.81748 1.74
3.41244 1.725
1.0074 1.71
-0.408821 1.695
-1.11231 1.68
-1.81581 1.665
-2.5193 1.65
-3.22279 1.635
-3.92628 1.62
-4.62977 1.605
-5.33327 1.59
-6.03676 1.575
-6.74025 1.56
-7.44374 1.545
-8.14723 1.53
-8.85073 1.515
-9.55422 1.5
-10.2577 1.485
-10.9612 1.47
-11.6647 1.455
-12.3682 1.44
-13.0717 1.425
-13.7752 1.41
-14.4787 1.395
-15.1822 1.38
-15.8856 1.365
-16.5891 1.35
-17.2926 1.335
-17.9961 1.32
-18.6996 1.305
-19.4031 1.29
-20.1066 1.275
-20.8101 1.26
-21.5136 1.245
-22.2171 1.23
-22.9206 1.215
-23.6241 1.2
-24.3276 1.185
-25.031 1.17
-25.7345 1.155
-26.438 1.14
-27.1415 1.125
-27.845 1.11
-28.5485 1.095
-29.252 1.08
-29.9555 1.065
-30.659 1.05
-31.3625 1.035
-32.066 1.02
-32.7695 1.005
-33.473 0.99
-33.9607 0.975
-34.381 0.96
-34.8013 0.945
-35.2216 0.93
-35.6419 0.915
-36.0622 0.9
-36.4824 0.885
-36.9027 0.87
-37.323 0.855
-37.7433 0.84
-38.1636 0.825
-38.5839 0.81
-39.0042 0.795
-39.4245 0.78
-39.8448 0.765
-40.2651 0.75
-40.6854 0.735
-41.1057 0.72
-41.526 0.705
-41.9462 0.69
-42.3665 0.675
-42.7868 0.66
-43.2071 0.645
-43.6274 0.63
-44.0477 0.615
-44.468 0.6
-44.8883 0.585
-45.3086 0.57
-45.7289 0.555
-46.1492 0.54
-46.5695 0.525
-46.9897 0.51
-47.41 0.495
-47.8303 0.48
-48.2506 0.465
-48.6709 0.45
-49.0912 0.435
-49.5115 0.42
-49.9318 0.405
-50.3521 0.39
-50.7724 0.375
-51.1927 0.36
-51.613 0.345
-52.0333 0.33
-52.4535 0.315
-52.8738 0.3
-53.2941 0.285
-53.7144 0.27
-54.1347 0.255
-54.555 0.24
-54.9753 0.225
-55.3956 0.21
-55.8159 0.195
-56.2362 0.18
-56.6565 0.165
-57.0768 0.15
-57.4971 0.135
-57.9173 0.12
-58.3376 0.105
-58.7579 0.09
-59.1782 0.075
-59.5985 0.06
-60.0188 0.045
-60.4391 0.03
-60.8594 0.015
-61.2797 2.91434e-16
-61.7 -0.015
-62.1203 -0.03
-62.5406 -0.045
-62.9608 -0.06
-63.3811 -0.075
-63.8014 -0.09
-64.2217 -0.105
-64.642 -0.12
-65.0623 -0.135
-65.4826 -0.15
-65.9029 -0.165
-66.3232 -0.18
-66.7435 -0.195
-67.1638 -0.21
-67.5841 -0.225
-68.0044 -0.24
-68.4246 -0.255
-68.8449 -0.27
-69.2652 -0.285
-69.6855 -0.3
-70.1058 -0.315
-70.5261 -0.33
-70.9464 -0.345
-71.3667 -0.36
-71.787 -0.375
-72.2073 -0.39
-72.6276 -0.405
-73.0479 -0.42
-73.4681 -0.435
-73.8884 -0.45
-74.3087 -0.465
-74.729 -0.48
-75.1493 -0.495
-75.5696 -0.51
-75.9899 -0.525
-76.4102 -0.54
-76.8305 -0.555
-77.2508 -0.57
-77.6711 -0.585
-78.0914 -0.6
-78.5117 -0.615
-78.9319 -0.63
-79.3522 -0.645
-79.7725 -0.66
-80.1928 -0.675
-80.6131 -0.69
-81.0334 -0.705
-81.4537 -0.72
-81.874 -0.735
-82.2943 -0.75
-82.7146 -0.765
-83.1349 -0.78
-83.5552 -0.795
-83.9755 -0.81
-84.3957 -0.825
-84.816 -0.84
-85.2363 -0.855
-85.6566 -0.87
-86.0769 -0.885
-86.4972 -0.9
-86.9175 -0.915
-87.3378 -0.93
-87.7581 -0.945
-88.1784 -0.96
-88.5987 -0.975
-89.019 -0.99
-89.4392 -1.005
-89.8595 -1.02
-90.2798 -1.035
-90.7001 -1.05
-91.1204 -1.065
-91.5407 -1.08
-91.961 -1.095
-92.3813 -1.11
-92.8016 -1.125
-93.2219 -1.14
-93.6422 -1.155
-94.0625 -1.17
-94.4828 -1.185
-94.903 -1.2
-95.3233 -1.215
-95.7436 -1.23
-96.1639 -1.245
-96.5842 -1.26
-97.0045 -1.275
-97.4248 -1.29
-97.8451 -1.305
-98.2654 -1.32
-98.6857 -1.335
-99.106 -1.35
-99.5263 -1.365
-99.9465 -1.38
-100.367 -1.395
-100.787 -1.41
-101.207 -1.425
-101.628 -1.44
-102.048 -1.455
-102.468 -1.47
-102.889 -1.485
-103.309 -1.5
-103.729 -1.515
-104.149 -1.53
-104.57 -1.545
-104.99 -1.56
-105.41 -1.575
-105.831 -1.59
-106.251 -1.605
-106.671 -1.62
-107.092 -1.635
-107.512 -1.65
-107.932 -1.665
-108.352 -1.68
-108.773 -1.695
-109.193 -1.71
-109.613 -1.725
-110.034 -1.74
-110.454 -1.755
-110.874 -1.77
-111.294 -1.785
-111.715 -1.8
-112.135 -1.815
-112.183 -1.83
-112.23 -1.845
-112.278 -1.86
-112.326 -1.875
-112.374 -1.89
-112.421 -1.905
-112.469 -1.92
-112.517 -1.935
-112.565 -1.95
-112.612 -1.965
-112.66 -1.98
-112.708 -1.995
-112.756 -2.01
-112.803 -2.025
-112.851 -2.04
-112.899 -2.055
-112.946 -2.07
-112.994 -2.085
-113.042 -2.1
-113.09 -2.115
-113.137 -2.13
-113.185 -2.145
-113.233 -2.16
-113.281 -2.175
-113.328 -2.19
-113.376 -2.205
-113.424 -2.22
-113.472 -2.235
-113.519 -2.25
-113.567 -2.265
-113.615 -2.28
-113.662 -2.295
-113.71 -2.31
-113.758 -2.325
-113.806 -2.34
-113.853 -2.355
-113.901 -2.37
-113.949 -2.385
-113.997 -2.4
-114.044 -2.415
-111.639 -2.4
-109.234 -2.385
-106.829 -2.37
-104.424 -2.355
-102.019 -2.34
-99.6141 -2.325
-97.209 -2.31
-94.804 -2.295
-92.399 -2.28
-89.9939 -2.265
-87.5889 -2.25
-85.1838 -2.235
-82.7788 -2.22
-80.3738 -2.205
-77.9687 -2.19
-75.5637 -2.175
-73.1586 -2.16
-70.7536 -2.145
-68.3485 -2.13
-65.9435 -2.115
-63.5385 -2.1
-61.1334 -2.085
-58.7284 -2.07
-56.3233 -2.055
-53.9183 -2.04
-51.5133 -2.025
-49.1082 -2.01
-46.7032 -1.995
-44.2981 -1.98
-41.8931 -1.965
-39.4881 -1.95
-37.083 -1.935
-34.678 -1.92
-32.2729 -1.905
-29.8679 -1.89
-27.4628 -1.875
-25.0578 -1.86
-22.6528 -1.845
-20.2477 -1.83
-17.8427 -1.815
-15.4376 -1.8
-13.0326 -1.785
-10.6276 -1.77
-8.22252 -1.755
-5.81748 -1.74
-3.41244 -1.725
-1.0074 -1.71
0.359993 -1.695
0.979464 -1.68
1.59893 -1.665
2.21841 -1.65
2.83788 -1.635
3.45735 -1.62
4.07682 -1.605
4.69629 -1.59
5.31576 -1.575
5.93523 -1.56
6.5547 -1.545
7.17417 -1.53
7.79364 -1.515
8.41311 -1.5
9.03258 -1.485
9.65205 -1.47
10.2715 -1.455
10.891 -1.44
11.5105 -1.425
12.1299 -1.41
12.7494 -1.395
13.3689 -1.38
13.9883 -1.365
14.6078 -1.35
15.2273 -1.335
15.8468 -1.32
16.4662 -1.305
17.0857 -1.29
17.7052 -1.275
18.3246 -1.26
18.9441 -1.245
19.5636 -1.23
20.1831 -1.215
20.8025 -1.2
21.422 -1.185
22.0415 -1.17
22.6609 -1.155
23.2804 -1.14
23.8999 -1.125
24.5193 -1.11
25.1388 -1.095
25.7583 -1.08
26.3778 -1.065
26.9972 -1.05
27.6167 -1.035
28.2362 -1.02
28.8556 -1.005
29.4751 -0.99
30.0946 -0.975
30.714 -0.96
31.3335 -0.945
31.953 -0.93
32.5725 -0.915
33.1919 -0.9
33.8114 -0.885
34.3411 -0.87
34.7051 -0.855
35.069 -0.84
35.4329 -0.825
35.7969 -0.81
36.1608 -0.795
36.5248 -0.78
36.8887 -0.765
37.2527 -0.75
37.6166 -0.735
37.9805 -0.72
38.3445 -0.705
38.7084 -0.69
39.0724 -0.675
39.4363 -0.66
39.8002 -0.645
40.1642 -0.63
40.5281 -0.615
40.8921 -0.6
41.256 -0.585
41.62 -0.57
41.9839 -0.555
42.3478 -0.54
42.7118 -0.525
43.0757 -0.51
43.4397 -0.495
43.8036 -0.48
44.1675 -0.465
44.5315 -0.45
44.8954 -0.435
45.2594 -0.42
45.6233 -0.405
45.9873 -0.39
46.3512 -0.375
46.7151 -0.36
47.0791 -0.345
47.443 -0.33
47.807 -0.315
48.1709 -0.3
48.5348 -0.285
48.8988 -0.27
49.2627 -0.255
49.6267 -0.24
49.9906 -0.225
50.3546 -0.21
50.7185 -0.195
51.0824 -0.18
51.4464 -0.165
51.8103 -0.15
52.1743 -0.135
52.5382 -0.12
52.9021 -0.105
53.2661 -0.09
53.63 -0.075
53.994 -0.06
54.3579 -0.045
54.7219 -0.03
55.0858 -0.015
55.4497 1.56125e-16
55.8137 0.015
56.1776 0.03
56.5416 0.045
56.9055 0.06
57.2694 0.075
57.6334 0.09
57.9973 0.105
58.3613 0.12
58.7252 0.135
59.0892 0.15
59.4531 0.165
59.817 0.18
60.181 0.195
60.5449 0.21
60.9089 0.225
61.2728 0.24
61.6367 0.255
62.0007 0.27
62.3646 0.285
62.7286 0.3
63.0925 0.315
63.4564 0.33
63.8204 0.345
64.1843 0.36
64.5483 0.375
64.9122 0.39
65.2762 0.405
65.6401 0.42
66.004 0.435
66.368 0.45
66.7319 0.465
67.0959 0.48
67.4598 0.495
67.8237 0.51
68.1877 0.525
68.5516 0.54
68.9156 0.555
69.2795 0.57
69.6435 0.585
70.0074 0.6
70.3713 0.615
70.7353 0.63
71.0992 0.645
71.4632 0.66
71.8271 0.675
72.191 0.69
72.555 0.705
72.9189 0.72
73.2829 0.735
73.6468 0.75
74.0108 0.765
74.3747 0.78
74.7386 0.795
75.1026 0.81
75.4665 0.825
75.8305 0.84
76.1944 0.855
76.5583 0.87
76.9223 0.885
77.2862 0.9
77.6502 0.915
78.0141 0.93
78.3781 0.945
78.742 0.96
79.1059 0.975
79.4699 0.99
79.8338 1.005
80.1978 1.02
80.5617 1.035
80.9256 1.05
81.2896 1.065
81.6535 1.08
82.0175 1.095
82.3814 1.11
82.7454 1.125
83.1093 1.14
83.4732 1.155
83.8372 1.17
84.2011 1.185
84.5651 1.2
84.929 1.215
85.2929 1.23
85.6569 1.245
86.0208 1.26
86.3848 1.275
86.7487 1.29
87.1127 1.305
87.4766 1.32
87.8405 1.335
88.2045 1.35
88.5684 1.365
88.9324 1.38
89.2963 1.395
89.6602 1.41
90.0242 1.425
90.3881 1.44
90.7521 1.455
91.116 1.47
91.48 1.485
91.8439 1.5
92.2078 1.515
92.5718 1.53
92.9357 1.545
93.2997 1.56
93.6636 1.575
94.0275 1.59
94.3915 1.605
94.7554 1.62
95.1194 1.635
95.4833 1.65
95.8472 1.665
96.2112 1.68
96.5751 1.695
96.9391 1.71
97.303 1.725
97.667 1.74
98.0309 1.755
98.3948 1.77
98.7588 1.785
99.1227 1.8
99.4867 1.815
99.8506 1.83
100.215 1.845
100.578 1.86
100.942 1.875
101.306 1.89
101.67 1.905
102.034 1.92
102.398 1.935
102.762 1.95
103.126 1.965
103.49 1.98
103.854 1.995
104.218 2.01
104.582 2.025
104.946 2.04
105.31 2.055
105.674 2.07
106.038 2.085
106.402 2.1
106.765 2.115
107.129 2.13
107.493 2.145
107.857 2.16
108.221 2.175
108.585 2.19
108.949 2.205
109.313 2.22
109.677 2.235
110.041 2.25
110.405 2.265
110.769 2.28
111.133 2.295
111.497 2.31
111.861 2.325
112.225 2.34
112.589 2.355
112.953 2.37
113.316 2.385
113.68 2.4
114.044 2.415
111.639 2.4
109.234 2.385
106.829 2.37
104.424 2.355
102.019 2.34
99.6141 2.325
97.209 2.31
94.804 2.295
92.399 2.28
89.9939 2.265
87.5889 2.25
85.1838 2.235
82.7788 2.22
80.3738 2.205
77.9687 2.19
75.5637 2.175
73.1586 2.16
70.7536 2.145
68.3485 2.13
65.9435 2.115
63.5385 2.1
61.1334 2.085
58.7284 2.07
56.3233 2.055
53.9183 2.04
51.5133 2.025
49.1082 2.01
46.7032 1.995
44.2981 1.98
41.8931 1.965
39.4881 1.95
37.083 1.935
34.678 1.92
32.2729 1.905
29.8679 1.89
27.4628 1.875
25.0578 1.86
22.6528 1.845
20.2477 1.83
17.8427 1.815
15.4376 1.8
13.0326 1.785
10.6276 1.77
8.22252 1.755
5.81748 1.74
3.41244 1.725
1.0074 1.71
-0.359993 1.695
-0.979464 1.68
-1.59893 1.665
-2.21841 1.65
-2.83788 1.635
-3.45735 1.62
-4.07682 1.605
-4.69629 1.59
-5.31576 1.575
-5.93523 1.56
-6.5547 1.545
-7.17417 1.53
-7.79364 1.515
-8.41311 1.5
-9.03258 1.485
-9.65205 1.47
-10.2715 1.455
-10.891 1.44
-11.5105 1.425
-12.1299 1.41
-12.7494 1.395
-13.3689 1.38
-13.9883 1.365
-14.6078 1.35
-15.2273 1.335
-15.8468 1.32
-16.4662 1.305
-17.0857 1.29
-17.7052 1.275
-18.3246 1.26
-18.9441 1.245
-19.5636 1.23
-20.1831 1.215
-20.8025 1.2
-21.422 1.185
-22.0415 1.17
-22.6609 1.155
-23.2804 1.14
-23.8999 1.125
-24.5193 1.11
-25.1388 1.095
-25.7583 1.08
-26.3778 1.065
-26.9972 1.05
-27.6167 1.035
-28.2362 1.02
-28.8556 1.005
-29.4751 0.99
-30.0946 0.975
-30.714 0.96
-31.3335 0.945
-31.953 0.93
-32.5725 0.915
-33.1919 0.9
-33.8114 0.885
-34.3411 0.87
-34.7051 0.855
-35.069 0.84
-35.4329 0.825
-35.7969 0.81
-36.1608 0.795
-36.5248 0.78
-36.8887 0.765
-37.2527 0.75
-37.6166 0.735
-37.9805 0.72
-38.3445 0.705
-38.7084 0.69
-39.0724 0.675
-39.4363 0.66
-39.8002 0.645
-40.1642 0.63
-40.5281 0.615
-40.8921 0.6
-41.256 0.585
-41.62 0.57
-41.9839 0.555
-42.3478 0.54
-42.7118 0.525
-43.0757 0.51
-43.4397 0.495
-43.8036 0.48
-44.1675 0.465
-44.5315 0.45
-44.8954 0.435
-45.2594 0.42
-45.6233 0.405
-45.9873 0.39
-46.3512 0.375
-46.7151 0.36
-47.0791 0.345
-47.443 0.33
-47.807 0.315
-48.1709 0.3
-48.5348 0.285
-48.8988 0.27
-49.2627 0.255
-49.6267 0.24
-49.9906 0.225
-50.3546 0.21
-50.7185 0.195
-51.0824 0.18
-51.4464 0.165
-51.8103 0.15
-52.1743 0.135
-52.5382 0.12
-52.9021 0.105
-53.2661 0.09
-53.63 0.075
-53.994 0.06
-54.3579 0.045
-54.7219 0.03
-55.0858 0.015
-55.4497 2.35922e-16
-55.8137 -0.015
-56.1776 -0.03
-56.5416 -0.045
-56.9055 -0.06
-57.2694 -0.075
-57.6334 -0.09
-57.9973 -0.105
-58.3613 -0.12
-58.7252 -0.135
-59.0892 -0.15
-59.4531 -0.165
-59.817 -0.18
-60.181 -0.195
-60.5449 -0.21
-60.9089 -0.225
-61.2728 -0.24
-61.6367 -0.255
-62.0007 -0.27
-62.3646 -0.285
-62.7286 -0.3
-63.0925 -0.315
-63.4564 -0.33
-63.8204 -0.345
-64.1843 -0.36
-64.5483 -0.375
-64.9122 -0.39
-65.2762 -0.405
-65.6401 -0.42
-66.004 -0.435
-66.368 -0.45
-66.7319 -0.465
-67.0959 -0.48
-67.4598 -0.495
-67.8237 -0.51
-68.1877 -0.525
-68.5516 -0.54
-68.9156 -0.555
-69.2795 -0.57
-69.6435 -0.585
-70.0074 -0.6
-70.3713 -0.615
-70.7353 -0.63
-71.0992 -0.645
-71.4632 -0.66
-71.8271 -0.675
-72.191 -0.69
-72.555 -0.705
-72.9189 -0.72
-73.2829 -0.735
-73.6468 -0.75
-74.0108 -0.765
-74.3747 -0.78
-74.7386 -0.795
-75.1026 -0.81
-75.4665 -0.825
-75.8305 -0.84
-76.1944 -0.855
-76.5583 -0.87
-76.9223 -0.885
-77.2862 -0.9
-77.6502 -0.915
-78.0141 -0.93
-78.3781 -0.945
-78.742 -0.96
-79.1059 -0.975
-79.4699 -0.99
-79.8338 -1.005
-80.1978 -1.02
-80.5617 -1.035
-80.9256 -1.05
-81.2896 -1.065
-81.6535 -1.08
-82.0175 -1.095
-82.3814 -1.11
-82.7454 -1.125
-83.1093 -1.14
-83.4732 -1.155
-83.8372 -1.17
-84.2011 -1.185
-84.5651 -1.2
-84.929 -1.215
-85.2929 -1.23
-85.6569 -1.245
-86.0208 -1.26
-86.3848 -1.275
-86.7487 -1.29
-87.1127 -1.305
-87.4766 -1.32
-87.8405 -1.335
-88.2045 -1.35
-88.5684 -1.365
-88.9324 -1.38
-89.2963 -1.395
-89.6602 -1.41
-90.0242 -1.425
-90.3881 -1.44
-90.7521 -1.455
-91.116 -1.47
-91.48 -1.485
-91.8439 -1.5
-92.2078 -1.515
-92.5718 -1.53
-92.9357 -1.545
-93.2997 -1.56
-93.6636 -1.575
-94.0275 -1.59
-94.3915 -1.605
-94.7554 -1.62
-95.1194 -1.635
-95.4833 -1.65
-95.8472 -1.665
-96.2112 -1.68
-96.5751 -1.695
-96.9391 -1.71
-97.303 -1.725
-97.667 -1.74
-98.0309 -1.755
-98.3948 -1.77
-98.7588 -1.785
-99.1227 -1.8
-99.4867 -1.815
-99.8506 -1.83
-100.215 -1.845
-100.578 -1.86
-100.942 -1.875
-101.306 -1.89
-101.67 -1.905
-102.034 -1.92
-102.398 -1.935
-102.762 -1.95
-103.126 -1.965
-103.49 -1.98
-103.854 -1.995
-104.218 -2.01
-104.582 -2.025
-104.946 -2.04
-105.31 -2.055
-105.674 -2.07
-106.038 -2.085
-106.402 -2.1
-106.765 -2.115
-107.129 -2.13
-107.493 -2.145
-107.857 -2.16
-108.221 -2.175
-108.585 -2.19
-108.949 -2.205
-109.313 -2.22
-109.677 -2.235
-110.041 -2.25
-110.405 -2.265
-110.769 -2.28
-111.133 -2.295
-111.497 -2.31
-111.861 -2.325
-112.225 -2.34
-112.589 -2.355
-112.953 -2.37
-113.316 -2.385
-113.68 -2.4
-114.044 -2.415
-111.639 -2.4
-109.234 -2.385
-106.829 -2.37
-104.424 -2.355
-102.019 -2.34
-99.6141 -2.325
-97.209 -2.31
-94.804 -2.295
-92.399 -2.28
-89.9939 -2.265
-87.5889 -2.25
-85.1838 -2.235
-82.7788 -2.22
-80.3738 -2.205
-77.9687 -2.19
-75.5637 -2.175
-73.1586 -2.16
-70.7536 -2.145
-68.3485 -2.13
-65.9435 -2.115
-63.5385 -2.1
-61.1334 -2.085
-58.7284 -2.07
-56.3233 -2.055
-53.9183 -2.04
-51.5133 -2.025
-49.1082 -2.01
-46.7032 -1.995
-44.2981 -1.98
-41.8931 -1.965
-39.4881 -1.95
-37.083 -1.935
-34.678 -1.92
-32.2729 -1.905
-29.8679 -1.89
-27.4628 -1.875
-25.0578 -1.86
-22.6528 -1.845
-20.2477 -1.83
-17.8427 -1.815
-15.4376 -1.8
-13.0326 -1.785
-10.6276 -1.77
-8.22252 -1.755
-5.81748 -1.74
-3.41244 -1.725
-1.0074 -1.71
0.359993 -1.695
0.979464 -1.68
1.59893 -1.665
2.21841 -1.65
2.83788 -1.635
3.45735 -1.62
4.07682 -1.605
4.69629 -1.59
5.31576 -1.575
5.93523 -1.56
6.5547 -1.545
7.17417 -1.53
7.79364 -1.515
8.41311 -1.5
9.03258 -1.485
9.65205 -1.47
10.2715 -1.455
10.891 -1.44
11.5105 -1.425
12.1299 -1.41
12.7494 -1.395
13.3689 -1.38
13.9883 -1.365
14.6078 -1.35
15.2273 -1.335
15.8468 -1.32
16.4662 -1.305
17.0857 -1.29
17.7052 -1.275
18.3246 -1.26
18.9441 -1.245
19.5636 -1.23
20.1831 -1.215
20.8025 -1.2
21.422 -1.185
22.0415 -1.17
22.6609 -1.155
23.2804 -1.14
23.8999 -1.125
24.5193 -1.11
25.1388 -1.095
25.7583 -1.08
26.3778 -1.065
26.9972 -1.05
27.6167 -1.035
28.2362 -1.02
28.8556 -1.005
29.4751 -0.99
30.0946 -0.975
30.714 -0.96
31.3335 -0.945
31.953 -0.93
32.5725 -0.915
33.1919 -0.9
33.8114 -0.885
34.3411 -0.87
34.7051 -0.855
35.069 -0.84
35.4329 -0.825
35.7969 -0.81
36.1608 -0.795
36.5248 -0.78
36.8887 -0.765
37.2527 -0.75
37.6166 -0.735
37.9805 -0.72
38.3445 -0.705
38.7084 -0.69
39.0724 -0.675
39.4363 -0.66
39.8002 -0.645
40.1642 -0.63
40.5281 -0.615
40.8921 -0.6
41.256 -0.585
41.62 -0.57
41.9839 -0.555
42.3478 -0.54
42.7118 -0.525
43.0757 -0.51
43.4397 -0.495
43.8036 -0.48
44.1675 -0.465
44.5315 -0.45
44.8954 -0.435
45.2594 -0.42
45.6233 -0.405
45.9873 -0.39
46.3512 -0.375
46.7151 -0.36
47.0791 -0.345
47.443 -0.33
47.807 -0.315
48.1709 -0.3
48.5348 -0.285
48.8988 -0.27
49.2627 -0.255
49.6267 -0.24
49.9906 -0.225
50.3546 -0.21
50.7185 -0.195
51.0824 -0.18
51.4464 -0.165
51.8103 -0.15
52.1743 -0.135
52.5382 -0.12
52.9021 -0.105
53.2661 -0.09
53.63 -0.075
53.994 -0.06
54.3579 -0.045
54.7219 -0.03
55.0858 -0.015
55.4497 1.56125e-16
55.8137 0.015
56.1776 0.03
56.5416 0.045
56.9055 0.06
57.2694 0.075
57.6334 0.09
57.9973 0.105
58.3613 0.12
58.7252 0.135
59.0892 0.15
59.4531 0.165
59.817 0.18
60.181 0.195
60.5449 0.21
60.9089 0.225
61.2728 0.24
61.6367 0.255
62.0007 0.27
62.3646 0.285
62.7286 0.3
63.0925 0.315
63.4564 0.33
63.8204 0.345
64.1843 0.36
64.5483 0.375
64.9122 0.39
65.2762 0.405
65.6401 0.42
66.004 0.435
66.368 0.45
66.7319 0.465
67.0959 0.48
67.4598 0.495
67.8237 0.51
68.1877 0.525
68.5516 0.54
68.9156 0.555
69.2795 0.57
69.6435 0.585
70.0074 0.6
70.3713 0.615
70.7353 0.63
71.0992 0.645
71.4632 0.66
71.8271 0.675
72.191 0.69
72.555 0.705
72.9189 0.72
73.2829 0.735
73.6468 0.75
74.0108 0.765
74.3747 0.78
74.7386 0.795
75.1026 0.81
75.4665 0.825
75.8305 0.84
76.1944 0.855
76.5583 0.87
76.9223 0.885
77.2862 0.9
77.6502 0.915
78.0141 0.93
78.3781 0.945
78.742 0.96
79.1059 0.975
79.4699 0.99
79.8338 1.005
80.1978 1.02
80.5617 1.035
80.9256 1.05
81.2896 1.065
81.6535 1.08
82.0175 1.095
82.3814 1.11
82.7454 1.125
83.1093 1.14
83.4732 1.155
83.8372 1.17
84.2011 1.185
84.5651 1.2
84.929 1.215
85.2929 1.23
85.6569 1.245
86.0208 1.26
86.3848 1.275
86.7487 1.29
87.1127 1.305
87.4766 1.32
87.8405 1.335
88.2045 1.35
88.5684 1.365
88.9324 1.38
89.2963 1.395
89.6602 1.41
90.0242 1.425
90.3881 1.44
90.7521 1.455
91.116 1.47
91.48 1.485
91.8439 1.5
92.2078 1.515
92.5718 1.53
92.9357 1.545
93.2997 1.56
93.6636 1.575
94.0275 1.59
94.3915 1.605
94.7554 1.62
95.1194 1.635
95.4833 1.65
95.8472 1.665
96.2112 1.68
96.5751 1.695
96.9391 1.71
97.303 1.725
97.667 1.74
98.0309 1.755
98.3948 1.77
98.7588 1.785
99.1227 1.8
99.4867 1.815
99.8506 1.83
100.215 1.845
100.578 1.86
100.942 1.875
101.306 1.89
101.67 1.905
102.034 1.92
102.398 1.935
102.762 1.95
103.126 1.965
103.49 1.98
103.854 1.995
104.218 2.01
104.582 2.025
104.946 2.04
105.31 2.055
105.674 2.07
106.038 2.085
106.402 2.1
106.765 2.115
107.129 2.13
107.493 2.145
107.857 2.16
108.221 2.175
108.585 2.19
108.949 2.205
109.313 2.22
109.677 2.235
110.041 2.25
110.405 2.265
110.769 2.28
111.133 2.295
111.497 2.31
111.861 2.325
112.225 2.34
112.589 2.355
112.953 2.37
113.316 2.385
113.68 2.4
114.044 2.415
114.092 2.43
114.14 2.445
114.188 2.46
114.235 2.475
114.283 2.49
114.331 2.505
114.378 2.52
114.426 2.535
114.474 2.55
114.522 2.565
114.569 2.58
114.617 2.595
114.665 2.61
114.713 2.625
114.76 2.64
114.808 2.655
114.856 2.67
114.904 2.685
114.951 2.7
114.999 2.715
115.047 2.73
115.094 2.745
115.142 2.76
115.19 2.775
115.238 2.79
115.285 2.805
115.333 2.82
115.381 2.835
115.429 2.85
115.476 2.865
115.524 2.88
115.572 2.895
115.62 2.91
115.667 2.925
115.715 2.94
115.763 2.955
115.81 2.97
115.858 2.985
115.906 3
115.954 3.015
116.001 3.03
116.049 3.045
116.097 3.06
116.145 3.075
116.192 3.09
116.24 3.105
116.288 3.12
116.335 3.135
116.383 3.15
116.431 3.165
116.479 3.18
116.526 3.195
116.574 3.21
116.622 3.225
116.67 3.24
116.717 3.255
116.765 3.27
116.813 3.285
116.861 3.3
116.908 3.315
116.956 3.33
117.004 3.345
117.051 3.36
117.099 3.375
117.147 3.39
117.195 3.405
117.242 3.42
117.29 3.435
117.338 3.45
117.386 3.465
117.433 3.48
117.481 3.495
117.529 3.51
117.577 3.525
117.624 3.54
117.672 3.555
117.72 3.57
117.767 3.585
117.815 3.6
115.746 3.585
113.676 3.57
111.607 3.555
109.537 3.54
107.468 3.525
105.398 3.51
103.329 3.495
101.259 3.48
99.1896 3.465
97.1201 3.45
95.0506 3.435
92.9811 3.42
90.9116 3.405
88.842 3.39
86.7725 3.375
84.703 3.36
82.6335 3.345
80.564 3.33
78.4945 3.315
76.425 3.3
74.3555 3.285
72.286 3.27
70.2164 3.255
68.1469 3.24
66.0774 3.225
64.0079 3.21
61.9384 3.195
59.8689 3.18
57.7994 3.165
55.7299 3.15
53.6603 3.135
51.5908 3.12
49.5213 3.105
47.4518 3.09
45.3823 3.075
43.3128 3.06
41.2433 3.045
39.1738 3.03
37.1043 3.015
35.0347 3
32.9652 2.985
30.8957 2.97
28.8262 2.955
26.7567 2.94
24.6872 2.925
22.6177 2.91
20.5482 2.895
18.4786 2.88
16.4091 2.865
14.3396 2.85
12.2701 2.835
10.2006 2.82
8.13109 2.805
6.06158 2.79
3.99207 2.775
1.92255 2.76
-0.0351452 2.745
-0.530073 2.73
-1.025 2.715
-1.51993 2.7
-2.01486 2.685
-2.50978 2.67
-3.00471 2.655
-3.49964 2.64
-3.99457 2.625
-4.48949 2.61
-4.98442 2.595
-5.47935 2.58
-5.97428 2.565
-6.4692 2.55
-6.96413 2.535
-7.45906 2.52
-7.95399 2.505
-8.44891 2.49
-8.94384 2.475
-9.43877 2.46
-9.9337 2.445
-10.4286 2.43
-10.9236 2.415
-11.4185 2.4
-11.9134 2.385
-12.4083 2.37
-12.9033 2.355
-13.3982 2.34
-13.8931 2.325
-14.388 2.31
-14.883 2.295
-15.3779 2.28
-15.8728 2.265
-16.3678 2.25
-16.8627 2.235
-17.3576 2.22
-17.8525 2.205
-18.3475 2.19
-18.8424 2.175
-19.3373 2.16
-19.8323 2.145
-20.3272 2.13
-20.8221 2.115
-21.317 2.1
-21.812 2.085
-22.3069 2.07
-22.8018 2.055
-23.2967 2.04
-23.7917 2.025
-24.2866 2.01
-24.7815 1.995
-25.2765 1.98
-25.7714 1.965
-26.2663 1.95
-26.7612 1.935
-27.2562 1.92
-27.7511 1.905
-28.246 1.89
-28.7409 1.875
-29.2359 1.86
-29.7308 1.845
-30.2257 1.83
-30.7207 1.815
-31.2156 1.8
-31.7105 1.785
-32.2054 1.77
-32.7004 1.755
-33.1953 1.74
-33.6902 1.725
-34.1852 1.71
-34.4871 1.695
-34.7775 1.68
-35.0678 1.665
-35.3582 1.65
-35.6486 1.635
-35.9389 1.62
-36.2293 1.605
-36.5196 1.59
-36.81 1.575
-37.1003 1.56
-37.3907 1.545
-37.681 1.53
-37.9714 1.515
-38.2618 1.5
-38.5521 1.485
-38.8425 1.47
-39.1328 1.455
-39.4232 1.44
-39.7135 1.425
-40.0039 1.41
-40.2942 1.395
-40.5846 1.38
-40.8749 1.365
-41.1653 1.35
-41.4557 1.335
-41.746 1.32
-42.0364 1.305
-42.3267 1.29
-42.6171 1.275
-42.9074 1.26
-43.1978 1.245
-43.4881 1.23
-43.7785 1.215
-44.0688 1.2
-44.3592 1.185
-44.6496 1.17
-44.9399 1.155
-45.2303 1.14
-45.5206 1.125
-45.811 1.11
-46.1013 1.095
-46.3917 1.08
-46.682 1.065
-46.9724 1.05
-47.2627 1.035
-47.5531 1.02
-47.8435 1.005
-48.1338 0.99
-48.4242 0.975
-48.7145 0.96
-49.0049 0.945
-49.2952 0.93
-49.5856 0.915
-49.8759 0.9
-50.1663 0.885
-50.4566 0.87
-50.747 0.855
-51.0374 0.84
-51.3277 0.825
-51.6181 0.81
-51.9084 0.795
-52.1988 0.78
-52.4891 0.765
-52.7795 0.75
-53.0698 0.735
-53.3602 0.72
-53.6506 0.705
-53.9409 0.69
-54.2313 0.675
-54.5216 0.66
-54.812 0.645
-55.1023 0.63
-55.3927 0.615
-55.683 0.6
-55.9734 0.585
-56.2637 0.57
-56.5541 0.555
-56.8445 0.54
-57.1348 0.525
-57.4252 0.51
-57.7155 0.495
-58.0059 0.48
-58.2962 0.465
-58.5866 0.45
-58.8769 0.435
-59.1673 0.42
-59.4576 0.405
-59.748 0.39
-60.0384 0.375
-60.3287 0.36
-60.6191 0.345
-60.9094 0.33
-61.1998 0.315
-61.4901 0.3
-61.7805 0.285
-62.0708 0.27
-62.3612 0.255
-62.6515 0.24
-62.9419 0.225
-63.2323 0.21
-63.5226 0.195
-63.813 0.18
-64.1033 0.165
-64.3937 0.15
-64.684 0.135
-64.9744 0.12
-65.2647 0.105
-65.5551 0.09
-65.8454 0.075
-66.1358 0.06
-66.4262 0.045
-66.7165 0.03
-67.0069 0.015
-67.2972 2.34188e-16
-67.5876 -0.015
-67.8779 -0.03
-68.1683 -0.045
-68.4586 -0.06
-68.749 -0.075
-69.0393 -0.09
-69.3297 -0.105
-69.6201 -0.12
-69.9104 -0.135
-70.2008 -0.15
-70.4911 -0.165
-70.7815 -0.18
-71.0718 -0.195
-71.3622 -0.21
-71.6525 -0.225
-71.9429 -0.24
-72.2333 -0.255
-72.5236 -0.27
-72.814 -0.285
-73.1043 -0.3
-73.3947 -0.315
-73.685 -0.33
-73.9754 -0.345
-74.2657 -0.36
-74.5561 -0.375
-74.8464 -0.39
-75.1368 -0.405
-75.4272 -0.42
-75.7175 -0.435
-76.0079 -0.45
-76.2982 -0.465
-76.5886 -0.48
-76.8789 -0.495
-77.1693 -0.51
-77.4596 -0.525
-77.75 -0.54
-78.0403 -0.555
-78.3307 -0.57
-78.6211 -0.585
-78.9114 -0.6
-79.2018 -0.615
-79.4921 -0.63
-79.7825 -0.645
-80.0728 -0.66
-80.3632 -0.675
-80.6535 -0.69
-80.9439 -0.705
-81.2342 -0.72
-81.5246 -0.735
-81.815 -0.75
-82.1053 -0.765
-82.3957 -0.78
-82.686 -0.795
-82.9764 -0.81
-83.2667 -0.825
-83.5571 -0.84
-83.8474 -0.855
-84.1378 -0.87
-84.4281 -0.885
-84.7185 -0.9
-85.0089 -0.915
-85.2992 -0.93
-85.5896 -0.945
-85.8799 -0.96
-86.1703 -0.975
-86.4606 -0.99
-86.751 -1.005
-87.0413 -1.02
-87.3317 -1.035
-87.622 -1.05
-87.9124 -1.065
-88.2028 -1.08
-88.4931 -1.095
-88.7835 -1.11
-89.0738 -1.125
-89.3642 -1.14
-89.6545 -1.155
-89.9449 -1.17
-90.2352 -1.185
-90.5256 -1.2
-90.816 -1.215
-91.1063 -1.23
-91.3967 -1.245
-91.687 -1.26
-91.9774 -1.275
-92.2677 -1.29
-92.5581 -1.305
-92.8484 -1.32
-93.1388 -1.335
-93.4291 -1.35
-93.7195 -1.365
-94.0099 -1.38
-94.3002 -1.395
-94.5906 -1.41
-94.8809 -1.425
-95.1713 -1.44
-95.4616 -1.455
-95.752 -1.47
-96.0423 -1.485
-96.3327 -1.5
-96.623 -1.515
-96.9134 -1.53
-97.2038 -1.545
-97.4941 -1.56
-97.7845 -1.575
-98.0748 -1.59
-98.3652 -1.605
-98.6555 -1.62
-98.9459 -1.635
-99.2362 -1.65
-99.5266 -1.665
-99.8169 -1.68
-100.107 -1.695
-100.398 -1.71
-100.688 -1.725
-100.978 -1.74
-101.269 -1.755
-101.559 -1.77
-101.849 -1.785
-102.14 -1.8
-102.43 -1.815
-102.72 -1.83
-103.011 -1.845
-103.301 -1.86
-103.592 -1.875
-103.882 -1.89
-104.172 -1.905
-104.463 -1.92
-104.753 -1.935
-105.043 -1.95
-105.334 -1.965
-105.624 -1.98
-105.914 -1.995
-106.205 -2.01
-106.495 -2.025
-106.785 -2.04
-107.076 -2.055
-107.366 -2.07
-107.657 -2.085
-107.947 -2.1
-108.237 -2.115
-108.528 -2.13
-108.818 -2.145
-109.108 -2.16
-109.399 -2.175
-109.689 -2.19
-109.979 -2.205
-110.27 -2.22
-110.56 -2.235
-110.85 -2.25
-111.141 -2.265
-111.431 -2.28
-111.721 -2.295
-112.012 -2.31
-112.302 -2.325
-112.593 -2.34
-112.883 -2.355
-113.173 -2.37
-113.464 -2.385
-113.754 -2.4
-114.044 -2.415
-114.092 -2.43
-114.14 -2.445
-114.188 -2.46
-114.235 -2.475
-114.283 -2.49
-114.331 -2.505
-114.378 -2.52
-114.426 -2.535
-114.474 -2.55
-114.522 -2.565
-114.569 -2.58
-114.617 -2.595
-114.665 -2.61
-114.713 -2.625
-114.76 -2.64
-114.808 -2.655
-114.856 -2.67
-114.904 -2.685
-114.951 -2.7
-114.999 -2.715
-115.047 -2.73
-115.094 -2.745
-115.142 -2.76
-115.19 -2.775
-115.238 -2.79
-115.285 -2.805
-115.333 -2.82
-115.381 -2.835
-115.429 -2.85
-115.476 -2.865
-115.524 -2.88
-115.572 -2.895
-115.62 -2.91
-115.667 -2.925
-115.715 -2.94
-115.763 -2.955
-115.81 -2.97
-115.858 -2.985
-115.906 -3
-115.954 -3.015
-116.001 -3.03
-116.049 -3.045
-116.097 -3.06
-116.145 -3.075
-116.192 -3.09
-116.24 -3.105
-116.288 -3.12
-116.335 -3.135
-116.383 -3.15
-116.431 -3.165
-116.479 -3.18
-116.526 -3.195
-116.574 -3.21
-116.622 -3.225
-116.67 -3.24
-116.717 -3.255
-116.765 -3.27
-116.813 -3.285
-116.861 -3.3
-116.908 -3.315
-116.956 -3.33
-117.004 -3.345
-117.051 -3.36
-117.099 -3.375
-117.147 -3.39
-117.195 -3.405
-117.242 -3.42
-117.29 -3.435
-117.338 -3.45
-117.386 -3.465
-117.433 -3.48
-117.481 -3.495
-117.529 -3.51
-117.577 -3.525
-117.624 -3.54
-117.672 -3.555
-117.72 -3.57
-117.767 -3.585
-117.815 -3.6
-115.746 -3.585
-113.676 -3.57
-111.607 -3.555
-109.537 -3.54
-107.468 -3.525
-105.398 -3.51
-103.329 -3.495
-101.259 -3.48
-99.1896 -3.465
-97.1201 -3.45
-95.0506 -3.435
-92.9811 -3.42
-90.9116 -3.405
-88.842 -3.39
-86.7725 -3.375
-84.703 -3.36
-82.6335 -3.345
-80.564 -3.33
-78.4945 -3.315
-76.425 -3.3
-74.3555 -3.285
-72.286 -3.27
-70.2164 -3.255
-68.1469 -3.24
-66.0774 -3.225
-64.0079 -3.21
-61.9384 -3.195
-59.8689 -3.18
-57.7994 -3.165
-55.7299 -3.15
-53.6603 -3.135
-51.5908 -3.12
-49.5213 -3.105
-47.4518 -3.09
-45.3823 -3.075
-43.3128 -3.06
-41.2433 -3.045
-39.1738 -3.03
-37.1043 -3.015
-35.0347 -3
-32.9652 -2.985
-30.8957 -2.97
-28.8262 -2.955
-26.7567 -2.94
-24.6872 -2.925
-22.6177 -2.91
-20.5482 -2.895
-18.4786 -2.88
-16.4091 -2.865
-14.3396 -2.85
-12.2701 -2.835
-10.2006 -2.82
-8.13109 -2.805
-6.06158 -2.79
-3.99207 -2.775
-1.92255 -2.76
0.029941 -2.745
0.451581 -2.73
0.873222 -2.715
1.29486 -2.7
1.7165 -2.685
2.13814 -2.67
2.55978 -2.655
2.98142 -2.64
3.40306 -2.625
3.8247 -2.61
4.24634 -2.595
4.66798 -2.58
5.08962 -2.565
5.51126 -2.55
5.93291 -2.535
6.35455 -2.52
6.77619 -2.505
7.19783 -2.49
7.61947 -2.475
8.04111 -2.46
8.46275 -2.445
8.88439 -2.43
9.30603 -2.415
9.72767 -2.4
10.1493 -2.385
10.5709 -2.37
10.9926 -2.355
11.4142 -2.34
11.8359 -2.325
12.2575 -2.31
12.6791 -2.295
13.1008 -2.28
13.5224 -2.265
13.9441 -2.25
14.3657 -2.235
14.7874 -2.22
15.209 -2.205
15.6306 -2.19
16.0523 -2.175
16.4739 -2.16
16.8956 -2.145
17.3172 -2.13
17.7388 -2.115
18.1605 -2.1
18.5821 -2.085
19.0038 -2.07
19.4254 -2.055
19.847 -2.04
20.2687 -2.025
20.6903 -2.01
21.112 -1.995
21.5336 -1.98
21.9552 -1.965
22.3769 -1.95
22.7985 -1.935
23.2202 -1.92
23.6418 -1.905
24.0634 -1.89
24.4851 -1.875
24.9067 -1.86
25.3284 -1.845
25.75 -1.83
26.1716 -1.815
26.5933 -1.8
27.0149 -1.785
27.4366 -1.77
27.8582 -1.755
28.2798 -1.74
28.7015 -1.725
29.1231 -1.71
29.5448 -1.695
29.9664 -1.68
30.388 -1.665
30.8097 -1.65
31.2313 -1.635
31.653 -1.62
32.0746 -1.605
32.4962 -1.59
32.9179 -1.575
33.3395 -1.56
33.7612 -1.545
34.1828 -1.53
34.6044 -1.515
35.0261 -1.5
35.404 -1.485
35.6471 -1.47
35.8902 -1.455
36.1333 -1.44
36.3764 -1.425
36.6195 -1.41
36.8626 -1.395
37.1057 -1.38
37.3488 -1.365
37.5919 -1.35
37.8351 -1.335
38.0782 -1.32
38.3213 -1.305
38.5644 -1.29
38.8075 -1.275
39.0506 -1.26
39.2937 -1.245
39.5368 -1.23
39.7799 -1.215
40.023 -1.2
40.2661 -1.185
40.5092 -1.17
40.7523 -1.155
40.9954 -1.14
41.2385 -1.125
41.4816 -1.11
41.7247 -1.095
41.9678 -1.08
42.2109 -1.065
42.454 -1.05
42.6971 -1.035
42.9402 -1.02
43.1833 -1.005
43.4264 -0.99
43.6695 -0.975
43.9126 -0.96
44.1557 -0.945
44.3988 -0.93
44.6419 -0.915
44.885 -0.9
45.1281 -0.885
45.3712 -0.87
45.6143 -0.855
45.8574 -0.84
46.1005 -0.825
46.3436 -0.81
46.5867 -0.795
46.8298 -0.78
47.0729 -0.765
47.316 -0.75
47.5591 -0.735
47.8022 -0.72
48.0453 -0.705
48.2884 -0.69
48.5315 -0.675
48.7746 -0.66
49.0177 -0.645
49.2608 -0.63
49.5039 -0.615
49.747 -0.6
49.9901 -0.585
50.2332 -0.57
50.4763 -0.555
50.7194 -0.54
50.9625 -0.525
51.2056 -0.51
51.4487 -0.495
51.6918 -0.48
51.9349 -0.465
52.178 -0.45
52.4211 -0.435
52.6642 -0.42
52.9073 -0.405
53.1504 -0.39
53.3935 -0.375
53.6366 -0.36
53.8797 -0.345
54.1228 -0.33
54.3659 -0.315
54.609 -0.3
54.8521 -0.285
55.0952 -0.27
55.3383 -0.255
55.5814 -0.24
55.8245 -0.225
56.0676 -0.21
56.3107 -0.195
56.5538 -0.18
56.7969 -0.165
57.04 -0.15
57.2831 -0.135
57.5262 -0.12
57.7693 -0.105
58.0124 -0.09
58.2555 -0.075
58.4986 -0.06
58.7417 -0.045
58.9848 -0.03
59.2279 -0.015
59.471 2.08167e-16
59.7141 0.015
59.9572 0.03
60.2003 0.045
60.4434 0.06
60.6865 0.075
60.9296 0.09
61.1727 0.105
61.4158 0.12
61.6589 0.135
61.902 0.15
62.1451 0.165
62.3882 0.18
62.6313 0.195
62.8744 0.21
63.1175 0.225
63.3606 0.24
63.6037 0.255
63.8468 0.27
64.0899 0.285
64.333 0.3
64.5761 0.315
64.8192 0.33
65.0623 0.345
65.3054 0.36
65.5485 0.375
65.7916 0.39
66.0347 0.405
66.2778 0.42
66.5209 0.435
66.764 0.45
67.0071 0.465
67.2502 0.48
67.4933 0.495
67.7364 0.51
67.9795 0.525
68.2226 0.54
68.4658 0.555
68.7089 0.57
68.952 0.585
69.1951 0.6
69.4382 0.615
69.6813 0.63
69.9244 0.645
70.1675 0.66
70.4106 0.675
70.6537 0.69
70.8968 0.705
71.1399 0.72
71.383 0.735
71.6261 0.75
71.8692 0.765
72.1123 0.78
72.3554 0.795
72.5985 0.81
72.8416 0.825
73.0847 0.84
73.3278 0.855
73.5709 0.87
73.814 0.885
74.0571 0.9
74.3002 0.915
74.5433 0.93
74.7864 0.945
75.0295 0.96
75.2726 0.975
75.5157 0.99
75.7588 1.005
76.0019 1.02
76.245 1.035
76.4881 1.05
76.7312 1.065
76.9743 1.08
77.2174 1.095
77.4605 1.11
77.7036 1.125
77.9467 1.14
78.1898 1.155
78.4329 1.17
78.676 1.185
78.9191 1.2
79.1622 1.215
79.4053 1.23
79.6484 1.245
79.8915 1.26
80.1346 1.275
80.3777 1.29
80.6208 1.305
80.8639 1.32
81.107 1.335
81.3501 1.35
81.5932 1.365
81.8363 1.38
82.0794 1.395
82.3225 1.41
82.5656 1.425
82.8087 1.44
83.0518 1.455
83.2949 1.47
83.538 1.485
83.7811 1.5
84.0242 1.515
84.2673 1.53
84.5104 1.545
84.7535 1.56
84.9966 1.575
85.2397 1.59
85.4828 1.605
85.7259 1.62
85.969 1.635
86.2121 1.65
86.4552 1.665
86.6983 1.68
86.9414 1.695
87.1845 1.71
87.4276 1.725
87.6707 1.74
87.9138 1.755
88.1569 1.77
88.4 1.785
88.6431 1.8
88.8862 1.815
89.1293 1.83
89.3724 1.845
89.6155 1.86
89.8586 1.875
90.1017 1.89
90.3448 1.905
90.5879 1.92
90.831 1.935
91.0741 1.95
91.3172 1.965
91.5603 1.98
91.8034 1.995
92.0465 2.01
92.2896 2.025
92.5327 2.04
92.7758 2.055
93.0189 2.07
93.262 2.085
93.5051 2.1
93.7482 2.115
93.9913 2.13
94.2344 2.145
94.4775 2.16
94.7206 2.175
94.9637 2.19
95.2068 2.205
95.4499 2.22
95.693 2.235
95.9361 2.25
96.1792 2.265
96.4223 2.28
96.6654 2.295
96.9085 2.31
97.1516 2.325
97.3947 2.34
97.6378 2.355
97.8809 2.37
98.124 2.385
98.3671 2.4
98.6102 2.415
98.8533 2.43
99.0965 2.445
99.3396 2.46
99.5827 2.475
99.8258 2.49
100.069 2.505
100.312 2.52
100.555 2.535
100.798 2.55
101.041 2.565
101.284 2.58
101.527 2.595
101.771 2.61
102.014 2.625
102.257 2.64
102.5 2.655
102.743 2.67
102.986 2.685
103.229 2.7
103.472 2.715
103.715 2.73
103.958 2.745
104.202 2.76
104.445 2.775
104.688 2.79
104.931 2.805
105.174 2.82
105.417 2.835
105.66 2.85
105.903 2.865
106.146 2.88
106.389 2.895
106.633 2.91
106.876 2.925
107.119 2.94
107.362 2.955
107.605 2.97
107.848 2.985
108.091 3
108.334 3.015
108.577 3.03
108.82 3.045
109.064 3.06
109.307 3.075
109.55 3.09
109.793 3.105
110.036 3.12
110.279 3.135
110.522 3.15
110.765 3.165
111.008 3.18
111.251 3.195
111.495 3.21
111.738 3.225
111.981 3.24
112.224 3.255
112.467 3.27
112.71 3.285
112.953 3.3
113.196 3.315
113.439 3.33
113.682 3.345
113.926 3.36
114.169 3.375
114.412 3.39
114.655 3.405
114.898 3.42
115.141 3.435
115.384 3.45
115.627 3.465
115.87 3.48
116.114 3.495
116.357 3.51
116.6 3.525
116.843 3.54
117.086 3.555
117.329 3.57
117.572 3.585
117.815 3.6
115.746 3.585
113.676 3.57
111.607 3.555
109.537 3.54
107.468 3.525
105.398 3.51
103.329 3.495
101.259 3.48
99.1896 3.465
97.1201 3.45
95.0506 3.435
92.9811 3.42
90.9116 3.405
88.842 3.39
86.7725 3.375
84.703 3.36
82.6335 3.345
80.564 3.33
78.4945 3.315
76.425 3.3
74.3555 3.285
72.286 3.27
70.2164 3.255
68.1469 3.24
66.0774 3.225
64.0079 3.21
61.9384 3.195
59.8689 3.18
57.7994 3.165
55.7299 3.15
53.6603 3.135
51.5908 3.12
49.5213 3.105
47.4518 3.09
45.3823 3.075
43.3128 3.06
41.2433 3.045
39.1738 3.03
37.1043 3.015
35.0347 3
32.9652 2.985
30.8957 2.97
28.8262 2.955
26.7567 2.94
24.6872 2.925
22.6177 2.91
20.5482 2.895
18.4786 2.88
16.4091 2.865
14.3396 2.85
12.2701 2.835
10.2006 2.82
8.13109 2.805
6.06158 2.79
3.99207 2.775
1.92255 2.76
-0.029941 2.745
-0.451581 2.73
-0.873222 2.715
-1.29486 2.7
-1.7165 2.685
-2.13814 2.67
-2.55978 2.655
-2.98142 2.64
-3.40306 2.625
-3.8247 2.61
-4.24634 2.595
-4.66798 2.58
-5.08962 2.565
-5.51126 2.55
-5.93291 2.535
-6.35455 2.52
-6.77619 2.505
-7.19783 2.49
-7.61947 2.475
-8.04111 2.46
-8.46275 2.445
-8.88439 2.43
-9.30603 2.415
-9.72767 2.4
-10.1493 2.385
-10.5709 2.37
-10.9926 2.355
-11.4142 2.34
-11.8359 2.325
-12.2575 2.31
-12.6791 2.295
-13.1008 2.28
-13.5224 2.265
-13.9441 2.25
-14.3657 2.235
-14.7874 2.22
-15.209 2.205
-15.6306 2.19
-16.0523 2.175
-16.4739 2.16
-16.8956 2.145
-17.3172 2.13
-17.7388 2.115
-18.1605 2.1
-18.5821 2.085
-19.0038 2.07
-19.4254 2.055
-19.847 2.04
-20.2687 2.025
-20.6903 2.01
-21.112 1.995
-21.5336 1.98
-21.9552 1.965
-22.3769 1.95
-22.7985 1.935
-23.2202 1.92
-23.6418 1.905
-24.0634 1.89
-24.4851 1.875
-24.9067 1.86
-25.3284 1.845
-25.75 1.83
-26.1716 1.815
-26.5933 1.8
-27.0149 1.785
-27.4366 1.77
-27.8582 1.755
-28.2798 1.74
-28.7015 1.725
-29.1231 1.71
-29.5448 1.695
-29.9664 1.68
-30.388 1.665
-30.8097 1.65
-31.2313 1.635
-31.653 1.62
-32.0746 1.605
-32.4962 1.59
-32.9179 1.575
-33.3395 1.56
-33.7612 1.545
-34.1828 1.53
-34.6044 1.515
-35.0261 1.5
-35.404 1.485
-35.6471 1.47
-35.8902 1.455
-36.1333 1.44
-36.3764 1.425
-36.6195 1.41
-36.8626 1.395
-37.1057 1.38
-37.3488 1.365
-37.5919 1.35
-37.8351 1.335
-38.0782 1.32
-38.3213 1.305
-38.5644 1.29
-38.8075 1.275
-39.0506 1.26
-39.2937 1.245
-39.5368 1.23
-39.7799 1.215
-40.023 1.2
-40.2661 1.185
-40.5092 1.17
-40.7523 1.155
-40.9954 1.14
-41.2385 1.125
-41.4816 1.11
-41.7247 1.095
-41.9678 1.08
-42.2109 1.065
-42.454 1.05
-42.6971 1.035
-42.9402 1.02
-43.1833 1.005
-43.4264 0.99
-43.6695 0.975
-43.9126 0.96
-44.1557 0.945
-44.3988 0.93
-44.6419 0.915
-44.885 0.9
-45.1281 0.885
-45.3712 0.87
-45.6143 0.855
-45.8574 0.84
-46.1005 0.825
-46.3436 0.81
-46.5867 0.795
-46.8298 0.78
-47.0729 0.765
-47.316 0.75
-47.5591 0.735
-47.8022 0.72
-48.0453 0.705
-48.2884 0.69
-48.5315 0.675
-48.7746 0.66
-49.0177 0.645
-49.2608 0.63
-49.5039 0.615
-49.747 0.6
-49.9901 0.585
-50.2332 0.57
-50.4763 0.555
-50.7194 0.54
-50.9625 0.525
-51.2056 0.51
-51.4487 0.495
-51.6918 0.48
-51.9349 0.465
-52.178 0.45
-52.4211 0.435
-52.6642 0.42
-52.9073 0.405
-53.1504 0.39
-53.3935 0.375
-53.6366 0.36
-53.8797 0.345
-54.1228 0.33
-54.3659 0.315
-54.609 0.3
-54.8521 0.285
-55.0952 0.27
-55.3383 0.255
-55.5814 0.24
-55.8245 0.225
-56.0676 0.21
-56.3107 0.195
-56.5538 0.18
-56.7969 0.165
-57.04 0.15
-57.2831 0.135
-57.5262 0.12
-57.7693 0.105
-58.0124 0.09
-58.2555 0.075
-58.4986 0.06
-58.7417 0.045
-58.9848 0.03
-59.2279 0.015
-59.471 2.35922e-16
-59.7141 -0.015
-59.9572 -0.03
-60.2003 -0.045
-60.4434 -0.06
-60.6865 -0.075
-60.9296 -0.09
-61.1727 -0.105
-61.4158 -0.12
-61.6589 -0.135
-61.902 -0.15
-62.1451 -0.165
-62.3882 -0.18
-62.6313 -0.195
-62.8744 -0.21
-63.1175 -0.225
-63.3606 -0.24
-63.6037 -0.255
-63.8468 -0.27
-64.0899 -0.285
-64.333 -0.3
-64.5761 -0.315
-64.8192 -0.33
-65.0623 -0.345
-65.3054 -0.36
-65.5485 -0.375
-65.7916 -0.39
-66.0347 -0.405
-66.2778 -0.42
-66.5209 -0.435
-66.764 -0.45
-67.0071 -0.465
-67.2502 -0.48
-67.4933 -0.495
-67.7364 -0.51
-67.9795 -0.525
-68.2226 -0.54
-68.4658 -0.555
-68.7089 -0.57
-68.952 -0.585
-69.1951 -0.6
-69.4382 -0.615
-69.6813 -0.63
-69.9244 -0.645
-70.1675 -0.66
-70.4106 -0.675
-70.6537 -0.69
-70.8968 -0.705
-71.1399 -0.72
-71.383 -0.735
-71.6261 -0.75
-71.8692 -0.765
-72.1123 -0.78
-72.3554 -0.795
-72.5985 -0.81
-72.8416 -0.825
-73.0847 -0.84
-73.3278 -0.855
-73.5709 -0.87
-73.814 -0.885
-74.0571 -0.9
-74.3002 -0.915
-74.5433 -0.93
-74.7864 -0.945
-75.0295 -0.96
-75.2726 -0.975
-75.5157 -0.99
-75.7588 -1.005
-76.0019 -1.02
-76.245 -1.035
-76.4881 -1.05
-76.7312 -1.065
-76.9743 -1.08
-77.2174 -1.095
-77.4605 -1.11
-77.7036 -1.125
-77.9467 -1.14
-78.1898 -1.155
-78.4329 -1.17
-78.676 -1.185
-78.9191 -1.2
-79.1622 -1.215
-79.4053 -1.23
-79.6484 -1.245
-79.8915 -1.26
-80.1346 -1.275
-80.3777 -1.29
-80.6208 -1.305
-80.8639 -1.32
-81.107 -1.335
-81.3501 -1.35
-81.5932 -1.365
-81.8363 -1.38
-82.0794 -1.395
-82.3225 -1.41
-82.5656 -1.425
-82.8087 -1.44
-83.0518 -1.455
-83.2949 -1.47
-83.538 -1.485
-83.7811 -1.5
-84.0242 -1.515
-84.2673 -1.53
-84.5104 -1.545
-84.7535 -1.56
-84.9966 -1.575
-85.2397 -1.59
-85.4828 -1.605
-85.7259 -1.62
-85.969 -1.635
-86.2121 -1.65
-86.4552 -1.665
-86.6983 -1.68
-86.9414 -1.695
-87.1845 -1.71
-87.4276 -1.725
-87.6707 -1.74
-87.9138 -1.755
-88.1569 -1.77
-88.4 -1.785
-88.6431 -1.8
-88.8862 -1.815
-89.1293 -1.83
-89.3724 -1.845
-89.6155 -1.86
-89.8586 -1.875
-90.1017 -1.89
-90.3448 -1.905
-90.5879 -1.92
-90.831 -1.935
-91.0741 -1.95
-91.3172 -1.965
-91.5603 -1.98
-91.8034 -1.995
-92.0465 -2.01
-92.2896 -2.025
-92.5327 -2.04
-92.7758 -2.055
-93.0189 -2.07
-93.262 -2.085
-93.5051 -2.1
-93.7482 -2.115
-93.9913 -2.13
-94.2344 -2.145
-94.4775 -2.16
-94.7206 -2.175
-94.9637 -2.19
-95.2068 -2.205
-95.4499 -2.22
-95.693 -2.235
-95.9361 -2.25
-96.1792 -2.265
-96.4223 -2.28
-96.6654 -2.295
-96.9085 -2.31
-97.1516 -2.325
-97.3947 -2.34
-97.6378 -2.355
-97.8809 -2.37
-98.124 -2.385
-98.3671 -2.4
-98.6102 -2.415
-98.8533 -2.43
-99.0965 -2.445
-99.3396 -2.46
-99.5827 -2.475
-99.8258 -2.49
-100.069 -2.505
-100.312 -2.52
-100.555 -2.535
-100.798 -2.55
-101.041 -2.565
-101.284 -2.58
-101.527 -2.595
-101.771 -2.61
-102.014 -2.625
-102.257 -2.64
-102.5 -2.655
-102.743 -2.67
-102.986 -2.685
-103.229 -2.7
-103.472 -2.715
-103.715 -2.73
-103.958 -2.745
-104.202 -2.76
-104.445 -2.775
-104.688 -2.79
-104.931 -2.805
-105.174 -2.82
-105.417 -2.835
-105.66 -2.85
-105.903 -2.865
-106.146 -2.88
-106.389 -2.895
-106.633 -2.91
-106.876 -2.925
-107.119 -2.94
-107.362 -2.955
-107.605 -2.97
-107.848 -2.985
-108.091 -3
-108.334 -3.015
-108.577 -3.03
-108.82 -3.045
-109.064 -3.06
-109.307 -3.075
-109.55 -3.09
-109.793 -3.105
-110.036 -3.12
-110.279 -3.135
-110.522 -3.15
-110.765 -3.165
-111.008 -3.18
-111.251 -3.195
-111.495 -3.21
-111.738 -3.225
-111.981 -3.24
-112.224 -3.255
-112.467 -3.27
-112.71 -3.285
-112.953 -3.3
-113.196 -3.315
-113.439 -3.33
-113.682 -3.345
-113.926 -3.36
-114.169 -3.375
-114.412 -3.39
-114.655 -3.405
-114.898 -3.42
-115.141 -3.435
-115.384 -3.45
-115.627 -3.465
-115.87 -3.48
-116.114 -3.495
-116.357 -3.51
-116.6 -3.525
-116.843 -3.54
-117.086 -3.555
-117.329 -3.57
-117.572 -3.585
-117.815 -3.6
-115.746 -3.585
-113.676 -3.57
-111.607 -3.555
-109.537 -3.54
-107.468 -3.525
-105.398 -3.51
-103.329 -3.495
-101.259 -3.48
-99.1896 -3.465
-97.1201 -3.45
-95.0506 -3.435
-92.9811 -3.42
-90.9116 -3.405
-88.842 -3.39
-86.7725 -3.375
-84.703 -3.36
-82.6335 -3.345
-80.564 -3.33
-78.4945 -3.315
-76.425 -3.3
-74.3555 -3.285
-72.286 -3.27
-70.2164 -3.255
-68.1469 -3.24
-66.0774 -3.225
-64.0079 -3.21
-61.9384 -3.195
-59.8689 -3.18
-57.7994 -3.165
-55.7299 -3.15
-53.6603 -3.135
-51.5908 -3.12
-49.5213 -3.105
-47.4518 -3.09
-45.3823 -3.075
-43.3128 -3.06
-41.2433 -3.045
-39.1738 -3.03
-37.1043 -3.015
-35.0347 -3
-32.9652 -2.985
-30.8957 -2.97
-28.8262 -2.955
-26.7567 -2.94
-24.6872 -2.925
-22.6177 -2.91
-20.5482 -2.895
-18.4786 -2.88
-16.4091 -2.865
-14.3396 -2.85
-12.2701 -2.835
-10.2006 -2.82
-8.13109 -2.805
-6.06158 -2.79
-3.99207 -2.775
-1.92255 -2.76
0.029941 -2.745
0.451581 -2.73
0.873222 -2.715
1.29486 -2.7
1.7165 -2.685
2.13814 -2.67
2.55978 -2.655
2.98142 -2.64
3.40306 -2.625
3.8247 -2.61
4.24634 -2.595
4.66798 -2.58
5.08962 -2.565
5.51126 -2.55
5.93291 -2.535
6.35455 -2.52
6.77619 -2.505
7.19783 -2.49
7.61947 -2.475
8.04111 -2.46
8.46275 -2.445
8.88439 -2.43
9.30603 -2.415
9.72767 -2.4
10.1493 -2.385
10.5709 -2.37
10.9926 -2.355
11.4142 -2.34
11.8359 -2.325
12.2575 -2.31
12.6791 -2.295
13.1008 -2.28
13.5224 -2.265
13.9441 -2.25
14.3657 -2.235
14.7874 -2.22
15.209 -2.205
15.6306 -2.19
16.0523 -2.175
16.4739 -2.16
16.8956 -2.145
17.3172 -2.13
17.7388 -2.115
18.1605 -2.1
18.5821 -2.085
19.0038 -2.07
19.4254 -2.055
19.847 -2.04
20.2687 -2.025
20.6903 -2.01
21.112 -1.995
21.5336 -1.98
21.9552 -1.965
22.3769 -1.95
22.7985 -1.935
23.2202 -1.92
23.6418 -1.905
24.0634 -1.89
24.4851 -1.875
24.9067 -1.86
25.3284 -1.845
25.75 -1.83
26.1716 -1.815
26.5933 -1.8
27.0149 -1.785
27.4366 -1.77
27.8582 -1.755
28.2798 -1.74
28.7015 -1.725
29.1231 -1.71
29.5448 -1.695
29.9664 -1.68
30.388 -1.665
30.8097 -1.65
31.2313 -1.635
31.653 -1.62
32.0746 -1.605
32.4962 -1.59
32.9179 -1.575
33.3395 -1.56
33.7612 -1.545
34.1828 -1.53
34.6044 -1.515
35.0261 -1.5
35.404 -1.485
35.6471 -1.47
35.8902 -1.455
36.1333 -1.44
36.3764 -1.425
36.6195 -1.41
36.8626 -1.395
37.1057 -1.38
37.3488 -1.365
37.5919 -1.35
37.8351 -1.335
38.0782 -1.32
38.3213 -1.305
38.5644 -1.29
38.8075 -1.275
39.0506 -1.26
39.2937 -1.245
39.5368 -1.23
39.7799 -1.215
40.023 -1.2
40.2661 -1.185
40.5092 -1.17
40.7523 -1.155
40.9954 -1.14
41.2385 -1.125
41.4816 -1.11
41.7247 -1.095
41.9678 -1.08
42.2109 -1.065
42.454 -1.05
42.6971 -1.035
42.9402 -1.02
43.1833 -1.005
43.4264 -0.99
43.6695 -0.975
43.9126 -0.96
44.1557 -0.945
44.3988 -0.93
44.6419 -0.915
44.885 -0.9
45.1281 -0.885
45.3712 -0.87
45.6143 -0.855
45.8574 -0.84
46.1005 -0.825
46.3436 -0.81
46.5867 -0.795
46.8298 -0.78
47.0729 -0.765
47.316 -0.75
47.5591 -0.735
47.8022 -0.72
48.0453 -0.705
48.2884 -0.69
48.5315 -0.675
48.7746 -0.66
49.0177 -0.645
49.2608 -0.63
49.5039 -0.615
49.747 -0.6
49.9901 -0.585
50.2332 -0.57
50.4763 -0.555
50.7194 -0.54
50.9625 -0.525
51.2056 -0.51
51.4487 -0.495
51.6918 -0.48
51.9349 -0.465
52.178 -0.45
52.4211 -0.435
52.6642 -0.42
52.9073 -0.405
53.1504 -0.39
53.3935 -0.375
53.6366 -0.36
53.8797 -0.345
54.1228 -0.33
54.3659 -0.315
54.609 -0.3
54.8521 -0.285
55.0952 -0.27
55.3383 -0.255
55.5814 -0.24
55.8245 -0.225
56.0676 -0.21
56.3107 -0.195
56.5538 -0.18
56.7969 -0.165
57.04 -0.15
57.2831 -0.135
57.5262 -0.12
57.7693 -0.105
58.0124 -0.09
58.2555 -0.075
58.4986 -0.06
58.7417 -0.045
58.9848 -0.03
59.2279 -0.015
59.471 2.08167e-16
