-0.188291 -2.76793e-05
-0.183928 -2.70423e-05
-0.0950329 -1.4065e-05
-0.00389661 -7.60384e-07
0.156383 7.63671e-05
0.105473 0.000181111
0.0523789 8.98465e-05
-0.00477599 -8.85215e-07
-0.0961883 -1.42318e-05
-0.183841 -2.70296e-05
-0.0960891 -1.42191e-05
-0.00475359 -8.85405e-07
0.0523815 8.98509e-05
0.105473 0.000181111
0.0523807 8.98495e-05
-0.00477887 -8.85635e-07
-0.0961007 -1.42191e-05
-0.183841 -2.70296e-05
-0.0960986 -1.42204e-05
-0.00475515 -8.85633e-07
0.0523815 8.98509e-05
0.105473 0.000181111
0.0523807 8.98495e-05
-0.00477887 -8.85635e-07
-0.0961007 -1.42191e-05
-0.183841 -2.70296e-05
-0.179065 -2.63324e-05
-0.175114 -2.57556e-05
-0.13358 -1.96921e-05
-0.0920447 -1.36286e-05
-0.0505099 -7.56516e-06
-0.00475515 -8.85633e-07
0.0523815 8.98509e-05
0.105473 0.000181111
0.0545525 0.000285878
0.00369019 0.000390525
0.00276454 0.000292518
0.00183889 0.000194511
0.000913238 9.65047e-05
-0.00477887 -8.85635e-07
-0.050512 -7.56288e-06
-0.0920461 -1.36271e-05
-0.13358 -1.96912e-05
-0.175114 -2.57554e-05
-0.133575 -1.96912e-05
-0.0920448 -1.36285e-05
-0.05051 -7.56501e-06
-0.00475576 -8.85553e-07
0.00091326 9.6507e-05
0.0018389 0.000194513
0.00276455 0.000292519
0.00369011 0.000390525
0.00276449 0.000292519
0.00183885 0.000194512
0.000913221 9.65049e-05
-0.00477832 -8.85556e-07
-0.0505119 -7.56288e-06
-0.092046 -1.36271e-05
-0.13358 -1.96912e-05
-0.175114 -2.57554e-05
-0.133579 -1.96919e-05
-0.0920448 -1.36285e-05
-0.05051 -7.56501e-06
-0.00475576 -8.85553e-07
0.000913241 9.6507e-05
0.00183886 0.000194513
0.00276449 0.000292519
0.00369011 0.000390525
0 0.000489082
0 0.000390955
0 0.000292829
0 0.000194703
0 9.65762e-05
-0.0049483 -9.10373e-07
-0.0505124 -7.56294e-06
-0.0920464 -1.36271e-05
-0.133581 -1.96913e-05
-0.175091 -2.5752e-05
-0.212202 -3.1222e-05
-0.253154 -3.73047e-05
-0.293772 -4.33564e-05
-0.334377 -4.94249e-05
-0.374967 -5.55101e-05
-0.415542 -6.16121e-05
-0.456102 -6.77312e-05
-0.496647 -7.38673e-05
-0.455932 -6.79236e-05
-0.415217 -6.19798e-05
-0.374503 -5.6036e-05
-0.333788 -5.00922e-05
-0.293073 -4.41484e-05
-0.252358 -3.82047e-05
-0.211643 -3.22609e-05
-0.170928 -2.63171e-05
-0.130213 -2.03733e-05
-0.0894984 -1.44296e-05
-0.0487835 -8.48578e-06
-0.000659996 -1.46045e-06
0 9.65797e-05
0 0.000194705
0 0.000292831
0 0.000390956
0 0.000489082
0 0.000587117
0 0.000685135
0 0.000783137
0 0.000881122
0 0.00097909
0 0.00107704
0 0.00117498
0 0.00107685
0 0.000978722
0 0.000880596
0 0.000782469
0 0.000684343
0 0.000586217
0 0.00048809
0 0.000389964
0 0.000291837
0 0.000193711
0 9.55844e-05
-0.00451727 -1.95787e-06
-0.0488303 -8.43284e-06
-0.0895409 -1.43814e-05
-0.130252 -2.033e-05
-0.170962 -2.62786e-05
-0.211673 -3.22272e-05
-0.252383 -3.81758e-05
-0.293094 -4.41244e-05
-0.333805 -5.0073e-05
-0.374515 -5.60216e-05
-0.415226 -6.19702e-05
-0.455937 -6.79187e-05
-0.496647 -7.38673e-05
-0.455932 -6.79236e-05
-0.415217 -6.19798e-05
-0.374503 -5.6036e-05
-0.333788 -5.00922e-05
-0.293073 -4.41484e-05
-0.252358 -3.82047e-05
-0.211643 -3.22609e-05
-0.170928 -2.63171e-05
-0.130213 -2.03733e-05
-0.0894984 -1.44296e-05
-0.0487835 -8.48578e-06
-0.00406737 -1.95787e-06
0 9.56374e-05
0 0.000193759
0 0.000291881
0 0.000390002
0 0.000488124
0 0.000586245
0 0.000684367
0 0.000782489
0 0.00088061
0 0.000978732
0 0.00107685
0 0.00117498
0 0.00127289
0 0.00117477
0 0.00107664
0 0.000978513
0 0.000880386
0 0.00078226
0 0.000684133
0 0.000586007
0 0.00048788
0 0.000389754
0 0.000291628
0 0.000193501
0 9.53747e-05
-0.00527861 -2.06912e-06
-0.0488303 -8.43284e-06
-0.0895409 -1.43814e-05
-0.130252 -2.033e-05
-0.170962 -2.62786e-05
-0.211673 -3.22272e-05
-0.252383 -3.81758e-05
-0.293094 -4.41244e-05
-0.333805 -5.0073e-05
-0.374515 -5.60216e-05
-0.415226 -6.19702e-05
-0.455937 -6.79187e-05
-0.496647 -7.38673e-05
-0.455932 -6.79236e-05
-0.415217 -6.19798e-05
-0.374503 -5.6036e-05
-0.333788 -5.00922e-05
-0.293073 -4.41484e-05
-0.252358 -3.82047e-05
-0.211643 -3.22609e-05
-0.170928 -2.63171e-05
-0.130213 -2.03733e-05
-0.0894984 -1.44296e-05
-0.0487835 -8.48578e-06
-0.00477264 -2.06083e-06
0 9.54422e-05
0 0.000193563
0 0.000291684
0 0.000389805
0 0.000487925
0 0.000586046
0 0.000684167
0 0.000782288
0 0.000880409
0 0.000978529
0 0.00107665
0 0.00117477
0 0.00127289
0 0.00117477
0 0.00107664
0 0.000978513
0 0.000880386
0 0.00078226
0 0.000684133
0 0.000586007
0 0.00048788
0 0.000389754
0 0.000291628
0 0.000193501
0 9.53747e-05
-0.00527861 -2.06912e-06
-0.0488303 -8.43284e-06
-0.0895409 -1.43814e-05
-0.130252 -2.033e-05
-0.170962 -2.62786e-05
-0.211673 -3.22272e-05
-0.252383 -3.81758e-05
-0.293094 -4.41244e-05
-0.333805 -5.0073e-05
-0.374515 -5.60216e-05
-0.415226 -6.19702e-05
-0.455937 -6.79187e-05
-0.496647 -7.38673e-05
-0.537177 -8.00208e-05
-0.577691 -8.61917e-05
-0.61819 -9.23802e-05
-0.658673 -9.85864e-05
-0.69914 -0.000104811
-0.739591 -0.000111053
-0.780027 -0.000117313
-0.820446 -0.000123592
-0.779731 -0.000117648
-0.739016 -0.000111704
-0.698301 -0.00010576
-0.657586 -9.98167e-05
-0.616871 -9.38729e-05
-0.576156 -8.79292e-05
-0.535441 -8.19854e-05
-0.494727 -7.60416e-05
-0.454012 -7.00978e-05
-0.413297 -6.4154e-05
-0.372582 -5.82103e-05
-0.331867 -5.22665e-05
-0.291152 -4.63227e-05
-0.250437 -4.03789e-05
-0.209722 -3.44351e-05
-0.169008 -2.84914e-05
-0.128293 -2.25476e-05
-0.0875778 -1.66038e-05
-0.0468629 -1.066e-05
0 -3.21439e-06
0 9.49508e-05
0 0.000193218
0 0.000292076
0 0.000390055
0 0.00048804
0 0.000586073
0 0.000684169
0 0.000782288
0 0.000880409
0 0.000978529
0 0.00107665
0 0.00117477
0 0.00127289
0 0.00137079
0 0.00146867
0 0.00156654
0 0.00166438
0 0.00176221
0 0.00186002
0 0.00195781
0 0.00185969
0 0.00176156
0 0.00166343
0 0.00156531
0 0.00146718
0 0.00136905
0 0.00127093
0 0.0011728
0 0.00107467
0 0.000976548
0 0.000878422
0 0.000780295
0 0.000682169
0 0.000584042
0 0.000485916
0 0.000387789
0 0.000289663
0 0.000191537
0 9.34102e-05
-0.00433377 -4.15586e-06
-0.047082 -1.0412e-05
-0.0877854 -1.63688e-05
-0.128489 -2.23256e-05
-0.169192 -2.82825e-05
-0.209895 -3.42393e-05
-0.250599 -4.01961e-05
-0.291302 -4.6153e-05
-0.332005 -5.21098e-05
-0.372709 -5.80666e-05
-0.413412 -6.40235e-05
-0.454116 -6.99803e-05
-0.494819 -7.59371e-05
-0.535522 -8.1894e-05
-0.576226 -8.78508e-05
-0.616929 -9.38076e-05
-0.657632 -9.97645e-05
-0.698336 -0.000105721
-0.739039 -0.000111678
-0.779742 -0.000117635
-0.820446 -0.000123592
-0.779731 -0.000117648
-0.739016 -0.000111704
-0.698301 -0.00010576
-0.657586 -9.98167e-05
-0.616871 -9.38729e-05
-0.576156 -8.79292e-05
-0.535441 -8.19854e-05
-0.494727 -7.60416e-05
-0.454012 -7.00978e-05
-0.413297 -6.4154e-05
-0.372582 -5.82103e-05
-0.331867 -5.22665e-05
-0.291152 -4.63227e-05
-0.250437 -4.03789e-05
-0.209722 -3.44351e-05
-0.169008 -2.84914e-05
-0.128293 -2.25476e-05
-0.0875778 -1.66038e-05
-0.0468629 -1.066e-05
-0.00230928 -4.15586e-06
0 9.36582e-05
0 0.000191772
0 0.000289885
0 0.000387998
0 0.000486112
0 0.000584225
0 0.000682338
0 0.000780452
0 0.000878565
0 0.000976679
0 0.00107479
0 0.00117291
0 0.00127102
0 0.00136913
0 0.00146725
0 0.00156536
0 0.00166347
0 0.00176159
0 0.0018597
0 0.00195781
0 0.00205559
0 0.00195746
0 0.00185933
0 0.00176121
0 0.00166308
0 0.00156495
0 0.00146683
0 0.0013687
0 0.00127057
0 0.00117245
0 0.00107432
0 0.000976194
0 0.000878068
0 0.000779942
0 0.000681815
0 0.000583689
0 0.000485562
0 0.000387436
0 0.00028931
0 0.000191183
0 9.30567e-05
-0.00561607 -4.34352e-06
-0.0475573 -1.04815e-05
-0.0877493 -1.63635e-05
-0.128489 -2.23256e-05
-0.169192 -2.82825e-05
-0.209895 -3.42393e-05
-0.250599 -4.01961e-05
-0.291302 -4.6153e-05
-0.332005 -5.21098e-05
-0.372709 -5.80666e-05
-0.413412 -6.40235e-05
-0.454116 -6.99803e-05
-0.494819 -7.59371e-05
-0.535522 -8.1894e-05
-0.576226 -8.78508e-05
-0.616929 -9.38076e-05
-0.657632 -9.97645e-05
-0.698336 -0.000105721
-0.739039 -0.000111678
-0.779742 -0.000117635
-0.820446 -0.000123592
-0.779731 -0.000117648
-0.739016 -0.000111704
-0.698301 -0.00010576
-0.657586 -9.98167e-05
-0.616871 -9.38729e-05
-0.576156 -8.79292e-05
-0.535441 -8.19854e-05
-0.494727 -7.60416e-05
-0.454012 -7.00978e-05
-0.413297 -6.4154e-05
-0.372582 -5.82103e-05
-0.331867 -5.22665e-05
-0.291152 -4.63227e-05
-0.250437 -4.03789e-05
-0.209722 -3.44351e-05
-0.169008 -2.84914e-05
-0.128293 -2.25476e-05
-0.0875778 -1.66038e-05
-0.0468629 -1.066e-05
-0.00344446 -4.32158e-06
0 9.3344e-05
0 0.000191456
0 0.000289568
0 0.00038768
0 0.000485792
0 0.000583904
0 0.000682016
0 0.000780128
0 0.00087824
0 0.000976352
0 0.00107446
0 0.00117258
0 0.00127069
0 0.0013688
0 0.00146691
0 0.00156502
0 0.00166314
0 0.00176125
0 0.00185936
0 0.00195747
0 0.00205559
0 0.00195746
0 0.00185933
0 0.00176121
0 0.00166308
0 0.00156495
0 0.00146683
0 0.0013687
0 0.00127057
0 0.00117245
0 0.00107432
0 0.000976194
0 0.000878068
0 0.000779942
0 0.000681815
0 0.000583689
0 0.000485562
0 0.000387436
0 0.00028931
0 0.000191183
0 9.30567e-05
-0.00561607 -4.34352e-06
-0.0475573 -1.04815e-05
-0.0877493 -1.63635e-05
-0.128489 -2.23256e-05
-0.169192 -2.82825e-05
-0.209895 -3.42393e-05
-0.250599 -4.01961e-05
-0.291302 -4.6153e-05
-0.332005 -5.21098e-05
-0.372709 -5.80666e-05
-0.413412 -6.40235e-05
-0.454116 -6.99803e-05
-0.494819 -7.59371e-05
-0.535522 -8.1894e-05
-0.576226 -8.78508e-05
-0.616929 -9.38076e-05
-0.657632 -9.97645e-05
-0.698336 -0.000105721
-0.739039 -0.000111678
-0.779742 -0.000117635
-0.820446 -0.000123592
-0.860848 -0.000129889
-0.901234 -0.000136205
-0.941604 -0.00014254
-0.981957 -0.000148894
-1.02229 -0.000155267
-1.06261 -0.000161659
-1.10291 -0.000168071
-1.1432 -0.000174503
-1.18346 -0.000180954
-1.22371 -0.000187426
-1.183 -0.000181482
-1.14228 -0.000175538
-1.10157 -0.000169595
-1.06085 -0.000163651
-1.02014 -0.000157707
-0.979422 -0.000151763
-0.938707 -0.00014582
-0.897992 -0.000139876
-0.857277 -0.000133932
-0.816562 -0.000127988
-0.775847 -0.000122044
-0.735132 -0.000116101
-0.694417 -0.000110157
-0.653703 -0.000104213
-0.612988 -9.82694e-05
-0.572273 -9.23256e-05
-0.531558 -8.63818e-05
-0.490843 -8.0438e-05
-0.450128 -7.44943e-05
-0.409413 -6.85505e-05
-0.368698 -6.26067e-05
-0.327983 -5.66629e-05
-0.287269 -5.07191e-05
-0.246554 -4.47754e-05
-0.205839 -3.88316e-05
-0.165124 -3.28878e-05
-0.124409 -2.6944e-05
-0.0836942 -2.10003e-05
-0.0429793 -1.50565e-05
0 -4.76805e-06
0 9.3344e-05
0 0.000191456
0 0.000289568
0 0.00038768
0 0.000485792
0 0.000583904
0 0.000682016
0 0.000780128
0 0.00087824
0 0.000976352
0 0.00107446
0 0.00117258
0 0.00127069
0 0.0013688
0 0.00146691
0 0.00156502
0 0.00166314
0 0.00176125
0 0.00185936
0 0.00195747
0 0.00205559
0 0.00215334
0 0.00225107
0 0.00234879
0 0.00244649
0 0.00254417
0 0.00264182
0 0.00273946
0 0.00283708
0 0.00293468
0 0.00303226
0 0.00293413
0 0.00283601
0 0.00273788
0 0.00263975
0 0.00254163
0 0.0024435
0 0.00234537
0 0.00224725
0 0.00214912
0 0.00205099
0 0.00195287
0 0.00185474
0 0.00175661
0 0.00165849
0 0.00156036
0 0.00146224
0 0.00136411
0 0.00126598
0 0.00116786
0 0.00106973
0 0.000971603
0 0.000873477
0 0.00077535
0 0.000677224
0 0.000579098
0 0.000480971
0 0.000382845
0 0.000284718
0 0.000186592
0 8.84655e-05
-0.00318587 -8.26817e-06
-0.0437158 -1.42175e-05
-0.0844092 -2.01908e-05
-0.125099 -2.61634e-05
-0.165788 -3.21361e-05
-0.206477 -3.81088e-05
-0.247167 -4.40815e-05
-0.287856 -5.00542e-05
-0.328545 -5.60269e-05
-0.369235 -6.19996e-05
-0.409924 -6.79723e-05
-0.450613 -7.3945e-05
-0.491303 -7.99176e-05
-0.531992 -8.58903e-05
-0.572681 -9.1863e-05
-0.613371 -9.78357e-05
-0.65406 -0.000103808
-0.694749 -0.000109781
-0.735439 -0.000115754
-0.776128 -0.000121726
-0.816817 -0.000127699
-0.857507 -0.000133672
-0.898196 -0.000139645
-0.938885 -0.000145617
-0.979575 -0.00015159
-1.02026 -0.000157563
-1.06095 -0.000163535
-1.10164 -0.000169508
-1.14233 -0.000175481
-1.18302 -0.000181453
-1.22371 -0.000187426
-1.183 -0.000181482
-1.14228 -0.000175538
-1.10157 -0.000169595
-1.06085 -0.000163651
-1.02014 -0.000157707
-0.979422 -0.000151763
-0.938707 -0.00014582
-0.897992 -0.000139876
-0.857277 -0.000133932
-0.816562 -0.000127988
-0.775847 -0.000122044
-0.735132 -0.000116101
-0.694417 -0.000110157
-0.653703 -0.000104213
-0.612988 -9.82694e-05
-0.572273 -9.23256e-05
-0.531558 -8.63818e-05
-0.490843 -8.0438e-05
-0.450128 -7.44943e-05
-0.409413 -6.85505e-05
-0.368698 -6.26067e-05
-0.327983 -5.66629e-05
-0.287269 -5.07191e-05
-0.246554 -4.47754e-05
-0.205839 -3.88316e-05
-0.165124 -3.28878e-05
-0.124409 -2.6944e-05
-0.0836942 -2.10003e-05
-0.0429793 -1.50565e-05
-0.00213562 -8.42749e-06
0 8.93905e-05
0 0.000187486
0 0.000285582
0 0.000383677
0 0.000481773
0 0.000579868
0 0.000677964
0 0.00077606
0 0.000874155
0 0.000972251
0 0.00107035
0 0.00116844
0 0.00126654
0 0.00136463
0 0.00146273
0 0.00156082
0 0.00165892
0 0.00175702
0 0.00185511
0 0.00195321
0 0.0020513
0 0.0021494
0 0.00224749
0 0.00234559
0 0.00244368
0 0.00254178
0 0.00263988
0 0.00273797
0 0.00283607
0 0.00293416
0 0.00303226
0 0.00293413
0 0.00283601
0 0.00273788
0 0.00263975
0 0.00254163
0 0.0024435
0 0.00234537
0 0.00224725
0 0.00214912
0 0.00205099
0 0.00195287
0 0.00185474
0 0.00175661
0 0.00165849
0 0.00156036
0 0.00146224
0 0.00136411
0 0.00126598
0 0.00116786
0 0.00106973
0 0.000971603
0 0.000873477
0 0.00077535
0 0.000677224
0 0.000579098
0 0.000480971
0 0.000382845
0 0.000284718
0 0.000186592
0 8.84655e-05
-0.00318587 -8.26817e-06
-0.0437158 -1.42175e-05
-0.0844092 -2.01908e-05
-0.125099 -2.61634e-05
-0.165788 -3.21361e-05
-0.206477 -3.81088e-05
-0.247167 -4.40815e-05
-0.287856 -5.00542e-05
-0.328545 -5.60269e-05
-0.369235 -6.19996e-05
-0.409924 -6.79723e-05
-0.450613 -7.3945e-05
-0.491303 -7.99176e-05
-0.531992 -8.58903e-05
-0.572681 -9.1863e-05
-0.613371 -9.78357e-05
-0.65406 -0.000103808
-0.694749 -0.000109781
-0.735439 -0.000115754
-0.776128 -0.000121726
-0.816817 -0.000127699
-0.857507 -0.000133672
-0.898196 -0.000139645
-0.938885 -0.000145617
-0.979575 -0.00015159
-1.02026 -0.000157563
-1.06095 -0.000163535
-1.10164 -0.000169508
-1.14233 -0.000175481
-1.18302 -0.000181453
-1.22371 -0.000187426
-1.183 -0.000181482
-1.14228 -0.000175538
-1.10157 -0.000169595
-1.06085 -0.000163651
-1.02014 -0.000157707
-0.979422 -0.000151763
-0.938707 -0.00014582
-0.897992 -0.000139876
-0.857277 -0.000133932
-0.816562 -0.000127988
-0.775847 -0.000122044
-0.735132 -0.000116101
-0.694417 -0.000110157
-0.653703 -0.000104213
-0.612988 -9.82694e-05
-0.572273 -9.23256e-05
-0.531558 -8.63818e-05
-0.490843 -8.0438e-05
-0.450128 -7.44943e-05
-0.409413 -6.85505e-05
-0.368698 -6.26067e-05
-0.327983 -5.66629e-05
-0.287269 -5.07191e-05
-0.246554 -4.47754e-05
-0.205839 -3.88316e-05
-0.165124 -3.28878e-05
-0.124409 -2.6944e-05
-0.0836942 -2.10003e-05
-0.0429793 -1.50565e-05
-0.00213562 -8.42749e-06
0 8.93905e-05
0 0.000187486
0 0.000285582
0 0.000383677
0 0.000481773
0 0.000579868
0 0.000677964
0 0.00077606
0 0.000874155
0 0.000972251
0 0.00107035
0 0.00116844
0 0.00126654
0 0.00136463
0 0.00146273
0 0.00156082
0 0.00165892
0 0.00175702
0 0.00185511
0 0.00195321
0 0.0020513
0 0.0021494
0 0.00224749
0 0.00234559
0 0.00244368
0 0.00254178
0 0.00263988
0 0.00273797
0 0.00283607
0 0.00293416
0 0.00283604
0 0.00273791
0 0.00263978
0 0.00254166
0 0.00244353
0 0.0023454
0 0.00224728
0 0.00214915
0 0.00205102
0 0.0019529
0 0.00185477
0 0.00175665
0 0.00165852
0 0.00156039
0 0.00146227
0 0.00136414
0 0.00126601
0 0.00116789
0 0.00106976
0 0.000971634
0 0.000873508
0 0.000775381
0 0.000677255
0 0.000579128
0 0.000481002
0 0.000382876
0 0.000284749
0 0.000186623
0 8.84963e-05
-0.00318587 -8.26817e-06
-0.0437158 -1.42175e-05
-0.0844092 -2.01908e-05
-0.125099 -2.61634e-05
-0.165788 -3.21361e-05
-0.206477 -3.81088e-05
-0.247167 -4.40815e-05
-0.287856 -5.00542e-05
-0.328545 -5.60269e-05
-0.369235 -6.19996e-05
-0.409924 -6.79723e-05
-0.450613 -7.3945e-05
-0.491303 -7.99176e-05
-0.531992 -8.58903e-05
-0.572681 -9.1863e-05
-0.613371 -9.78357e-05
-0.65406 -0.000103808
-0.694749 -0.000109781
-0.735439 -0.000115754
-0.776128 -0.000121726
-0.816817 -0.000127699
-0.857507 -0.000133672
-0.898196 -0.000139645
-0.938885 -0.000145617
-0.979575 -0.00015159
-1.02026 -0.000157563
-1.06095 -0.000163535
-1.10164 -0.000169508
-1.14233 -0.000175481
-1.18302 -0.000181453
-1.22371 -0.000187426
-1.26394 -0.000193918
-1.30415 -0.000200431
-1.34435 -0.000206964
-1.36888 -0.000210963
-1.36938 -0.000211045
-1.36987 -0.000211125
-1.37036 -0.000211205
-1.37085 -0.000211285
-1.37134 -0.000211365
-1.37183 -0.000211445
-1.33112 -0.000205501
-1.2904 -0.000199557
-1.24969 -0.000193613
-1.20897 -0.000187669
-1.16826 -0.000181726
-1.12754 -0.000175782
-1.08683 -0.000169838
-1.04611 -0.000163894
-1.0054 -0.000157951
-0.964682 -0.000152007
-0.923967 -0.000146063
-0.883253 -0.000140119
-0.842538 -0.000134175
-0.801823 -0.000128232
-0.761108 -0.000122288
-0.720393 -0.000116344
-0.679678 -0.0001104
-0.638963 -0.000104456
-0.598248 -9.85127e-05
-0.557533 -9.25689e-05
-0.516819 -8.66252e-05
-0.476104 -8.06814e-05
-0.435389 -7.47376e-05
-0.394674 -6.87938e-05
-0.353959 -6.285e-05
-0.313244 -5.69063e-05
-0.272529 -5.09625e-05
-0.231814 -4.50187e-05
-0.1911 -3.90749e-05
-0.150385 -3.31312e-05
-0.10967 -2.71874e-05
-0.0689549 -2.12436e-05
-0.02824 -1.52998e-05
0 4.76615e-06
0 5.68012e-05
0 0.000108836
0 0.000160871
0 0.000212907
0 0.000264942
0 0.000316977
0 0.000369012
0 0.000421047
0 0.000473082
0 0.000525117
0 0.000577152
0 0.000629187
0 0.0007157
0 0.000813795
0 0.000911891
0 0.00100999
0 0.00110808
0 0.00120618
0 0.00130427
0 0.00140237
0 0.00150046
0 0.00159856
0 0.00169666
0 0.00179475
0 0.00189285
0 0.00199094
0 0.00208904
0 0.00218713
0 0.00228523
0 0.00238332
0 0.00248142
0 0.00257952
0 0.00267761
0 0.00277571
0 0.0028738
0 0.0029719
0 0.00306999
0 0.00316809
0 0.00326618
0 0.00336896
0 0.00347296
0 0.00357696
0 0.00368096
0 0.00378495
0 0.00388895
0 0.00399295
0 0.00389482
0 0.0037967
0 0.00369857
0 0.00360044
0 0.00350232
0 0.00340419
0 0.00330606
0 0.00320794
0 0.00310981
0 0.00301169
0 0.00291356
0 0.00281543
0 0.00271731
0 0.00261918
0 0.00252105
0 0.00242293
0 0.0023248
0 0.00222667
0 0.00212855
0 0.00203042
0 0.00193229
0 0.00183417
0 0.00173604
0 0.00163792
0 0.00153979
0 0.00144166
0 0.00134419
0 0.00129061
0 0.00123857
0 0.00118654
0 0.0011345
0 0.00108247
0 0.00103043
0 0.000978396
0 0.00092636
0 0.000874325
0 0.00082229
0 0.000770255
0 0.00071822
0 0.000666185
0 0.00061415
0 0.000562115
0 0.00051008
0 0.000458045
0 0.000406009
0 0.000353974
0 0.000301939
0 0.000249904
0 0.000197869
0 0.000145834
0 9.37989e-05
0 4.17638e-05
-0.000372142 -9.85006e-06
-0.041055 -1.58301e-05
-0.0817378 -2.18102e-05
-0.122421 -2.77903e-05
-0.163103 -3.37704e-05
-0.203786 -3.97504e-05
-0.244469 -4.57305e-05
-0.285152 -5.17106e-05
-0.325835 -5.76907e-05
-0.366517 -6.36708e-05
-0.4072 -6.96508e-05
-0.447883 -7.56309e-05
-0.488566 -8.1611e-05
-0.529249 -8.75911e-05
-0.569932 -9.35711e-05
-0.610614 -9.95512e-05
-0.651297 -0.000105531
-0.69198 -0.000111511
-0.732663 -0.000117491
-0.773346 -0.000123472
-0.814028 -0.000129452
-0.854711 -0.000135432
-0.895394 -0.000141412
-0.936077 -0.000147392
-0.97676 -0.000153372
-1.01744 -0.000159352
-1.05813 -0.000165332
-1.08237 -0.000168895
-1.04165 -0.000162951
-1.00094 -0.000157008
-0.96022 -0.000151064
-0.919506 -0.00014512
-0.878791 -0.000139176
-0.838076 -0.000133232
-0.797361 -0.000127289
-0.756646 -0.000121345
-0.715931 -0.000115401
-0.675216 -0.000109457
-0.634501 -0.000103514
-0.593787 -9.75698e-05
-0.553072 -9.1626e-05
-0.512357 -8.56822e-05
-0.471642 -7.97385e-05
-0.430927 -7.37947e-05
-0.390212 -6.78509e-05
-0.349497 -6.19071e-05
-0.308782 -5.59633e-05
-0.268067 -5.00196e-05
-0.227353 -4.40758e-05
-0.186638 -3.8132e-05
-0.145923 -3.21882e-05
-0.105208 -2.62444e-05
-0.0644931 -2.03007e-05
-0.0237782 -1.43569e-05
0 1.07601e-05
0 6.27952e-05
0 0.00011483
0 0.000166865
0 0.0002189
0 0.000270936
0 0.000322971
0 0.000375006
0 0.000427041
0 0.000479076
0 0.000531111
0 0.000583146
0 0.000635181
0 0.000687216
0 0.000739251
0 0.000791287
0 0.000843322
0 0.000895357
0 0.000947392
0 0.000999427
0 0.00105146
0 0.0011035
0 0.00115553
0 0.00120757
0 0.0012596
0 0.00131164
0 0.00136367
0 0.00144488
0 0.00154297
0 0.00164107
0 0.00173917
0 0.00183726
0 0.00193536
0 0.00203345
0 0.00213155
0 0.00222964
0 0.00232774
0 0.00242584
0 0.00252393
0 0.00262203
0 0.00272012
0 0.00281822
0 0.00291631
0 0.00301441
0 0.0031125
0 0.0032106
0 0.0033087
0 0.00340679
0 0.00350489
0 0.00360298
0 0.00370108
0 0.00379917
0 0.00389727
0 0.00399551
0 0.00389738
0 0.00379926
0 0.00370113
0 0.003603
0 0.00350488
0 0.00340675
0 0.00330862
0 0.0032105
0 0.00311237
0 0.00301425
0 0.00291612
0 0.00281799
0 0.00271987
0 0.00262174
0 0.00252361
0 0.00242549
0 0.00232736
0 0.00222923
0 0.00213111
0 0.00203298
0 0.00193485
0 0.00183673
0 0.0017386
0 0.00164048
0 0.00154235
0 0.00144422
0 0.00136494
0 0.0013129
0 0.00126087
0 0.00120883
0 0.0011568
0 0.00110476
0 0.00105273
0 0.00100069
0 0.000948657
0 0.000896622
0 0.000844587
0 0.000792552
0 0.000740517
0 0.000688482
0 0.000636447
0 0.000584412
0 0.000532376
0 0.000480341
0 0.000428306
0 0.000376271
0 0.000324236
0 0.000272201
0 0.000220166
0 0.000168131
0 0.000116096
0 6.40606e-05
0 1.20255e-05
-0.0236225 -1.32677e-05
-0.0643054 -1.92478e-05
-0.104988 -2.52279e-05
-0.145671 -3.12079e-05
-0.186354 -3.7188e-05
-0.227037 -4.31681e-05
-0.267719 -4.91482e-05
-0.308402 -5.51282e-05
-0.349085 -6.11083e-05
-0.389768 -6.70884e-05
-0.430451 -7.30685e-05
-0.471134 -7.90485e-05
-0.511816 -8.50286e-05
-0.552499 -9.10087e-05
-0.593182 -9.69888e-05
-0.633865 -0.000102969
-0.674548 -0.000108949
-0.71523 -0.000114929
-0.755913 -0.000120909
-0.796596 -0.000126889
-0.837279 -0.000132869
-0.877962 -0.000138849
-0.918645 -0.000144829
-0.959327 -0.000150809
-1.00001 -0.00015679
-1.04069 -0.00016277
-1.08132 -0.000168741
-1.0406 -0.000162797
-0.999886 -0.000156853
-0.959172 -0.00015091
-0.918457 -0.000144966
-0.877742 -0.000139022
-0.837027 -0.000133078
-0.796312 -0.000127134
-0.755597 -0.000121191
-0.714882 -0.000115247
-0.674167 -0.000109303
-0.633453 -0.000103359
-0.592738 -9.74156e-05
-0.552023 -9.14718e-05
-0.511308 -8.5528e-05
-0.470593 -7.95843e-05
-0.429878 -7.36405e-05
-0.389163 -6.76967e-05
-0.348448 -6.17529e-05
-0.307733 -5.58092e-05
-0.267019 -4.98654e-05
-0.226304 -4.39216e-05
-0.185589 -3.79778e-05
-0.144874 -3.2034e-05
-0.104159 -2.60903e-05
-0.0634442 -2.01465e-05
-0.0227293 -1.42027e-05
0 1.21017e-05
0 6.41368e-05
0 0.000116172
0 0.000168207
0 0.000220242
0 0.000272277
0 0.000324312
0 0.000376347
0 0.000428382
0 0.000480418
0 0.000532453
0 0.000584488
0 0.000636523
0 0.000688558
0 0.000740593
0 0.000792628
0 0.000844663
0 0.000896698
0 0.000948733
0 0.00100077
0 0.0010528
0 0.00110484
0 0.00115687
0 0.00120891
0 0.00126094
0 0.00131298
0 0.00136501
0 0.00144503
0 0.00154313
0 0.00164122
0 0.00173932
0 0.00183742
0 0.00193551
0 0.00203361
0 0.0021317
0 0.0022298
0 0.00232789
0 0.00242599
0 0.00252408
0 0.00262218
0 0.00272028
0 0.00281837
0 0.00291647
0 0.00301456
0 0.00311266
0 0.00321075
0 0.00330885
0 0.00340694
0 0.00350504
0 0.00360314
0 0.00370123
0 0.00379933
0 0.00389742
0 0.00399552
0 0.00389739
0 0.00379927
0 0.00370114
0 0.00360301
0 0.00350489
0 0.00340676
0 0.00330863
0 0.00321051
0 0.00311238
0 0.00301425
0 0.00291613
0 0.002818
0 0.00271988
0 0.00262175
0 0.00252362
0 0.0024255
0 0.00232737
0 0.00222924
0 0.00213112
0 0.00203299
0 0.00193486
0 0.00183674
0 0.00173861
0 0.00164048
0 0.00154236
0 0.00144423
0 0.00136502
0 0.00131298
0 0.00126095
0 0.00120891
0 0.00115688
0 0.00110484
0 0.00105281
0 0.00100077
0 0.000948738
0 0.000896703
0 0.000844668
0 0.000792633
0 0.000740598
0 0.000688563
0 0.000636527
0 0.000584492
0 0.000532457
0 0.000480422
0 0.000428387
0 0.000376352
0 0.000324317
0 0.000272282
0 0.000220247
0 0.000168212
0 0.000116176
0 6.41414e-05
0 1.21063e-05
-0.0235594 -1.32584e-05
-0.0642422 -1.92385e-05
-0.104925 -2.52186e-05
-0.145608 -3.11986e-05
-0.186291 -3.71787e-05
-0.226973 -4.31588e-05
-0.267656 -4.91389e-05
-0.308339 -5.5119e-05
-0.349022 -6.1099e-05
-0.389705 -6.70791e-05
-0.430388 -7.30592e-05
-0.47107 -7.90393e-05
-0.511753 -8.50193e-05
-0.552436 -9.09994e-05
-0.593119 -9.69795e-05
-0.633802 -0.00010296
-0.674484 -0.00010894
-0.715167 -0.00011492
-0.75585 -0.0001209
-0.796533 -0.00012688
-0.837216 -0.00013286
-0.877899 -0.00013884
-0.918581 -0.00014482
-0.959264 -0.0001508
-0.999947 -0.00015678
-1.04063 -0.00016276
-1.08131 -0.00016874
-1.08181 -0.000168813
-1.0823 -0.000168885
-1.08279 -0.000168958
-1.08329 -0.00016903
-1.08378 -0.000169103
-1.08427 -0.000169175
-1.08477 -0.000169248
-1.08526 -0.00016932
-1.08575 -0.000169393
-1.08624 -0.000169465
-1.08674 -0.000169538
-1.08723 -0.00016961
-1.08772 -0.000169683
-1.08822 -0.000169755
-1.08871 -0.000169828
-1.0892 -0.0001699
-1.0897 -0.000169973
-1.09019 -0.000170045
-1.09068 -0.000170118
-1.09118 -0.00017019
-1.05046 -0.000164247
-1.00975 -0.000158303
-0.969032 -0.000152359
-0.928318 -0.000146415
-0.887603 -0.000140472
-0.846888 -0.000134528
-0.806173 -0.000128584
-0.765458 -0.00012264
-0.724743 -0.000116696
-0.684028 -0.000110753
-0.643313 -0.000104809
-0.602598 -9.88651e-05
-0.561884 -9.29213e-05
-0.521169 -8.69775e-05
-0.480454 -8.10337e-05
-0.439739 -7.509e-05
-0.399024 -6.91462e-05
-0.358309 -6.32024e-05
-0.317594 -5.72586e-05
-0.276879 -5.13149e-05
-0.236165 -4.53711e-05
-0.19545 -3.94273e-05
-0.154735 -3.34835e-05
-0.11402 -2.75397e-05
-0.073305 -2.1596e-05
-0.0325902 -1.56522e-05
0 -5.10797e-07
0 5.15243e-05
0 0.000103559
0 0.000155594
0 0.00020763
0 0.000259665
0 0.0003117
0 0.000363735
0 0.00041577
0 0.000467805
0 0.00051984
0 0.000571875
0 0.00062391
0 0.000675945
0 0.000727981
0 0.000780016
0 0.000832051
0 0.000884086
0 0.000936121
0 0.000988156
0 0.00104019
0 0.00109223
0 0.00114426
0 0.0011963
0 0.00124833
0 0.00130037
0 0.0013524
0 0.00140444
0 0.00145647
0 0.00150851
0 0.00156054
0 0.00161258
0 0.00166461
0 0.00171665
0 0.00176868
0 0.00182072
0 0.00187275
0 0.00192479
0 0.00197682
0 0.00202886
0 0.00208089
0 0.00213293
0 0.00218496
0 0.002237
0 0.00228903
0 0.00234107
0 0.0023931
0 0.00244514
0 0.00249717
0 0.00254921
0 0.00260124
0 0.00265328
0 0.00270531
0 0.00275735
0 0.00280938
0 0.00286142
0 0.0028889
0 0.00291194
0 0.00293497
0 0.00295801
0 0.00298105
0 0.00300409
0 0.00302713
0 0.00310889
0 0.00320673
0 0.00330457
0 0.00340241
0 0.00350025
0 0.00359809
0 0.00369593
0 0.00379377
0 0.00389161
0 0.00398945
0 0.00409306
0 0.00419706
0 0.00430105
0 0.00440505
0 0.00450904
0 0.00461304
0 0.00471703
0 0.00482102
0 0.00492502
0 0.00502901
0 0.00513301
0 0.005237
0 0.005341
0 0.00544499
0 0.00554899
0 0.00565298
0 0.00575697
0 0.00586097
0 0.00596496
0 0.00606896
0 0.00617295
0 0.00607483
0 0.0059767
0 0.00587857
0 0.00578045
0 0.00568232
0 0.00558419
0 0.00548607
0 0.00538794
0 0.00528981
0 0.00519169
0 0.00511534
0 0.00506331
0 0.00501127
0 0.00495924
0 0.0049072
0 0.00485517
0 0.00480313
0 0.0047511
0 0.00469906
0 0.00464703
0 0.00459499
0 0.00454296
0 0.00449092
0 0.00443889
0 0.00438685
0 0.00433482
0 0.00428278
0 0.00423075
0 0.00417871
0 0.00412667
0 0.00407464
0 0.0040226
0 0.00397057
0 0.00391853
0 0.0038665
0 0.00381446
0 0.00376243
0 0.00371039
0 0.00365836
0 0.00360632
0 0.00355429
0 0.00350225
0 0.00345022
0 0.00339818
0 0.00334615
0 0.00329411
0 0.00324208
0 0.00319004
0 0.00313801
0 0.00308597
0 0.00303394
0 0.0029819
0 0.00292987
0 0.00287783
0 0.0028258
0 0.00277376
0 0.00272173
0 0.00266969
0 0.00261766
0 0.00256562
0 0.00251359
0 0.00246155
0 0.00240952
0 0.00235748
0 0.00230545
0 0.00225341
0 0.00220138
0 0.00214934
0 0.00209731
0 0.00204527
0 0.00199324
0 0.0019412
0 0.00188917
0 0.00183713
0 0.0017851
0 0.00173306
0 0.00168103
0 0.00162899
0 0.00157696
0 0.00152492
0 0.00147288
0 0.00142085
0 0.00136881
0 0.00131678
0 0.00126474
0 0.00121271
0 0.00116067
0 0.00110864
0 0.0010566
0 0.00100457
0 0.000952534
0 0.000900499
0 0.000848464
0 0.000796429
0 0.000744393
0 0.000692358
0 0.000619373
0 0.000538078
0 0.000456783
0 0.000375488
0 0.000294193
0 0.000212898
0 0.000131603
0 5.0308e-05
-0.0110626 -1.14215e-05
-0.0535008 -1.76596e-05
-0.0959391 -2.38977e-05
-0.138377 -3.01358e-05
-0.180815 -3.63739e-05
-0.223254 -4.2612e-05
-0.265692 -4.88501e-05
-0.286833 -5.19577e-05
-0.306015 -5.47773e-05
-0.325197 -5.75969e-05
-0.344378 -6.04165e-05
-0.36356 -6.3236e-05
-0.382742 -6.60556e-05
-0.401924 -6.88752e-05
-0.421105 -7.16948e-05
-0.422649 -7.19216e-05
-0.381934 -6.59779e-05
-0.341219 -6.00341e-05
-0.300504 -5.40903e-05
-0.259789 -4.81465e-05
-0.219074 -4.22028e-05
-0.17836 -3.6259e-05
-0.137645 -3.03152e-05
-0.0969297 -2.43714e-05
-0.0562149 -1.84276e-05
-0.0155 -1.24839e-05
0 2.20045e-05
0 7.40396e-05
0 0.000126075
0 0.00017811
0 0.000230145
0 0.00028218
0 0.000334215
0 0.00038625
0 0.000438285
0 0.00049032
0 0.000542355
0 0.000594391
0 0.000646426
0 0.000698461
0 0.000750496
0 0.000802531
0 0.000854566
0 0.000906601
0 0.000958636
0 0.00101067
0 0.00106271
0 0.00111474
0 0.00116678
0 0.00121881
0 0.00127085
0 0.00132288
0 0.00137492
0 0.00142695
0 0.00147899
0 0.00153102
0 0.00158306
0 0.00163509
0 0.00168713
0 0.00173916
0 0.0017912
0 0.00184323
0 0.00189527
0 0.0019473
0 0.00199934
0 0.00205137
0 0.00210341
0 0.00215544
0 0.00220748
0 0.00225951
0 0.00231155
0 0.00236358
0 0.00241562
0 0.00246765
0 0.00251969
0 0.00257172
0 0.00262376
0 0.00267579
0 0.00272783
0 0.00277986
0 0.0028319
0 0.00288393
0 0.00293597
0 0.00298801
0 0.00304004
0 0.00309208
0 0.00314411
0 0.00319615
0 0.00324818
0 0.00330022
0 0.00335225
0 0.00340429
0 0.00345632
0 0.00350836
0 0.00356039
0 0.00361243
0 0.00366446
0 0.0037165
0 0.00376853
0 0.00382057
0 0.0038726
0 0.00392464
0 0.00397667
0 0.00402871
0 0.00408074
0 0.00413278
0 0.00418481
0 0.00423685
0 0.00428888
0 0.00434092
0 0.00439295
0 0.00444499
0 0.00447993
0 0.00450271
0 0.00452549
0 0.00454826
0 0.00457104
0 0.00459382
0 0.00461659
0 0.00463937
0 0.00467387
0 0.0047717
0 0.00486954
0 0.00496738
0 0.00506522
0 0.00516306
0 0.00526202
0 0.00536333
0 0.00546463
0 0.00556594
0 0.00566724
0 0.00576855
0 0.00586986
0 0.00597116
0 0.00607247
0 0.0061738
0 0.00607567
0 0.00597754
0 0.00587942
0 0.00578129
0 0.00568316
0 0.00558504
0 0.00548691
0 0.00538878
0 0.00529066
0 0.00519253
0 0.00512269
0 0.00507065
0 0.00501862
0 0.00496658
0 0.00491455
0 0.00486251
0 0.00481048
0 0.00475844
0 0.00470641
0 0.00465437
0 0.00460234
0 0.0045503
0 0.00449827
0 0.00444623
0 0.00439419
0 0.00434216
0 0.00429012
0 0.00423809
0 0.00418605
0 0.00413402
0 0.00408198
0 0.00402995
0 0.00397791
0 0.00392588
0 0.00387384
0 0.00382181
0 0.00376977
0 0.00371774
0 0.0036657
0 0.00361367
0 0.00356163
0 0.0035096
0 0.00345756
0 0.00340553
0 0.00335349
0 0.00330146
0 0.00324942
0 0.00319739
0 0.00314535
0 0.00309332
0 0.00304128
0 0.00298925
0 0.00293721
0 0.00288518
0 0.00283314
0 0.00278111
0 0.00272907
0 0.00267704
0 0.002625
0 0.00257297
0 0.00252093
0 0.0024689
0 0.00241686
0 0.00236483
0 0.00231279
0 0.00226076
0 0.00220872
0 0.00215669
0 0.00210465
0 0.00205262
0 0.00200058
0 0.00194855
0 0.00189651
0 0.00184448
0 0.00179244
0 0.0017404
0 0.00168837
0 0.00163633
0 0.0015843
0 0.00153226
0 0.00148023
0 0.00142819
0 0.00137616
0 0.00132412
0 0.00127209
0 0.00122005
0 0.00116802
0 0.00111598
0 0.00106395
0 0.00101191
0 0.000959878
0 0.000907843
0 0.000855808
0 0.000803773
0 0.000751738
0 0.000699703
0 0.000630303
0 0.000549005
0 0.000467708
0 0.000386411
0 0.000305114
0 0.000223817
0 0.000142519
0 6.12222e-05
-0.0053661 -1.05841e-05
-0.0478044 -1.68223e-05
-0.0902427 -2.30604e-05
-0.132681 -2.92985e-05
-0.175119 -3.55366e-05
-0.217558 -4.17747e-05
-0.253122 -4.70024e-05
-0.271953 -4.97704e-05
-0.290784 -5.25385e-05
-0.309615 -5.53065e-05
-0.328446 -5.80745e-05
-0.347277 -6.08426e-05
-0.366108 -6.36106e-05
-0.384939 -6.63786e-05
-0.40377 -6.91467e-05
-0.4226 -7.19145e-05
-0.381885 -6.59707e-05
-0.34117 -6.0027e-05
-0.300456 -5.40832e-05
-0.259741 -4.81394e-05
-0.219026 -4.21956e-05
-0.178311 -3.62518e-05
-0.137596 -3.03081e-05
-0.0968812 -2.43643e-05
-0.0561663 -1.84205e-05
-0.0154514 -1.24767e-05
0 2.20666e-05
0 7.41017e-05
0 0.000126137
0 0.000178172
0 0.000230207
0 0.000282242
0 0.000334277
0 0.000386312
0 0.000438347
0 0.000490382
0 0.000542418
0 0.000594453
0 0.000646488
0 0.000698523
0 0.000750558
0 0.000802593
0 0.000854628
0 0.000906663
0 0.000958698
0 0.00101073
0 0.00106277
0 0.0011148
0 0.00116684
0 0.00121887
0 0.00127091
0 0.00132294
0 0.00137498
0 0.00142701
0 0.00147905
0 0.00153108
0 0.00158312
0 0.00163515
0 0.00168719
0 0.00173922
0 0.00179126
0 0.0018433
0 0.00189533
0 0.00194737
0 0.0019994
0 0.00205144
0 0.00210347
0 0.00215551
0 0.00220754
0 0.00225958
0 0.00231161
0 0.00236365
0 0.00241568
0 0.00246772
0 0.00251975
0 0.00257179
0 0.00262382
0 0.00267586
0 0.00272789
0 0.00277993
0 0.00283196
0 0.002884
0 0.00293603
0 0.00298807
0 0.0030401
0 0.00309214
0 0.00314417
0 0.00319621
0 0.00324824
0 0.00330028
0 0.00335231
0 0.00340435
0 0.00345638
0 0.00350842
0 0.00356045
0 0.00361249
0 0.00366452
0 0.00371656
0 0.00376859
0 0.00382063
0 0.00387266
0 0.0039247
0 0.00397673
0 0.00402877
0 0.0040808
0 0.00413284
0 0.00418487
0 0.00423691
0 0.00428894
0 0.00434098
0 0.00439301
0 0.00444505
0 0.00448002
0 0.0045028
0 0.00452558
0 0.00454835
0 0.00457113
0 0.00459391
0 0.00461669
0 0.00463946
0 0.00467387
0 0.00477171
0 0.00486955
0 0.00496739
0 0.00506523
0 0.00516306
0 0.00526204
0 0.00536335
0 0.00546465
0 0.00556596
0 0.00566726
0 0.00576857
0 0.00586988
0 0.00597118
0 0.00607249
0 0.0061738
0 0.00607567
0 0.00597754
0 0.00587942
0 0.00578129
0 0.00568316
0 0.00558504
0 0.00548691
0 0.00538878
0 0.00529066
0 0.00519253
0 0.00512269
0 0.00507065
0 0.00501862
0 0.00496658
0 0.00491455
0 0.00486251
0 0.00481048
0 0.00475844
0 0.00470641
0 0.00465437
0 0.00460234
0 0.0045503
0 0.00449827
0 0.00444623
0 0.0043942
0 0.00434216
0 0.00429013
0 0.00423809
0 0.00418606
0 0.00413402
0 0.00408198
0 0.00402995
0 0.00397791
0 0.00392588
0 0.00387384
0 0.00382181
0 0.00376977
0 0.00371774
0 0.0036657
0 0.00361367
0 0.00356163
0 0.0035096
0 0.00345756
0 0.00340553
0 0.00335349
0 0.00330146
0 0.00324942
0 0.00319739
0 0.00314535
0 0.00309332
0 0.00304128
0 0.00298925
0 0.00293721
0 0.00288518
0 0.00283314
0 0.00278111
0 0.00272907
0 0.00267704
0 0.002625
0 0.00257297
0 0.00252093
0 0.0024689
0 0.00241686
0 0.00236483
0 0.00231279
0 0.00226076
0 0.00220872
0 0.00215669
0 0.00210465
0 0.00205262
0 0.00200058
0 0.00194855
0 0.00189651
0 0.00184448
0 0.00179244
0 0.00174041
0 0.00168837
0 0.00163634
0 0.0015843
0 0.00153226
0 0.00148023
0 0.00142819
0 0.00137616
0 0.00132412
0 0.00127209
0 0.00122005
0 0.00116802
0 0.00111598
0 0.00106395
0 0.00101191
0 0.000959879
0 0.000907844
0 0.000855809
0 0.000803774
0 0.000751738
0 0.000699703
0 0.000630303
0 0.000549006
0 0.000467709
0 0.000386412
0 0.000305115
0 0.000223817
0 0.00014252
0 6.1223e-05
-0.00536569 -1.05841e-05
-0.047804 -1.68222e-05
-0.0902423 -2.30603e-05
-0.132681 -2.92984e-05
-0.175119 -3.55366e-05
-0.217557 -4.17747e-05
-0.253121 -4.70022e-05
-0.271952 -4.97703e-05
-0.290783 -5.25383e-05
-0.309614 -5.53063e-05
-0.328445 -5.80744e-05
-0.347276 -6.08424e-05
-0.366107 -6.36104e-05
-0.384938 -6.63785e-05
-0.403769 -6.91465e-05
-0.4226 -7.19145e-05
-0.423116 -7.19903e-05
-0.423632 -7.20662e-05
-0.424148 -7.2142e-05
-0.424664 -7.22178e-05
-0.42518 -7.22936e-05
-0.425695 -7.23695e-05
-0.426211 -7.24453e-05
-0.426727 -7.25211e-05
-0.427243 -7.2597e-05
-0.427759 -7.26728e-05
-0.428275 -7.27486e-05
-0.428791 -7.28244e-05
-0.429306 -7.29003e-05
-0.429822 -7.29761e-05
-0.430338 -7.30519e-05
-0.430854 -7.31277e-05
-0.43137 -7.32036e-05
-0.431886 -7.32794e-05
-0.432402 -7.33552e-05
-0.432917 -7.34311e-05
-0.433433 -7.35069e-05
-0.392718 -6.75631e-05
-0.352003 -6.16193e-05
-0.311289 -5.56755e-05
-0.270574 -4.97318e-05
-0.229859 -4.3788e-05
-0.189144 -3.78442e-05
-0.148429 -3.19004e-05
-0.107714 -2.59567e-05
-0.0669993 -2.00129e-05
-0.0262844 -1.40691e-05
0 8.21068e-06
0 6.02458e-05
0 0.000112281
0 0.000164316
0 0.000216351
0 0.000268386
0 0.000320421
0 0.000372456
0 0.000424491
0 0.000476527
0 0.000528562
0 0.000580597
0 0.000632632
0 0.000684667
0 0.000736702
0 0.000788737
0 0.000840772
0 0.000892807
0 0.000944842
0 0.000996878
0 0.00104891
0 0.00110095
0 0.00115298
0 0.00120502
0 0.00125705
0 0.00130909
0 0.00136112
0 0.00141316
0 0.00146519
0 0.00151723
0 0.00156926
0 0.0016213
0 0.00167333
0 0.00172537
0 0.0017774
0 0.00182944
0 0.00188147
0 0.00193351
0 0.00198554
0 0.00203758
0 0.00208961
0 0.00214165
0 0.00219368
0 0.00224572
0 0.00229751
0 0.00234797
0 0.00239842
0 0.00244888
0 0.00249934
0 0.0025498
0 0.00260026
0 0.00265072
0 0.00270118
0 0.00275164
0 0.00280209
0 0.00285255
0 0.00290301
0 0.00295347
0 0.00300393
0 0.00305439
0 0.00310485
0 0.0031553
0 0.00320576
0 0.00325622
0 0.00330668
0 0.00335714
0 0.0034076
0 0.00345806
0 0.00350851
0 0.00355897
0 0.00360943
0 0.00365989
0 0.00371035
0 0.00376081
0 0.00381127
0 0.00386172
0 0.00391218
0 0.00396264
0 0.0040131
0 0.00406356
0 0.00411402
0 0.00416448
0 0.00421493
0 0.00426288
0 0.00428107
0 0.00429927
0 0.00431747
0 0.00433567
0 0.00435387
0 0.00437207
0 0.00439026
0 0.00440846
0 0.00442666
0 0.00444486
0 0.00446306
0 0.00448125
0 0.00449945
0 0.00451765
0 0.00453585
0 0.00455405
0 0.00457225
0 0.00459044
0 0.00460864
0 0.00462684
0 0.00464504
0 0.00466324
0 0.00468144
0 0.00469963
0 0.00471783
0 0.00473603
0 0.00475423
0 0.00477243
0 0.00479062
0 0.00480882
0 0.00482702
0 0.00484522
0 0.00486342
0 0.00488288
0 0.00498069
0 0.00507851
0 0.00517632
0 0.00527581
0 0.0053771
0 0.0054784
0 0.00557969
0 0.00568099
0 0.00578228
0 0.00588358
0 0.00598488
0 0.00608617
0 0.00618783
0 0.00629182
0 0.00639582
0 0.00649981
0 0.00660381
0 0.0067078
0 0.00681179
0 0.00691579
0 0.00701978
0 0.00712378
0 0.00722777
0 0.00733177
0 0.00743576
0 0.00753975
0 0.00764375
0 0.00774774
0 0.00785174
0 0.00795573
0 0.00805972
0 0.00816372
0 0.00826771
0 0.00837171
0 0.00827358
0 0.00817545
0 0.00807733
0 0.0079792
0 0.00788107
0 0.00778295
0 0.00768482
0 0.0075867
0 0.00752055
0 0.00746851
0 0.00741648
0 0.00736444
0 0.00731241
0 0.00726037
0 0.00720834
0 0.0071563
0 0.00710426
0 0.00705223
0 0.00700019
0 0.00694816
0 0.00689612
0 0.00684409
0 0.00679205
0 0.00674002
0 0.00668798
0 0.00663595
0 0.00658391
0 0.00653188
0 0.00647984
0 0.00642781
0 0.00637577
0 0.00632374
0 0.0062717
0 0.00621967
0 0.00616763
0 0.0061156
0 0.00606356
0 0.00601153
0 0.00595949
0 0.00590746
0 0.00585542
0 0.00580339
0 0.00575135
0 0.00569932
0 0.00564728
0 0.00559525
0 0.00554321
0 0.00549118
0 0.00543914
0 0.00538711
0 0.00533507
0 0.00528304
0 0.005231
0 0.00517897
0 0.00512693
0 0.0050749
0 0.00502273
0 0.00496906
0 0.00491539
0 0.00486172
0 0.00480805
0 0.00475438
0 0.00470072
0 0.00464705
0 0.00459338
0 0.00453971
0 0.00448604
0 0.00443237
0 0.0043787
0 0.00432504
0 0.00427137
0 0.0042177
0 0.00416403
0 0.00411036
0 0.00405669
0 0.00400302
0 0.00394935
0 0.00389569
0 0.00384202
0 0.00378835
0 0.00373468
0 0.00368101
0 0.00362734
0 0.00357367
0 0.00352001
0 0.00346634
0 0.00341267
0 0.003359
0 0.00330533
0 0.00325166
0 0.00319799
0 0.00314433
0 0.00309066
0 0.00303699
0 0.00298332
0 0.00292965
0 0.0028451
0 0.0027592
0 0.0026733
0 0.0025874
0 0.00250151
0 0.00241561
0 0.00232971
0 0.00224381
0 0.00215791
0 0.00207202
0 0.00198612
0 0.00190022
0 0.00181432
0 0.00172842
0 0.00164253
0 0.00155663
0 0.00147073
0 0.00138483
0 0.00130246
0 0.00124149
0 0.00118052
0 0.00111955
0 0.00105857
0 0.000997602
0 0.000936629
0 0.000875657
0 0.000814684
0 0.000753711
0 0.000692739
0 0.000631766
0 0.000570794
0 0.000509821
0 0.000448848
0 0.000387876
0 0.000326903
0 0.00026593
0 0.000204958
0 0.000143985
0 8.30126e-05
0 2.204e-05
-0.00636329 -1.07307e-05
-0.0196791 -1.2688e-05
-0.0329949 -1.46454e-05
-0.0463107 -1.66027e-05
-0.0596266 -1.856e-05
-0.0729424 -2.05174e-05
-0.0862582 -2.24747e-05
-0.099574 -2.4432e-05
-0.11289 -2.63893e-05
-0.126206 -2.83467e-05
-0.139521 -3.0304e-05
-0.152837 -3.22613e-05
-0.166153 -3.42187e-05
-0.179469 -3.6176e-05
-0.192785 -3.81333e-05
-0.206101 -4.00906e-05
-0.219416 -4.2048e-05
-0.232732 -4.40053e-05
-0.246048 -4.59626e-05
-0.259364 -4.792e-05
-0.27268 -4.98773e-05
-0.285995 -5.18346e-05
-0.299311 -5.37919e-05
-0.312627 -5.57493e-05
-0.325943 -5.77066e-05
-0.337524 -5.94089e-05
-0.296809 -5.34651e-05
-0.256094 -4.75213e-05
-0.215379 -4.15776e-05
-0.174664 -3.56338e-05
-0.133949 -2.969e-05
-0.0932345 -2.37462e-05
-0.0525197 -1.78024e-05
-0.0118048 -1.18587e-05
0 2.68128e-05
0 7.88479e-05
0 0.000130883
0 0.000182918
0 0.000234953
0 0.000286988
0 0.000339023
0 0.000391059
0 0.000443094
0 0.000495129
0 0.000547164
0 0.000599199
0 0.000651234
0 0.000703269
0 0.000755304
0 0.000807339
0 0.000859374
0 0.00091141
0 0.000963445
0 0.00101548
0 0.00106751
0 0.00111955
0 0.00117159
0 0.00122362
0 0.00127566
0 0.00132769
0 0.00137973
0 0.00143176
0 0.0014838
0 0.00153583
0 0.00158787
0 0.0016399
0 0.00169194
0 0.00174397
0 0.00179601
0 0.00184804
0 0.00190008
0 0.00195211
0 0.00200415
0 0.00205618
0 0.00210822
0 0.00216025
0 0.00221229
0 0.00226432
0 0.00231636
0 0.00236839
0 0.00242043
0 0.00247246
0 0.00252439
0 0.00257479
0 0.0026252
0 0.00267561
0 0.00272602
0 0.00277642
0 0.00282683
0 0.00287724
0 0.00292764
0 0.00297805
0 0.00302846
0 0.00307886
0 0.00312927
0 0.00317968
0 0.00323008
0 0.00328049
0 0.0033309
0 0.0033813
0 0.00343171
0 0.00348212
0 0.00353252
0 0.00358293
0 0.00363334
0 0.00368374
0 0.00373415
0 0.00378456
0 0.00383496
0 0.00388537
0 0.00393578
0 0.00398618
0 0.00403659
0 0.004087
0 0.00413741
0 0.00418781
0 0.00423822
0 0.00428863
0 0.00433903
0 0.00438944
0 0.00443985
0 0.00449025
0 0.0045101
0 0.00452827
0 0.00454645
0 0.00456462
0 0.0045828
0 0.00460097
0 0.00461915
0 0.00463732
0 0.00465549
0 0.00467367
0 0.00469184
0 0.00471002
0 0.00472819
0 0.00474637
0 0.00476454
0 0.00478272
0 0.00480089
0 0.00481907
0 0.0048444
0 0.00488756
0 0.00493073
0 0.00497389
0 0.00501705
0 0.00506021
0 0.00510337
0 0.00514653
0 0.00518969
0 0.00523286
0 0.00527602
0 0.00531918
0 0.00536234
0 0.0054055
0 0.00544866
0 0.00549183
0 0.00553499
0 0.00557815
0 0.00562131
0 0.00566447
0 0.00570763
0 0.00575079
0 0.00581879
0 0.00592091
0 0.00602303
0 0.00612515
0 0.00622727
0 0.00632939
0 0.00643151
0 0.00653363
0 0.00663574
0 0.00673786
0 0.00683998
0 0.0069421
0 0.00704422
0 0.00714634
0 0.00724846
0 0.00735058
0 0.0074527
0 0.00755482
0 0.00765694
0 0.00775906
0 0.00786118
0 0.0079633
0 0.00806542
0 0.00816754
0 0.00826965
0 0.00837178
0 0.00827365
0 0.00817552
0 0.0080774
0 0.00797927
0 0.00788114
0 0.00778302
0 0.00768489
0 0.00758676
0 0.00752114
0 0.00746911
0 0.00741707
0 0.00736504
0 0.007313
0 0.00726097
0 0.00720893
0 0.0071569
0 0.00710486
0 0.00705283
0 0.00700079
0 0.00694876
0 0.00689672
0 0.00684469
0 0.00679265
0 0.00674062
0 0.00668858
0 0.00663655
0 0.00658451
0 0.00653248
0 0.00648044
0 0.00642841
0 0.00637637
0 0.00632434
0 0.0062723
0 0.00622027
0 0.00616823
0 0.0061162
0 0.00606416
0 0.00601213
0 0.00596009
0 0.00590806
0 0.00585602
0 0.00580399
0 0.00575195
0 0.00569992
0 0.00564788
0 0.00559585
0 0.00554381
0 0.00549177
0 0.00543974
0 0.0053877
0 0.00533567
0 0.00528363
0 0.0052316
0 0.00517956
0 0.00512753
0 0.00507549
0 0.00502334
0 0.00496967
0 0.004916
0 0.00486234
0 0.00480867
0 0.004755
0 0.00470133
0 0.00464766
0 0.00459399
0 0.00454032
0 0.00448665
0 0.00443298
0 0.00437932
0 0.00432565
0 0.00427198
0 0.00421831
0 0.00416464
0 0.00411097
0 0.0040573
0 0.00400363
0 0.00394996
0 0.0038963
0 0.00384263
0 0.00378896
0 0.00373529
0 0.00368162
0 0.00362795
0 0.00357428
0 0.00352061
0 0.00346694
0 0.00341328
0 0.00335961
0 0.00330594
0 0.00325227
0 0.0031986
0 0.00314493
0 0.00309126
0 0.00303759
0 0.00298392
0 0.00293026
0 0.00284604
0 0.00276014
0 0.00267424
0 0.00258834
0 0.00250245
0 0.00241655
0 0.00233065
0 0.00224475
0 0.00215885
0 0.00207296
0 0.00198706
0 0.00190116
0 0.00181526
0 0.00172936
0 0.00164347
0 0.00155757
0 0.00147167
0 0.00138577
0 0.00130633
0 0.0012454
0 0.00118448
0 0.00112356
0 0.00106264
0 0.00100171
0 0.000940791
0 0.000879868
0 0.000818946
0 0.000758023
0 0.0006971
0 0.000636178
0 0.000575255
0 0.000514332
0 0.00045341
0 0.000392487
0 0.000331564
0 0.000270642
0 0.000209719
0 0.000148796
0 8.78736e-05
0 2.69509e-05
-0.00527393 -1.05706e-05
-0.0185638 -1.25241e-05
-0.0318537 -1.44776e-05
-0.0451436 -1.64311e-05
-0.0584336 -1.83847e-05
-0.0717235 -2.03382e-05
-0.0850134 -2.22917e-05
-0.0983033 -2.42452e-05
-0.111593 -2.61987e-05
-0.124883 -2.81523e-05
-0.138173 -3.01058e-05
-0.151463 -3.20593e-05
-0.164753 -3.40128e-05
-0.178043 -3.59663e-05
-0.191333 -3.79199e-05
-0.204623 -3.98734e-05
-0.217912 -4.18269e-05
-0.231202 -4.37804e-05
-0.244492 -4.57339e-05
-0.257782 -4.76875e-05
-0.271072 -4.9641e-05
-0.284362 -5.15945e-05
-0.297652 -5.3548e-05
-0.310942 -5.55015e-05
-0.324232 -5.74551e-05
-0.337522 -5.94086e-05
-0.296807 -5.34648e-05
-0.256092 -4.7521e-05
-0.215377 -4.15772e-05
-0.174662 -3.56335e-05
-0.133947 -2.96897e-05
-0.0932323 -2.37459e-05
-0.0525174 -1.78021e-05
-0.0118025 -1.18583e-05
0 2.68157e-05
0 7.88508e-05
0 0.000130886
0 0.000182921
0 0.000234956
0 0.000286991
0 0.000339026
0 0.000391061
0 0.000443097
0 0.000495132
0 0.000547167
0 0.000599202
0 0.000651237
0 0.000703272
0 0.000755307
0 0.000807342
0 0.000859377
0 0.000911412
0 0.000963448
0 0.00101548
0 0.00106752
0 0.00111955
0 0.00117159
0 0.00122362
0 0.00127566
0 0.00132769
0 0.00137973
0 0.00143176
0 0.0014838
0 0.00153583
0 0.00158787
0 0.0016399
0 0.00169194
0 0.00174397
0 0.00179601
0 0.00184804
0 0.00190008
0 0.00195211
0 0.00200415
0 0.00205618
0 0.00210822
0 0.00216025
0 0.00221229
0 0.00226432
0 0.00231636
0 0.0023684
0 0.00242043
0 0.00247247
0 0.00252439
0 0.0025748
0 0.0026252
0 0.00267561
0 0.00272602
0 0.00277642
0 0.00282683
0 0.00287724
0 0.00292765
0 0.00297805
0 0.00302846
0 0.00307887
0 0.00312927
0 0.00317968
0 0.00323009
0 0.00328049
0 0.0033309
0 0.00338131
0 0.00343171
0 0.00348212
0 0.00353253
0 0.00358293
0 0.00363334
0 0.00368375
0 0.00373415
0 0.00378456
0 0.00383497
0 0.00388537
0 0.00393578
0 0.00398619
0 0.00403659
0 0.004087
0 0.00413741
0 0.00418782
0 0.00423822
0 0.00428863
0 0.00433904
0 0.00438944
0 0.00443985
0 0.00449026
0 0.0045101
0 0.00452828
0 0.00454645
0 0.00456463
0 0.0045828
0 0.00460098
0 0.00461915
0 0.00463732
0 0.0046555
0 0.00467367
0 0.00469185
0 0.00471002
0 0.0047282
0 0.00474637
0 0.00476455
0 0.00478272
0 0.0048009
0 0.00481907
0 0.00484442
0 0.00488758
0 0.00493075
0 0.00497391
0 0.00501707
0 0.00506023
0 0.00510339
0 0.00514655
0 0.00518972
0 0.00523288
0 0.00527604
0 0.0053192
0 0.00536236
0 0.00540552
0 0.00544869
0 0.00549185
0 0.00553501
0 0.00557817
0 0.00562133
0 0.00566449
0 0.00570766
0 0.00575082
0 0.00581879
0 0.00592091
0 0.00602303
0 0.00612515
0 0.00622727
0 0.00632939
0 0.00643151
0 0.00653363
0 0.00663575
0 0.00673787
0 0.00683998
0 0.0069421
0 0.00704422
0 0.00714634
0 0.00724846
0 0.00735058
0 0.0074527
0 0.00755482
0 0.00765694
0 0.00775906
0 0.00786118
0 0.0079633
0 0.00806542
0 0.00816754
0 0.00826966
0 0.00837178
0 0.00827365
0 0.00817552
0 0.0080774
0 0.00797927
0 0.00788114
0 0.00778302
0 0.00768489
0 0.00758676
0 0.00752114
0 0.00746911
0 0.00741707
0 0.00736504
0 0.007313
0 0.00726097
0 0.00720893
0 0.0071569
0 0.00710486
0 0.00705283
0 0.00700079
0 0.00694876
0 0.00689672
0 0.00684469
0 0.00679265
0 0.00674062
0 0.00668858
0 0.00663655
0 0.00658451
0 0.00653248
0 0.00648044
0 0.00642841
0 0.00637637
0 0.00632434
0 0.0062723
0 0.00622027
0 0.00616823
0 0.0061162
0 0.00606416
0 0.00601213
0 0.00596009
0 0.00590806
0 0.00585602
0 0.00580399
0 0.00575195
0 0.00569992
0 0.00564788
0 0.00559585
0 0.00554381
0 0.00549177
0 0.00543974
0 0.0053877
0 0.00533567
0 0.00528363
0 0.0052316
0 0.00517956
0 0.00512753
0 0.00507549
0 0.00502334
0 0.00496967
0 0.004916
0 0.00486234
0 0.00480867
0 0.004755
0 0.00470133
0 0.00464766
0 0.00459399
0 0.00454032
0 0.00448665
0 0.00443298
0 0.00437932
0 0.00432565
0 0.00427198
0 0.00421831
0 0.00416464
0 0.00411097
0 0.0040573
0 0.00400363
0 0.00394996
0 0.0038963
0 0.00384263
0 0.00378896
0 0.00373529
0 0.00368162
0 0.00362795
0 0.00357428
0 0.00352061
0 0.00346694
0 0.00341328
0 0.00335961
0 0.00330594
0 0.00325227
0 0.0031986
0 0.00314493
0 0.00309126
0 0.00303759
0 0.00298392
0 0.00293026
0 0.00284604
0 0.00276014
0 0.00267424
0 0.00258834
0 0.00250245
0 0.00241655
0 0.00233065
0 0.00224475
0 0.00215885
0 0.00207296
0 0.00198706
0 0.00190116
0 0.00181526
0 0.00172936
0 0.00164347
0 0.00155757
0 0.00147167
0 0.00138577
0 0.00130633
0 0.0012454
0 0.00118448
0 0.00112356
0 0.00106264
0 0.00100171
0 0.000940791
0 0.000879868
0 0.000818946
0 0.000758023
0 0.0006971
0 0.000636178
0 0.000575255
0 0.000514332
0 0.00045341
0 0.000392487
0 0.000331564
0 0.000270642
0 0.000209719
0 0.000148796
0 8.78737e-05
0 2.69511e-05
-0.0052739 -1.05706e-05
-0.0185638 -1.25241e-05
-0.0318537 -1.44776e-05
-0.0451436 -1.64311e-05
-0.0584335 -1.83847e-05
-0.0717234 -2.03382e-05
-0.0850133 -2.22917e-05
-0.0983032 -2.42452e-05
-0.111593 -2.61987e-05
-0.124883 -2.81523e-05
-0.138173 -3.01058e-05
-0.151463 -3.20593e-05
-0.164753 -3.40128e-05
-0.178043 -3.59663e-05
-0.191333 -3.79199e-05
-0.204622 -3.98734e-05
-0.217912 -4.18269e-05
-0.231202 -4.37804e-05
-0.244492 -4.57339e-05
-0.257782 -4.76874e-05
-0.271072 -4.9641e-05
-0.284362 -5.15945e-05
-0.297652 -5.3548e-05
-0.310942 -5.55015e-05
-0.324232 -5.7455e-05
-0.337522 -5.94086e-05
-0.33804 -5.94847e-05
-0.338558 -5.95609e-05
-0.339076 -5.9637e-05
-0.339594 -5.97132e-05
-0.340112 -5.97894e-05
-0.34063 -5.98655e-05
-0.341148 -5.99417e-05
-0.341667 -6.00178e-05
-0.342185 -6.0094e-05
-0.342703 -6.01702e-05
-0.343221 -6.02463e-05
-0.343739 -6.03225e-05
-0.344257 -6.03986e-05
-0.344775 -6.04748e-05
-0.345293 -6.0551e-05
-0.345811 -6.06271e-05
-0.34633 -6.07033e-05
-0.346848 -6.07794e-05
-0.347366 -6.08556e-05
-0.347884 -6.09318e-05
-0.348402 -6.10079e-05
-0.34892 -6.10841e-05
-0.349438 -6.11602e-05
-0.349956 -6.12364e-05
-0.350475 -6.13126e-05
-0.350993 -6.13887e-05
-0.351511 -6.14649e-05
-0.352029 -6.1541e-05
-0.352547 -6.16172e-05
-0.353065 -6.16934e-05
-0.353583 -6.17695e-05
-0.354101 -6.18457e-05
-0.35462 -6.19218e-05
-0.355138 -6.1998e-05
-0.355656 -6.20742e-05
-0.356174 -6.21503e-05
-0.356692 -6.22265e-05
-0.35721 -6.23026e-05
-0.357728 -6.23788e-05
-0.358246 -6.2455e-05
-0.317532 -5.65112e-05
-0.276817 -5.05674e-05
-0.236102 -4.46236e-05
-0.195387 -3.86799e-05
-0.154672 -3.27361e-05
-0.113957 -2.67923e-05
-0.0732422 -2.08485e-05
-0.0325273 -1.49047e-05
0 3.07758e-07
0 5.23429e-05
0 0.000104378
0 0.000156413
0 0.000208448
0 0.000260483
0 0.000312518
0 0.000364553
0 0.000416589
0 0.000468624
0 0.000520659
0 0.000572694
0 0.000624729
0 0.000676764
0 0.000728799
0 0.000780834
0 0.000832869
0 0.000884904
0 0.00093694
0 0.000988975
0 0.00104101
0 0.00109304
0 0.00114508
0 0.00119712
0 0.00124915
0 0.00130119
0 0.00135322
0 0.00140526
0 0.00145729
0 0.00150933
0 0.00156136
0 0.0016134
0 0.00166543
0 0.00171747
0 0.0017695
0 0.00182154
0 0.00187357
0 0.00192561
0 0.00197764
0 0.00202968
0 0.00208171
0 0.00213375
0 0.00218578
0 0.00223782
0 0.00228985
0 0.00234189
0 0.00239392
0 0.00244596
0 0.00249799
0 0.00254196
0 0.00258065
0 0.00261933
0 0.00265802
0 0.0026967
0 0.00273539
0 0.00277407
0 0.00281275
0 0.00285144
0 0.00289012
0 0.00292881
0 0.00296749
0 0.00300618
0 0.00304486
0 0.00308355
0 0.00312223
0 0.00316091
0 0.0031996
0 0.00323828
0 0.00327697
0 0.00331565
0 0.00335434
0 0.00339302
0 0.00343171
0 0.00347039
0 0.00350907
0 0.00354776
0 0.00358644
0 0.00362513
0 0.00366381
0 0.0037025
0 0.00374118
0 0.00377986
0 0.00381855
0 0.00385723
0 0.00389592
0 0.0039346
0 0.00397329
0 0.00401197
0 0.00405066
0 0.00408934
0 0.00412802
0 0.00416671
0 0.00420539
0 0.00424408
0 0.00428276
0 0.00432145
0 0.00436013
0 0.00439882
0 0.0044375
0 0.00447618
0 0.00449876
0 0.00451191
0 0.00452505
0 0.0045382
0 0.00455135
0 0.0045645
0 0.00457764
0 0.00459079
0 0.00460394
0 0.00461708
0 0.00463023
0 0.00464338
0 0.00465653
0 0.00466967
0 0.00468282
0 0.00469597
0 0.00470911
0 0.00472226
0 0.00473541
0 0.00474856
0 0.0047617
0 0.00477485
0 0.004788
0 0.00480114
0 0.00481429
0 0.00482744
0 0.00485867
0 0.00489263
0 0.00492659
0 0.00496055
0 0.00499452
0 0.00502848
0 0.00506244
0 0.00509641
0 0.00513037
0 0.00516433
0 0.0051983
0 0.00523226
0 0.00526622
0 0.00530019
0 0.00533415
0 0.00536811
0 0.00540208
0 0.00543604
0 0.00547
0 0.00550396
0 0.00553793
0 0.00557189
0 0.00560585
0 0.00563982
0 0.00567378
0 0.00570774
0 0.00574171
0 0.00577567
0 0.00580963
0 0.0058436
0 0.00587756
0 0.00591152
0 0.00594549
0 0.00597945
0 0.00601341
0 0.00604737
0 0.00608134
0 0.0061153
0 0.00614926
0 0.00618323
0 0.00621719
0 0.00625115
0 0.00628512
0 0.00631908
0 0.00635304
0 0.00638701
0 0.00642097
0 0.00645493
0 0.0064889
0 0.0065474
0 0.00664951
0 0.00675162
0 0.00685373
0 0.00695585
0 0.00705796
0 0.00716007
0 0.00726218
0 0.00736429
0 0.0074664
0 0.00756852
0 0.00767063
0 0.00777274
0 0.00787485
0 0.00797696
0 0.00807908
0 0.00818119
0 0.0082833
0 0.00838566
0 0.00848966
0 0.00859365
0 0.00869764
0 0.00880164
0 0.00890563
0 0.00900963
0 0.00911362
0 0.00921761
0 0.00932161
0 0.0094256
0 0.00952959
0 0.00963359
0 0.00973758
0 0.00984158
0 0.00994557
0 0.0100496
0 0.0101536
0 0.0102576
0 0.0103615
0 0.0104655
0 0.0105695
0 0.0106735
0 0.0107775
0 0.0108815
0 0.0109855
0 0.0110895
0 0.0111935
0 0.0112975
0 0.0114015
0 0.0115055
0 0.0116095
0 0.0117135
0 0.0118175
0 0.0119215
0 0.0120254
0 0.0121294
0 0.0122334
0 0.0123374
0 0.0124414
0 0.0125454
0 0.0124473
0 0.0123492
0 0.012251
0 0.0121529
0 0.0120548
0 0.0119567
0 0.0118824
0 0.0118303
0 0.0117783
0 0.0117262
0 0.0116742
0 0.0116222
0 0.0115701
0 0.0115181
0 0.0114661
0 0.011414
0 0.011362
0 0.01131
0 0.0112579
0 0.0112059
0 0.0111539
0 0.0111018
0 0.0110498
0 0.0109978
0 0.0109457
0 0.0108937
0 0.0108417
0 0.0107896
0 0.0107376
0 0.0106855
0 0.0106335
0 0.0105815
0 0.0105294
0 0.0104774
0 0.0104254
0 0.0103733
0 0.0103213
0 0.0102693
0 0.0102172
0 0.0101652
0 0.0101132
0 0.0100611
0 0.0100091
0 0.00995705
0 0.00990502
0 0.00985298
0 0.00980095
0 0.00974891
0 0.00969688
0 0.00964484
0 0.00959281
0 0.00954077
0 0.00948874
0 0.0094367
0 0.00938467
0 0.00933263
0 0.0092806
0 0.00922856
0 0.00917653
0 0.00911685
0 0.00905672
0 0.00899666
0 0.00893656
0 0.00887646
0 0.00881637
0 0.00875627
0 0.00869617
0 0.00863608
0 0.00857598
0 0.00851588
0 0.00845579
0 0.00839569
0 0.0083356
0 0.0082755
0 0.0082154
0 0.00815531
0 0.00809521
0 0.00803511
0 0.00797502
0 0.00791492
0 0.00785483
0 0.00779473
0 0.00773463
0 0.00767454
0 0.00761444
0 0.00755434
0 0.00749425
0 0.00743415
0 0.00737405
0 0.00731396
0 0.00725386
0 0.00719377
0 0.00713367
0 0.00707357
0 0.00701348
0 0.00695338
0 0.00689328
0 0.00683319
0 0.00677309
0 0.00671299
0 0.0066529
0 0.0065928
0 0.00653271
0 0.00647261
0 0.00641251
0 0.00635242
0 0.00629232
0 0.00623222
0 0.00617213
0 0.00611203
0 0.00605193
0 0.00599184
0 0.00593174
0 0.00587165
0 0.00580965
0 0.00572137
0 0.00563309
0 0.00554481
0 0.00545653
0 0.00536825
0 0.00527997
0 0.00519941
0 0.00514063
0 0.00508185
0 0.00502307
0 0.00496429
0 0.0049055
0 0.00484672
0 0.00478794
0 0.00472916
0 0.00467038
0 0.0046116
0 0.00455282
0 0.00449404
0 0.00443525
0 0.00437647
0 0.00431769
0 0.00425891
0 0.00420013
0 0.00414135
0 0.00408257
0 0.00402379
0 0.00396501
0 0.00390622
0 0.00384744
0 0.00378866
0 0.00372988
0 0.0036711
0 0.00361232
0 0.00355354
0 0.00349476
0 0.00343598
0 0.00337719
0 0.00331841
0 0.00325963
0 0.00320085
0 0.00314207
0 0.00308329
0 0.00302451
0 0.00296573
0 0.00290695
0 0.00284816
0 0.00278938
0 0.0027306
0 0.00267182
0 0.00261304
0 0.00255426
0 0.00249548
0 0.0024367
0 0.00237792
0 0.00231913
0 0.00226035
0 0.00220157
0 0.00214279
0 0.00208401
0 0.00202523
0 0.00196645
0 0.00190767
0 0.00184888
0 0.0017901
0 0.00173132
0 0.00167254
0 0.00161376
0 0.00155498
0 0.0014962
0 0.00143742
0 0.00137864
0 0.00131985
0 0.00126107
0 0.00120229
0 0.00114351
0 0.00108473
0 0.00102595
0 0.000967168
0 0.000908387
0 0.000849606
0 0.000790824
0 0.000732043
0 0.000673262
0 0.000614481
0 0.0005557
0 0.000496919
0 0.000438138
0 0.000379356
0 0.000320575
0 0.000261794
0 0.000203013
0 0.000144232
0 8.54508e-05
0 2.66697e-05
-0.00320218 -1.02661e-05
-0.0116368 -1.15059e-05
-0.0200714 -1.27457e-05
-0.028506 -1.39855e-05
-0.0369406 -1.52254e-05
-0.0453752 -1.64652e-05
-0.0538099 -1.7705e-05
-0.0622445 -1.89448e-05
-0.0706791 -2.01847e-05
-0.0791137 -2.14245e-05
-0.0875483 -2.26643e-05
-0.0959829 -2.39042e-05
-0.104418 -2.5144e-05
-0.112852 -2.63838e-05
-0.121287 -2.76236e-05
-0.129721 -2.88635e-05
-0.138156 -3.01033e-05
-0.146591 -3.13431e-05
-0.155025 -3.25829e-05
-0.16346 -3.38228e-05
-0.171894 -3.50626e-05
-0.180329 -3.63024e-05
-0.188764 -3.75422e-05
-0.197198 -3.87821e-05
-0.205633 -4.00219e-05
-0.214068 -4.12617e-05
-0.222502 -4.25015e-05
-0.230937 -4.37414e-05
-0.239371 -4.49812e-05
-0.247806 -4.6221e-05
-0.256241 -4.74609e-05
-0.263617 -4.85451e-05
-0.222902 -4.26013e-05
-0.182187 -3.66575e-05
-0.141472 -3.07137e-05
-0.100757 -2.477e-05
-0.0600422 -1.88262e-05
-0.0193273 -1.28824e-05
0 1.72732e-05
0 6.93083e-05
0 0.000121343
0 0.000173378
0 0.000225414
0 0.000277449
0 0.000329484
0 0.000381519
0 0.000433554
0 0.000485589
0 0.000537624
0 0.000589659
0 0.000641694
0 0.000693729
0 0.000745765
0 0.0007978
0 0.000849835
0 0.00090187
0 0.000953905
0 0.00100594
0 0.00105798
0 0.00111001
0 0.00116205
0 0.00121408
0 0.00126612
0 0.00131815
0 0.00137019
0 0.00142222
0 0.00147426
0 0.00152629
0 0.00157833
0 0.00163036
0 0.0016824
0 0.00173443
0 0.00178647
0 0.0018385
0 0.00189054
0 0.00194257
0 0.00199461
0 0.00204664
0 0.00209868
0 0.00215071
0 0.00220275
0 0.00225478
0 0.00230682
0 0.00235885
0 0.00241089
0 0.00246292
0 0.00251496
0 0.00256699
0 0.00261903
0 0.00267106
0 0.0027231
0 0.00276755
0 0.00281161
0 0.00285559
0 0.00289962
0 0.00294364
0 0.00298767
0 0.00303169
0 0.00307571
0 0.00311974
0 0.00316376
0 0.00320779
0 0.00325181
0 0.00329584
0 0.00333986
0 0.00338388
0 0.00342791
0 0.00347193
0 0.00351596
0 0.00355998
0 0.00360401
0 0.00364803
0 0.00369205
0 0.00373608
0 0.0037801
0 0.00382413
0 0.00386815
0 0.00391217
0 0.0039562
0 0.00400022
0 0.00404425
0 0.00408827
0 0.0041323
0 0.00417632
0 0.00422034
0 0.00426437
0 0.00430839
0 0.00435242
0 0.00439644
0 0.00444046
0 0.00448449
0 0.00452851
0 0.00457254
0 0.00461656
0 0.00466059
0 0.00470461
0 0.00474863
0 0.00479266
0 0.00483668
0 0.00488071
0 0.00492473
0 0.00496876
0 0.00501278
0 0.0050568
0 0.00510083
0 0.00514485
0 0.00518827
0 0.00520409
0 0.00521991
0 0.00523572
0 0.00525154
0 0.00526736
0 0.00528317
0 0.00530507
0 0.0053504
0 0.00539573
0 0.00544106
0 0.00548639
0 0.00553172
0 0.00557706
0 0.00562239
0 0.00566772
0 0.00571305
0 0.00575838
0 0.00580371
0 0.00584904
0 0.00589437
0 0.0059397
0 0.00598503
0 0.00603036
0 0.00607569
0 0.00612102
0 0.00616635
0 0.00621168
0 0.00625701
0 0.00630234
0 0.00634767
0 0.006393
0 0.00643833
0 0.00648366
0 0.00652899
0 0.00657432
0 0.00661965
0 0.00666498
0 0.00671032
0 0.00675565
0 0.00680098
0 0.00684631
0 0.00689164
0 0.00693697
0 0.0069823
0 0.00702763
0 0.00707296
0 0.00711829
0 0.00716362
0 0.00720895
0 0.00725428
0 0.00729961
0 0.00734494
0 0.00739027
0 0.0074356
0 0.00748093
0 0.00752626
0 0.00757159
0 0.00761692
0 0.00766225
0 0.00770758
0 0.00775291
0 0.00779825
0 0.00784358
0 0.00788891
0 0.00793424
0 0.00797957
0 0.0080249
0 0.00807023
0 0.00811556
0 0.00816089
0 0.00820622
0 0.00825155
0 0.00829688
0 0.00834221
0 0.00838754
0 0.00843287
0 0.0084782
0 0.00852353
0 0.00856886
0 0.00861419
0 0.00865952
0 0.00870485
0 0.00875018
0 0.00879551
0 0.00884084
0 0.00888618
0 0.00893151
0 0.00897684
0 0.00902217
0 0.0090675
0 0.00911283
0 0.00915816
0 0.00920349
0 0.00924882
0 0.00929415
0 0.00935761
0 0.00946044
0 0.00956328
0 0.00966611
0 0.00976894
0 0.00987178
0 0.00997461
0 0.0100774
0 0.0101803
0 0.0102831
0 0.0103859
0 0.0104888
0 0.0105916
0 0.0106944
0 0.0107973
0 0.0109001
0 0.0110029
0 0.0111058
0 0.0112086
0 0.0113114
0 0.0114143
0 0.0115171
0 0.0116199
0 0.0117228
0 0.0118256
0 0.0119284
0 0.0120313
0 0.0121341
0 0.0122369
0 0.0123398
0 0.0124426
0 0.0125454
0 0.0124473
0 0.0123492
0 0.0122511
0 0.0121529
0 0.0120548
0 0.0119567
0 0.0118826
0 0.0118306
0 0.0117786
0 0.0117265
0 0.0116745
0 0.0116225
0 0.0115704
0 0.0115184
0 0.0114663
0 0.0114143
0 0.0113623
0 0.0113102
0 0.0112582
0 0.0112062
0 0.0111541
0 0.0111021
0 0.0110501
0 0.010998
0 0.010946
0 0.010894
0 0.0108419
0 0.0107899
0 0.0107379
0 0.0106858
0 0.0106338
0 0.0105818
0 0.0105297
0 0.0104777
0 0.0104256
0 0.0103736
0 0.0103216
0 0.0102695
0 0.0102175
0 0.0101655
0 0.0101134
0 0.0100614
0 0.0100094
0 0.00995733
0 0.0099053
0 0.00985326
0 0.00980123
0 0.00974919
0 0.00969716
0 0.00964512
0 0.00959309
0 0.00954105
0 0.00948902
0 0.00943698
0 0.00938495
0 0.00933291
0 0.00928088
0 0.00922884
0 0.00917681
0 0.00911716
0 0.00905707
0 0.00899705
0 0.00893699
0 0.00887693
0 0.00881687
0 0.00875682
0 0.00869676
0 0.0086367
0 0.00857664
0 0.00851659
0 0.00845653
0 0.00839647
0 0.00833642
0 0.00827636
0 0.0082163
0 0.00815624
0 0.00809619
0 0.00803613
0 0.00797607
0 0.00791601
0 0.00785596
0 0.0077959
0 0.00773584
0 0.00767578
0 0.00761573
0 0.00755567
0 0.00749561
0 0.00743555
0 0.0073755
0 0.00731544
0 0.00725538
0 0.00719533
0 0.00713527
0 0.00707521
0 0.00701515
0 0.0069551
0 0.00689504
0 0.00683498
0 0.00677492
0 0.00671487
0 0.00665481
0 0.00659475
0 0.00653469
0 0.00647464
0 0.00641458
0 0.00635452
0 0.00629446
0 0.00623441
0 0.00617435
0 0.00611429
0 0.00605424
0 0.00599418
0 0.00593412
0 0.00587406
0 0.00581325
0 0.00572499
0 0.00563673
0 0.00554847
0 0.00546021
0 0.00537195
0 0.00528369
0 0.00520169
0 0.00514294
0 0.00508419
0 0.00502544
0 0.00496669
0 0.00490794
0 0.0048492
0 0.00479045
0 0.0047317
0 0.00467295
0 0.0046142
0 0.00455545
0 0.0044967
0 0.00443795
0 0.0043792
0 0.00432045
0 0.0042617
0 0.00420295
0 0.0041442
0 0.00408546
0 0.00402671
0 0.00396796
0 0.00390921
0 0.00385046
0 0.00379171
0 0.00373296
0 0.00367421
0 0.00361546
0 0.00355671
0 0.00349796
0 0.00343921
0 0.00338046
0 0.00332172
0 0.00326297
0 0.00320422
0 0.00314547
0 0.00308672
0 0.00302797
0 0.00296922
0 0.00291047
0 0.00285172
0 0.00279297
0 0.00273422
0 0.00267547
0 0.00261672
0 0.00255798
0 0.00249923
0 0.00244048
0 0.00238173
0 0.00232298
0 0.00226423
0 0.00220548
0 0.00214673
0 0.00208798
0 0.00202923
0 0.00197048
0 0.00191173
0 0.00185298
0 0.00179424
0 0.00173549
0 0.00167674
0 0.00161799
0 0.00155924
0 0.00150049
0 0.00144174
0 0.00138299
0 0.00132424
0 0.00126549
0 0.00120674
0 0.00114799
0 0.00108924
0 0.0010305
0 0.000971746
0 0.000912997
0 0.000854247
0 0.000795498
0 0.000736749
0 0.000678
0 0.000619251
0 0.000560501
0 0.000501752
0 0.000443003
0 0.000384254
0 0.000325504
0 0.000266755
0 0.000208006
0 0.000149257
0 9.05074e-05
0 3.17582e-05
-0.00246573 -1.01578e-05
-0.0108899 -1.13961e-05
-0.0193141 -1.26344e-05
-0.0277383 -1.38727e-05
-0.0361626 -1.5111e-05
-0.0445868 -1.63493e-05
-0.053011 -1.75876e-05
-0.0614352 -1.88259e-05
-0.0698594 -2.00642e-05
-0.0782836 -2.13025e-05
-0.0867078 -2.25408e-05
-0.095132 -2.37791e-05
-0.103556 -2.50174e-05
-0.11198 -2.62557e-05
-0.120405 -2.7494e-05
-0.128829 -2.87323e-05
-0.137253 -2.99706e-05
-0.145677 -3.12089e-05
-0.154101 -3.24471e-05
-0.162526 -3.36854e-05
-0.17095 -3.49237e-05
-0.179374 -3.6162e-05
-0.187798 -3.74003e-05
-0.196222 -3.86386e-05
-0.204647 -3.98769e-05
-0.213071 -4.11152e-05
-0.221495 -4.23535e-05
-0.229919 -4.35918e-05
-0.238344 -4.48301e-05
-0.246768 -4.60684e-05
-0.255192 -4.73067e-05
-0.263616 -4.8545e-05
-0.222901 -4.26012e-05
-0.182186 -3.66574e-05
-0.141471 -3.07137e-05
-0.100757 -2.47699e-05
-0.0600417 -1.88261e-05
-0.0193268 -1.28823e-05
0 1.72738e-05
0 6.93089e-05
0 0.000121344
0 0.000173379
0 0.000225414
0 0.000277449
0 0.000329484
0 0.000381519
0 0.000433555
0 0.00048559
0 0.000537625
0 0.00058966
0 0.000641695
0 0.00069373
0 0.000745765
0 0.0007978
0 0.000849835
0 0.00090187
0 0.000953906
0 0.00100594
0 0.00105798
0 0.00111001
0 0.00116205
0 0.00121408
0 0.00126612
0 0.00131815
0 0.00137019
0 0.00142222
0 0.00147426
0 0.00152629
0 0.00157833
0 0.00163036
0 0.0016824
0 0.00173443
0 0.00178647
0 0.0018385
0 0.00189054
0 0.00194257
0 0.00199461
0 0.00204664
0 0.00209868
0 0.00215071
0 0.00220275
0 0.00225478
0 0.00230682
0 0.00235885
0 0.00241089
0 0.00246292
0 0.00251496
0 0.00256699
0 0.00261903
0 0.00267106
0 0.0027231
0 0.00276755
0 0.00281161
0 0.00285559
0 0.00289962
0 0.00294364
0 0.00298767
0 0.00303169
0 0.00307572
0 0.00311974
0 0.00316376
0 0.00320779
0 0.00325181
0 0.00329584
0 0.00333986
0 0.00338389
0 0.00342791
0 0.00347193
0 0.00351596
0 0.00355998
0 0.00360401
0 0.00364803
0 0.00369206
0 0.00373608
0 0.0037801
0 0.00382413
0 0.00386815
0 0.00391218
0 0.0039562
0 0.00400023
0 0.00404425
0 0.00408827
0 0.0041323
0 0.00417632
0 0.00422035
0 0.00426437
0 0.0043084
0 0.00435242
0 0.00439644
0 0.00444047
0 0.00448449
0 0.00452852
0 0.00457254
0 0.00461657
0 0.00466059
0 0.00470461
0 0.00474864
0 0.00479266
0 0.00483669
0 0.00488071
0 0.00492474
0 0.00496876
0 0.00501278
0 0.00505681
0 0.00510083
0 0.00514486
0 0.00518828
0 0.0052041
0 0.00521992
0 0.00523573
0 0.00525155
0 0.00526737
0 0.00528318
0 0.00530508
0 0.00535041
0 0.00539574
0 0.00544107
0 0.0054864
0 0.00553173
0 0.00557706
0 0.00562239
0 0.00566772
0 0.00571305
0 0.00575838
0 0.00580371
0 0.00584904
0 0.00589437
0 0.0059397
0 0.00598504
0 0.00603037
0 0.0060757
0 0.00612103
0 0.00616636
0 0.00621169
0 0.00625702
0 0.00630235
0 0.00634768
0 0.00639301
0 0.00643834
0 0.00648367
0 0.006529
0 0.00657433
0 0.00661966
0 0.00666499
0 0.00671032
0 0.00675565
0 0.00680098
0 0.00684631
0 0.00689164
0 0.00693698
0 0.00698231
0 0.00702764
0 0.00707297
0 0.0071183
0 0.00716363
0 0.00720896
0 0.00725429
0 0.00729962
0 0.00734495
0 0.00739028
0 0.00743561
0 0.00748094
0 0.00752627
0 0.0075716
0 0.00761693
0 0.00766226
0 0.00770759
0 0.00775292
0 0.00779825
0 0.00784359
0 0.00788892
0 0.00793425
0 0.00797958
0 0.00802491
0 0.00807024
0 0.00811557
0 0.0081609
0 0.00820623
0 0.00825156
0 0.00829689
0 0.00834222
0 0.00838755
0 0.00843288
0 0.00847821
0 0.00852354
0 0.00856887
0 0.0086142
0 0.00865953
0 0.00870486
0 0.00875019
0 0.00879553
0 0.00884086
0 0.00888619
0 0.00893152
0 0.00897685
0 0.00902218
0 0.00906751
0 0.00911284
0 0.00915817
0 0.0092035
0 0.00924883
0 0.00929416
0 0.00935761
0 0.00946044
0 0.00956328
0 0.00966611
0 0.00976894
0 0.00987178
0 0.00997461
0 0.0100774
0 0.0101803
0 0.0102831
0 0.0103859
0 0.0104888
0 0.0105916
0 0.0106944
0 0.0107973
0 0.0109001
0 0.0110029
0 0.0111058
0 0.0112086
0 0.0113114
0 0.0114143
0 0.0115171
0 0.0116199
0 0.0117228
0 0.0118256
0 0.0119284
0 0.0120313
0 0.0121341
0 0.0122369
0 0.0123398
0 0.0124426
0 0.0125454
0 0.0124473
0 0.0123492
0 0.0122511
0 0.0121529
0 0.0120548
0 0.0119567
0 0.0118826
0 0.0118306
0 0.0117786
0 0.0117265
0 0.0116745
0 0.0116225
0 0.0115704
0 0.0115184
0 0.0114663
0 0.0114143
0 0.0113623
0 0.0113102
0 0.0112582
0 0.0112062
0 0.0111541
0 0.0111021
0 0.0110501
0 0.010998
0 0.010946
0 0.010894
0 0.0108419
0 0.0107899
0 0.0107379
0 0.0106858
0 0.0106338
0 0.0105818
0 0.0105297
0 0.0104777
0 0.0104256
0 0.0103736
0 0.0103216
0 0.0102695
0 0.0102175
0 0.0101655
0 0.0101134
0 0.0100614
0 0.0100094
0 0.00995733
0 0.0099053
0 0.00985326
0 0.00980123
0 0.00974919
0 0.00969716
0 0.00964512
0 0.00959309
0 0.00954105
0 0.00948902
0 0.00943698
0 0.00938495
0 0.00933291
0 0.00928088
0 0.00922884
0 0.00917681
0 0.00911716
0 0.00905707
0 0.00899705
0 0.00893699
0 0.00887693
0 0.00881687
0 0.00875682
0 0.00869676
0 0.0086367
0 0.00857664
0 0.00851659
0 0.00845653
0 0.00839647
0 0.00833642
0 0.00827636
0 0.0082163
0 0.00815624
0 0.00809619
0 0.00803613
0 0.00797607
0 0.00791601
0 0.00785596
0 0.0077959
0 0.00773584
0 0.00767578
0 0.00761573
0 0.00755567
0 0.00749561
0 0.00743555
0 0.0073755
0 0.00731544
0 0.00725538
0 0.00719533
0 0.00713527
0 0.00707521
0 0.00701515
0 0.0069551
0 0.00689504
0 0.00683498
0 0.00677492
0 0.00671487
0 0.00665481
0 0.00659475
0 0.00653469
0 0.00647464
0 0.00641458
0 0.00635452
0 0.00629446
0 0.00623441
0 0.00617435
0 0.00611429
0 0.00605424
0 0.00599418
0 0.00593412
0 0.00587406
0 0.00581325
0 0.00572499
0 0.00563673
0 0.00554847
0 0.00546021
0 0.00537195
0 0.00528369
0 0.00520169
0 0.00514294
0 0.00508419
0 0.00502544
0 0.00496669
0 0.00490794
0 0.0048492
0 0.00479045
0 0.0047317
0 0.00467295
0 0.0046142
0 0.00455545
0 0.0044967
0 0.00443795
0 0.0043792
0 0.00432045
0 0.0042617
0 0.00420295
0 0.0041442
0 0.00408546
0 0.00402671
0 0.00396796
0 0.00390921
0 0.00385046
0 0.00379171
0 0.00373296
0 0.00367421
0 0.00361546
0 0.00355671
0 0.00349796
0 0.00343921
0 0.00338046
0 0.00332172
0 0.00326297
0 0.00320422
0 0.00314547
0 0.00308672
0 0.00302797
0 0.00296922
0 0.00291047
0 0.00285172
0 0.00279297
0 0.00273422
0 0.00267547
0 0.00261672
0 0.00255798
0 0.00249923
0 0.00244048
0 0.00238173
0 0.00232298
0 0.00226423
0 0.00220548
0 0.00214673
0 0.00208798
0 0.00202923
0 0.00197048
0 0.00191173
0 0.00185298
0 0.00179424
0 0.00173549
0 0.00167674
0 0.00161799
0 0.00155924
0 0.00150049
0 0.00144174
0 0.00138299
0 0.00132424
0 0.00126549
0 0.00120674
0 0.00114799
0 0.00108924
0 0.0010305
0 0.000971746
0 0.000912997
0 0.000854247
0 0.000795498
0 0.000736749
0 0.000678
0 0.000619251
0 0.000560501
0 0.000501752
0 0.000443003
0 0.000384254
0 0.000325504
0 0.000266755
0 0.000208006
0 0.000149257
0 9.05075e-05
0 3.17582e-05
-0.00246573 -1.01578e-05
-0.0108899 -1.13961e-05
-0.0193141 -1.26344e-05
-0.0277383 -1.38727e-05
-0.0361626 -1.5111e-05
-0.0445868 -1.63493e-05
-0.053011 -1.75876e-05
-0.0614352 -1.88259e-05
-0.0698594 -2.00642e-05
-0.0782836 -2.13025e-05
-0.0867078 -2.25408e-05
-0.095132 -2.37791e-05
-0.103556 -2.50174e-05
-0.11198 -2.62557e-05
-0.120405 -2.7494e-05
-0.128829 -2.87323e-05
-0.137253 -2.99706e-05
-0.145677 -3.12089e-05
-0.154101 -3.24471e-05
-0.162526 -3.36854e-05
-0.17095 -3.49237e-05
-0.179374 -3.6162e-05
-0.187798 -3.74003e-05
-0.196222 -3.86386e-05
-0.204647 -3.98769e-05
-0.213071 -4.11152e-05
-0.221495 -4.23535e-05
-0.229919 -4.35918e-05
-0.238344 -4.48301e-05
-0.246768 -4.60684e-05
-0.255192 -4.73067e-05
-0.263616 -4.8545e-05
-0.264136 -4.86215e-05
-0.264657 -4.8698e-05
-0.265177 -4.87745e-05
-0.265698 -4.8851e-05
-0.266218 -4.89274e-05
-0.266738 -4.90039e-05
-0.267259 -4.90804e-05
-0.267779 -4.91569e-05
-0.268299 -4.92334e-05
-0.26882 -4.93099e-05
-0.26934 -4.93864e-05
-0.26986 -4.94629e-05
-0.270381 -4.95394e-05
-0.270901 -4.96158e-05
-0.271421 -4.96923e-05
-0.271942 -4.97688e-05
-0.272462 -4.98453e-05
-0.272983 -4.99218e-05
-0.273503 -4.99983e-05
-0.274023 -5.00748e-05
-0.274544 -5.01513e-05
-0.275064 -5.02278e-05
-0.275584 -5.03042e-05
-0.276105 -5.03807e-05
-0.276625 -5.04572e-05
-0.277145 -5.05337e-05
-0.277666 -5.06102e-05
-0.278186 -5.06867e-05
-0.278706 -5.07632e-05
-0.279227 -5.08397e-05
-0.279747 -5.09162e-05
-0.280268 -5.09926e-05
-0.280788 -5.10691e-05
-0.281308 -5.11456e-05
-0.281829 -5.12221e-05
-0.282349 -5.12986e-05
-0.282869 -5.13751e-05
-0.28339 -5.14516e-05
-0.28391 -5.15281e-05
-0.28443 -5.16045e-05
-0.243715 -4.56608e-05
-0.203001 -3.9717e-05
-0.162286 -3.37732e-05
-0.121571 -2.78294e-05
-0.080856 -2.18857e-05
-0.0401411 -1.59419e-05
0 -9.70325e-06
0 4.26979e-05
0 9.47217e-05
0 0.000146757
0 0.000198792
0 0.000250827
0 0.000302862
0 0.000354897
0 0.000406932
0 0.000458967
0 0.000511002
0 0.000563038
0 0.000615073
0 0.000667108
0 0.000719143
0 0.000771178
0 0.000823213
0 0.000875248
0 0.000927283
0 0.000979318
0 0.00103135
0 0.00108339
0 0.00113542
0 0.00118746
0 0.00123949
0 0.00129153
0 0.00134356
0 0.0013956
0 0.00144763
0 0.00149967
0 0.0015517
0 0.00160374
0 0.00165577
0 0.00170781
0 0.00175984
0 0.00181188
0 0.00186392
0 0.00191595
0 0.00196799
0 0.00202002
0 0.00207206
0 0.00212409
0 0.00217613
0 0.00222816
0 0.0022802
0 0.00233223
0 0.00238427
0 0.0024363
0 0.00248834
0 0.00254037
0 0.00259241
0 0.00264444
0 0.00269648
0 0.00274684
0 0.00277986
0 0.00281615
0 0.00285245
0 0.00288874
0 0.00292503
0 0.00296132
0 0.00299761
0 0.00303391
0 0.0030702
0 0.00310649
0 0.00314278
0 0.00317908
0 0.00321537
0 0.00325166
0 0.00328795
0 0.00332424
0 0.00336054
0 0.00339683
0 0.00343312
0 0.00346941
0 0.0035057
0 0.003542
0 0.00357829
0 0.00361458
0 0.00365087
0 0.00368717
0 0.00372346
0 0.00375975
0 0.00379604
0 0.00383233
0 0.00386863
0 0.00390492
0 0.00394121
0 0.0039775
0 0.00401379
0 0.00405009
0 0.00408638
0 0.00412267
0 0.00415896
0 0.00419526
0 0.00423155
0 0.00426784
0 0.00430413
0 0.00434042
0 0.00437672
0 0.00441301
0 0.0044493
0 0.00448559
0 0.00452188
0 0.00455818
0 0.00459447
0 0.00463076
0 0.00466705
0 0.00470335
0 0.00473964
0 0.00477593
0 0.00481222
0 0.00484851
0 0.00488481
0 0.0049211
0 0.00495739
0 0.00499368
0 0.00502998
0 0.00506627
0 0.00510256
0 0.00513885
0 0.00517514
0 0.0051948
0 0.00520727
0 0.00521975
0 0.00523222
0 0.0052447
0 0.00525717
0 0.00526965
0 0.00528212
0 0.00529603
0 0.0053345
0 0.00537297
0 0.00541144
0 0.00544991
0 0.00548838
0 0.00552685
0 0.00556532
0 0.00560379
0 0.00564226
0 0.00568073
0 0.0057192
0 0.00575767
0 0.00579614
0 0.00583461
0 0.00587308
0 0.00591155
0 0.00595002
0 0.00598849
0 0.00602696
0 0.00606543
0 0.0061039
0 0.00614237
0 0.00618084
0 0.00621931
0 0.00625778
0 0.00629625
0 0.00633472
0 0.00637319
0 0.00641166
0 0.00645013
0 0.0064886
0 0.00652707
0 0.00656554
0 0.00660401
0 0.00664248
0 0.00668095
0 0.00671942
0 0.00675789
0 0.00679636
0 0.00683483
0 0.0068733
0 0.00691177
0 0.00695024
0 0.00698871
0 0.00702718
0 0.00706565
0 0.00710412
0 0.00714259
0 0.00718106
0 0.00721953
0 0.007258
0 0.00729647
0 0.00733494
0 0.00737341
0 0.00741188
0 0.00745035
0 0.00748882
0 0.00752729
0 0.00756576
0 0.00760423
0 0.0076427
0 0.00768117
0 0.00771964
0 0.00775811
0 0.00779658
0 0.00783505
0 0.00787352
0 0.00791199
0 0.00795046
0 0.00798893
0 0.0080274
0 0.00806587
0 0.00810434
0 0.00814281
0 0.00818128
0 0.00821975
0 0.00825822
0 0.00829669
0 0.00833516
0 0.00837363
0 0.0084121
0 0.00845057
0 0.00848904
0 0.00852751
0 0.00856598
0 0.00860445
0 0.00864292
0 0.00868139
0 0.00871986
0 0.00875833
0 0.0087968
0 0.00883527
0 0.00887374
0 0.00891221
0 0.00895068
0 0.00898915
0 0.00902762
0 0.00906609
0 0.00910456
0 0.00914303
0 0.0091815
0 0.00921997
0 0.00925844
0 0.00929691
0 0.00933538
0 0.00937385
0 0.00941232
0 0.00945079
0 0.00948926
0 0.00952773
0 0.0095662
0 0.00960467
0 0.00964314
0 0.00968161
0 0.00972008
0 0.00975855
0 0.00979703
0 0.0098355
0 0.00987397
0 0.00991244
0 0.00998182
0 0.0100847
0 0.0101875
0 0.0102903
0 0.0103931
0 0.010496
0 0.0105988
0 0.0107016
0 0.0108045
0 0.0109073
0 0.0110101
0 0.011113
0 0.0112158
0 0.0113186
0 0.0114215
0 0.0115243
0 0.0116271
0 0.01173
0 0.0118328
0 0.0119356
0 0.0120384
0 0.0121413
0 0.0122441
0 0.0123469
0 0.0124498
0 0.0125527
0 0.0126567
0 0.0127607
0 0.0128647
0 0.0129687
0 0.0130726
0 0.0131766
0 0.0132806
0 0.0133846
0 0.0134886
0 0.0135926
0 0.0136966
0 0.0138006
0 0.0139046
0 0.0140086
0 0.0141126
0 0.0142166
0 0.0143206
0 0.0144246
0 0.0145286
0 0.0146326
0 0.0147365
0 0.0148405
0 0.0149445
0 0.0150485
0 0.0151525
0 0.0152565
0 0.0153605
0 0.0154645
0 0.0155685
0 0.0156725
0 0.0157765
0 0.0158805
0 0.0159845
0 0.0160885
0 0.0161925
0 0.0162965
0 0.0164004
0 0.0165044
0 0.0166084
0 0.0167124
0 0.0166143
0 0.0165162
0 0.016418
0 0.0163199
0 0.0162218
0 0.0161338
0 0.0160818
0 0.0160297
0 0.0159777
0 0.0159257
0 0.0158736
0 0.0158216
0 0.0157696
0 0.0157175
0 0.0156655
0 0.0156135
0 0.0155614
0 0.0155094
0 0.0154574
0 0.0154053
0 0.0153533
0 0.0153012
0 0.0152492
0 0.0151972
0 0.0151451
0 0.0150931
0 0.0150411
0 0.014989
0 0.014937
0 0.014885
0 0.0148329
0 0.0147809
0 0.0147289
0 0.0146768
0 0.0146248
0 0.0145728
0 0.0145207
0 0.0144687
0 0.0144166
0 0.0143646
0 0.0143126
0 0.0142605
0 0.0142085
0 0.0141565
0 0.0141044
0 0.0140524
0 0.0140004
0 0.0139483
0 0.0138963
0 0.0138443
0 0.0137922
0 0.0137402
0 0.0136882
0 0.0136361
0 0.0135841
0 0.0135321
0 0.01348
0 0.013428
0 0.0133759
0 0.0133239
0 0.0132717
0 0.0132027
0 0.0131442
0 0.0130858
0 0.0130273
0 0.0129688
0 0.0129103
0 0.0128519
0 0.0127934
0 0.0127349
0 0.0126764
0 0.0126179
0 0.0125595
0 0.012501
0 0.0124425
0 0.012384
0 0.0123256
0 0.0122671
0 0.0122086
0 0.0121501
0 0.0120916
0 0.0120332
0 0.0119747
0 0.0119162
0 0.0118577
0 0.0117993
0 0.0117408
0 0.0116823
0 0.0116238
0 0.0115653
0 0.0115069
0 0.0114484
0 0.0113899
0 0.0113314
0 0.011273
0 0.0112145
0 0.011156
0 0.0110975
0 0.011039
0 0.0109806
0 0.0109221
0 0.0108636
0 0.0108051
0 0.0107467
0 0.0106882
0 0.0106297
0 0.0105712
0 0.0105127
0 0.0104543
0 0.0103958
0 0.0103373
0 0.0102788
0 0.0102204
0 0.0101619
0 0.0101034
0 0.0100449
0 0.00998644
0 0.00992796
0 0.00986948
0 0.00981101
0 0.00975253
0 0.00969405
0 0.00963557
0 0.00957709
0 0.00951862
0 0.00946014
0 0.00940166
0 0.00934318
0 0.00928471
0 0.00922623
0 0.00916775
0 0.00910927
0 0.00905079
0 0.00899232
0 0.00893384
0 0.00887536
0 0.00881688
0 0.0087584
0 0.00869993
0 0.00861346
0 0.00852661
0 0.00843976
0 0.00835292
0 0.00826607
0 0.00817923
0 0.00809238
0 0.00800553
0 0.00791869
0 0.00783184
0 0.00774499
0 0.00765815
0 0.00759668
0 0.00753899
0 0.00748129
0 0.0074236
0 0.0073659
0 0.00730821
0 0.00725051
0 0.00719282
0 0.00713513
0 0.00707743
0 0.00701974
0 0.00696204
0 0.00690435
0 0.00684665
0 0.00678896
0 0.00673127
0 0.00667357
0 0.00661588
0 0.00655818
0 0.00650049
0 0.00644279
0 0.0063851
0 0.0063274
0 0.00626971
0 0.00621202
0 0.00615432
0 0.00609663
0 0.00603893
0 0.00598124
0 0.00592354
0 0.00586585
0 0.00580816
0 0.00575046
0 0.00569277
0 0.00563507
0 0.00557738
0 0.00551968
0 0.00546199
0 0.00540429
0 0.0053466
0 0.00528891
0 0.00523121
0 0.00517352
0 0.00511582
0 0.00505813
0 0.00500043
0 0.00494274
0 0.00488504
0 0.00482735
0 0.00476966
0 0.00471196
0 0.00465427
0 0.00459657
0 0.00453888
0 0.00448118
0 0.00442349
0 0.0043658
0 0.0043081
0 0.00425041
0 0.00419271
0 0.00413502
0 0.00407732
0 0.00401963
0 0.00396193
0 0.00390424
0 0.00384655
0 0.00378885
0 0.00373116
0 0.00367346
0 0.00361577
0 0.00355807
0 0.00350038
0 0.00344269
0 0.00338499
0 0.0033273
0 0.0032696
0 0.00321191
0 0.00315421
0 0.00309652
0 0.00303882
0 0.00298113
0 0.00292344
0 0.00286574
0 0.00280805
0 0.00275035
0 0.00269266
0 0.00263496
0 0.00257727
0 0.00251957
0 0.00246188
0 0.00240419
0 0.00234649
0 0.0022888
0 0.0022311
0 0.00217341
0 0.00211571
0 0.00205802
0 0.00200033
0 0.00194263
0 0.00188494
0 0.00182724
0 0.00176955
0 0.00171185
0 0.00165416
0 0.00159646
0 0.00153877
0 0.00148108
0 0.00142338
0 0.00136569
0 0.00130799
0 0.0012503
0 0.0011926
0 0.00113491
0 0.00107722
0 0.00101952
0 0.000961826
0 0.000904132
0 0.000846438
0 0.000788743
0 0.000731049
0 0.000673355
0 0.00061566
0 0.000557966
0 0.000500271
0 0.000442577
0 0.000384883
0 0.000327188
0 0.000269494
0 0.000211799
0 0.000154105
0 9.64107e-05
0 3.87163e-05
-0.000982549 -9.93979e-06
-0.00715582 -1.08472e-05
-0.0133291 -1.17546e-05
-0.0195024 -1.26621e-05
-0.0256756 -1.35695e-05
-0.0318489 -1.44769e-05
-0.0380222 -1.53843e-05
-0.0441954 -1.62918e-05
-0.0503687 -1.71992e-05
-0.056542 -1.81066e-05
-0.0627152 -1.9014e-05
-0.0688885 -1.99215e-05
-0.0750618 -2.08289e-05
-0.0812351 -2.17363e-05
-0.0874083 -2.26437e-05
-0.0935816 -2.35512e-05
-0.0997549 -2.44586e-05
-0.105928 -2.5366e-05
-0.112101 -2.62734e-05
-0.118275 -2.71809e-05
-0.124448 -2.80883e-05
-0.130621 -2.89957e-05
-0.136794 -2.99032e-05
-0.142968 -3.08106e-05
-0.149141 -3.1718e-05
-0.155314 -3.26254e-05
-0.161488 -3.35329e-05
-0.167661 -3.44403e-05
-0.173834 -3.53477e-05
-0.180007 -3.62551e-05
-0.186181 -3.71626e-05
-0.192354 -3.807e-05
-0.198527 -3.89774e-05
-0.2047 -3.98848e-05
-0.210874 -4.07923e-05
-0.217047 -4.16997e-05
-0.22322 -4.26071e-05
-0.229394 -4.35145e-05
-0.235173 -4.43641e-05
-0.194458 -3.84203e-05
-0.153744 -3.24766e-05
-0.113029 -2.65328e-05
-0.0723138 -2.0589e-05
-0.0315989 -1.46452e-05
0 1.61831e-06
0 5.36534e-05
0 0.000105689
0 0.000157724
0 0.000209759
0 0.000261794
0 0.000313829
0 0.000365864
0 0.000417899
0 0.000469934
0 0.000521969
0 0.000574004
0 0.000626039
0 0.000678075
0 0.00073011
0 0.000782145
0 0.00083418
0 0.000886215
0 0.00093825
0 0.000990285
0 0.00104232
0 0.00109436
0 0.00114639
0 0.00119843
0 0.00125046
0 0.0013025
0 0.00135453
0 0.00140657
0 0.0014586
0 0.00151064
0 0.00156267
0 0.00161471
0 0.00166674
0 0.00171878
0 0.00177081
0 0.00182285
0 0.00187488
0 0.00192692
0 0.00197895
0 0.00203099
0 0.00208302
0 0.00213506
0 0.00218709
0 0.00223913
0 0.00229116
0 0.0023432
0 0.00239523
0 0.00244727
0 0.0024993
0 0.00255134
0 0.00260337
0 0.00265541
0 0.00270744
0 0.00275948
0 0.00281151
0 0.00286339
0 0.00289849
0 0.00294411
0 0.00298972
0 0.00303534
0 0.00308095
0 0.00312657
0 0.00317218
0 0.00321779
0 0.00326341
0 0.00330902
0 0.00335464
0 0.00340025
0 0.00344587
0 0.00349148
0 0.00353709
0 0.00358271
0 0.00362832
0 0.00367394
0 0.00371955
0 0.00376517
0 0.00381078
0 0.00385639
0 0.00390201
0 0.00394762
0 0.00399324
0 0.00403885
0 0.00408447
0 0.00413008
0 0.00417569
0 0.00422131
0 0.00426692
0 0.00431254
0 0.00435815
0 0.00440377
0 0.00444938
0 0.00449499
0 0.00454061
0 0.00458622
0 0.00463184
0 0.00467745
0 0.00472307
0 0.00476868
0 0.00481429
0 0.00485991
0 0.00490552
0 0.00495114
0 0.00499675
0 0.00504237
0 0.00508798
0 0.00513359
0 0.00517921
0 0.00522482
0 0.00527044
0 0.00531605
0 0.00536167
0 0.00540728
0 0.00545289
0 0.00549851
0 0.00554412
0 0.00558974
0 0.00563535
0 0.00568097
0 0.00572658
0 0.00577219
0 0.00581781
0 0.00586342
0 0.00590904
0 0.00595465
0 0.00600027
0 0.00604588
0 0.00609149
0 0.00613711
0 0.00618272
0 0.00622834
0 0.00627395
0 0.00631957
0 0.00636518
0 0.00641079
0 0.00642911
0 0.00644634
0 0.00646358
0 0.00648082
0 0.00649805
0 0.00651529
0 0.00653252
0 0.00654976
0 0.006567
0 0.00658423
0 0.00660147
0 0.0066187
0 0.0066604
0 0.0067068
0 0.00675319
0 0.00679959
0 0.00684598
0 0.00689238
0 0.00693877
0 0.00698517
0 0.00703156
0 0.00707796
0 0.00712435
0 0.00717075
0 0.00721714
0 0.00726354
0 0.00730993
0 0.00735633
0 0.00740272
0 0.00744912
0 0.00749551
0 0.00754191
0 0.0075883
0 0.0076347
0 0.00768109
0 0.00772749
0 0.00777388
0 0.00782028
0 0.00786667
0 0.00791307
0 0.00795946
0 0.00800586
0 0.00805225
0 0.00809865
0 0.00814504
0 0.00819144
0 0.00823783
0 0.00828423
0 0.00833062
0 0.00837702
0 0.00842341
0 0.00846981
0 0.0085162
0 0.0085626
0 0.00860899
0 0.00865539
0 0.00870178
0 0.00874818
0 0.00879457
0 0.00884097
0 0.00888736
0 0.00893376
0 0.00898015
0 0.00902654
0 0.00907294
0 0.00911933
0 0.00916573
0 0.00921212
0 0.00925852
0 0.00930491
0 0.00935131
0 0.0093977
0 0.0094441
0 0.00949049
0 0.00953689
0 0.00958328
0 0.00962968
0 0.00967607
0 0.00972247
0 0.00976886
0 0.00981526
0 0.00986165
0 0.00990805
0 0.00995444
0 0.0100008
0 0.0100472
0 0.0100936
0 0.01014
0 0.0101864
0 0.0102328
0 0.0102792
0 0.0103256
0 0.010372
0 0.0104184
0 0.0104648
0 0.0105112
0 0.0105576
0 0.010604
0 0.0106504
0 0.0106968
0 0.0107432
0 0.0107896
0 0.0108359
0 0.0108823
0 0.0109287
0 0.0109751
0 0.0110215
0 0.0110679
0 0.0111143
0 0.0111607
0 0.0112071
0 0.0112535
0 0.0112999
0 0.0113463
0 0.0113927
0 0.0114391
0 0.0114855
0 0.0115319
0 0.0115783
0 0.0116247
0 0.0116711
0 0.0117175
0 0.0117638
0 0.0118102
0 0.0118566
0 0.011903
0 0.0119494
0 0.0119958
0 0.0120422
0 0.0120886
0 0.012135
0 0.0121814
0 0.0122278
0 0.0122742
0 0.0123206
0 0.012367
0 0.0124134
0 0.0124598
0 0.0125062
0 0.0125526
0 0.012599
0 0.0126453
0 0.0126917
0 0.0127381
0 0.0127922
0 0.0128954
0 0.0129985
0 0.0131017
0 0.0132048
0 0.013308
0 0.0134112
0 0.0135143
0 0.0136175
0 0.0137207
0 0.0138238
0 0.013927
0 0.0140302
0 0.0141333
0 0.0142365
0 0.0143397
0 0.0144428
0 0.014546
0 0.0146491
0 0.0147523
0 0.0148555
0 0.0149586
0 0.0150618
0 0.015165
0 0.0152681
0 0.0153713
0 0.0154745
0 0.0155776
0 0.0156808
0 0.015784
0 0.0158871
0 0.0159903
0 0.0160934
0 0.0161966
0 0.0162998
0 0.0164029
0 0.0165061
0 0.0166093
0 0.0167124
0 0.0166143
0 0.0165162
0 0.0164181
0 0.0163199
0 0.0162218
0 0.0161339
0 0.0160819
0 0.0160298
0 0.0159778
0 0.0159258
0 0.0158737
0 0.0158217
0 0.0157696
0 0.0157176
0 0.0156656
0 0.0156135
0 0.0155615
0 0.0155095
0 0.0154574
0 0.0154054
0 0.0153534
0 0.0153013
0 0.0152493
0 0.0151973
0 0.0151452
0 0.0150932
0 0.0150412
0 0.0149891
0 0.0149371
0 0.014885
0 0.014833
0 0.014781
0 0.0147289
0 0.0146769
0 0.0146249
0 0.0145728
0 0.0145208
0 0.0144688
0 0.0144167
0 0.0143647
0 0.0143127
0 0.0142606
0 0.0142086
0 0.0141566
0 0.0141045
0 0.0140525
0 0.0140005
0 0.0139484
0 0.0138964
0 0.0138443
0 0.0137923
0 0.0137403
0 0.0136882
0 0.0136362
0 0.0135842
0 0.0135321
0 0.0134801
0 0.0134281
0 0.013376
0 0.013324
0 0.0132718
0 0.0132028
0 0.0131444
0 0.0130859
0 0.0130274
0 0.012969
0 0.0129105
0 0.012852
0 0.0127936
0 0.0127351
0 0.0126766
0 0.0126182
0 0.0125597
0 0.0125013
0 0.0124428
0 0.0123843
0 0.0123259
0 0.0122674
0 0.0122089
0 0.0121505
0 0.012092
0 0.0120335
0 0.0119751
0 0.0119166
0 0.0118581
0 0.0117997
0 0.0117412
0 0.0116828
0 0.0116243
0 0.0115658
0 0.0115074
0 0.0114489
0 0.0113904
0 0.011332
0 0.0112735
0 0.011215
0 0.0111566
0 0.0110981
0 0.0110397
0 0.0109812
0 0.0109227
0 0.0108643
0 0.0108058
0 0.0107473
0 0.0106889
0 0.0106304
0 0.0105719
0 0.0105135
0 0.010455
0 0.0103965
0 0.0103381
0 0.0102796
0 0.0102212
0 0.0101627
0 0.0101042
0 0.0100458
0 0.0099873
0 0.00992884
0 0.00987037
0 0.00981191
0 0.00975344
0 0.00969498
0 0.00963652
0 0.00957805
0 0.00951959
0 0.00946112
0 0.00940266
0 0.0093442
0 0.00928573
0 0.00922727
0 0.0091688
0 0.00911034
0 0.00905188
0 0.00899341
0 0.00893495
0 0.00887648
0 0.00881802
0 0.00875956
0 0.00870109
0 0.00861519
0 0.00852835
0 0.00844152
0 0.00835468
0 0.00826784
0 0.008181
0 0.00809416
0 0.00800732
0 0.00792048
0 0.00783365
0 0.00774681
0 0.00765997
0 0.00759775
0 0.00754007
0 0.00748239
0 0.0074247
0 0.00736702
0 0.00730934
0 0.00725166
0 0.00719398
0 0.00713629
0 0.00707861
0 0.00702093
0 0.00696325
0 0.00690556
0 0.00684788
0 0.0067902
0 0.00673252
0 0.00667483
0 0.00661715
0 0.00655947
0 0.00650179
0 0.0064441
0 0.00638642
0 0.00632874
0 0.00627106
0 0.00621338
0 0.00615569
0 0.00609801
0 0.00604033
0 0.00598265
0 0.00592496
0 0.00586728
0 0.0058096
0 0.00575192
0 0.00569423
0 0.00563655
0 0.00557887
0 0.00552119
0 0.0054635
0 0.00540582
0 0.00534814
0 0.00529046
0 0.00523278
0 0.00517509
0 0.00511741
0 0.00505973
0 0.00500205
0 0.00494436
0 0.00488668
0 0.004829
0 0.00477132
0 0.00471363
0 0.00465595
0 0.00459827
0 0.00454059
0 0.0044829
0 0.00442522
0 0.00436754
0 0.00430986
0 0.00425218
0 0.00419449
0 0.00413681
0 0.00407913
0 0.00402145
0 0.00396376
0 0.00390608
0 0.0038484
0 0.00379072
0 0.00373303
0 0.00367535
0 0.00361767
0 0.00355999
0 0.0035023
0 0.00344462
0 0.00338694
0 0.00332926
0 0.00327158
0 0.00321389
0 0.00315621
0 0.00309853
0 0.00304085
0 0.00298316
0 0.00292548
0 0.0028678
0 0.00281012
0 0.00275243
0 0.00269475
0 0.00263707
0 0.00257939
0 0.0025217
0 0.00246402
0 0.00240634
0 0.00234866
0 0.00229097
0 0.00223329
0 0.00217561
0 0.00211793
0 0.00206025
0 0.00200256
0 0.00194488
0 0.0018872
0 0.00182952
0 0.00177183
0 0.00171415
0 0.00165647
0 0.00159879
0 0.0015411
0 0.00148342
0 0.00142574
0 0.00136806
0 0.00131037
0 0.00125269
0 0.00119501
0 0.00113733
0 0.00107965
0 0.00102196
0 0.000964281
0 0.000906598
0 0.000848916
0 0.000791234
0 0.000733551
0 0.000675869
0 0.000618187
0 0.000560504
0 0.000502822
0 0.00044514
0 0.000387457
0 0.000329775
0 0.000272092
0 0.00021441
0 0.000156728
0 9.90454e-05
0 4.1363e-05
-0.000697881 -9.89795e-06
-0.00686828 -1.08049e-05
-0.0130387 -1.1712e-05
-0.0192091 -1.2619e-05
-0.0253795 -1.3526e-05
-0.0315499 -1.4433e-05
-0.0377203 -1.534e-05
-0.0438907 -1.6247e-05
-0.0500611 -1.7154e-05
-0.0562315 -1.8061e-05
-0.0624019 -1.8968e-05
-0.0685723 -1.9875e-05
-0.0747427 -2.0782e-05
-0.0809131 -2.1689e-05
-0.0870835 -2.2596e-05
-0.0932539 -2.3503e-05
-0.0994243 -2.441e-05
-0.105595 -2.5317e-05
-0.111765 -2.6224e-05
-0.117936 -2.7131e-05
-0.124106 -2.8038e-05
-0.130276 -2.8945e-05
-0.136447 -2.9852e-05
-0.142617 -3.0759e-05
-0.148788 -3.1666e-05
-0.154958 -3.25731e-05
-0.161128 -3.34801e-05
-0.167299 -3.43871e-05
-0.173469 -3.52941e-05
-0.17964 -3.62011e-05
-0.18581 -3.71081e-05
-0.19198 -3.80151e-05
-0.198151 -3.89221e-05
-0.204321 -3.98291e-05
-0.210492 -4.07361e-05
-0.216662 -4.16431e-05
-0.222832 -4.25501e-05
-0.229003 -4.34571e-05
-0.235173 -4.43641e-05
-0.235695 -4.44408e-05
-0.236216 -4.45174e-05
-0.236738 -4.45941e-05
-0.237259 -4.46707e-05
-0.237781 -4.47474e-05
-0.238302 -4.48241e-05
-0.238824 -4.49007e-05
-0.239345 -4.49774e-05
-0.239867 -4.5054e-05
-0.240388 -4.51307e-05
-0.24091 -4.52074e-05
-0.241431 -4.5284e-05
-0.241953 -4.53607e-05
-0.242475 -4.54373e-05
-0.242996 -4.5514e-05
-0.243518 -4.55907e-05
-0.244039 -4.56673e-05
-0.244561 -4.5744e-05
-0.245082 -4.58206e-05
-0.245604 -4.58973e-05
-0.246125 -4.5974e-05
-0.246647 -4.60506e-05
-0.247168 -4.61273e-05
-0.24769 -4.62039e-05
-0.248211 -4.62806e-05
-0.248733 -4.63573e-05
-0.249254 -4.64339e-05
-0.249776 -4.65106e-05
-0.250297 -4.65872e-05
-0.250819 -4.66639e-05
-0.25134 -4.67406e-05
-0.251862 -4.68172e-05
-0.252383 -4.68939e-05
-0.252905 -4.69705e-05
-0.253426 -4.70472e-05
-0.253948 -4.71239e-05
-0.254469 -4.72005e-05
-0.254991 -4.72772e-05
-0.255513 -4.73538e-05
-0.256034 -4.74305e-05
-0.256556 -4.75072e-05
-0.257077 -4.75838e-05
-0.257599 -4.76605e-05
-0.25812 -4.77371e-05
-0.258642 -4.78138e-05
-0.259163 -4.78905e-05
-0.259685 -4.79671e-05
-0.260206 -4.80438e-05
-0.260728 -4.81204e-05
-0.261249 -4.81971e-05
-0.261771 -4.82738e-05
-0.262292 -4.83504e-05
-0.262814 -4.84271e-05
-0.263335 -4.85037e-05
-0.263857 -4.85804e-05
-0.264378 -4.86571e-05
-0.2649 -4.87337e-05
-0.265421 -4.88104e-05
-0.265943 -4.8887e-05
-0.266464 -4.89637e-05
-0.266986 -4.90404e-05
-0.267508 -4.9117e-05
-0.268029 -4.91937e-05
-0.268551 -4.92703e-05
-0.269072 -4.9347e-05
-0.269594 -4.94237e-05
-0.270115 -4.95003e-05
-0.270637 -4.9577e-05
-0.271158 -4.96536e-05
-0.27168 -4.97303e-05
-0.272201 -4.9807e-05
-0.272723 -4.98836e-05
-0.273244 -4.99603e-05
-0.273766 -5.00369e-05
-0.274287 -5.01136e-05
-0.274809 -5.01903e-05
-0.27533 -5.02669e-05
-0.275852 -5.03436e-05
-0.276373 -5.04202e-05
-0.235659 -4.44765e-05
-0.194944 -3.85327e-05
-0.154229 -3.25889e-05
-0.113514 -2.66451e-05
-0.072799 -2.07013e-05
-0.0320841 -1.47576e-05
0 9.56704e-07
0 5.29918e-05
0 0.000105027
0 0.000157062
0 0.000209097
0 0.000261132
0 0.000313167
0 0.000365202
0 0.000417237
0 0.000469273
0 0.000521308
0 0.000573343
0 0.000625378
0 0.000677413
0 0.000729448
0 0.000781483
0 0.000833518
0 0.000885553
0 0.000937588
0 0.000989624
0 0.00104166
0 0.00109369
0 0.00114573
0 0.00119776
0 0.0012498
0 0.00130183
0 0.00135387
0 0.0014059
0 0.00145794
0 0.00150997
0 0.00156201
0 0.00161404
0 0.00166608
0 0.00171811
0 0.00177015
0 0.00182219
0 0.00187422
0 0.00192626
0 0.00197829
0 0.00203033
0 0.00208236
0 0.0021344
0 0.00218643
0 0.00223847
0 0.0022905
0 0.00234254
0 0.00239457
0 0.00244661
0 0.00249864
0 0.00255068
0 0.00260271
0 0.00265475
0 0.00270678
0 0.00275882
0 0.00281085
0 0.00286001
0 0.0028838
0 0.00291891
0 0.00295403
0 0.00298915
0 0.00302427
0 0.00305938
0 0.0030945
0 0.00312962
0 0.00316474
0 0.00319985
0 0.00323497
0 0.00327009
0 0.00330521
0 0.00334032
0 0.00337544
0 0.00341056
0 0.00344568
0 0.00348079
0 0.00351591
0 0.00355103
0 0.00358615
0 0.00362126
0 0.00365638
0 0.0036915
0 0.00372662
0 0.00376173
0 0.00379685
0 0.00383197
0 0.00386709
0 0.0039022
0 0.00393732
0 0.00397244
0 0.00400756
0 0.00404267
0 0.00407779
0 0.00411291
0 0.00414803
0 0.00418314
0 0.00421826
0 0.00425338
0 0.0042885
0 0.00432361
0 0.00435873
0 0.00439385
0 0.00442897
0 0.00446408
0 0.0044992
0 0.00453432
0 0.00456944
0 0.00460455
0 0.00463967
0 0.00467479
0 0.00470991
0 0.00474502
0 0.00478014
0 0.00481526
0 0.00485038
0 0.00488549
0 0.00492061
0 0.00495573
0 0.00499085
0 0.00502596
0 0.00506108
0 0.0050962
0 0.00513132
0 0.00516643
0 0.00520155
0 0.00523667
0 0.00527179
0 0.0053069
0 0.00534202
0 0.00537714
0 0.00541226
0 0.00544737
0 0.00548249
0 0.00551761
0 0.00555273
0 0.00558784
0 0.00562296
0 0.00565808
0 0.0056932
0 0.00572831
0 0.00576343
0 0.00579855
0 0.00583367
0 0.00586878
0 0.0059039
0 0.00593902
0 0.00597414
0 0.00600925
0 0.00604437
0 0.00607949
0 0.00611461
0 0.00614972
0 0.00618484
0 0.00621996
0 0.00625508
0 0.00629019
0 0.00632531
0 0.00636043
0 0.00639555
0 0.0064164
0 0.00642876
0 0.00644111
0 0.00645346
0 0.00646582
0 0.00647817
0 0.00649052
0 0.00650288
0 0.00651523
0 0.00652758
0 0.00653993
0 0.00655229
0 0.00656464
0 0.00657699
0 0.00658935
0 0.0066017
0 0.00661405
0 0.00664359
0 0.00668033
0 0.00671708
0 0.00675382
0 0.00679057
0 0.00682732
0 0.00686406
0 0.00690081
0 0.00693755
0 0.0069743
0 0.00701105
0 0.00704779
0 0.00708454
0 0.00712128
0 0.00715803
0 0.00719478
0 0.00723152
0 0.00726827
0 0.00730501
0 0.00734176
0 0.00737851
0 0.00741525
0 0.007452
0 0.00748874
0 0.00752549
0 0.00756224
0 0.00759898
0 0.00763573
0 0.00767247
0 0.00770922
0 0.00774596
0 0.00778271
0 0.00781946
0 0.0078562
0 0.00789295
0 0.00792969
0 0.00796644
0 0.00800319
0 0.00803993
0 0.00807668
0 0.00811342
0 0.00815017
0 0.00818692
0 0.00822366
0 0.00826041
0 0.00829715
0 0.0083339
0 0.00837065
0 0.00840739
0 0.00844414
0 0.00848088
0 0.00851763
0 0.00855438
0 0.00859112
0 0.00862787
0 0.00866461
0 0.00870136
0 0.00873811
0 0.00877485
0 0.0088116
0 0.00884834
0 0.00888509
0 0.00892184
0 0.00895858
0 0.00899533
0 0.00903207
0 0.00906882
0 0.00910557
0 0.00914231
0 0.00917906
0 0.0092158
0 0.00925255
0 0.00928929
0 0.00932604
0 0.00936279
0 0.00939953
0 0.00943628
0 0.00947302
0 0.00950977
0 0.00954652
0 0.00958326
0 0.00962001
0 0.00965675
0 0.0096935
0 0.00973025
0 0.00976699
0 0.00980374
0 0.00984048
0 0.00987723
0 0.00991398
0 0.00995072
0 0.00998747
0 0.0100242
0 0.010061
0 0.0100977
0 0.0101345
0 0.0101712
0 0.0102079
0 0.0102447
0 0.0102814
0 0.0103182
0 0.0103549
0 0.0103917
0 0.0104284
0 0.0104652
0 0.0105019
0 0.0105387
0 0.0105754
0 0.0106121
0 0.0106489
0 0.0106856
0 0.0107224
0 0.0107591
0 0.0107959
0 0.0108326
0 0.0108694
0 0.0109061
0 0.0109429
0 0.0109796
0 0.0110164
0 0.0110531
0 0.0110898
0 0.0111266
0 0.0111633
0 0.0112001
0 0.0112368
0 0.0112736
0 0.0113103
0 0.0113471
0 0.0113838
0 0.0114206
0 0.0114573
0 0.0114941
0 0.0115308
0 0.0115675
0 0.0116043
0 0.011641
0 0.0116778
0 0.0117145
0 0.0117513
0 0.011788
0 0.0118248
0 0.0118615
0 0.0118983
0 0.011935
0 0.0119717
0 0.0120085
0 0.0120452
0 0.012082
0 0.0121187
0 0.0121555
0 0.0121922
0 0.012229
0 0.0122657
0 0.0123025
0 0.0123392
0 0.012376
0 0.0124127
0 0.0124494
0 0.0124862
0 0.0125229
0 0.0125597
0 0.0125964
0 0.0126332
0 0.0126699
0 0.0127067
0 0.0127434
0 0.0127802
0 0.0128169
0 0.0128537
0 0.0128904
0 0.0129271
0 0.0129639
0 0.0130006
0 0.0130374
0 0.0130741
0 0.0131109
0 0.0131476
0 0.0131844
0 0.0132211
0 0.0132579
0 0.0132946
0 0.0133313
0 0.0133681
0 0.0134048
0 0.0134416
0 0.0134783
0 0.0135151
0 0.0135518
0 0.0135886
0 0.0136253
0 0.013728
0 0.0138312
0 0.0139344
0 0.0140375
0 0.0141407
0 0.0142439
0 0.014347
0 0.0144502
0 0.0145533
0 0.0146565
0 0.0147597
0 0.0148628
0 0.014966
0 0.0150692
0 0.0151723
0 0.0152755
0 0.0153786
0 0.0154818
0 0.015585
0 0.0156881
0 0.0157913
0 0.0158945
0 0.0159976
0 0.0161008
0 0.0162039
0 0.0163071
0 0.0164103
0 0.0165134
0 0.0166166
0 0.0167198
0 0.0168238
0 0.0169278
0 0.0170318
0 0.0171358
0 0.0172398
0 0.0173438
0 0.0174478
0 0.0175518
0 0.0176558
0 0.0177598
0 0.0178637
0 0.0179677
0 0.0180717
0 0.0181757
0 0.0182797
0 0.0183837
0 0.0184877
0 0.0185917
0 0.0186957
0 0.0187997
0 0.0189037
0 0.0190077
0 0.0191117
0 0.0192157
0 0.0193197
0 0.0194236
0 0.0195276
0 0.0196316
0 0.0197356
0 0.0198396
0 0.0199436
0 0.0200476
0 0.0201516
0 0.0202556
0 0.0203596
0 0.0204636
0 0.0205676
0 0.0206716
0 0.0207756
0 0.0208796
0 0.0209835
0 0.0210875
0 0.0211915
0 0.0212955
0 0.0213995
0 0.0215035
0 0.0216075
0 0.0217115
0 0.0218155
0 0.0219195
0 0.0220235
0 0.0221275
0 0.0222315
0 0.0223355
0 0.0224395
0 0.0225435
0 0.0226474
0 0.0227514
0 0.0228554
0 0.0229594
0 0.0230634
0 0.0231674
0 0.0232714
0 0.0233754
0 0.0234794
0 0.0235834
0 0.0236874
0 0.0237914
0 0.0238954
0 0.0239994
0 0.0241034
0 0.0242073
0 0.0243113
0 0.0244153
0 0.0245193
0 0.0246233
0 0.0247273
0 0.0248313
0 0.0249353
0 0.0248372
0 0.024739
0 0.0246409
0 0.0245428
0 0.0244447
0 0.0243669
0 0.0243149
0 0.0242629
0 0.0242108
0 0.0241588
0 0.0241068
0 0.0240547
0 0.0240027
0 0.0239506
0 0.0238986
0 0.0238466
0 0.0237945
0 0.0237425
0 0.0236905
0 0.0236384
0 0.0235864
0 0.0235344
0 0.0234823
0 0.0234303
0 0.0233783
0 0.0233262
0 0.0232742
0 0.0232222
0 0.0231701
0 0.0231181
0 0.0230661
0 0.023014
0 0.022962
0 0.0229099
0 0.0228579
0 0.0228059
0 0.0227538
0 0.0227018
0 0.0226498
0 0.0225977
0 0.0225457
0 0.0224937
0 0.0224416
0 0.0223896
0 0.0223376
0 0.0222855
0 0.0222335
0 0.0221815
0 0.0221294
0 0.0220774
0 0.0220253
0 0.0219733
0 0.0219213
0 0.0218692
0 0.0218172
0 0.0217652
0 0.0217131
0 0.0216611
0 0.0216091
0 0.021557
0 0.021505
0 0.021453
0 0.0214007
0 0.0213195
0 0.0212618
0 0.0212045
0 0.0211472
0 0.0210899
0 0.0210326
0 0.0209753
0 0.020918
0 0.0208607
0 0.0208034
0 0.0207461
0 0.0206888
0 0.0206315
0 0.0205741
0 0.0205168
0 0.0204595
0 0.0204022
0 0.0203449
0 0.0202876
0 0.0202303
0 0.020173
0 0.0201157
0 0.0200584
0 0.0200011
0 0.0199438
0 0.0198865
0 0.0198292
0 0.0197719
0 0.0197146
0 0.0196572
0 0.0195999
0 0.0195426
0 0.0194853
0 0.019428
0 0.0193707
0 0.0193134
0 0.0192561
0 0.0191988
0 0.0191415
0 0.0190842
0 0.0190269
0 0.0189696
0 0.0189123
0 0.018855
0 0.0187976
0 0.0187403
0 0.018683
0 0.0186257
0 0.0185684
0 0.0185111
0 0.0184538
0 0.0183965
0 0.0183392
0 0.0182819
0 0.0182246
0 0.0181673
0 0.01811
0 0.0180527
0 0.0179954
0 0.0179381
0 0.0178807
0 0.0178234
0 0.0177661
0 0.0177088
0 0.0176515
0 0.0175942
0 0.0175369
0 0.0174796
0 0.0174223
0 0.017365
0 0.0173077
0 0.0172504
0 0.0171931
0 0.0171358
0 0.0170785
0 0.0170211
0 0.0169638
0 0.0169065
0 0.0168492
0 0.0167919
0 0.0167346
0 0.0166773
0 0.01662
0 0.0165627
0 0.0165054
0 0.0164481
0 0.0163908
0 0.0163335
0 0.0162762
0 0.0162189
0 0.0161616
0 0.0161042
0 0.0160469
0 0.0159896
0 0.0159323
0 0.015875
0 0.0158177
0 0.0157604
0 0.0157031
0 0.0156458
0 0.0155885
0 0.0155312
0 0.0154739
0 0.0154166
0 0.0153593
0 0.015302
0 0.0152447
0 0.0151873
0 0.01513
0 0.0150727
0 0.0150154
0 0.0149581
0 0.0149008
0 0.0148435
0 0.0147862
0 0.0147289
0 0.0146716
0 0.0146143
0 0.014557
0 0.0144997
0 0.0144424
0 0.0143829
0 0.0142973
0 0.0142117
0 0.0141261
0 0.0140406
0 0.013955
0 0.0138694
0 0.0137838
0 0.0136982
0 0.0136126
0 0.013527
0 0.0134414
0 0.0133558
0 0.0132702
0 0.0131846
0 0.013099
0 0.0130134
0 0.0129278
0 0.0128422
0 0.0127566
0 0.012671
0 0.0125854
0 0.0124998
0 0.0124142
0 0.0123286
0 0.012243
0 0.0121574
0 0.0120742
0 0.0120173
0 0.0119605
0 0.0119036
0 0.0118467
0 0.0117898
0 0.0117329
0 0.0116761
0 0.0116192
0 0.0115623
0 0.0115054
0 0.0114486
0 0.0113917
0 0.0113348
0 0.0112779
0 0.011221
0 0.0111642
0 0.0111073
0 0.0110504
0 0.0109935
0 0.0109367
0 0.0108798
0 0.0108229
0 0.010766
0 0.0107091
0 0.0106523
0 0.0105954
0 0.0105385
0 0.0104816
0 0.0104248
0 0.0103679
0 0.010311
0 0.0102541
0 0.0101972
0 0.0101404
0 0.0100835
0 0.0100266
0 0.00996973
0 0.00991286
0 0.00985598
0 0.0097991
0 0.00974222
0 0.00968534
0 0.00962847
0 0.00957159
0 0.00951471
0 0.00945783
0 0.00940096
0 0.00934408
0 0.0092872
0 0.00923032
0 0.00917344
0 0.00911657
0 0.00905969
0 0.00900281
0 0.00894593
0 0.00888905
0 0.00883218
0 0.0087753
0 0.00871842
0 0.00866154
0 0.00860467
0 0.00854779
0 0.00849091
0 0.00843403
0 0.00837715
0 0.00832028
0 0.0082634
0 0.00820652
0 0.00814964
0 0.00809276
0 0.00803589
0 0.00797901
0 0.00792213
0 0.00786525
0 0.00780838
0 0.0077515
0 0.00769462
0 0.00763774
0 0.00758086
0 0.00752399
0 0.00746711
0 0.00741023
0 0.00735335
0 0.00729647
0 0.0072396
0 0.00718272
0 0.00712584
0 0.00706896
0 0.00701208
0 0.00695521
0 0.00689833
0 0.00684145
0 0.00678457
0 0.0067277
0 0.00667082
0 0.00661394
0 0.00655706
0 0.00650018
0 0.00644331
0 0.00638643
0 0.00632955
0 0.00627267
0 0.00621579
0 0.00615892
0 0.00610204
0 0.00604516
0 0.00598828
0 0.00593141
0 0.00587453
0 0.00581765
0 0.00576077
0 0.00570389
0 0.00564702
0 0.00559014
0 0.00553326
0 0.00547638
0 0.0054195
0 0.00536263
0 0.00530575
0 0.00524887
0 0.00519199
0 0.00513512
0 0.00507824
0 0.00502136
0 0.00496448
0 0.0049076
0 0.00485073
0 0.00479385
0 0.00473697
0 0.00468009
0 0.00462321
0 0.00456634
0 0.00450946
0 0.00445258
0 0.0043957
0 0.00433883
0 0.00428195
0 0.00422507
0 0.00416819
0 0.00411131
0 0.00405444
0 0.00399756
0 0.00394068
0 0.0038838
0 0.00382692
0 0.00377005
0 0.00371317
0 0.00365629
0 0.00359941
0 0.00354253
0 0.00348566
0 0.00342878
0 0.0033719
0 0.00331502
0 0.00325815
0 0.00320127
0 0.00314439
0 0.00308751
0 0.00303063
0 0.00297376
0 0.00291688
0 0.00286
0 0.00280312
0 0.00274624
0 0.00268937
0 0.00263249
0 0.00257561
0 0.00251873
0 0.00246186
0 0.00240498
0 0.0023481
0 0.00229122
0 0.00223434
0 0.00217747
0 0.00212059
0 0.00206371
0 0.00200683
0 0.00194995
0 0.00189308
0 0.0018362
0 0.00177932
0 0.00172244
0 0.00166557
0 0.00160869
0 0.00155181
0 0.00149493
0 0.00143805
0 0.00138118
0 0.0013243
0 0.00126742
0 0.00121054
0 0.00115366
0 0.00109679
0 0.00103991
0 0.000983031
0 0.000926153
0 0.000869275
0 0.000812397
0 0.000755519
0 0.000698642
0 0.000641764
0 0.000584886
0 0.000528008
0 0.00047113
0 0.000414252
0 0.000357374
0 0.000300496
0 0.000243619
0 0.000186741
0 0.000129863
0 7.2985e-05
0 1.61071e-05
-0.00222016 -1.01217e-05
-0.00629688 -1.0721e-05
-0.0103736 -1.13202e-05
-0.0144503 -1.19195e-05
-0.018527 -1.25187e-05
-0.0226038 -1.3118e-05
-0.0266805 -1.37172e-05
-0.0307572 -1.43164e-05
-0.0348339 -1.49157e-05
-0.0389107 -1.55149e-05
-0.0429874 -1.61142e-05
-0.0470641 -1.67134e-05
-0.0511408 -1.73127e-05
-0.0552175 -1.79119e-05
-0.0592943 -1.85112e-05
-0.063371 -1.91104e-05
-0.0674477 -1.97097e-05
-0.0715244 -2.03089e-05
-0.0756012 -2.09082e-05
-0.0796779 -2.15074e-05
-0.0837546 -2.21067e-05
-0.0878313 -2.27059e-05
-0.091908 -2.33052e-05
-0.0959848 -2.39044e-05
-0.100061 -2.45037e-05
-0.104138 -2.51029e-05
-0.108215 -2.57022e-05
-0.112292 -2.63014e-05
-0.116368 -2.69007e-05
-0.120445 -2.74999e-05
-0.124522 -2.80992e-05
-0.128599 -2.86984e-05
-0.132675 -2.92977e-05
-0.136752 -2.98969e-05
-0.140829 -3.04962e-05
-0.144905 -3.10954e-05
-0.148982 -3.16946e-05
-0.153059 -3.22939e-05
-0.157136 -3.28931e-05
-0.161212 -3.34924e-05
-0.165289 -3.40916e-05
-0.169366 -3.46909e-05
-0.173442 -3.52901e-05
-0.177519 -3.58894e-05
-0.181596 -3.64886e-05
-0.185673 -3.70879e-05
-0.189749 -3.76871e-05
-0.193826 -3.82864e-05
-0.197903 -3.88856e-05
-0.20198 -3.94849e-05
-0.206056 -4.00841e-05
-0.210133 -4.06834e-05
-0.21421 -4.12826e-05
-0.218286 -4.18819e-05
-0.222363 -4.24811e-05
-0.226188 -4.30433e-05
-0.185473 -3.70995e-05
-0.144758 -3.11558e-05
-0.104043 -2.5212e-05
-0.0633282 -1.92682e-05
-0.0226134 -1.33244e-05
0 1.31112e-05
0 6.51463e-05
0 0.000117181
0 0.000169217
0 0.000221252
0 0.000273287
0 0.000325322
0 0.000377357
0 0.000429392
0 0.000481427
0 0.000533462
0 0.000585497
0 0.000637532
0 0.000689567
0 0.000741603
0 0.000793638
0 0.000845673
0 0.000897708
0 0.000949743
0 0.00100178
0 0.00105381
0 0.00110585
0 0.00115788
0 0.00120992
0 0.00126195
0 0.00131399
0 0.00136602
0 0.00141806
0 0.00147009
0 0.00152213
0 0.00157416
0 0.0016262
0 0.00167823
0 0.00173027
0 0.0017823
0 0.00183434
0 0.00188637
0 0.00193841
0 0.00199044
0 0.00204248
0 0.00209452
0 0.00214655
0 0.00219859
0 0.00225062
0 0.00230266
0 0.00235469
0 0.00240673
0 0.00245876
0 0.0025108
0 0.00256283
0 0.00261487
0 0.0026669
0 0.00271894
0 0.00277097
0 0.00282301
0 0.00287504
0 0.00292708
0 0.00297896
0 0.0030018
0 0.00304817
0 0.00309495
0 0.00314173
0 0.0031885
0 0.00323528
0 0.00328206
0 0.00332884
0 0.00337561
0 0.00342239
0 0.00346917
0 0.00351595
0 0.00356272
0 0.0036095
0 0.00365628
0 0.00370306
0 0.00374983
0 0.00379661
0 0.00384339
0 0.00389017
0 0.00393694
0 0.00398372
0 0.0040305
0 0.00407728
0 0.00412405
0 0.00417083
0 0.00421761
0 0.00426439
0 0.00431116
0 0.00435794
0 0.00440472
0 0.0044515
0 0.00449827
0 0.00454505
0 0.00459183
0 0.0046386
0 0.00468538
0 0.00473216
0 0.00477894
0 0.00482571
0 0.00487249
0 0.00491927
0 0.00496605
0 0.00501282
0 0.0050596
0 0.00510638
0 0.00515316
0 0.00519993
0 0.00524671
0 0.00529349
0 0.00534027
0 0.00538704
0 0.00543382
0 0.0054806
0 0.00552738
0 0.00557415
0 0.00562093
0 0.00566771
0 0.00571449
0 0.00576126
0 0.00580804
0 0.00585482
0 0.0059016
0 0.00594837
0 0.00599515
0 0.00604193
0 0.0060887
0 0.00613548
0 0.00618226
0 0.00622904
0 0.00627581
0 0.00632259
0 0.00636937
0 0.00641615
0 0.00646292
0 0.0065097
0 0.00655648
0 0.00660326
0 0.00665003
0 0.00669681
0 0.00674359
0 0.00679037
0 0.00683714
0 0.00688392
0 0.0069307
0 0.00697748
0 0.00702425
0 0.00707103
0 0.00711781
0 0.00716459
0 0.00721136
0 0.00725814
0 0.00730492
0 0.0073517
0 0.00739847
0 0.00744525
0 0.00749203
0 0.0075388
0 0.00758558
0 0.00763236
0 0.00767914
0 0.00772591
0 0.00777269
0 0.00781947
0 0.00786625
0 0.00791302
0 0.0079598
0 0.00800658
0 0.00805336
0 0.00810013
0 0.00814691
0 0.00819369
0 0.00824047
0 0.00828724
0 0.00833402
0 0.0083808
0 0.00842758
0 0.00847435
0 0.00852113
0 0.00856791
0 0.00861469
0 0.00865999
0 0.00867847
0 0.00869695
0 0.00871543
0 0.00873391
0 0.0087524
0 0.00877088
0 0.00878936
0 0.00880784
0 0.00882632
0 0.0088448
0 0.00886328
0 0.00888176
0 0.00890024
0 0.00891872
0 0.0089372
0 0.00895568
0 0.00897417
0 0.00899265
0 0.00901113
0 0.00902961
0 0.00904809
0 0.00906657
0 0.00908505
0 0.00910353
0 0.00912201
0 0.00914049
0 0.00916042
0 0.00920763
0 0.00925483
0 0.00930204
0 0.00934924
0 0.00939645
0 0.00944365
0 0.00949085
0 0.00953806
0 0.00958526
0 0.00963247
0 0.00967967
0 0.00972688
0 0.00977408
0 0.00982129
0 0.00986849
0 0.0099157
0 0.0099629
0 0.0100101
0 0.0100573
0 0.0101045
0 0.0101517
0 0.0101989
0 0.0102461
0 0.0102933
0 0.0103405
0 0.0103877
0 0.010435
0 0.0104822
0 0.0105294
0 0.0105766
0 0.0106238
0 0.010671
0 0.0107182
0 0.0107654
0 0.0108126
0 0.0108598
0 0.010907
0 0.0109542
0 0.0110014
0 0.0110486
0 0.0110958
0 0.011143
0 0.0111902
0 0.0112374
0 0.0112846
0 0.0113318
0 0.011379
0 0.0114263
0 0.0114735
0 0.0115207
0 0.0115679
0 0.0116151
0 0.0116623
0 0.0117095
0 0.0117567
0 0.0118039
0 0.0118511
0 0.0118983
0 0.0119455
0 0.0119927
0 0.0120399
0 0.0120871
0 0.0121343
0 0.0121815
0 0.0122287
0 0.0122759
0 0.0123231
0 0.0123703
0 0.0124176
0 0.0124648
0 0.012512
0 0.0125592
0 0.0126064
0 0.0126536
0 0.0127008
0 0.012748
0 0.0127952
0 0.0128424
0 0.0128896
0 0.0129368
0 0.012984
0 0.0130312
0 0.0130784
0 0.0131256
0 0.0131728
0 0.01322
0 0.0132672
0 0.0133144
0 0.0133616
0 0.0134089
0 0.0134561
0 0.0135033
0 0.0135505
0 0.0135977
0 0.0136449
0 0.0136921
0 0.0137393
0 0.0137865
0 0.0138337
0 0.0138809
0 0.0139281
0 0.0139753
0 0.0140225
0 0.0140697
0 0.0141169
0 0.0141641
0 0.0142113
0 0.0142585
0 0.0143057
0 0.0143529
0 0.0144002
0 0.0144474
0 0.0144946
0 0.0145418
0 0.014589
0 0.0146362
0 0.0146834
0 0.0147306
0 0.0147778
0 0.014825
0 0.0148722
0 0.0149194
0 0.0149666
0 0.0150138
0 0.015061
0 0.0151082
0 0.0151554
0 0.0152026
0 0.0152498
0 0.015297
0 0.0153442
0 0.0153915
0 0.0154387
0 0.0154859
0 0.0155331
0 0.0155803
0 0.0156275
0 0.0156747
0 0.0157219
0 0.0157691
0 0.0158163
0 0.0158635
0 0.0159107
0 0.0159579
0 0.0160051
0 0.0160523
0 0.0160995
0 0.0161467
0 0.0161939
0 0.0162411
0 0.0162883
0 0.0163355
0 0.0163828
0 0.01643
0 0.0164772
0 0.0165244
0 0.0165716
0 0.0166188
0 0.016666
0 0.0167132
0 0.0167604
0 0.0168076
0 0.0168548
0 0.016902
0 0.0169492
0 0.0169964
0 0.0170436
0 0.0170908
0 0.017138
0 0.0171852
0 0.0172324
0 0.0172796
0 0.0173268
0 0.0173741
0 0.0174213
0 0.0174685
0 0.0175157
0 0.0175629
0 0.0176101
0 0.0176573
0 0.0177045
0 0.0177517
0 0.0177989
0 0.0178461
0 0.0178933
0 0.0179405
0 0.0179877
0 0.0180349
0 0.0180821
0 0.0181293
0 0.0181765
0 0.0182237
0 0.0182709
0 0.0183181
0 0.0183654
0 0.0184126
0 0.0184598
0 0.018507
0 0.0185542
0 0.0186014
0 0.0186486
0 0.0186958
0 0.018743
0 0.0187902
0 0.0188374
0 0.0188846
0 0.0189318
0 0.018979
0 0.0190262
0 0.0190734
0 0.0191206
0 0.0191678
0 0.0192444
0 0.0193478
0 0.0194513
0 0.0195548
0 0.0196582
0 0.0197617
0 0.0198652
0 0.0199687
0 0.0200721
0 0.0201756
0 0.0202791
0 0.0203825
0 0.020486
0 0.0205895
0 0.020693
0 0.0207964
0 0.0208999
0 0.0210034
0 0.0211068
0 0.0212103
0 0.0213138
0 0.0214173
0 0.0215207
0 0.0216242
0 0.0217277
0 0.0218312
0 0.0219346
0 0.0220381
0 0.0221416
0 0.022245
0 0.0223485
0 0.022452
0 0.0225555
0 0.0226589
0 0.0227624
0 0.0228659
0 0.0229693
0 0.0230728
0 0.0231763
0 0.0232798
0 0.0233832
0 0.0234867
0 0.0235902
0 0.0236936
0 0.0237971
0 0.0239006
0 0.0240041
0 0.0241075
0 0.024211
0 0.0243145
0 0.0244179
0 0.0245214
0 0.0246249
0 0.0247284
0 0.0248318
0 0.0249353
0 0.0248372
0 0.0247391
0 0.0246409
0 0.0245428
0 0.0244447
0 0.024367
0 0.0243149
0 0.0242629
0 0.0242109
0 0.0241588
0 0.0241068
0 0.0240548
0 0.0240027
0 0.0239507
0 0.0238987
0 0.0238466
0 0.0237946
0 0.0237425
0 0.0236905
0 0.0236385
0 0.0235864
0 0.0235344
0 0.0234824
0 0.0234303
0 0.0233783
0 0.0233263
0 0.0232742
0 0.0232222
0 0.0231702
0 0.0231181
0 0.0230661
0 0.0230141
0 0.022962
0 0.02291
0 0.0228579
0 0.0228059
0 0.0227539
0 0.0227018
0 0.0226498
0 0.0225978
0 0.0225457
0 0.0224937
0 0.0224417
0 0.0223896
0 0.0223376
0 0.0222856
0 0.0222335
0 0.0221815
0 0.0221295
0 0.0220774
0 0.0220254
0 0.0219734
0 0.0219213
0 0.0218693
0 0.0218172
0 0.0217652
0 0.0217132
0 0.0216611
0 0.0216091
0 0.0215571
0 0.021505
0 0.021453
0 0.0214008
0 0.0213196
0 0.0212619
0 0.0212046
0 0.0211473
0 0.02109
0 0.0210327
0 0.0209754
0 0.0209181
0 0.0208608
0 0.0208035
0 0.0207462
0 0.0206889
0 0.0206316
0 0.0205743
0 0.020517
0 0.0204597
0 0.0204024
0 0.0203451
0 0.0202878
0 0.0202305
0 0.0201732
0 0.0201159
0 0.0200586
0 0.0200013
0 0.019944
0 0.0198867
0 0.0198294
0 0.0197721
0 0.0197148
0 0.0196575
0 0.0196002
0 0.0195429
0 0.0194856
0 0.0194283
0 0.019371
0 0.0193137
0 0.0192564
0 0.0191991
0 0.0191419
0 0.0190846
0 0.0190273
0 0.01897
0 0.0189127
0 0.0188554
0 0.0187981
0 0.0187408
0 0.0186835
0 0.0186262
0 0.0185689
0 0.0185116
0 0.0184543
0 0.018397
0 0.0183397
0 0.0182824
0 0.0182251
0 0.0181678
0 0.0181105
0 0.0180532
0 0.0179959
0 0.0179386
0 0.0178813
0 0.017824
0 0.0177667
0 0.0177094
0 0.0176521
0 0.0175948
0 0.0175375
0 0.0174802
0 0.0174229
0 0.0173656
0 0.0173083
0 0.017251
0 0.0171937
0 0.0171364
0 0.0170791
0 0.0170218
0 0.0169645
0 0.0169072
0 0.0168499
0 0.0167926
0 0.0167353
0 0.016678
0 0.0166207
0 0.0165634
0 0.0165061
0 0.0164489
0 0.0163916
0 0.0163343
0 0.016277
0 0.0162197
0 0.0161624
0 0.0161051
0 0.0160478
0 0.0159905
0 0.0159332
0 0.0158759
0 0.0158186
0 0.0157613
0 0.015704
0 0.0156467
0 0.0155894
0 0.0155321
0 0.0154748
0 0.0154175
0 0.0153602
0 0.0153029
0 0.0152456
0 0.0151883
0 0.015131
0 0.0150737
0 0.0150164
0 0.0149591
0 0.0149018
0 0.0148445
0 0.0147872
0 0.0147299
0 0.0146726
0 0.0146153
0 0.014558
0 0.0145007
0 0.0144434
0 0.0143845
0 0.0142989
0 0.0142134
0 0.0141278
0 0.0140422
0 0.0139566
0 0.013871
0 0.0137854
0 0.0136998
0 0.0136142
0 0.0135286
0 0.013443
0 0.0133574
0 0.0132718
0 0.0131862
0 0.0131007
0 0.0130151
0 0.0129295
0 0.0128439
0 0.0127583
0 0.0126727
0 0.0125871
0 0.0125015
0 0.0124159
0 0.0123303
0 0.0122447
0 0.0121591
0 0.0120751
0 0.0120183
0 0.0119614
0 0.0119045
0 0.0118477
0 0.0117908
0 0.0117339
0 0.011677
0 0.0116202
0 0.0115633
0 0.0115064
0 0.0114496
0 0.0113927
0 0.0113358
0 0.011279
0 0.0112221
0 0.0111652
0 0.0111083
0 0.0110515
0 0.0109946
0 0.0109377
0 0.0108809
0 0.010824
0 0.0107671
0 0.0107103
0 0.0106534
0 0.0105965
0 0.0105396
0 0.0104828
0 0.0104259
