0.156463 7.63909e-05
0.105571 0.000181098
0.0524684 9.00052e-05
-0.00520764 -7.60384e-07
-0.188452 -2.77031e-05
-0.183838 -2.70296e-05
-0.0961183 -1.42237e-05
-0.00474945 -8.85215e-07
0.0524808 8.98384e-05
0.105473 0.000181111
0.0523817 8.98511e-05
-0.0047751 -8.85405e-07
-0.0961004 -1.42193e-05
-0.183841 -2.70299e-05
-0.0960982 -1.42207e-05
-0.00475294 -8.85635e-07
0.0523817 8.98511e-05
0.105473 0.000181111
0.0523808 8.98497e-05
-0.00477666 -8.85633e-07
-0.0961003 -1.42193e-05
-0.183841 -2.70299e-05
-0.0960982 -1.42207e-05
-0.00475294 -8.85635e-07
0.0523817 8.98511e-05
0.105473 0.000181111
0.0545523 0.000285878
0.00368988 0.000390525
0.00276431 0.000292518
0.00183874 0.000194512
0.000913167 9.6505e-05
-0.00477666 -8.85633e-07
-0.0961003 -1.42193e-05
-0.183841 -2.70299e-05
-0.179063 -2.63324e-05
-0.175114 -2.57559e-05
-0.13358 -1.96924e-05
-0.0920445 -1.36289e-05
-0.0505097 -7.56546e-06
-0.00475294 -8.85635e-07
0.000913189 9.65073e-05
0.00183875 0.000194513
0.00276432 0.000292519
0.0036898 0.000390525
0.00276425 0.000292519
0.0018387 0.000194512
0.000913147 9.65052e-05
-0.00477612 -8.85553e-07
-0.0505118 -7.56318e-06
-0.0920459 -1.36274e-05
-0.13358 -1.96915e-05
-0.175114 -2.57557e-05
-0.133575 -1.96915e-05
-0.0920446 -1.36288e-05
-0.0505099 -7.56531e-06
-0.00475355 -8.85556e-07
0.000913167 9.65073e-05
0.00183871 0.000194513
0.00276425 0.000292519
0.0036898 0.000390525
0.00276425 0.000292519
0.0018387 0.000194512
0.000913147 9.65052e-05
-0.00477612 -8.85553e-07
-0.0505118 -7.56317e-06
-0.0920459 -1.36274e-05
-0.13358 -1.96915e-05
-0.175114 -2.57557e-05
-0.212519 -3.12691e-05
-0.171804 -2.53254e-05
-0.131089 -1.93816e-05
-0.0903745 -1.34378e-05
-0.0496596 -7.49402e-06
-0.00456165 -9.10373e-07
0.000913648 9.65073e-05
0.00183919 0.000194513
0.00276474 0.000292519
0.00366335 0.000390529
0 0.000489129
0 0.000587116
0 0.000685135
0 0.000783137
0 0.000881122
0 0.00097909
0 0.00107704
0 0.00117498
0 0.00107685
0 0.000978722
0 0.000880596
0 0.000782469
0 0.000684343
0 0.000586217
0 0.00048809
0 0.000389964
0 0.000291837
0 0.000193711
0 9.55844e-05
-0.00836405 -1.46045e-06
-0.0496627 -7.49047e-06
-0.0903768 -1.34351e-05
-0.131091 -1.93798e-05
-0.171805 -2.53245e-05
-0.212519 -3.12691e-05
-0.253153 -3.73046e-05
-0.293772 -4.33564e-05
-0.334377 -4.94249e-05
-0.374967 -5.55101e-05
-0.415542 -6.16121e-05
-0.456102 -6.77312e-05
-0.496647 -7.38673e-05
-0.455932 -6.79236e-05
-0.415217 -6.19798e-05
-0.374503 -5.6036e-05
-0.333788 -5.00922e-05
-0.293073 -4.41484e-05
-0.252358 -3.82047e-05
-0.211643 -3.22609e-05
-0.170928 -2.63171e-05
-0.130213 -2.03733e-05
-0.0894984 -1.44296e-05
-0.0487835 -8.48578e-06
-0.00406737 -1.95787e-06
0 9.56374e-05
0 0.000193759
0 0.000291881
0 0.000390002
0 0.000488124
0 0.000586245
0 0.000684367
0 0.000782489
0 0.00088061
0 0.000978732
0 0.00107685
0 0.00117498
0 0.00107685
0 0.000978722
0 0.000880596
0 0.000782469
0 0.000684343
0 0.000586217
0 0.00048809
0 0.000389964
0 0.000291837
0 0.000193711
0 9.55844e-05
-0.00451727 -1.95787e-06
-0.0488303 -8.43284e-06
-0.0895409 -1.43814e-05
-0.130252 -2.033e-05
-0.170962 -2.62786e-05
-0.211673 -3.22272e-05
-0.252383 -3.81758e-05
-0.293094 -4.41244e-05
-0.333805 -5.0073e-05
-0.374515 -5.60216e-05
-0.415226 -6.19702e-05
-0.455937 -6.79187e-05
-0.496647 -7.38673e-05
-0.537177 -8.00208e-05
-0.496462 -7.4077e-05
-0.455747 -6.81333e-05
-0.415032 -6.21895e-05
-0.374317 -5.62457e-05
-0.333602 -5.03019e-05
-0.292888 -4.43581e-05
-0.252173 -3.84144e-05
-0.211458 -3.24706e-05
-0.170743 -2.65268e-05
-0.130028 -2.0583e-05
-0.0893132 -1.46393e-05
-0.0485983 -8.69547e-06
-0.00320776 -2.06912e-06
0 9.56374e-05
0 0.000193759
0 0.000291881
0 0.000390002
0 0.000488124
0 0.000586245
0 0.000684367
0 0.000782489
0 0.00088061
0 0.000978732
0 0.00107685
0 0.00117498
0 0.00107685
0 0.000978722
0 0.000880596
0 0.000782469
0 0.000684343
0 0.000586217
0 0.00048809
0 0.000389964
0 0.000291837
0 0.000193711
0 9.55844e-05
-0.00372105 -2.06083e-06
-0.0486579 -8.62797e-06
-0.0893678 -1.45774e-05
-0.130078 -2.05268e-05
-0.170788 -2.64762e-05
-0.211498 -3.24256e-05
-0.252207 -3.8375e-05
-0.292917 -4.43244e-05
-0.333627 -5.02738e-05
-0.374337 -5.62232e-05
-0.415047 -6.21726e-05
-0.455757 -6.8122e-05
-0.496467 -7.40714e-05
-0.537177 -8.00208e-05
-0.496462 -7.4077e-05
-0.455747 -6.81333e-05
-0.415032 -6.21895e-05
-0.374317 -5.62457e-05
-0.333602 -5.03019e-05
-0.292888 -4.43581e-05
-0.252173 -3.84144e-05
-0.211458 -3.24706e-05
-0.170743 -2.65268e-05
-0.130028 -2.0583e-05
-0.0893132 -1.46393e-05
-0.0485983 -8.69547e-06
-0.00320776 -2.06912e-06
0 9.56374e-05
0 0.000193759
0 0.000291881
0 0.000390002
0 0.000488124
0 0.000586245
0 0.000684367
0 0.000782489
0 0.00088061
0 0.000978732
0 0.00107685
0 0.00117498
0 0.00127289
0 0.00137079
0 0.00146867
0 0.00156654
0 0.00166438
0 0.00176221
0 0.00186002
0 0.00195781
0 0.00185969
0 0.00176156
0 0.00166343
0 0.00156531
0 0.00146718
0 0.00136905
0 0.00127093
0 0.0011728
0 0.00107467
0 0.000976548
0 0.000878422
0 0.000780295
0 0.000682169
0 0.000584042
0 0.000485916
0 0.000387789
0 0.000289663
0 0.000191537
0 9.34102e-05
-0.0116145 -3.21439e-06
-0.0520208 -9.11943e-06
-0.0917312 -1.49228e-05
-0.127393 -2.01344e-05
-0.169072 -2.62255e-05
-0.210714 -3.2311e-05
-0.252023 -3.83481e-05
-0.292906 -4.43228e-05
-0.333627 -5.02738e-05
-0.374337 -5.62232e-05
-0.415047 -6.21726e-05
-0.455757 -6.8122e-05
-0.496467 -7.40714e-05
-0.537177 -8.00208e-05
-0.577691 -8.61917e-05
-0.61819 -9.23802e-05
-0.658673 -9.85864e-05
-0.69914 -0.000104811
-0.739591 -0.000111053
-0.780027 -0.000117313
-0.820446 -0.000123592
-0.779731 -0.000117648
-0.739016 -0.000111704
-0.698301 -0.00010576
-0.657586 -9.98167e-05
-0.616871 -9.38729e-05
-0.576156 -8.79292e-05
-0.535441 -8.19854e-05
-0.494727 -7.60416e-05
-0.454012 -7.00978e-05
-0.413297 -6.4154e-05
-0.372582 -5.82103e-05
-0.331867 -5.22665e-05
-0.291152 -4.63227e-05
-0.250437 -4.03789e-05
-0.209722 -3.44351e-05
-0.169008 -2.84914e-05
-0.128293 -2.25476e-05
-0.0875778 -1.66038e-05
-0.0468629 -1.066e-05
-0.00230928 -4.15586e-06
0 9.36582e-05
0 0.000191772
0 0.000289885
0 0.000387998
0 0.000486112
0 0.000584225
0 0.000682338
0 0.000780452
0 0.000878565
0 0.000976679
0 0.00107479
0 0.00117291
0 0.00127102
0 0.00136913
0 0.00146725
0 0.00156536
0 0.00166347
0 0.00176159
0 0.0018597
0 0.00195781
0 0.00185969
0 0.00176156
0 0.00166343
0 0.00156531
0 0.00146718
0 0.00136905
0 0.00127093
0 0.0011728
0 0.00107467
0 0.000976548
0 0.000878422
0 0.000780295
0 0.000682169
0 0.000584042
0 0.000485916
0 0.000387789
0 0.000289663
0 0.000191537
0 9.34102e-05
-0.00433377 -4.15586e-06
-0.047082 -1.0412e-05
-0.0877854 -1.63688e-05
-0.128489 -2.23256e-05
-0.169192 -2.82825e-05
-0.209895 -3.42393e-05
-0.250599 -4.01961e-05
-0.291302 -4.6153e-05
-0.332005 -5.21098e-05
-0.372709 -5.80666e-05
-0.413412 -6.40235e-05
-0.454116 -6.99803e-05
-0.494819 -7.59371e-05
-0.535522 -8.1894e-05
-0.576226 -8.78508e-05
-0.616929 -9.38076e-05
-0.657632 -9.97645e-05
-0.698336 -0.000105721
-0.739039 -0.000111678
-0.779742 -0.000117635
-0.820446 -0.000123592
-0.860848 -0.000129889
-0.820133 -0.000123945
-0.779419 -0.000118002
-0.738704 -0.000112058
-0.697989 -0.000106114
-0.657274 -0.00010017
-0.616559 -9.42264e-05
-0.575844 -8.82826e-05
-0.535129 -8.23388e-05
-0.494414 -7.63951e-05
-0.453699 -7.04513e-05
-0.412985 -6.45075e-05
-0.37227 -5.85637e-05
-0.331555 -5.262e-05
-0.29084 -4.66762e-05
-0.250125 -4.07324e-05
-0.20941 -3.47886e-05
-0.168695 -2.88448e-05
-0.12798 -2.29011e-05
-0.0872655 -1.69573e-05
-0.0465507 -1.10135e-05
-0.00160105 -4.34352e-06
0 9.35887e-05
0 0.000191777
0 0.000289885
0 0.000387998
0 0.000486112
0 0.000584225
0 0.000682338
0 0.000780452
0 0.000878565
0 0.000976679
0 0.00107479
0 0.00117291
0 0.00127102
0 0.00136913
0 0.00146725
0 0.00156536
0 0.00166347
0 0.00176159
0 0.0018597
0 0.00195781
0 0.00185969
0 0.00176156
0 0.00166343
0 0.00156531
0 0.00146718
0 0.00136905
0 0.00127093
0 0.0011728
0 0.00107467
0 0.000976548
0 0.000878422
0 0.000780295
0 0.000682169
0 0.000584042
0 0.000485916
0 0.000387789
0 0.000289663
0 0.000191537
0 9.34102e-05
-0.0030522 -4.32158e-06
-0.0468045 -1.07262e-05
-0.0875066 -1.66843e-05
-0.128209 -2.26425e-05
-0.168911 -2.86006e-05
-0.209613 -3.45588e-05
-0.250315 -4.05169e-05
-0.291018 -4.64751e-05
-0.33172 -5.24332e-05
-0.372422 -5.83913e-05
-0.413124 -6.43495e-05
-0.453826 -7.03076e-05
-0.494529 -7.62658e-05
-0.535231 -8.22239e-05
-0.575933 -8.81821e-05
-0.616635 -9.41402e-05
-0.657337 -0.000100098
-0.69804 -0.000106056
-0.738742 -0.000112015
-0.779444 -0.000117973
-0.820146 -0.000123931
-0.860848 -0.000129889
-0.820133 -0.000123945
-0.779419 -0.000118002
-0.738704 -0.000112058
-0.697989 -0.000106114
-0.657274 -0.00010017
-0.616559 -9.42264e-05
-0.575844 -8.82826e-05
-0.535129 -8.23388e-05
-0.494414 -7.63951e-05
-0.453699 -7.04513e-05
-0.412985 -6.45075e-05
-0.37227 -5.85637e-05
-0.331555 -5.262e-05
-0.29084 -4.66762e-05
-0.250125 -4.07324e-05
-0.20941 -3.47886e-05
-0.168695 -2.88448e-05
-0.12798 -2.29011e-05
-0.0872655 -1.69573e-05
-0.0465507 -1.10135e-05
-0.00160105 -4.34352e-06
0 9.35887e-05
0 0.000191777
0 0.000289885
0 0.000387998
0 0.000486112
0 0.000584225
0 0.000682338
0 0.000780452
0 0.000878565
0 0.000976679
0 0.00107479
0 0.00117291
0 0.00127102
0 0.00136913
0 0.00146725
0 0.00156536
0 0.00166347
0 0.00176159
0 0.0018597
0 0.00195781
0 0.00205559
0 0.00215334
0 0.00225107
0 0.00234879
0 0.00244649
0 0.00254417
0 0.00264182
0 0.00273946
0 0.00283708
0 0.00293468
0 0.00283655
0 0.00273843
0 0.0026403
0 0.00254217
0 0.00244405
0 0.00234592
0 0.00224779
0 0.00214967
0 0.00205154
0 0.00195342
0 0.00185529
0 0.00175716
0 0.00165904
0 0.00156091
0 0.00146278
0 0.00136466
0 0.00126653
0 0.0011684
0 0.00107028
0 0.000972151
0 0.000874025
0 0.000775899
0 0.000677772
0 0.000579646
0 0.000481519
0 0.000383393
0 0.000285267
0 0.00018714
0 8.90137e-05
-0.00610226 -4.76805e-06
-0.0468045 -1.07262e-05
-0.0875066 -1.66843e-05
-0.128209 -2.26425e-05
-0.168911 -2.86006e-05
-0.209613 -3.45588e-05
-0.250315 -4.05169e-05
-0.291018 -4.64751e-05
-0.33172 -5.24332e-05
-0.372422 -5.83913e-05
-0.413124 -6.43495e-05
-0.453826 -7.03076e-05
-0.494529 -7.62658e-05
-0.535231 -8.22239e-05
-0.575933 -8.81821e-05
-0.616635 -9.41402e-05
-0.657337 -0.000100098
-0.69804 -0.000106056
-0.738742 -0.000112015
-0.779444 -0.000117973
-0.820146 -0.000123931
-0.860848 -0.000129889
-0.901234 -0.000136205
-0.941604 -0.00014254
-0.981957 -0.000148894
-1.02229 -0.000155267
-1.06261 -0.000161659
-1.10291 -0.000168071
-1.1432 -0.000174503
-1.18346 -0.000180954
-1.22371 -0.000187426
-1.26394 -0.000193918
-1.22323 -0.000187974
-1.18251 -0.00018203
-1.1418 -0.000176087
-1.10108 -0.000170143
-1.06037 -0.000164199
-1.01965 -0.000158255
-0.978937 -0.000152312
-0.938222 -0.000146368
-0.897508 -0.000140424
-0.856793 -0.00013448
-0.816078 -0.000128536
-0.775363 -0.000122593
-0.734648 -0.000116649
-0.693933 -0.000110705
-0.653218 -0.000104761
-0.612503 -9.88176e-05
-0.571788 -9.28738e-05
-0.531074 -8.693e-05
-0.490359 -8.09863e-05
-0.449644 -7.50425e-05
-0.408929 -6.90987e-05
-0.368214 -6.31549e-05
-0.327499 -5.72112e-05
-0.286784 -5.12674e-05
-0.246069 -4.53236e-05
-0.205355 -3.93798e-05
-0.16464 -3.3436e-05
-0.123925 -2.74923e-05
-0.0832099 -2.15485e-05
-0.042495 -1.56047e-05
0 -8.26817e-06
0 8.98527e-05
0 0.00018795
0 0.000286047
0 0.000384145
0 0.000482242
0 0.00058034
0 0.000678437
0 0.000776535
0 0.000874632
0 0.00097273
0 0.00107083
0 0.00116892
0 0.00126702
0 0.00136512
0 0.00146322
0 0.00156131
0 0.00165941
0 0.00175751
0 0.00185561
0 0.0019537
0 0.0020518
0 0.0021499
0 0.002248
0 0.00234609
0 0.00244419
0 0.00254229
0 0.00264039
0 0.00273848
0 0.00283658
0 0.00293468
0 0.00283655
0 0.00273843
0 0.0026403
0 0.00254217
0 0.00244405
0 0.00234592
0 0.00224779
0 0.00214967
0 0.00205154
0 0.00195342
0 0.00185529
0 0.00175716
0 0.00165904
0 0.00156091
0 0.00146278
0 0.00136466
0 0.00126653
0 0.0011684
0 0.00107028
0 0.000972151
0 0.000874025
0 0.000775899
0 0.000677772
0 0.000579646
0 0.000481519
0 0.000383393
0 0.000285267
0 0.00018714
0 8.90137e-05
-0.000734076 -8.42749e-06
-0.0433121 -1.46797e-05
-0.0839998 -2.06543e-05
-0.124687 -2.66289e-05
-0.165375 -3.26035e-05
-0.206063 -3.85781e-05
-0.24675 -4.45528e-05
-0.287438 -5.05274e-05
-0.328126 -5.6502e-05
-0.368813 -6.24766e-05
-0.409501 -6.84512e-05
-0.450189 -7.44258e-05
-0.490876 -8.04004e-05
-0.531564 -8.6375e-05
-0.572251 -9.23496e-05
-0.612939 -9.83243e-05
-0.653627 -0.000104299
-0.694314 -0.000110273
-0.735002 -0.000116248
-0.77569 -0.000122223
-0.816377 -0.000128197
-0.857065 -0.000134172
-0.897753 -0.000140147
-0.93844 -0.000146121
-0.979128 -0.000152096
-1.01982 -0.00015807
-1.0605 -0.000164045
-1.10119 -0.00017002
-1.14188 -0.000175994
-1.18257 -0.000181969
-1.22325 -0.000187943
-1.26394 -0.000193918
-1.22323 -0.000187974
-1.18251 -0.00018203
-1.1418 -0.000176087
-1.10108 -0.000170143
-1.06037 -0.000164199
-1.01965 -0.000158255
-0.978937 -0.000152312
-0.938222 -0.000146368
-0.897508 -0.000140424
-0.856793 -0.00013448
-0.816078 -0.000128536
-0.775363 -0.000122593
-0.734648 -0.000116649
-0.693933 -0.000110705
-0.653218 -0.000104761
-0.612503 -9.88176e-05
-0.571788 -9.28738e-05
-0.531074 -8.693e-05
-0.490359 -8.09863e-05
-0.449644 -7.50425e-05
-0.408929 -6.90987e-05
-0.368214 -6.31549e-05
-0.327499 -5.72112e-05
-0.286784 -5.12674e-05
-0.246069 -4.53236e-05
-0.205355 -3.93798e-05
-0.16464 -3.3436e-05
-0.123925 -2.74923e-05
-0.0832099 -2.15485e-05
-0.042495 -1.56047e-05
0 -8.26817e-06
0 8.98527e-05
0 0.00018795
0 0.000286047
0 0.000384145
0 0.000482242
0 0.00058034
0 0.000678437
0 0.000776535
0 0.000874632
0 0.00097273
0 0.00107083
0 0.00116892
0 0.00126702
0 0.00136512
0 0.00146322
0 0.00156131
0 0.00165941
0 0.00175751
0 0.00185561
0 0.0019537
0 0.0020518
0 0.0021499
0 0.002248
0 0.00234609
0 0.00244419
0 0.00254229
0 0.00264039
0 0.00273848
0 0.00283658
0 0.00293468
0 0.00283655
0 0.00273843
0 0.0026403
0 0.00254217
0 0.00244405
0 0.00234592
0 0.00224779
0 0.00214967
0 0.00205154
0 0.00195342
0 0.00185529
0 0.00175716
0 0.00165904
0 0.00156091
0 0.00146278
0 0.00136466
0 0.00126653
0 0.0011684
0 0.00107028
0 0.000972151
0 0.000874025
0 0.000775899
0 0.000677772
0 0.000579646
0 0.000481519
0 0.000383393
0 0.000285267
0 0.00018714
0 8.90137e-05
-0.000734075 -8.42749e-06
-0.0433121 -1.46797e-05
-0.0839998 -2.06543e-05
-0.124687 -2.66289e-05
-0.165375 -3.26035e-05
-0.206063 -3.85781e-05
-0.24675 -4.45528e-05
-0.287438 -5.05274e-05
-0.328126 -5.6502e-05
-0.368813 -6.24766e-05
-0.409501 -6.84512e-05
-0.450189 -7.44258e-05
-0.490876 -8.04004e-05
-0.531564 -8.6375e-05
-0.572251 -9.23496e-05
-0.612939 -9.83243e-05
-0.653627 -0.000104299
-0.694314 -0.000110273
-0.735002 -0.000116248
-0.77569 -0.000122223
-0.816377 -0.000128197
-0.857065 -0.000134172
-0.897753 -0.000140147
-0.93844 -0.000146121
-0.979128 -0.000152096
-1.01982 -0.00015807
-1.0605 -0.000164045
-1.10119 -0.00017002
-1.14188 -0.000175994
-1.18257 -0.000181969
-1.22325 -0.000187943
-1.18254 -0.000182
-1.14182 -0.000176056
-1.10111 -0.000170112
-1.06039 -0.000164168
-1.01968 -0.000158225
-0.978965 -0.000152281
-0.93825 -0.000146337
-0.897535 -0.000140393
-0.85682 -0.000134449
-0.816105 -0.000128506
-0.77539 -0.000122562
-0.734675 -0.000116618
-0.69396 -0.000110674
-0.653245 -0.000104731
-0.612531 -9.87868e-05
-0.571816 -9.2843e-05
-0.531101 -8.68992e-05
-0.490386 -8.09554e-05
-0.449671 -7.50117e-05
-0.408956 -6.90679e-05
-0.368241 -6.31241e-05
-0.327526 -5.71803e-05
-0.286812 -5.12365e-05
-0.246097 -4.52928e-05
-0.205382 -3.9349e-05
-0.164667 -3.34052e-05
-0.123952 -2.74614e-05
-0.0832371 -2.15176e-05
-0.0425222 -1.55739e-05
0 -8.26817e-06
0 8.98527e-05
0 0.00018795
0 0.000286047
0 0.000384145
0 0.000482242
0 0.00058034
0 0.000678437
0 0.000776535
0 0.000874632
0 0.00097273
0 0.00107083
0 0.00116892
0 0.00126702
0 0.00136512
0 0.00146322
0 0.00156131
0 0.00165941
0 0.00175751
0 0.00185561
0 0.0019537
0 0.0020518
0 0.0021499
0 0.002248
0 0.00234609
0 0.00244419
0 0.00254229
0 0.00264039
0 0.00273848
0 0.00283658
0 0.00293468
0 0.00303226
0 0.00312982
0 0.00322735
0 0.00332742
0 0.00343141
0 0.0035354
0 0.00363939
0 0.00374338
0 0.00384737
0 0.00395136
0 0.00385324
0 0.00375511
0 0.00365698
0 0.00355886
0 0.00346073
0 0.0033626
0 0.00326448
0 0.00316635
0 0.00306823
0 0.0029701
0 0.00287197
0 0.00277385
0 0.00267572
0 0.00257759
0 0.00247947
0 0.00238134
0 0.00228321
0 0.00218509
0 0.00208696
0 0.00198884
0 0.00189071
0 0.00179258
0 0.00169446
0 0.00159633
0 0.0014982
0 0.00140008
0 0.00130195
0 0.00120382
0 0.0011057
0 0.00100757
0 0.000909444
0 0.000811318
0 0.000713192
0 0.000629187
0 0.000577152
0 0.000525117
0 0.000473082
0 0.000421047
0 0.000369012
0 0.000316977
0 0.000264942
0 0.000212907
0 0.000160871
0 0.000108836
0 5.68012e-05
0 4.76615e-06
-0.0304555 -1.27918e-05
-0.0711431 -1.87664e-05
-0.111831 -2.4741e-05
-0.152518 -3.07156e-05
-0.193206 -3.66903e-05
-0.233894 -4.26649e-05
-0.274581 -4.86395e-05
-0.315269 -5.46141e-05
-0.355957 -6.05887e-05
-0.396644 -6.65633e-05
-0.437332 -7.25379e-05
-0.47802 -7.85125e-05
-0.518707 -8.44872e-05
-0.559395 -9.04618e-05
-0.600082 -9.64364e-05
-0.64077 -0.000102411
-0.681458 -0.000108386
-0.722145 -0.00011436
-0.762833 -0.000120335
-0.803521 -0.000126309
-0.844208 -0.000132284
-0.884896 -0.000138259
-0.925584 -0.000144233
-0.966271 -0.000150208
-1.00696 -0.000156182
-1.04765 -0.000162157
-1.08833 -0.000168132
-1.09713 -0.000169424
-1.09763 -0.000169496
-1.09812 -0.000169569
-1.09861 -0.000169641
-1.09911 -0.000169713
-1.0996 -0.000169786
-1.10009 -0.000169858
-1.05938 -0.000163915
-1.01866 -0.000157971
-0.977948 -0.000152027
-0.937233 -0.000146083
-0.896518 -0.000140139
-0.855803 -0.000134196
-0.815088 -0.000128252
-0.774373 -0.000122308
-0.733659 -0.000116364
-0.692944 -0.000110421
-0.652229 -0.000104477
-0.611514 -9.8533e-05
-0.570799 -9.25892e-05
-0.530084 -8.66454e-05
-0.489369 -8.07016e-05
-0.448654 -7.47579e-05
-0.407939 -6.88141e-05
-0.367225 -6.28703e-05
-0.32651 -5.69265e-05
-0.285795 -5.09827e-05
-0.24508 -4.5039e-05
-0.204365 -3.90952e-05
-0.16365 -3.31514e-05
-0.122935 -2.72076e-05
-0.0822204 -2.12639e-05
-0.0415055 -1.53201e-05
-0.00136888 -8.72171e-06
0 4.17638e-05
0 9.37989e-05
0 0.000145834
0 0.000197869
0 0.000249904
0 0.000301939
0 0.000353974
0 0.000406009
0 0.000458045
0 0.00051008
0 0.000562115
0 0.00061415
0 0.000666185
0 0.00071822
0 0.000770255
0 0.00082229
0 0.000874325
0 0.00092636
0 0.000978396
0 0.00103043
0 0.00108247
0 0.0011345
0 0.00118654
0 0.00123857
0 0.00129061
0 0.00134306
0 0.00144115
0 0.00153924
0 0.00163733
0 0.00173542
0 0.00183351
0 0.0019316
0 0.00202969
0 0.00212778
0 0.00222587
0 0.00232396
0 0.00242205
0 0.00252014
0 0.00261823
0 0.00271632
0 0.00281441
0 0.0029125
0 0.00301059
0 0.00310868
0 0.00320677
0 0.00330486
0 0.00340296
0 0.00350105
0 0.00359914
0 0.00369723
0 0.00379532
0 0.00389341
0 0.00399391
0 0.00389579
0 0.00379766
0 0.00369953
0 0.00360141
0 0.00350328
0 0.00340515
0 0.00330703
0 0.0032089
0 0.00311078
0 0.00301265
0 0.00291452
0 0.0028164
0 0.00271827
0 0.00262014
0 0.00252202
0 0.00242389
0 0.00232576
0 0.00222764
0 0.00212951
0 0.00203138
0 0.00193326
0 0.00183513
0 0.00173701
0 0.00163888
0 0.00154075
0 0.00144263
0 0.00136367
0 0.00131164
0 0.0012596
0 0.00120757
0 0.00115553
0 0.0011035
0 0.00105146
0 0.000999427
0 0.000947392
0 0.000895357
0 0.000843322
0 0.000791287
0 0.000739251
0 0.000687216
0 0.000635181
0 0.000583146
0 0.000531111
0 0.000479076
0 0.000427041
0 0.000375006
0 0.000322971
0 0.000270936
0 0.0002189
0 0.000166865
0 0.00011483
0 6.27952e-05
0 1.07601e-05
-0.0257687 -1.21036e-05
-0.0664563 -1.80782e-05
-0.107144 -2.40528e-05
-0.147832 -3.00274e-05
-0.188519 -3.6002e-05
-0.229207 -4.19767e-05
-0.269895 -4.79513e-05
-0.310582 -5.39259e-05
-0.35127 -5.99005e-05
-0.391957 -6.58751e-05
-0.432645 -7.18497e-05
-0.473333 -7.78243e-05
-0.51402 -8.37989e-05
-0.554708 -8.97735e-05
-0.595396 -9.57482e-05
-0.636083 -0.000101723
-0.676771 -0.000107697
-0.717459 -0.000113672
-0.758146 -0.000119647
-0.798834 -0.000125621
-0.839522 -0.000131596
-0.880209 -0.00013757
-0.920897 -0.000143545
-0.961584 -0.00014952
-1.00227 -0.000155494
-1.04296 -0.000161469
-1.08266 -0.000167298
-1.04194 -0.000161354
-1.00123 -0.000155411
-0.960513 -0.000149467
-0.919798 -0.000143523
-0.879084 -0.000137579
-0.838369 -0.000131636
-0.797654 -0.000125692
-0.756939 -0.000119748
-0.716224 -0.000113804
-0.675509 -0.00010786
-0.634794 -0.000101917
-0.594079 -9.59729e-05
-0.553364 -9.00291e-05
-0.51265 -8.40853e-05
-0.471935 -7.81415e-05
-0.43122 -7.21978e-05
-0.390505 -6.6254e-05
-0.34979 -6.03102e-05
-0.309075 -5.43664e-05
-0.26836 -4.84226e-05
-0.227645 -4.24789e-05
-0.186931 -3.65351e-05
-0.146216 -3.05913e-05
-0.105501 -2.46475e-05
-0.0647859 -1.87038e-05
-0.024071 -1.276e-05
0 1.20255e-05
0 6.40606e-05
0 0.000116096
0 0.000168131
0 0.000220166
0 0.000272201
0 0.000324236
0 0.000376271
0 0.000428306
0 0.000480341
0 0.000532376
0 0.000584412
0 0.000636447
0 0.000688482
0 0.000740517
0 0.000792552
0 0.000844587
0 0.000896622
0 0.000948657
0 0.00100069
0 0.00105273
0 0.00110476
0 0.0011568
0 0.00120883
0 0.00126087
0 0.0013129
0 0.00136494
0 0.00144372
0 0.00154181
0 0.0016399
0 0.00173799
0 0.00183608
0 0.00193417
0 0.00203226
0 0.00213035
0 0.00222844
0 0.00232653
0 0.00242462
0 0.00252271
0 0.0026208
0 0.00271889
0 0.00281698
0 0.00291507
0 0.00301316
0 0.00311125
0 0.00320934
0 0.00330743
0 0.00340552
0 0.00350361
0 0.0036017
0 0.00369979
0 0.00379788
0 0.00389597
0 0.00399407
0 0.00389594
0 0.00379781
0 0.00369969
0 0.00360156
0 0.00350343
0 0.00340531
0 0.00330718
0 0.00320906
0 0.00311093
0 0.0030128
0 0.00291468
0 0.00281655
0 0.00271842
0 0.0026203
0 0.00252217
0 0.00242404
0 0.00232592
0 0.00222779
0 0.00212967
0 0.00203154
0 0.00193341
0 0.00183529
0 0.00173716
0 0.00163903
0 0.00154091
0 0.00144278
0 0.00136501
0 0.00131298
0 0.00126094
0 0.00120891
0 0.00115687
0 0.00110484
0 0.0010528
0 0.00100077
0 0.000948733
0 0.000896698
0 0.000844663
0 0.000792628
0 0.000740593
0 0.000688558
0 0.000636523
0 0.000584488
0 0.000532453
0 0.000480418
0 0.000428382
0 0.000376347
0 0.000324312
0 0.000272277
0 0.000220242
0 0.000168207
0 0.000116172
0 6.41368e-05
0 1.21017e-05
-0.0247196 -1.19495e-05
-0.0654073 -1.79242e-05
-0.106095 -2.38988e-05
-0.146783 -2.98734e-05
-0.18747 -3.5848e-05
-0.228158 -4.18226e-05
-0.268845 -4.77972e-05
-0.309533 -5.37718e-05
-0.350221 -5.97464e-05
-0.390908 -6.57211e-05
-0.431596 -7.16957e-05
-0.472284 -7.76703e-05
-0.512971 -8.36449e-05
-0.553659 -8.96195e-05
-0.594347 -9.55941e-05
-0.635034 -0.000101569
-0.675722 -0.000107543
-0.71641 -0.000113518
-0.757097 -0.000119493
-0.797785 -0.000125467
-0.838472 -0.000131442
-0.87916 -0.000137416
-0.919848 -0.000143391
-0.960535 -0.000149366
-1.00122 -0.00015534
-1.04191 -0.000161315
-1.08259 -0.000167289
-1.04188 -0.000161345
-1.00117 -0.000155401
-0.96045 -0.000149458
-0.919735 -0.000143514
-0.87902 -0.00013757
-0.838305 -0.000131626
-0.797591 -0.000125682
-0.756876 -0.000119739
-0.716161 -0.000113795
-0.675446 -0.000107851
-0.634731 -0.000101907
-0.594016 -9.59636e-05
-0.553301 -9.00198e-05
-0.512586 -8.4076e-05
-0.471872 -7.81323e-05
-0.431157 -7.21885e-05
-0.390442 -6.62447e-05
-0.349727 -6.03009e-05
-0.309012 -5.43571e-05
-0.268297 -4.84134e-05
-0.227582 -4.24696e-05
-0.186867 -3.65258e-05
-0.146153 -3.0582e-05
-0.105438 -2.46383e-05
-0.0647227 -1.86945e-05
-0.0240079 -1.27507e-05
0 1.21063e-05
0 6.41414e-05
0 0.000116176
0 0.000168212
0 0.000220247
0 0.000272282
0 0.000324317
0 0.000376352
0 0.000428387
0 0.000480422
0 0.000532457
0 0.000584492
0 0.000636527
0 0.000688563
0 0.000740598
0 0.000792633
0 0.000844668
0 0.000896703
0 0.000948738
0 0.00100077
0 0.00105281
0 0.00110484
0 0.00115688
0 0.00120891
0 0.00126095
0 0.00131298
0 0.00136502
0 0.00144372
0 0.00154181
0 0.0016399
0 0.00173799
0 0.00183608
0 0.00193417
0 0.00203227
0 0.00213036
0 0.00222845
0 0.00232654
0 0.00242463
0 0.00252272
0 0.00262081
0 0.0027189
0 0.00281699
0 0.00291508
0 0.00301317
0 0.00311126
0 0.00320935
0 0.00330744
0 0.00340553
0 0.00350362
0 0.00360171
0 0.0036998
0 0.00379789
0 0.00389598
0 0.00399407
0 0.00409807
0 0.00420206
0 0.00430606
0 0.00441006
0 0.00451406
0 0.00461805
0 0.00472205
0 0.00482605
0 0.00493005
0 0.00503404
0 0.00513804
0 0.00524204
0 0.00534604
0 0.00545004
0 0.00555403
0 0.00565803
0 0.00576203
0 0.00586603
0 0.00597002
0 0.00607402
0 0.0059759
0 0.00587777
0 0.00577964
0 0.00568152
0 0.00558339
0 0.00548526
0 0.00538714
0 0.00528901
0 0.00519088
0 0.00509276
0 0.00499463
0 0.0048965
0 0.00479838
0 0.00470025
0 0.00460213
0 0.004504
0 0.00440587
0 0.00430775
0 0.00420962
0 0.00411149
0 0.00401337
0 0.00391524
0 0.00381711
0 0.00371899
0 0.00362086
0 0.00352273
0 0.00343381
0 0.00338177
0 0.00332974
0 0.0032777
0 0.00322567
0 0.00317363
0 0.0031216
0 0.00306956
0 0.00301752
0 0.00296549
0 0.00291345
0 0.00286142
0 0.00280938
0 0.00275735
0 0.00270531
0 0.00265328
0 0.00260124
0 0.00254921
0 0.00249717
0 0.00244514
0 0.0023931
0 0.00234107
0 0.00228903
0 0.002237
0 0.00218496
0 0.00213293
0 0.00208089
0 0.00202886
0 0.00197682
0 0.00192479
0 0.00187275
0 0.00182072
0 0.00176868
0 0.00171665
0 0.00166461
0 0.00161258
0 0.00156054
0 0.00150851
0 0.00145647
0 0.00140444
0 0.0013524
0 0.00130037
0 0.00124833
0 0.0011963
0 0.00114426
0 0.00109223
0 0.00104019
0 0.000988156
0 0.000936121
0 0.000884086
0 0.000832051
0 0.000780016
0 0.000727981
0 0.000675945
0 0.00062391
0 0.000571875
0 0.000495284
0 0.000414252
0 0.000333219
0 0.000252187
0 0.000171155
0 9.01222e-05
0 9.08973e-06
-0.0333149 -1.32117e-05
-0.075746 -1.94423e-05
-0.118177 -2.56729e-05
-0.160608 -3.19035e-05
-0.203039 -3.81341e-05
-0.24547 -4.43648e-05
-0.287901 -5.05954e-05
-0.330332 -5.6826e-05
-0.372763 -6.30566e-05
-0.415194 -6.92872e-05
-0.41831 -6.97447e-05
-0.418826 -6.98204e-05
-0.419341 -6.98962e-05
-0.419857 -6.99719e-05
-0.420373 -7.00476e-05
-0.420888 -7.01234e-05
-0.421404 -7.01991e-05
-0.42192 -7.02748e-05
-0.422436 -7.03505e-05
-0.422951 -7.04263e-05
-0.423467 -7.0502e-05
-0.423983 -7.05777e-05
-0.424499 -7.06535e-05
-0.425014 -7.07292e-05
-0.42553 -7.08049e-05
-0.426046 -7.08807e-05
-0.426562 -7.09564e-05
-0.427077 -7.10321e-05
-0.427593 -7.11079e-05
-0.428109 -7.11836e-05
-0.428624 -7.12593e-05
-0.38791 -6.53155e-05
-0.347195 -5.93718e-05
-0.30648 -5.3428e-05
-0.265765 -4.74842e-05
-0.22505 -4.15404e-05
-0.184335 -3.55966e-05
-0.14362 -2.96529e-05
-0.102905 -2.37091e-05
-0.0621905 -1.77653e-05
-0.0214756 -1.18215e-05
0 1.59021e-05
0 6.79372e-05
0 0.000119972
0 0.000172007
0 0.000224042
0 0.000276078
0 0.000328113
0 0.000380148
0 0.000432183
0 0.000484218
0 0.000536253
0 0.000588288
0 0.000640323
0 0.000692358
0 0.000744393
0 0.000796429
0 0.000848464
0 0.000900499
0 0.000952534
0 0.00100457
0 0.0010566
0 0.00110864
0 0.00116067
0 0.00121271
0 0.00126474
0 0.00131678
0 0.00136881
0 0.00142085
0 0.00147288
0 0.00152492
0 0.00157696
0 0.00162899
0 0.00168103
0 0.00173306
0 0.0017851
0 0.00183713
0 0.00188917
0 0.0019412
0 0.00199324
0 0.00204527
0 0.00209731
0 0.00214934
0 0.00220138
0 0.00225341
0 0.00230545
0 0.00235748
0 0.00240952
0 0.00246155
0 0.00251359
0 0.00256562
0 0.00261766
0 0.00266969
0 0.00272173
0 0.00277376
0 0.0028258
0 0.00287783
0 0.00292987
0 0.0029819
0 0.00303394
0 0.00308597
0 0.00313801
0 0.00319004
0 0.00324208
0 0.00329411
0 0.00334615
0 0.00339818
0 0.00345022
0 0.00350225
0 0.00355429
0 0.00360632
0 0.00365836
0 0.00371039
0 0.00376243
0 0.00381446
0 0.0038665
0 0.00391853
0 0.00397057
0 0.0040226
0 0.00407464
0 0.00412667
0 0.00417871
0 0.00423075
0 0.00428278
0 0.00433482
0 0.00438685
0 0.00443889
0 0.00446997
0 0.00449275
0 0.00451552
0 0.0045383
0 0.00456107
0 0.00458385
0 0.00460662
0 0.0046294
0 0.00467174
0 0.00476957
0 0.0048674
0 0.00496523
0 0.00506307
0 0.0051609
0 0.00525873
0 0.00535969
0 0.00546094
0 0.00556219
0 0.00566344
0 0.0057647
0 0.00586595
0 0.0059672
0 0.00606845
0 0.00617229
0 0.00607416
0 0.00597604
0 0.00587791
0 0.00577978
0 0.00568166
0 0.00558353
0 0.00548541
0 0.00538728
0 0.00528915
0 0.00519103
0 0.00512144
0 0.00506941
0 0.00501737
0 0.00496534
0 0.0049133
0 0.00486127
0 0.00480923
0 0.0047572
0 0.00470516
0 0.00465313
0 0.00460109
0 0.00454906
0 0.00449702
0 0.00444499
0 0.00439295
0 0.00434092
0 0.00428888
0 0.00423685
0 0.00418481
0 0.00413278
0 0.00408074
0 0.00402871
0 0.00397667
0 0.00392464
0 0.0038726
0 0.00382057
0 0.00376853
0 0.0037165
0 0.00366446
0 0.00361243
0 0.00356039
0 0.00350836
0 0.00345632
0 0.00340429
0 0.00335225
0 0.00330022
0 0.00324818
0 0.00319615
0 0.00314411
0 0.00309208
0 0.00304004
0 0.00298801
0 0.00293597
0 0.00288393
0 0.0028319
0 0.00277986
0 0.00272783
0 0.00267579
0 0.00262376
0 0.00257172
0 0.00251969
0 0.00246765
0 0.00241562
0 0.00236358
0 0.00231155
0 0.00225951
0 0.00220748
0 0.00215544
0 0.00210341
0 0.00205137
0 0.00199934
0 0.0019473
0 0.00189527
0 0.00184323
0 0.0017912
0 0.00173916
0 0.00168713
0 0.00163509
0 0.00158306
0 0.00153102
0 0.00147899
0 0.00142695
0 0.00137492
0 0.00132288
0 0.00127085
0 0.00121881
0 0.00116678
0 0.00111474
0 0.00106271
0 0.00101067
0 0.000958636
0 0.000906601
0 0.000854566
0 0.000802531
0 0.000750496
0 0.000698461
0 0.000629335
0 0.000548041
0 0.000466748
0 0.000385455
0 0.000304161
0 0.000222868
0 0.000141575
0 6.02817e-05
-0.00662614 -9.29269e-06
-0.0490677 -1.55248e-05
-0.0915092 -2.1757e-05
-0.133951 -2.79891e-05
-0.176392 -3.42213e-05
-0.218834 -4.04534e-05
-0.253605 -4.55592e-05
-0.27243 -4.83235e-05
-0.291255 -5.10878e-05
-0.31008 -5.38521e-05
-0.328905 -5.66164e-05
-0.34773 -5.93807e-05
-0.366555 -6.2145e-05
-0.38538 -6.49093e-05
-0.404205 -6.76735e-05
-0.422882 -7.0416e-05
-0.382167 -6.44722e-05
-0.341452 -5.85285e-05
-0.300737 -5.25847e-05
-0.260022 -4.66409e-05
-0.219307 -4.06971e-05
-0.178592 -3.47534e-05
-0.137877 -2.88096e-05
-0.0971625 -2.28658e-05
-0.0564476 -1.6922e-05
-0.0157328 -1.09782e-05
0 2.32466e-05
0 7.52817e-05
0 0.000127317
0 0.000179352
0 0.000231387
0 0.000283422
0 0.000335457
0 0.000387492
0 0.000439527
0 0.000491562
0 0.000543598
0 0.000595633
0 0.000647668
0 0.000699703
0 0.000751738
0 0.000803773
0 0.000855808
0 0.000907843
0 0.000959878
0 0.00101191
0 0.00106395
0 0.00111598
0 0.00116802
0 0.00122005
0 0.00127209
0 0.00132412
0 0.00137616
0 0.00142819
0 0.00148023
0 0.00153226
0 0.0015843
0 0.00163633
0 0.00168837
0 0.0017404
0 0.00179244
0 0.00184448
0 0.00189651
0 0.00194855
0 0.00200058
0 0.00205262
0 0.00210465
0 0.00215669
0 0.00220872
0 0.00226076
0 0.00231279
0 0.00236483
0 0.00241686
0 0.0024689
0 0.00252093
0 0.00257297
0 0.002625
0 0.00267704
0 0.00272907
0 0.00278111
0 0.00283314
0 0.00288518
0 0.00293721
0 0.00298925
0 0.00304128
0 0.00309332
0 0.00314535
0 0.00319739
0 0.00324942
0 0.00330146
0 0.00335349
0 0.00340553
0 0.00345756
0 0.0035096
0 0.00356163
0 0.00361367
0 0.0036657
0 0.00371774
0 0.00376977
0 0.00382181
0 0.00387384
0 0.00392588
0 0.00397791
0 0.00402995
0 0.00408198
0 0.00413402
0 0.00418605
0 0.00423809
0 0.00429012
0 0.00434216
0 0.00439419
0 0.00444623
0 0.0044809
0 0.00450367
0 0.00452645
0 0.00454922
0 0.00457199
0 0.00459476
0 0.00461754
0 0.00464031
0 0.00467257
0 0.00477041
0 0.00486824
0 0.00496607
0 0.0050639
0 0.00516174
0 0.00526058
0 0.00536188
0 0.00546318
0 0.00556448
0 0.00566579
0 0.00576709
0 0.00586839
0 0.00596969
0 0.006071
0 0.0061723
0 0.00607417
0 0.00597604
0 0.00587792
0 0.00577979
0 0.00568167
0 0.00558354
0 0.00548541
0 0.00538729
0 0.00528916
0 0.00519103
0 0.00512151
0 0.00506947
0 0.00501744
0 0.0049654
0 0.00491337
0 0.00486133
0 0.0048093
0 0.00475726
0 0.00470523
0 0.00465319
0 0.00460116
0 0.00454912
0 0.00449709
0 0.00444505
0 0.00439301
0 0.00434098
0 0.00428894
0 0.00423691
0 0.00418487
0 0.00413284
0 0.0040808
0 0.00402877
0 0.00397673
0 0.0039247
0 0.00387266
0 0.00382063
0 0.00376859
0 0.00371656
0 0.00366452
0 0.00361249
0 0.00356045
0 0.00350842
0 0.00345638
0 0.00340435
0 0.00335231
0 0.00330028
0 0.00324824
0 0.00319621
0 0.00314417
0 0.00309214
0 0.0030401
0 0.00298807
0 0.00293603
0 0.002884
0 0.00283196
0 0.00277993
0 0.00272789
0 0.00267586
0 0.00262382
0 0.00257179
0 0.00251975
0 0.00246772
0 0.00241568
0 0.00236365
0 0.00231161
0 0.00225958
0 0.00220754
0 0.00215551
0 0.00210347
0 0.00205144
0 0.0019994
0 0.00194737
0 0.00189533
0 0.0018433
0 0.00179126
0 0.00173922
0 0.00168719
0 0.00163515
0 0.00158312
0 0.00153108
0 0.00147905
0 0.00142701
0 0.00137498
0 0.00132294
0 0.00127091
0 0.00121887
0 0.00116684
0 0.0011148
0 0.00106277
0 0.00101073
0 0.000958698
0 0.000906663
0 0.000854628
0 0.000802593
0 0.000750558
0 0.000698523
0 0.000629427
0 0.000548134
0 0.00046684
0 0.000385547
0 0.000304254
0 0.000222961
0 0.000141667
0 6.0374e-05
-0.00657799 -9.28561e-06
-0.0490195 -1.55178e-05
-0.091461 -2.17499e-05
-0.133903 -2.79821e-05
-0.176344 -3.42142e-05
-0.218786 -4.04464e-05
-0.253482 -4.55413e-05
-0.272304 -4.83051e-05
-0.291127 -5.1069e-05
-0.309949 -5.38328e-05
-0.328771 -5.65967e-05
-0.347593 -5.93606e-05
-0.366415 -6.21244e-05
-0.385237 -6.48883e-05
-0.404059 -6.76521e-05
-0.422881 -7.0416e-05
-0.382166 -6.44722e-05
-0.341451 -5.85284e-05
-0.300737 -5.25846e-05
-0.260022 -4.66409e-05
-0.219307 -4.06971e-05
-0.178592 -3.47533e-05
-0.137877 -2.88095e-05
-0.0971621 -2.28657e-05
-0.0564472 -1.6922e-05
-0.0157323 -1.09782e-05
0 2.32471e-05
0 7.52822e-05
0 0.000127317
0 0.000179352
0 0.000231387
0 0.000283423
0 0.000335458
0 0.000387493
0 0.000439528
0 0.000491563
0 0.000543598
0 0.000595633
0 0.000647668
0 0.000699703
0 0.000751738
0 0.000803774
0 0.000855809
0 0.000907844
0 0.000959879
0 0.00101191
0 0.00106395
0 0.00111598
0 0.00116802
0 0.00122005
0 0.00127209
0 0.00132412
0 0.00137616
0 0.00142819
0 0.00148023
0 0.00153226
0 0.0015843
0 0.00163634
0 0.00168837
0 0.00174041
0 0.00179244
0 0.00184448
0 0.00189651
0 0.00194855
0 0.00200058
0 0.00205262
0 0.00210465
0 0.00215669
0 0.00220872
0 0.00226076
0 0.00231279
0 0.00236483
0 0.00241686
0 0.0024689
0 0.00252093
0 0.00257297
0 0.002625
0 0.00267704
0 0.00272907
0 0.00278111
0 0.00283314
0 0.00288518
0 0.00293721
0 0.00298925
0 0.00304128
0 0.00309332
0 0.00314535
0 0.00319739
0 0.00324942
0 0.00330146
0 0.00335349
0 0.00340553
0 0.00345756
0 0.0035096
0 0.00356163
0 0.00361367
0 0.0036657
0 0.00371774
0 0.00376977
0 0.00382181
0 0.00387384
0 0.00392588
0 0.00397791
0 0.00402995
0 0.00408198
0 0.00413402
0 0.00418606
0 0.00423809
0 0.00429013
0 0.00434216
0 0.0043942
0 0.00444623
0 0.0044809
0 0.00450367
0 0.00452645
0 0.00454922
0 0.00457199
0 0.00459477
0 0.00461754
0 0.00464031
0 0.00467257
0 0.00477041
0 0.00486824
0 0.00496607
0 0.0050639
0 0.00516174
0 0.00526058
0 0.00536188
0 0.00546318
0 0.00556448
0 0.00566579
0 0.00576709
0 0.00586839
0 0.00596969
0 0.006071
0 0.0061723
0 0.00627629
0 0.00638029
0 0.00648428
0 0.00658827
0 0.00669227
0 0.00679626
0 0.00690026
0 0.00700425
0 0.00710825
0 0.00721224
0 0.00731624
0 0.00742023
0 0.00752422
0 0.00762822
0 0.00773221
0 0.00783621
0 0.0079402
0 0.0080442
0 0.00814819
0 0.00825218
0 0.00835618
0 0.00825805
0 0.00815993
0 0.0080618
0 0.00796367
0 0.00786555
0 0.00776742
0 0.00766929
0 0.00757117
0 0.00747304
0 0.00737491
0 0.00729312
0 0.00724109
0 0.00718905
0 0.00713702
0 0.00708498
0 0.00703295
0 0.00698091
0 0.00692888
0 0.00687684
0 0.00682481
0 0.00677277
0 0.00672074
0 0.0066687
0 0.00661667
0 0.00656463
0 0.0065126
0 0.00646056
0 0.00640853
0 0.00635649
0 0.00630446
0 0.00625242
0 0.00620039
0 0.00614835
0 0.00609632
0 0.00604428
0 0.00599225
0 0.00594021
0 0.00588818
0 0.00583614
0 0.00578411
0 0.00573207
0 0.00568004
0 0.005628
0 0.00557597
0 0.00552393
0 0.0054719
0 0.00541986
0 0.00536783
0 0.00531579
0 0.00526376
0 0.00521172
0 0.00515969
0 0.00510765
0 0.00505562
0 0.00500333
0 0.00494972
0 0.00489611
0 0.0048425
0 0.00478889
0 0.00473527
0 0.00468166
0 0.00462805
0 0.00457444
0 0.00452083
0 0.00446722
0 0.00441361
0 0.00435999
0 0.00430638
0 0.00425277
0 0.00419916
0 0.00414555
0 0.00409194
0 0.00403832
0 0.00398471
0 0.0039311
0 0.00387749
0 0.00382388
0 0.00377027
0 0.00371665
0 0.00366304
0 0.00360943
0 0.00355582
0 0.00350221
0 0.0034486
0 0.00339499
0 0.00334137
0 0.00328776
0 0.00323415
0 0.00318054
0 0.00312693
0 0.00307332
0 0.0030197
0 0.00296609
0 0.00290996
0 0.00282409
0 0.00273822
0 0.00265235
0 0.00256648
0 0.0024806
0 0.00239473
0 0.00230886
0 0.00222299
0 0.00213712
0 0.00205124
0 0.00196537
0 0.0018795
0 0.00179363
0 0.00170776
0 0.00162188
0 0.00153601
0 0.00145014
0 0.00136427
0 0.0012784
0 0.00119252
0 0.00110665
0 0.00102078
0 0.000934908
0 0.000849036
0 0.000763164
0 0.000677292
0 0.00059142
0 0.000505548
0 0.000419676
0 0.000333804
0 0.000247932
0 0.00016206
0 7.61884e-05
-0.000676834 -8.41908e-06
-0.0432925 -1.46768e-05
-0.0859083 -2.09345e-05
-0.128524 -2.71923e-05
-0.159711 -3.17718e-05
-0.178608 -3.45467e-05
-0.197506 -3.73216e-05
-0.216403 -4.00965e-05
-0.2353 -4.28714e-05
-0.254198 -4.56463e-05
-0.273095 -4.84212e-05
-0.291992 -5.11961e-05
-0.31089 -5.3971e-05
-0.327307 -5.63817e-05
-0.327825 -5.64578e-05
-0.328343 -5.65339e-05
-0.328861 -5.661e-05
-0.329379 -5.6686e-05
-0.329897 -5.67621e-05
-0.330415 -5.68382e-05
-0.330934 -5.69143e-05
-0.331452 -5.69904e-05
-0.33197 -5.70664e-05
-0.332488 -5.71425e-05
-0.333006 -5.72186e-05
-0.333524 -5.72947e-05
-0.334042 -5.73708e-05
-0.33456 -5.74469e-05
-0.335078 -5.75229e-05
-0.335597 -5.7599e-05
-0.336115 -5.76751e-05
-0.336633 -5.77512e-05
-0.337151 -5.78273e-05
-0.337669 -5.79033e-05
-0.338187 -5.79794e-05
-0.297472 -5.20356e-05
-0.256757 -4.60919e-05
-0.216043 -4.01481e-05
-0.175328 -3.42043e-05
-0.134613 -2.82605e-05
-0.0938979 -2.23167e-05
-0.053183 -1.6373e-05
-0.0124681 -1.04292e-05
0 2.74914e-05
0 7.95265e-05
0 0.000131562
0 0.000183597
0 0.000235632
0 0.000287667
0 0.000339702
0 0.000391737
0 0.000443772
0 0.000495807
0 0.000547842
0 0.000599877
0 0.000651913
0 0.000703948
0 0.000755983
0 0.000808018
0 0.000860053
0 0.000912088
0 0.000964123
0 0.00101616
0 0.00106819
0 0.00112023
0 0.00117226
0 0.0012243
0 0.00127633
0 0.00132837
0 0.0013804
0 0.00143244
0 0.00148447
0 0.00153651
0 0.00158854
0 0.00164058
0 0.00169261
0 0.00174465
0 0.00179668
0 0.00184872
0 0.00190075
0 0.00195279
0 0.00200483
0 0.00205686
0 0.0021089
0 0.00216093
0 0.00221297
0 0.002265
0 0.00231704
0 0.00236907
0 0.00242111
0 0.00247314
0 0.00252504
0 0.00257544
0 0.00262585
0 0.00267625
0 0.00272665
0 0.00277705
0 0.00282745
0 0.00287785
0 0.00292826
0 0.00297866
0 0.00302906
0 0.00307946
0 0.00312986
0 0.00318026
0 0.00323066
0 0.00328107
0 0.00333147
0 0.00338187
0 0.00343227
0 0.00348267
0 0.00353307
0 0.00358348
0 0.00363388
0 0.00368428
0 0.00373468
0 0.00378508
0 0.00383548
0 0.00388588
0 0.00393629
0 0.00398669
0 0.00403709
0 0.00408749
0 0.00413789
0 0.00418829
0 0.0042387
0 0.0042891
0 0.0043395
0 0.0043899
0 0.0044403
0 0.0044907
0 0.00451022
0 0.00452839
0 0.00454657
0 0.00456474
0 0.00458291
0 0.00460108
0 0.00461925
0 0.00463743
0 0.0046556
0 0.00467377
0 0.00469194
0 0.00471012
0 0.00472829
0 0.00474646
0 0.00476463
0 0.00478281
0 0.00480098
0 0.00481915
0 0.00484085
0 0.00488395
0 0.00492705
0 0.00497014
0 0.00501324
0 0.00505634
0 0.00509944
0 0.00514253
0 0.00518563
0 0.00522873
0 0.00527183
0 0.00531493
0 0.00535802
0 0.00540112
0 0.00544422
0 0.00548732
0 0.00553041
0 0.00557351
0 0.00561661
0 0.00565971
0 0.0057028
0 0.0057459
0 0.0058172
0 0.00591931
0 0.00602143
0 0.00612354
0 0.00622565
0 0.00632776
0 0.00642988
0 0.00653199
0 0.0066341
0 0.00673622
0 0.00683833
0 0.00694044
0 0.00704255
0 0.00714467
0 0.00724678
0 0.00734889
0 0.00745101
0 0.00755312
0 0.00765523
0 0.00775734
0 0.00785946
0 0.00796157
0 0.00806368
0 0.0081658
0 0.00826791
0 0.00837028
0 0.00827215
0 0.00817402
0 0.0080759
0 0.00797777
0 0.00787965
0 0.00778152
0 0.00768339
0 0.00758527
0 0.00751987
0 0.00746783
0 0.0074158
0 0.00736376
0 0.00731173
0 0.00725969
0 0.00720766
0 0.00715562
0 0.00710359
0 0.00705155
0 0.00699952
0 0.00694748
0 0.00689545
0 0.00684341
0 0.00679138
0 0.00673934
0 0.00668731
0 0.00663527
0 0.00658324
0 0.0065312
0 0.00647917
0 0.00642713
0 0.00637509
0 0.00632306
0 0.00627102
0 0.00621899
0 0.00616695
0 0.00611492
0 0.00606288
0 0.00601085
0 0.00595881
0 0.00590678
0 0.00585474
0 0.00580271
0 0.00575067
0 0.00569864
0 0.0056466
0 0.00559457
0 0.00554253
0 0.0054905
0 0.00543846
0 0.00538643
0 0.00533439
0 0.00528236
0 0.00523032
0 0.00517829
0 0.00512625
0 0.00507422
0 0.00502207
0 0.00496841
0 0.00491475
0 0.00486108
0 0.00480742
0 0.00475376
0 0.00470009
0 0.00464643
0 0.00459277
0 0.0045391
0 0.00448544
0 0.00443178
0 0.00437811
0 0.00432445
0 0.00427079
0 0.00421712
0 0.00416346
0 0.00410979
0 0.00405613
0 0.00400247
0 0.0039488
0 0.00389514
0 0.00384148
0 0.00378781
0 0.00373415
0 0.00368049
0 0.00362682
0 0.00357316
0 0.0035195
0 0.00346583
0 0.00341217
0 0.00335851
0 0.00330484
0 0.00325118
0 0.00319752
0 0.00314385
0 0.00309019
0 0.00303653
0 0.00298286
0 0.0029292
0 0.00284497
0 0.00275908
0 0.00267318
0 0.00258729
0 0.00250139
0 0.0024155
0 0.0023296
0 0.00224371
0 0.00215781
0 0.00207191
0 0.00198602
0 0.00190012
0 0.00181423
0 0.00172833
0 0.00164244
0 0.00155654
0 0.00147065
0 0.00138475
0 0.00130602
0 0.00124511
0 0.0011842
0 0.00112329
0 0.00106238
0 0.00100147
0 0.000940564
0 0.000879655
0 0.000818747
0 0.000757838
0 0.000696929
0 0.000636021
0 0.000575112
0 0.000514203
0 0.000453294
0 0.000392386
0 0.000331477
0 0.000270568
0 0.00020966
0 0.000148751
0 8.78423e-05
0 2.69336e-05
-0.0055959 -9.1414e-06
-0.0188812 -1.10922e-05
-0.0321665 -1.3043e-05
-0.0454517 -1.49939e-05
-0.058737 -1.69447e-05
-0.0720223 -1.88955e-05
-0.0853076 -2.08463e-05
-0.0985928 -2.27972e-05
-0.111878 -2.4748e-05
-0.125163 -2.66988e-05
-0.138449 -2.86496e-05
-0.151734 -3.06005e-05
-0.165019 -3.25513e-05
-0.178305 -3.45021e-05
-0.19159 -3.64529e-05
-0.204875 -3.84037e-05
-0.21816 -4.03546e-05
-0.231446 -4.23054e-05
-0.244731 -4.42562e-05
-0.258016 -4.6207e-05
-0.271301 -4.81579e-05
-0.284587 -5.01087e-05
-0.297872 -5.20595e-05
-0.311157 -5.40103e-05
-0.324443 -5.59611e-05
-0.337719 -5.79107e-05
-0.297005 -5.1967e-05
-0.25629 -4.60232e-05
-0.215575 -4.00794e-05
-0.17486 -3.41356e-05
-0.134145 -2.81918e-05
-0.0934301 -2.22481e-05
-0.0527152 -1.63043e-05
-0.0120004 -1.03605e-05
0 2.80896e-05
0 8.01247e-05
0 0.00013216
0 0.000184195
0 0.00023623
0 0.000288265
0 0.0003403
0 0.000392335
0 0.00044437
0 0.000496405
0 0.000548441
0 0.000600476
0 0.000652511
0 0.000704546
0 0.000756581
0 0.000808616
0 0.000860651
0 0.000912686
0 0.000964721
0 0.00101676
0 0.00106879
0 0.00112083
0 0.00117286
0 0.0012249
0 0.00127693
0 0.00132897
0 0.001381
0 0.00143304
0 0.00148507
0 0.00153711
0 0.00158914
0 0.00164118
0 0.00169321
0 0.00174525
0 0.00179728
0 0.00184932
0 0.00190135
0 0.00195339
0 0.00200542
0 0.00205746
0 0.00210949
0 0.00216153
0 0.00221356
0 0.0022656
0 0.00231763
0 0.00236967
0 0.0024217
0 0.00247374
0 0.00252566
0 0.00257606
0 0.00262646
0 0.00267686
0 0.00272726
0 0.00277766
0 0.00282807
0 0.00287847
0 0.00292887
0 0.00297927
0 0.00302967
0 0.00308007
0 0.00313047
0 0.00318087
0 0.00323128
0 0.00328168
0 0.00333208
0 0.00338248
0 0.00343288
0 0.00348328
0 0.00353368
0 0.00358409
0 0.00363449
0 0.00368489
0 0.00373529
0 0.00378569
0 0.00383609
0 0.00388649
0 0.00393689
0 0.0039873
0 0.0040377
0 0.0040881
0 0.0041385
0 0.0041889
0 0.0042393
0 0.0042897
0 0.0043401
0 0.00439051
0 0.00444091
0 0.00449131
0 0.00451116
0 0.00452933
0 0.00454751
0 0.00456568
0 0.00458385
0 0.00460202
0 0.00462019
0 0.00463837
0 0.00465654
0 0.00467471
0 0.00469288
0 0.00471105
0 0.00472923
0 0.0047474
0 0.00476557
0 0.00478374
0 0.00480192
0 0.00482009
0 0.00484471
0 0.00488786
0 0.00493101
0 0.00497416
0 0.0050173
0 0.00506045
0 0.0051036
0 0.00514675
0 0.00518989
0 0.00523304
0 0.00527619
0 0.00531934
0 0.00536248
0 0.00540563
0 0.00544878
0 0.00549193
0 0.00553507
0 0.00557822
0 0.00562137
0 0.00566452
0 0.00570766
0 0.00575081
0 0.00581736
0 0.00591948
0 0.00602159
0 0.00612371
0 0.00622583
0 0.00632794
0 0.00643006
0 0.00653218
0 0.00663429
0 0.00673641
0 0.00683853
0 0.00694064
0 0.00704276
0 0.00714488
0 0.00724699
0 0.00734911
0 0.00745123
0 0.00755334
0 0.00765546
0 0.00775758
0 0.00785969
0 0.00796181
0 0.00806393
0 0.00816604
0 0.00826816
0 0.00837028
0 0.00827215
0 0.00817402
0 0.0080759
0 0.00797777
0 0.00787965
0 0.00778152
0 0.00768339
0 0.00758527
0 0.00751987
0 0.00746783
0 0.0074158
0 0.00736376
0 0.00731173
0 0.00725969
0 0.00720766
0 0.00715562
0 0.00710359
0 0.00705155
0 0.00699952
0 0.00694748
0 0.00689545
0 0.00684341
0 0.00679138
0 0.00673934
0 0.00668731
0 0.00663527
0 0.00658324
0 0.0065312
0 0.00647917
0 0.00642713
0 0.0063751
0 0.00632306
0 0.00627103
0 0.00621899
0 0.00616696
0 0.00611492
0 0.00606289
0 0.00601085
0 0.00595882
0 0.00590678
0 0.00585475
0 0.00580271
0 0.00575068
0 0.00569864
0 0.00564661
0 0.00559457
0 0.00554254
0 0.0054905
0 0.00543847
0 0.00538643
0 0.0053344
0 0.00528236
0 0.00523033
0 0.00517829
0 0.00512626
0 0.00507422
0 0.00502208
0 0.00496841
0 0.00491475
0 0.00486109
0 0.00480742
0 0.00475376
0 0.0047001
0 0.00464643
0 0.00459277
0 0.0045391
0 0.00448544
0 0.00443178
0 0.00437811
0 0.00432445
0 0.00427079
0 0.00421712
0 0.00416346
0 0.0041098
0 0.00405613
0 0.00400247
0 0.00394881
0 0.00389514
0 0.00384148
0 0.00378782
0 0.00373415
0 0.00368049
0 0.00362683
0 0.00357316
0 0.0035195
0 0.00346584
0 0.00341217
0 0.00335851
0 0.00330485
0 0.00325118
0 0.00319752
0 0.00314386
0 0.00309019
0 0.00303653
0 0.00298287
0 0.0029292
0 0.00284498
0 0.00275908
0 0.00267319
0 0.00258729
0 0.0025014
0 0.0024155
0 0.00232961
0 0.00224371
0 0.00215781
0 0.00207192
0 0.00198602
0 0.00190013
0 0.00181423
0 0.00172834
0 0.00164244
0 0.00155655
0 0.00147065
0 0.00138475
0 0.00130603
0 0.00124513
0 0.00118422
0 0.00112331
0 0.0010624
0 0.00100149
0 0.000940584
0 0.000879676
0 0.000818767
0 0.000757859
0 0.00069695
0 0.000636042
0 0.000575134
0 0.000514225
0 0.000453317
0 0.000392408
0 0.0003315
0 0.000270591
0 0.000209683
0 0.000148774
0 8.78659e-05
0 2.69575e-05
-0.00559061 -9.14063e-06
-0.0188758 -1.10914e-05
-0.0321609 -1.30422e-05
-0.0454461 -1.4993e-05
-0.0587312 -1.69438e-05
-0.0720164 -1.88946e-05
-0.0853015 -2.08455e-05
-0.0985867 -2.27963e-05
-0.111872 -2.47471e-05
-0.125157 -2.66979e-05
-0.138442 -2.86487e-05
-0.151727 -3.05995e-05
-0.165012 -3.25503e-05
-0.178298 -3.45011e-05
-0.191583 -3.64519e-05
-0.204868 -3.84027e-05
-0.218153 -4.03535e-05
-0.231438 -4.23043e-05
-0.244723 -4.42551e-05
-0.258008 -4.62059e-05
-0.271294 -4.81567e-05
-0.284579 -5.01075e-05
-0.297864 -5.20583e-05
-0.311149 -5.40091e-05
-0.324434 -5.59599e-05
-0.337719 -5.79107e-05
-0.297005 -5.1967e-05
-0.25629 -4.60232e-05
-0.215575 -4.00794e-05
-0.17486 -3.41356e-05
-0.134145 -2.81918e-05
-0.0934301 -2.22481e-05
-0.0527152 -1.63043e-05
-0.0120003 -1.03605e-05
0 2.80896e-05
0 8.01247e-05
0 0.00013216
0 0.000184195
0 0.00023623
0 0.000288265
0 0.0003403
0 0.000392335
0 0.00044437
0 0.000496405
0 0.000548441
0 0.000600476
0 0.000652511
0 0.000704546
0 0.000756581
0 0.000808616
0 0.000860651
0 0.000912686
0 0.000964721
0 0.00101676
0 0.00106879
0 0.00112083
0 0.00117286
0 0.0012249
0 0.00127693
0 0.00132897
0 0.001381
0 0.00143304
0 0.00148507
0 0.00153711
0 0.00158914
0 0.00164118
0 0.00169321
0 0.00174525
0 0.00179728
0 0.00184932
0 0.00190135
0 0.00195339
0 0.00200542
0 0.00205746
0 0.00210949
0 0.00216153
0 0.00221356
0 0.0022656
0 0.00231763
0 0.00236967
0 0.0024217
0 0.00247374
0 0.00252566
0 0.00257606
0 0.00262646
0 0.00267686
0 0.00272726
0 0.00277766
0 0.00282807
0 0.00287847
0 0.00292887
0 0.00297927
0 0.00302967
0 0.00308007
0 0.00313047
0 0.00318087
0 0.00323128
0 0.00328168
0 0.00333208
0 0.00338248
0 0.00343288
0 0.00348328
0 0.00353368
0 0.00358409
0 0.00363449
0 0.00368489
0 0.00373529
0 0.00378569
0 0.00383609
0 0.00388649
0 0.00393689
0 0.0039873
0 0.0040377
0 0.0040881
0 0.0041385
0 0.0041889
0 0.0042393
0 0.0042897
0 0.0043401
0 0.00439051
0 0.00444091
0 0.00449131
0 0.00451116
0 0.00452933
0 0.00454751
0 0.00456568
0 0.00458385
0 0.00460202
0 0.00462019
0 0.00463837
0 0.00465654
0 0.00467471
0 0.00469288
0 0.00471105
0 0.00472923
0 0.0047474
0 0.00476557
0 0.00478374
0 0.00480192
0 0.00482009
0 0.00484471
0 0.00488786
0 0.00493101
0 0.00497416
0 0.0050173
0 0.00506045
0 0.0051036
0 0.00514675
0 0.00518989
0 0.00523304
0 0.00527619
0 0.00531934
0 0.00536248
0 0.00540563
0 0.00544878
0 0.00549193
0 0.00553507
0 0.00557822
0 0.00562137
0 0.00566452
0 0.00570766
0 0.00575081
0 0.00581736
0 0.00591948
0 0.00602159
0 0.00612371
0 0.00622583
0 0.00632794
0 0.00643006
0 0.00653218
0 0.00663429
0 0.00673641
0 0.00683853
0 0.00694064
0 0.00704276
0 0.00714488
0 0.00724699
0 0.00734911
0 0.00745123
0 0.00755334
0 0.00765546
0 0.00775758
0 0.00785969
0 0.00796181
0 0.00806393
0 0.00816604
0 0.00826816
0 0.00837028
0 0.00847427
0 0.00857827
0 0.00868226
0 0.00878625
0 0.00889025
0 0.00899424
0 0.00909824
0 0.00920223
0 0.00930622
0 0.00941022
0 0.00951421
0 0.00961821
0 0.0097222
0 0.00982619
0 0.00993019
0 0.0100342
0 0.0101382
0 0.0102422
0 0.0103462
0 0.0104502
0 0.0105542
0 0.0106581
0 0.0107621
0 0.0108661
0 0.0109701
0 0.0110741
0 0.0111781
0 0.0112821
0 0.0113861
0 0.0114901
0 0.0115941
0 0.0116981
0 0.0118021
0 0.0119061
0 0.0120101
0 0.0121141
0 0.0122181
0 0.0123221
0 0.012426
0 0.01253
0 0.0124319
0 0.0123338
0 0.0122357
0 0.0121375
0 0.0120394
0 0.0119413
0 0.0118432
0 0.011745
0 0.0116562
0 0.0116041
0 0.0115521
0 0.0115001
0 0.011448
0 0.011396
0 0.011344
0 0.0112919
0 0.0112399
0 0.0111879
0 0.0111358
0 0.0110838
0 0.0110317
0 0.0109797
0 0.0109277
0 0.0108756
0 0.0108236
0 0.0107716
0 0.0107195
0 0.0106675
0 0.0106155
0 0.0105634
0 0.0105114
0 0.0104594
0 0.0104073
0 0.0103553
0 0.0103033
0 0.0102512
0 0.0101992
0 0.0101472
0 0.0100951
0 0.0100431
0 0.00999105
0 0.00993901
0 0.00988698
0 0.00983494
0 0.00978291
0 0.00973087
0 0.00967884
0 0.0096268
0 0.00957477
0 0.00952273
0 0.0094707
0 0.00941866
0 0.00936663
0 0.00931459
0 0.00926256
0 0.00921052
0 0.00915849
0 0.00909839
0 0.009033
0 0.00896761
0 0.00890223
0 0.00883684
0 0.00877146
0 0.00870607
0 0.00864069
0 0.0085753
0 0.00850991
0 0.00844453
0 0.00837914
0 0.00831376
0 0.00824837
0 0.00818298
0 0.0081176
0 0.00805221
0 0.00798683
0 0.00792144
0 0.00785606
0 0.00779067
0 0.00772528
0 0.0076599
0 0.00759451
0 0.00752913
0 0.00746374
0 0.00739836
0 0.00733297
0 0.00726758
0 0.0072022
0 0.00713681
0 0.00707143
0 0.00700604
0 0.00694066
0 0.00687527
0 0.00680988
0 0.0067445
0 0.00667911
0 0.00661373
0 0.00654834
0 0.00648296
0 0.00641757
0 0.00635218
0 0.0062868
0 0.00622141
0 0.00615603
0 0.00609064
0 0.00602525
0 0.00595987
0 0.00589448
0 0.0058291
0 0.0057476
0 0.00565668
0 0.00556576
0 0.00547483
0 0.00538391
0 0.00529299
0 0.00520206
0 0.00511114
0 0.00502022
0 0.0049293
0 0.00483837
0 0.00474745
0 0.00465653
0 0.0045656
0 0.00447468
0 0.00438376
0 0.00429283
0 0.00420191
0 0.00411099
0 0.00402006
0 0.00392914
0 0.00383822
0 0.0037473
0 0.00365637
0 0.00356545
0 0.00347453
0 0.00340168
0 0.00333158
0 0.00326147
0 0.00319136
0 0.00312125
0 0.00305115
0 0.00298104
0 0.00291093
0 0.00284083
0 0.00277072
0 0.00270061
0 0.0026305
0 0.0025604
0 0.00249029
0 0.00242018
0 0.00235008
0 0.00227997
0 0.00220986
0 0.00213976
0 0.00206965
0 0.00199954
0 0.00192943
0 0.00185933
0 0.00178922
0 0.00171911
0 0.00164901
0 0.0015789
0 0.00150879
0 0.00143868
0 0.00136858
0 0.00129847
0 0.00122836
0 0.00115826
0 0.00108815
0 0.00101804
0 0.000947935
0 0.000877828
0 0.000807721
0 0.000737614
0 0.000667507
0 0.0005974
0 0.000527293
0 0.000457185
0 0.000387078
0 0.000316971
0 0.000246864
0 0.000176757
0 0.00010665
0 3.6543e-05
-0.00480219 -9.02485e-06
-0.0181385 -1.09832e-05
-0.0314749 -1.29415e-05
-0.0448112 -1.48998e-05
-0.0581476 -1.68581e-05
-0.071484 -1.88165e-05
-0.0848203 -2.07748e-05
-0.0981567 -2.27331e-05
-0.111493 -2.46914e-05
-0.124829 -2.66498e-05
-0.138166 -2.86081e-05
-0.151502 -3.05664e-05
-0.164838 -3.25247e-05
-0.178175 -3.4483e-05
-0.191511 -3.64414e-05
-0.204847 -3.83997e-05
-0.218184 -4.0358e-05
-0.23152 -4.23163e-05
-0.243145 -4.40233e-05
-0.243665 -4.40998e-05
-0.244186 -4.41762e-05
-0.244706 -4.42526e-05
-0.245226 -4.4329e-05
-0.245747 -4.44054e-05
-0.246267 -4.44818e-05
-0.246788 -4.45582e-05
-0.247308 -4.46346e-05
-0.247828 -4.4711e-05
-0.248349 -4.47874e-05
-0.248869 -4.48639e-05
-0.249389 -4.49403e-05
-0.24991 -4.50167e-05
-0.25043 -4.50931e-05
-0.25095 -4.51695e-05
-0.251471 -4.52459e-05
-0.251991 -4.53223e-05
-0.252511 -4.53987e-05
-0.253032 -4.54751e-05
-0.253552 -4.55515e-05
-0.254073 -4.56279e-05
-0.254593 -4.57044e-05
-0.255113 -4.57808e-05
-0.255634 -4.58572e-05
-0.256154 -4.59336e-05
-0.256674 -4.601e-05
-0.257195 -4.60864e-05
-0.257715 -4.61628e-05
-0.258235 -4.62392e-05
-0.258756 -4.63156e-05
-0.259276 -4.6392e-05
-0.259796 -4.64685e-05
-0.260317 -4.65449e-05
-0.260837 -4.66213e-05
-0.261358 -4.66977e-05
-0.261878 -4.67741e-05
-0.262398 -4.68505e-05
-0.262919 -4.69269e-05
-0.263439 -4.70033e-05
-0.263959 -4.70797e-05
-0.223244 -4.1136e-05
-0.18253 -3.51922e-05
-0.141815 -2.92484e-05
-0.1011 -2.33046e-05
-0.0603849 -1.73608e-05
-0.01967 -1.14171e-05
0 1.83506e-05
0 7.03857e-05
0 0.000122421
0 0.000174456
0 0.000226491
0 0.000278526
0 0.000330561
0 0.000382596
0 0.000434631
0 0.000486666
0 0.000538702
0 0.000590737
0 0.000642772
0 0.000694807
0 0.000746842
0 0.000798877
0 0.000850912
0 0.000902947
0 0.000954982
0 0.00100702
0 0.00105905
0 0.00111109
0 0.00116312
0 0.00121516
0 0.00126719
0 0.00131923
0 0.00137126
0 0.0014233
0 0.00147533
0 0.00152737
0 0.0015794
0 0.00163144
0 0.00168347
0 0.00173551
0 0.00178754
0 0.00183958
0 0.00189161
0 0.00194365
0 0.00199568
0 0.00204772
0 0.00209975
0 0.00215179
0 0.00220382
0 0.00225586
0 0.00230789
0 0.00235993
0 0.00241197
0 0.002464
0 0.00251604
0 0.00256807
0 0.00262011
0 0.00267214
0 0.00272418
0 0.00276857
0 0.00281251
0 0.00285651
0 0.00290049
0 0.00294446
0 0.00298844
0 0.00303241
0 0.00307638
0 0.00312036
0 0.00316433
0 0.0032083
0 0.00325228
0 0.00329625
0 0.00334023
0 0.0033842
0 0.00342817
0 0.00347215
0 0.00351612
0 0.0035601
0 0.00360407
0 0.00364804
0 0.00369202
0 0.00373599
0 0.00377996
0 0.00382394
0 0.00386791
0 0.00391189
0 0.00395586
0 0.00399983
0 0.00404381
0 0.00408778
0 0.00413176
0 0.00417573
0 0.0042197
0 0.00426368
0 0.00430765
0 0.00435163
0 0.0043956
0 0.00443957
0 0.00448355
0 0.00452752
0 0.00457149
0 0.00461547
0 0.00465944
0 0.00470342
0 0.00474739
0 0.00479136
0 0.00483534
0 0.00487931
0 0.00492329
0 0.00496726
0 0.00501123
0 0.00505521
0 0.00509918
0 0.00514315
0 0.00518523
0 0.00520102
0 0.00521681
0 0.0052326
0 0.00524839
0 0.00526418
0 0.00527997
0 0.00530348
0 0.00534877
0 0.00539406
0 0.00543935
0 0.00548464
0 0.00552993
0 0.00557521
0 0.0056205
0 0.00566579
0 0.00571108
0 0.00575637
0 0.00580166
0 0.00584695
0 0.00589224
0 0.00593753
0 0.00598282
0 0.0060281
0 0.00607339
0 0.00611868
0 0.00616397
0 0.00620926
0 0.00625455
0 0.00629984
0 0.00634513
0 0.00639042
0 0.00643571
0 0.006481
0 0.00652628
0 0.00657157
0 0.00661686
0 0.00666215
0 0.00670744
0 0.00675273
0 0.00679802
0 0.00684331
0 0.0068886
0 0.00693389
0 0.00697918
0 0.00702446
0 0.00706975
0 0.00711504
0 0.00716033
0 0.00720562
0 0.00725091
0 0.0072962
0 0.00734149
0 0.00738678
0 0.00743207
0 0.00747735
0 0.00752264
0 0.00756793
0 0.00761322
0 0.00765851
0 0.0077038
0 0.00774909
0 0.00779438
0 0.00783967
0 0.00788496
0 0.00793025
0 0.00797553
0 0.00802082
0 0.00806611
0 0.0081114
0 0.00815669
0 0.00820198
0 0.00824727
0 0.00829256
0 0.00833785
0 0.00838314
0 0.00842843
0 0.00847371
0 0.008519
0 0.00856429
0 0.00860958
0 0.00865487
0 0.00870016
0 0.00874545
0 0.00879074
0 0.00883603
0 0.00888132
0 0.0089266
0 0.00897189
0 0.00901718
0 0.00906247
0 0.00910776
0 0.00915305
0 0.00919834
0 0.00924363
0 0.00928892
0 0.00935605
0 0.00945888
0 0.00956171
0 0.00966454
0 0.00976737
0 0.0098702
0 0.00997303
0 0.0100759
0 0.0101787
0 0.0102815
0 0.0103844
0 0.0104872
0 0.01059
0 0.0106928
0 0.0107957
0 0.0108985
0 0.0110013
0 0.0111042
0 0.011207
0 0.0113098
0 0.0114127
0 0.0115155
0 0.0116183
0 0.0117212
0 0.011824
0 0.0119268
0 0.0120296
0 0.0121325
0 0.0122353
0 0.0123381
0 0.012441
0 0.0125439
0 0.0124458
0 0.0123477
0 0.0122496
0 0.0121514
0 0.0120533
0 0.0119552
0 0.0118813
0 0.0118292
0 0.0117772
0 0.0117252
0 0.0116731
0 0.0116211
0 0.0115691
0 0.011517
0 0.011465
0 0.011413
0 0.0113609
0 0.0113089
0 0.0112569
0 0.0112048
0 0.0111528
0 0.0111007
0 0.0110487
0 0.0109967
0 0.0109446
0 0.0108926
0 0.0108406
0 0.0107885
0 0.0107365
0 0.0106845
0 0.0106324
0 0.0105804
0 0.0105284
0 0.0104763
0 0.0104243
0 0.0103723
0 0.0103202
0 0.0102682
0 0.0102162
0 0.0101641
0 0.0101121
0 0.01006
0 0.010008
0 0.00995598
0 0.00990394
0 0.00985191
0 0.00979987
0 0.00974784
0 0.0096958
0 0.00964377
0 0.00959173
0 0.0095397
0 0.00948766
0 0.00943563
0 0.00938359
0 0.00933156
0 0.00927952
0 0.00922749
0 0.00917545
0 0.00911583
0 0.00905582
0 0.00899574
0 0.00893569
0 0.00887564
0 0.0088156
0 0.00875555
0 0.00869551
0 0.00863546
0 0.00857541
0 0.00851537
0 0.00845532
0 0.00839528
0 0.00833523
0 0.00827518
0 0.00821514
0 0.00815509
0 0.00809505
0 0.008035
0 0.00797495
0 0.00791491
0 0.00785486
0 0.00779482
0 0.00773477
0 0.00767472
0 0.00761468
0 0.00755463
0 0.00749459
0 0.00743454
0 0.00737449
0 0.00731445
0 0.0072544
0 0.00719436
0 0.00713431
0 0.00707426
0 0.00701422
0 0.00695417
0 0.00689413
0 0.00683408
0 0.00677403
0 0.00671399
0 0.00665394
0 0.0065939
0 0.00653385
0 0.0064738
0 0.00641376
0 0.00635371
0 0.00629367
0 0.00623362
0 0.00617357
0 0.00611353
0 0.00605348
0 0.00599344
0 0.00593339
0 0.00587334
0 0.00581269
0 0.00572444
0 0.00563619
0 0.00554793
0 0.00545968
0 0.00537143
0 0.00528317
0 0.005201
0 0.00514226
0 0.00508352
0 0.00502478
0 0.00496604
0 0.0049073
0 0.00484856
0 0.00478982
0 0.00473108
0 0.00467234
0 0.0046136
0 0.00455486
0 0.00449612
0 0.00443739
0 0.00437865
0 0.00431991
0 0.00426117
0 0.00420243
0 0.00414369
0 0.00408495
0 0.00402621
0 0.00396747
0 0.00390873
0 0.00384999
0 0.00379125
0 0.00373251
0 0.00367377
0 0.00361503
0 0.00355629
0 0.00349755
0 0.00343881
0 0.00338007
0 0.00332133
0 0.00326259
0 0.00320385
0 0.00314511
0 0.00308637
0 0.00302763
0 0.00296889
0 0.00291015
0 0.00285141
0 0.00279267
0 0.00273393
0 0.00267519
0 0.00261645
0 0.00255771
0 0.00249897
0 0.00244023
0 0.00238149
0 0.00232275
0 0.00226401
0 0.00220527
0 0.00214653
0 0.00208779
0 0.00202905
0 0.00197031
0 0.00191157
0 0.00185283
0 0.00179409
0 0.00173536
0 0.00167662
0 0.00161788
0 0.00155914
0 0.0015004
0 0.00144166
0 0.00138292
0 0.00132418
0 0.00126544
0 0.0012067
0 0.00114796
0 0.00108922
0 0.00103048
0 0.000971738
0 0.000912998
0 0.000854258
0 0.000795519
0 0.000736779
0 0.000678039
0 0.000619299
0 0.00056056
0 0.00050182
0 0.00044308
0 0.00038434
0 0.0003256
0 0.000266861
0 0.000208121
0 0.000149381
0 9.06413e-05
0 3.19015e-05
-0.00265524 -8.70959e-06
-0.0110775 -9.94633e-06
-0.0194997 -1.11831e-05
-0.027922 -1.24198e-05
-0.0363443 -1.36565e-05
-0.0447665 -1.48933e-05
-0.0531888 -1.613e-05
-0.061611 -1.73667e-05
-0.0700333 -1.86034e-05
-0.0784555 -1.98402e-05
-0.0868778 -2.10769e-05
-0.0953 -2.23136e-05
-0.103722 -2.35504e-05
-0.112145 -2.47871e-05
-0.120567 -2.60238e-05
-0.128989 -2.72606e-05
-0.137411 -2.84973e-05
-0.145834 -2.9734e-05
-0.154256 -3.09708e-05
-0.162678 -3.22075e-05
-0.1711 -3.34442e-05
-0.179523 -3.4681e-05
-0.187945 -3.59177e-05
-0.196367 -3.71544e-05
-0.204789 -3.83912e-05
-0.213212 -3.96279e-05
-0.221634 -4.08646e-05
-0.230056 -4.21014e-05
-0.238478 -4.33381e-05
-0.246901 -4.45748e-05
-0.255323 -4.58115e-05
-0.263743 -4.70479e-05
-0.223028 -4.11041e-05
-0.182313 -3.51604e-05
-0.141598 -2.92166e-05
-0.100883 -2.32728e-05
-0.0601683 -1.7329e-05
-0.0194534 -1.13853e-05
0 1.86276e-05
0 7.06627e-05
0 0.000122698
0 0.000174733
0 0.000226768
0 0.000278803
0 0.000330838
0 0.000382873
0 0.000434908
0 0.000486943
0 0.000538979
0 0.000591014
0 0.000643049
0 0.000695084
0 0.000747119
0 0.000799154
0 0.000851189
0 0.000903224
0 0.000955259
0 0.00100729
0 0.00105933
0 0.00111136
0 0.0011634
0 0.00121543
0 0.00126747
0 0.00131951
0 0.00137154
0 0.00142358
0 0.00147561
0 0.00152765
0 0.00157968
0 0.00163172
0 0.00168375
0 0.00173579
0 0.00178782
0 0.00183986
0 0.00189189
0 0.00194393
0 0.00199596
0 0.002048
0 0.00210003
0 0.00215207
0 0.0022041
0 0.00225614
0 0.00230817
0 0.00236021
0 0.00241224
0 0.00246428
0 0.00251631
0 0.00256835
0 0.00262038
0 0.00267242
0 0.00272445
0 0.00276888
0 0.00281286
0 0.0028569
0 0.00290092
0 0.00294493
0 0.00298894
0 0.00303296
0 0.00307697
0 0.00312098
0 0.00316499
0 0.00320901
0 0.00325302
0 0.00329703
0 0.00334105
0 0.00338506
0 0.00342907
0 0.00347308
0 0.0035171
0 0.00356111
0 0.00360512
0 0.00364914
0 0.00369315
0 0.00373716
0 0.00378117
0 0.00382519
0 0.0038692
0 0.00391321
0 0.00395723
0 0.00400124
0 0.00404525
0 0.00408926
0 0.00413328
0 0.00417729
0 0.0042213
0 0.00426532
0 0.00430933
0 0.00435334
0 0.00439735
0 0.00444137
0 0.00448538
0 0.00452939
0 0.00457341
0 0.00461742
0 0.00466143
0 0.00470544
0 0.00474946
0 0.00479347
0 0.00483748
0 0.00488149
0 0.00492551
0 0.00496952
0 0.00501353
0 0.00505755
0 0.00510156
0 0.00514557
0 0.00518883
0 0.00520464
0 0.00522045
0 0.00523626
0 0.00525207
0 0.00526788
0 0.00528369
0 0.00530576
0 0.00535108
0 0.0053964
0 0.00544172
0 0.00548704
0 0.00553237
0 0.00557769
0 0.00562301
0 0.00566833
0 0.00571365
0 0.00575897
0 0.00580429
0 0.00584961
0 0.00589493
0 0.00594025
0 0.00598558
0 0.0060309
0 0.00607622
0 0.00612154
0 0.00616686
0 0.00621218
0 0.0062575
0 0.00630282
0 0.00634814
0 0.00639346
0 0.00643878
0 0.00648411
0 0.00652943
0 0.00657475
0 0.00662007
0 0.00666539
0 0.00671071
0 0.00675603
0 0.00680135
0 0.00684667
0 0.00689199
0 0.00693732
0 0.00698264
0 0.00702796
0 0.00707328
0 0.0071186
0 0.00716392
0 0.00720924
0 0.00725456
0 0.00729988
0 0.0073452
0 0.00739053
0 0.00743585
0 0.00748117
0 0.00752649
0 0.00757181
0 0.00761713
0 0.00766245
0 0.00770777
0 0.00775309
0 0.00779841
0 0.00784373
0 0.00788906
0 0.00793438
0 0.0079797
0 0.00802502
0 0.00807034
0 0.00811566
0 0.00816098
0 0.0082063
0 0.00825162
0 0.00829694
0 0.00834227
0 0.00838759
0 0.00843291
0 0.00847823
0 0.00852355
0 0.00856887
0 0.00861419
0 0.00865951
0 0.00870483
0 0.00875015
0 0.00879548
0 0.0088408
0 0.00888612
0 0.00893144
0 0.00897676
0 0.00902208
0 0.0090674
0 0.00911272
0 0.00915804
0 0.00920336
0 0.00924868
0 0.00929401
0 0.00935616
0 0.00945899
0 0.00956182
0 0.00966466
0 0.00976749
0 0.00987032
0 0.00997315
0 0.010076
0 0.0101788
0 0.0102816
0 0.0103845
0 0.0104873
0 0.0105901
0 0.010693
0 0.0107958
0 0.0108986
0 0.0110015
0 0.0111043
0 0.0112071
0 0.01131
0 0.0114128
0 0.0115156
0 0.0116185
0 0.0117213
0 0.0118241
0 0.011927
0 0.0120298
0 0.0121326
0 0.0122355
0 0.0123383
0 0.0124411
0 0.0125439
0 0.0124458
0 0.0123477
0 0.0122496
0 0.0121514
0 0.0120533
0 0.0119552
0 0.0118813
0 0.0118292
0 0.0117772
0 0.0117252
0 0.0116731
0 0.0116211
0 0.0115691
0 0.011517
0 0.011465
0 0.011413
0 0.0113609
0 0.0113089
0 0.0112569
0 0.0112048
0 0.0111528
0 0.0111007
0 0.0110487
0 0.0109967
0 0.0109446
0 0.0108926
0 0.0108406
0 0.0107885
0 0.0107365
0 0.0106845
0 0.0106324
0 0.0105804
0 0.0105284
0 0.0104763
0 0.0104243
0 0.0103723
0 0.0103202
0 0.0102682
0 0.0102162
0 0.0101641
0 0.0101121
0 0.01006
0 0.010008
0 0.00995598
0 0.00990394
0 0.00985191
0 0.00979987
0 0.00974784
0 0.0096958
0 0.00964377
0 0.00959173
0 0.0095397
0 0.00948766
0 0.00943563
0 0.00938359
0 0.00933156
0 0.00927952
0 0.00922749
0 0.00917545
0 0.00911583
0 0.00905582
0 0.00899574
0 0.00893569
0 0.00887564
0 0.0088156
0 0.00875555
0 0.00869551
0 0.00863546
0 0.00857541
0 0.00851537
0 0.00845532
0 0.00839528
0 0.00833523
0 0.00827519
0 0.00821514
0 0.00815509
0 0.00809505
0 0.008035
0 0.00797496
0 0.00791491
0 0.00785486
0 0.00779482
0 0.00773477
0 0.00767473
0 0.00761468
0 0.00755463
0 0.00749459
0 0.00743454
0 0.0073745
0 0.00731445
0 0.0072544
0 0.00719436
0 0.00713431
0 0.00707427
0 0.00701422
0 0.00695418
0 0.00689413
0 0.00683408
0 0.00677404
0 0.00671399
0 0.00665395
0 0.0065939
0 0.00653385
0 0.00647381
0 0.00641376
0 0.00635372
0 0.00629367
0 0.00623362
0 0.00617358
0 0.00611353
0 0.00605349
0 0.00599344
0 0.00593339
0 0.00587335
0 0.0058127
0 0.00572445
0 0.0056362
0 0.00554794
0 0.00545969
0 0.00537144
0 0.00528318
0 0.00520101
0 0.00514227
0 0.00508353
0 0.00502479
0 0.00496605
0 0.00490731
0 0.00484857
0 0.00478983
0 0.00473109
0 0.00467235
0 0.00461361
0 0.00455487
0 0.00449613
0 0.00443739
0 0.00437865
0 0.00431991
0 0.00426117
0 0.00420243
0 0.00414369
0 0.00408495
0 0.00402621
0 0.00396747
0 0.00390873
0 0.00384999
0 0.00379125
0 0.00373251
0 0.00367378
0 0.00361504
0 0.0035563
0 0.00349756
0 0.00343882
0 0.00338008
0 0.00332134
0 0.0032626
0 0.00320386
0 0.00314512
0 0.00308638
0 0.00302764
0 0.0029689
0 0.00291016
0 0.00285142
0 0.00279268
0 0.00273394
0 0.0026752
0 0.00261646
0 0.00255772
0 0.00249898
0 0.00244024
0 0.0023815
0 0.00232276
0 0.00226402
0 0.00220528
0 0.00214654
0 0.0020878
0 0.00202906
0 0.00197032
0 0.00191158
0 0.00185284
0 0.0017941
0 0.00173536
0 0.00167662
0 0.00161789
0 0.00155915
0 0.00150041
0 0.00144167
0 0.00138293
0 0.00132419
0 0.00126545
0 0.00120671
0 0.00114797
0 0.00108923
0 0.00103049
0 0.000971748
0 0.000913009
0 0.000854269
0 0.000795529
0 0.00073679
0 0.00067805
0 0.00061931
0 0.000560571
0 0.000501831
0 0.000443091
0 0.000384351
0 0.000325612
0 0.000266872
0 0.000208132
0 0.000149393
0 9.06528e-05
0 3.19131e-05
-0.00265356 -8.70935e-06
-0.0110758 -9.94608e-06
-0.019498 -1.11828e-05
-0.0279202 -1.24195e-05
-0.0363425 -1.36563e-05
-0.0447647 -1.4893e-05
-0.0531869 -1.61297e-05
-0.0616092 -1.73664e-05
-0.0700314 -1.86032e-05
-0.0784536 -1.98399e-05
-0.0868759 -2.10766e-05
-0.0952981 -2.23134e-05
-0.10372 -2.35501e-05
-0.112143 -2.47868e-05
-0.120565 -2.60235e-05
-0.128987 -2.72603e-05
-0.137409 -2.8497e-05
-0.145831 -2.97337e-05
-0.154254 -3.09705e-05
-0.162676 -3.22072e-05
-0.171098 -3.34439e-05
-0.17952 -3.46806e-05
-0.187943 -3.59174e-05
-0.196365 -3.71541e-05
-0.204787 -3.83908e-05
-0.213209 -3.96276e-05
-0.221632 -4.08643e-05
-0.230054 -4.2101e-05
-0.238476 -4.33377e-05
-0.246898 -4.45745e-05
-0.25532 -4.58112e-05
-0.263743 -4.70479e-05
-0.223028 -4.11041e-05
-0.182313 -3.51604e-05
-0.141598 -2.92166e-05
-0.100883 -2.32728e-05
-0.0601683 -1.7329e-05
-0.0194534 -1.13853e-05
0 1.86276e-05
0 7.06627e-05
0 0.000122698
0 0.000174733
0 0.000226768
0 0.000278803
0 0.000330838
0 0.000382873
0 0.000434908
0 0.000486943
0 0.000538979
0 0.000591014
0 0.000643049
0 0.000695084
0 0.000747119
0 0.000799154
0 0.000851189
0 0.000903224
0 0.000955259
0 0.00100729
0 0.00105933
0 0.00111136
0 0.0011634
0 0.00121543
0 0.00126747
0 0.00131951
0 0.00137154
0 0.00142358
0 0.00147561
0 0.00152765
0 0.00157968
0 0.00163172
0 0.00168375
0 0.00173579
0 0.00178782
0 0.00183986
0 0.00189189
0 0.00194393
0 0.00199596
0 0.002048
0 0.00210003
0 0.00215207
0 0.0022041
0 0.00225614
0 0.00230817
0 0.00236021
0 0.00241224
0 0.00246428
0 0.00251631
0 0.00256835
0 0.00262038
0 0.00267242
0 0.00272445
0 0.00276888
0 0.00281286
0 0.0028569
0 0.00290092
0 0.00294493
0 0.00298894
0 0.00303296
0 0.00307697
0 0.00312098
0 0.00316499
0 0.00320901
0 0.00325302
0 0.00329703
0 0.00334105
0 0.00338506
0 0.00342907
0 0.00347308
0 0.0035171
0 0.00356111
0 0.00360512
0 0.00364914
0 0.00369315
0 0.00373716
0 0.00378117
0 0.00382519
0 0.0038692
0 0.00391321
0 0.00395723
0 0.00400124
0 0.00404525
0 0.00408926
0 0.00413328
0 0.00417729
0 0.0042213
0 0.00426532
0 0.00430933
0 0.00435334
0 0.00439735
0 0.00444137
0 0.00448538
0 0.00452939
0 0.00457341
0 0.00461742
0 0.00466143
0 0.00470544
0 0.00474946
0 0.00479347
0 0.00483748
0 0.0048815
0 0.00492551
0 0.00496952
0 0.00501353
0 0.00505755
0 0.00510156
0 0.00514557
0 0.00518883
0 0.00520464
0 0.00522045
0 0.00523626
0 0.00525207
0 0.00526788
0 0.00528369
0 0.00530576
0 0.00535108
0 0.0053964
0 0.00544172
0 0.00548704
0 0.00553237
0 0.00557769
0 0.00562301
0 0.00566833
0 0.00571365
0 0.00575897
0 0.00580429
0 0.00584961
0 0.00589493
0 0.00594025
0 0.00598558
0 0.0060309
0 0.00607622
0 0.00612154
0 0.00616686
0 0.00621218
0 0.0062575
0 0.00630282
0 0.00634814
0 0.00639346
0 0.00643878
0 0.00648411
0 0.00652943
0 0.00657475
0 0.00662007
0 0.00666539
0 0.00671071
0 0.00675603
0 0.00680135
0 0.00684667
0 0.00689199
0 0.00693732
0 0.00698264
0 0.00702796
0 0.00707328
0 0.0071186
0 0.00716392
0 0.00720924
0 0.00725456
0 0.00729988
0 0.0073452
0 0.00739053
0 0.00743585
0 0.00748117
0 0.00752649
0 0.00757181
0 0.00761713
0 0.00766245
0 0.00770777
0 0.00775309
0 0.00779841
0 0.00784373
0 0.00788906
0 0.00793438
0 0.0079797
0 0.00802502
0 0.00807034
0 0.00811566
0 0.00816098
0 0.0082063
0 0.00825162
0 0.00829694
0 0.00834227
0 0.00838759
0 0.00843291
0 0.00847823
0 0.00852355
0 0.00856887
0 0.00861419
0 0.00865951
0 0.00870483
0 0.00875015
0 0.00879548
0 0.0088408
0 0.00888612
0 0.00893144
0 0.00897676
0 0.00902208
0 0.0090674
0 0.00911272
0 0.00915804
0 0.00920336
0 0.00924868
0 0.00929401
0 0.00935616
0 0.00945899
0 0.00956182
0 0.00966466
0 0.00976749
0 0.00987032
0 0.00997315
0 0.010076
0 0.0101788
0 0.0102816
0 0.0103845
0 0.0104873
0 0.0105901
0 0.010693
0 0.0107958
0 0.0108986
0 0.0110015
0 0.0111043
0 0.0112071
0 0.01131
0 0.0114128
0 0.0115156
0 0.0116185
0 0.0117213
0 0.0118241
0 0.011927
0 0.0120298
0 0.0121326
0 0.0122355
0 0.0123383
0 0.0124411
0 0.0125439
0 0.0126479
0 0.0127519
0 0.0128559
0 0.0129599
0 0.0130639
0 0.0131679
0 0.0132719
0 0.0133759
0 0.0134799
0 0.0135839
0 0.0136879
0 0.0137919
0 0.0138959
0 0.0139999
0 0.0141039
0 0.0142078
0 0.0143118
0 0.0144158
0 0.0145198
0 0.0146238
0 0.0147278
0 0.0148318
0 0.0149358
0 0.0150398
0 0.0151438
0 0.0152478
0 0.0153518
0 0.0154558
0 0.0155598
0 0.0156638
0 0.0157678
0 0.0158717
0 0.0159757
0 0.0160797
0 0.0161837
0 0.0162877
0 0.0163917
0 0.0164957
0 0.0165997
0 0.0167037
0 0.0166056
0 0.0165074
0 0.0164093
0 0.0163112
0 0.0162131
0 0.0161149
0 0.0160171
0 0.0159654
0 0.0159134
0 0.0158614
0 0.0158093
0 0.0157573
0 0.0157053
0 0.0156532
0 0.0156012
0 0.0155491
0 0.0154971
0 0.0154451
0 0.015393
0 0.015341
0 0.015289
0 0.0152369
0 0.0151849
0 0.0151329
0 0.0150808
0 0.0150288
0 0.0149768
0 0.0149247
0 0.0148727
0 0.0148207
0 0.0147686
0 0.0147166
0 0.0146645
0 0.0146125
0 0.0145605
0 0.0145084
0 0.0144564
0 0.0144044
0 0.0143523
0 0.0143003
0 0.0142483
0 0.0141962
0 0.0141442
0 0.0140922
0 0.0140401
0 0.0139881
0 0.0139361
0 0.013884
0 0.013832
0 0.01378
0 0.0137279
0 0.0136759
0 0.0136238
0 0.0135718
0 0.0135198
0 0.0134677
0 0.0134157
0 0.0133637
0 0.0133116
0 0.0132579
0 0.0131869
0 0.0131191
0 0.0130513
0 0.0129835
0 0.0129158
0 0.012848
0 0.0127802
0 0.0127124
0 0.0126447
0 0.0125769
0 0.0125091
0 0.0124413
0 0.0123735
0 0.0123058
0 0.012238
0 0.0121702
0 0.0121024
0 0.0120347
0 0.0119669
0 0.0118991
0 0.0118313
0 0.0117635
0 0.0116958
0 0.011628
0 0.0115602
0 0.0114924
0 0.0114247
0 0.0113569
0 0.0112891
0 0.0112213
0 0.0111535
0 0.0110858
0 0.011018
0 0.0109502
0 0.0108824
0 0.0108146
0 0.0107469
0 0.0106791
0 0.0106113
0 0.0105435
0 0.0104758
0 0.010408
0 0.0103402
0 0.0102724
0 0.0102046
0 0.0101369
0 0.0100691
0 0.0100013
0 0.00993354
0 0.00986576
0 0.00979798
0 0.0097302
0 0.00966242
0 0.00959464
0 0.00952687
0 0.00945909
0 0.00939131
0 0.00932353
0 0.00925575
0 0.00918798
0 0.0091202
0 0.00905242
0 0.00898464
0 0.00891686
0 0.00884909
0 0.00878131
0 0.00871353
0 0.00862911
0 0.00853752
0 0.00844592
0 0.00835433
0 0.00826273
0 0.00817114
0 0.00807954
0 0.00798795
0 0.00789778
0 0.00783218
0 0.00776658
0 0.00770098
0 0.00763538
0 0.00756978
0 0.00750418
0 0.00743858
0 0.00737298
0 0.00730738
0 0.00724178
0 0.00717618
0 0.00711058
0 0.00704498
0 0.00697938
0 0.00691378
0 0.00684818
0 0.00678258
0 0.00671698
0 0.00665138
0 0.00658578
0 0.00652018
0 0.00645458
0 0.00638898
0 0.00632338
0 0.00625778
0 0.00619218
0 0.00612658
0 0.00606098
0 0.00599538
0 0.00592978
0 0.00586418
0 0.00579858
0 0.00573298
0 0.00566738
0 0.00560178
0 0.00553618
0 0.00547058
0 0.00540498
0 0.00533938
0 0.00527378
0 0.00520818
0 0.00514258
0 0.00507698
0 0.00501138
0 0.00494578
0 0.00488018
0 0.00481458
0 0.00474898
0 0.00468338
0 0.00461778
0 0.00455218
0 0.00448658
0 0.00442098
0 0.00435538
0 0.00428977
0 0.00422417
0 0.00415857
0 0.00409297
0 0.00402737
0 0.00396177
0 0.00389617
0 0.00383057
0 0.00376497
0 0.00369937
0 0.00363377
0 0.00356817
0 0.00350257
0 0.00343697
0 0.00337137
0 0.00330577
0 0.00324017
0 0.00317457
0 0.00310897
0 0.00304337
0 0.00297777
0 0.00291217
0 0.00284657
0 0.00278097
0 0.00271537
0 0.00264977
0 0.00258417
0 0.00251857
0 0.00245297
0 0.00238737
0 0.00232177
0 0.00225617
0 0.00219057
0 0.00212497
0 0.00205937
0 0.00199377
0 0.00192817
0 0.00186257
0 0.00179697
0 0.00173137
0 0.00166577
0 0.00160017
0 0.00153457
0 0.00146897
0 0.00140337
0 0.00133777
0 0.00127217
0 0.00120657
0 0.00114097
0 0.00107537
0 0.00100977
0 0.000944168
0 0.000878568
0 0.000812968
0 0.000747368
0 0.000681768
0 0.000616168
0 0.000550567
0 0.000484967
0 0.000419367
0 0.000353767
0 0.000288167
0 0.000222567
0 0.000156967
0 9.13665e-05
0 2.57664e-05
-0.00405393 -8.91498e-06
-0.0124927 -1.01541e-05
-0.0209314 -1.13933e-05
-0.0293701 -1.26324e-05
-0.0378088 -1.38716e-05
-0.0462475 -1.51107e-05
-0.0546863 -1.63499e-05
-0.063125 -1.7589e-05
-0.0715637 -1.88282e-05
-0.0800024 -2.00673e-05
-0.0884412 -2.13065e-05
-0.0968799 -2.25456e-05
-0.105319 -2.37848e-05
-0.113757 -2.50239e-05
-0.122196 -2.62631e-05
-0.130635 -2.75022e-05
-0.139073 -2.87414e-05
-0.147512 -2.99805e-05
-0.155951 -3.12197e-05
-0.16439 -3.24588e-05
-0.172828 -3.3698e-05
-0.181267 -3.49371e-05
-0.189706 -3.61763e-05
-0.198145 -3.74154e-05
-0.206583 -3.86546e-05
-0.214471 -3.98128e-05
-0.214993 -3.98894e-05
-0.215514 -3.9966e-05
-0.216036 -4.00426e-05
-0.216557 -4.01192e-05
-0.217079 -4.01958e-05
-0.2176 -4.02723e-05
-0.218122 -4.03489e-05
-0.218643 -4.04255e-05
-0.219165 -4.05021e-05
-0.219686 -4.05787e-05
-0.220208 -4.06552e-05
-0.220729 -4.07318e-05
-0.221251 -4.08084e-05
-0.221773 -4.0885e-05
-0.222294 -4.09616e-05
-0.222816 -4.10381e-05
-0.223337 -4.11147e-05
-0.223859 -4.11913e-05
-0.22438 -4.12679e-05
-0.224902 -4.13445e-05
-0.225423 -4.1421e-05
-0.225945 -4.14976e-05
-0.226466 -4.15742e-05
-0.226988 -4.16508e-05
-0.227509 -4.17274e-05
-0.228031 -4.1804e-05
-0.228552 -4.18805e-05
-0.229074 -4.19571e-05
-0.229595 -4.20337e-05
-0.230117 -4.21103e-05
-0.230638 -4.21869e-05
-0.23116 -4.22634e-05
-0.231681 -4.234e-05
-0.232203 -4.24166e-05
-0.232725 -4.24932e-05
-0.233246 -4.25698e-05
-0.233768 -4.26463e-05
-0.234289 -4.27229e-05
-0.234811 -4.27995e-05
-0.235332 -4.28761e-05
-0.194617 -3.69323e-05
-0.153902 -3.09885e-05
-0.113187 -2.50448e-05
-0.0724726 -1.9101e-05
-0.0317577 -1.31572e-05
0 2.92654e-06
0 5.49616e-05
0 0.000106997
0 0.000159032
0 0.000211067
0 0.000263102
0 0.000315137
0 0.000367172
0 0.000419207
0 0.000471242
0 0.000523278
0 0.000575313
0 0.000627348
0 0.000679383
0 0.000731418
0 0.000783453
0 0.000835488
0 0.000887523
0 0.000939558
0 0.000991593
0 0.00104363
0 0.00109566
0 0.0011477
0 0.00119973
0 0.00125177
0 0.0013038
0 0.00135584
0 0.00140787
0 0.00145991
0 0.00151194
0 0.00156398
0 0.00161601
0 0.00166805
0 0.00172008
0 0.00177212
0 0.00182416
0 0.00187619
0 0.00192823
0 0.00198026
0 0.0020323
0 0.00208433
0 0.00213637
0 0.0021884
0 0.00224044
0 0.00229247
0 0.00234451
0 0.00239654
0 0.00244858
0 0.00250061
0 0.00255265
0 0.00260468
0 0.00265672
0 0.00270875
0 0.00276079
0 0.00281282
0 0.00286463
0 0.00289977
0 0.00294537
0 0.00299096
0 0.00303655
0 0.00308214
0 0.00312774
0 0.00317333
0 0.00321892
0 0.00326451
0 0.0033101
0 0.0033557
0 0.00340129
0 0.00344688
0 0.00349247
0 0.00353807
0 0.00358366
0 0.00362925
0 0.00367484
0 0.00372044
0 0.00376603
0 0.00381162
0 0.00385721
0 0.0039028
0 0.0039484
0 0.00399399
0 0.00403958
0 0.00408517
0 0.00413077
0 0.00417636
0 0.00422195
0 0.00426754
0 0.00431314
0 0.00435873
0 0.00440432
0 0.00444991
0 0.0044955
0 0.0045411
0 0.00458669
0 0.00463228
0 0.00467787
0 0.00472347
0 0.00476906
0 0.00481465
0 0.00486024
0 0.00490584
0 0.00495143
0 0.00499702
0 0.00504261
0 0.0050882
0 0.0051338
0 0.00517939
0 0.00522498
0 0.00527057
0 0.00531617
0 0.00536176
0 0.00540735
0 0.00545294
0 0.00549854
0 0.00554413
0 0.00558972
0 0.00563531
0 0.0056809
0 0.0057265
0 0.00577209
0 0.00581768
0 0.00586327
0 0.00590887
0 0.00595446
0 0.00600005
0 0.00604564
0 0.00609124
0 0.00613683
0 0.00618242
0 0.00622801
0 0.0062736
0 0.0063192
0 0.00636479
0 0.00641038
0 0.00642798
0 0.00644521
0 0.00646243
0 0.00647965
0 0.00649688
0 0.0065141
0 0.00653133
0 0.00654855
0 0.00656577
0 0.006583
0 0.00660022
0 0.00661745
0 0.00666005
0 0.00670643
0 0.0067528
0 0.00679918
0 0.00684555
0 0.00689193
0 0.0069383
0 0.00698468
0 0.00703106
0 0.00707743
0 0.00712381
0 0.00717018
0 0.00721656
0 0.00726293
0 0.00730931
0 0.00735569
0 0.00740206
0 0.00744844
0 0.00749481
0 0.00754119
0 0.00758757
0 0.00763394
0 0.00768032
0 0.00772669
0 0.00777307
0 0.00781944
0 0.00786582
0 0.0079122
0 0.00795857
0 0.00800495
0 0.00805132
0 0.0080977
0 0.00814408
0 0.00819045
0 0.00823683
0 0.0082832
0 0.00832958
0 0.00837595
0 0.00842233
0 0.00846871
0 0.00851508
0 0.00856146
0 0.00860783
0 0.00865421
0 0.00870058
0 0.00874696
0 0.00879334
0 0.00883971
0 0.00888609
0 0.00893246
0 0.00897884
0 0.00902522
0 0.00907159
0 0.00911797
0 0.00916434
0 0.00921072
0 0.00925709
0 0.00930347
0 0.00934985
0 0.00939622
0 0.0094426
0 0.00948897
0 0.00953535
0 0.00958173
0 0.0096281
0 0.00967448
0 0.00972085
0 0.00976723
0 0.0098136
0 0.00985998
0 0.00990636
0 0.00995273
0 0.00999911
0 0.0100455
0 0.0100919
0 0.0101382
0 0.0101846
0 0.010231
0 0.0102774
0 0.0103237
0 0.0103701
0 0.0104165
0 0.0104629
0 0.0105092
0 0.0105556
0 0.010602
0 0.0106484
0 0.0106947
0 0.0107411
0 0.0107875
0 0.0108339
0 0.0108802
0 0.0109266
0 0.010973
0 0.0110194
0 0.0110658
0 0.0111121
0 0.0111585
0 0.0112049
0 0.0112513
0 0.0112976
0 0.011344
0 0.0113904
0 0.0114368
0 0.0114831
0 0.0115295
0 0.0115759
0 0.0116223
0 0.0116686
0 0.011715
0 0.0117614
0 0.0118078
0 0.0118541
0 0.0119005
0 0.0119469
0 0.0119933
0 0.0120396
0 0.012086
0 0.0121324
0 0.0121788
0 0.0122251
0 0.0122715
0 0.0123179
0 0.0123643
0 0.0124106
0 0.012457
0 0.0125034
0 0.0125498
0 0.0125962
0 0.0126425
0 0.0126889
0 0.0127353
0 0.0127907
0 0.0128939
0 0.012997
0 0.0131002
0 0.0132033
0 0.0133065
0 0.0134097
0 0.0135128
0 0.013616
0 0.0137192
0 0.0138223
0 0.0139255
0 0.0140286
0 0.0141318
0 0.014235
0 0.0143381
0 0.0144413
0 0.0145445
0 0.0146476
0 0.0147508
0 0.014854
0 0.0149571
0 0.0150603
0 0.0151634
0 0.0152666
0 0.0153698
0 0.0154729
0 0.0155761
0 0.0156793
0 0.0157824
0 0.0158856
0 0.0159887
0 0.0160919
0 0.0161951
0 0.0162982
0 0.0164014
0 0.0165046
0 0.0166077
0 0.0167109
0 0.0166128
0 0.0165147
0 0.0164166
0 0.0163184
0 0.0162203
0 0.0161325
0 0.0160805
0 0.0160284
0 0.0159764
0 0.0159244
0 0.0158723
0 0.0158203
0 0.0157683
0 0.0157162
0 0.0156642
0 0.0156121
0 0.0155601
0 0.0155081
0 0.015456
0 0.015404
0 0.015352
0 0.0152999
0 0.0152479
0 0.0151959
0 0.0151438
0 0.0150918
0 0.0150398
0 0.0149877
0 0.0149357
0 0.0148837
0 0.0148316
0 0.0147796
0 0.0147276
0 0.0146755
0 0.0146235
0 0.0145714
0 0.0145194
0 0.0144674
0 0.0144153
0 0.0143633
0 0.0143113
0 0.0142592
0 0.0142072
0 0.0141552
0 0.0141031
0 0.0140511
0 0.0139991
0 0.013947
0 0.013895
0 0.013843
0 0.0137909
0 0.0137389
0 0.0136868
0 0.0136348
0 0.0135828
0 0.0135307
0 0.0134787
0 0.0134267
0 0.0133746
0 0.0133226
0 0.0132704
0 0.0132014
0 0.013143
0 0.0130845
0 0.0130261
0 0.0129676
0 0.0129092
0 0.0128507
0 0.0127923
0 0.0127338
0 0.0126753
0 0.0126169
0 0.0125584
0 0.0125
0 0.0124415
0 0.0123831
0 0.0123246
0 0.0122661
0 0.0122077
0 0.0121492
0 0.0120908
0 0.0120323
0 0.0119739
0 0.0119154
0 0.011857
0 0.0117985
0 0.01174
0 0.0116816
0 0.0116231
0 0.0115647
0 0.0115062
0 0.0114478
0 0.0113893
0 0.0113309
0 0.0112724
0 0.0112139
0 0.0111555
0 0.011097
0 0.0110386
0 0.0109801
0 0.0109217
0 0.0108632
0 0.0108048
0 0.0107463
0 0.0106878
0 0.0106294
0 0.0105709
0 0.0105125
0 0.010454
0 0.0103956
0 0.0103371
0 0.0102786
0 0.0102202
0 0.0101617
0 0.0101033
0 0.0100448
0 0.00998637
0 0.00992791
0 0.00986946
0 0.009811
0 0.00975254
0 0.00969409
0 0.00963563
0 0.00957718
0 0.00951872
0 0.00946027
0 0.00940181
0 0.00934335
0 0.0092849
0 0.00922644
0 0.00916799
0 0.00910953
0 0.00905107
0 0.00899262
0 0.00893416
0 0.00887571
0 0.00881725
0 0.00875879
0 0.00870034
0 0.00861458
0 0.00852775
0 0.00844091
0 0.00835408
0 0.00826724
0 0.00818041
0 0.00809358
0 0.00800674
0 0.00791991
0 0.00783307
0 0.00774624
0 0.00765941
0 0.00759704
0 0.00753936
0 0.00748169
0 0.00742401
0 0.00736633
0 0.00730866
0 0.00725098
0 0.00719331
0 0.00713563
0 0.00707796
0 0.00702028
0 0.00696261
0 0.00690493
0 0.00684726
0 0.00678958
0 0.00673191
0 0.00667423
0 0.00661656
0 0.00655888
0 0.00650121
0 0.00644353
0 0.00638585
0 0.00632818
0 0.0062705
0 0.00621283
0 0.00615515
0 0.00609748
0 0.0060398
0 0.00598213
0 0.00592445
0 0.00586678
0 0.0058091
0 0.00575143
0 0.00569375
0 0.00563608
0 0.0055784
0 0.00552073
0 0.00546305
0 0.00540538
0 0.0053477
0 0.00529002
0 0.00523235
0 0.00517467
0 0.005117
0 0.00505932
0 0.00500165
0 0.00494397
0 0.0048863
0 0.00482862
0 0.00477095
0 0.00471327
0 0.0046556
0 0.00459792
0 0.00454025
0 0.00448257
0 0.0044249
0 0.00436722
0 0.00430954
0 0.00425187
0 0.00419419
0 0.00413652
0 0.00407884
0 0.00402117
0 0.00396349
0 0.00390582
0 0.00384814
0 0.00379047
0 0.00373279
0 0.00367512
0 0.00361744
0 0.00355977
0 0.00350209
0 0.00344442
0 0.00338674
0 0.00332907
0 0.00327139
0 0.00321371
0 0.00315604
0 0.00309836
0 0.00304069
0 0.00298301
0 0.00292534
0 0.00286766
0 0.00280999
0 0.00275231
0 0.00269464
0 0.00263696
0 0.00257929
0 0.00252161
0 0.00246394
0 0.00240626
0 0.00234859
0 0.00229091
0 0.00223323
0 0.00217556
0 0.00211788
0 0.00206021
0 0.00200253
0 0.00194486
0 0.00188718
0 0.00182951
0 0.00177183
0 0.00171416
0 0.00165648
0 0.00159881
0 0.00154113
0 0.00148346
0 0.00142578
0 0.00136811
0 0.00131043
0 0.00125276
0 0.00119508
0 0.0011374
0 0.00107973
0 0.00102205
0 0.000964379
0 0.000906704
0 0.000849028
0 0.000791353
0 0.000733678
0 0.000676002
0 0.000618327
0 0.000560652
0 0.000502977
0 0.000445301
0 0.000387626
0 0.000329951
0 0.000272275
0 0.0002146
0 0.000156925
0 9.92496e-05
0 4.15744e-05
-0.000832332 -8.44192e-06
-0.00700168 -9.34783e-06
-0.013171 -1.02537e-05
-0.0193404 -1.11597e-05
-0.0255097 -1.20656e-05
-0.0316791 -1.29715e-05
-0.0378484 -1.38774e-05
-0.0440177 -1.47833e-05
-0.0501871 -1.56892e-05
-0.0563564 -1.65951e-05
-0.0625258 -1.7501e-05
-0.0686951 -1.8407e-05
-0.0748645 -1.93129e-05
-0.0810338 -2.02188e-05
-0.0872032 -2.11247e-05
-0.0933725 -2.20306e-05
-0.0995418 -2.29365e-05
-0.105711 -2.38424e-05
-0.111881 -2.47483e-05
-0.11805 -2.56543e-05
-0.124219 -2.65602e-05
-0.130389 -2.74661e-05
-0.136558 -2.8372e-05
-0.142727 -2.92779e-05
-0.148897 -3.01838e-05
-0.155066 -3.10897e-05
-0.161235 -3.19956e-05
-0.167405 -3.29016e-05
-0.173574 -3.38075e-05
-0.179743 -3.47134e-05
-0.185913 -3.56193e-05
-0.192082 -3.65252e-05
-0.198251 -3.74311e-05
-0.204421 -3.8337e-05
-0.21059 -3.92429e-05
-0.216759 -4.01489e-05
-0.222929 -4.10548e-05
-0.229098 -4.19607e-05
-0.235267 -4.28665e-05
-0.194552 -3.69227e-05
-0.153837 -3.0979e-05
-0.113122 -2.50352e-05
-0.0724074 -1.90914e-05
-0.0316925 -1.31476e-05
0 3.00994e-06
0 5.5045e-05
0 0.00010708
0 0.000159115
0 0.00021115
0 0.000263185
0 0.000315221
0 0.000367256
0 0.000419291
0 0.000471326
0 0.000523361
0 0.000575396
0 0.000627431
0 0.000679466
0 0.000731501
0 0.000783536
0 0.000835572
0 0.000887607
0 0.000939642
0 0.000991677
0 0.00104371
0 0.00109575
0 0.00114778
0 0.00119982
0 0.00125185
0 0.00130389
0 0.00135592
0 0.00140796
0 0.00145999
0 0.00151203
0 0.00156406
0 0.0016161
0 0.00166813
0 0.00172017
0 0.0017722
0 0.00182424
0 0.00187627
0 0.00192831
0 0.00198034
0 0.00203238
0 0.00208441
0 0.00213645
0 0.00218848
0 0.00224052
0 0.00229255
0 0.00234459
0 0.00239662
0 0.00244866
0 0.00250069
0 0.00255273
0 0.00260476
0 0.0026568
0 0.00270884
0 0.00276087
0 0.00281291
0 0.00286474
0 0.00289987
0 0.00294548
0 0.00299108
0 0.00303669
0 0.00308229
0 0.0031279
0 0.00317351
0 0.00321911
0 0.00326472
0 0.00331033
0 0.00335593
0 0.00340154
0 0.00344714
0 0.00349275
0 0.00353836
0 0.00358396
0 0.00362957
0 0.00367518
0 0.00372078
0 0.00376639
0 0.00381199
0 0.0038576
0 0.00390321
0 0.00394881
0 0.00399442
0 0.00404002
0 0.00408563
0 0.00413124
0 0.00417684
0 0.00422245
0 0.00426806
0 0.00431366
0 0.00435927
0 0.00440487
0 0.00445048
0 0.00449609
0 0.00454169
0 0.0045873
0 0.00463291
0 0.00467851
0 0.00472412
0 0.00476972
0 0.00481533
0 0.00486094
0 0.00490654
0 0.00495215
0 0.00499775
0 0.00504336
0 0.00508897
0 0.00513457
0 0.00518018
0 0.00522579
0 0.00527139
0 0.005317
0 0.0053626
0 0.00540821
0 0.00545382
0 0.00549942
0 0.00554503
0 0.00559064
0 0.00563624
0 0.00568185
0 0.00572745
0 0.00577306
0 0.00581867
0 0.00586427
0 0.00590988
0 0.00595549
0 0.00600109
0 0.0060467
0 0.0060923
0 0.00613791
0 0.00618352
0 0.00622912
0 0.00627473
0 0.00632033
0 0.00636594
0 0.00641155
0 0.00642972
0 0.00644695
0 0.00646418
0 0.00648141
0 0.00649864
0 0.00651588
0 0.00653311
0 0.00655034
0 0.00656757
0 0.0065848
0 0.00660203
0 0.00661927
0 0.00666112
0 0.00670751
0 0.0067539
0 0.00680028
0 0.00684667
0 0.00689306
0 0.00693945
0 0.00698584
0 0.00703222
0 0.00707861
0 0.007125
0 0.00717139
0 0.00721777
0 0.00726416
0 0.00731055
0 0.00735694
0 0.00740333
0 0.00744971
0 0.0074961
0 0.00754249
0 0.00758888
0 0.00763526
0 0.00768165
0 0.00772804
0 0.00777443
0 0.00782082
0 0.0078672
0 0.00791359
0 0.00795998
0 0.00800637
0 0.00805276
0 0.00809914
0 0.00814553
0 0.00819192
0 0.00823831
0 0.00828469
0 0.00833108
0 0.00837747
0 0.00842386
0 0.00847025
0 0.00851663
0 0.00856302
0 0.00860941
0 0.0086558
0 0.00870219
0 0.00874857
0 0.00879496
0 0.00884135
0 0.00888774
0 0.00893412
0 0.00898051
0 0.0090269
0 0.00907329
0 0.00911968
0 0.00916606
0 0.00921245
0 0.00925884
0 0.00930523
0 0.00935161
0 0.009398
0 0.00944439
0 0.00949078
0 0.00953717
0 0.00958355
0 0.00962994
0 0.00967633
0 0.00972272
0 0.00976911
0 0.00981549
0 0.00986188
0 0.00990827
0 0.00995466
0 0.010001
0 0.0100474
0 0.0100938
0 0.0101402
0 0.0101866
0 0.010233
0 0.0102794
0 0.0103258
0 0.0103721
0 0.0104185
0 0.0104649
0 0.0105113
0 0.0105577
0 0.0106041
0 0.0106505
0 0.0106969
0 0.0107433
0 0.0107896
0 0.010836
0 0.0108824
0 0.0109288
0 0.0109752
0 0.0110216
0 0.011068
0 0.0111144
0 0.0111607
0 0.0112071
0 0.0112535
0 0.0112999
0 0.0113463
0 0.0113927
0 0.0114391
0 0.0114855
0 0.0115318
0 0.0115782
0 0.0116246
0 0.011671
0 0.0117174
0 0.0117638
0 0.0118102
0 0.0118566
0 0.0119029
0 0.0119493
0 0.0119957
0 0.0120421
0 0.0120885
0 0.0121349
0 0.0121813
0 0.0122277
0 0.012274
0 0.0123204
0 0.0123668
0 0.0124132
0 0.0124596
0 0.012506
0 0.0125524
0 0.0125988
0 0.0126452
0 0.0126915
0 0.0127379
0 0.0127907
0 0.0128939
0 0.0129971
0 0.0131002
0 0.0132034
0 0.0133066
0 0.0134097
0 0.0135129
0 0.013616
0 0.0137192
0 0.0138224
0 0.0139255
0 0.0140287
0 0.0141319
0 0.014235
0 0.0143382
0 0.0144413
0 0.0145445
0 0.0146477
0 0.0147508
0 0.014854
0 0.0149572
0 0.0150603
0 0.0151635
0 0.0152667
0 0.0153698
0 0.015473
0 0.0155761
0 0.0156793
0 0.0157825
0 0.0158856
0 0.0159888
0 0.016092
0 0.0161951
0 0.0162983
0 0.0164014
0 0.0165046
0 0.0166078
0 0.0167109
0 0.0168149
0 0.0169189
0 0.0170229
0 0.0171269
0 0.0172309
0 0.0173349
0 0.0174389
0 0.0175429
0 0.0176469
0 0.0177509
0 0.0178549
0 0.0179589
0 0.0180629
0 0.0181668
0 0.0182708
0 0.0183748
0 0.0184788
0 0.0185828
0 0.0186868
0 0.0187908
0 0.0188948
0 0.0189988
0 0.0191028
0 0.0192068
0 0.0193108
0 0.0194148
0 0.0195188
0 0.0196228
0 0.0197268
0 0.0198307
0 0.0199347
0 0.0200387
0 0.0201427
0 0.0202467
0 0.0203507
0 0.0204547
0 0.0205587
0 0.0206627
0 0.0207667
0 0.0208707
0 0.0209747
0 0.0210787
0 0.0211827
0 0.0212867
0 0.0213906
0 0.0214946
0 0.0215986
0 0.0217026
0 0.0218066
0 0.0219106
0 0.0220146
0 0.0221186
0 0.0222226
0 0.0223266
0 0.0224306
0 0.0225346
0 0.0226386
0 0.0227426
0 0.0228466
0 0.0229506
0 0.0230545
0 0.0231585
0 0.0232625
0 0.0233665
0 0.0234705
0 0.0235745
0 0.0236785
0 0.0237825
0 0.0238865
0 0.0239905
0 0.0240945
0 0.0241985
0 0.0243025
0 0.0244065
0 0.0245105
0 0.0246144
0 0.0247184
0 0.0248224
0 0.0249264
0 0.0248283
0 0.0247302
0 0.024632
0 0.0245339
0 0.0244358
0 0.0243377
0 0.0242493
0 0.0241973
0 0.0241452
0 0.0240932
0 0.0240412
0 0.0239891
0 0.0239371
0 0.0238851
0 0.023833
0 0.023781
0 0.023729
0 0.0236769
0 0.0236249
0 0.0235729
0 0.0235208
0 0.0234688
0 0.0234168
0 0.0233647
0 0.0233127
0 0.0232606
0 0.0232086
0 0.0231566
0 0.0231045
0 0.0230525
0 0.0230005
0 0.0229484
0 0.0228964
0 0.0228444
0 0.0227923
0 0.0227403
0 0.0226883
0 0.0226362
0 0.0225842
0 0.0225322
0 0.0224801
0 0.0224281
0 0.022376
0 0.022324
0 0.022272
0 0.0222199
0 0.0221679
0 0.0221159
0 0.0220638
0 0.0220118
0 0.0219598
0 0.0219077
0 0.0218557
0 0.0218037
0 0.0217516
0 0.0216996
0 0.0216476
0 0.0215955
0 0.0215435
0 0.0214915
0 0.0214394
0 0.0213845
0 0.0213042
0 0.0212353
0 0.0211663
0 0.0210974
0 0.0210284
0 0.0209595
0 0.0208905
0 0.0208216
0 0.0207526
0 0.0206836
0 0.0206147
0 0.0205457
0 0.0204768
0 0.0204078
0 0.0203389
0 0.0202699
0 0.020201
0 0.020132
0 0.0200631
0 0.0199941
0 0.0199252
0 0.0198562
0 0.0197873
0 0.0197183
0 0.0196494
0 0.0195804
0 0.0195115
0 0.0194425
0 0.0193735
0 0.0193046
0 0.0192356
0 0.0191667
0 0.0190977
0 0.0190288
0 0.0189598
0 0.0188909
0 0.0188219
0 0.018753
0 0.018684
0 0.0186151
0 0.0185461
0 0.0184772
0 0.0184082
0 0.0183393
0 0.0182703
0 0.0182014
0 0.0181324
0 0.0180634
0 0.0179945
0 0.0179255
0 0.0178566
0 0.0177876
0 0.0177187
0 0.0176497
0 0.0175808
0 0.0175118
0 0.0174429
0 0.0173739
0 0.017305
0 0.017236
0 0.0171671
0 0.0170981
0 0.0170292
0 0.0169602
0 0.0168912
0 0.0168223
0 0.0167533
0 0.0166844
0 0.0166154
0 0.0165465
0 0.0164775
0 0.0164086
0 0.0163396
0 0.0162707
0 0.0162017
0 0.0161328
0 0.0160638
0 0.0159949
0 0.0159259
0 0.015857
0 0.015788
0 0.0157191
0 0.0156501
0 0.0155811
0 0.0155122
0 0.0154432
0 0.0153743
0 0.0153053
0 0.0152364
0 0.0151674
0 0.0150985
0 0.0150295
0 0.0149606
0 0.0148916
0 0.0148227
0 0.0147537
0 0.0146848
0 0.0146158
0 0.0145469
0 0.0144779
0 0.014409
0 0.0143257
0 0.014234
0 0.0141423
0 0.0140506
0 0.0139589
0 0.0138672
0 0.0137754
0 0.0136837
0 0.013592
0 0.0135003
0 0.0134086
0 0.0133169
0 0.0132251
0 0.0131334
0 0.0130417
0 0.01295
0 0.0128583
0 0.0127837
0 0.0127164
0 0.0126491
0 0.0125818
0 0.0125144
0 0.0124471
0 0.0123798
0 0.0123125
0 0.0122451
0 0.0121778
0 0.0121105
0 0.0120432
0 0.0119758
0 0.0119085
0 0.0118412
0 0.0117739
0 0.0117065
0 0.0116392
0 0.0115719
0 0.0115046
0 0.0114372
0 0.0113699
0 0.0113026
0 0.0112353
0 0.0111679
0 0.0111006
0 0.0110333
0 0.010966
0 0.0108986
0 0.0108313
0 0.010764
0 0.0106967
0 0.0106294
0 0.010562
0 0.0104947
0 0.0104274
0 0.0103601
0 0.0102927
0 0.0102254
0 0.0101581
0 0.0100908
0 0.0100234
0 0.00995611
0 0.00988879
0 0.00982146
0 0.00975414
0 0.00968681
0 0.00961949
0 0.00955216
0 0.00948484
0 0.00941752
0 0.00935019
0 0.00928287
0 0.00921554
0 0.00914822
0 0.00908089
0 0.00901357
0 0.00894625
0 0.00887892
0 0.0088116
0 0.00874427
0 0.00867695
0 0.00860962
0 0.0085423
0 0.00847498
0 0.00840765
0 0.00834033
0 0.008273
0 0.00820568
0 0.00813835
0 0.00807103
0 0.00800371
0 0.00793638
0 0.00786906
0 0.00780173
0 0.00773441
0 0.00766709
0 0.00759976
0 0.00753244
0 0.00746511
0 0.00739779
0 0.00733046
0 0.00726314
0 0.00719582
0 0.00712849
0 0.00706117
0 0.00699384
0 0.00692652
0 0.00685919
0 0.00679187
0 0.00672455
0 0.00665722
0 0.0065899
0 0.00652257
0 0.00645525
0 0.00638792
0 0.0063206
0 0.00625328
0 0.00618595
0 0.00611863
0 0.0060513
0 0.00598398
0 0.00591665
0 0.00584933
0 0.00578201
0 0.00571468
0 0.00564736
0 0.00558003
0 0.00551271
0 0.00544538
0 0.00537806
0 0.00531074
0 0.00524341
0 0.00517609
0 0.00510876
0 0.00504144
0 0.00497412
0 0.00490679
0 0.00483947
0 0.00477214
0 0.00470482
0 0.00463749
0 0.00457017
0 0.00450285
0 0.00443552
0 0.0043682
0 0.00430087
0 0.00423355
0 0.00416622
0 0.0040989
0 0.00403158
0 0.00396425
0 0.00389693
0 0.0038296
0 0.00376228
0 0.00369495
0 0.00362763
0 0.00356031
0 0.00349298
0 0.00342566
0 0.00335833
0 0.00329101
0 0.00322368
0 0.00315636
0 0.00308904
0 0.00302171
0 0.00295439
0 0.00288706
0 0.00281974
0 0.00275241
0 0.00268509
0 0.00261777
0 0.00255044
0 0.00248312
0 0.00241579
0 0.00234847
0 0.00228115
0 0.00221382
0 0.0021465
0 0.00207917
0 0.00201185
0 0.00194452
0 0.0018772
0 0.00180988
0 0.00174255
0 0.00167523
0 0.0016079
0 0.00154058
0 0.00147325
0 0.00140593
0 0.00133861
0 0.00127128
0 0.00120396
0 0.00113663
0 0.00106931
0 0.00100198
0 0.00093466
0 0.000867336
0 0.000800012
0 0.000732687
0 0.000665363
0 0.000598039
0 0.000530715
0 0.00046339
0 0.000396066
0 0.000328742
0 0.000261418
0 0.000194093
0 0.000126769
0 5.94449e-05
0 -7.8793e-06
-0.00614055 -9.22138e-06
-0.0123215 -1.0129e-05
-0.0185025 -1.10366e-05
-0.0246835 -1.19442e-05
-0.0308645 -1.28519e-05
-0.0370454 -1.37595e-05
-0.0432264 -1.46671e-05
-0.0494074 -1.55747e-05
-0.0555884 -1.64823e-05
-0.0617694 -1.739e-05
-0.0679503 -1.82976e-05
-0.0741313 -1.92052e-05
-0.0803123 -2.01128e-05
-0.0864933 -2.10205e-05
-0.0926743 -2.19281e-05
-0.0988552 -2.28357e-05
-0.105036 -2.37433e-05
-0.111217 -2.46509e-05
-0.117398 -2.55586e-05
-0.123579 -2.64662e-05
-0.12976 -2.73738e-05
-0.135941 -2.82814e-05
-0.142122 -2.9189e-05
-0.148303 -3.00967e-05
-0.154484 -3.10043e-05
-0.160665 -3.19119e-05
-0.166846 -3.28195e-05
-0.173027 -3.37271e-05
-0.179208 -3.46348e-05
-0.184987 -3.54834e-05
-0.18551 -3.55602e-05
-0.186033 -3.56369e-05
-0.186555 -3.57137e-05
-0.187078 -3.57904e-05
-0.187601 -3.58672e-05
-0.188124 -3.59439e-05
-0.188646 -3.60207e-05
-0.189169 -3.60974e-05
-0.189692 -3.61742e-05
-0.190214 -3.6251e-05
-0.190737 -3.63277e-05
-0.19126 -3.64045e-05
-0.191783 -3.64812e-05
-0.192305 -3.6558e-05
-0.192828 -3.66347e-05
-0.193351 -3.67115e-05
-0.193873 -3.67882e-05
-0.194396 -3.6865e-05
-0.194919 -3.69418e-05
-0.195441 -3.70185e-05
-0.195964 -3.70953e-05
-0.196487 -3.7172e-05
-0.19701 -3.72488e-05
-0.197532 -3.73255e-05
-0.198055 -3.74023e-05
-0.198578 -3.7479e-05
-0.1991 -3.75558e-05
-0.199623 -3.76326e-05
-0.200146 -3.77093e-05
-0.200669 -3.77861e-05
-0.201191 -3.78628e-05
-0.201714 -3.79396e-05
-0.202237 -3.80163e-05
-0.202759 -3.80931e-05
-0.203282 -3.81698e-05
-0.203805 -3.82466e-05
-0.204328 -3.83234e-05
-0.20485 -3.84001e-05
-0.205373 -3.84769e-05
-0.205896 -3.85536e-05
-0.206418 -3.86304e-05
-0.206941 -3.87071e-05
-0.207464 -3.87839e-05
-0.207987 -3.88606e-05
-0.208509 -3.89374e-05
-0.209032 -3.90142e-05
-0.209555 -3.90909e-05
-0.210077 -3.91677e-05
-0.2106 -3.92444e-05
-0.211123 -3.93212e-05
-0.211646 -3.93979e-05
-0.212168 -3.94747e-05
-0.212691 -3.95514e-05
-0.213214 -3.96282e-05
-0.213736 -3.9705e-05
-0.214259 -3.97817e-05
-0.214782 -3.98585e-05
-0.215305 -3.99352e-05
-0.215827 -4.0012e-05
-0.21635 -4.00887e-05
-0.216873 -4.01655e-05
-0.217395 -4.02422e-05
-0.217918 -4.0319e-05
-0.218441 -4.03958e-05
-0.218964 -4.04725e-05
-0.219486 -4.05493e-05
-0.220009 -4.0626e-05
-0.220532 -4.07028e-05
-0.221054 -4.07795e-05
-0.221577 -4.08563e-05
-0.2221 -4.0933e-05
-0.222623 -4.10098e-05
-0.223145 -4.10866e-05
-0.223668 -4.11633e-05
-0.224191 -4.12401e-05
-0.224713 -4.13168e-05
-0.225236 -4.13936e-05
-0.225759 -4.14703e-05
-0.226282 -4.15471e-05
-0.185567 -3.56033e-05
-0.144852 -2.96595e-05
-0.104137 -2.37158e-05
-0.063422 -1.7772e-05
-0.0227071 -1.18282e-05
0 1.45013e-05
0 6.65364e-05
0 0.000118572
0 0.000170607
0 0.000222642
0 0.000274677
0 0.000326712
0 0.000378747
0 0.000430782
0 0.000482817
0 0.000534852
0 0.000586887
0 0.000638922
0 0.000690958
0 0.000742993
0 0.000795028
0 0.000847063
0 0.000899098
0 0.000951133
0 0.00100317
0 0.0010552
0 0.00110724
0 0.00115927
0 0.00121131
0 0.00126334
0 0.00131538
0 0.00136741
0 0.00141945
0 0.00147148
0 0.00152352
0 0.00157555
0 0.00162759
0 0.00167962
0 0.00173166
0 0.00178369
0 0.00183573
0 0.00188776
0 0.0019398
0 0.00199184
0 0.00204387
0 0.00209591
0 0.00214794
0 0.00219998
0 0.00225201
0 0.00230405
0 0.00235608
0 0.00240812
0 0.00246015
0 0.00251219
0 0.00256422
0 0.00261626
0 0.00266829
0 0.00272033
0 0.00277236
0 0.0028244
0 0.00287643
0 0.00292847
0 0.0029803
0 0.00300314
0 0.00304954
0 0.0030963
0 0.00314307
0 0.00318983
0 0.00323659
0 0.00328336
0 0.00333012
0 0.00337688
0 0.00342365
0 0.00347041
0 0.00351718
0 0.00356394
0 0.0036107
0 0.00365747
0 0.00370423
0 0.003751
0 0.00379776
0 0.00384452
0 0.00389129
0 0.00393805
0 0.00398481
0 0.00403158
0 0.00407834
0 0.00412511
0 0.00417187
0 0.00421863
0 0.0042654
0 0.00431216
0 0.00435892
0 0.00440569
0 0.00445245
0 0.00449922
0 0.00454598
0 0.00459274
0 0.00463951
0 0.00468627
0 0.00473304
0 0.0047798
0 0.00482656
0 0.00487333
0 0.00492009
0 0.00496685
0 0.00501362
0 0.00506038
0 0.00510715
0 0.00515391
0 0.00520067
0 0.00524744
0 0.0052942
0 0.00534096
0 0.00538773
0 0.00543449
0 0.00548126
0 0.00552802
0 0.00557478
0 0.00562155
0 0.00566831
0 0.00571508
0 0.00576184
0 0.0058086
0 0.00585537
0 0.00590213
0 0.00594889
0 0.00599566
0 0.00604242
0 0.00608919
0 0.00613595
0 0.00618271
0 0.00622948
0 0.00627624
0 0.006323
0 0.00636977
0 0.00641653
0 0.0064633
0 0.00651006
0 0.00655682
0 0.00660359
0 0.00665035
0 0.00669711
0 0.00674388
0 0.00679064
0 0.00683741
0 0.00688417
0 0.00693093
0 0.0069777
0 0.00702446
0 0.00707123
0 0.00711799
0 0.00716475
0 0.00721152
0 0.00725828
0 0.00730504
0 0.00735181
0 0.00739857
0 0.00744534
0 0.0074921
0 0.00753886
0 0.00758563
0 0.00763239
0 0.00767915
0 0.00772592
0 0.00777268
0 0.00781945
0 0.00786621
0 0.00791297
0 0.00795974
0 0.0080065
0 0.00805327
0 0.00810003
0 0.00814679
0 0.00819356
0 0.00824032
0 0.00828708
0 0.00833385
0 0.00838061
0 0.00842738
0 0.00847414
0 0.0085209
0 0.00856767
0 0.00861443
0 0.00865908
0 0.00867755
0 0.00869603
0 0.0087145
0 0.00873297
0 0.00875144
0 0.00876992
0 0.00878839
0 0.00880686
0 0.00882534
0 0.00884381
0 0.00886228
0 0.00888076
0 0.00889923
0 0.0089177
0 0.00893617
0 0.00895465
0 0.00897312
0 0.00899159
0 0.00901007
0 0.00902854
0 0.00904701
0 0.00906548
0 0.00908396
0 0.00910243
0 0.0091209
0 0.00913938
0 0.00916025
0 0.00920744
0 0.00925463
0 0.00930183
0 0.00934902
0 0.00939621
0 0.0094434
0 0.0094906
0 0.00953779
0 0.00958498
0 0.00963217
0 0.00967937
0 0.00972656
0 0.00977375
0 0.00982094
0 0.00986813
0 0.00991533
0 0.00996252
0 0.0100097
0 0.0100569
0 0.0101041
0 0.0101513
0 0.0101985
0 0.0102457
0 0.0102929
0 0.0103401
0 0.0103873
0 0.0104344
0 0.0104816
0 0.0105288
0 0.010576
0 0.0106232
0 0.0106704
0 0.0107176
0 0.0107648
0 0.010812
0 0.0108592
0 0.0109064
0 0.0109536
0 0.0110008
0 0.0110479
0 0.0110951
0 0.0111423
0 0.0111895
0 0.0112367
0 0.0112839
0 0.0113311
0 0.0113783
0 0.0114255
0 0.0114727
0 0.0115199
0 0.0115671
0 0.0116143
0 0.0116614
0 0.0117086
0 0.0117558
0 0.011803
0 0.0118502
0 0.0118974
0 0.0119446
0 0.0119918
0 0.012039
0 0.0120862
0 0.0121334
0 0.0121806
0 0.0122278
0 0.0122749
0 0.0123221
0 0.0123693
0 0.0124165
0 0.0124637
0 0.0125109
0 0.0125581
0 0.0126053
0 0.0126525
0 0.0126997
0 0.0127469
0 0.0127941
0 0.0128413
0 0.0128884
0 0.0129356
0 0.0129828
0 0.01303
0 0.0130772
0 0.0131244
0 0.0131716
0 0.0132188
0 0.013266
0 0.0133132
0 0.0133604
0 0.0134076
0 0.0134548
0 0.0135019
0 0.0135491
0 0.0135963
0 0.0136435
0 0.0136907
0 0.0137379
0 0.0137851
0 0.0138323
0 0.0138795
0 0.0139267
0 0.0139739
0 0.0140211
0 0.0140683
0 0.0141154
0 0.0141626
0 0.0142098
0 0.014257
0 0.0143042
0 0.0143514
0 0.0143986
0 0.0144458
0 0.014493
0 0.0145402
0 0.0145874
0 0.0146346
0 0.0146818
0 0.0147289
0 0.0147761
0 0.0148233
0 0.0148705
0 0.0149177
0 0.0149649
0 0.0150121
0 0.0150593
0 0.0151065
0 0.0151537
0 0.0152009
0 0.0152481
0 0.0152953
0 0.0153424
0 0.0153896
0 0.0154368
0 0.015484
0 0.0155312
0 0.0155784
0 0.0156256
0 0.0156728
0 0.01572
0 0.0157672
0 0.0158144
0 0.0158616
0 0.0159088
0 0.0159559
0 0.0160031
0 0.0160503
0 0.0160975
0 0.0161447
0 0.0161919
0 0.0162391
0 0.0162863
0 0.0163335
0 0.0163807
0 0.0164279
0 0.0164751
0 0.0165223
0 0.0165694
0 0.0166166
0 0.0166638
0 0.016711
0 0.0167582
0 0.0168054
0 0.0168526
0 0.0168998
0 0.016947
0 0.0169942
0 0.0170414
0 0.0170886
0 0.0171358
0 0.0171829
0 0.0172301
0 0.0172773
0 0.0173245
0 0.0173717
0 0.0174189
0 0.0174661
0 0.0175133
0 0.0175605
0 0.0176077
0 0.0176549
0 0.0177021
0 0.0177493
0 0.0177964
0 0.0178436
0 0.0178908
0 0.017938
0 0.0179852
0 0.0180324
0 0.0180796
0 0.0181268
0 0.018174
0 0.0182212
0 0.0182684
0 0.0183156
0 0.0183628
0 0.0184099
0 0.0184571
0 0.0185043
0 0.0185515
0 0.0185987
0 0.0186459
0 0.0186931
0 0.0187403
0 0.0187875
0 0.0188347
0 0.0188819
0 0.0189291
0 0.0189763
0 0.0190234
0 0.0190706
0 0.0191178
0 0.019165
0 0.0192429
0 0.0193463
0 0.0194498
0 0.0195533
0 0.0196567
0 0.0197602
0 0.0198637
0 0.0199672
0 0.0200706
0 0.0201741
0 0.0202776
0 0.020381
0 0.0204845
0 0.020588
0 0.0206915
0 0.0207949
0 0.0208984
0 0.0210019
0 0.0211053
0 0.0212088
0 0.0213123
0 0.0214158
0 0.0215192
0 0.0216227
0 0.0217262
0 0.0218296
0 0.0219331
0 0.0220366
0 0.0221401
0 0.0222435
0 0.022347
0 0.0224505
0 0.0225539
0 0.0226574
0 0.0227609
0 0.0228643
0 0.0229678
0 0.0230713
0 0.0231748
0 0.0232782
0 0.0233817
0 0.0234852
0 0.0235886
0 0.0236921
0 0.0237956
0 0.0238991
0 0.0240025
0 0.024106
0 0.0242095
0 0.0243129
0 0.0244164
0 0.0245199
0 0.0246234
0 0.0247268
0 0.0248303
0 0.0249338
0 0.0248357
0 0.0247376
0 0.0246394
0 0.0245413
0 0.0244432
0 0.0243655
0 0.0243135
0 0.0242615
0 0.0242094
0 0.0241574
0 0.0241054
0 0.0240533
0 0.0240013
0 0.0239493
0 0.0238972
0 0.0238452
0 0.0237932
0 0.0237411
0 0.0236891
0 0.023637
0 0.023585
0 0.023533
0 0.0234809
0 0.0234289
0 0.0233769
0 0.0233248
0 0.0232728
0 0.0232208
0 0.0231687
0 0.0231167
0 0.0230647
0 0.0230126
0 0.0229606
0 0.0229086
0 0.0228565
0 0.0228045
0 0.0227524
0 0.0227004
0 0.0226484
0 0.0225963
0 0.0225443
0 0.0224923
0 0.0224402
0 0.0223882
0 0.0223362
0 0.0222841
0 0.0222321
0 0.0221801
0 0.022128
0 0.022076
0 0.022024
0 0.0219719
0 0.0219199
0 0.0218679
0 0.0218158
0 0.0217638
0 0.0217117
0 0.0216597
0 0.0216077
0 0.0215556
0 0.0215036
0 0.0214516
0 0.0213994
0 0.0213182
0 0.0212605
0 0.0212032
0 0.0211459
0 0.0210886
0 0.0210313
0 0.020974
0 0.0209167
0 0.0208594
0 0.0208021
0 0.0207448
0 0.0206875
0 0.0206302
0 0.0205729
0 0.0205157
0 0.0204584
0 0.0204011
0 0.0203438
0 0.0202865
0 0.0202292
0 0.0201719
0 0.0201146
0 0.0200573
0 0.02
0 0.0199427
0 0.0198854
0 0.0198281
0 0.0197708
0 0.0197136
0 0.0196563
0 0.019599
0 0.0195417
0 0.0194844
0 0.0194271
0 0.0193698
0 0.0193125
0 0.0192552
0 0.0191979
0 0.0191406
0 0.0190833
0 0.019026
0 0.0189687
0 0.0189115
0 0.0188542
0 0.0187969
0 0.0187396
0 0.0186823
0 0.018625
0 0.0185677
0 0.0185104
0 0.0184531
0 0.0183958
0 0.0183385
0 0.0182812
0 0.0182239
0 0.0181666
0 0.0181094
0 0.0180521
0 0.0179948
0 0.0179375
0 0.0178802
0 0.0178229
0 0.0177656
0 0.0177083
0 0.017651
0 0.0175937
0 0.0175364
0 0.0174791
0 0.0174218
0 0.0173645
0 0.0173073
0 0.01725
0 0.0171927
0 0.0171354
0 0.0170781
0 0.0170208
0 0.0169635
0 0.0169062
0 0.0168489
0 0.0167916
0 0.0167343
0 0.016677
0 0.0166197
0 0.0165624
0 0.0165052
0 0.0164479
0 0.0163906
0 0.0163333
0 0.016276
0 0.0162187
0 0.0161614
0 0.0161041
0 0.0160468
0 0.0159895
0 0.0159322
0 0.0158749
0 0.0158176
0 0.0157604
0 0.0157031
0 0.0156458
0 0.0155885
0 0.0155312
0 0.0154739
0 0.0154166
0 0.0153593
0 0.015302
0 0.0152447
0 0.0151874
0 0.0151301
0 0.0150728
0 0.0150155
0 0.0149583
0 0.014901
0 0.0148437
0 0.0147864
0 0.0147291
0 0.0146718
0 0.0146145
0 0.0145572
0 0.0144999
0 0.0144426
0 0.0143839
0 0.0142983
0 0.0142127
0 0.0141271
0 0.0140415
0 0.0139559
0 0.0138703
0 0.0137847
0 0.0136991
0 0.0136135
0 0.013528
0 0.0134424
0 0.0133568
0 0.0132712
0 0.0131856
0 0.0131
0 0.0130144
0 0.0129288
0 0.0128432
0 0.0127577
0 0.0126721
0 0.0125865
0 0.0125009
0 0.0124153
0 0.0123297
0 0.0122441
0 0.0121585
0 0.0120744
0 0.0120175
0 0.0119607
0 0.0119038
0 0.0118469
0 0.0117901
0 0.0117332
0 0.0116763
0 0.0116195
0 0.0115626
0 0.0115057
0 0.0114489
0 0.011392
0 0.0113351
0 0.0112783
0 0.0112214
0 0.0111645
0 0.0111077
0 0.0110508
0 0.0109939
0 0.0109371
0 0.0108802
0 0.0108233
0 0.0107665
0 0.0107096
0 0.0106528
0 0.0105959
0 0.010539
0 0.0104822
0 0.0104253
0 0.0103684
0 0.0103116
0 0.0102547
0 0.0101978
0 0.010141
0 0.0100841
0 0.0100272
0 0.00997037
0 0.0099135
0 0.00985664
0 0.00979977
0 0.0097429
0 0.00968604
0 0.00962917
0 0.00957231
0 0.00951544
0 0.00945858
0 0.00940171
0 0.00934485
0 0.00928798
0 0.00923112
0 0.00917425
0 0.00911738
0 0.00906052
0 0.00900365
0 0.00894679
0 0.00888992
0 0.00883306
0 0.00877619
0 0.00871933
0 0.00866246
0 0.0086056
0 0.00854873
0 0.00849186
0 0.008435
0 0.00837813
0 0.00832127
0 0.0082644
0 0.00820754
0 0.00815067
0 0.00809381
0 0.00803694
0 0.00798008
0 0.00792321
0 0.00786634
0 0.00780948
0 0.00775261
0 0.00769575
0 0.00763888
0 0.00758202
0 0.00752515
0 0.00746829
0 0.00741142
0 0.00735456
0 0.00729769
0 0.00724083
0 0.00718396
0 0.00712709
0 0.00707023
0 0.00701336
0 0.0069565
0 0.00689963
0 0.00684277
0 0.0067859
0 0.00672904
0 0.00667217
0 0.00661531
0 0.00655844
0 0.00650157
0 0.00644471
0 0.00638784
0 0.00633098
0 0.00627411
0 0.00621725
0 0.00616038
0 0.00610352
0 0.00604665
0 0.00598979
0 0.00593292
0 0.00587605
0 0.00581919
0 0.00576232
0 0.00570546
0 0.00564859
0 0.00559173
0 0.00553486
0 0.005478
0 0.00542113
0 0.00536427
0 0.0053074
0 0.00525054
0 0.00519367
0 0.0051368
0 0.00507994
0 0.00502307
0 0.00496621
0 0.00490934
0 0.00485248
0 0.00479561
0 0.00473875
0 0.00468188
0 0.00462502
0 0.00456815
0 0.00451128
0 0.00445442
0 0.00439755
0 0.00434069
0 0.00428382
0 0.00422696
0 0.00417009
0 0.00411323
0 0.00405636
0 0.0039995
0 0.00394263
0 0.00388576
0 0.0038289
0 0.00377203
0 0.00371517
0 0.0036583
0 0.00360144
0 0.00354457
0 0.00348771
0 0.00343084
0 0.00337398
0 0.00331711
0 0.00326024
0 0.00320338
0 0.00314651
0 0.00308965
0 0.00303278
0 0.00297592
0 0.00291905
0 0.00286219
0 0.00280532
0 0.00274846
0 0.00269159
0 0.00263473
0 0.00257786
0 0.00252099
0 0.00246413
0 0.00240726
0 0.0023504
0 0.00229353
0 0.00223667
0 0.0021798
0 0.00212294
0 0.00206607
0 0.00200921
0 0.00195234
0 0.00189547
0 0.00183861
0 0.00178174
0 0.00172488
0 0.00166801
0 0.00161115
0 0.00155428
0 0.00149742
0 0.00144055
0 0.00138369
0 0.00132682
0 0.00126995
0 0.00121309
0 0.00115622
0 0.00109936
0 0.00104249
0 0.000985628
0 0.000928762
0 0.000871897
0 0.000815031
0 0.000758166
0 0.0007013
0 0.000644435
0 0.00058757
0 0.000530704
0 0.000473839
0 0.000416973
0 0.000360108
0 0.000303242
0 0.000246377
0 0.000189512
0 0.000132646
0 7.57807e-05
0 1.89153e-05
-0.00212336 -8.63149e-06
-0.00619841 -9.22988e-06
-0.0102735 -9.82826e-06
-0.0143485 -1.04266e-05
-0.0184236 -1.1025e-05
-0.0224986 -1.16234e-05
-0.0265736 -1.22218e-05
-0.0306487 -1.28202e-05
-0.0347237 -1.34186e-05
-0.0387988 -1.40169e-05
-0.0428738 -1.46153e-05
-0.0469489 -1.52137e-05
-0.0510239 -1.58121e-05
-0.055099 -1.64105e-05
-0.059174 -1.70089e-05
-0.0632491 -1.76073e-05
-0.0673241 -1.82056e-05
-0.0713992 -1.8804e-05
-0.0754742 -1.94024e-05
-0.0795493 -2.00008e-05
-0.0836243 -2.05992e-05
-0.0876994 -2.11976e-05
-0.0917744 -2.17959e-05
-0.0958495 -2.23943e-05
-0.0999245 -2.29927e-05
-0.104 -2.35911e-05
-0.108075 -2.41895e-05
-0.11215 -2.47879e-05
-0.116225 -2.53862e-05
-0.1203 -2.59846e-05
-0.124375 -2.6583e-05
-0.12845 -2.71814e-05
-0.132525 -2.77798e-05
-0.1366 -2.83782e-05
-0.140675 -2.89765e-05
-0.14475 -2.95749e-05
-0.148825 -3.01733e-05
-0.1529 -3.07717e-05
-0.156975 -3.13701e-05
-0.16105 -3.19685e-05
-0.165125 -3.25669e-05
-0.1692 -3.31652e-05
-0.173275 -3.37636e-05
-0.17735 -3.4362e-05
-0.181425 -3.49604e-05
-0.185501 -3.55588e-05
-0.189576 -3.61572e-05
-0.193651 -3.67555e-05
-0.197726 -3.73539e-05
-0.201801 -3.79523e-05
-0.205876 -3.85507e-05
-0.209951 -3.91491e-05
-0.214026 -3.97475e-05
-0.218101 -4.03458e-05
-0.222176 -4.09442e-05
-0.226251 -4.15426e-05
-0.185536 -3.55988e-05
-0.144821 -2.9655e-05
-0.104106 -2.37113e-05
-0.0633914 -1.77675e-05
-0.0226765 -1.18237e-05
0 1.45405e-05
0 6.65756e-05
0 0.000118611
0 0.000170646
0 0.000222681
0 0.000274716
0 0.000326751
0 0.000378786
0 0.000430821
0 0.000482856
0 0.000534891
0 0.000586927
0 0.000638962
0 0.000690997
0 0.000743032
0 0.000795067
0 0.000847102
0 0.000899137
0 0.000951172
0 0.00100321
0 0.00105524
0 0.00110728
0 0.00115931
0 0.00121135
0 0.00126338
0 0.00131542
0 0.00136745
0 0.00141949
0 0.00147152
0 0.00152356
0 0.00157559
0 0.00162763
0 0.00167966
0 0.0017317
0 0.00178373
0 0.00183577
0 0.0018878
0 0.00193984
0 0.00199187
0 0.00204391
0 0.00209594
0 0.00214798
0 0.00220001
0 0.00225205
0 0.00230408
0 0.00235612
0 0.00240816
0 0.00246019
0 0.00251223
0 0.00256426
0 0.0026163
0 0.00266833
0 0.00272037
0 0.0027724
0 0.00282444
0 0.00287647
0 0.00292851
0 0.00298036
0 0.0030032
0 0.00304959
0 0.00309636
0 0.00314313
0 0.00318991
0 0.00323668
0 0.00328345
0 0.00333022
0 0.003377
0 0.00342377
0 0.00347054
0 0.00351731
0 0.00356408
0 0.00361086
0 0.00365763
0 0.0037044
0 0.00375117
0 0.00379795
0 0.00384472
0 0.00389149
0 0.00393826
0 0.00398504
0 0.00403181
0 0.00407858
0 0.00412535
0 0.00417212
0 0.0042189
0 0.00426567
0 0.00431244
0 0.00435921
0 0.00440599
0 0.00445276
0 0.00449953
0 0.0045463
0 0.00459308
0 0.00463985
0 0.00468662
0 0.00473339
0 0.00478016
0 0.00482694
0 0.00487371
0 0.00492048
0 0.00496725
0 0.00501403
0 0.0050608
0 0.00510757
0 0.00515434
0 0.00520112
0 0.00524789
0 0.00529466
0 0.00534143
0 0.0053882
0 0.00543498
0 0.00548175
0 0.00552852
0 0.00557529
0 0.00562207
0 0.00566884
0 0.00571561
0 0.00576238
0 0.00580916
0 0.00585593
0 0.0059027
0 0.00594947
0 0.00599624
0 0.00604302
0 0.00608979
0 0.00613656
0 0.00618333
0 0.00623011
0 0.00627688
0 0.00632365
0 0.00637042
0 0.0064172
0 0.00646397
0 0.00651074
0 0.00655751
0 0.00660428
0 0.00665106
0 0.00669783
0 0.0067446
0 0.00679137
0 0.00683815
0 0.00688492
0 0.00693169
0 0.00697846
0 0.00702524
0 0.00707201
0 0.00711878
0 0.00716555
0 0.00721232
0 0.0072591
0 0.00730587
0 0.00735264
0 0.00739941
0 0.00744619
0 0.00749296
0 0.00753973
0 0.0075865
0 0.00763328
0 0.00768005
0 0.00772682
0 0.00777359
0 0.00782037
0 0.00786714
0 0.00791391
0 0.00796068
0 0.00800745
0 0.00805423
0 0.008101
0 0.00814777
0 0.00819454
0 0.00824132
0 0.00828809
0 0.00833486
0 0.00838163
0 0.00842841
0 0.00847518
0 0.00852195
0 0.00856872
0 0.00861549
0 0.00866068
0 0.00867916
0 0.00869763
0 0.00871611
0 0.00873459
0 0.00875307
0 0.00877155
0 0.00879002
0 0.0088085
0 0.00882698
0 0.00884546
0 0.00886394
0 0.00888241
0 0.00890089
0 0.00891937
0 0.00893785
0 0.00895633
0 0.0089748
0 0.00899328
0 0.00901176
0 0.00903024
0 0.00904872
0 0.00906719
0 0.00908567
0 0.00910415
0 0.00912263
0 0.00914111
0 0.00916118
0 0.00920838
0 0.00925558
0 0.00930278
0 0.00934998
0 0.00939718
0 0.00944438
0 0.00949158
0 0.00953878
0 0.00958598
0 0.00963318
0 0.00968038
0 0.00972758
0 0.00977478
0 0.00982198
0 0.00986918
0 0.00991638
0 0.00996358
0 0.0100108
0 0.010058
0 0.0101052
0 0.0101524
0 0.0101996
0 0.0102468
0 0.010294
0 0.0103412
0 0.0103884
0 0.0104356
0 0.0104828
0 0.01053
