0.00153082 0.00153082
0.00484139 0.00484139
0.00238651 0.00238651
-4.77919e-05 -4.77919e-05
0.00152933 0.00152933
0.00484219 0.00484219
0.00237653 0.00237653
-5.56378e-05 -5.56378e-05
0.00237602 0.00237602
0.00484218 0.00484218
0.00237683 0.00237683
-5.56498e-05 -5.56498e-05
0.00237681 0.00237681
0.00484217 0.00484217
0.00237672 0.00237672
-5.56643e-05 -5.56643e-05
0.00237683 0.00237683
0.00484218 0.00484218
0.00237674 0.00237674
-5.56641e-05 -5.56641e-05
0.00237681 0.00237681
0.00484217 0.00484217
0.00237672 0.00237672
-5.56643e-05 -5.56643e-05
0.00237683 0.00237683
0.00484218 0.00484218
0.00815654 0.00815654
0.0114633 0.0114633
0.00857389 0.00857389
0.00568447 0.00568447
0.00279504 0.00279504
-5.56641e-05 -5.56641e-05
0.00237681 0.00237681
0.00484217 0.00484217
0.00815653 0.00815653
0.0114633 0.0114633
0.00857387 0.00857387
0.00568445 0.00568445
0.00279502 0.00279502
-5.56643e-05 -5.56643e-05
0.00279518 0.00279518
0.00568457 0.00568457
0.00857395 0.00857395
0.0114633 0.0114633
0.00857395 0.00857395
0.00568448 0.00568448
0.00279505 0.00279505
-5.56591e-05 -5.56591e-05
0.00279517 0.00279517
0.00568455 0.00568455
0.00857393 0.00857393
0.0114633 0.0114633
0.00857393 0.00857393
0.00568446 0.00568446
0.00279503 0.00279503
-5.56593e-05 -5.56593e-05
0.00279518 0.00279518
0.00568457 0.00568457
0.00857395 0.00857395
0.0114633 0.0114633
0.0085739 0.0085739
0.00568448 0.00568448
0.00279505 0.00279505
-5.56591e-05 -5.56591e-05
0.00279517 0.00279517
0.00568455 0.00568455
0.00857393 0.00857393
0.0114633 0.0114633
0.0143873 0.0143873
0.0114904 0.0114904
0.00859341 0.00859341
0.00569646 0.00569646
0.00279951 0.00279951
-5.72191e-05 -5.72191e-05
0.00279518 0.00279518
0.00568456 0.00568456
0.00857394 0.00857394
0.0114635 0.0114635
0.0143903 0.0143903
0.0172785 0.0172785
0.0201686 0.0201686
0.0230578 0.0230578
0.0259458 0.0259458
0.0288328 0.0288328
0.0317188 0.0317188
0.0346036 0.0346036
0.0317067 0.0317067
0.0288097 0.0288097
0.0259128 0.0259128
0.0230158 0.0230158
0.0201189 0.0201189
0.0172219 0.0172219
0.014325 0.014325
0.011428 0.011428
0.00853107 0.00853107
0.00563413 0.00563413
0.00273718 0.00273718
-9.17925e-05 -9.17925e-05
0.00279974 0.00279974
0.00569663 0.00569663
0.00859352 0.00859352
0.0114904 0.0114904
0.0143873 0.0143873
0.0172785 0.0172785
0.0201686 0.0201686
0.0230578 0.0230578
0.0259458 0.0259458
0.0288328 0.0288328
0.0317188 0.0317188
0.0346036 0.0346036
0.0317067 0.0317067
0.0288097 0.0288097
0.0259128 0.0259128
0.0230158 0.0230158
0.0201189 0.0201189
0.0172219 0.0172219
0.014325 0.014325
0.011428 0.011428
0.00853107 0.00853107
0.00563413 0.00563413
0.00273718 0.00273718
-0.000123057 -0.000123057
0.0027405 0.0027405
0.00563715 0.00563715
0.0085338 0.0085338
0.0114304 0.0114304
0.0143271 0.0143271
0.0172237 0.0172237
0.0201204 0.0201204
0.023017 0.023017
0.0259137 0.0259137
0.0288103 0.0288103
0.031707 0.031707
0.0346036 0.0346036
0.0317067 0.0317067
0.0288097 0.0288097
0.0259128 0.0259128
0.0230158 0.0230158
0.0201189 0.0201189
0.0172219 0.0172219
0.014325 0.014325
0.011428 0.011428
0.00853107 0.00853107
0.00563413 0.00563413
0.00273718 0.00273718
-0.000123057 -0.000123057
0.0027405 0.0027405
0.00563715 0.00563715
0.0085338 0.0085338
0.0114304 0.0114304
0.0143271 0.0143271
0.0172237 0.0172237
0.0201204 0.0201204
0.023017 0.023017
0.0259137 0.0259137
0.0288103 0.0288103
0.031707 0.031707
0.0346036 0.0346036
0.0374874 0.0374874
0.0345904 0.0345904
0.0316935 0.0316935
0.0287965 0.0287965
0.0258996 0.0258996
0.0230026 0.0230026
0.0201057 0.0201057
0.0172087 0.0172087
0.0143118 0.0143118
0.0114148 0.0114148
0.00851789 0.00851789
0.00562095 0.00562095
0.002724 0.002724
-0.000130049 -0.000130049
0.0027405 0.0027405
0.00563715 0.00563715
0.0085338 0.0085338
0.0114304 0.0114304
0.0143271 0.0143271
0.0172237 0.0172237
0.0201204 0.0201204
0.023017 0.023017
0.0259137 0.0259137
0.0288103 0.0288103
0.031707 0.031707
0.0346036 0.0346036
0.0317067 0.0317067
0.0288097 0.0288097
0.0259128 0.0259128
0.0230158 0.0230158
0.0201189 0.0201189
0.0172219 0.0172219
0.014325 0.014325
0.011428 0.011428
0.00853107 0.00853107
0.00563413 0.00563413
0.00273718 0.00273718
-0.000129528 -0.000129528
0.00272824 0.00272824
0.00562484 0.00562484
0.00852143 0.00852143
0.011418 0.011418
0.0143146 0.0143146
0.0172112 0.0172112
0.0201078 0.0201078
0.0230044 0.0230044
0.025901 0.025901
0.0287976 0.0287976
0.0316942 0.0316942
0.0345908 0.0345908
0.0374874 0.0374874
0.0345904 0.0345904
0.0316935 0.0316935
0.0287965 0.0287965
0.0258996 0.0258996
0.0230026 0.0230026
0.0201057 0.0201057
0.0172087 0.0172087
0.0143118 0.0143118
0.0114148 0.0114148
0.00851789 0.00851789
0.00562095 0.00562095
0.002724 0.002724
-0.000130049 -0.000130049
0.0027405 0.0027405
0.00563715 0.00563715
0.0085338 0.0085338
0.0114304 0.0114304
0.0143271 0.0143271
0.0172237 0.0172237
0.0201204 0.0201204
0.023017 0.023017
0.0259137 0.0259137
0.0288103 0.0288103
0.031707 0.031707
0.0346036 0.0346036
0.0374874 0.0374874
0.0403701 0.0403701
0.0432516 0.0432516
0.0461321 0.0461321
0.0490114 0.0490114
0.0518896 0.0518896
0.0547666 0.0547666
0.0576425 0.0576425
0.0547456 0.0547456
0.0518486 0.0518486
0.0489517 0.0489517
0.0460547 0.0460547
0.0431578 0.0431578
0.0402608 0.0402608
0.0373639 0.0373639
0.034467 0.034467
0.03157 0.03157
0.0286731 0.0286731
0.0257761 0.0257761
0.0228792 0.0228792
0.0199822 0.0199822
0.0170853 0.0170853
0.0141883 0.0141883
0.0112914 0.0112914
0.00839442 0.00839442
0.00549747 0.00549747
0.00260052 0.00260052
-0.000202032 -0.000202032
0.00269735 0.00269735
0.00560313 0.00560313
0.00854609 0.00854609
0.0114338 0.0114338
0.0143218 0.0143218
0.0172129 0.0172129
0.0201079 0.0201079
0.0230044 0.0230044
0.025901 0.025901
0.0287976 0.0287976
0.0316942 0.0316942
0.0345908 0.0345908
0.0374874 0.0374874
0.0403701 0.0403701
0.0432516 0.0432516
0.0461321 0.0461321
0.0490114 0.0490114
0.0518896 0.0518896
0.0547666 0.0547666
0.0576425 0.0576425
0.0547456 0.0547456
0.0518486 0.0518486
0.0489517 0.0489517
0.0460547 0.0460547
0.0431578 0.0431578
0.0402608 0.0402608
0.0373639 0.0373639
0.034467 0.034467
0.03157 0.03157
0.0286731 0.0286731
0.0257761 0.0257761
0.0228792 0.0228792
0.0199822 0.0199822
0.0170853 0.0170853
0.0141883 0.0141883
0.0112914 0.0112914
0.00839442 0.00839442
0.00549747 0.00549747
0.00260052 0.00260052
-0.000261205 -0.000261205
0.00261611 0.00261611
0.00551224 0.00551224
0.00840837 0.00840837
0.0113045 0.0113045
0.0142006 0.0142006
0.0170968 0.0170968
0.0199929 0.0199929
0.022889 0.022889
0.0257851 0.0257851
0.0286813 0.0286813
0.0315774 0.0315774
0.0344735 0.0344735
0.0373696 0.0373696
0.0402658 0.0402658
0.0431619 0.0431619
0.046058 0.046058
0.0489542 0.0489542
0.0518503 0.0518503
0.0547464 0.0547464
0.0576425 0.0576425
0.0547456 0.0547456
0.0518486 0.0518486
0.0489517 0.0489517
0.0460547 0.0460547
0.0431578 0.0431578
0.0402608 0.0402608
0.0373639 0.0373639
0.034467 0.034467
0.03157 0.03157
0.0286731 0.0286731
0.0257761 0.0257761
0.0228792 0.0228792
0.0199822 0.0199822
0.0170853 0.0170853
0.0141883 0.0141883
0.0112914 0.0112914
0.00839442 0.00839442
0.00549747 0.00549747
0.00260052 0.00260052
-0.000261205 -0.000261205
0.00261611 0.00261611
0.00551224 0.00551224
0.00840837 0.00840837
0.0113045 0.0113045
0.0142006 0.0142006
0.0170968 0.0170968
0.0199929 0.0199929
0.022889 0.022889
0.0257851 0.0257851
0.0286813 0.0286813
0.0315774 0.0315774
0.0344735 0.0344735
0.0373696 0.0373696
0.0402658 0.0402658
0.0431619 0.0431619
0.046058 0.046058
0.0489542 0.0489542
0.0518503 0.0518503
0.0547464 0.0547464
0.0576425 0.0576425
0.0605173 0.0605173
0.0576203 0.0576203
0.0547234 0.0547234
0.0518264 0.0518264
0.0489295 0.0489295
0.0460325 0.0460325
0.0431356 0.0431356
0.0402386 0.0402386
0.0373417 0.0373417
0.0344447 0.0344447
0.0315478 0.0315478
0.0286508 0.0286508
0.0257539 0.0257539
0.0228569 0.0228569
0.01996 0.01996
0.017063 0.017063
0.0141661 0.0141661
0.0112691 0.0112691
0.0083722 0.0083722
0.00547525 0.00547525
0.0025783 0.0025783
-0.000273 -0.000273
0.00261174 0.00261174
0.00551257 0.00551257
0.00840837 0.00840837
0.0113045 0.0113045
0.0142006 0.0142006
0.0170968 0.0170968
0.0199929 0.0199929
0.022889 0.022889
0.0257851 0.0257851
0.0286813 0.0286813
0.0315774 0.0315774
0.0344735 0.0344735
0.0373696 0.0373696
0.0402658 0.0402658
0.0431619 0.0431619
0.046058 0.046058
0.0489542 0.0489542
0.0518503 0.0518503
0.0547464 0.0547464
0.0576425 0.0576425
0.0547456 0.0547456
0.0518486 0.0518486
0.0489517 0.0489517
0.0460547 0.0460547
0.0431578 0.0431578
0.0402608 0.0402608
0.0373639 0.0373639
0.034467 0.034467
0.03157 0.03157
0.0286731 0.0286731
0.0257761 0.0257761
0.0228792 0.0228792
0.0199822 0.0199822
0.0170853 0.0170853
0.0141883 0.0141883
0.0112914 0.0112914
0.00839442 0.00839442
0.00549747 0.00549747
0.00260052 0.00260052
-0.000271621 -0.000271621
0.00259636 0.00259636
0.00549241 0.00549241
0.00838845 0.00838845
0.0112845 0.0112845
0.0141805 0.0141805
0.0170766 0.0170766
0.0199726 0.0199726
0.0228687 0.0228687
0.0257647 0.0257647
0.0286608 0.0286608
0.0315568 0.0315568
0.0344529 0.0344529
0.0373489 0.0373489
0.040245 0.040245
0.043141 0.043141
0.046037 0.046037
0.0489331 0.0489331
0.0518291 0.0518291
0.0547252 0.0547252
0.0576212 0.0576212
0.0605173 0.0605173
0.0576203 0.0576203
0.0547234 0.0547234
0.0518264 0.0518264
0.0489295 0.0489295
0.0460325 0.0460325
0.0431356 0.0431356
0.0402386 0.0402386
0.0373417 0.0373417
0.0344447 0.0344447
0.0315478 0.0315478
0.0286508 0.0286508
0.0257539 0.0257539
0.0228569 0.0228569
0.01996 0.01996
0.017063 0.017063
0.0141661 0.0141661
0.0112691 0.0112691
0.0083722 0.0083722
0.00547525 0.00547525
0.0025783 0.0025783
-0.000273 -0.000273
0.00261174 0.00261174
0.00551257 0.00551257
0.00840837 0.00840837
0.0113045 0.0113045
0.0142006 0.0142006
0.0170968 0.0170968
0.0199929 0.0199929
0.022889 0.022889
0.0257851 0.0257851
0.0286813 0.0286813
0.0315774 0.0315774
0.0344735 0.0344735
0.0373696 0.0373696
0.0402658 0.0402658
0.0431619 0.0431619
0.046058 0.046058
0.0489542 0.0489542
0.0518503 0.0518503
0.0547464 0.0547464
0.0576425 0.0576425
0.0605173 0.0605173
0.0633908 0.0633908
0.0662632 0.0662632
0.0691344 0.0691344
0.0720043 0.0720043
0.0748731 0.0748731
0.0777406 0.0777406
0.0806069 0.0806069
0.0834719 0.0834719
0.0863357 0.0863357
0.0834387 0.0834387
0.0805418 0.0805418
0.0776449 0.0776449
0.0747479 0.0747479
0.071851 0.071851
0.068954 0.068954
0.0660571 0.0660571
0.0631601 0.0631601
0.0602632 0.0602632
0.0573662 0.0573662
0.0544693 0.0544693
0.0515723 0.0515723
0.0486754 0.0486754
0.0457784 0.0457784
0.0428815 0.0428815
0.0399845 0.0399845
0.0370876 0.0370876
0.0341906 0.0341906
0.0312937 0.0312937
0.0283967 0.0283967
0.0254998 0.0254998
0.0226028 0.0226028
0.0197059 0.0197059
0.0168089 0.0168089
0.013912 0.013912
0.011015 0.011015
0.00811809 0.00811809
0.00522114 0.00522114
0.00232419 0.00232419
-0.000299683 -0.000299683
0.00259636 0.00259636
0.00549241 0.00549241
0.00838845 0.00838845
0.0112845 0.0112845
0.0141805 0.0141805
0.0170766 0.0170766
0.0199726 0.0199726
0.0228687 0.0228687
0.0257647 0.0257647
0.0286608 0.0286608
0.0315568 0.0315568
0.0344529 0.0344529
0.0373489 0.0373489
0.040245 0.040245
0.043141 0.043141
0.046037 0.046037
0.0489331 0.0489331
0.0518291 0.0518291
0.0547252 0.0547252
0.0576212 0.0576212
0.0605173 0.0605173
0.0633908 0.0633908
0.0662632 0.0662632
0.0691344 0.0691344
0.0720043 0.0720043
0.0748731 0.0748731
0.0777406 0.0777406
0.0806069 0.0806069
0.0834719 0.0834719
0.0863357 0.0863357
0.0891982 0.0891982
0.0863012 0.0863012
0.0834043 0.0834043
0.0805073 0.0805073
0.0776104 0.0776104
0.0747134 0.0747134
0.0718165 0.0718165
0.0689195 0.0689195
0.0660226 0.0660226
0.0631257 0.0631257
0.0602287 0.0602287
0.0573318 0.0573318
0.0544348 0.0544348
0.0515379 0.0515379
0.0486409 0.0486409
0.045744 0.045744
0.042847 0.042847
0.0399501 0.0399501
0.0370531 0.0370531
0.0341562 0.0341562
0.0312592 0.0312592
0.0283623 0.0283623
0.0254653 0.0254653
0.0225684 0.0225684
0.0196714 0.0196714
0.0167745 0.0167745
0.0138775 0.0138775
0.0109806 0.0109806
0.00808363 0.00808363
0.00518668 0.00518668
0.00228974 0.00228974
-0.000519674 -0.000519674
0.00237693 0.00237693
0.00527202 0.00527202
0.00816715 0.00816715
0.0110623 0.0110623
0.0139574 0.0139574
0.0168525 0.0168525
0.0197477 0.0197477
0.0226428 0.0226428
0.0255379 0.0255379
0.0284331 0.0284331
0.0313282 0.0313282
0.0342233 0.0342233
0.0371185 0.0371185
0.0400136 0.0400136
0.0429087 0.0429087
0.0458039 0.0458039
0.048699 0.048699
0.0515941 0.0515941
0.0544893 0.0544893
0.0573844 0.0573844
0.0602795 0.0602795
0.0631746 0.0631746
0.0660698 0.0660698
0.0689649 0.0689649
0.07186 0.07186
0.0747552 0.0747552
0.0776503 0.0776503
0.0805454 0.0805454
0.0834406 0.0834406
0.0863357 0.0863357
0.0834387 0.0834387
0.0805418 0.0805418
0.0776449 0.0776449
0.0747479 0.0747479
0.071851 0.071851
0.068954 0.068954
0.0660571 0.0660571
0.0631601 0.0631601
0.0602632 0.0602632
0.0573662 0.0573662
0.0544693 0.0544693
0.0515723 0.0515723
0.0486754 0.0486754
0.0457784 0.0457784
0.0428815 0.0428815
0.0399845 0.0399845
0.0370876 0.0370876
0.0341906 0.0341906
0.0312937 0.0312937
0.0283967 0.0283967
0.0254998 0.0254998
0.0226028 0.0226028
0.0197059 0.0197059
0.0168089 0.0168089
0.013912 0.013912
0.011015 0.011015
0.00811809 0.00811809
0.00522114 0.00522114
0.00232419 0.00232419
-0.000529688 -0.000529688
0.00234788 0.00234788
0.00524289 0.00524289
0.0081379 0.0081379
0.0110329 0.0110329
0.0139279 0.0139279
0.0168229 0.0168229
0.0197179 0.0197179
0.0226129 0.0226129
0.025508 0.025508
0.028403 0.028403
0.031298 0.031298
0.034193 0.034193
0.037088 0.037088
0.039983 0.039983
0.042878 0.042878
0.045773 0.045773
0.048668 0.048668
0.0515631 0.0515631
0.0544581 0.0544581
0.0573531 0.0573531
0.0602481 0.0602481
0.0631431 0.0631431
0.0660381 0.0660381
0.0689331 0.0689331
0.0718281 0.0718281
0.0747231 0.0747231
0.0776181 0.0776181
0.0805132 0.0805132
0.0834082 0.0834082
0.0863032 0.0863032
0.0891982 0.0891982
0.0863012 0.0863012
0.0834043 0.0834043
0.0805073 0.0805073
0.0776104 0.0776104
0.0747134 0.0747134
0.0718165 0.0718165
0.0689195 0.0689195
0.0660226 0.0660226
0.0631257 0.0631257
0.0602287 0.0602287
0.0573318 0.0573318
0.0544348 0.0544348
0.0515379 0.0515379
0.0486409 0.0486409
0.045744 0.045744
0.042847 0.042847
0.0399501 0.0399501
0.0370531 0.0370531
0.0341562 0.0341562
0.0312592 0.0312592
0.0283623 0.0283623
0.0254653 0.0254653
0.0225684 0.0225684
0.0196714 0.0196714
0.0167745 0.0167745
0.0138775 0.0138775
0.0109806 0.0109806
0.00808363 0.00808363
0.00518668 0.00518668
0.00228974 0.00228974
-0.000519674 -0.000519674
0.00237693 0.00237693
0.00527202 0.00527202
0.00816715 0.00816715
0.0110623 0.0110623
0.0139574 0.0139574
0.0168525 0.0168525
0.0197477 0.0197477
0.0226428 0.0226428
0.0255379 0.0255379
0.0284331 0.0284331
0.0313282 0.0313282
0.0342233 0.0342233
0.0371185 0.0371185
0.0400136 0.0400136
0.0429087 0.0429087
0.0458039 0.0458039
0.048699 0.048699
0.0515941 0.0515941
0.0544893 0.0544893
0.0573844 0.0573844
0.0602795 0.0602795
0.0631746 0.0631746
0.0660698 0.0660698
0.0689649 0.0689649
0.07186 0.07186
0.0747552 0.0747552
0.0776503 0.0776503
0.0805454 0.0805454
0.0834406 0.0834406
0.0863357 0.0863357
0.0834387 0.0834387
0.0805418 0.0805418
0.0776449 0.0776449
0.0747479 0.0747479
0.071851 0.071851
0.068954 0.068954
0.0660571 0.0660571
0.0631601 0.0631601
0.0602632 0.0602632
0.0573662 0.0573662
0.0544693 0.0544693
0.0515723 0.0515723
0.0486754 0.0486754
0.0457784 0.0457784
0.0428815 0.0428815
0.0399845 0.0399845
0.0370876 0.0370876
0.0341906 0.0341906
0.0312937 0.0312937
0.0283967 0.0283967
0.0254998 0.0254998
0.0226028 0.0226028
0.0197059 0.0197059
0.0168089 0.0168089
0.013912 0.013912
0.011015 0.011015
0.00811809 0.00811809
0.00522114 0.00522114
0.00232419 0.00232419
-0.000529688 -0.000529688
0.00234788 0.00234788
0.00524289 0.00524289
0.0081379 0.0081379
0.0110329 0.0110329
0.0139279 0.0139279
0.0168229 0.0168229
0.0197179 0.0197179
0.0226129 0.0226129
0.025508 0.025508
0.028403 0.028403
0.031298 0.031298
0.034193 0.034193
0.037088 0.037088
0.039983 0.039983
0.042878 0.042878
0.045773 0.045773
0.048668 0.048668
0.0515631 0.0515631
0.0544581 0.0544581
0.0573531 0.0573531
0.0602481 0.0602481
0.0631431 0.0631431
0.0660381 0.0660381
0.0689331 0.0689331
0.0718281 0.0718281
0.0747231 0.0747231
0.0776181 0.0776181
0.0805132 0.0805132
0.0834082 0.0834082
0.0863032 0.0863032
0.0834062 0.0834062
0.0805093 0.0805093
0.0776123 0.0776123
0.0747154 0.0747154
0.0718184 0.0718184
0.0689215 0.0689215
0.0660245 0.0660245
0.0631276 0.0631276
0.0602306 0.0602306
0.0573337 0.0573337
0.0544367 0.0544367
0.0515398 0.0515398
0.0486428 0.0486428
0.0457459 0.0457459
0.042849 0.042849
0.039952 0.039952
0.0370551 0.0370551
0.0341581 0.0341581
0.0312612 0.0312612
0.0283642 0.0283642
0.0254673 0.0254673
0.0225703 0.0225703
0.0196734 0.0196734
0.0167764 0.0167764
0.0138795 0.0138795
0.0109825 0.0109825
0.00808557 0.00808557
0.00518862 0.00518862
0.00229167 0.00229167
-0.000519674 -0.000519674
0.00237693 0.00237693
0.00527202 0.00527202
0.00816715 0.00816715
0.0110623 0.0110623
0.0139574 0.0139574
0.0168525 0.0168525
0.0197477 0.0197477
0.0226428 0.0226428
0.0255379 0.0255379
0.0284331 0.0284331
0.0313282 0.0313282
0.0342233 0.0342233
0.0371185 0.0371185
0.0400136 0.0400136
0.0429087 0.0429087
0.0458039 0.0458039
0.048699 0.048699
0.0515941 0.0515941
0.0544893 0.0544893
0.0573844 0.0573844
0.0602795 0.0602795
0.0631746 0.0631746
0.0660698 0.0660698
0.0689649 0.0689649
0.07186 0.07186
0.0747552 0.0747552
0.0776503 0.0776503
0.0805454 0.0805454
0.0834406 0.0834406
0.0863357 0.0863357
0.0891982 0.0891982
0.0920594 0.0920594
0.0949193 0.0949193
0.0979385 0.0979385
0.101204 0.101204
0.104469 0.104469
0.107735 0.107735
0.111 0.111
0.114266 0.114266
0.117531 0.117531
0.114634 0.114634
0.111737 0.111737
0.108841 0.108841
0.105944 0.105944
0.103047 0.103047
0.10015 0.10015
0.0972527 0.0972527
0.0943558 0.0943558
0.0914588 0.0914588
0.0885619 0.0885619
0.0856649 0.0856649
0.082768 0.082768
0.079871 0.079871
0.0769741 0.0769741
0.0740771 0.0740771
0.0711802 0.0711802
0.0682832 0.0682832
0.0653863 0.0653863
0.0624893 0.0624893
0.0595924 0.0595924
0.0566955 0.0566955
0.0537985 0.0537985
0.0509016 0.0509016
0.0480046 0.0480046
0.0451077 0.0451077
0.0422107 0.0422107
0.0393138 0.0393138
0.0364168 0.0364168
0.0335199 0.0335199
0.0306229 0.0306229
0.027726 0.027726
0.024829 0.024829
0.0219321 0.0219321
0.0199227 0.0199227
0.0199227 0.0199227
0.0199227 0.0199227
0.0199227 0.0199227
0.0199227 0.0199227
0.0199227 0.0199227
0.0199227 0.0199227
0.0199227 0.0199227
0.0199227 0.0199227
0.0199227 0.0199227
0.0199227 0.0199227
0.0199227 0.0199227
0.0199227 0.0199227
0.0220897 0.0220897
0.0249847 0.0249847
0.0278797 0.0278797
0.0307747 0.0307747
0.0336697 0.0336697
0.0365648 0.0365648
0.0394598 0.0394598
0.0423548 0.0423548
0.0452498 0.0452498
0.0481448 0.0481448
0.0510398 0.0510398
0.0539348 0.0539348
0.0568298 0.0568298
0.0597248 0.0597248
0.0626199 0.0626199
0.0655149 0.0655149
0.0684099 0.0684099
0.0713049 0.0713049
0.0741999 0.0741999
0.0770949 0.0770949
0.0799899 0.0799899
0.0828849 0.0828849
0.0857799 0.0857799
0.0886749 0.0886749
0.09157 0.09157
0.094465 0.094465
0.09736 0.09736
0.100549 0.100549
0.103815 0.103815
0.107081 0.107081
0.110347 0.110347
0.113613 0.113613
0.116879 0.116879
0.120145 0.120145
0.117248 0.117248
0.114351 0.114351
0.111454 0.111454
0.108557 0.108557
0.10566 0.10566
0.102763 0.102763
0.0998665 0.0998665
0.0969696 0.0969696
0.0940726 0.0940726
0.0911757 0.0911757
0.0882787 0.0882787
0.0853818 0.0853818
0.0824848 0.0824848
0.0795879 0.0795879
0.0766909 0.0766909
0.073794 0.073794
0.070897 0.070897
0.0680001 0.0680001
0.0651031 0.0651031
0.0622062 0.0622062
0.0593092 0.0593092
0.0564123 0.0564123
0.0535153 0.0535153
0.0506184 0.0506184
0.0477215 0.0477215
0.0448245 0.0448245
0.0419687 0.0419687
0.0418713 0.0418713
0.0418713 0.0418713
0.0418713 0.0418713
0.0418713 0.0418713
0.0418713 0.0418713
0.0418713 0.0418713
0.0418713 0.0418713
0.0418713 0.0418713
0.0418713 0.0418713
0.0418713 0.0418713
0.0418713 0.0418713
0.0418713 0.0418713
0.0418713 0.0418713
0.0418713 0.0418713
0.0418713 0.0418713
0.0418713 0.0418713
0.0418713 0.0418713
0.0418713 0.0418713
0.0418713 0.0418713
0.0418713 0.0418713
0.0418713 0.0418713
0.0418713 0.0418713
0.0418713 0.0418713
0.0418713 0.0418713
0.0418713 0.0418713
0.0418978 0.0418978
0.0447924 0.0447924
0.0476871 0.0476871
0.0505818 0.0505818
0.0534764 0.0534764
0.0563711 0.0563711
0.0592658 0.0592658
0.0621604 0.0621604
0.0650551 0.0650551
0.0679498 0.0679498
0.0708444 0.0708444
0.0737391 0.0737391
0.0766338 0.0766338
0.0795284 0.0795284
0.0824231 0.0824231
0.0853178 0.0853178
0.0882124 0.0882124
0.0911071 0.0911071
0.0940018 0.0940018
0.0968964 0.0968964
0.0997911 0.0997911
0.102686 0.102686
0.10558 0.10558
0.108475 0.108475
0.11137 0.11137
0.114264 0.114264
0.117159 0.117159
0.120206 0.120206
0.117309 0.117309
0.114412 0.114412
0.111515 0.111515
0.108618 0.108618
0.105721 0.105721
0.102824 0.102824
0.0999271 0.0999271
0.0970301 0.0970301
0.0941332 0.0941332
0.0912362 0.0912362
0.0883393 0.0883393
0.0854423 0.0854423
0.0825454 0.0825454
0.0796484 0.0796484
0.0767515 0.0767515
0.0738545 0.0738545
0.0709576 0.0709576
0.0680606 0.0680606
0.0651637 0.0651637
0.0622667 0.0622667
0.0593698 0.0593698
0.0564728 0.0564728
0.0535759 0.0535759
0.0506789 0.0506789
0.047782 0.047782
0.044885 0.044885
0.0431932 0.0431932
0.0431932 0.0431932
0.0431932 0.0431932
0.0431932 0.0431932
0.0431932 0.0431932
0.0431932 0.0431932
0.0431932 0.0431932
0.0431932 0.0431932
0.0431932 0.0431932
0.0431932 0.0431932
0.0431932 0.0431932
0.0431932 0.0431932
0.0431932 0.0431932
0.0431932 0.0431932
0.0431932 0.0431932
0.0431932 0.0431932
0.0431932 0.0431932
0.0431932 0.0431932
0.0431932 0.0431932
0.0431932 0.0431932
0.0431932 0.0431932
0.0431932 0.0431932
0.0431932 0.0431932
0.0431932 0.0431932
0.0431932 0.0431932
0.0431932 0.0431932
0.0431932 0.0431932
0.0450267 0.0450267
0.0479217 0.0479217
0.0508167 0.0508167
0.0537117 0.0537117
0.0566067 0.0566067
0.0595017 0.0595017
0.0623967 0.0623967
0.0652917 0.0652917
0.0681867 0.0681867
0.0710818 0.0710818
0.0739768 0.0739768
0.0768718 0.0768718
0.0797668 0.0797668
0.0826618 0.0826618
0.0855568 0.0855568
0.0884518 0.0884518
0.0913468 0.0913468
0.0942418 0.0942418
0.0971369 0.0971369
0.100032 0.100032
0.102927 0.102927
0.105822 0.105822
0.108717 0.108717
0.111612 0.111612
0.114507 0.114507
0.117402 0.117402
0.120306 0.120306
0.117409 0.117409
0.114512 0.114512
0.111615 0.111615
0.108718 0.108718
0.105821 0.105821
0.102924 0.102924
0.100027 0.100027
0.0971305 0.0971305
0.0942335 0.0942335
0.0913366 0.0913366
0.0884396 0.0884396
0.0855427 0.0855427
0.0826457 0.0826457
0.0797488 0.0797488
0.0768518 0.0768518
0.0739549 0.0739549
0.0710579 0.0710579
0.068161 0.068161
0.065264 0.065264
0.0623671 0.0623671
0.0594702 0.0594702
0.0565732 0.0565732
0.0536763 0.0536763
0.0507793 0.0507793
0.0478824 0.0478824
0.0449854 0.0449854
0.0432727 0.0432727
0.0432727 0.0432727
0.0432727 0.0432727
0.0432727 0.0432727
0.0432727 0.0432727
0.0432727 0.0432727
0.0432727 0.0432727
0.0432727 0.0432727
0.0432727 0.0432727
0.0432727 0.0432727
0.0432727 0.0432727
0.0432727 0.0432727
0.0432727 0.0432727
0.0432727 0.0432727
0.0432727 0.0432727
0.0432727 0.0432727
0.0432727 0.0432727
0.0432727 0.0432727
0.0432727 0.0432727
0.0432727 0.0432727
0.0432727 0.0432727
0.0432727 0.0432727
0.0432727 0.0432727
0.0432727 0.0432727
0.0432727 0.0432727
0.0432727 0.0432727
0.0432727 0.0432727
0.0449535 0.0449535
0.0478482 0.0478482
0.0507428 0.0507428
0.0536375 0.0536375
0.0565322 0.0565322
0.0594268 0.0594268
0.0623215 0.0623215
0.0652162 0.0652162
0.0681108 0.0681108
0.0710055 0.0710055
0.0739002 0.0739002
0.0767948 0.0767948
0.0796895 0.0796895
0.0825842 0.0825842
0.0854788 0.0854788
0.0883735 0.0883735
0.0912682 0.0912682
0.0941628 0.0941628
0.0970575 0.0970575
0.0999522 0.0999522
0.102847 0.102847
0.105742 0.105742
0.108636 0.108636
0.111531 0.111531
0.114426 0.114426
0.11732 0.11732
0.120215 0.120215
0.117318 0.117318
0.114421 0.114421
0.111525 0.111525
0.108628 0.108628
0.105731 0.105731
0.102834 0.102834
0.0999368 0.0999368
0.0970398 0.0970398
0.0941429 0.0941429
0.0912459 0.0912459
0.088349 0.088349
0.085452 0.085452
0.0825551 0.0825551
0.0796581 0.0796581
0.0767612 0.0767612
0.0738642 0.0738642
0.0709673 0.0709673
0.0680703 0.0680703
0.0651734 0.0651734
0.0622764 0.0622764
0.0593795 0.0593795
0.0564825 0.0564825
0.0535856 0.0535856
0.0506886 0.0506886
0.0477917 0.0477917
0.0448947 0.0448947
0.0432775 0.0432775
0.0432775 0.0432775
0.0432775 0.0432775
0.0432775 0.0432775
0.0432775 0.0432775
0.0432775 0.0432775
0.0432775 0.0432775
0.0432775 0.0432775
0.0432775 0.0432775
0.0432775 0.0432775
0.0432775 0.0432775
0.0432775 0.0432775
0.0432775 0.0432775
0.0432775 0.0432775
0.0432775 0.0432775
0.0432775 0.0432775
0.0432775 0.0432775
0.0432775 0.0432775
0.0432775 0.0432775
0.0432775 0.0432775
0.0432775 0.0432775
0.0432775 0.0432775
0.0432775 0.0432775
0.0432775 0.0432775
0.0432775 0.0432775
0.0432775 0.0432775
0.0432775 0.0432775
0.0450363 0.0450363
0.0479314 0.0479314
0.0508264 0.0508264
0.0537214 0.0537214
0.0566164 0.0566164
0.0595114 0.0595114
0.0624064 0.0624064
0.0653014 0.0653014
0.0681964 0.0681964
0.0710914 0.0710914
0.0739865 0.0739865
0.0768815 0.0768815
0.0797765 0.0797765
0.0826715 0.0826715
0.0855665 0.0855665
0.0884615 0.0884615
0.0913565 0.0913565
0.0942515 0.0942515
0.0971465 0.0971465
0.100042 0.100042
0.102937 0.102937
0.105832 0.105832
0.108727 0.108727
0.111622 0.111622
0.114517 0.114517
0.117412 0.117412
0.120307 0.120307
0.11741 0.11741
0.114513 0.114513
0.111616 0.111616
0.108719 0.108719
0.105822 0.105822
0.102925 0.102925
0.100028 0.100028
0.0971311 0.0971311
0.0942341 0.0942341
0.0913372 0.0913372
0.0884402 0.0884402
0.0855433 0.0855433
0.0826463 0.0826463
0.0797494 0.0797494
0.0768524 0.0768524
0.0739555 0.0739555
0.0710585 0.0710585
0.0681616 0.0681616
0.0652646 0.0652646
0.0623677 0.0623677
0.0594707 0.0594707
0.0565738 0.0565738
0.0536768 0.0536768
0.0507799 0.0507799
0.0478829 0.0478829
0.044986 0.044986
0.0432778 0.0432778
0.0432778 0.0432778
0.0432778 0.0432778
0.0432778 0.0432778
0.0432778 0.0432778
0.0432778 0.0432778
0.0432778 0.0432778
0.0432778 0.0432778
0.0432778 0.0432778
0.0432778 0.0432778
0.0432778 0.0432778
0.0432778 0.0432778
0.0432778 0.0432778
0.0432778 0.0432778
0.0432778 0.0432778
0.0432778 0.0432778
0.0432778 0.0432778
0.0432778 0.0432778
0.0432778 0.0432778
0.0432778 0.0432778
0.0432778 0.0432778
0.0432778 0.0432778
0.0432778 0.0432778
0.0432778 0.0432778
0.0432778 0.0432778
0.0432778 0.0432778
0.0432778 0.0432778
0.0449541 0.0449541
0.0478487 0.0478487
0.0507434 0.0507434
0.0536381 0.0536381
0.0565327 0.0565327
0.0594274 0.0594274
0.0623221 0.0623221
0.0652168 0.0652168
0.0681114 0.0681114
0.0710061 0.0710061
0.0739008 0.0739008
0.0767954 0.0767954
0.0796901 0.0796901
0.0825848 0.0825848
0.0854794 0.0854794
0.0883741 0.0883741
0.0912688 0.0912688
0.0941634 0.0941634
0.0970581 0.0970581
0.0999528 0.0999528
0.102847 0.102847
0.105742 0.105742
0.108637 0.108637
0.111531 0.111531
0.114426 0.114426
0.117321 0.117321
0.120215 0.120215
0.123481 0.123481
0.126747 0.126747
0.130013 0.130013
0.133279 0.133279
0.136545 0.136545
0.139811 0.139811
0.143077 0.143077
0.146343 0.146343
0.149609 0.149609
0.152875 0.152875
0.156141 0.156141
0.159407 0.159407
0.162673 0.162673
0.165939 0.165939
0.169205 0.169205
0.172471 0.172471
0.175737 0.175737
0.179003 0.179003
0.182269 0.182269
0.185535 0.185535
0.182638 0.182638
0.179741 0.179741
0.176844 0.176844
0.173947 0.173947
0.17105 0.17105
0.168153 0.168153
0.165256 0.165256
0.162359 0.162359
0.159462 0.159462
0.156565 0.156565
0.153668 0.153668
0.150771 0.150771
0.147875 0.147875
0.144978 0.144978
0.142081 0.142081
0.139184 0.139184
0.136287 0.136287
0.13339 0.13339
0.130493 0.130493
0.127596 0.127596
0.124699 0.124699
0.121802 0.121802
0.118905 0.118905
0.116008 0.116008
0.113111 0.113111
0.110214 0.110214
0.107895 0.107895
0.107895 0.107895
0.107895 0.107895
0.107895 0.107895
0.107895 0.107895
0.107895 0.107895
0.107895 0.107895
0.107895 0.107895
0.107895 0.107895
0.107895 0.107895
0.107895 0.107895
0.107895 0.107895
0.107895 0.107895
0.107895 0.107895
0.107895 0.107895
0.107895 0.107895
0.107895 0.107895
0.107895 0.107895
0.107895 0.107895
0.107895 0.107895
0.107895 0.107895
0.107895 0.107895
0.107895 0.107895
0.107895 0.107895
0.107895 0.107895
0.107895 0.107895
0.107895 0.107895
0.107895 0.107895
0.107895 0.107895
0.107895 0.107895
0.107895 0.107895
0.107895 0.107895
0.107895 0.107895
0.107895 0.107895
0.107895 0.107895
0.107895 0.107895
0.107895 0.107895
0.107895 0.107895
0.107895 0.107895
0.107895 0.107895
0.107895 0.107895
0.107895 0.107895
0.107895 0.107895
0.107895 0.107895
0.107895 0.107895
0.107895 0.107895
0.107895 0.107895
0.107895 0.107895
0.107895 0.107895
0.107895 0.107895
0.107895 0.107895
0.107895 0.107895
0.107895 0.107895
0.107895 0.107895
0.107895 0.107895
0.107895 0.107895
0.106352 0.106352
0.104529 0.104529
0.102707 0.102707
0.100884 0.100884
0.0990618 0.0990618
0.0972392 0.0972392
0.0954166 0.0954166
0.0972855 0.0972855
0.100164 0.100164
0.103043 0.103043
0.105922 0.105922
0.108801 0.108801
0.11168 0.11168
0.114559 0.114559
0.117438 0.117438
0.120317 0.120317
0.123196 0.123196
0.126438 0.126438
0.129703 0.129703
0.132969 0.132969
0.136235 0.136235
0.139501 0.139501
0.142766 0.142766
0.146032 0.146032
0.149298 0.149298
0.152564 0.152564
0.155829 0.155829
0.159095 0.159095
0.162361 0.162361
0.165627 0.165627
0.168893 0.168893
0.172158 0.172158
0.175424 0.175424
0.17869 0.17869
0.181956 0.181956
0.185221 0.185221
0.188487 0.188487
0.191753 0.191753
0.188856 0.188856
0.185959 0.185959
0.183062 0.183062
0.180165 0.180165
0.177268 0.177268
0.174371 0.174371
0.171474 0.171474
0.168577 0.168577
0.16568 0.16568
0.162783 0.162783
0.161255 0.161255
0.161255 0.161255
0.161255 0.161255
0.161255 0.161255
0.161255 0.161255
0.161255 0.161255
0.161255 0.161255
0.161255 0.161255
0.161255 0.161255
0.161255 0.161255
0.161255 0.161255
0.161255 0.161255
0.161255 0.161255
0.161255 0.161255
0.161255 0.161255
0.161255 0.161255
0.161255 0.161255
0.161255 0.161255
0.161255 0.161255
0.161255 0.161255
0.161255 0.161255
0.161255 0.161255
0.161255 0.161255
0.161255 0.161255
0.161255 0.161255
0.161255 0.161255
0.161255 0.161255
0.161255 0.161255
0.161255 0.161255
0.161255 0.161255
0.161255 0.161255
0.161255 0.161255
0.161255 0.161255
0.161255 0.161255
0.161255 0.161255
0.161255 0.161255
0.161255 0.161255
0.161255 0.161255
0.161255 0.161255
0.161255 0.161255
0.161255 0.161255
0.161255 0.161255
0.161255 0.161255
0.161255 0.161255
0.161255 0.161255
0.161255 0.161255
0.161255 0.161255
0.161255 0.161255
0.161255 0.161255
0.161255 0.161255
0.161255 0.161255
0.161255 0.161255
0.161255 0.161255
0.161255 0.161255
0.161255 0.161255
0.161255 0.161255
0.161255 0.161255
0.161255 0.161255
0.161255 0.161255
0.161255 0.161255
0.161255 0.161255
0.161255 0.161255
0.161255 0.161255
0.161255 0.161255
0.161255 0.161255
0.161255 0.161255
0.161255 0.161255
0.161255 0.161255
0.161255 0.161255
0.161255 0.161255
0.161255 0.161255
0.161255 0.161255
0.161255 0.161255
0.161255 0.161255
0.161255 0.161255
0.161255 0.161255
0.161255 0.161255
0.161255 0.161255
0.161255 0.161255
0.161255 0.161255
0.161255 0.161255
0.161255 0.161255
0.161255 0.161255
0.161255 0.161255
0.161255 0.161255
0.161255 0.161255
0.159939 0.159939
0.1581 0.1581
0.156261 0.156261
0.154421 0.154421
0.152582 0.152582
0.150743 0.150743
0.148904 0.148904
0.147065 0.147065
0.146456 0.146456
0.149334 0.149334
0.152213 0.152213
0.155091 0.155091
0.15797 0.15797
0.160848 0.160848
0.163727 0.163727
0.166802 0.166802
0.169895 0.169895
0.172988 0.172988
0.176082 0.176082
0.179175 0.179175
0.182268 0.182268
0.185362 0.185362
0.188455 0.188455
0.191711 0.191711
0.188814 0.188814
0.185917 0.185917
0.18302 0.18302
0.180123 0.180123
0.177227 0.177227
0.17433 0.17433
0.171433 0.171433
0.168536 0.168536
0.165639 0.165639
0.162742 0.162742
0.161639 0.161639
0.161639 0.161639
0.161639 0.161639
0.161639 0.161639
0.161639 0.161639
0.161639 0.161639
0.161639 0.161639
0.161639 0.161639
0.161639 0.161639
0.161639 0.161639
0.161639 0.161639
0.161639 0.161639
0.161639 0.161639
0.161639 0.161639
0.161639 0.161639
0.161639 0.161639
0.161639 0.161639
0.161639 0.161639
0.161639 0.161639
0.161639 0.161639
0.161639 0.161639
0.161639 0.161639
0.161639 0.161639
0.161639 0.161639
0.161639 0.161639
0.161639 0.161639
0.161639 0.161639
0.161639 0.161639
0.161639 0.161639
0.161639 0.161639
0.161639 0.161639
0.161639 0.161639
0.161639 0.161639
0.161639 0.161639
0.161639 0.161639
0.161639 0.161639
0.161639 0.161639
0.161639 0.161639
0.161639 0.161639
0.161639 0.161639
0.161639 0.161639
0.161639 0.161639
0.161639 0.161639
0.161639 0.161639
0.161639 0.161639
0.161639 0.161639
0.161639 0.161639
0.161639 0.161639
0.161639 0.161639
0.161639 0.161639
0.161639 0.161639
0.161639 0.161639
0.161639 0.161639
0.161639 0.161639
0.161639 0.161639
0.161639 0.161639
0.161639 0.161639
0.161639 0.161639
0.161639 0.161639
0.161639 0.161639
0.161639 0.161639
0.161639 0.161639
0.161639 0.161639
0.161639 0.161639
0.161639 0.161639
0.161639 0.161639
0.161639 0.161639
0.161639 0.161639
0.161639 0.161639
0.161639 0.161639
0.161639 0.161639
0.161639 0.161639
0.161639 0.161639
0.161639 0.161639
0.161639 0.161639
0.161639 0.161639
0.161639 0.161639
0.161639 0.161639
0.161639 0.161639
0.161639 0.161639
0.161639 0.161639
0.161639 0.161639
0.161639 0.161639
0.161639 0.161639
0.161639 0.161639
0.161639 0.161639
0.160565 0.160565
0.158726 0.158726
0.156887 0.156887
0.155048 0.155048
0.153209 0.153209
0.15137 0.15137
0.149531 0.149531
0.147692 0.147692
0.14659 0.14659
0.149469 0.149469
0.152347 0.152347
0.155226 0.155226
0.158105 0.158105
0.160984 0.160984
0.163933 0.163933
0.16703 0.16703
0.170127 0.170127
0.173224 0.173224
0.176321 0.176321
0.179417 0.179417
0.182514 0.182514
0.185611 0.185611
0.188708 0.188708
0.191806 0.191806
0.188909 0.188909
0.186012 0.186012
0.183115 0.183115
0.180218 0.180218
0.177321 0.177321
0.174424 0.174424
0.171527 0.171527
0.16863 0.16863
0.165733 0.165733
0.162836 0.162836
0.161717 0.161717
0.161717 0.161717
0.161717 0.161717
0.161717 0.161717
0.161717 0.161717
0.161717 0.161717
0.161717 0.161717
0.161717 0.161717
0.161717 0.161717
0.161717 0.161717
0.161717 0.161717
0.161717 0.161717
0.161717 0.161717
0.161717 0.161717
0.161717 0.161717
0.161717 0.161717
0.161717 0.161717
0.161717 0.161717
0.161717 0.161717
0.161717 0.161717
0.161717 0.161717
0.161717 0.161717
0.161717 0.161717
0.161717 0.161717
0.161717 0.161717
0.161717 0.161717
0.161717 0.161717
0.161717 0.161717
0.161717 0.161717
0.161717 0.161717
0.161717 0.161717
0.161717 0.161717
0.161717 0.161717
0.161717 0.161717
0.161717 0.161717
0.161717 0.161717
0.161717 0.161717
0.161717 0.161717
0.161717 0.161717
0.161717 0.161717
0.161717 0.161717
0.161717 0.161717
0.161717 0.161717
0.161717 0.161717
0.161717 0.161717
0.161717 0.161717
0.161717 0.161717
0.161717 0.161717
0.161717 0.161717
0.161717 0.161717
0.161717 0.161717
0.161717 0.161717
0.161717 0.161717
0.161717 0.161717
0.161717 0.161717
0.161717 0.161717
0.161717 0.161717
0.161717 0.161717
0.161717 0.161717
0.161717 0.161717
0.161717 0.161717
0.161717 0.161717
0.161717 0.161717
0.161717 0.161717
0.161717 0.161717
0.161717 0.161717
0.161717 0.161717
0.161717 0.161717
0.161717 0.161717
0.161717 0.161717
0.161717 0.161717
0.161717 0.161717
0.161717 0.161717
0.161717 0.161717
0.161717 0.161717
0.161717 0.161717
0.161717 0.161717
0.161717 0.161717
0.161717 0.161717
0.161717 0.161717
0.161717 0.161717
0.161717 0.161717
0.161717 0.161717
0.161717 0.161717
0.161717 0.161717
0.161717 0.161717
0.160626 0.160626
0.158786 0.158786
0.156947 0.156947
0.155108 0.155108
0.153269 0.153269
0.15143 0.15143
0.14959 0.14959
0.147751 0.147751
0.146509 0.146509
0.149387 0.149387
0.152265 0.152265
0.155144 0.155144
0.158022 0.158022
0.160901 0.160901
0.163843 0.163843
0.166939 0.166939
0.170036 0.170036
0.173132 0.173132
0.176229 0.176229
0.179326 0.179326
0.182422 0.182422
0.185519 0.185519
0.188615 0.188615
0.191712 0.191712
0.188815 0.188815
0.185918 0.185918
0.183021 0.183021
0.180124 0.180124
0.177227 0.177227
0.17433 0.17433
0.171433 0.171433
0.168536 0.168536
0.165639 0.165639
0.162742 0.162742
0.161643 0.161643
0.161643 0.161643
0.161643 0.161643
0.161643 0.161643
0.161643 0.161643
0.161643 0.161643
0.161643 0.161643
0.161643 0.161643
0.161643 0.161643
0.161643 0.161643
0.161643 0.161643
0.161643 0.161643
0.161643 0.161643
0.161643 0.161643
0.161643 0.161643
0.161643 0.161643
0.161643 0.161643
0.161643 0.161643
0.161643 0.161643
0.161643 0.161643
0.161643 0.161643
0.161643 0.161643
0.161643 0.161643
0.161643 0.161643
0.161643 0.161643
0.161643 0.161643
0.161643 0.161643
0.161643 0.161643
0.161643 0.161643
0.161643 0.161643
0.161643 0.161643
0.161643 0.161643
0.161643 0.161643
0.161643 0.161643
0.161643 0.161643
0.161643 0.161643
0.161643 0.161643
0.161643 0.161643
0.161643 0.161643
0.161643 0.161643
0.161643 0.161643
0.161643 0.161643
0.161643 0.161643
0.161643 0.161643
0.161643 0.161643
0.161643 0.161643
0.161643 0.161643
0.161643 0.161643
0.161643 0.161643
0.161643 0.161643
0.161643 0.161643
0.161643 0.161643
0.161643 0.161643
0.161643 0.161643
0.161643 0.161643
0.161643 0.161643
0.161643 0.161643
0.161643 0.161643
0.161643 0.161643
0.161643 0.161643
0.161643 0.161643
0.161643 0.161643
0.161643 0.161643
0.161643 0.161643
0.161643 0.161643
0.161643 0.161643
0.161643 0.161643
0.161643 0.161643
0.161643 0.161643
0.161643 0.161643
0.161643 0.161643
0.161643 0.161643
0.161643 0.161643
0.161643 0.161643
0.161643 0.161643
0.161643 0.161643
0.161643 0.161643
0.161643 0.161643
0.161643 0.161643
0.161643 0.161643
0.161643 0.161643
0.161643 0.161643
0.161643 0.161643
0.161643 0.161643
0.161643 0.161643
0.161643 0.161643
0.160571 0.160571
0.158732 0.158732
0.156893 0.156893
0.155054 0.155054
0.153215 0.153215
0.151376 0.151376
0.149537 0.149537
0.147698 0.147698
0.14659 0.14659
0.149469 0.149469
0.152348 0.152348
0.155227 0.155227
0.158105 0.158105
0.160984 0.160984
0.163935 0.163935
0.167031 0.167031
0.170128 0.170128
0.173225 0.173225
0.176322 0.176322
0.179419 0.179419
0.182515 0.182515
0.185612 0.185612
0.188709 0.188709
0.191806 0.191806
0.188909 0.188909
0.186012 0.186012
0.183115 0.183115
0.180218 0.180218
0.177321 0.177321
0.174424 0.174424
0.171527 0.171527
0.16863 0.16863
0.165733 0.165733
0.162836 0.162836
0.161717 0.161717
0.161717 0.161717
0.161717 0.161717
0.161717 0.161717
0.161717 0.161717
0.161717 0.161717
0.161717 0.161717
0.161717 0.161717
0.161717 0.161717
0.161717 0.161717
0.161717 0.161717
0.161717 0.161717
0.161717 0.161717
0.161717 0.161717
0.161717 0.161717
0.161717 0.161717
0.161717 0.161717
0.161717 0.161717
0.161717 0.161717
0.161717 0.161717
0.161717 0.161717
0.161717 0.161717
0.161717 0.161717
0.161717 0.161717
0.161717 0.161717
0.161717 0.161717
0.161717 0.161717
0.161717 0.161717
0.161717 0.161717
0.161717 0.161717
0.161717 0.161717
0.161717 0.161717
0.161717 0.161717
0.161717 0.161717
0.161717 0.161717
0.161717 0.161717
0.161717 0.161717
0.161717 0.161717
0.161717 0.161717
0.161717 0.161717
0.161717 0.161717
0.161717 0.161717
0.161717 0.161717
0.161717 0.161717
0.161717 0.161717
0.161717 0.161717
0.161717 0.161717
0.161717 0.161717
0.161717 0.161717
0.161717 0.161717
0.161717 0.161717
0.161717 0.161717
0.161717 0.161717
0.161717 0.161717
0.161717 0.161717
0.161717 0.161717
0.161717 0.161717
0.161717 0.161717
0.161717 0.161717
0.161717 0.161717
0.161717 0.161717
0.161717 0.161717
0.161717 0.161717
0.161717 0.161717
0.161717 0.161717
0.161717 0.161717
0.161717 0.161717
0.161717 0.161717
0.161717 0.161717
0.161717 0.161717
0.161717 0.161717
0.161717 0.161717
0.161717 0.161717
0.161717 0.161717
0.161717 0.161717
0.161717 0.161717
0.161717 0.161717
0.161717 0.161717
0.161717 0.161717
0.161717 0.161717
0.161717 0.161717
0.161717 0.161717
0.161717 0.161717
0.161717 0.161717
0.161717 0.161717
0.161717 0.161717
0.160626 0.160626
0.158786 0.158786
0.156947 0.156947
0.155108 0.155108
0.153269 0.153269
0.15143 0.15143
0.14959 0.14959
0.147751 0.147751
0.146509 0.146509
0.149387 0.149387
0.152265 0.152265
0.155144 0.155144
0.158022 0.158022
0.160901 0.160901
0.163843 0.163843
0.166939 0.166939
0.170036 0.170036
0.173132 0.173132
0.176229 0.176229
0.179326 0.179326
0.182422 0.182422
0.185519 0.185519
0.188615 0.188615
0.191712 0.191712
0.194978 0.194978
0.198243 0.198243
0.201509 0.201509
0.204775 0.204775
0.208041 0.208041
0.211306 0.211306
0.214572 0.214572
0.217838 0.217838
0.221104 0.221104
0.224369 0.224369
0.227635 0.227635
0.230901 0.230901
0.234167 0.234167
0.237432 0.237432
0.240698 0.240698
0.243964 0.243964
0.24723 0.24723
0.250495 0.250495
0.253761 0.253761
0.257027 0.257027
0.260293 0.260293
0.257396 0.257396
0.254499 0.254499
0.251602 0.251602
0.248705 0.248705
0.245808 0.245808
0.242911 0.242911
0.240014 0.240014
0.237117 0.237117
0.23422 0.23422
0.231323 0.231323
0.229453 0.229453
0.229453 0.229453
0.229453 0.229453
0.229453 0.229453
0.229453 0.229453
0.229453 0.229453
0.229453 0.229453
0.229453 0.229453
0.229453 0.229453
0.229453 0.229453
0.229453 0.229453
0.229453 0.229453
0.229453 0.229453
0.229453 0.229453
0.229453 0.229453
0.229453 0.229453
0.229453 0.229453
0.229453 0.229453
0.229453 0.229453
0.229453 0.229453
0.229453 0.229453
0.229453 0.229453
0.229453 0.229453
0.229453 0.229453
0.229453 0.229453
0.229453 0.229453
0.229453 0.229453
0.229453 0.229453
0.229453 0.229453
0.229453 0.229453
0.229453 0.229453
0.229453 0.229453
0.229453 0.229453
0.229453 0.229453
0.229453 0.229453
0.229453 0.229453
0.229453 0.229453
0.229453 0.229453
0.229453 0.229453
0.229453 0.229453
0.229453 0.229453
0.229453 0.229453
0.229453 0.229453
0.229453 0.229453
0.229438 0.229438
0.229338 0.229338
0.229239 0.229239
0.22914 0.22914
0.229041 0.229041
0.228942 0.228942
0.228843 0.228843
0.228744 0.228744
0.228645 0.228645
0.228546 0.228546
0.228447 0.228447
0.228348 0.228348
0.228248 0.228248
0.228149 0.228149
0.22805 0.22805
0.227951 0.227951
0.227852 0.227852
0.227753 0.227753
0.227654 0.227654
0.227555 0.227555
0.227456 0.227456
0.227357 0.227357
0.227258 0.227258
0.227159 0.227159
0.227059 0.227059
0.22696 0.22696
0.226861 0.226861
0.226762 0.226762
0.226663 0.226663
0.226564 0.226564
0.226465 0.226465
0.226366 0.226366
0.226267 0.226267
0.226168 0.226168
0.226069 0.226069
0.22597 0.22597
0.22587 0.22587
0.225771 0.225771
0.225672 0.225672
0.225415 0.225415
0.223288 0.223288
0.221162 0.221162
0.219035 0.219035
0.216908 0.216908
0.214781 0.214781
0.212655 0.212655
0.210528 0.210528
0.208401 0.208401
0.206274 0.206274
0.204148 0.204148
0.202021 0.202021
0.199894 0.199894
0.197768 0.197768
0.195641 0.195641
0.193514 0.193514
0.191387 0.191387
0.189261 0.189261
0.187134 0.187134
0.185007 0.185007
0.18288 0.18288
0.180754 0.180754
0.178627 0.178627
0.1765 0.1765
0.174374 0.174374
0.172247 0.172247
0.17012 0.17012
0.167993 0.167993
0.165867 0.165867
0.16374 0.16374
0.161613 0.161613
0.159486 0.159486
0.15736 0.15736
0.155233 0.155233
0.153186 0.153186
0.156063 0.156063
0.15894 0.15894
0.161817 0.161817
0.1648 0.1648
0.167896 0.167896
0.170992 0.170992
0.174088 0.174088
0.177185 0.177185
0.180281 0.180281
0.183377 0.183377
0.186473 0.186473
0.189569 0.189569
0.192688 0.192688
0.195954 0.195954
0.19922 0.19922
0.202485 0.202485
0.205751 0.205751
0.209017 0.209017
0.212282 0.212282
0.215548 0.215548
0.218814 0.218814
0.22208 0.22208
0.225345 0.225345
0.228611 0.228611
0.231877 0.231877
0.235143 0.235143
0.238408 0.238408
0.241674 0.241674
0.24494 0.24494
0.248206 0.248206
0.251471 0.251471
0.254737 0.254737
0.258003 0.258003
0.261269 0.261269
0.258372 0.258372
0.255475 0.255475
0.252578 0.252578
0.249681 0.249681
0.246784 0.246784
0.243887 0.243887
0.24099 0.24099
0.238093 0.238093
0.237206 0.237206
0.237206 0.237206
0.237206 0.237206
0.237206 0.237206
0.237206 0.237206
0.237206 0.237206
0.237206 0.237206
0.237206 0.237206
0.237206 0.237206
0.237206 0.237206
0.237206 0.237206
0.237206 0.237206
0.237206 0.237206
0.237206 0.237206
0.237206 0.237206
0.237206 0.237206
0.237206 0.237206
0.237206 0.237206
0.237206 0.237206
0.237206 0.237206
0.237206 0.237206
0.237206 0.237206
0.237206 0.237206
0.237206 0.237206
0.237206 0.237206
0.237206 0.237206
0.237206 0.237206
0.237206 0.237206
0.237206 0.237206
0.237206 0.237206
0.237206 0.237206
0.237206 0.237206
0.237206 0.237206
0.237206 0.237206
0.237206 0.237206
0.237206 0.237206
0.237206 0.237206
0.237206 0.237206
0.237206 0.237206
0.237206 0.237206
0.237206 0.237206
0.237206 0.237206
0.237206 0.237206
0.237206 0.237206
0.237206 0.237206
0.237206 0.237206
0.237206 0.237206
0.237206 0.237206
0.237198 0.237198
0.237095 0.237095
0.236992 0.236992
0.23689 0.23689
0.236787 0.236787
0.236684 0.236684
0.236582 0.236582
0.236479 0.236479
0.236376 0.236376
0.236274 0.236274
0.236171 0.236171
0.236068 0.236068
0.235966 0.235966
0.235863 0.235863
0.23576 0.23576
0.235658 0.235658
0.235555 0.235555
0.235452 0.235452
0.23535 0.23535
0.235247 0.235247
0.235144 0.235144
0.235041 0.235041
0.234939 0.234939
0.234836 0.234836
0.234733 0.234733
0.234631 0.234631
0.234528 0.234528
0.234425 0.234425
0.234323 0.234323
0.23422 0.23422
0.234117 0.234117
0.234015 0.234015
0.233912 0.233912
0.233809 0.233809
0.233707 0.233707
0.233604 0.233604
0.233501 0.233501
0.233399 0.233399
0.233296 0.233296
0.233193 0.233193
0.23115 0.23115
0.229021 0.229021
0.226893 0.226893
0.224765 0.224765
0.222636 0.222636
0.220508 0.220508
0.218379 0.218379
0.216251 0.216251
0.214123 0.214123
0.211994 0.211994
0.209866 0.209866
0.207738 0.207738
0.205609 0.205609
0.203481 0.203481
0.201353 0.201353
0.199224 0.199224
0.197096 0.197096
0.194967 0.194967
0.193061 0.193061
0.192499 0.192499
0.191937 0.191937
0.191376 0.191376
0.190814 0.190814
0.190252 0.190252
0.189691 0.189691
0.189129 0.189129
0.188567 0.188567
0.188005 0.188005
0.187444 0.187444
0.186882 0.186882
0.18632 0.18632
0.185758 0.185758
0.185197 0.185197
0.184635 0.184635
0.184073 0.184073
0.183511 0.183511
0.18295 0.18295
0.182388 0.182388
0.181826 0.181826
0.181264 0.181264
0.182475 0.182475
0.185623 0.185623
0.18877 0.18877
0.191918 0.191918
0.195065 0.195065
0.198213 0.198213
0.20136 0.20136
0.204508 0.204508
0.207655 0.207655
0.210803 0.210803
0.21395 0.21395
0.217098 0.217098
0.220245 0.220245
0.223393 0.223393
0.22654 0.22654
0.229688 0.229688
0.232835 0.232835
0.235983 0.235983
0.23913 0.23913
0.242278 0.242278
0.245425 0.245425
0.248573 0.248573
0.25172 0.25172
0.254868 0.254868
0.258015 0.258015
0.261179 0.261179
0.258282 0.258282
0.255385 0.255385
0.252488 0.252488
0.249591 0.249591
0.246694 0.246694
0.243797 0.243797
0.2409 0.2409
0.238003 0.238003
0.237163 0.237163
0.237163 0.237163
0.237163 0.237163
0.237163 0.237163
0.237163 0.237163
0.237163 0.237163
0.237163 0.237163
0.237163 0.237163
0.237163 0.237163
0.237163 0.237163
0.237163 0.237163
0.237163 0.237163
0.237163 0.237163
0.237163 0.237163
0.237163 0.237163
0.237163 0.237163
0.237163 0.237163
0.237163 0.237163
0.237163 0.237163
0.237163 0.237163
0.237163 0.237163
0.237163 0.237163
0.237163 0.237163
0.237163 0.237163
0.237163 0.237163
0.237163 0.237163
0.237163 0.237163
0.237163 0.237163
0.237163 0.237163
0.237163 0.237163
0.237163 0.237163
0.237163 0.237163
0.237163 0.237163
0.237163 0.237163
0.237163 0.237163
0.237163 0.237163
0.237163 0.237163
0.237163 0.237163
0.237163 0.237163
0.237163 0.237163
0.237163 0.237163
0.237163 0.237163
0.237163 0.237163
0.237163 0.237163
0.237163 0.237163
0.237163 0.237163
0.237163 0.237163
0.237163 0.237163
0.237156 0.237156
0.237054 0.237054
0.236952 0.236952
0.236849 0.236849
0.236747 0.236747
0.236645 0.236645
0.236542 0.236542
0.23644 0.23644
0.236338 0.236338
0.236235 0.236235
0.236133 0.236133
0.236031 0.236031
0.235928 0.235928
0.235826 0.235826
0.235724 0.235724
0.235621 0.235621
0.235519 0.235519
0.235417 0.235417
0.235314 0.235314
0.235212 0.235212
0.23511 0.23511
0.235007 0.235007
0.234905 0.234905
0.234803 0.234803
0.2347 0.2347
0.234598 0.234598
0.234496 0.234496
0.234393 0.234393
0.234291 0.234291
0.234188 0.234188
0.234086 0.234086
0.233984 0.233984
0.233881 0.233881
0.233779 0.233779
0.233677 0.233677
0.233574 0.233574
0.233472 0.233472
0.23337 0.23337
0.233267 0.233267
0.233165 0.233165
0.231142 0.231142
0.229014 0.229014
0.226885 0.226885
0.224757 0.224757
0.222629 0.222629
0.220501 0.220501
0.218373 0.218373
0.216244 0.216244
0.214116 0.214116
0.211988 0.211988
0.20986 0.20986
0.207731 0.207731
0.205603 0.205603
0.203475 0.203475
0.201347 0.201347
0.199219 0.199219
0.19709 0.19709
0.194962 0.194962
0.193284 0.193284
0.192726 0.192726
0.192169 0.192169
0.191611 0.191611
0.191053 0.191053
0.190496 0.190496
0.189938 0.189938
0.18938 0.18938
0.188822 0.188822
0.188265 0.188265
0.187707 0.187707
0.187149 0.187149
0.186591 0.186591
0.186034 0.186034
0.185476 0.185476
0.184918 0.184918
0.184361 0.184361
0.183803 0.183803
0.183245 0.183245
0.182687 0.182687
0.18213 0.18213
0.181572 0.181572
0.182575 0.182575
0.185723 0.185723
0.188871 0.188871
0.192019 0.192019
0.195167 0.195167
0.198315 0.198315
0.201463 0.201463
0.20461 0.20461
0.207758 0.207758
0.210906 0.210906
0.214054 0.214054
0.217202 0.217202
0.22035 0.22035
0.223498 0.223498
0.226646 0.226646
0.229794 0.229794
0.232942 0.232942
0.23609 0.23609
0.239238 0.239238
0.242385 0.242385
0.245533 0.245533
0.248681 0.248681
0.251829 0.251829
0.254977 0.254977
0.258125 0.258125
0.261273 0.261273
0.258376 0.258376
0.255479 0.255479
0.252582 0.252582
0.249685 0.249685
0.246788 0.246788
0.243891 0.243891
0.240994 0.240994
0.238097 0.238097
0.237244 0.237244
0.237244 0.237244
0.237244 0.237244
0.237244 0.237244
0.237244 0.237244
0.237244 0.237244
0.237244 0.237244
0.237244 0.237244
0.237244 0.237244
0.237244 0.237244
0.237244 0.237244
0.237244 0.237244
0.237244 0.237244
0.237244 0.237244
0.237244 0.237244
0.237244 0.237244
0.237244 0.237244
0.237244 0.237244
0.237244 0.237244
0.237244 0.237244
0.237244 0.237244
0.237244 0.237244
0.237244 0.237244
0.237244 0.237244
0.237244 0.237244
0.237244 0.237244
0.237244 0.237244
0.237244 0.237244
0.237244 0.237244
0.237244 0.237244
0.237244 0.237244
0.237244 0.237244
0.237244 0.237244
0.237244 0.237244
0.237244 0.237244
0.237244 0.237244
0.237244 0.237244
0.237244 0.237244
0.237244 0.237244
0.237244 0.237244
0.237244 0.237244
0.237244 0.237244
0.237244 0.237244
0.237244 0.237244
0.237244 0.237244
0.237244 0.237244
0.237244 0.237244
0.237244 0.237244
0.237236 0.237236
0.237134 0.237134
0.237031 0.237031
0.236928 0.236928
0.236826 0.236826
0.236723 0.236723
0.23662 0.23662
0.236517 0.236517
0.236415 0.236415
0.236312 0.236312
0.236209 0.236209
0.236107 0.236107
0.236004 0.236004
0.235901 0.235901
0.235799 0.235799
0.235696 0.235696
0.235593 0.235593
0.235491 0.235491
0.235388 0.235388
0.235285 0.235285
0.235182 0.235182
0.23508 0.23508
0.234977 0.234977
0.234874 0.234874
0.234772 0.234772
0.234669 0.234669
0.234566 0.234566
0.234464 0.234464
0.234361 0.234361
0.234258 0.234258
0.234156 0.234156
0.234053 0.234053
0.23395 0.23395
0.233848 0.233848
0.233745 0.233745
0.233642 0.233642
0.233539 0.233539
0.233437 0.233437
0.233334 0.233334
0.233231 0.233231
0.231209 0.231209
0.22908 0.22908
0.226952 0.226952
0.224824 0.224824
0.222695 0.222695
0.220567 0.220567
0.218438 0.218438
0.21631 0.21631
0.214182 0.214182
0.212053 0.212053
0.209925 0.209925
0.207797 0.207797
0.205668 0.205668
0.20354 0.20354
0.201412 0.201412
0.199283 0.199283
0.197155 0.197155
0.195026 0.195026
0.193304 0.193304
0.192745 0.192745
0.192187 0.192187
0.191628 0.191628
0.191069 0.191069
0.190511 0.190511
0.189952 0.189952
0.189393 0.189393
0.188835 0.188835
0.188276 0.188276
0.187718 0.187718
0.187159 0.187159
0.1866 0.1866
0.186042 0.186042
0.185483 0.185483
0.184925 0.184925
0.184366 0.184366
0.183807 0.183807
0.183249 0.183249
0.18269 0.18269
0.182132 0.182132
0.181573 0.181573
0.182485 0.182485
0.185633 0.185633
0.188781 0.188781
0.191928 0.191928
0.195076 0.195076
0.198224 0.198224
0.201372 0.201372
0.204519 0.204519
0.207667 0.207667
0.210815 0.210815
0.213963 0.213963
0.21711 0.21711
0.220258 0.220258
0.223406 0.223406
0.226554 0.226554
0.229701 0.229701
0.232849 0.232849
0.235997 0.235997
0.239145 0.239145
0.242292 0.242292
0.24544 0.24544
0.248588 0.248588
0.251736 0.251736
0.254883 0.254883
0.258031 0.258031
0.261179 0.261179
0.258282 0.258282
0.255385 0.255385
0.252488 0.252488
0.249591 0.249591
0.246694 0.246694
0.243797 0.243797
0.2409 0.2409
0.238003 0.238003
0.237164 0.237164
0.237164 0.237164
0.237164 0.237164
0.237164 0.237164
0.237164 0.237164
0.237164 0.237164
0.237164 0.237164
0.237164 0.237164
0.237164 0.237164
0.237164 0.237164
0.237164 0.237164
0.237164 0.237164
0.237164 0.237164
0.237164 0.237164
0.237164 0.237164
0.237164 0.237164
0.237164 0.237164
0.237164 0.237164
0.237164 0.237164
0.237164 0.237164
0.237164 0.237164
0.237164 0.237164
0.237164 0.237164
0.237164 0.237164
0.237164 0.237164
0.237164 0.237164
0.237164 0.237164
0.237164 0.237164
0.237164 0.237164
0.237164 0.237164
0.237164 0.237164
0.237164 0.237164
0.237164 0.237164
0.237164 0.237164
0.237164 0.237164
0.237164 0.237164
0.237164 0.237164
0.237164 0.237164
0.237164 0.237164
0.237164 0.237164
0.237164 0.237164
0.237164 0.237164
0.237164 0.237164
0.237164 0.237164
0.237164 0.237164
0.237164 0.237164
0.237164 0.237164
0.237164 0.237164
0.237157 0.237157
0.237054 0.237054
0.236952 0.236952
0.23685 0.23685
0.236747 0.236747
0.236645 0.236645
0.236543 0.236543
0.23644 0.23644
0.236338 0.236338
0.236236 0.236236
0.236133 0.236133
0.236031 0.236031
0.235929 0.235929
0.235826 0.235826
0.235724 0.235724
0.235621 0.235621
0.235519 0.235519
0.235417 0.235417
0.235314 0.235314
0.235212 0.235212
0.23511 0.23511
0.235007 0.235007
0.234905 0.234905
0.234803 0.234803
0.2347 0.2347
0.234598 0.234598
0.234496 0.234496
0.234393 0.234393
0.234291 0.234291
0.234189 0.234189
0.234086 0.234086
0.233984 0.233984
0.233882 0.233882
0.233779 0.233779
0.233677 0.233677
0.233575 0.233575
0.233472 0.233472
0.23337 0.23337
0.233268 0.233268
0.233165 0.233165
0.231142 0.231142
0.229014 0.229014
0.226886 0.226886
0.224757 0.224757
0.222629 0.222629
0.220501 0.220501
0.218373 0.218373
0.216245 0.216245
0.214116 0.214116
0.211988 0.211988
0.20986 0.20986
0.207732 0.207732
0.205604 0.205604
0.203475 0.203475
0.201347 0.201347
0.199219 0.199219
0.197091 0.197091
0.194963 0.194963
0.193285 0.193285
0.192728 0.192728
0.19217 0.19217
0.191612 0.191612
0.191055 0.191055
0.190497 0.190497
0.189939 0.189939
0.189381 0.189381
0.188824 0.188824
0.188266 0.188266
0.187708 0.187708
0.187151 0.187151
0.186593 0.186593
0.186035 0.186035
0.185477 0.185477
0.18492 0.18492
0.184362 0.184362
0.183804 0.183804
0.183247 0.183247
0.182689 0.182689
0.182131 0.182131
0.181573 0.181573
0.182575 0.182575
0.185723 0.185723
0.188871 0.188871
0.192019 0.192019
0.195167 0.195167
0.198315 0.198315
0.201463 0.201463
0.204611 0.204611
0.207758 0.207758
0.210906 0.210906
0.214054 0.214054
0.217202 0.217202
0.22035 0.22035
0.223498 0.223498
0.226646 0.226646
0.229794 0.229794
0.232942 0.232942
0.23609 0.23609
0.239238 0.239238
0.242386 0.242386
0.245533 0.245533
0.248681 0.248681
0.251829 0.251829
0.254977 0.254977
0.258125 0.258125
0.261273 0.261273
0.258376 0.258376
0.255479 0.255479
0.252582 0.252582
0.249685 0.249685
0.246788 0.246788
0.243891 0.243891
0.240994 0.240994
0.238097 0.238097
0.237244 0.237244
0.237244 0.237244
0.237244 0.237244
0.237244 0.237244
0.237244 0.237244
0.237244 0.237244
0.237244 0.237244
0.237244 0.237244
0.237244 0.237244
0.237244 0.237244
0.237244 0.237244
0.237244 0.237244
0.237244 0.237244
0.237244 0.237244
0.237244 0.237244
0.237244 0.237244
0.237244 0.237244
0.237244 0.237244
0.237244 0.237244
0.237244 0.237244
0.237244 0.237244
0.237244 0.237244
0.237244 0.237244
0.237244 0.237244
0.237244 0.237244
0.237244 0.237244
0.237244 0.237244
0.237244 0.237244
0.237244 0.237244
0.237244 0.237244
0.237244 0.237244
0.237244 0.237244
0.237244 0.237244
0.237244 0.237244
0.237244 0.237244
0.237244 0.237244
0.237244 0.237244
0.237244 0.237244
0.237244 0.237244
0.237244 0.237244
0.237244 0.237244
0.237244 0.237244
0.237244 0.237244
0.237244 0.237244
0.237244 0.237244
0.237244 0.237244
0.237244 0.237244
0.237244 0.237244
0.237236 0.237236
0.237134 0.237134
0.237031 0.237031
0.236928 0.236928
0.236826 0.236826
0.236723 0.236723
0.23662 0.23662
0.236517 0.236517
0.236415 0.236415
0.236312 0.236312
0.236209 0.236209
0.236107 0.236107
0.236004 0.236004
0.235901 0.235901
0.235799 0.235799
0.235696 0.235696
0.235593 0.235593
0.235491 0.235491
0.235388 0.235388
0.235285 0.235285
0.235182 0.235182
0.23508 0.23508
0.234977 0.234977
0.234874 0.234874
0.234772 0.234772
0.234669 0.234669
0.234566 0.234566
0.234464 0.234464
0.234361 0.234361
0.234258 0.234258
0.234156 0.234156
0.234053 0.234053
0.23395 0.23395
0.233848 0.233848
0.233745 0.233745
0.233642 0.233642
0.233539 0.233539
0.233437 0.233437
0.233334 0.233334
0.233231 0.233231
0.231209 0.231209
0.22908 0.22908
0.226952 0.226952
0.224824 0.224824
0.222695 0.222695
0.220567 0.220567
0.218438 0.218438
0.21631 0.21631
0.214182 0.214182
0.212053 0.212053
0.209925 0.209925
0.207797 0.207797
0.205668 0.205668
0.20354 0.20354
0.201412 0.201412
0.199283 0.199283
0.197155 0.197155
0.195026 0.195026
0.193304 0.193304
0.192745 0.192745
0.192187 0.192187
0.191628 0.191628
0.191069 0.191069
0.190511 0.190511
0.189952 0.189952
0.189393 0.189393
0.188835 0.188835
0.188276 0.188276
0.187718 0.187718
0.187159 0.187159
0.1866 0.1866
0.186042 0.186042
0.185483 0.185483
0.184925 0.184925
0.184366 0.184366
0.183807 0.183807
0.183249 0.183249
0.18269 0.18269
0.182132 0.182132
0.181573 0.181573
0.182485 0.182485
0.185633 0.185633
0.188781 0.188781
0.191928 0.191928
0.195076 0.195076
0.198224 0.198224
0.201372 0.201372
0.204519 0.204519
0.207667 0.207667
0.210815 0.210815
0.213963 0.213963
0.21711 0.21711
0.220258 0.220258
0.223406 0.223406
0.226554 0.226554
0.229701 0.229701
0.232849 0.232849
0.235997 0.235997
0.239145 0.239145
0.242292 0.242292
0.24544 0.24544
0.248588 0.248588
0.251736 0.251736
0.254883 0.254883
0.258031 0.258031
0.261179 0.261179
0.264445 0.264445
0.26771 0.26771
0.270976 0.270976
0.274242 0.274242
0.277508 0.277508
0.280773 0.280773
0.284039 0.284039
0.287305 0.287305
0.290571 0.290571
0.293836 0.293836
0.297102 0.297102
0.300368 0.300368
0.303634 0.303634
0.306899 0.306899
0.310165 0.310165
0.313431 0.313431
0.316696 0.316696
0.319962 0.319962
0.323228 0.323228
0.326494 0.326494
0.329759 0.329759
0.333025 0.333025
0.336291 0.336291
0.339557 0.339557
0.342822 0.342822
0.346088 0.346088
0.349354 0.349354
0.35262 0.35262
0.355885 0.355885
0.359151 0.359151
0.362417 0.362417
0.365683 0.365683
0.368948 0.368948
0.372214 0.372214
0.37548 0.37548
0.378746 0.378746
0.382011 0.382011
0.385277 0.385277
0.388543 0.388543
0.391809 0.391809
0.388912 0.388912
0.386015 0.386015
0.383118 0.383118
0.380221 0.380221
0.377324 0.377324
0.374427 0.374427
0.37153 0.37153
0.368633 0.368633
0.366319 0.366319
0.366319 0.366319
0.366319 0.366319
0.366319 0.366319
0.366319 0.366319
0.366319 0.366319
0.366319 0.366319
0.366319 0.366319
0.366319 0.366319
0.366319 0.366319
0.366319 0.366319
0.366319 0.366319
0.366319 0.366319
0.366319 0.366319
0.366319 0.366319
0.366319 0.366319
0.366319 0.366319
0.366319 0.366319
0.366319 0.366319
0.366319 0.366319
0.366319 0.366319
0.366319 0.366319
0.366319 0.366319
0.366319 0.366319
0.366319 0.366319
0.366319 0.366319
0.366319 0.366319
0.366319 0.366319
0.366319 0.366319
0.366319 0.366319
0.366319 0.366319
0.366319 0.366319
0.366319 0.366319
0.366319 0.366319
0.366319 0.366319
0.366319 0.366319
0.366319 0.366319
0.366319 0.366319
0.366319 0.366319
0.366319 0.366319
0.366319 0.366319
0.366319 0.366319
0.366319 0.366319
0.366319 0.366319
0.366319 0.366319
0.366319 0.366319
0.366319 0.366319
0.366319 0.366319
0.366319 0.366319
0.365812 0.365812
0.364973 0.364973
0.364133 0.364133
0.363294 0.363294
0.362455 0.362455
0.361616 0.361616
0.360777 0.360777
0.359938 0.359938
0.359099 0.359099
0.35826 0.35826
0.35742 0.35742
0.356581 0.356581
0.355742 0.355742
0.354903 0.354903
0.354064 0.354064
0.353225 0.353225
0.352386 0.352386
0.351547 0.351547
0.350708 0.350708
0.349868 0.349868
0.349029 0.349029
0.34819 0.34819
0.347351 0.347351
0.346512 0.346512
0.345673 0.345673
0.344834 0.344834
0.343995 0.343995
0.343155 0.343155
0.342316 0.342316
0.341477 0.341477
0.340638 0.340638
0.339799 0.339799
0.33896 0.33896
0.338121 0.338121
0.337282 0.337282
0.336442 0.336442
0.335603 0.335603
0.334764 0.334764
0.333925 0.333925
0.333086 0.333086
0.332247 0.332247
0.331408 0.331408
0.330569 0.330569
0.32973 0.32973
0.32889 0.32889
0.328051 0.328051
0.327212 0.327212
0.326373 0.326373
0.325534 0.325534
0.324695 0.324695
0.323856 0.323856
0.322004 0.322004
0.31956 0.31956
0.317116 0.317116
0.314671 0.314671
0.312227 0.312227
0.309783 0.309783
0.307339 0.307339
0.304895 0.304895
0.30245 0.30245
0.300006 0.300006
0.297562 0.297562
0.295118 0.295118
0.292674 0.292674
0.290229 0.290229
0.287785 0.287785
0.285341 0.285341
0.282897 0.282897
0.280453 0.280453
0.278008 0.278008
0.275564 0.275564
0.27312 0.27312
0.270676 0.270676
0.268232 0.268232
0.265787 0.265787
0.263343 0.263343
0.260899 0.260899
0.259591 0.259591
0.258455 0.258455
0.257319 0.257319
0.256184 0.256184
0.255048 0.255048
0.253912 0.253912
0.252776 0.252776
0.25164 0.25164
0.250504 0.250504
0.249368 0.249368
0.248233 0.248233
0.247097 0.247097
0.245961 0.245961
0.244825 0.244825
0.243689 0.243689
0.242553 0.242553
0.241417 0.241417
0.240281 0.240281
0.239146 0.239146
0.23801 0.23801
0.236874 0.236874
0.235738 0.235738
0.234602 0.234602
0.233466 0.233466
0.23233 0.23233
0.231195 0.231195
0.230059 0.230059
0.228923 0.228923
0.227787 0.227787
0.226651 0.226651
0.225515 0.225515
0.224379 0.224379
0.223243 0.223243
0.222108 0.222108
0.220972 0.220972
0.219836 0.219836
0.2187 0.2187
0.217564 0.217564
0.216428 0.216428
0.215292 0.215292
0.214157 0.214157
0.213021 0.213021
0.211885 0.211885
0.210749 0.210749
0.209613 0.209613
0.208477 0.208477
0.207341 0.207341
0.206205 0.206205
0.20507 0.20507
0.205476 0.205476
0.208624 0.208624
0.211771 0.211771
0.214918 0.214918
0.218066 0.218066
0.221213 0.221213
0.224361 0.224361
0.227508 0.227508
0.230656 0.230656
0.233803 0.233803
0.236951 0.236951
0.240098 0.240098
0.243245 0.243245
0.246393 0.246393
0.24954 0.24954
0.252688 0.252688
0.255835 0.255835
0.258983 0.258983
0.262146 0.262146
0.265412 0.265412
0.268677 0.268677
0.271943 0.271943
0.275209 0.275209
0.278475 0.278475
0.28174 0.28174
0.285006 0.285006
0.288272 0.288272
0.291537 0.291537
0.294803 0.294803
0.298069 0.298069
0.301335 0.301335
0.3046 0.3046
0.307866 0.307866
0.311132 0.311132
0.314397 0.314397
0.317663 0.317663
0.320929 0.320929
0.324195 0.324195
0.32746 0.32746
0.330726 0.330726
0.333992 0.333992
0.337258 0.337258
0.340523 0.340523
0.343789 0.343789
0.347055 0.347055
0.35032 0.35032
0.353586 0.353586
0.356852 0.356852
0.360118 0.360118
0.363383 0.363383
0.366649 0.366649
0.369915 0.369915
0.373181 0.373181
0.376446 0.376446
0.379712 0.379712
0.382978 0.382978
0.386243 0.386243
0.389509 0.389509
0.392775 0.392775
0.389878 0.389878
0.386981 0.386981
0.384084 0.384084
0.381187 0.381187
0.37829 0.37829
0.375393 0.375393
0.373994 0.373994
0.373994 0.373994
0.373994 0.373994
0.373994 0.373994
0.373994 0.373994
0.373994 0.373994
0.373994 0.373994
0.373994 0.373994
0.373994 0.373994
0.373994 0.373994
0.373994 0.373994
0.373994 0.373994
0.373994 0.373994
0.373994 0.373994
0.373994 0.373994
0.373994 0.373994
0.373994 0.373994
0.373994 0.373994
0.373994 0.373994
0.373994 0.373994
0.373994 0.373994
0.373994 0.373994
0.373994 0.373994
0.373994 0.373994
0.373994 0.373994
0.373994 0.373994
0.373994 0.373994
0.373994 0.373994
0.373994 0.373994
0.373994 0.373994
0.373994 0.373994
0.373994 0.373994
0.373994 0.373994
0.373994 0.373994
0.373994 0.373994
0.373994 0.373994
0.373994 0.373994
0.373994 0.373994
0.373994 0.373994
0.373994 0.373994
0.373994 0.373994
0.373994 0.373994
0.373994 0.373994
0.373994 0.373994
0.373994 0.373994
0.373994 0.373994
0.373994 0.373994
0.373994 0.373994
0.373994 0.373994
0.373994 0.373994
0.373994 0.373994
0.373994 0.373994
0.373994 0.373994
0.373513 0.373513
0.373005 0.373005
0.3725 0.3725
0.371993 0.371993
0.371487 0.371487
0.37098 0.37098
0.370473 0.370473
0.369967 0.369967
0.36946 0.36946
0.368953 0.368953
0.368446 0.368446
0.36794 0.36794
0.367433 0.367433
0.366926 0.366926
0.36642 0.36642
0.365913 0.365913
0.365406 0.365406
0.3649 0.3649
0.364393 0.364393
0.363886 0.363886
0.36338 0.36338
0.362873 0.362873
0.362366 0.362366
0.36186 0.36186
0.361353 0.361353
0.360846 0.360846
0.36034 0.36034
0.359833 0.359833
0.359326 0.359326
0.35882 0.35882
0.358313 0.358313
0.357806 0.357806
0.3573 0.3573
0.356793 0.356793
0.356286 0.356286
0.35578 0.35578
0.355273 0.355273
0.354766 0.354766
0.35426 0.35426
0.353753 0.353753
0.353246 0.353246
0.35274 0.35274
0.352233 0.352233
0.351726 0.351726
0.35122 0.35122
0.350713 0.350713
0.350206 0.350206
0.3497 0.3497
0.349193 0.349193
0.348686 0.348686
0.34818 0.34818
0.347673 0.347673
0.347166 0.347166
0.34666 0.34666
0.346153 0.346153
0.345527 0.345527
0.343249 0.343249
0.340971 0.340971
0.338693 0.338693
0.336415 0.336415
0.334137 0.334137
0.331859 0.331859
0.330066 0.330066
0.329642 0.329642
0.329218 0.329218
0.328794 0.328794
0.32837 0.32837
0.327946 0.327946
0.327522 0.327522
0.327098 0.327098
0.326674 0.326674
0.32625 0.32625
0.325826 0.325826
0.325402 0.325402
0.324978 0.324978
0.324554 0.324554
0.32413 0.32413
0.323706 0.323706
0.323282 0.323282
0.322858 0.322858
0.322434 0.322434
0.32201 0.32201
0.321586 0.321586
0.321162 0.321162
0.320738 0.320738
0.320314 0.320314
0.31989 0.31989
0.319466 0.319466
0.319042 0.319042
0.318618 0.318618
0.318194 0.318194
0.31777 0.31777
0.317346 0.317346
0.316922 0.316922
0.316498 0.316498
0.316074 0.316074
0.31565 0.31565
0.315226 0.315226
0.314802 0.314802
0.314378 0.314378
0.313954 0.313954
0.31353 0.31353
0.313106 0.313106
0.312682 0.312682
0.312258 0.312258
0.311834 0.311834
0.31141 0.31141
0.310986 0.310986
0.310562 0.310562
0.310138 0.310138
0.309713 0.309713
0.309289 0.309289
0.308865 0.308865
0.308441 0.308441
0.308017 0.308017
0.307593 0.307593
0.307169 0.307169
0.306745 0.306745
0.306321 0.306321
0.305897 0.305897
0.305473 0.305473
0.305049 0.305049
0.304625 0.304625
0.304201 0.304201
0.303777 0.303777
0.303353 0.303353
0.302929 0.302929
0.302505 0.302505
0.302081 0.302081
0.301657 0.301657
0.301233 0.301233
0.300809 0.300809
0.300385 0.300385
0.299961 0.299961
0.299537 0.299537
0.299113 0.299113
0.298689 0.298689
0.298265 0.298265
0.297841 0.297841
0.297417 0.297417
0.296993 0.296993
0.296569 0.296569
0.296145 0.296145
0.295721 0.295721
0.295297 0.295297
0.294873 0.294873
0.294449 0.294449
0.294025 0.294025
0.293601 0.293601
0.293177 0.293177
0.292753 0.292753
0.293702 0.293702
0.296895 0.296895
0.300088 0.300088
0.30328 0.30328
0.306473 0.306473
0.309665 0.309665
0.312858 0.312858
0.316051 0.316051
0.319243 0.319243
0.322436 0.322436
0.325628 0.325628
0.328821 0.328821
0.332014 0.332014
0.335206 0.335206
0.338399 0.338399
0.341591 0.341591
0.344784 0.344784
0.347977 0.347977
0.351169 0.351169
0.354362 0.354362
0.357554 0.357554
0.360747 0.360747
0.36394 0.36394
0.367132 0.367132
0.370325 0.370325
0.373517 0.373517
0.37671 0.37671
0.379903 0.379903
0.383095 0.383095
0.386288 0.386288
0.38948 0.38948
0.392683 0.392683
0.389786 0.389786
0.386889 0.386889
0.383992 0.383992
0.381095 0.381095
0.378198 0.378198
0.375301 0.375301
0.373926 0.373926
0.373926 0.373926
0.373926 0.373926
0.373926 0.373926
0.373926 0.373926
0.373926 0.373926
0.373926 0.373926
0.373926 0.373926
0.373926 0.373926
0.373926 0.373926
0.373926 0.373926
0.373926 0.373926
0.373926 0.373926
0.373926 0.373926
0.373926 0.373926
0.373926 0.373926
0.373926 0.373926
0.373926 0.373926
0.373926 0.373926
0.373926 0.373926
0.373926 0.373926
0.373926 0.373926
0.373926 0.373926
0.373926 0.373926
0.373926 0.373926
0.373926 0.373926
0.373926 0.373926
0.373926 0.373926
0.373926 0.373926
0.373926 0.373926
0.373926 0.373926
0.373926 0.373926
0.373926 0.373926
0.373926 0.373926
0.373926 0.373926
0.373926 0.373926
0.373926 0.373926
0.373926 0.373926
0.373926 0.373926
0.373926 0.373926
0.373926 0.373926
0.373926 0.373926
0.373926 0.373926
0.373926 0.373926
0.373926 0.373926
0.373926 0.373926
0.373926 0.373926
0.373926 0.373926
0.373926 0.373926
0.373926 0.373926
0.373926 0.373926
0.373926 0.373926
0.373926 0.373926
0.373449 0.373449
0.372948 0.372948
0.372442 0.372442
0.371939 0.371939
0.371435 0.371435
0.370931 0.370931
0.370428 0.370428
0.369924 0.369924
0.369421 0.369421
0.368917 0.368917
0.368414 0.368414
0.36791 0.36791
0.367407 0.367407
0.366903 0.366903
0.3664 0.3664
0.365896 0.365896
0.365393 0.365393
0.364889 0.364889
0.364386 0.364386
0.363882 0.363882
0.363379 0.363379
0.362875 0.362875
0.362372 0.362372
0.361868 0.361868
0.361365 0.361365
0.360861 0.360861
0.360358 0.360358
0.359854 0.359854
0.359351 0.359351
0.358847 0.358847
0.358344 0.358344
0.35784 0.35784
0.357337 0.357337
0.356833 0.356833
0.35633 0.35633
0.355826 0.355826
0.355323 0.355323
0.354819 0.354819
0.354316 0.354316
0.353812 0.353812
0.353309 0.353309
0.352805 0.352805
0.352302 0.352302
0.351798 0.351798
0.351295 0.351295
0.350791 0.350791
0.350288 0.350288
0.349784 0.349784
0.349281 0.349281
0.348777 0.348777
0.348274 0.348274
0.34777 0.34777
0.347267 0.347267
0.346763 0.346763
0.34626 0.34626
0.345718 0.345718
0.343442 0.343442
0.341166 0.341166
0.338889 0.338889
0.336613 0.336613
0.334336 0.334336
0.33206 0.33206
0.330166 0.330166
0.329744 0.329744
0.329323 0.329323
0.328902 0.328902
0.32848 0.32848
0.328059 0.328059
0.327637 0.327637
0.327216 0.327216
0.326795 0.326795
0.326373 0.326373
0.325952 0.325952
0.32553 0.32553
0.325109 0.325109
0.324688 0.324688
0.324266 0.324266
0.323845 0.323845
0.323423 0.323423
0.323002 0.323002
0.322581 0.322581
0.322159 0.322159
0.321738 0.321738
0.321316 0.321316
0.320895 0.320895
0.320473 0.320473
0.320052 0.320052
0.319631 0.319631
0.319209 0.319209
0.318788 0.318788
0.318366 0.318366
0.317945 0.317945
0.317524 0.317524
0.317102 0.317102
0.316681 0.316681
0.316259 0.316259
0.315838 0.315838
0.315417 0.315417
0.314995 0.314995
0.314574 0.314574
0.314152 0.314152
0.313731 0.313731
0.31331 0.31331
0.312888 0.312888
0.312467 0.312467
0.312045 0.312045
0.311624 0.311624
0.311203 0.311203
0.310781 0.310781
0.31036 0.31036
0.309938 0.309938
0.309517 0.309517
0.309096 0.309096
0.308674 0.308674
0.308253 0.308253
0.307831 0.307831
0.30741 0.30741
0.306989 0.306989
0.306567 0.306567
0.306146 0.306146
0.305724 0.305724
0.305303 0.305303
0.304882 0.304882
0.30446 0.30446
0.304039 0.304039
0.303617 0.303617
0.303196 0.303196
0.302774 0.302774
0.302353 0.302353
0.301932 0.301932
0.30151 0.30151
0.301089 0.301089
0.300667 0.300667
0.300246 0.300246
0.299825 0.299825
0.299403 0.299403
0.298982 0.298982
0.29856 0.29856
0.298139 0.298139
0.297718 0.297718
0.297296 0.297296
0.296875 0.296875
0.296453 0.296453
0.296032 0.296032
0.295611 0.295611
0.295189 0.295189
0.294768 0.294768
0.294346 0.294346
0.293925 0.293925
0.293504 0.293504
0.293082 0.293082
0.2938 0.2938
0.296993 0.296993
0.300186 0.300186
0.303379 0.303379
0.306571 0.306571
0.309764 0.309764
0.312957 0.312957
0.31615 0.31615
0.319343 0.319343
0.322535 0.322535
0.325728 0.325728
0.328921 0.328921
0.332114 0.332114
0.335307 0.335307
0.338499 0.338499
0.341692 0.341692
0.344885 0.344885
0.348078 0.348078
0.351271 0.351271
0.354463 0.354463
0.357656 0.357656
0.360849 0.360849
0.364042 0.364042
0.367235 0.367235
0.370427 0.370427
0.37362 0.37362
0.376813 0.376813
0.380006 0.380006
0.383199 0.383199
0.386391 0.386391
0.389584 0.389584
0.392777 0.392777
0.38988 0.38988
0.386983 0.386983
0.384086 0.384086
0.381189 0.381189
0.378292 0.378292
0.375395 0.375395
0.374011 0.374011
0.374011 0.374011
0.374011 0.374011
0.374011 0.374011
0.374011 0.374011
0.374011 0.374011
0.374011 0.374011
0.374011 0.374011
0.374011 0.374011
0.374011 0.374011
0.374011 0.374011
0.374011 0.374011
0.374011 0.374011
0.374011 0.374011
0.374011 0.374011
0.374011 0.374011
0.374011 0.374011
0.374011 0.374011
0.374011 0.374011
0.374011 0.374011
0.374011 0.374011
0.374011 0.374011
0.374011 0.374011
0.374011 0.374011
0.374011 0.374011
0.374011 0.374011
0.374011 0.374011
0.374011 0.374011
0.374011 0.374011
0.374011 0.374011
0.374011 0.374011
0.374011 0.374011
0.374011 0.374011
0.374011 0.374011
0.374011 0.374011
0.374011 0.374011
0.374011 0.374011
0.374011 0.374011
0.374011 0.374011
0.374011 0.374011
0.374011 0.374011
0.374011 0.374011
0.374011 0.374011
0.374011 0.374011
0.374011 0.374011
0.374011 0.374011
0.374011 0.374011
0.374011 0.374011
0.374011 0.374011
0.374011 0.374011
0.374011 0.374011
0.374011 0.374011
0.374011 0.374011
0.373533 0.373533
0.373026 0.373026
0.372524 0.372524
0.37202 0.37202
0.371516 0.371516
0.371012 0.371012
0.370508 0.370508
0.370003 0.370003
0.369499 0.369499
0.368995 0.368995
0.368491 0.368491
0.367986 0.367986
0.367482 0.367482
0.366978 0.366978
0.366474 0.366474
0.36597 0.36597
0.365465 0.365465
0.364961 0.364961
0.364457 0.364457
0.363953 0.363953
0.363448 0.363448
0.362944 0.362944
0.36244 0.36244
0.361936 0.361936
0.361432 0.361432
0.360927 0.360927
0.360423 0.360423
0.359919 0.359919
0.359415 0.359415
0.358911 0.358911
0.358406 0.358406
0.357902 0.357902
0.357398 0.357398
0.356894 0.356894
0.356389 0.356389
0.355885 0.355885
0.355381 0.355381
0.354877 0.354877
0.354373 0.354373
0.353868 0.353868
0.353364 0.353364
0.35286 0.35286
0.352356 0.352356
0.351851 0.351851
0.351347 0.351347
0.350843 0.350843
0.350339 0.350339
0.349835 0.349835
0.34933 0.34933
0.348826 0.348826
0.348322 0.348322
0.347818 0.347818
0.347313 0.347313
0.346809 0.346809
0.346305 0.346305
0.345753 0.345753
0.343477 0.343477
0.3412 0.3412
0.338923 0.338923
0.336646 0.336646
0.334369 0.334369
0.332093 0.332093
0.330209 0.330209
0.329787 0.329787
0.329365 0.329365
0.328943 0.328943
0.328521 0.328521
0.328099 0.328099
0.327677 0.327677
0.327255 0.327255
0.326833 0.326833
0.326411 0.326411
0.325989 0.325989
0.325567 0.325567
0.325145 0.325145
0.324723 0.324723
0.324301 0.324301
0.323879 0.323879
0.323457 0.323457
0.323035 0.323035
0.322613 0.322613
0.322191 0.322191
0.321769 0.321769
0.321347 0.321347
0.320925 0.320925
0.320503 0.320503
0.320081 0.320081
0.319659 0.319659
0.319237 0.319237
0.318815 0.318815
0.318393 0.318393
0.317971 0.317971
0.317549 0.317549
0.317127 0.317127
0.316705 0.316705
0.316283 0.316283
0.315861 0.315861
0.315439 0.315439
0.315017 0.315017
0.314595 0.314595
0.314173 0.314173
0.313751 0.313751
0.313329 0.313329
0.312907 0.312907
0.312485 0.312485
0.312063 0.312063
0.311641 0.311641
0.311219 0.311219
0.310797 0.310797
0.310375 0.310375
0.309953 0.309953
0.309531 0.309531
0.309109 0.309109
0.308687 0.308687
0.308265 0.308265
0.307843 0.307843
0.307421 0.307421
0.306999 0.306999
0.306577 0.306577
0.306155 0.306155
0.305733 0.305733
0.305311 0.305311
0.304889 0.304889
0.304467 0.304467
0.304045 0.304045
0.303623 0.303623
0.303201 0.303201
0.302779 0.302779
0.302357 0.302357
0.301935 0.301935
0.301513 0.301513
0.301091 0.301091
0.300669 0.300669
0.300247 0.300247
0.299825 0.299825
0.299403 0.299403
0.298981 0.298981
0.298559 0.298559
0.298137 0.298137
0.297715 0.297715
0.297293 0.297293
0.296871 0.296871
0.296449 0.296449
0.296027 0.296027
0.295605 0.295605
0.295183 0.295183
0.294761 0.294761
0.294339 0.294339
0.293917 0.293917
0.293495 0.293495
0.293073 0.293073
0.293709 0.293709
0.296902 0.296902
0.300095 0.300095
0.303287 0.303287
0.30648 0.30648
0.309673 0.309673
0.312865 0.312865
0.316058 0.316058
0.319251 0.319251
0.322443 0.322443
0.325636 0.325636
0.328829 0.328829
0.332022 0.332022
0.335214 0.335214
0.338407 0.338407
0.3416 0.3416
0.344792 0.344792
0.347985 0.347985
0.351178 0.351178
0.35437 0.35437
0.357563 0.357563
0.360756 0.360756
0.363949 0.363949
0.367141 0.367141
0.370334 0.370334
0.373527 0.373527
0.376719 0.376719
0.379912 0.379912
0.383105 0.383105
0.386297 0.386297
0.38949 0.38949
0.392683 0.392683
0.389786 0.389786
0.386889 0.386889
0.383992 0.383992
0.381095 0.381095
0.378198 0.378198
0.375301 0.375301
0.373926 0.373926
0.373926 0.373926
0.373926 0.373926
0.373926 0.373926
0.373926 0.373926
0.373926 0.373926
0.373926 0.373926
0.373926 0.373926
0.373926 0.373926
0.373926 0.373926
0.373926 0.373926
0.373926 0.373926
0.373926 0.373926
0.373926 0.373926
0.373926 0.373926
0.373926 0.373926
0.373926 0.373926
0.373926 0.373926
0.373926 0.373926
0.373926 0.373926
0.373926 0.373926
0.373926 0.373926
0.373926 0.373926
0.373926 0.373926
0.373926 0.373926
0.373926 0.373926
0.373926 0.373926
0.373926 0.373926
0.373926 0.373926
0.373926 0.373926
0.373926 0.373926
0.373926 0.373926
0.373926 0.373926
0.373926 0.373926
0.373926 0.373926
0.373926 0.373926
0.373926 0.373926
0.373926 0.373926
0.373926 0.373926
0.373926 0.373926
0.373926 0.373926
0.373926 0.373926
0.373926 0.373926
0.373926 0.373926
0.373926 0.373926
0.373926 0.373926
0.373926 0.373926
0.373926 0.373926
0.373926 0.373926
0.373926 0.373926
0.373926 0.373926
0.373926 0.373926
0.373926 0.373926
0.373449 0.373449
0.372948 0.372948
0.372442 0.372442
0.371939 0.371939
0.371435 0.371435
0.370932 0.370932
0.370428 0.370428
0.369925 0.369925
0.369421 0.369421
0.368918 0.368918
0.368414 0.368414
0.367911 0.367911
0.367407 0.367407
0.366904 0.366904
0.3664 0.3664
0.365897 0.365897
0.365393 0.365393
0.36489 0.36489
0.364386 0.364386
0.363883 0.363883
0.363379 0.363379
0.362876 0.362876
0.362372 0.362372
0.361869 0.361869
0.361365 0.361365
0.360862 0.360862
0.360358 0.360358
0.359855 0.359855
0.359351 0.359351
0.358848 0.358848
0.358344 0.358344
0.357841 0.357841
0.357337 0.357337
0.356834 0.356834
0.35633 0.35633
0.355827 0.355827
0.355323 0.355323
0.35482 0.35482
0.354316 0.354316
0.353813 0.353813
0.353309 0.353309
0.352806 0.352806
0.352302 0.352302
0.351799 0.351799
0.351295 0.351295
0.350792 0.350792
0.350288 0.350288
0.349785 0.349785
0.349281 0.349281
0.348778 0.348778
0.348274 0.348274
0.347771 0.347771
0.347267 0.347267
0.346764 0.346764
0.34626 0.34626
0.345719 0.345719
0.343443 0.343443
0.341166 0.341166
0.33889 0.33889
0.336613 0.336613
0.334337 0.334337
0.332061 0.332061
0.330166 0.330166
0.329745 0.329745
0.329323 0.329323
0.328902 0.328902
0.328481 0.328481
0.328059 0.328059
0.327638 0.327638
0.327216 0.327216
0.326795 0.326795
0.326374 0.326374
0.325952 0.325952
0.325531 0.325531
0.325109 0.325109
0.324688 0.324688
0.324267 0.324267
0.323845 0.323845
0.323424 0.323424
0.323002 0.323002
0.322581 0.322581
0.32216 0.32216
0.321738 0.321738
0.321317 0.321317
0.320895 0.320895
0.320474 0.320474
0.320053 0.320053
0.319631 0.319631
0.31921 0.31921
0.318788 0.318788
0.318367 0.318367
0.317946 0.317946
0.317524 0.317524
0.317103 0.317103
0.316681 0.316681
0.31626 0.31626
0.315839 0.315839
0.315417 0.315417
0.314996 0.314996
0.314574 0.314574
0.314153 0.314153
0.313732 0.313732
0.31331 0.31331
0.312889 0.312889
0.312467 0.312467
0.312046 0.312046
0.311625 0.311625
0.311203 0.311203
0.310782 0.310782
0.31036 0.31036
0.309939 0.309939
0.309518 0.309518
0.309096 0.309096
0.308675 0.308675
0.308253 0.308253
0.307832 0.307832
0.307411 0.307411
0.306989 0.306989
0.306568 0.306568
0.306146 0.306146
0.305725 0.305725
0.305304 0.305304
0.304882 0.304882
0.304461 0.304461
0.304039 0.304039
0.303618 0.303618
0.303197 0.303197
0.302775 0.302775
0.302354 0.302354
0.301932 0.301932
0.301511 0.301511
0.301089 0.301089
0.300668 0.300668
0.300247 0.300247
0.299825 0.299825
0.299404 0.299404
0.298982 0.298982
0.298561 0.298561
0.29814 0.29814
0.297718 0.297718
0.297297 0.297297
0.296875 0.296875
0.296454 0.296454
0.296033 0.296033
0.295611 0.295611
0.29519 0.29519
0.294768 0.294768
0.294347 0.294347
0.293926 0.293926
0.293504 0.293504
0.293083 0.293083
0.2938 0.2938
0.296993 0.296993
0.300186 0.300186
0.303379 0.303379
0.306571 0.306571
0.309764 0.309764
0.312957 0.312957
0.31615 0.31615
0.319343 0.319343
0.322535 0.322535
0.325728 0.325728
0.328921 0.328921
0.332114 0.332114
0.335307 0.335307
0.338499 0.338499
0.341692 0.341692
0.344885 0.344885
0.348078 0.348078
0.351271 0.351271
0.354463 0.354463
0.357656 0.357656
0.360849 0.360849
0.364042 0.364042
0.367235 0.367235
0.370427 0.370427
0.37362 0.37362
0.376813 0.376813
0.380006 0.380006
0.383199 0.383199
0.386391 0.386391
0.389584 0.389584
0.392777 0.392777
0.38988 0.38988
0.386983 0.386983
0.384086 0.384086
0.381189 0.381189
0.378292 0.378292
0.375395 0.375395
0.374011 0.374011
0.374011 0.374011
0.374011 0.374011
0.374011 0.374011
0.374011 0.374011
0.374011 0.374011
0.374011 0.374011
0.374011 0.374011
0.374011 0.374011
0.374011 0.374011
0.374011 0.374011
0.374011 0.374011
0.374011 0.374011
0.374011 0.374011
0.374011 0.374011
0.374011 0.374011
0.374011 0.374011
0.374011 0.374011
0.374011 0.374011
0.374011 0.374011
0.374011 0.374011
0.374011 0.374011
0.374011 0.374011
0.374011 0.374011
0.374011 0.374011
0.374011 0.374011
0.374011 0.374011
0.374011 0.374011
0.374011 0.374011
0.374011 0.374011
0.374011 0.374011
0.374011 0.374011
0.374011 0.374011
0.374011 0.374011
0.374011 0.374011
0.374011 0.374011
0.374011 0.374011
0.374011 0.374011
0.374011 0.374011
0.374011 0.374011
0.374011 0.374011
0.374011 0.374011
0.374011 0.374011
0.374011 0.374011
0.374011 0.374011
0.374011 0.374011
0.374011 0.374011
0.374011 0.374011
0.374011 0.374011
0.374011 0.374011
0.374011 0.374011
0.374011 0.374011
0.374011 0.374011
0.373533 0.373533
0.373026 0.373026
0.372524 0.372524
0.37202 0.37202
0.371516 0.371516
0.371012 0.371012
0.370508 0.370508
0.370003 0.370003
0.369499 0.369499
0.368995 0.368995
0.368491 0.368491
0.367986 0.367986
0.367482 0.367482
0.366978 0.366978
0.366474 0.366474
0.36597 0.36597
0.365465 0.365465
0.364961 0.364961
0.364457 0.364457
0.363953 0.363953
0.363448 0.363448
0.362944 0.362944
0.36244 0.36244
0.361936 0.361936
0.361432 0.361432
0.360927 0.360927
0.360423 0.360423
0.359919 0.359919
0.359415 0.359415
0.358911 0.358911
0.358406 0.358406
0.357902 0.357902
0.357398 0.357398
0.356894 0.356894
0.356389 0.356389
0.355885 0.355885
0.355381 0.355381
0.354877 0.354877
0.354373 0.354373
0.353868 0.353868
0.353364 0.353364
0.35286 0.35286
0.352356 0.352356
0.351851 0.351851
0.351347 0.351347
0.350843 0.350843
0.350339 0.350339
0.349835 0.349835
0.34933 0.34933
0.348826 0.348826
0.348322 0.348322
0.347818 0.347818
0.347313 0.347313
0.346809 0.346809
0.346305 0.346305
0.345753 0.345753
0.343477 0.343477
0.3412 0.3412
0.338923 0.338923
0.336646 0.336646
0.334369 0.334369
0.332093 0.332093
0.330209 0.330209
0.329787 0.329787
0.329365 0.329365
0.328943 0.328943
0.328521 0.328521
0.328099 0.328099
0.327677 0.327677
0.327255 0.327255
0.326833 0.326833
0.326411 0.326411
0.325989 0.325989
0.325567 0.325567
0.325145 0.325145
0.324723 0.324723
0.324301 0.324301
0.323879 0.323879
0.323457 0.323457
0.323035 0.323035
0.322613 0.322613
0.322191 0.322191
0.321769 0.321769
0.321347 0.321347
0.320925 0.320925
0.320503 0.320503
0.320081 0.320081
0.319659 0.319659
0.319237 0.319237
0.318815 0.318815
0.318393 0.318393
0.317971 0.317971
0.317549 0.317549
0.317127 0.317127
0.316705 0.316705
0.316283 0.316283
0.315861 0.315861
0.315439 0.315439
0.315017 0.315017
0.314595 0.314595
0.314173 0.314173
0.313751 0.313751
0.313329 0.313329
0.312907 0.312907
0.312485 0.312485
0.312063 0.312063
0.311641 0.311641
0.311219 0.311219
0.310797 0.310797
0.310375 0.310375
0.309953 0.309953
0.309531 0.309531
0.309109 0.309109
0.308687 0.308687
0.308265 0.308265
0.307843 0.307843
0.307421 0.307421
0.306999 0.306999
0.306577 0.306577
0.306155 0.306155
0.305733 0.305733
0.305311 0.305311
0.304889 0.304889
0.304467 0.304467
0.304045 0.304045
0.303623 0.303623
0.303201 0.303201
0.302779 0.302779
0.302357 0.302357
0.301935 0.301935
0.301513 0.301513
0.301091 0.301091
0.300669 0.300669
0.300247 0.300247
0.299825 0.299825
0.299403 0.299403
0.298981 0.298981
0.298559 0.298559
0.298137 0.298137
0.297715 0.297715
0.297293 0.297293
0.296871 0.296871
0.296449 0.296449
0.296027 0.296027
0.295605 0.295605
0.295183 0.295183
0.294761 0.294761
0.294339 0.294339
0.293917 0.293917
0.293495 0.293495
0.293073 0.293073
0.293709 0.293709
0.296902 0.296902
0.300095 0.300095
0.303287 0.303287
0.30648 0.30648
0.309673 0.309673
0.312865 0.312865
0.316058 0.316058
0.319251 0.319251
0.322443 0.322443
0.325636 0.325636
0.328829 0.328829
0.332022 0.332022
0.335214 0.335214
0.338407 0.338407
0.3416 0.3416
0.344792 0.344792
0.347985 0.347985
0.351178 0.351178
0.35437 0.35437
0.357563 0.357563
0.360756 0.360756
0.363949 0.363949
0.367141 0.367141
0.370334 0.370334
0.373527 0.373527
0.376719 0.376719
0.379912 0.379912
0.383105 0.383105
0.386297 0.386297
0.38949 0.38949
0.392683 0.392683
0.395949 0.395949
0.399214 0.399214
0.40248 0.40248
0.405746 0.405746
0.409011 0.409011
0.412277 0.412277
0.415543 0.415543
0.418809 0.418809
0.422074 0.422074
0.42534 0.42534
0.428606 0.428606
0.431871 0.431871
0.435137 0.435137
0.438403 0.438403
0.441669 0.441669
0.444934 0.444934
0.4482 0.4482
0.451466 0.451466
0.454732 0.454732
0.457997 0.457997
0.461263 0.461263
0.464529 0.464529
0.467794 0.467794
0.47106 0.47106
0.474326 0.474326
0.477592 0.477592
0.480857 0.480857
0.484123 0.484123
0.487389 0.487389
0.490654 0.490654
0.49392 0.49392
0.497186 0.497186
0.500452 0.500452
0.503717 0.503717
0.506983 0.506983
0.510249 0.510249
0.513515 0.513515
0.51678 0.51678
0.520046 0.520046
0.523312 0.523312
0.520415 0.520415
0.517518 0.517518
0.514621 0.514621
0.511724 0.511724
0.508827 0.508827
0.50593 0.50593
0.503052 0.503052
0.503075 0.503075
0.503074 0.503074
0.503074 0.503074
0.503074 0.503074
0.503074 0.503074
0.503074 0.503074
0.503074 0.503074
0.503074 0.503074
0.503074 0.503074
0.503074 0.503074
0.503074 0.503074
0.503074 0.503074
0.503074 0.503074
0.503074 0.503074
0.503074 0.503074
0.503074 0.503074
0.503074 0.503074
0.503074 0.503074
0.503074 0.503074
0.503074 0.503074
0.503074 0.503074
0.503074 0.503074
0.503074 0.503074
0.503074 0.503074
0.503074 0.503074
0.503074 0.503074
0.503074 0.503074
0.503074 0.503074
0.503074 0.503074
0.503074 0.503074
0.503074 0.503074
0.503074 0.503074
0.503074 0.503074
0.503074 0.503074
0.503074 0.503074
0.503074 0.503074
0.503074 0.503074
0.503074 0.503074
0.503074 0.503074
0.503074 0.503074
0.503074 0.503074
0.503074 0.503074
0.503074 0.503074
0.503074 0.503074
0.503074 0.503074
0.503074 0.503074
0.503074 0.503074
0.503074 0.503074
0.503074 0.503074
0.503074 0.503074
0.503074 0.503074
0.503074 0.503074
0.502969 0.502969
0.501774 0.501774
0.500784 0.500784
0.499795 0.499795
0.498805 0.498805
0.497816 0.497816
0.496826 0.496826
0.495837 0.495837
0.494847 0.494847
0.493858 0.493858
0.492868 0.492868
0.491879 0.491879
0.490889 0.490889
0.4899 0.4899
0.488911 0.488911
0.487921 0.487921
0.486932 0.486932
0.485942 0.485942
0.484953 0.484953
0.483963 0.483963
0.482974 0.482974
0.481984 0.481984
0.480995 0.480995
0.480005 0.480005
0.479016 0.479016
0.478026 0.478026
0.477037 0.477037
0.476047 0.476047
0.475058 0.475058
0.474068 0.474068
0.473079 0.473079
0.472089 0.472089
0.4711 0.4711
0.47011 0.47011
0.469121 0.469121
0.468131 0.468131
0.467142 0.467142
0.466152 0.466152
0.465163 0.465163
0.464173 0.464173
0.463184 0.463184
0.462195 0.462195
0.461205 0.461205
0.460216 0.460216
0.459226 0.459226
0.458237 0.458237
0.457247 0.457247
0.456258 0.456258
0.455268 0.455268
0.454279 0.454279
0.453289 0.453289
0.4523 0.4523
0.45131 0.45131
0.450321 0.450321
0.449331 0.449331
0.448342 0.448342
0.447352 0.447352
0.446363 0.446363
0.445373 0.445373
0.444384 0.444384
0.443394 0.443394
0.442405 0.442405
0.441415 0.441415
0.440426 0.440426
0.439436 0.439436
0.438447 0.438447
0.437457 0.437457
0.436468 0.436468
0.434433 0.434433
0.431946 0.431946
0.42946 0.42946
0.426973 0.426973
0.424487 0.424487
0.422 0.422
0.419514 0.419514
0.417028 0.417028
0.414631 0.414631
0.413778 0.413778
0.412926 0.412926
0.412073 0.412073
0.411221 0.411221
0.410368 0.410368
0.409515 0.409515
0.408663 0.408663
0.40781 0.40781
0.406958 0.406958
0.406105 0.406105
0.405253 0.405253
0.4044 0.4044
0.403547 0.403547
0.402695 0.402695
0.401842 0.401842
0.40099 0.40099
0.400137 0.400137
0.399284 0.399284
0.398432 0.398432
0.397579 0.397579
0.396727 0.396727
0.395874 0.395874
0.395021 0.395021
0.394169 0.394169
0.393316 0.393316
0.392464 0.392464
0.391611 0.391611
0.390758 0.390758
0.389906 0.389906
0.389053 0.389053
0.388201 0.388201
0.387348 0.387348
0.386495 0.386495
0.385643 0.385643
0.38479 0.38479
0.383938 0.383938
0.383085 0.383085
0.382232 0.382232
0.38138 0.38138
0.380527 0.380527
0.379675 0.379675
0.378822 0.378822
0.377969 0.377969
0.377117 0.377117
0.376264 0.376264
0.375412 0.375412
0.374559 0.374559
0.373707 0.373707
0.372854 0.372854
0.372001 0.372001
0.371149 0.371149
0.370296 0.370296
0.369444 0.369444
0.368591 0.368591
0.367738 0.367738
0.366886 0.366886
0.366033 0.366033
0.365181 0.365181
0.364328 0.364328
0.363475 0.363475
0.362623 0.362623
0.36177 0.36177
0.360918 0.360918
0.360065 0.360065
0.359212 0.359212
0.35836 0.35836
0.357507 0.357507
0.356655 0.356655
0.355802 0.355802
0.354949 0.354949
0.354097 0.354097
0.353244 0.353244
0.352392 0.352392
0.351539 0.351539
0.350686 0.350686
0.349834 0.349834
0.348981 0.348981
0.348129 0.348129
0.347276 0.347276
0.346423 0.346423
0.345571 0.345571
0.344718 0.344718
0.343866 0.343866
0.343013 0.343013
0.342161 0.342161
0.341308 0.341308
0.340455 0.340455
0.339603 0.339603
0.33875 0.33875
0.337898 0.337898
0.337045 0.337045
0.336192 0.336192
0.33534 0.33534
0.334487 0.334487
0.333635 0.333635
0.332782 0.332782
0.331929 0.331929
0.331077 0.331077
0.330224 0.330224
0.329372 0.329372
0.328519 0.328519
0.327666 0.327666
0.326814 0.326814
0.325961 0.325961
0.325109 0.325109
0.324256 0.324256
0.323403 0.323403
0.322551 0.322551
0.321698 0.321698
0.320846 0.320846
0.319993 0.319993
0.31914 0.31914
0.318288 0.318288
0.317435 0.317435
0.316583 0.316583
0.31573 0.31573
0.314878 0.314878
0.314025 0.314025
0.313172 0.313172
0.31232 0.31232
0.31341 0.31341
0.316603 0.316603
0.319796 0.319796
0.322988 0.322988
0.326181 0.326181
0.329374 0.329374
0.332566 0.332566
0.335759 0.335759
0.338952 0.338952
0.342144 0.342144
0.345337 0.345337
0.34853 0.34853
0.351722 0.351722
0.354915 0.354915
0.358107 0.358107
0.3613 0.3613
0.364493 0.364493
0.367685 0.367685
0.370878 0.370878
0.374071 0.374071
0.377263 0.377263
0.380456 0.380456
0.383649 0.383649
0.386841 0.386841
0.390034 0.390034
0.393232 0.393232
0.396497 0.396497
0.399763 0.399763
0.403029 0.403029
0.406295 0.406295
0.40956 0.40956
0.412826 0.412826
0.416092 0.416092
0.419357 0.419357
0.422623 0.422623
0.425889 0.425889
0.429155 0.429155
0.43242 0.43242
0.435686 0.435686
0.438952 0.438952
0.442217 0.442217
0.445483 0.445483
0.448749 0.448749
0.452015 0.452015
0.45528 0.45528
0.458546 0.458546
0.461812 0.461812
0.465077 0.465077
0.468343 0.468343
0.471609 0.471609
0.474875 0.474875
0.47814 0.47814
0.481406 0.481406
0.484672 0.484672
0.487937 0.487937
0.491203 0.491203
0.494469 0.494469
0.497735 0.497735
0.501 0.501
0.504266 0.504266
0.507532 0.507532
0.510797 0.510797
0.514063 0.514063
0.517329 0.517329
0.520595 0.520595
0.52386 0.52386
0.520963 0.520963
0.518066 0.518066
0.515169 0.515169
0.512272 0.512272
0.509376 0.509376
0.507116 0.507116
0.507116 0.507116
0.507116 0.507116
0.507116 0.507116
0.507116 0.507116
0.507116 0.507116
0.507116 0.507116
0.507116 0.507116
0.507116 0.507116
0.507116 0.507116
0.507116 0.507116
0.507116 0.507116
0.507116 0.507116
0.507116 0.507116
0.507116 0.507116
0.507116 0.507116
0.507116 0.507116
0.507116 0.507116
0.507116 0.507116
0.507116 0.507116
0.507116 0.507116
0.507116 0.507116
0.507116 0.507116
0.507116 0.507116
0.507116 0.507116
0.507116 0.507116
0.507116 0.507116
0.507116 0.507116
0.507116 0.507116
0.507116 0.507116
0.507116 0.507116
0.507116 0.507116
0.507116 0.507116
0.507116 0.507116
0.507116 0.507116
0.507116 0.507116
0.507116 0.507116
0.507116 0.507116
0.507116 0.507116
0.507116 0.507116
0.507116 0.507116
0.507116 0.507116
0.507116 0.507116
0.507116 0.507116
0.507116 0.507116
0.507116 0.507116
0.507116 0.507116
0.507116 0.507116
0.507116 0.507116
0.507116 0.507116
0.507116 0.507116
0.507116 0.507116
0.507116 0.507116
0.507116 0.507116
0.507116 0.507116
0.507102 0.507102
0.50604 0.50604
0.505635 0.505635
0.50523 0.50523
0.504825 0.504825
0.50442 0.50442
0.504015 0.504015
0.50361 0.50361
0.503205 0.503205
0.5028 0.5028
0.502396 0.502396
0.501991 0.501991
0.501586 0.501586
0.501181 0.501181
0.500776 0.500776
0.500371 0.500371
0.499966 0.499966
0.499561 0.499561
0.499156 0.499156
0.498751 0.498751
0.498346 0.498346
0.497941 0.497941
0.497536 0.497536
0.497131 0.497131
0.496726 0.496726
0.496321 0.496321
0.495916 0.495916
0.495511 0.495511
0.495107 0.495107
0.494702 0.494702
0.494297 0.494297
0.493892 0.493892
0.493487 0.493487
0.493082 0.493082
0.492677 0.492677
0.492272 0.492272
0.491867 0.491867
0.491462 0.491462
0.491057 0.491057
0.490652 0.490652
0.490247 0.490247
0.489842 0.489842
0.489437 0.489437
0.489032 0.489032
0.488627 0.488627
0.488222 0.488222
0.487818 0.487818
0.487413 0.487413
0.487008 0.487008
0.486603 0.486603
0.486198 0.486198
0.485793 0.485793
0.485388 0.485388
0.484983 0.484983
0.484578 0.484578
0.484173 0.484173
0.483768 0.483768
0.483363 0.483363
0.482958 0.482958
0.482553 0.482553
0.482148 0.482148
0.481743 0.481743
0.481338 0.481338
0.480933 0.480933
0.480528 0.480528
0.480124 0.480124
0.479719 0.479719
0.479314 0.479314
0.478909 0.478909
0.478504 0.478504
0.478099 0.478099
0.477694 0.477694
0.477289 0.477289
0.476884 0.476884
0.476479 0.476479
0.476074 0.476074
0.475669 0.475669
0.475264 0.475264
0.474859 0.474859
0.472695 0.472695
0.470507 0.470507
0.468319 0.468319
0.466131 0.466131
0.463943 0.463943
0.461755 0.461755
0.459567 0.459567
0.457379 0.457379
0.455191 0.455191
0.453003 0.453003
0.450815 0.450815
0.448627 0.448627
0.448035 0.448035
0.447679 0.447679
0.447323 0.447323
0.446967 0.446967
0.446612 0.446612
0.446256 0.446256
0.4459 0.4459
0.445545 0.445545
0.445189 0.445189
0.444833 0.444833
0.444478 0.444478
0.444122 0.444122
0.443766 0.443766
0.443411 0.443411
0.443055 0.443055
0.442699 0.442699
0.442343 0.442343
0.441988 0.441988
0.441632 0.441632
0.441276 0.441276
0.440921 0.440921
0.440565 0.440565
0.440209 0.440209
0.439854 0.439854
0.439498 0.439498
0.439142 0.439142
0.438786 0.438786
0.438431 0.438431
0.438075 0.438075
0.437719 0.437719
0.437364 0.437364
0.437008 0.437008
0.436652 0.436652
0.436297 0.436297
0.435941 0.435941
0.435585 0.435585
0.435229 0.435229
0.434874 0.434874
0.434518 0.434518
0.434162 0.434162
0.433807 0.433807
0.433451 0.433451
0.433095 0.433095
0.43274 0.43274
0.432384 0.432384
0.432028 0.432028
0.431672 0.431672
0.431317 0.431317
0.430961 0.430961
0.430605 0.430605
0.43025 0.43025
0.429894 0.429894
0.429538 0.429538
0.429183 0.429183
0.428827 0.428827
0.428471 0.428471
0.428115 0.428115
0.42776 0.42776
0.427404 0.427404
0.427048 0.427048
0.426693 0.426693
0.426337 0.426337
0.425981 0.425981
0.425626 0.425626
0.42527 0.42527
0.424914 0.424914
0.424558 0.424558
0.424203 0.424203
0.423847 0.423847
0.423491 0.423491
0.423136 0.423136
0.42278 0.42278
0.422424 0.422424
0.422069 0.422069
0.421713 0.421713
0.421357 0.421357
0.421001 0.421001
0.420646 0.420646
0.42029 0.42029
0.419934 0.419934
0.419579 0.419579
0.419223 0.419223
0.418867 0.418867
0.418512 0.418512
0.418156 0.418156
0.4178 0.4178
0.417444 0.417444
0.417089 0.417089
0.416733 0.416733
0.416377 0.416377
0.416022 0.416022
0.415666 0.415666
0.41531 0.41531
0.414955 0.414955
0.414599 0.414599
0.414243 0.414243
0.413887 0.413887
0.413532 0.413532
0.413176 0.413176
0.41282 0.41282
0.412465 0.412465
0.412109 0.412109
0.411753 0.411753
0.411398 0.411398
0.411042 0.411042
0.410686 0.410686
0.41033 0.41033
0.409975 0.409975
0.409619 0.409619
0.409263 0.409263
0.408908 0.408908
0.408552 0.408552
0.408196 0.408196
0.407841 0.407841
0.407485 0.407485
0.407129 0.407129
0.406773 0.406773
0.406418 0.406418
0.406062 0.406062
0.405706 0.405706
0.405351 0.405351
0.404995 0.404995
0.404639 0.404639
0.404284 0.404284
0.403928 0.403928
0.403572 0.403572
0.403216 0.403216
0.402861 0.402861
0.402505 0.402505
0.402149 0.402149
0.401794 0.401794
0.401438 0.401438
0.40165 0.40165
0.404864 0.404864
0.408077 0.408077
0.411291 0.411291
0.414504 0.414504
0.417718 0.417718
0.420931 0.420931
0.424145 0.424145
0.427358 0.427358
0.430572 0.430572
0.433785 0.433785
0.436999 0.436999
0.440212 0.440212
0.443426 0.443426
0.446639 0.446639
0.449853 0.449853
0.453066 0.453066
0.45628 0.45628
0.459493 0.459493
0.462707 0.462707
0.46592 0.46592
0.469134 0.469134
0.472347 0.472347
0.475561 0.475561
0.478774 0.478774
0.481988 0.481988
0.485201 0.485201
0.488415 0.488415
0.491628 0.491628
0.494842 0.494842
0.498055 0.498055
0.501269 0.501269
0.504482 0.504482
0.507696 0.507696
0.510909 0.510909
0.514123 0.514123
0.517336 0.517336
0.52055 0.52055
0.523767 0.523767
0.52087 0.52087
0.517973 0.517973
0.515076 0.515076
0.512179 0.512179
0.509282 0.509282
0.507034 0.507034
0.507034 0.507034
0.507034 0.507034
0.507034 0.507034
0.507034 0.507034
0.507034 0.507034
0.507034 0.507034
0.507034 0.507034
0.507034 0.507034
0.507034 0.507034
0.507034 0.507034
0.507034 0.507034
0.507034 0.507034
0.507034 0.507034
0.507034 0.507034
0.507034 0.507034
0.507034 0.507034
0.507034 0.507034
0.507034 0.507034
0.507034 0.507034
0.507034 0.507034
0.507034 0.507034
0.507034 0.507034
0.507034 0.507034
0.507034 0.507034
0.507034 0.507034
0.507034 0.507034
0.507034 0.507034
0.507034 0.507034
0.507034 0.507034
0.507034 0.507034
0.507034 0.507034
0.507034 0.507034
0.507034 0.507034
0.507034 0.507034
0.507034 0.507034
0.507034 0.507034
0.507034 0.507034
0.507034 0.507034
0.507034 0.507034
0.507034 0.507034
0.507034 0.507034
0.507034 0.507034
0.507034 0.507034
0.507034 0.507034
0.507034 0.507034
0.507034 0.507034
0.507034 0.507034
0.507034 0.507034
0.507034 0.507034
0.507034 0.507034
0.507034 0.507034
0.507034 0.507034
0.507034 0.507034
0.507034 0.507034
0.507024 0.507024
0.50596 0.50596
0.505556 0.505556
0.505152 0.505152
0.504749 0.504749
0.504345 0.504345
0.503942 0.503942
0.503538 0.503538
0.503135 0.503135
0.502731 0.502731
0.502327 0.502327
0.501924 0.501924
0.50152 0.50152
0.501117 0.501117
0.500713 0.500713
0.50031 0.50031
0.499906 0.499906
0.499503 0.499503
0.499099 0.499099
0.498695 0.498695
0.498292 0.498292
0.497888 0.497888
0.497485 0.497485
0.497081 0.497081
0.496678 0.496678
0.496274 0.496274
0.49587 0.49587
0.495467 0.495467
0.495063 0.495063
0.49466 0.49466
0.494256 0.494256
0.493853 0.493853
0.493449 0.493449
0.493046 0.493046
0.492642 0.492642
0.492238 0.492238
0.491835 0.491835
0.491431 0.491431
0.491028 0.491028
0.490624 0.490624
0.490221 0.490221
0.489817 0.489817
0.489413 0.489413
0.48901 0.48901
0.488606 0.488606
0.488203 0.488203
0.487799 0.487799
0.487396 0.487396
0.486992 0.486992
0.486589 0.486589
0.486185 0.486185
0.485781 0.485781
0.485378 0.485378
0.484974 0.484974
0.484571 0.484571
0.484167 0.484167
0.483764 0.483764
0.48336 0.48336
0.482956 0.482956
0.482553 0.482553
0.482149 0.482149
0.481746 0.481746
0.481342 0.481342
0.480939 0.480939
0.480535 0.480535
0.480131 0.480131
0.479728 0.479728
0.479324 0.479324
0.478921 0.478921
0.478517 0.478517
0.478114 0.478114
0.47771 0.47771
0.477307 0.477307
0.476903 0.476903
0.476499 0.476499
0.476096 0.476096
0.475692 0.475692
0.475289 0.475289
0.474885 0.474885
0.472766 0.472766
0.470578 0.470578
0.468391 0.468391
0.466204 0.466204
0.464017 0.464017
0.46183 0.46183
0.459642 0.459642
0.457455 0.457455
0.455268 0.455268
0.453081 0.453081
0.450894 0.450894
0.448706 0.448706
0.448057 0.448057
0.447702 0.447702
0.447348 0.447348
0.446993 0.446993
0.446639 0.446639
0.446284 0.446284
0.44593 0.44593
0.445575 0.445575
0.445221 0.445221
0.444866 0.444866
0.444512 0.444512
0.444157 0.444157
0.443803 0.443803
0.443448 0.443448
0.443094 0.443094
0.442739 0.442739
0.442385 0.442385
0.44203 0.44203
0.441676 0.441676
0.441321 0.441321
0.440967 0.440967
0.440612 0.440612
0.440258 0.440258
0.439903 0.439903
0.439549 0.439549
0.439194 0.439194
0.43884 0.43884
0.438485 0.438485
0.438131 0.438131
0.437776 0.437776
0.437422 0.437422
0.437067 0.437067
0.436713 0.436713
0.436358 0.436358
0.436004 0.436004
0.435649 0.435649
0.435295 0.435295
0.43494 0.43494
0.434586 0.434586
0.434231 0.434231
0.433877 0.433877
0.433522 0.433522
0.433168 0.433168
0.432813 0.432813
0.432459 0.432459
0.432104 0.432104
0.43175 0.43175
0.431395 0.431395
0.431041 0.431041
0.430686 0.430686
0.430332 0.430332
0.429977 0.429977
0.429623 0.429623
0.429268 0.429268
0.428914 0.428914
0.428559 0.428559
0.428205 0.428205
0.42785 0.42785
0.427496 0.427496
0.427141 0.427141
0.426787 0.426787
0.426432 0.426432
0.426078 0.426078
0.425723 0.425723
0.425369 0.425369
0.425014 0.425014
0.42466 0.42466
0.424305 0.424305
0.423951 0.423951
0.423596 0.423596
0.423242 0.423242
0.422887 0.422887
0.422533 0.422533
0.422178 0.422178
0.421824 0.421824
0.421469 0.421469
0.421115 0.421115
0.42076 0.42076
0.420406 0.420406
0.420052 0.420052
0.419697 0.419697
0.419343 0.419343
0.418988 0.418988
0.418634 0.418634
0.418279 0.418279
0.417925 0.417925
0.41757 0.41757
0.417216 0.417216
0.416861 0.416861
0.416507 0.416507
0.416152 0.416152
0.415798 0.415798
0.415443 0.415443
0.415089 0.415089
0.414734 0.414734
0.41438 0.41438
0.414025 0.414025
0.413671 0.413671
0.413316 0.413316
0.412962 0.412962
0.412607 0.412607
0.412253 0.412253
0.411898 0.411898
0.411544 0.411544
0.411189 0.411189
0.410835 0.410835
0.41048 0.41048
0.410126 0.410126
0.409771 0.409771
0.409417 0.409417
0.409062 0.409062
0.408708 0.408708
0.408353 0.408353
0.407999 0.407999
0.407644 0.407644
0.40729 0.40729
0.406935 0.406935
0.406581 0.406581
0.406226 0.406226
0.405872 0.405872
0.405517 0.405517
0.405163 0.405163
0.404808 0.404808
0.404454 0.404454
0.404099 0.404099
0.403745 0.403745
0.40339 0.40339
0.403036 0.403036
0.402681 0.402681
0.402327 0.402327
0.401972 0.401972
0.401618 0.401618
0.401744 0.401744
0.404958 0.404958
0.408172 0.408172
0.411385 0.411385
0.414599 0.414599
0.417812 0.417812
0.421026 0.421026
0.42424 0.42424
0.427453 0.427453
0.430667 0.430667
0.43388 0.43388
0.437094 0.437094
0.440308 0.440308
0.443521 0.443521
0.446735 0.446735
0.449948 0.449948
0.453162 0.453162
0.456375 0.456375
0.459589 0.459589
0.462803 0.462803
0.466016 0.466016
0.46923 0.46923
0.472443 0.472443
0.475657 0.475657
0.478871 0.478871
0.482084 0.482084
0.485298 0.485298
0.488511 0.488511
0.491725 0.491725
0.494939 0.494939
0.498152 0.498152
0.501366 0.501366
0.504579 0.504579
0.507793 0.507793
0.511007 0.511007
0.51422 0.51422
0.517434 0.517434
0.520647 0.520647
0.523861 0.523861
0.520964 0.520964
0.518067 0.518067
0.51517 0.51517
0.512273 0.512273
0.509376 0.509376
0.507121 0.507121
0.507121 0.507121
0.507121 0.507121
0.507121 0.507121
0.507121 0.507121
0.507121 0.507121
0.507121 0.507121
0.507121 0.507121
0.507121 0.507121
0.507121 0.507121
0.507121 0.507121
0.507121 0.507121
0.507121 0.507121
0.507121 0.507121
0.507121 0.507121
0.507121 0.507121
0.507121 0.507121
0.507121 0.507121
0.507121 0.507121
0.507121 0.507121
0.507121 0.507121
0.507121 0.507121
0.507121 0.507121
0.507121 0.507121
0.507121 0.507121
0.507121 0.507121
0.507121 0.507121
0.507121 0.507121
0.507121 0.507121
0.507121 0.507121
0.507121 0.507121
0.507121 0.507121
0.507121 0.507121
0.507121 0.507121
0.507121 0.507121
0.507121 0.507121
0.507121 0.507121
0.507121 0.507121
0.507121 0.507121
0.507121 0.507121
0.507121 0.507121
0.507121 0.507121
0.507121 0.507121
0.507121 0.507121
0.507121 0.507121
0.507121 0.507121
0.507121 0.507121
0.507121 0.507121
0.507121 0.507121
0.507121 0.507121
0.507121 0.507121
0.507121 0.507121
0.507121 0.507121
0.507121 0.507121
0.507121 0.507121
0.507109 0.507109
0.506046 0.506046
0.505642 0.505642
0.505238 0.505238
0.504834 0.504834
0.50443 0.50443
0.504026 0.504026
0.503622 0.503622
0.503218 0.503218
0.502813 0.502813
0.502409 0.502409
0.502005 0.502005
0.501601 0.501601
0.501197 0.501197
0.500793 0.500793
0.500389 0.500389
0.499985 0.499985
0.499581 0.499581
0.499177 0.499177
0.498773 0.498773
0.498369 0.498369
0.497965 0.497965
0.497561 0.497561
0.497156 0.497156
0.496752 0.496752
0.496348 0.496348
0.495944 0.495944
0.49554 0.49554
0.495136 0.495136
0.494732 0.494732
0.494328 0.494328
0.493924 0.493924
0.49352 0.49352
0.493116 0.493116
0.492712 0.492712
0.492308 0.492308
0.491904 0.491904
0.491499 0.491499
0.491095 0.491095
0.490691 0.490691
0.490287 0.490287
0.489883 0.489883
0.489479 0.489479
0.489075 0.489075
0.488671 0.488671
0.488267 0.488267
0.487863 0.487863
0.487459 0.487459
0.487055 0.487055
0.486651 0.486651
0.486247 0.486247
0.485842 0.485842
0.485438 0.485438
0.485034 0.485034
0.48463 0.48463
0.484226 0.484226
0.483822 0.483822
0.483418 0.483418
0.483014 0.483014
0.48261 0.48261
0.482206 0.482206
0.481802 0.481802
0.481398 0.481398
0.480994 0.480994
0.48059 0.48059
0.480185 0.480185
0.479781 0.479781
0.479377 0.479377
0.478973 0.478973
0.478569 0.478569
0.478165 0.478165
0.477761 0.477761
0.477357 0.477357
0.476953 0.476953
0.476549 0.476549
0.476145 0.476145
0.475741 0.475741
0.475337 0.475337
0.474933 0.474933
0.472804 0.472804
0.470617 0.470617
0.468429 0.468429
0.466242 0.466242
0.464054 0.464054
0.461867 0.461867
0.459679 0.459679
0.457492 0.457492
0.455304 0.455304
0.453117 0.453117
0.450929 0.450929
0.448742 0.448742
0.448102 0.448102
0.447747 0.447747
0.447392 0.447392
0.447037 0.447037
0.446682 0.446682
0.446327 0.446327
0.445972 0.445972
0.445617 0.445617
0.445262 0.445262
0.444907 0.444907
0.444552 0.444552
0.444198 0.444198
0.443843 0.443843
0.443488 0.443488
0.443133 0.443133
0.442778 0.442778
0.442423 0.442423
0.442068 0.442068
0.441713 0.441713
0.441358 0.441358
0.441003 0.441003
0.440648 0.440648
0.440293 0.440293
0.439938 0.439938
0.439583 0.439583
0.439228 0.439228
0.438873 0.438873
0.438518 0.438518
0.438163 0.438163
0.437809 0.437809
0.437454 0.437454
0.437099 0.437099
0.436744 0.436744
0.436389 0.436389
0.436034 0.436034
0.435679 0.435679
0.435324 0.435324
0.434969 0.434969
0.434614 0.434614
0.434259 0.434259
0.433904 0.433904
0.433549 0.433549
0.433194 0.433194
0.432839 0.432839
0.432484 0.432484
0.432129 0.432129
0.431774 0.431774
0.43142 0.43142
0.431065 0.431065
0.43071 0.43071
0.430355 0.430355
0.43 0.43
0.429645 0.429645
0.42929 0.42929
0.428935 0.428935
0.42858 0.42858
0.428225 0.428225
0.42787 0.42787
0.427515 0.427515
0.42716 0.42716
0.426805 0.426805
0.42645 0.42645
0.426095 0.426095
0.42574 0.42574
0.425386 0.425386
0.425031 0.425031
0.424676 0.424676
0.424321 0.424321
0.423966 0.423966
0.423611 0.423611
0.423256 0.423256
0.422901 0.422901
0.422546 0.422546
0.422191 0.422191
0.421836 0.421836
0.421481 0.421481
0.421126 0.421126
0.420771 0.420771
0.420416 0.420416
0.420061 0.420061
0.419706 0.419706
0.419351 0.419351
0.418997 0.418997
0.418642 0.418642
0.418287 0.418287
0.417932 0.417932
0.417577 0.417577
0.417222 0.417222
0.416867 0.416867
0.416512 0.416512
0.416157 0.416157
0.415802 0.415802
0.415447 0.415447
0.415092 0.415092
0.414737 0.414737
0.414382 0.414382
0.414027 0.414027
0.413672 0.413672
0.413317 0.413317
0.412962 0.412962
0.412608 0.412608
0.412253 0.412253
0.411898 0.411898
0.411543 0.411543
0.411188 0.411188
0.410833 0.410833
0.410478 0.410478
0.410123 0.410123
0.409768 0.409768
0.409413 0.409413
0.409058 0.409058
0.408703 0.408703
0.408348 0.408348
0.407993 0.407993
0.407638 0.407638
0.407283 0.407283
0.406928 0.406928
0.406574 0.406574
0.406219 0.406219
0.405864 0.405864
0.405509 0.405509
0.405154 0.405154
0.404799 0.404799
0.404444 0.404444
0.404089 0.404089
0.403734 0.403734
0.403379 0.403379
0.403024 0.403024
0.402669 0.402669
0.402314 0.402314
0.401959 0.401959
0.401604 0.401604
0.401653 0.401653
0.404866 0.404866
0.40808 0.40808
0.411294 0.411294
0.414507 0.414507
0.417721 0.417721
0.420934 0.420934
0.424148 0.424148
0.427361 0.427361
0.430575 0.430575
0.433788 0.433788
0.437002 0.437002
0.440215 0.440215
0.443429 0.443429
0.446642 0.446642
0.449856 0.449856
0.453069 0.453069
0.456283 0.456283
0.459496 0.459496
0.46271 0.46271
0.465923 0.465923
0.469137 0.469137
0.47235 0.47235
0.475564 0.475564
0.478777 0.478777
0.481991 0.481991
0.485205 0.485205
0.488418 0.488418
0.491632 0.491632
0.494845 0.494845
0.498059 0.498059
0.501272 0.501272
0.504486 0.504486
0.507699 0.507699
0.510913 0.510913
0.514126 0.514126
0.51734 0.51734
0.520553 0.520553
0.523767 0.523767
0.527032 0.527032
0.530298 0.530298
0.533564 0.533564
0.53683 0.53683
0.540095 0.540095
0.543361 0.543361
0.546627 0.546627
0.549892 0.549892
0.553158 0.553158
0.556424 0.556424
0.55969 0.55969
0.562955 0.562955
0.566221 0.566221
0.569487 0.569487
0.572752 0.572752
0.576018 0.576018
0.579284 0.579284
0.58255 0.58255
0.585815 0.585815
0.589081 0.589081
0.592347 0.592347
0.595612 0.595612
0.598878 0.598878
0.602144 0.602144
0.60541 0.60541
0.608675 0.608675
0.611941 0.611941
0.615207 0.615207
0.618472 0.618472
0.621738 0.621738
0.625004 0.625004
0.62827 0.62827
0.631535 0.631535
0.634801 0.634801
0.638067 0.638067
0.641332 0.641332
0.644598 0.644598
0.647864 0.647864
0.651129 0.651129
0.654395 0.654395
0.657661 0.657661
0.660927 0.660927
0.664192 0.664192
0.667458 0.667458
0.670724 0.670724
0.673989 0.673989
0.677255 0.677255
0.680521 0.680521
0.683787 0.683787
0.687052 0.687052
0.690318 0.690318
0.693584 0.693584
0.696849 0.696849
0.700115 0.700115
0.703381 0.703381
0.706647 0.706647
0.709912 0.709912
0.713178 0.713178
0.716444 0.716444
0.719709 0.719709
0.722975 0.722975
0.726241 0.726241
0.729507 0.729507
0.732772 0.732772
0.736038 0.736038
0.739304 0.739304
0.742569 0.742569
0.745835 0.745835
0.749101 0.749101
0.752367 0.752367
0.755632 0.755632
0.758898 0.758898
0.762164 0.762164
0.765429 0.765429
0.768695 0.768695
0.771961 0.771961
0.775226 0.775226
0.778492 0.778492
0.781758 0.781758
0.778861 0.778861
0.775964 0.775964
0.773067 0.773067
0.77017 0.77017
0.767273 0.767273
0.764376 0.764376
0.762093 0.762093
0.762093 0.762093
0.762093 0.762093
0.762093 0.762093
0.762093 0.762093
0.762093 0.762093
0.762093 0.762093
0.762093 0.762093
0.762093 0.762093
0.762093 0.762093
0.762093 0.762093
0.762093 0.762093
0.762093 0.762093
0.762093 0.762093
0.762093 0.762093
0.762093 0.762093
0.762093 0.762093
0.762093 0.762093
0.762093 0.762093
0.762093 0.762093
0.762093 0.762093
0.762093 0.762093
0.762093 0.762093
0.762093 0.762093
0.762093 0.762093
0.762093 0.762093
0.762093 0.762093
0.762093 0.762093
0.762093 0.762093
0.762093 0.762093
0.762093 0.762093
0.762093 0.762093
0.762093 0.762093
0.762093 0.762093
0.762093 0.762093
0.762093 0.762093
0.762093 0.762093
0.762093 0.762093
0.762093 0.762093
0.762093 0.762093
0.762093 0.762093
0.762093 0.762093
0.762093 0.762093
0.762093 0.762093
0.762093 0.762093
0.762093 0.762093
0.762093 0.762093
0.762093 0.762093
0.762093 0.762093
0.762093 0.762093
0.762093 0.762093
0.762093 0.762093
0.762093 0.762093
0.762093 0.762093
0.762093 0.762093
0.761912 0.761912
0.760137 0.760137
0.759074 0.759074
0.75801 0.75801
0.756947 0.756947
0.755884 0.755884
0.754821 0.754821
0.753757 0.753757
0.752694 0.752694
0.751631 0.751631
0.750567 0.750567
0.749504 0.749504
0.748441 0.748441
0.747377 0.747377
0.746314 0.746314
0.745251 0.745251
0.744187 0.744187
0.743124 0.743124
0.742061 0.742061
0.740997 0.740997
0.739934 0.739934
0.738871 0.738871
0.737808 0.737808
0.736744 0.736744
0.735681 0.735681
0.734618 0.734618
0.733554 0.733554
0.732491 0.732491
0.731428 0.731428
0.730364 0.730364
0.729301 0.729301
0.728238 0.728238
0.727174 0.727174
0.726111 0.726111
0.725048 0.725048
0.723985 0.723985
0.722921 0.722921
0.721858 0.721858
0.720795 0.720795
0.719731 0.719731
0.718668 0.718668
0.717605 0.717605
0.716541 0.716541
0.715478 0.715478
0.714415 0.714415
0.713351 0.713351
0.712288 0.712288
0.711225 0.711225
0.710161 0.710161
0.709098 0.709098
0.708035 0.708035
0.706972 0.706972
0.705908 0.705908
0.704845 0.704845
0.703782 0.703782
0.702718 0.702718
0.701655 0.701655
0.700592 0.700592
0.699528 0.699528
0.698465 0.698465
0.697402 0.697402
0.696338 0.696338
0.695275 0.695275
0.694212 0.694212
0.693148 0.693148
0.692085 0.692085
0.691022 0.691022
0.689959 0.689959
0.688895 0.688895
0.687832 0.687832
0.686769 0.686769
0.685705 0.685705
0.684642 0.684642
0.683579 0.683579
0.682515 0.682515
0.681452 0.681452
0.680389 0.680389
0.679325 0.679325
0.678262 0.678262
0.677199 0.677199
0.676136 0.676136
0.675072 0.675072
0.674009 0.674009
0.672946 0.672946
0.671882 0.671882
0.670819 0.670819
0.669756 0.669756
0.668692 0.668692
0.667629 0.667629
0.666566 0.666566
0.665502 0.665502
0.664439 0.664439
0.663376 0.663376
0.662312 0.662312
0.661249 0.661249
0.660186 0.660186
0.659123 0.659123
0.658059 0.658059
0.656996 0.656996
0.655933 0.655933
0.654869 0.654869
0.653806 0.653806
0.651846 0.651846
0.649352 0.649352
0.646858 0.646858
0.644364 0.644364
0.64187 0.64187
0.639376 0.639376
0.636882 0.636882
0.634388 0.634388
0.631893 0.631893
0.629399 0.629399
0.626905 0.626905
0.624411 0.624411
0.621917 0.621917
0.619423 0.619423
0.616929 0.616929
0.614435 0.614435
0.611941 0.611941
0.610526 0.610526
0.609565 0.609565
0.608604 0.608604
0.607643 0.607643
0.606682 0.606682
0.605722 0.605722
0.604761 0.604761
0.6038 0.6038
0.602839 0.602839
0.601878 0.601878
0.600917 0.600917
0.599956 0.599956
0.598995 0.598995
0.598034 0.598034
0.597073 0.597073
0.596112 0.596112
0.595151 0.595151
0.59419 0.59419
0.593229 0.593229
0.592268 0.592268
0.591307 0.591307
0.590346 0.590346
0.589385 0.589385
0.588424 0.588424
0.587463 0.587463
0.586502 0.586502
0.585541 0.585541
0.58458 0.58458
0.583619 0.583619
0.582658 0.582658
0.581698 0.581698
0.580737 0.580737
0.579776 0.579776
0.578815 0.578815
0.577854 0.577854
0.576893 0.576893
0.575932 0.575932
0.574971 0.574971
0.57401 0.57401
0.573049 0.573049
0.572088 0.572088
0.571127 0.571127
0.570166 0.570166
0.569205 0.569205
0.568244 0.568244
0.567283 0.567283
0.566322 0.566322
0.565361 0.565361
0.5644 0.5644
0.563439 0.563439
0.562478 0.562478
0.561517 0.561517
0.560556 0.560556
0.559595 0.559595
0.558635 0.558635
0.557674 0.557674
0.556713 0.556713
0.555752 0.555752
0.554791 0.554791
0.55383 0.55383
0.552869 0.552869
0.551908 0.551908
0.550947 0.550947
0.549986 0.549986
0.549025 0.549025
0.548064 0.548064
0.547103 0.547103
0.546142 0.546142
0.545181 0.545181
0.54422 0.54422
0.543259 0.543259
0.542298 0.542298
0.541337 0.541337
0.540376 0.540376
0.539415 0.539415
0.538454 0.538454
0.537493 0.537493
0.536532 0.536532
0.535571 0.535571
0.534611 0.534611
0.53365 0.53365
0.532689 0.532689
0.531728 0.531728
0.530767 0.530767
0.529806 0.529806
0.528845 0.528845
0.527884 0.527884
0.526923 0.526923
0.525962 0.525962
0.525001 0.525001
0.52404 0.52404
0.523079 0.523079
0.522118 0.522118
0.521157 0.521157
0.520196 0.520196
0.519235 0.519235
0.518274 0.518274
0.517313 0.517313
0.516352 0.516352
0.515391 0.515391
0.51443 0.51443
0.513469 0.513469
0.512508 0.512508
0.511548 0.511548
0.510587 0.510587
0.509626 0.509626
0.508665 0.508665
0.507704 0.507704
0.506743 0.506743
0.505782 0.505782
0.504821 0.504821
0.50386 0.50386
0.502899 0.502899
0.501938 0.501938
0.500977 0.500977
0.500016 0.500016
0.499055 0.499055
0.498094 0.498094
0.497133 0.497133
0.496172 0.496172
0.495211 0.495211
0.49425 0.49425
0.493289 0.493289
0.492328 0.492328
0.491367 0.491367
0.490406 0.490406
0.489445 0.489445
0.488484 0.488484
0.487524 0.487524
0.486563 0.486563
0.485602 0.485602
0.484641 0.484641
0.48368 0.48368
0.482719 0.482719
0.481758 0.481758
0.480797 0.480797
0.479836 0.479836
0.478875 0.478875
0.477914 0.477914
0.476953 0.476953
0.475992 0.475992
0.475031 0.475031
0.47407 0.47407
0.473109 0.473109
0.472148 0.472148
0.471187 0.471187
0.470226 0.470226
0.469265 0.469265
0.468304 0.468304
0.467343 0.467343
0.466382 0.466382
0.465421 0.465421
0.464461 0.464461
0.4635 0.4635
0.462539 0.462539
0.461578 0.461578
0.460617 0.460617
0.459656 0.459656
0.458695 0.458695
0.457734 0.457734
0.456773 0.456773
0.455812 0.455812
0.454851 0.454851
0.45389 0.45389
0.452929 0.452929
0.451968 0.451968
0.451007 0.451007
0.450046 0.450046
0.449085 0.449085
0.448124 0.448124
0.447163 0.447163
0.446202 0.446202
0.445241 0.445241
0.44428 0.44428
0.443319 0.443319
0.442358 0.442358
0.441397 0.441397
0.440437 0.440437
0.439476 0.439476
0.438515 0.438515
0.437554 0.437554
0.436593 0.436593
0.435632 0.435632
0.434671 0.434671
0.43371 0.43371
0.432749 0.432749
0.431788 0.431788
0.430827 0.430827
0.429866 0.429866
0.428905 0.428905
0.427944 0.427944
0.43113 0.43113
0.434344 0.434344
0.437557 0.437557
0.440771 0.440771
0.443984 0.443984
0.447198 0.447198
0.450411 0.450411
0.453625 0.453625
0.456838 0.456838
0.460052 0.460052
0.463265 0.463265
0.466479 0.466479
0.469692 0.469692
0.472906 0.472906
0.476119 0.476119
0.479332 0.479332
0.482546 0.482546
0.485759 0.485759
0.488973 0.488973
0.492186 0.492186
0.4954 0.4954
0.498613 0.498613
0.501827 0.501827
0.50504 0.50504
0.508254 0.508254
0.511467 0.511467
0.514681 0.514681
0.517894 0.517894
0.521108 0.521108
0.524325 0.524325
0.527591 0.527591
0.530856 0.530856
0.534122 0.534122
0.537388 0.537388
0.540653 0.540653
0.543919 0.543919
0.547185 0.547185
0.550451 0.550451
0.553716 0.553716
0.556982 0.556982
0.560248 0.560248
0.563513 0.563513
0.566779 0.566779
0.570045 0.570045
0.573311 0.573311
0.576576 0.576576
0.579842 0.579842
0.583108 0.583108
0.586373 0.586373
0.589639 0.589639
0.592905 0.592905
0.59617 0.59617
0.599436 0.599436
0.602702 0.602702
0.605968 0.605968
0.609233 0.609233
0.612499 0.612499
0.615765 0.615765
0.61903 0.61903
0.622296 0.622296
0.625562 0.625562
0.628827 0.628827
0.632093 0.632093
0.635359 0.635359
0.638625 0.638625
0.64189 0.64189
0.645156 0.645156
0.648422 0.648422
0.651687 0.651687
0.654953 0.654953
0.658219 0.658219
0.661485 0.661485
0.66475 0.66475
0.668016 0.668016
0.671282 0.671282
0.674547 0.674547
0.677813 0.677813
0.681079 0.681079
0.684344 0.684344
0.68761 0.68761
0.690876 0.690876
0.694142 0.694142
0.697407 0.697407
0.700673 0.700673
0.703939 0.703939
0.707204 0.707204
0.71047 0.71047
0.713736 0.713736
0.717002 0.717002
0.720267 0.720267
0.723533 0.723533
0.726799 0.726799
0.730064 0.730064
0.73333 0.73333
0.736596 0.736596
0.739861 0.739861
0.743127 0.743127
0.746393 0.746393
0.749659 0.749659
0.752924 0.752924
0.75619 0.75619
0.759456 0.759456
0.762721 0.762721
0.765987 0.765987
0.769253 0.769253
0.772518 0.772518
0.775784 0.775784
0.77905 0.77905
0.782316 0.782316
0.779419 0.779419
0.776522 0.776522
0.773625 0.773625
0.770728 0.770728
0.767831 0.767831
0.766215 0.766215
0.766215 0.766215
0.766215 0.766215
0.766215 0.766215
0.766215 0.766215
0.766215 0.766215
0.766215 0.766215
0.766215 0.766215
0.766215 0.766215
0.766215 0.766215
0.766215 0.766215
0.766215 0.766215
0.766215 0.766215
0.766215 0.766215
0.766215 0.766215
0.766215 0.766215
0.766215 0.766215
0.766215 0.766215
0.766215 0.766215
0.766215 0.766215
0.766215 0.766215
0.766215 0.766215
0.766215 0.766215
0.766215 0.766215
0.766215 0.766215
0.766215 0.766215
0.766215 0.766215
0.766215 0.766215
0.766215 0.766215
0.766215 0.766215
0.766215 0.766215
0.766215 0.766215
0.766215 0.766215
0.766215 0.766215
0.766215 0.766215
0.766215 0.766215
0.766215 0.766215
0.766215 0.766215
0.766215 0.766215
0.766215 0.766215
0.766215 0.766215
0.766215 0.766215
0.766215 0.766215
0.766215 0.766215
0.766215 0.766215
0.766215 0.766215
0.766215 0.766215
0.766215 0.766215
0.766215 0.766215
0.766215 0.766215
0.766215 0.766215
0.766215 0.766215
0.766215 0.766215
0.766215 0.766215
0.766215 0.766215
0.766215 0.766215
0.766215 0.766215
0.766202 0.766202
0.764368 0.764368
0.764013 0.764013
0.763682 0.763682
0.763351 0.763351
0.763019 0.763019
0.762688 0.762688
0.762357 0.762357
0.762025 0.762025
0.761694 0.761694
0.761363 0.761363
0.761031 0.761031
0.7607 0.7607
0.760369 0.760369
0.760037 0.760037
0.759706 0.759706
0.759375 0.759375
0.759044 0.759044
0.758712 0.758712
0.758381 0.758381
0.75805 0.75805
0.757718 0.757718
0.757387 0.757387
0.757056 0.757056
0.756724 0.756724
0.756393 0.756393
0.756062 0.756062
0.75573 0.75573
0.755399 0.755399
0.755068 0.755068
0.754736 0.754736
0.754405 0.754405
0.754074 0.754074
0.753743 0.753743
0.753411 0.753411
0.75308 0.75308
0.752749 0.752749
0.752417 0.752417
0.752086 0.752086
0.751755 0.751755
0.751423 0.751423
0.751092 0.751092
0.750761 0.750761
0.750429 0.750429
0.750098 0.750098
0.749767 0.749767
0.749435 0.749435
0.749104 0.749104
0.748773 0.748773
0.748442 0.748442
0.74811 0.74811
0.747779 0.747779
0.747448 0.747448
0.747116 0.747116
0.746785 0.746785
0.746454 0.746454
0.746122 0.746122
0.745791 0.745791
0.74546 0.74546
0.745128 0.745128
0.744797 0.744797
0.744466 0.744466
0.744134 0.744134
0.743803 0.743803
0.743472 0.743472
0.74314 0.74314
0.742809 0.742809
0.742478 0.742478
0.742147 0.742147
0.741815 0.741815
0.741484 0.741484
0.741153 0.741153
0.740821 0.740821
0.74049 0.74049
0.740159 0.740159
0.739827 0.739827
0.739496 0.739496
0.739165 0.739165
0.738833 0.738833
0.738502 0.738502
0.738171 0.738171
0.737839 0.737839
0.737508 0.737508
0.737177 0.737177
0.736846 0.736846
0.736514 0.736514
0.736183 0.736183
0.735852 0.735852
0.73552 0.73552
0.735189 0.735189
0.734858 0.734858
0.734526 0.734526
0.734195 0.734195
0.733864 0.733864
0.733532 0.733532
0.733201 0.733201
0.73287 0.73287
0.732538 0.732538
0.732207 0.732207
0.731876 0.731876
0.731545 0.731545
0.731213 0.731213
0.730882 0.730882
0.730551 0.730551
0.730219 0.730219
0.729888 0.729888
0.729557 0.729557
0.729225 0.729225
0.728894 0.728894
0.728563 0.728563
0.728231 0.728231
0.7279 0.7279
0.727569 0.727569
0.727237 0.727237
0.726906 0.726906
0.726575 0.726575
0.726244 0.726244
0.725912 0.725912
0.725581 0.725581
0.72525 0.72525
0.724918 0.724918
0.724587 0.724587
0.724123 0.724123
0.722013 0.722013
0.719904 0.719904
0.717794 0.717794
0.715685 0.715685
0.713575 0.713575
0.711466 0.711466
0.709356 0.709356
0.707247 0.707247
0.705138 0.705138
0.703028 0.703028
0.700919 0.700919
0.698809 0.698809
0.6967 0.6967
0.69459 0.69459
0.692481 0.692481
0.690371 0.690371
0.688262 0.688262
0.686152 0.686152
0.684043 0.684043
0.681933 0.681933
0.679824 0.679824
0.677715 0.677715
0.675605 0.675605
0.673496 0.673496
0.671386 0.671386
0.669277 0.669277
0.667318 0.667318
0.667014 0.667014
0.666709 0.666709
0.666405 0.666405
0.666101 0.666101
0.665796 0.665796
0.665492 0.665492
0.665187 0.665187
0.664883 0.664883
0.664579 0.664579
0.664274 0.664274
0.66397 0.66397
0.663666 0.663666
0.663361 0.663361
0.663057 0.663057
0.662752 0.662752
0.662448 0.662448
0.662144 0.662144
0.661839 0.661839
0.661535 0.661535
0.661231 0.661231
0.660926 0.660926
0.660622 0.660622
0.660317 0.660317
0.660013 0.660013
0.659709 0.659709
0.659404 0.659404
0.6591 0.6591
0.658796 0.658796
0.658491 0.658491
0.658187 0.658187
0.657882 0.657882
0.657578 0.657578
0.657274 0.657274
0.656969 0.656969
0.656665 0.656665
0.65636 0.65636
0.656056 0.656056
0.655752 0.655752
0.655447 0.655447
0.655143 0.655143
0.654839 0.654839
0.654534 0.654534
0.65423 0.65423
0.653925 0.653925
0.653621 0.653621
0.653317 0.653317
0.653012 0.653012
0.652708 0.652708
0.652404 0.652404
0.652099 0.652099
0.651795 0.651795
0.65149 0.65149
0.651186 0.651186
0.650882 0.650882
0.650577 0.650577
0.650273 0.650273
0.649969 0.649969
0.649664 0.649664
0.64936 0.64936
0.649055 0.649055
0.648751 0.648751
0.648447 0.648447
0.648142 0.648142
0.647838 0.647838
0.647533 0.647533
0.647229 0.647229
0.646925 0.646925
0.64662 0.64662
0.646316 0.646316
0.646012 0.646012
0.645707 0.645707
0.645403 0.645403
0.645098 0.645098
0.644794 0.644794
0.64449 0.64449
0.644185 0.644185
0.643881 0.643881
0.643577 0.643577
0.643272 0.643272
0.642968 0.642968
0.642663 0.642663
0.642359 0.642359
0.642055 0.642055
0.64175 0.64175
0.641446 0.641446
0.641142 0.641142
0.640837 0.640837
0.640533 0.640533
0.640228 0.640228
0.639924 0.639924
0.63962 0.63962
0.639315 0.639315
0.639011 0.639011
0.638706 0.638706
0.638402 0.638402
0.638098 0.638098
0.637793 0.637793
0.637489 0.637489
0.637185 0.637185
0.63688 0.63688
0.636576 0.636576
0.636271 0.636271
0.635967 0.635967
0.635663 0.635663
0.635358 0.635358
0.635054 0.635054
0.63475 0.63475
0.634445 0.634445
0.634141 0.634141
0.633836 0.633836
0.633532 0.633532
0.633228 0.633228
0.632923 0.632923
0.632619 0.632619
0.632315 0.632315
0.63201 0.63201
0.631706 0.631706
0.631401 0.631401
0.631097 0.631097
0.630793 0.630793
0.630488 0.630488
0.630184 0.630184
0.629879 0.629879
0.629575 0.629575
0.629271 0.629271
0.628966 0.628966
0.628662 0.628662
0.628358 0.628358
0.628053 0.628053
0.627749 0.627749
0.627444 0.627444
0.62714 0.62714
0.626836 0.626836
0.626531 0.626531
0.626227 0.626227
0.625923 0.625923
0.625618 0.625618
0.625314 0.625314
0.625009 0.625009
0.624705 0.624705
0.624401 0.624401
0.624096 0.624096
0.623792 0.623792
0.623487 0.623487
0.623183 0.623183
0.622879 0.622879
0.622574 0.622574
0.62227 0.62227
0.621966 0.621966
0.621661 0.621661
0.621357 0.621357
0.621052 0.621052
0.620748 0.620748
0.620444 0.620444
0.620139 0.620139
0.619835 0.619835
0.619531 0.619531
0.619226 0.619226
0.618922 0.618922
0.618617 0.618617
0.618313 0.618313
0.618009 0.618009
0.617704 0.617704
0.6174 0.6174
0.617096 0.617096
0.616791 0.616791
0.616487 0.616487
0.616182 0.616182
0.615878 0.615878
0.615574 0.615574
0.615269 0.615269
0.614965 0.614965
0.61466 0.61466
0.614356 0.614356
0.614052 0.614052
0.613747 0.613747
0.613443 0.613443
0.613139 0.613139
0.612834 0.612834
0.61253 0.61253
0.612225 0.612225
0.611921 0.611921
0.611617 0.611617
0.611312 0.611312
0.611008 0.611008
0.610704 0.610704
0.610399 0.610399
0.610095 0.610095
0.60979 0.60979
0.609486 0.609486
0.609182 0.609182
0.608877 0.608877
0.608573 0.608573
0.608269 0.608269
0.607964 0.607964
0.60766 0.60766
0.607355 0.607355
0.607051 0.607051
0.606747 0.606747
0.606442 0.606442
0.606138 0.606138
0.605833 0.605833
0.605529 0.605529
0.605225 0.605225
0.60492 0.60492
0.604616 0.604616
0.604312 0.604312
0.604007 0.604007
0.603703 0.603703
0.603398 0.603398
0.603094 0.603094
0.60279 0.60279
0.604412 0.604412
0.607645 0.607645
0.610877 0.610877
0.61411 0.61411
0.617343 0.617343
0.620576 0.620576
0.623809 0.623809
0.627042 0.627042
0.630275 0.630275
0.633507 0.633507
0.63674 0.63674
0.639973 0.639973
0.643206 0.643206
0.646439 0.646439
0.649672 0.649672
0.652905 0.652905
0.656138 0.656138
0.65937 0.65937
0.662603 0.662603
0.665836 0.665836
0.669069 0.669069
0.672302 0.672302
0.675535 0.675535
0.678768 0.678768
0.682 0.682
0.685233 0.685233
0.688466 0.688466
0.691699 0.691699
0.694932 0.694932
0.698165 0.698165
0.701398 0.701398
0.70463 0.70463
0.707863 0.707863
0.711096 0.711096
0.714329 0.714329
0.717562 0.717562
0.720795 0.720795
0.724028 0.724028
0.727261 0.727261
0.730493 0.730493
0.733726 0.733726
0.736959 0.736959
0.740192 0.740192
0.743425 0.743425
0.746658 0.746658
0.749891 0.749891
0.753123 0.753123
0.756356 0.756356
0.759589 0.759589
0.762822 0.762822
0.766055 0.766055
0.769288 0.769288
0.772521 0.772521
0.775754 0.775754
0.778986 0.778986
0.782222 0.782222
0.779325 0.779325
0.776428 0.776428
0.773531 0.773531
0.770634 0.770634
0.767737 0.767737
0.766128 0.766128
0.766128 0.766128
0.766128 0.766128
0.766128 0.766128
0.766128 0.766128
0.766128 0.766128
0.766128 0.766128
0.766128 0.766128
0.766128 0.766128
0.766128 0.766128
0.766128 0.766128
0.766128 0.766128
0.766128 0.766128
0.766128 0.766128
0.766128 0.766128
0.766128 0.766128
0.766128 0.766128
0.766128 0.766128
0.766128 0.766128
0.766128 0.766128
0.766128 0.766128
0.766128 0.766128
0.766128 0.766128
0.766128 0.766128
0.766128 0.766128
0.766128 0.766128
0.766128 0.766128
0.766128 0.766128
0.766128 0.766128
0.766128 0.766128
0.766128 0.766128
0.766128 0.766128
0.766128 0.766128
0.766128 0.766128
0.766128 0.766128
0.766128 0.766128
0.766128 0.766128
0.766128 0.766128
0.766128 0.766128
0.766128 0.766128
0.766128 0.766128
0.766128 0.766128
0.766128 0.766128
0.766128 0.766128
0.766128 0.766128
0.766128 0.766128
0.766128 0.766128
0.766128 0.766128
0.766128 0.766128
0.766128 0.766128
0.766128 0.766128
0.766128 0.766128
0.766128 0.766128
0.766128 0.766128
0.766128 0.766128
0.766128 0.766128
0.766128 0.766128
0.766118 0.766118
0.764284 0.764284
0.763927 0.763927
0.763597 0.763597
0.763266 0.763266
0.762936 0.762936
0.762606 0.762606
0.762275 0.762275
0.761945 0.761945
0.761614 0.761614
0.761284 0.761284
0.760953 0.760953
0.760623 0.760623
0.760292 0.760292
0.759962 0.759962
0.759631 0.759631
0.759301 0.759301
0.758971 0.758971
0.75864 0.75864
0.75831 0.75831
0.757979 0.757979
0.757649 0.757649
0.757318 0.757318
0.756988 0.756988
0.756657 0.756657
0.756327 0.756327
0.755996 0.755996
0.755666 0.755666
0.755336 0.755336
0.755005 0.755005
0.754675 0.754675
0.754344 0.754344
0.754014 0.754014
0.753683 0.753683
0.753353 0.753353
0.753022 0.753022
0.752692 0.752692
0.752361 0.752361
0.752031 0.752031
0.7517 0.7517
0.75137 0.75137
0.75104 0.75104
0.750709 0.750709
0.750379 0.750379
0.750048 0.750048
0.749718 0.749718
0.749387 0.749387
0.749057 0.749057
0.748726 0.748726
0.748396 0.748396
0.748065 0.748065
0.747735 0.747735
0.747405 0.747405
0.747074 0.747074
0.746744 0.746744
0.746413 0.746413
0.746083 0.746083
0.745752 0.745752
0.745422 0.745422
0.745091 0.745091
0.744761 0.744761
0.74443 0.74443
0.7441 0.7441
0.743769 0.743769
0.743439 0.743439
0.743109 0.743109
0.742778 0.742778
0.742448 0.742448
0.742117 0.742117
0.741787 0.741787
0.741456 0.741456
0.741126 0.741126
0.740795 0.740795
0.740465 0.740465
0.740134 0.740134
0.739804 0.739804
0.739474 0.739474
0.739143 0.739143
0.738813 0.738813
0.738482 0.738482
0.738152 0.738152
0.737821 0.737821
0.737491 0.737491
0.73716 0.73716
0.73683 0.73683
0.736499 0.736499
0.736169 0.736169
0.735839 0.735839
0.735508 0.735508
0.735178 0.735178
0.734847 0.734847
0.734517 0.734517
0.734186 0.734186
0.733856 0.733856
0.733525 0.733525
0.733195 0.733195
0.732864 0.732864
0.732534 0.732534
0.732203 0.732203
0.731873 0.731873
0.731543 0.731543
0.731212 0.731212
0.730882 0.730882
0.730551 0.730551
0.730221 0.730221
0.72989 0.72989
0.72956 0.72956
0.729229 0.729229
0.728899 0.728899
0.728568 0.728568
0.728238 0.728238
0.727908 0.727908
0.727577 0.727577
0.727247 0.727247
0.726916 0.726916
0.726586 0.726586
0.726255 0.726255
0.725925 0.725925
0.725594 0.725594
0.725264 0.725264
0.724933 0.724933
0.724603 0.724603
0.72418 0.72418
0.722071 0.722071
0.719962 0.719962
0.717853 0.717853
0.715744 0.715744
0.713635 0.713635
0.711526 0.711526
0.709417 0.709417
0.707308 0.707308
0.705199 0.705199
0.70309 0.70309
0.700981 0.700981
0.698872 0.698872
0.696763 0.696763
0.694654 0.694654
0.692546 0.692546
0.690437 0.690437
0.688328 0.688328
0.686219 0.686219
0.68411 0.68411
0.682001 0.682001
0.679892 0.679892
0.677783 0.677783
0.675674 0.675674
0.673565 0.673565
0.671456 0.671456
0.669347 0.669347
0.667329 0.667329
0.667025 0.667025
0.666722 0.666722
0.666418 0.666418
0.666115 0.666115
0.665811 0.665811
0.665507 0.665507
0.665204 0.665204
0.6649 0.6649
0.664597 0.664597
0.664293 0.664293
0.663989 0.663989
0.663686 0.663686
0.663382 0.663382
0.663079 0.663079
0.662775 0.662775
0.662471 0.662471
0.662168 0.662168
0.661864 0.661864
0.661561 0.661561
0.661257 0.661257
0.660953 0.660953
0.66065 0.66065
0.660346 0.660346
0.660043 0.660043
0.659739 0.659739
0.659435 0.659435
0.659132 0.659132
0.658828 0.658828
0.658525 0.658525
0.658221 0.658221
0.657917 0.657917
0.657614 0.657614
0.65731 0.65731
0.657007 0.657007
0.656703 0.656703
0.656399 0.656399
0.656096 0.656096
0.655792 0.655792
0.655489 0.655489
0.655185 0.655185
0.654881 0.654881
0.654578 0.654578
0.654274 0.654274
0.653971 0.653971
0.653667 0.653667
0.653363 0.653363
0.65306 0.65306
0.652756 0.652756
0.652453 0.652453
0.652149 0.652149
0.651845 0.651845
0.651542 0.651542
0.651238 0.651238
0.650935 0.650935
0.650631 0.650631
0.650327 0.650327
0.650024 0.650024
0.64972 0.64972
0.649417 0.649417
0.649113 0.649113
0.648809 0.648809
0.648506 0.648506
0.648202 0.648202
0.647899 0.647899
0.647595 0.647595
0.647291 0.647291
0.646988 0.646988
0.646684 0.646684
0.646381 0.646381
0.646077 0.646077
0.645773 0.645773
0.64547 0.64547
0.645166 0.645166
0.644863 0.644863
0.644559 0.644559
0.644255 0.644255
0.643952 0.643952
0.643648 0.643648
0.643345 0.643345
0.643041 0.643041
0.642738 0.642738
0.642434 0.642434
0.64213 0.64213
0.641827 0.641827
0.641523 0.641523
0.64122 0.64122
0.640916 0.640916
0.640612 0.640612
0.640309 0.640309
0.640005 0.640005
0.639702 0.639702
0.639398 0.639398
0.639094 0.639094
0.638791 0.638791
0.638487 0.638487
0.638184 0.638184
0.63788 0.63788
0.637576 0.637576
0.637273 0.637273
0.636969 0.636969
0.636666 0.636666
0.636362 0.636362
0.636058 0.636058
0.635755 0.635755
0.635451 0.635451
0.635148 0.635148
0.634844 0.634844
0.63454 0.63454
0.634237 0.634237
0.633933 0.633933
0.63363 0.63363
0.633326 0.633326
0.633022 0.633022
0.632719 0.632719
0.632415 0.632415
0.632112 0.632112
0.631808 0.631808
0.631504 0.631504
0.631201 0.631201
0.630897 0.630897
0.630594 0.630594
0.63029 0.63029
0.629986 0.629986
0.629683 0.629683
0.629379 0.629379
0.629076 0.629076
0.628772 0.628772
0.628468 0.628468
0.628165 0.628165
0.627861 0.627861
0.627558 0.627558
0.627254 0.627254
0.62695 0.62695
0.626647 0.626647
0.626343 0.626343
0.62604 0.62604
0.625736 0.625736
0.625432 0.625432
0.625129 0.625129
0.624825 0.624825
0.624522 0.624522
0.624218 0.624218
0.623914 0.623914
0.623611 0.623611
0.623307 0.623307
0.623004 0.623004
0.6227 0.6227
0.622396 0.622396
0.622093 0.622093
0.621789 0.621789
0.621486 0.621486
0.621182 0.621182
0.620878 0.620878
0.620575 0.620575
0.620271 0.620271
0.619968 0.619968
0.619664 0.619664
0.61936 0.61936
0.619057 0.619057
0.618753 0.618753
0.61845 0.61845
0.618146 0.618146
0.617842 0.617842
0.617539 0.617539
0.617235 0.617235
0.616932 0.616932
0.616628 0.616628
0.616324 0.616324
0.616021 0.616021
0.615717 0.615717
0.615414 0.615414
0.61511 0.61511
0.614807 0.614807
0.614503 0.614503
0.614199 0.614199
0.613896 0.613896
0.613592 0.613592
0.613289 0.613289
0.612985 0.612985
0.612681 0.612681
0.612378 0.612378
0.612074 0.612074
0.611771 0.611771
0.611467 0.611467
0.611163 0.611163
0.61086 0.61086
0.610556 0.610556
0.610253 0.610253
0.609949 0.609949
0.609645 0.609645
0.609342 0.609342
0.609038 0.609038
0.608735 0.608735
0.608431 0.608431
0.608127 0.608127
0.607824 0.607824
0.60752 0.60752
0.607217 0.607217
0.606913 0.606913
0.606609 0.606609
0.606306 0.606306
0.606002 0.606002
0.605699 0.605699
0.605395 0.605395
0.605091 0.605091
0.604788 0.604788
0.604484 0.604484
0.604181 0.604181
0.603877 0.603877
0.603573 0.603573
0.60327 0.60327
0.602966 0.602966
0.604505 0.604505
0.607738 0.607738
0.610971 0.610971
0.614204 0.614204
0.617437 0.617437
0.62067 0.62067
0.623903 0.623903
0.627136 0.627136
0.630369 0.630369
0.633602 0.633602
0.636835 0.636835
0.640067 0.640067
0.6433 0.6433
0.646533 0.646533
0.649766 0.649766
0.652999 0.652999
0.656232 0.656232
0.659465 0.659465
0.662698 0.662698
0.665931 0.665931
0.669164 0.669164
0.672397 0.672397
0.67563 0.67563
0.678862 0.678862
0.682095 0.682095
0.685328 0.685328
0.688561 0.688561
0.691794 0.691794
0.695027 0.695027
0.69826 0.69826
0.701493 0.701493
0.704726 0.704726
0.707959 0.707959
0.711192 0.711192
0.714425 0.714425
0.717658 0.717658
0.72089 0.72089
0.724123 0.724123
0.727356 0.727356
0.730589 0.730589
0.733822 0.733822
0.737055 0.737055
0.740288 0.740288
0.743521 0.743521
0.746754 0.746754
0.749987 0.749987
0.75322 0.75322
0.756453 0.756453
0.759685 0.759685
0.762918 0.762918
0.766151 0.766151
0.769384 0.769384
0.772617 0.772617
0.77585 0.77585
0.779083 0.779083
0.782316 0.782316
0.779419 0.779419
0.776522 0.776522
0.773625 0.773625
0.770728 0.770728
0.767831 0.767831
0.766218 0.766218
0.766218 0.766218
0.766218 0.766218
0.766218 0.766218
0.766218 0.766218
0.766218 0.766218
0.766218 0.766218
0.766218 0.766218
0.766218 0.766218
0.766218 0.766218
0.766218 0.766218
0.766218 0.766218
0.766218 0.766218
0.766218 0.766218
0.766218 0.766218
0.766218 0.766218
0.766218 0.766218
0.766218 0.766218
0.766218 0.766218
0.766218 0.766218
0.766218 0.766218
0.766218 0.766218
0.766218 0.766218
0.766218 0.766218
0.766218 0.766218
0.766218 0.766218
0.766218 0.766218
0.766218 0.766218
0.766218 0.766218
0.766218 0.766218
0.766218 0.766218
0.766218 0.766218
0.766218 0.766218
0.766218 0.766218
0.766218 0.766218
0.766218 0.766218
0.766218 0.766218
0.766218 0.766218
0.766218 0.766218
0.766218 0.766218
0.766218 0.766218
0.766218 0.766218
0.766218 0.766218
0.766218 0.766218
0.766218 0.766218
0.766218 0.766218
0.766218 0.766218
0.766218 0.766218
0.766218 0.766218
0.766218 0.766218
0.766218 0.766218
0.766218 0.766218
0.766218 0.766218
0.766218 0.766218
0.766218 0.766218
0.766218 0.766218
0.766218 0.766218
0.766206 0.766206
0.764371 0.764371
0.764016 0.764016
0.763686 0.763686
0.763355 0.763355
0.763024 0.763024
0.762693 0.762693
0.762363 0.762363
0.762032 0.762032
0.761701 0.761701
0.76137 0.76137
0.761039 0.761039
0.760709 0.760709
0.760378 0.760378
0.760047 0.760047
0.759716 0.759716
0.759386 0.759386
0.759055 0.759055
0.758724 0.758724
0.758393 0.758393
0.758062 0.758062
0.757732 0.757732
0.757401 0.757401
0.75707 0.75707
0.756739 0.756739
0.756409 0.756409
0.756078 0.756078
0.755747 0.755747
0.755416 0.755416
0.755085 0.755085
0.754755 0.754755
0.754424 0.754424
0.754093 0.754093
0.753762 0.753762
0.753432 0.753432
0.753101 0.753101
0.75277 0.75277
0.752439 0.752439
0.752108 0.752108
0.751778 0.751778
0.751447 0.751447
0.751116 0.751116
0.750785 0.750785
0.750455 0.750455
0.750124 0.750124
0.749793 0.749793
0.749462 0.749462
0.749131 0.749131
0.748801 0.748801
0.74847 0.74847
0.748139 0.748139
0.747808 0.747808
0.747478 0.747478
0.747147 0.747147
0.746816 0.746816
0.746485 0.746485
0.746154 0.746154
0.745824 0.745824
0.745493 0.745493
0.745162 0.745162
0.744831 0.744831
0.744501 0.744501
0.74417 0.74417
0.743839 0.743839
0.743508 0.743508
0.743177 0.743177
0.742847 0.742847
0.742516 0.742516
0.742185 0.742185
0.741854 0.741854
0.741523 0.741523
0.741193 0.741193
0.740862 0.740862
0.740531 0.740531
0.7402 0.7402
0.73987 0.73987
0.739539 0.739539
0.739208 0.739208
0.738877 0.738877
0.738546 0.738546
0.738216 0.738216
0.737885 0.737885
0.737554 0.737554
0.737223 0.737223
0.736893 0.736893
0.736562 0.736562
0.736231 0.736231
0.7359 0.7359
0.735569 0.735569
0.735239 0.735239
0.734908 0.734908
0.734577 0.734577
0.734246 0.734246
0.733916 0.733916
0.733585 0.733585
0.733254 0.733254
0.732923 0.732923
0.732592 0.732592
0.732262 0.732262
0.731931 0.731931
0.7316 0.7316
0.731269 0.731269
0.730939 0.730939
0.730608 0.730608
0.730277 0.730277
0.729946 0.729946
0.729615 0.729615
0.729285 0.729285
0.728954 0.728954
0.728623 0.728623
0.728292 0.728292
0.727962 0.727962
0.727631 0.727631
0.7273 0.7273
0.726969 0.726969
0.726638 0.726638
0.726308 0.726308
0.725977 0.725977
0.725646 0.725646
0.725315 0.725315
0.724985 0.724985
0.724654 0.724654
0.724223 0.724223
0.722114 0.722114
0.720005 0.720005
0.717896 0.717896
0.715787 0.715787
0.713677 0.713677
0.711568 0.711568
0.709459 0.709459
0.70735 0.70735
0.705241 0.705241
0.703132 0.703132
0.701023 0.701023
0.698913 0.698913
0.696804 0.696804
0.694695 0.694695
0.692586 0.692586
0.690477 0.690477
0.688368 0.688368
0.686259 0.686259
0.684149 0.684149
0.68204 0.68204
0.679931 0.679931
0.677822 0.677822
0.675713 0.675713
0.673604 0.673604
0.671495 0.671495
0.669385 0.669385
0.667376 0.667376
0.667072 0.667072
0.666769 0.666769
0.666465 0.666465
0.666161 0.666161
0.665857 0.665857
0.665553 0.665553
0.665249 0.665249
0.664945 0.664945
0.664641 0.664641
0.664337 0.664337
0.664033 0.664033
0.66373 0.66373
0.663426 0.663426
0.663122 0.663122
0.662818 0.662818
0.662514 0.662514
0.66221 0.66221
0.661906 0.661906
0.661602 0.661602
0.661298 0.661298
0.660995 0.660995
0.660691 0.660691
0.660387 0.660387
0.660083 0.660083
0.659779 0.659779
0.659475 0.659475
0.659171 0.659171
0.658867 0.658867
0.658563 0.658563
