14.4904 0.015
14.1459 0.03
7.22286 0.015
-0.0286716 -1.73472e-18
-14.5031 -0.015
-14.1388 -0.03
-7.21284 -0.015
0.00123628 -1.73472e-18
7.21831 0.015
14.139 0.03
7.21137 0.015
-0.000674764 -1.73472e-18
-7.21136 -0.015
-14.139 -0.03
-7.21124 -0.015
0.000961655 0
7.21137 0.015
14.139 0.03
7.21127 0.015
-0.00079776 0
-7.21135 -0.015
-14.139 -0.03
-7.21124 -0.015
0.000961655 -2.71051e-20
7.21137 0.015
14.139 0.03
13.7943 0.045
13.45 0.06
10.1706 0.045
6.89118 0.03
3.61179 0.015
-0.00079776 0
-7.21135 -0.015
-14.139 -0.03
-13.7943 -0.045
-13.45 -0.06
-10.1706 -0.045
-6.89118 -0.03
-3.61179 -0.015
0.000961655 0
3.61187 0.015
6.89123 0.03
10.1706 0.045
13.45 0.06
10.1706 0.045
6.89118 0.03
3.61179 0.015
-0.000754924 -1.73472e-18
-3.61186 -0.015
-6.89124 -0.03
-10.1706 -0.045
-13.45 -0.06
-10.1706 -0.045
-6.89119 -0.03
-3.61179 -0.015
0.000918748 -1.73472e-18
3.61187 0.015
6.89123 0.03
10.1706 0.045
13.45 0.06
10.1706 0.045
6.89118 0.03
3.61179 0.015
-0.000754924 0
-3.61186 -0.015
-6.89123 -0.03
-10.1706 -0.045
-13.45 -0.06
-16.405 -0.075
-13.1904 -0.06
-9.97571 -0.045
-6.76105 -0.03
-3.54639 -0.015
0.0143394 1.38778e-17
3.6119 0.015
6.89127 0.03
10.1706 0.045
13.4481 0.06
16.4066 0.075
19.6167 0.09
22.8278 0.105
26.0384 0.12
29.2484 0.135
32.4579 0.15
35.6668 0.165
38.8752 0.18
35.6605 0.165
32.4458 0.15
29.2312 0.135
26.0165 0.12
22.8019 0.105
19.5872 0.09
16.3725 0.075
13.1579 0.06
9.94322 0.045
6.72856 0.03
3.5139 0.015
-0.285716 6.93889e-17
-3.54651 -0.015
-6.76114 -0.03
-9.97577 -0.045
-13.1904 -0.06
-16.405 -0.075
-19.6167 -0.09
-22.8278 -0.105
-26.0384 -0.12
-29.2484 -0.135
-32.4579 -0.15
-35.6668 -0.165
-38.8752 -0.18
-35.6605 -0.165
-32.4458 -0.15
-29.2312 -0.135
-26.0165 -0.12
-22.8019 -0.105
-19.5872 -0.09
-16.3725 -0.075
-13.1579 -0.06
-9.94322 -0.045
-6.72856 -0.03
-3.5139 -0.015
0.0166852 4.33681e-17
3.51563 0.015
6.73014 0.03
9.94464 0.045
13.1591 0.06
16.3736 0.075
19.5881 0.09
22.8027 0.105
26.0172 0.12
29.2317 0.135
32.4462 0.15
35.6607 0.165
38.8752 0.18
35.6605 0.165
32.4458 0.15
29.2312 0.135
26.0165 0.12
22.8019 0.105
19.5872 0.09
16.3725 0.075
13.1579 0.06
9.94322 0.045
6.72856 0.03
3.5139 0.015
-0.0166852 1.38778e-17
-3.51563 -0.015
-6.73014 -0.03
-9.94464 -0.045
-13.1591 -0.06
-16.3736 -0.075
-19.5881 -0.09
-22.8027 -0.105
-26.0172 -0.12
-29.2317 -0.135
-32.4462 -0.15
-35.6607 -0.165
-38.8752 -0.18
-42.083 -0.195
-38.8683 -0.18
-35.6536 -0.165
-32.439 -0.15
-29.2243 -0.135
-26.0097 -0.12
-22.795 -0.105
-19.5803 -0.09
-16.3657 -0.075
-13.151 -0.06
-9.93635 -0.045
-6.72169 -0.03
-3.50703 -0.015
0.0768005 9.71445e-17
3.51563 0.015
6.73014 0.03
9.94464 0.045
13.1591 0.06
16.3736 0.075
19.5881 0.09
22.8027 0.105
26.0172 0.12
29.2317 0.135
32.4462 0.15
35.6607 0.165
38.8752 0.18
35.6605 0.165
32.4458 0.15
29.2312 0.135
26.0165 0.12
22.8019 0.105
19.5872 0.09
16.3725 0.075
13.1579 0.06
9.94322 0.045
6.72856 0.03
3.5139 0.015
0.0389997 6.93889e-17
-3.50924 -0.015
-6.72372 -0.03
-9.93819 -0.045
-13.1527 -0.06
-16.3671 -0.075
-19.5816 -0.09
-22.7961 -0.105
-26.0106 -0.12
-29.2251 -0.135
-32.4395 -0.15
-35.654 -0.165
-38.8685 -0.18
-42.083 -0.195
-38.8683 -0.18
-35.6536 -0.165
-32.439 -0.15
-29.2243 -0.135
-26.0097 -0.12
-22.795 -0.105
-19.5803 -0.09
-16.3657 -0.075
-13.151 -0.06
-9.93635 -0.045
-6.72169 -0.03
-3.50703 -0.015
0.0768005 9.88792e-17
3.51563 0.015
6.73014 0.03
9.94464 0.045
13.1591 0.06
16.3736 0.075
19.5881 0.09
22.8027 0.105
26.0172 0.12
29.2317 0.135
32.4462 0.15
35.6607 0.165
38.8752 0.18
42.083 0.195
45.2902 0.21
48.4968 0.225
51.7029 0.24
54.9084 0.255
58.1132 0.27
61.3175 0.285
64.5212 0.3
61.3066 0.285
58.0919 0.27
54.8772 0.255
51.6626 0.24
48.4479 0.225
45.2333 0.21
42.0186 0.195
38.8039 0.18
35.5893 0.165
32.3746 0.15
29.16 0.135
25.9453 0.12
22.7306 0.105
19.516 0.09
16.3013 0.075
13.0867 0.06
9.87199 0.045
6.65733 0.03
3.44267 0.015
-0.584269 1.249e-16
-3.77478 -0.015
-6.91033 -0.03
-9.72618 -0.045
-13.0172 -0.06
-16.3052 -0.075
-19.5671 -0.09
-22.7952 -0.105
-26.0106 -0.12
-29.2251 -0.135
-32.4395 -0.15
-35.654 -0.165
-38.8685 -0.18
-42.083 -0.195
-45.2902 -0.21
-48.4968 -0.225
-51.7029 -0.24
-54.9084 -0.255
-58.1132 -0.27
-61.3175 -0.285
-64.5212 -0.3
-61.3066 -0.285
-58.0919 -0.27
-54.8772 -0.255
-51.6626 -0.24
-48.4479 -0.225
-45.2333 -0.21
-42.0186 -0.195
-38.8039 -0.18
-35.5893 -0.165
-32.3746 -0.15
-29.16 -0.135
-25.9453 -0.12
-22.7306 -0.105
-19.516 -0.09
-16.3013 -0.075
-13.0867 -0.06
-9.87199 -0.045
-6.65733 -0.03
-3.44267 -0.015
0.0750813 1.52656e-16
3.4508 0.015
6.66503 0.03
9.87926 0.045
13.0935 0.06
16.3077 0.075
19.522 0.09
22.7362 0.105
25.9504 0.12
29.1647 0.135
32.3789 0.15
35.5931 0.165
38.8074 0.18
42.0216 0.195
45.2358 0.21
48.4501 0.225
51.6643 0.24
54.8785 0.255
58.0928 0.27
61.307 0.285
64.5212 0.3
61.3066 0.285
58.0919 0.27
54.8772 0.255
51.6626 0.24
48.4479 0.225
45.2333 0.21
42.0186 0.195
38.8039 0.18
35.5893 0.165
32.3746 0.15
29.16 0.135
25.9453 0.12
22.7306 0.105
19.516 0.09
16.3013 0.075
13.0867 0.06
9.87199 0.045
6.65733 0.03
3.44267 0.015
-0.0750813 1.78677e-16
-3.4508 -0.015
-6.66503 -0.03
-9.87926 -0.045
-13.0935 -0.06
-16.3077 -0.075
-19.522 -0.09
-22.7362 -0.105
-25.9504 -0.12
-29.1647 -0.135
-32.3789 -0.15
-35.5931 -0.165
-38.8074 -0.18
-42.0216 -0.195
-45.2358 -0.21
-48.4501 -0.225
-51.6643 -0.24
-54.8785 -0.255
-58.0928 -0.27
-61.307 -0.285
-64.5212 -0.3
-67.7243 -0.315
-64.5096 -0.3
-61.295 -0.285
-58.0803 -0.27
-54.8657 -0.255
-51.651 -0.24
-48.4363 -0.225
-45.2217 -0.21
-42.007 -0.195
-38.7924 -0.18
-35.5777 -0.165
-32.363 -0.15
-29.1484 -0.135
-25.9337 -0.12
-22.7191 -0.105
-19.5044 -0.09
-16.2897 -0.075
-13.0751 -0.06
-9.86041 -0.045
-6.64575 -0.03
-3.43109 -0.015
0.176341 1.80411e-16
3.48833 0.015
6.66218 0.03
9.87924 0.045
13.0935 0.06
16.3077 0.075
19.522 0.09
22.7362 0.105
25.9504 0.12
29.1647 0.135
32.3789 0.15
35.5931 0.165
38.8074 0.18
42.0216 0.195
45.2358 0.21
48.4501 0.225
51.6643 0.24
54.8785 0.255
58.0928 0.27
61.307 0.285
64.5212 0.3
61.3066 0.285
58.0919 0.27
54.8772 0.255
51.6626 0.24
48.4479 0.225
45.2333 0.21
42.0186 0.195
38.8039 0.18
35.5893 0.165
32.3746 0.15
29.16 0.135
25.9453 0.12
22.7306 0.105
19.516 0.09
16.3013 0.075
13.0867 0.06
9.87199 0.045
6.65733 0.03
3.44267 0.015
0.0145473 1.80411e-16
-3.4405 -0.015
-6.65469 -0.03
-9.86888 -0.045
-13.0831 -0.06
-16.2973 -0.075
-19.5115 -0.09
-22.7256 -0.105
-25.9398 -0.12
-29.154 -0.135
-32.3682 -0.15
-35.5824 -0.165
-38.7966 -0.18
-42.0108 -0.195
-45.225 -0.21
-48.4392 -0.225
-51.6534 -0.24
-54.8675 -0.255
-58.0817 -0.27
-61.2959 -0.285
-64.5101 -0.3
-67.7243 -0.315
-64.5096 -0.3
-61.295 -0.285
-58.0803 -0.27
-54.8657 -0.255
-51.651 -0.24
-48.4363 -0.225
-45.2217 -0.21
-42.007 -0.195
-38.7924 -0.18
-35.5777 -0.165
-32.363 -0.15
-29.1484 -0.135
-25.9337 -0.12
-22.7191 -0.105
-19.5044 -0.09
-16.2897 -0.075
-13.0751 -0.06
-9.86041 -0.045
-6.64575 -0.03
-3.43109 -0.015
0.176341 2.09902e-16
3.48833 0.015
6.66218 0.03
9.87924 0.045
13.0935 0.06
16.3077 0.075
19.522 0.09
22.7362 0.105
25.9504 0.12
29.1647 0.135
32.3789 0.15
35.5931 0.165
38.8074 0.18
42.0216 0.195
45.2358 0.21
48.4501 0.225
51.6643 0.24
54.8785 0.255
58.0928 0.27
61.307 0.285
64.5212 0.3
67.7243 0.315
70.9268 0.33
74.1286 0.345
77.3298 0.36
80.5304 0.375
83.7304 0.39
86.9297 0.405
90.1284 0.42
93.3264 0.435
96.5238 0.45
93.3091 0.435
90.0945 0.42
86.8798 0.405
83.6652 0.39
80.4505 0.375
77.2358 0.36
74.0212 0.345
70.8065 0.33
67.5919 0.315
64.3772 0.3
61.1625 0.285
57.9479 0.27
54.7332 0.255
51.5186 0.24
48.3039 0.225
45.0892 0.21
41.8746 0.195
38.6599 0.18
35.4452 0.165
32.2306 0.15
29.0159 0.135
25.8013 0.12
22.5866 0.105
19.3719 0.09
16.1573 0.075
12.9426 0.06
9.72796 0.045
6.5133 0.03
3.29864 0.015
-0.226311 2.91434e-16
-3.4405 -0.015
-6.65469 -0.03
-9.86888 -0.045
-13.0831 -0.06
-16.2973 -0.075
-19.5115 -0.09
-22.7256 -0.105
-25.9398 -0.12
-29.154 -0.135
-32.3682 -0.15
-35.5824 -0.165
-38.7966 -0.18
-42.0108 -0.195
-45.225 -0.21
-48.4392 -0.225
-51.6534 -0.24
-54.8675 -0.255
-58.0817 -0.27
-61.2959 -0.285
-64.5101 -0.3
-67.7243 -0.315
-70.9268 -0.33
-74.1286 -0.345
-77.3298 -0.36
-80.5304 -0.375
-83.7304 -0.39
-86.9297 -0.405
-90.1284 -0.42
-93.3264 -0.435
-96.5238 -0.45
-99.7205 -0.465
-96.5058 -0.45
-93.2912 -0.435
-90.0765 -0.42
-86.8619 -0.405
-83.6472 -0.39
-80.4325 -0.375
-77.2179 -0.36
-74.0032 -0.345
-70.7886 -0.33
-67.5739 -0.315
-64.3592 -0.3
-61.1446 -0.285
-57.9299 -0.27
-54.7153 -0.255
-51.5006 -0.24
-48.2859 -0.225
-45.0713 -0.21
-41.8566 -0.195
-38.6419 -0.18
-35.4273 -0.165
-32.2126 -0.15
-28.998 -0.135
-25.7833 -0.12
-22.5686 -0.105
-19.354 -0.09
-16.1393 -0.075
-12.9247 -0.06
-9.71 -0.045
-6.49534 -0.03
-3.28068 -0.015
0.124659 3.76435e-16
3.32578 0.015
6.53982 0.03
9.75353 0.045
12.9672 0.06
16.181 0.075
19.3947 0.09
22.6084 0.105
25.8221 0.12
29.0358 0.135
32.2495 0.15
35.4632 0.165
38.677 0.18
41.8907 0.195
45.1044 0.21
48.3181 0.225
51.5318 0.24
54.7455 0.255
57.9592 0.27
61.173 0.285
64.3867 0.3
67.6004 0.315
70.8141 0.33
74.0278 0.345
77.2415 0.36
80.4552 0.375
83.6689 0.39
86.8827 0.405
90.0964 0.42
93.3101 0.435
96.5238 0.45
93.3091 0.435
90.0945 0.42
86.8798 0.405
83.6652 0.39
80.4505 0.375
77.2358 0.36
74.0212 0.345
70.8065 0.33
67.5919 0.315
64.3772 0.3
61.1625 0.285
57.9479 0.27
54.7332 0.255
51.5186 0.24
48.3039 0.225
45.0892 0.21
41.8746 0.195
38.6599 0.18
35.4452 0.165
32.2306 0.15
29.0159 0.135
25.8013 0.12
22.5866 0.105
19.3719 0.09
16.1573 0.075
12.9426 0.06
9.72796 0.045
6.5133 0.03
3.29864 0.015
0.0519781 3.747e-16
-3.31098 -0.015
-6.52463 -0.03
-9.73828 -0.045
-12.9519 -0.06
-16.1656 -0.075
-19.3792 -0.09
-22.5929 -0.105
-25.8065 -0.12
-29.0202 -0.135
-32.2338 -0.15
-35.4475 -0.165
-38.6611 -0.18
-41.8748 -0.195
-45.0884 -0.21
-48.3021 -0.225
-51.5157 -0.24
-54.7294 -0.255
-57.943 -0.27
-61.1567 -0.285
-64.3703 -0.3
-67.584 -0.315
-70.7976 -0.33
-74.0113 -0.345
-77.2249 -0.36
-80.4386 -0.375
-83.6522 -0.39
-86.8659 -0.405
-90.0795 -0.42
-93.2932 -0.435
-96.5069 -0.45
-99.7205 -0.465
-96.5058 -0.45
-93.2912 -0.435
-90.0765 -0.42
-86.8619 -0.405
-83.6472 -0.39
-80.4325 -0.375
-77.2179 -0.36
-74.0032 -0.345
-70.7886 -0.33
-67.5739 -0.315
-64.3592 -0.3
-61.1446 -0.285
-57.9299 -0.27
-54.7153 -0.255
-51.5006 -0.24
-48.2859 -0.225
-45.0713 -0.21
-41.8566 -0.195
-38.6419 -0.18
-35.4273 -0.165
-32.2126 -0.15
-28.998 -0.135
-25.7833 -0.12
-22.5686 -0.105
-19.354 -0.09
-16.1393 -0.075
-12.9247 -0.06
-9.71 -0.045
-6.49534 -0.03
-3.28068 -0.015
0.124659 3.19189e-16
3.32578 0.015
6.53982 0.03
9.75353 0.045
12.9672 0.06
16.181 0.075
19.3947 0.09
22.6084 0.105
25.8221 0.12
29.0358 0.135
32.2495 0.15
35.4632 0.165
38.677 0.18
41.8907 0.195
45.1044 0.21
48.3181 0.225
51.5318 0.24
54.7455 0.255
57.9592 0.27
61.173 0.285
64.3867 0.3
67.6004 0.315
70.8141 0.33
74.0278 0.345
77.2415 0.36
80.4552 0.375
83.6689 0.39
86.8827 0.405
90.0964 0.42
93.3101 0.435
96.5238 0.45
93.3091 0.435
90.0945 0.42
86.8798 0.405
83.6652 0.39
80.4505 0.375
77.2358 0.36
74.0212 0.345
70.8065 0.33
67.5919 0.315
64.3772 0.3
61.1625 0.285
57.9479 0.27
54.7332 0.255
51.5186 0.24
48.3039 0.225
45.0892 0.21
41.8746 0.195
38.6599 0.18
35.4452 0.165
32.2306 0.15
29.0159 0.135
25.8013 0.12
22.5866 0.105
19.3719 0.09
16.1573 0.075
12.9426 0.06
9.72796 0.045
6.5133 0.03
3.29864 0.015
0.0519781 2.91434e-16
-3.31098 -0.015
-6.52463 -0.03
-9.73828 -0.045
-12.9519 -0.06
-16.1656 -0.075
-19.3792 -0.09
-22.5929 -0.105
-25.8065 -0.12
-29.0202 -0.135
-32.2338 -0.15
-35.4475 -0.165
-38.6611 -0.18
-41.8748 -0.195
-45.0884 -0.21
-48.3021 -0.225
-51.5157 -0.24
-54.7294 -0.255
-57.943 -0.27
-61.1567 -0.285
-64.3703 -0.3
-67.584 -0.315
-70.7976 -0.33
-74.0113 -0.345
-77.2249 -0.36
-80.4386 -0.375
-83.6522 -0.39
-86.8659 -0.405
-90.0795 -0.42
-93.2932 -0.435
-96.5069 -0.45
-93.2922 -0.435
-90.0775 -0.42
-86.8629 -0.405
-83.6482 -0.39
-80.4335 -0.375
-77.2189 -0.36
-74.0042 -0.345
-70.7896 -0.33
-67.5749 -0.315
-64.3602 -0.3
-61.1456 -0.285
-57.9309 -0.27
-54.7163 -0.255
-51.5016 -0.24
-48.2869 -0.225
-45.0723 -0.21
-41.8576 -0.195
-38.643 -0.18
-35.4283 -0.165
-32.2136 -0.15
-28.999 -0.135
-25.7843 -0.12
-22.5697 -0.105
-19.355 -0.09
-16.1403 -0.075
-12.9257 -0.06
-9.71101 -0.045
-6.49635 -0.03
-3.28169 -0.015
0.124659 2.08167e-16
3.32578 0.015
6.53982 0.03
9.75353 0.045
12.9672 0.06
16.181 0.075
19.3947 0.09
22.6084 0.105
25.8221 0.12
29.0358 0.135
32.2495 0.15
35.4632 0.165
38.677 0.18
41.8907 0.195
45.1044 0.21
48.3181 0.225
51.5318 0.24
54.7455 0.255
57.9592 0.27
61.173 0.285
64.3867 0.3
67.6004 0.315
70.8141 0.33
74.0278 0.345
77.2415 0.36
80.4552 0.375
83.6689 0.39
86.8827 0.405
90.0964 0.42
93.3101 0.435
96.5238 0.45
99.7205 0.465
102.917 0.48
106.112 0.495
108.063 0.51
108.102 0.525
108.141 0.54
108.18 0.555
108.219 0.57
108.258 0.585
108.297 0.6
105.082 0.585
101.868 0.57
98.6532 0.555
95.4385 0.54
92.2239 0.525
89.0092 0.51
85.7945 0.495
82.5799 0.48
79.3652 0.465
76.1506 0.45
72.9359 0.435
69.7212 0.42
66.5066 0.405
63.2919 0.39
60.0772 0.375
56.8626 0.36
53.6479 0.345
50.4333 0.33
47.2186 0.315
44.0039 0.3
40.7893 0.285
37.5746 0.27
34.36 0.255
31.1453 0.24
27.9306 0.225
24.716 0.21
21.5013 0.195
18.2867 0.18
15.072 0.165
11.8573 0.15
8.64268 0.135
5.42802 0.12
2.21336 0.105
-0.538656 0.09
-2.24335 0.075
-3.94804 0.06
-5.65273 0.045
-7.35742 0.03
-9.06211 0.015
-10.7668 1.52656e-16
-12.4715 -0.015
-14.1762 -0.03
-15.8809 -0.045
-17.5856 -0.06
-19.2903 -0.075
-20.9949 -0.09
-23.8291 -0.105
-27.0428 -0.12
-30.2564 -0.135
-33.4701 -0.15
-36.6837 -0.165
-39.8974 -0.18
-43.111 -0.195
-46.3247 -0.21
-49.5383 -0.225
-52.752 -0.24
-55.9656 -0.255
-59.1793 -0.27
-62.3929 -0.285
-65.6066 -0.3
-68.8202 -0.315
-72.0339 -0.33
-75.2475 -0.345
-78.4612 -0.36
-81.6748 -0.375
-84.8885 -0.39
-88.1021 -0.405
-91.3158 -0.42
-94.5294 -0.435
-97.7431 -0.45
-100.957 -0.465
-104.17 -0.48
-107.384 -0.495
-108.079 -0.51
-108.118 -0.525
-108.157 -0.54
-108.196 -0.555
-108.235 -0.57
-108.274 -0.585
-108.313 -0.6
-105.098 -0.585
-101.883 -0.57
-98.6688 -0.555
-95.4541 -0.54
-92.2394 -0.525
-89.0248 -0.51
-85.8101 -0.495
-82.5955 -0.48
-79.3808 -0.465
-76.1661 -0.45
-72.9515 -0.435
-69.7368 -0.42
-66.5222 -0.405
-63.3075 -0.39
-60.0928 -0.375
-56.8782 -0.36
-53.6635 -0.345
-50.4488 -0.33
-47.2342 -0.315
-44.0195 -0.3
-40.8049 -0.285
-37.5902 -0.27
-34.3755 -0.255
-31.1609 -0.24
-27.9462 -0.225
-24.7316 -0.21
-21.5383 -0.195
-19.7829 -0.18
-18.0782 -0.165
-16.3735 -0.15
-14.6688 -0.135
-12.9641 -0.12
-11.2594 -0.105
-9.55474 -0.09
-7.85005 -0.075
-6.14536 -0.06
-4.44067 -0.045
-2.73598 -0.03
-1.03129 -0.015
0.673401 2.08167e-16
2.37809 0.015
4.08278 0.03
5.78747 0.045
7.49216 0.06
9.19685 0.075
10.9015 0.09
12.6062 0.105
14.3109 0.12
16.0156 0.135
17.7203 0.15
19.425 0.165
21.1297 0.18
22.8482 0.195
26.0617 0.21
29.2751 0.225
32.4886 0.24
35.7021 0.255
38.9155 0.27
42.129 0.285
45.3425 0.3
48.556 0.315
51.7694 0.33
54.9829 0.345
58.1964 0.36
61.4098 0.375
64.6233 0.39
67.8368 0.405
71.0503 0.42
74.2637 0.435
77.4772 0.45
80.6907 0.465
83.9041 0.48
87.1176 0.495
90.3311 0.51
93.5446 0.525
96.758 0.54
99.9715 0.555
103.185 0.57
106.398 0.585
108.313 0.6
105.098 0.585
101.884 0.57
98.6691 0.555
95.4545 0.54
92.2398 0.525
89.0251 0.51
85.8105 0.495
82.5958 0.48
79.3812 0.465
76.1665 0.45
72.9518 0.435
69.7372 0.42
66.5225 0.405
63.3079 0.39
60.0932 0.375
56.8785 0.36
53.6639 0.345
50.4492 0.33
47.2345 0.315
44.0199 0.3
40.8052 0.285
37.5906 0.27
34.3759 0.255
31.1612 0.24
27.9466 0.225
24.7319 0.21
22.1454 0.195
20.4407 0.18
18.736 0.165
17.0313 0.15
15.3266 0.135
13.6219 0.12
11.9172 0.105
10.2125 0.09
8.50786 0.075
6.80317 0.06
5.09848 0.045
3.39378 0.03
1.68909 0.015
-0.0155967 1.249e-16
-1.72029 -0.015
-3.42498 -0.03
-5.12967 -0.045
-6.83436 -0.06
-8.53905 -0.075
-10.2437 -0.09
-11.9484 -0.105
-13.6531 -0.12
-15.3578 -0.135
-17.0625 -0.15
-18.7672 -0.165
-20.4719 -0.18
-22.1766 -0.195
-24.8369 -0.21
-28.0506 -0.225
-31.2642 -0.24
-34.4779 -0.255
-37.6915 -0.27
-40.9052 -0.285
-44.1188 -0.3
-47.3325 -0.315
-50.5461 -0.33
-53.7598 -0.345
-56.9734 -0.36
-60.1871 -0.375
-63.4007 -0.39
-66.6144 -0.405
-69.828 -0.42
-73.0417 -0.435
-76.2553 -0.45
-79.469 -0.465
-82.6826 -0.48
-85.8963 -0.495
-89.1099 -0.51
-92.3236 -0.525
-95.5372 -0.54
-98.7509 -0.555
-101.965 -0.57
-105.178 -0.585
-108.314 -0.6
-105.099 -0.585
-101.884 -0.57
-98.6697 -0.555
-95.4551 -0.54
-92.2404 -0.525
-89.0257 -0.51
-85.8111 -0.495
-82.5964 -0.48
-79.3818 -0.465
-76.1671 -0.45
-72.9524 -0.435
-69.7378 -0.42
-66.5231 -0.405
-63.3084 -0.39
-60.0938 -0.375
-56.8791 -0.36
-53.6645 -0.345
-50.4498 -0.33
-47.2351 -0.315
-44.0205 -0.3
-40.8058 -0.285
-37.5912 -0.27
-34.3765 -0.255
-31.1618 -0.24
-27.9472 -0.225
-24.7325 -0.21
-22.1351 -0.195
-20.4304 -0.18
-18.7257 -0.165
-17.021 -0.15
-15.3164 -0.135
-13.6117 -0.12
-11.907 -0.105
-10.2023 -0.09
-8.49759 -0.075
-6.7929 -0.06
-5.08821 -0.045
-3.38352 -0.03
-1.67883 -0.015
0.0258586 2.08167e-16
1.73055 0.015
3.43524 0.03
5.13993 0.045
6.84462 0.06
8.54931 0.075
10.254 0.09
11.9587 0.105
13.6634 0.12
15.3681 0.135
17.0728 0.15
18.7775 0.165
20.4821 0.18
22.1868 0.195
24.7676 0.21
27.9811 0.225
31.1945 0.24
34.408 0.255
37.6215 0.27
40.835 0.285
44.0484 0.3
47.2619 0.315
50.4754 0.33
53.6888 0.345
56.9023 0.36
60.1158 0.375
63.3293 0.39
66.5427 0.405
69.7562 0.42
72.9697 0.435
76.1831 0.45
79.3966 0.465
82.6101 0.48
85.8236 0.495
89.037 0.51
92.2505 0.525
95.464 0.54
98.6775 0.555
101.891 0.57
105.104 0.585
108.313 0.6
105.098 0.585
101.884 0.57
98.6692 0.555
95.4545 0.54
92.2399 0.525
89.0252 0.51
85.8105 0.495
82.5959 0.48
79.3812 0.465
76.1666 0.45
72.9519 0.435
69.7372 0.42
66.5226 0.405
63.3079 0.39
60.0932 0.375
56.8786 0.36
53.6639 0.345
50.4493 0.33
47.2346 0.315
44.0199 0.3
40.8053 0.285
37.5906 0.27
34.376 0.255
31.1613 0.24
27.9466 0.225
24.732 0.21
22.1843 0.195
20.4796 0.18
18.775 0.165
17.0703 0.15
15.3656 0.135
13.6609 0.12
11.9562 0.105
10.2515 0.09
8.54682 0.075
6.84212 0.06
5.13743 0.045
3.43274 0.03
1.72805 0.015
0.0233619 1.80411e-16
-1.68133 -0.015
-3.38602 -0.03
-5.09071 -0.045
-6.7954 -0.06
-8.50009 -0.075
-10.2048 -0.09
-11.9095 -0.105
-13.6142 -0.12
-15.3189 -0.135
-17.0235 -0.15
-18.7282 -0.165
-20.4329 -0.18
-22.1376 -0.195
-24.7591 -0.21
-27.9727 -0.225
-31.1864 -0.24
-34.4 -0.255
-37.6137 -0.27
-40.8273 -0.285
-44.041 -0.3
-47.2546 -0.315
-50.4683 -0.33
-53.6819 -0.345
-56.8956 -0.36
-60.1092 -0.375
-63.3229 -0.39
-66.5365 -0.405
-69.7502 -0.42
-72.9638 -0.435
-76.1775 -0.45
-79.3911 -0.465
-82.6048 -0.48
-85.8184 -0.495
-89.0321 -0.51
-92.2457 -0.525
-95.4594 -0.54
-98.673 -0.555
-101.887 -0.57
-105.1 -0.585
-108.314 -0.6
-105.099 -0.585
-101.884 -0.57
-98.6697 -0.555
-95.4551 -0.54
-92.2404 -0.525
-89.0257 -0.51
-85.8111 -0.495
-82.5964 -0.48
-79.3818 -0.465
-76.1671 -0.45
-72.9524 -0.435
-69.7378 -0.42
-66.5231 -0.405
-63.3085 -0.39
-60.0938 -0.375
-56.8791 -0.36
-53.6645 -0.345
-50.4498 -0.33
-47.2351 -0.315
-44.0205 -0.3
-40.8058 -0.285
-37.5912 -0.27
-34.3765 -0.255
-31.1618 -0.24
-27.9472 -0.225
-24.7325 -0.21
-22.1375 -0.195
-20.4328 -0.18
-18.7281 -0.165
-17.0234 -0.15
-15.3187 -0.135
-13.614 -0.12
-11.9093 -0.105
-10.2046 -0.09
-8.49994 -0.075
-6.79525 -0.06
-5.09056 -0.045
-3.38587 -0.03
-1.68118 -0.015
0.0235122 3.19189e-16
1.7282 0.015
3.43289 0.03
5.13758 0.045
6.84227 0.06
8.54697 0.075
10.2517 0.09
11.9563 0.105
13.661 0.12
15.3657 0.135
17.0704 0.15
18.7751 0.165
20.4798 0.18
22.1845 0.195
24.7629 0.21
27.9764 0.225
31.1899 0.24
34.4033 0.255
37.6168 0.27
40.8303 0.285
44.0437 0.3
47.2572 0.315
50.4707 0.33
53.6842 0.345
56.8976 0.36
60.1111 0.375
63.3246 0.39
66.538 0.405
69.7515 0.42
72.965 0.435
76.1785 0.45
79.3919 0.465
82.6054 0.48
85.8189 0.495
89.0323 0.51
92.2458 0.525
95.4593 0.54
98.6728 0.555
101.886 0.57
105.1 0.585
108.313 0.6
108.352 0.615
108.391 0.63
108.43 0.645
108.469 0.66
108.508 0.675
108.547 0.69
108.586 0.705
108.625 0.72
108.664 0.735
108.703 0.75
108.742 0.765
108.781 0.78
108.82 0.795
108.859 0.81
108.898 0.825
108.937 0.84
108.975 0.855
109.014 0.87
109.053 0.885
109.092 0.9
105.878 0.885
102.663 0.87
99.4484 0.855
96.2337 0.84
93.019 0.825
89.8044 0.81
86.5897 0.795
83.3751 0.78
80.1604 0.765
76.9457 0.75
73.7311 0.735
70.5164 0.72
67.3018 0.705
64.0871 0.69
60.8724 0.675
57.6578 0.66
54.4431 0.645
51.2285 0.63
48.0138 0.615
44.7991 0.6
41.5845 0.585
38.3698 0.57
35.1552 0.555
31.9405 0.54
28.7258 0.525
25.5112 0.51
22.5978 0.495
20.8931 0.48
19.1884 0.465
17.4838 0.45
15.7791 0.435
14.0744 0.42
12.3697 0.405
10.665 0.39
8.96031 0.375
7.25561 0.36
5.55092 0.345
3.84623 0.33
2.14154 0.315
0.436852 0.3
-1.26784 0.285
-2.97253 0.27
-4.67722 0.255
-6.38191 0.24
-8.0866 0.225
-9.79129 0.21
-11.496 0.195
-13.2007 0.18
-14.9054 0.165
-16.6101 0.15
-18.3147 0.135
-20.0194 0.12
-21.7241 0.105
-23.4288 0.09
-25.1335 0.075
-26.8382 0.06
-28.5429 0.045
-30.2476 0.03
-31.9523 0.015
-33.657 2.35922e-16
-35.3617 -0.015
-37.0663 -0.03
-38.771 -0.045
-40.4757 -0.06
-42.1804 -0.075
-43.8851 -0.09
-45.5898 -0.105
-47.2945 -0.12
-48.9992 -0.135
-50.7039 -0.15
-52.4086 -0.165
-54.1132 -0.18
-55.8179 -0.195
-57.5226 -0.21
-59.2273 -0.225
-60.932 -0.24
-62.6367 -0.255
-64.3414 -0.27
-66.0461 -0.285
-67.7508 -0.3
-69.4555 -0.315
-71.1602 -0.33
-72.0604 -0.345
-72.8151 -0.36
-73.5698 -0.375
-74.3246 -0.39
-75.0793 -0.405
-75.834 -0.42
-76.5887 -0.435
-79.2675 -0.45
-82.4728 -0.465
-85.678 -0.48
-88.8833 -0.495
-92.0886 -0.51
-95.2938 -0.525
-98.4991 -0.54
-101.704 -0.555
-104.91 -0.57
-108.115 -0.585
-108.35 -0.6
-108.389 -0.615
-108.428 -0.63
-108.467 -0.645
-108.506 -0.66
-108.545 -0.675
-108.584 -0.69
-108.623 -0.705
-108.662 -0.72
-108.701 -0.735
-108.74 -0.75
-108.779 -0.765
-108.818 -0.78
-108.857 -0.795
-108.896 -0.81
-108.935 -0.825
-108.974 -0.84
-109.013 -0.855
-109.051 -0.87
-109.09 -0.885
-109.129 -0.9
-105.915 -0.885
-102.7 -0.87
-99.4854 -0.855
-96.2708 -0.84
-93.0561 -0.825
-89.8415 -0.81
-86.6268 -0.795
-83.4121 -0.78
-80.1975 -0.765
-76.9828 -0.75
-74.4817 -0.735
-72.777 -0.72
-71.0723 -0.705
-69.3676 -0.69
-67.6629 -0.675
-65.9582 -0.66
-64.2535 -0.645
-62.5488 -0.63
-60.8441 -0.615
-59.1394 -0.6
-57.4348 -0.585
-55.7301 -0.57
-54.0254 -0.555
-52.3207 -0.54
-50.616 -0.525
-48.9113 -0.51
-47.2066 -0.495
-45.5019 -0.48
-43.7972 -0.465
-42.0925 -0.45
-40.3879 -0.435
-38.6832 -0.42
-36.9785 -0.405
-35.2738 -0.39
-33.5691 -0.375
-31.8644 -0.36
-30.1597 -0.345
-28.455 -0.33
-26.7503 -0.315
-25.0456 -0.3
-23.3409 -0.285
-21.6363 -0.27
-19.9316 -0.255
-18.2269 -0.24
-16.5222 -0.225
-14.8175 -0.21
-13.1128 -0.195
-11.4081 -0.18
-9.70342 -0.165
-7.99873 -0.15
-6.29404 -0.135
-4.58935 -0.12
-2.88466 -0.105
-1.17997 -0.09
0.524725 -0.075
2.22942 -0.06
3.93411 -0.045
5.6388 -0.03
7.34349 -0.015
9.04818 3.19189e-16
10.7529 0.015
12.4576 0.03
14.1623 0.045
15.8669 0.06
17.5716 0.075
19.2763 0.09
20.981 0.105
22.6857 0.12
24.3904 0.135
26.0951 0.15
27.7998 0.165
29.5045 0.18
31.2092 0.195
32.9138 0.21
34.6185 0.225
36.3232 0.24
38.0279 0.255
39.7326 0.27
41.4373 0.285
43.142 0.3
44.8467 0.315
46.5514 0.33
48.2561 0.345
49.9608 0.36
51.6654 0.375
53.3701 0.39
55.0748 0.405
56.7795 0.42
58.4842 0.435
60.1889 0.45
61.8936 0.465
63.5983 0.48
65.303 0.495
67.0077 0.51
68.7124 0.525
70.417 0.54
71.4354 0.555
72.1815 0.57
72.9276 0.585
73.6738 0.6
74.4199 0.615
75.166 0.63
75.9121 0.645
76.6583 0.66
78.0454 0.675
81.2504 0.69
84.4554 0.705
87.6604 0.72
90.8654 0.735
94.0705 0.75
97.2755 0.765
98.8721 0.78
100.321 0.795
101.769 0.81
103.218 0.825
104.667 0.84
106.115 0.855
107.564 0.87
109.013 0.885
109.129 0.9
105.915 0.885
102.7 0.87
99.4852 0.855
96.2705 0.84
93.0559 0.825
89.8412 0.81
86.6265 0.795
83.4119 0.78
80.1972 0.765
76.9826 0.75
74.703 0.735
72.9983 0.72
71.2936 0.705
69.589 0.69
67.8843 0.675
66.1796 0.66
64.4749 0.645
62.7702 0.63
61.0655 0.615
59.3608 0.6
57.6561 0.585
55.9514 0.57
54.2467 0.555
52.5421 0.54
50.8374 0.525
49.1327 0.51
47.428 0.495
45.7233 0.48
44.0186 0.465
42.3139 0.45
40.6092 0.435
38.9045 0.42
37.1998 0.405
35.4951 0.39
33.7905 0.375
32.0858 0.36
30.3811 0.345
28.6764 0.33
26.9717 0.315
25.267 0.3
23.5623 0.285
21.8576 0.27
20.1529 0.255
18.4482 0.24
16.7435 0.225
15.0389 0.21
13.3342 0.195
11.6295 0.18
9.92479 0.165
8.22009 0.15
6.5154 0.135
4.81071 0.12
3.10602 0.105
1.40133 0.09
-0.303359 0.075
-2.00805 0.06
-3.71274 0.045
-5.41743 0.03
-7.12212 0.015
-8.82681 2.35922e-16
-10.5315 -0.015
-12.2362 -0.03
-13.9409 -0.045
-15.6456 -0.06
-17.3503 -0.075
-19.055 -0.09
-20.7596 -0.105
-22.4643 -0.12
-24.169 -0.135
-25.8737 -0.15
-27.5784 -0.165
-29.2831 -0.18
-30.9878 -0.195
-32.6925 -0.21
-34.3972 -0.225
-36.1019 -0.24
-37.8066 -0.255
-39.5112 -0.27
-41.2159 -0.285
-42.9206 -0.3
-44.6253 -0.315
-46.33 -0.33
-48.0347 -0.345
-49.7394 -0.36
-51.4441 -0.375
-53.1488 -0.39
-54.8535 -0.405
-56.5581 -0.42
-58.2628 -0.435
-59.9675 -0.45
-61.6722 -0.465
-63.3769 -0.48
-65.0816 -0.495
-66.7863 -0.51
-68.491 -0.525
-70.1957 -0.54
-71.3405 -0.555
-72.0866 -0.57
-72.8328 -0.585
-73.579 -0.6
-74.3252 -0.615
-75.0714 -0.63
-75.8175 -0.645
-76.5637 -0.66
-77.6938 -0.675
-80.899 -0.69
-84.1042 -0.705
-87.3095 -0.72
-90.5147 -0.735
-93.7199 -0.75
-96.3458 -0.765
-97.7675 -0.78
-99.1892 -0.795
-100.611 -0.81
-102.033 -0.825
-103.454 -0.84
-104.876 -0.855
-106.298 -0.87
-107.719 -0.885
-109.13 -0.9
-105.915 -0.885
-102.7 -0.87
-99.4857 -0.855
-96.2711 -0.84
-93.0564 -0.825
-89.8418 -0.81
-86.6271 -0.795
-83.4124 -0.78
-80.1978 -0.765
-76.9831 -0.75
-74.695 -0.735
-72.9903 -0.72
-71.2856 -0.705
-69.5809 -0.69
-67.8762 -0.675
-66.1715 -0.66
-64.4668 -0.645
-62.7621 -0.63
-61.0574 -0.615
-59.3527 -0.6
-57.6481 -0.585
-55.9434 -0.57
-54.2387 -0.555
-52.534 -0.54
-50.8293 -0.525
-49.1246 -0.51
-47.4199 -0.495
-45.7152 -0.48
-44.0105 -0.465
-42.3058 -0.45
-40.6011 -0.435
-38.8965 -0.42
-37.1918 -0.405
-35.4871 -0.39
-33.7824 -0.375
-32.0777 -0.36
-30.373 -0.345
-28.6683 -0.33
-26.9636 -0.315
-25.2589 -0.3
-23.5542 -0.285
-21.8496 -0.27
-20.1449 -0.255
-18.4402 -0.24
-16.7355 -0.225
-15.0308 -0.21
-13.3261 -0.195
-11.6214 -0.18
-9.91672 -0.165
-8.21203 -0.15
-6.50734 -0.135
-4.80264 -0.12
-3.09795 -0.105
-1.39326 -0.09
0.311427 -0.075
2.01612 -0.06
3.72081 -0.045
5.4255 -0.03
7.13019 -0.015
8.83488 3.19189e-16
10.5396 0.015
12.2443 0.03
13.949 0.045
15.6536 0.06
17.3583 0.075
19.063 0.09
20.7677 0.105
22.4724 0.12
24.1771 0.135
25.8818 0.15
27.5865 0.165
29.2912 0.18
30.9959 0.195
32.7005 0.21
34.4052 0.225
36.1099 0.24
37.8146 0.255
39.5193 0.27
41.224 0.285
42.9287 0.3
44.6334 0.315
46.3381 0.33
48.0428 0.345
49.7475 0.36
51.4521 0.375
53.1568 0.39
54.8615 0.405
56.5662 0.42
58.2709 0.435
59.9756 0.45
61.6803 0.465
63.385 0.48
65.0897 0.495
66.7944 0.51
68.4991 0.525
70.2037 0.54
71.3395 0.555
72.0856 0.57
72.8317 0.585
73.5777 0.6
74.3238 0.615
75.0698 0.63
75.8159 0.645
76.5619 0.66
77.6189 0.675
80.8239 0.69
84.0289 0.705
87.2339 0.72
90.439 0.735
93.644 0.75
96.3298 0.765
97.752 0.78
99.1742 0.795
100.596 0.81
102.018 0.825
103.441 0.84
104.863 0.855
106.285 0.87
107.707 0.885
109.129 0.9
105.915 0.885
102.7 0.87
99.4852 0.855
96.2705 0.84
93.0559 0.825
89.8412 0.81
86.6265 0.795
83.4119 0.78
80.1972 0.765
76.9826 0.75
74.7048 0.735
73.0001 0.72
71.2955 0.705
69.5908 0.69
67.8861 0.675
66.1814 0.66
64.4767 0.645
62.772 0.63
61.0673 0.615
59.3626 0.6
57.6579 0.585
55.9532 0.57
54.2485 0.555
52.5439 0.54
50.8392 0.525
49.1345 0.51
47.4298 0.495
45.7251 0.48
44.0204 0.465
42.3157 0.45
40.611 0.435
38.9063 0.42
37.2016 0.405
35.4969 0.39
33.7923 0.375
32.0876 0.36
30.3829 0.345
28.6782 0.33
26.9735 0.315
25.2688 0.3
23.5641 0.285
21.8594 0.27
20.1547 0.255
18.45 0.24
16.7454 0.225
15.0407 0.21
13.336 0.195
11.6313 0.18
9.92659 0.165
8.2219 0.15
6.51721 0.135
4.81252 0.12
3.10783 0.105
1.40314 0.09
-0.301556 0.075
-2.00625 0.06
-3.71094 0.045
-5.41563 0.03
-7.12032 0.015
-8.82501 2.35922e-16
-10.5297 -0.015
-12.2344 -0.03
-13.9391 -0.045
-15.6438 -0.06
-17.3485 -0.075
-19.0532 -0.09
-20.7578 -0.105
-22.4625 -0.12
-24.1672 -0.135
-25.8719 -0.15
-27.5766 -0.165
-29.2813 -0.18
-30.986 -0.195
-32.6907 -0.21
-34.3954 -0.225
-36.1001 -0.24
-37.8047 -0.255
-39.5094 -0.27
-41.2141 -0.285
-42.9188 -0.3
-44.6235 -0.315
-46.3282 -0.33
-48.0329 -0.345
-49.7376 -0.36
-51.4423 -0.375
-53.147 -0.39
-54.8517 -0.405
-56.5563 -0.42
-58.261 -0.435
-59.9657 -0.45
-61.6704 -0.465
-63.3751 -0.48
-65.0798 -0.495
-66.7845 -0.51
-68.4892 -0.525
-70.1939 -0.54
-71.3396 -0.555
-72.0858 -0.57
-72.832 -0.585
-73.5782 -0.6
-74.3244 -0.615
-75.0705 -0.63
-75.8167 -0.645
-76.5629 -0.66
-77.6902 -0.675
-80.8954 -0.69
-84.1006 -0.705
-87.3059 -0.72
-90.5111 -0.735
-93.7163 -0.75
-96.3366 -0.765
-97.7581 -0.78
-99.1795 -0.795
-100.601 -0.81
-102.022 -0.825
-103.444 -0.84
-104.865 -0.855
-106.287 -0.87
-107.708 -0.885
-109.13 -0.9
-105.915 -0.885
-102.7 -0.87
-99.4857 -0.855
-96.2711 -0.84
-93.0564 -0.825
-89.8418 -0.81
-86.6271 -0.795
-83.4124 -0.78
-80.1978 -0.765
-76.9831 -0.75
-74.695 -0.735
-72.9903 -0.72
-71.2856 -0.705
-69.5809 -0.69
-67.8762 -0.675
-66.1715 -0.66
-64.4668 -0.645
-62.7621 -0.63
-61.0575 -0.615
-59.3528 -0.6
-57.6481 -0.585
-55.9434 -0.57
-54.2387 -0.555
-52.534 -0.54
-50.8293 -0.525
-49.1246 -0.51
-47.4199 -0.495
-45.7152 -0.48
-44.0105 -0.465
-42.3059 -0.45
-40.6012 -0.435
-38.8965 -0.42
-37.1918 -0.405
-35.4871 -0.39
-33.7824 -0.375
-32.0777 -0.36
-30.373 -0.345
-28.6683 -0.33
-26.9636 -0.315
-25.2589 -0.3
-23.5543 -0.285
-21.8496 -0.27
-20.1449 -0.255
-18.4402 -0.24
-16.7355 -0.225
-15.0308 -0.21
-13.3261 -0.195
-11.6214 -0.18
-9.91673 -0.165
-8.21204 -0.15
-6.50735 -0.135
-4.80266 -0.12
-3.09797 -0.105
-1.39328 -0.09
0.311412 -0.075
2.0161 -0.06
3.72079 -0.045
5.42548 -0.03
7.13017 -0.015
8.83487 3.19189e-16
10.5396 0.015
12.2442 0.03
13.9489 0.045
15.6536 0.06
17.3583 0.075
19.063 0.09
20.7677 0.105
22.4724 0.12
24.1771 0.135
25.8818 0.15
27.5865 0.165
29.2912 0.18
30.9958 0.195
32.7005 0.21
34.4052 0.225
36.1099 0.24
37.8146 0.255
39.5193 0.27
41.224 0.285
42.9287 0.3
44.6334 0.315
46.3381 0.33
48.0428 0.345
49.7474 0.36
51.4521 0.375
53.1568 0.39
54.8615 0.405
56.5662 0.42
58.2709 0.435
59.9756 0.45
61.6803 0.465
63.385 0.48
65.0897 0.495
66.7943 0.51
68.499 0.525
70.2037 0.54
71.3395 0.555
72.0856 0.57
72.8316 0.585
73.5777 0.6
74.3238 0.615
75.0698 0.63
75.8159 0.645
76.5619 0.66
77.6189 0.675
80.8239 0.69
84.0289 0.705
87.2339 0.72
90.4389 0.735
93.6439 0.75
96.3298 0.765
97.7519 0.78
99.1741 0.795
100.596 0.81
102.018 0.825
103.441 0.84
104.863 0.855
106.285 0.87
107.707 0.885
109.129 0.9
109.168 0.915
109.207 0.93
109.246 0.945
109.285 0.96
109.324 0.975
109.363 0.99
109.402 1.005
109.441 1.02
109.48 1.035
109.519 1.05
109.558 1.065
109.597 1.08
109.636 1.095
109.675 1.11
109.714 1.125
109.753 1.14
109.791 1.155
109.83 1.17
109.869 1.185
109.908 1.2
109.947 1.215
106.733 1.2
103.518 1.185
100.303 1.17
97.0887 1.155
93.874 1.14
90.6593 1.125
87.4447 1.11
84.23 1.095
81.0154 1.08
77.8007 1.065
75.1212 1.05
73.4165 1.035
71.7118 1.02
70.0071 1.005
68.3024 0.99
66.5978 0.975
64.8931 0.96
63.1884 0.945
61.4837 0.93
59.779 0.915
58.0743 0.9
56.3696 0.885
54.6649 0.87
52.9602 0.855
51.2555 0.84
49.5508 0.825
47.8462 0.81
46.1415 0.795
44.4368 0.78
42.7321 0.765
41.0274 0.75
39.3227 0.735
37.618 0.72
35.9133 0.705
34.2086 0.69
32.5039 0.675
30.7992 0.66
29.0946 0.645
27.3899 0.63
25.6852 0.615
23.9805 0.6
22.2758 0.585
20.5711 0.57
18.8664 0.555
17.1617 0.54
15.457 0.525
13.7523 0.51
12.0476 0.495
10.343 0.48
8.63827 0.465
6.93358 0.45
5.22889 0.435
3.5242 0.42
1.81951 0.405
0.122925 0.39
-1.53012 0.375
-3.18316 0.36
-4.83621 0.345
-6.48925 0.33
-8.1423 0.315
-9.79534 0.3
-11.4484 0.285
-13.1014 0.27
-14.7545 0.255
-16.4075 0.24
-18.0606 0.225
-19.7136 0.21
-21.3667 0.195
-23.0197 0.18
-24.6727 0.165
-26.3258 0.15
-27.9788 0.135
-29.6319 0.12
-31.2849 0.105
-32.938 0.09
-34.591 0.075
-36.2441 0.06
-37.8971 0.045
-39.5501 0.03
-41.2032 0.015
-42.8562 2.35922e-16
-44.5093 -0.015
-46.1623 -0.03
-47.8154 -0.045
-49.4684 -0.06
-51.1215 -0.075
-52.7745 -0.09
-54.4275 -0.105
-56.0806 -0.12
-57.7336 -0.135
-59.3867 -0.15
-61.0397 -0.165
-62.6928 -0.18
-64.2633 -0.195
-64.8595 -0.21
-65.4557 -0.225
-66.0519 -0.24
-66.6481 -0.255
-67.2442 -0.27
-67.8404 -0.285
-68.4366 -0.3
-69.0328 -0.315
-69.629 -0.33
-70.2252 -0.345
-70.8213 -0.36
-71.4175 -0.375
-72.0137 -0.39
-72.6099 -0.405
-73.2061 -0.42
-73.8022 -0.435
-74.3984 -0.45
-74.9946 -0.465
-75.5908 -0.48
-76.187 -0.495
-76.7831 -0.51
-77.3793 -0.525
-77.9755 -0.54
-78.5717 -0.555
-79.1679 -0.57
-79.764 -0.585
-80.3602 -0.6
-80.9564 -0.615
-81.5526 -0.63
-82.1488 -0.645
-82.745 -0.66
-83.3411 -0.675
-83.9373 -0.69
-84.5749 -0.705
-87.7793 -0.72
-90.9837 -0.735
-94.188 -0.75
-96.5331 -0.765
-97.954 -0.78
-99.3749 -0.795
-100.796 -0.81
-102.217 -0.825
-103.638 -0.84
-105.059 -0.855
-106.48 -0.87
-107.901 -0.885
-109.135 -0.9
-109.174 -0.915
-109.213 -0.93
-109.252 -0.945
-109.291 -0.96
-109.33 -0.975
-109.369 -0.99
-109.408 -1.005
-109.447 -1.02
-109.486 -1.035
-109.525 -1.05
-109.564 -1.065
-109.602 -1.08
-109.641 -1.095
-109.68 -1.11
-109.719 -1.125
-109.758 -1.14
-109.797 -1.155
-109.836 -1.17
-109.875 -1.185
-109.914 -1.2
-109.953 -1.215
-106.738 -1.2
-103.524 -1.185
-100.309 -1.17
-97.0945 -1.155
-93.8798 -1.14
-90.6652 -1.125
-87.4505 -1.11
-84.2358 -1.095
-82.0687 -1.08
-80.364 -1.065
-78.6594 -1.05
-76.9547 -1.035
-75.25 -1.02
-73.5453 -1.005
-71.8406 -0.99
-70.1359 -0.975
-68.4312 -0.96
-66.7265 -0.945
-65.0218 -0.93
-63.3171 -0.915
-61.6125 -0.9
-59.9078 -0.885
-58.2031 -0.87
-56.4984 -0.855
-54.7937 -0.84
-53.089 -0.825
-51.3843 -0.81
-49.6796 -0.795
-47.9749 -0.78
-46.2702 -0.765
-44.5655 -0.75
-42.8609 -0.735
-41.1562 -0.72
-39.4515 -0.705
-37.7468 -0.69
-36.0421 -0.675
-34.3374 -0.66
-32.6327 -0.645
-30.928 -0.63
-29.2233 -0.615
-27.5186 -0.6
-25.8139 -0.585
-24.1093 -0.57
-22.4046 -0.555
-20.6999 -0.54
-18.9952 -0.525
-17.2905 -0.51
-15.5858 -0.495
-13.8811 -0.48
-12.1764 -0.465
-10.4717 -0.45
-8.76704 -0.435
-7.06235 -0.42
-5.35766 -0.405
-3.65297 -0.39
-1.94828 -0.375
-0.247951 -0.36
1.40322 -0.345
3.0544 -0.33
4.70557 -0.315
6.35675 -0.3
8.00792 -0.285
9.6591 -0.27
11.3103 -0.255
12.9614 -0.24
14.6126 -0.225
16.2638 -0.21
17.915 -0.195
19.5661 -0.18
21.2173 -0.165
22.8685 -0.15
24.5197 -0.135
26.1708 -0.12
27.822 -0.105
29.4732 -0.09
31.1244 -0.075
32.7755 -0.06
34.4267 -0.045
36.0779 -0.03
37.7291 -0.015
39.3802 4.30211e-16
41.0314 0.015
42.6826 0.03
44.3338 0.045
45.9849 0.06
47.6361 0.075
49.2873 0.09
50.9385 0.105
52.5896 0.12
54.2408 0.135
55.892 0.15
57.5432 0.165
59.1943 0.18
60.8455 0.195
62.4967 0.21
64.1479 0.225
64.7873 0.24
65.3826 0.255
65.978 0.27
66.5733 0.285
67.1686 0.3
67.7639 0.315
68.3593 0.33
68.9546 0.345
69.5499 0.36
70.1453 0.375
70.7406 0.39
71.3359 0.405
71.9313 0.42
72.5266 0.435
73.1219 0.45
73.7172 0.465
74.3126 0.48
74.9079 0.495
75.4788 0.51
75.9014 0.525
76.3239 0.54
76.7465 0.555
77.1691 0.57
77.5917 0.585
78.0143 0.6
78.4368 0.615
78.8594 0.63
79.282 0.645
79.7046 0.66
80.1272 0.675
80.5497 0.69
80.9723 0.705
81.3949 0.72
81.8175 0.735
82.2401 0.75
82.6626 0.765
83.0852 0.78
83.5078 0.795
83.9304 0.81
84.353 0.825
85.0521 0.84
86.0533 0.855
87.0546 0.87
88.0558 0.885
89.057 0.9
90.0583 0.915
91.0595 0.93
92.0607 0.945
93.062 0.96
94.0632 0.975
95.0645 0.99
96.0657 1.005
97.0669 1.02
98.0682 1.035
99.0694 1.05
100.071 1.065
101.072 1.08
102.073 1.095
103.074 1.11
104.076 1.125
105.077 1.14
106.078 1.155
107.079 1.17
108.081 1.185
109.082 1.2
109.953 1.215
106.738 1.2
103.523 1.185
100.309 1.17
97.0939 1.155
93.8793 1.14
90.6646 1.125
87.45 1.11
84.2353 1.095
82.0928 1.08
80.3881 1.065
78.6834 1.05
76.9787 1.035
75.274 1.02
73.5694 1.005
71.8647 0.99
70.16 0.975
68.4553 0.96
66.7506 0.945
65.0459 0.93
63.3412 0.915
61.6365 0.9
59.9318 0.885
58.2271 0.87
56.5224 0.855
54.8178 0.84
53.1131 0.825
51.4084 0.81
49.7037 0.795
47.999 0.78
46.2943 0.765
44.5896 0.75
42.8849 0.735
41.1802 0.72
39.4755 0.705
37.7708 0.69
36.0662 0.675
34.3615 0.66
32.6568 0.645
30.9521 0.63
29.2474 0.615
27.5427 0.6
25.838 0.585
24.1333 0.57
22.4286 0.555
20.7239 0.54
19.0193 0.525
17.3146 0.51
15.6099 0.495
13.9052 0.48
12.2005 0.465
10.4958 0.45
8.79111 0.435
7.08642 0.42
5.38173 0.405
3.67704 0.39
1.97235 0.375
0.271249 0.36
-1.3801 0.345
-3.03144 0.33
-4.68279 0.315
-6.33414 0.3
-7.98549 0.285
-9.63683 0.27
-11.2882 0.255
-12.9395 0.24
-14.5909 0.225
-16.2422 0.21
-17.8936 0.195
-19.5449 0.18
-21.1963 0.165
-22.8476 0.15
-24.499 0.135
-26.1503 0.12
-27.8016 0.105
-29.453 0.09
-31.1043 0.075
-32.7557 0.06
-34.407 0.045
-36.0584 0.03
-37.7097 0.015
-39.3611 2.35922e-16
-41.0124 -0.015
-42.6638 -0.03
-44.3151 -0.045
-45.9665 -0.06
-47.6178 -0.075
-49.2692 -0.09
-50.9205 -0.105
-52.5718 -0.12
-54.2232 -0.135
-55.8745 -0.15
-57.5259 -0.165
-59.1772 -0.18
-60.8286 -0.195
-62.4799 -0.21
-64.1313 -0.225
-64.7814 -0.24
-65.3768 -0.255
-65.9722 -0.27
-66.5676 -0.285
-67.163 -0.3
-67.7584 -0.315
-68.3538 -0.33
-68.9492 -0.345
-69.5447 -0.36
-70.1401 -0.375
-70.7355 -0.39
-71.3309 -0.405
-71.9263 -0.42
-72.5217 -0.435
-73.1171 -0.45
-73.7125 -0.465
-74.3079 -0.48
-74.9033 -0.495
-75.4491 -0.51
-75.8713 -0.525
-76.2935 -0.54
-76.7157 -0.555
-77.1379 -0.57
-77.5601 -0.585
-77.9823 -0.6
-78.4045 -0.615
-78.8267 -0.63
-79.2489 -0.645
-79.6711 -0.66
-80.0933 -0.675
-80.5156 -0.69
-80.9378 -0.705
-81.36 -0.72
-81.7822 -0.735
-82.2044 -0.75
-82.6266 -0.765
-83.0488 -0.78
-83.471 -0.795
-83.8932 -0.81
-84.3154 -0.825
-84.9805 -0.84
-85.9795 -0.855
-86.9784 -0.87
-87.9773 -0.885
-88.9762 -0.9
-89.9752 -0.915
-90.9741 -0.93
-91.973 -0.945
-92.972 -0.96
-93.9709 -0.975
-94.9698 -0.99
-95.9688 -1.005
-96.9677 -1.02
-97.9666 -1.035
-98.9655 -1.05
-99.9645 -1.065
-100.963 -1.08
-101.962 -1.095
-102.961 -1.11
-103.96 -1.125
-104.959 -1.14
-105.958 -1.155
-106.957 -1.17
-107.956 -1.185
-108.955 -1.2
-109.953 -1.215
-106.738 -1.2
-103.524 -1.185
-100.309 -1.17
-97.0945 -1.155
-93.8798 -1.14
-90.6652 -1.125
-87.4505 -1.11
-84.2359 -1.095
-82.0861 -1.08
-80.3814 -1.065
-78.6767 -1.05
-76.972 -1.035
-75.2674 -1.02
-73.5627 -1.005
-71.858 -0.99
-70.1533 -0.975
-68.4486 -0.96
-66.7439 -0.945
-65.0392 -0.93
-63.3345 -0.915
-61.6298 -0.9
-59.9251 -0.885
-58.2204 -0.87
-56.5158 -0.855
-54.8111 -0.84
-53.1064 -0.825
-51.4017 -0.81
-49.697 -0.795
-47.9923 -0.78
-46.2876 -0.765
-44.5829 -0.75
-42.8782 -0.735
-41.1735 -0.72
-39.4688 -0.705
-37.7642 -0.69
-36.0595 -0.675
-34.3548 -0.66
-32.6501 -0.645
-30.9454 -0.63
-29.2407 -0.615
-27.536 -0.6
-25.8313 -0.585
-24.1266 -0.57
-22.4219 -0.555
-20.7173 -0.54
-19.0126 -0.525
-17.3079 -0.51
-15.6032 -0.495
-13.8985 -0.48
-12.1938 -0.465
-10.4891 -0.45
-8.78442 -0.435
-7.07972 -0.42
-5.37503 -0.405
-3.67034 -0.39
-1.96565 -0.375
-0.264779 -0.36
1.38639 -0.345
3.03755 -0.33
4.68872 -0.315
6.33989 -0.3
7.99105 -0.285
9.64222 -0.27
11.2934 -0.255
12.9446 -0.24
14.5957 -0.225
16.2469 -0.21
17.8981 -0.195
19.5492 -0.18
21.2004 -0.165
22.8516 -0.15
24.5027 -0.135
26.1539 -0.12
27.8051 -0.105
29.4562 -0.09
31.1074 -0.075
32.7586 -0.06
34.4097 -0.045
36.0609 -0.03
37.7121 -0.015
39.3632 4.30211e-16
41.0144 0.015
42.6656 0.03
44.3167 0.045
45.9679 0.06
47.6191 0.075
49.2702 0.09
50.9214 0.105
52.5726 0.12
54.2237 0.135
55.8749 0.15
57.5261 0.165
59.1772 0.18
60.8284 0.195
62.4796 0.21
64.1307 0.225
64.7811 0.24
65.3764 0.255
65.9718 0.27
66.5671 0.285
67.1624 0.3
67.7577 0.315
68.3531 0.33
68.9484 0.345
69.5437 0.36
70.139 0.375
70.7344 0.39
71.3297 0.405
71.925 0.42
72.5203 0.435
73.1157 0.45
73.711 0.465
74.3063 0.48
74.9017 0.495
75.4522 0.51
75.8745 0.525
76.2967 0.54
76.7189 0.555
77.1412 0.57
77.5634 0.585
77.9856 0.6
78.4079 0.615
78.8301 0.63
79.2523 0.645
79.6746 0.66
80.0968 0.675
80.519 0.69
80.9413 0.705
81.3635 0.72
81.7857 0.735
82.208 0.75
82.6302 0.765
83.0524 0.78
83.4746 0.795
83.8969 0.81
84.3191 0.825
84.9703 0.84
85.9696 0.855
86.9689 0.87
87.9682 0.885
88.9675 0.9
89.9668 0.915
90.9661 0.93
91.9654 0.945
92.9647 0.96
93.9639 0.975
94.9632 0.99
95.9625 1.005
96.9618 1.02
97.9611 1.035
98.9604 1.05
99.9597 1.065
100.959 1.08
101.958 1.095
102.958 1.11
103.957 1.125
104.956 1.14
105.955 1.155
106.955 1.17
107.954 1.185
108.953 1.2
109.953 1.215
106.738 1.2
103.523 1.185
100.309 1.17
97.0939 1.155
93.8793 1.14
90.6646 1.125
87.45 1.11
84.2353 1.095
82.0929 1.08
80.3882 1.065
78.6835 1.05
76.9788 1.035
75.2741 1.02
73.5694 1.005
71.8647 0.99
70.1601 0.975
68.4554 0.96
66.7507 0.945
65.046 0.93
63.3413 0.915
61.6366 0.9
59.9319 0.885
58.2272 0.87
56.5225 0.855
54.8178 0.84
53.1131 0.825
51.4085 0.81
49.7038 0.795
47.9991 0.78
46.2944 0.765
44.5897 0.75
42.885 0.735
41.1803 0.72
39.4756 0.705
37.7709 0.69
36.0662 0.675
34.3616 0.66
32.6569 0.645
30.9522 0.63
29.2475 0.615
27.5428 0.6
25.8381 0.585
24.1334 0.57
22.4287 0.555
20.724 0.54
19.0193 0.525
17.3146 0.51
15.61 0.495
13.9053 0.48
12.2006 0.465
10.4959 0.45
8.79119 0.435
7.0865 0.42
5.38181 0.405
3.67712 0.39
1.97243 0.375
0.271331 0.36
-1.38002 0.345
-3.03136 0.33
-4.68271 0.315
-6.33406 0.3
-7.9854 0.285
-9.63675 0.27
-11.2881 0.255
-12.9394 0.24
-14.5908 0.225
-16.2421 0.21
-17.8935 0.195
-19.5448 0.18
-21.1962 0.165
-22.8475 0.15
-24.4989 0.135
-26.1502 0.12
-27.8016 0.105
-29.4529 0.09
-31.1043 0.075
-32.7556 0.06
-34.407 0.045
-36.0583 0.03
-37.7096 0.015
-39.361 2.91434e-16
-41.0123 -0.015
-42.6637 -0.03
-44.315 -0.045
-45.9664 -0.06
-47.6177 -0.075
-49.2691 -0.09
-50.9204 -0.105
-52.5718 -0.12
-54.2231 -0.135
-55.8745 -0.15
-57.5258 -0.165
-59.1772 -0.18
-60.8285 -0.195
-62.4798 -0.21
-64.1312 -0.225
-64.7814 -0.24
-65.3768 -0.255
-65.9722 -0.27
-66.5676 -0.285
-67.163 -0.3
-67.7584 -0.315
-68.3538 -0.33
-68.9492 -0.345
-69.5446 -0.36
-70.14 -0.375
-70.7354 -0.39
-71.3308 -0.405
-71.9263 -0.42
-72.5217 -0.435
-73.1171 -0.45
-73.7125 -0.465
-74.3079 -0.48
-74.9033 -0.495
-75.449 -0.51
-75.8712 -0.525
-76.2934 -0.54
-76.7156 -0.555
-77.1378 -0.57
-77.56 -0.585
-77.9822 -0.6
-78.4044 -0.615
-78.8266 -0.63
-79.2488 -0.645
-79.671 -0.66
-80.0932 -0.675
-80.5154 -0.69
-80.9376 -0.705
-81.3598 -0.72
-81.782 -0.735
-82.2042 -0.75
-82.6264 -0.765
-83.0486 -0.78
-83.4708 -0.795
-83.893 -0.81
-84.3152 -0.825
-84.9801 -0.84
-85.979 -0.855
-86.978 -0.87
-87.9769 -0.885
-88.9758 -0.9
-89.9747 -0.915
-90.9737 -0.93
-91.9726 -0.945
-92.9715 -0.96
-93.9704 -0.975
-94.9693 -0.99
-95.9683 -1.005
-96.9672 -1.02
-97.9661 -1.035
-98.965 -1.05
-99.9639 -1.065
-100.963 -1.08
-101.962 -1.095
-102.961 -1.11
-103.96 -1.125
-104.959 -1.14
-105.957 -1.155
-106.956 -1.17
-107.955 -1.185
-108.954 -1.2
-109.953 -1.215
-106.738 -1.2
-103.524 -1.185
-100.309 -1.17
-97.0945 -1.155
-93.8798 -1.14
-90.6652 -1.125
-87.4505 -1.11
-84.2359 -1.095
-82.0861 -1.08
-80.3814 -1.065
-78.6767 -1.05
-76.972 -1.035
-75.2674 -1.02
-73.5627 -1.005
-71.858 -0.99
-70.1533 -0.975
-68.4486 -0.96
-66.7439 -0.945
-65.0392 -0.93
-63.3345 -0.915
-61.6298 -0.9
-59.9251 -0.885
-58.2204 -0.87
-56.5158 -0.855
-54.8111 -0.84
-53.1064 -0.825
-51.4017 -0.81
-49.697 -0.795
-47.9923 -0.78
-46.2876 -0.765
-44.5829 -0.75
-42.8782 -0.735
-41.1735 -0.72
-39.4688 -0.705
-37.7642 -0.69
-36.0595 -0.675
-34.3548 -0.66
-32.6501 -0.645
-30.9454 -0.63
-29.2407 -0.615
-27.536 -0.6
-25.8313 -0.585
-24.1266 -0.57
-22.4219 -0.555
-20.7173 -0.54
-19.0126 -0.525
-17.3079 -0.51
-15.6032 -0.495
-13.8985 -0.48
-12.1938 -0.465
-10.4891 -0.45
-8.78442 -0.435
-7.07973 -0.42
-5.37503 -0.405
-3.67034 -0.39
-1.96565 -0.375
-0.264779 -0.36
1.38639 -0.345
3.03755 -0.33
4.68872 -0.315
6.33989 -0.3
7.99105 -0.285
9.64222 -0.27
11.2934 -0.255
12.9446 -0.24
14.5957 -0.225
16.2469 -0.21
17.8981 -0.195
19.5492 -0.18
21.2004 -0.165
22.8516 -0.15
24.5027 -0.135
26.1539 -0.12
27.8051 -0.105
29.4562 -0.09
31.1074 -0.075
32.7586 -0.06
34.4097 -0.045
36.0609 -0.03
37.7121 -0.015
39.3632 4.30211e-16
41.0144 0.015
42.6656 0.03
44.3167 0.045
45.9679 0.06
47.6191 0.075
49.2702 0.09
50.9214 0.105
52.5726 0.12
54.2237 0.135
55.8749 0.15
57.5261 0.165
59.1772 0.18
60.8284 0.195
62.4796 0.21
64.1307 0.225
64.7811 0.24
65.3764 0.255
65.9718 0.27
66.5671 0.285
67.1624 0.3
67.7577 0.315
68.3531 0.33
68.9484 0.345
69.5437 0.36
70.139 0.375
70.7344 0.39
71.3297 0.405
71.925 0.42
72.5203 0.435
73.1157 0.45
73.711 0.465
74.3063 0.48
74.9017 0.495
75.4522 0.51
75.8745 0.525
76.2967 0.54
76.7189 0.555
77.1412 0.57
77.5634 0.585
77.9856 0.6
78.4079 0.615
78.8301 0.63
79.2523 0.645
79.6746 0.66
80.0968 0.675
80.519 0.69
80.9413 0.705
81.3635 0.72
81.7857 0.735
82.2079 0.75
82.6302 0.765
83.0524 0.78
83.4746 0.795
83.8969 0.81
84.3191 0.825
84.9703 0.84
85.9696 0.855
86.9689 0.87
87.9682 0.885
88.9675 0.9
89.9668 0.915
90.9661 0.93
91.9654 0.945
92.9647 0.96
93.9639 0.975
94.9632 0.99
95.9625 1.005
96.9618 1.02
97.9611 1.035
98.9604 1.05
99.9597 1.065
100.959 1.08
101.958 1.095
102.958 1.11
103.957 1.125
104.956 1.14
105.955 1.155
106.955 1.17
107.954 1.185
108.953 1.2
109.953 1.215
109.992 1.23
110.03 1.245
110.069 1.26
110.108 1.275
110.147 1.29
110.186 1.305
110.225 1.32
110.264 1.335
110.303 1.35
110.342 1.365
110.381 1.38
110.42 1.395
110.459 1.41
110.498 1.425
110.537 1.44
110.576 1.455
110.615 1.47
110.654 1.485
110.693 1.5
110.732 1.515
110.771 1.53
110.81 1.545
110.849 1.56
110.888 1.575
110.927 1.59
110.965 1.605
111.004 1.62
111.043 1.635
111.082 1.65
111.121 1.665
111.16 1.68
111.199 1.695
111.238 1.71
111.277 1.725
111.316 1.74
111.355 1.755
111.394 1.77
111.433 1.785
111.472 1.8
111.511 1.815
108.296 1.8
105.082 1.785
101.867 1.77
98.6523 1.755
95.4376 1.74
92.2229 1.725
89.0083 1.71
85.7936 1.695
82.8826 1.68
81.1779 1.665
79.4732 1.65
77.7685 1.635
76.0639 1.62
74.3592 1.605
72.6545 1.59
70.9498 1.575
69.2451 1.56
67.5404 1.545
65.8357 1.53
64.131 1.515
62.4263 1.5
60.7216 1.485
59.0169 1.47
57.3123 1.455
55.6076 1.44
53.9029 1.425
52.1982 1.41
50.4935 1.395
48.7888 1.38
47.0841 1.365
45.3794 1.35
43.6747 1.335
41.97 1.32
40.2653 1.305
38.5607 1.29
36.856 1.275
35.1513 1.26
33.4466 1.245
31.7419 1.23
30.0372 1.215
28.3325 1.2
26.6278 1.185
24.9231 1.17
23.2184 1.155
21.5138 1.14
19.8091 1.125
18.1044 1.11
16.3997 1.095
14.695 1.08
12.9903 1.065
11.2856 1.05
9.58092 1.035
7.87623 1.02
6.17154 1.005
4.46684 0.99
2.76215 0.975
1.05746 0.96
-0.383026 0.945
-1.65034 0.93
-2.91766 0.915
-4.18498 0.9
-5.4523 0.885
-6.71961 0.87
-7.98693 0.855
-9.25425 0.84
-10.5216 0.825
-11.7889 0.81
-13.0562 0.795
-14.3235 0.78
-15.5908 0.765
-16.8582 0.75
-18.1255 0.735
-19.3928 0.72
-20.6601 0.705
-21.9274 0.69
-23.1947 0.675
-24.4621 0.66
-25.7294 0.645
-26.9967 0.63
-28.264 0.615
-29.5313 0.6
-30.7986 0.585
-32.066 0.57
-33.3333 0.555
-34.6006 0.54
-35.8679 0.525
-37.1352 0.51
-38.4026 0.495
-39.6699 0.48
-40.9372 0.465
-42.2045 0.45
-43.4718 0.435
-44.7391 0.42
-46.0065 0.405
-47.2738 0.39
-48.5411 0.375
-49.8084 0.36
-51.0757 0.345
-52.343 0.33
-53.6104 0.315
-54.8777 0.3
-56.145 0.285
-57.4123 0.27
-58.6796 0.255
-59.947 0.24
-61.2143 0.225
-62.4816 0.21
-63.7489 0.195
-64.4885 0.18
-64.9192 0.165
-65.3499 0.15
-65.7806 0.135
-66.2113 0.12
-66.642 0.105
-67.0727 0.09
-67.5034 0.075
-67.9341 0.06
-68.3648 0.045
-68.7955 0.03
-69.2263 0.015
-69.657 3.19189e-16
-70.0877 -0.015
-70.5184 -0.03
-70.9491 -0.045
-71.3798 -0.06
-71.8105 -0.075
-72.2412 -0.09
-72.6719 -0.105
-73.1026 -0.12
-73.5333 -0.135
-73.964 -0.15
-74.3947 -0.165
-74.8254 -0.18
-75.2561 -0.195
-75.6012 -0.21
-75.9333 -0.225
-76.2654 -0.24
-76.5975 -0.255
-76.9296 -0.27
-77.2617 -0.285
-77.5938 -0.3
-77.9259 -0.315
-78.258 -0.33
-78.5901 -0.345
-78.9222 -0.36
-79.2543 -0.375
-79.5864 -0.39
-79.9185 -0.405
-80.2506 -0.42
-80.5827 -0.435
-80.9148 -0.45
-81.2469 -0.465
-81.579 -0.48
-81.9111 -0.495
-82.2432 -0.51
-82.5753 -0.525
-82.9074 -0.54
-83.2395 -0.555
-83.5716 -0.57
-83.9037 -0.585
-84.2358 -0.6
-84.5679 -0.615
-84.8999 -0.63
-85.232 -0.645
-85.5641 -0.66
-85.8962 -0.675
-86.2283 -0.69
-86.5604 -0.705
-86.8925 -0.72
-87.2246 -0.735
-87.5567 -0.75
-87.8888 -0.765
-88.2209 -0.78
-88.553 -0.795
-88.8851 -0.81
-89.2172 -0.825
-89.5493 -0.84
-89.8814 -0.855
-90.2135 -0.87
-90.5456 -0.885
-90.8777 -0.9
-91.2098 -0.915
-91.5419 -0.93
-92.114 -0.945
-93.1124 -0.96
-94.1109 -0.975
-95.1094 -0.99
-96.1079 -1.005
-97.1063 -1.02
-98.1048 -1.035
-99.1033 -1.05
-100.102 -1.065
-101.1 -1.08
-102.099 -1.095
-103.097 -1.11
-104.096 -1.125
-105.094 -1.14
-106.093 -1.155
-107.091 -1.17
-108.09 -1.185
-109.088 -1.2
-109.958 -1.215
-109.997 -1.23
-110.036 -1.245
-110.075 -1.26
-110.114 -1.275
-110.153 -1.29
-110.192 -1.305
-110.231 -1.32
-110.27 -1.335
-110.309 -1.35
-110.348 -1.365
-110.387 -1.38
-110.426 -1.395
-110.465 -1.41
-110.504 -1.425
-110.543 -1.44
-110.582 -1.455
-110.621 -1.47
-110.66 -1.485
-110.699 -1.5
-110.738 -1.515
-110.776 -1.53
-110.815 -1.545
-110.854 -1.56
-110.893 -1.575
-110.932 -1.59
-110.971 -1.605
-111.01 -1.62
-111.049 -1.635
-111.088 -1.65
-111.127 -1.665
-111.166 -1.68
-111.205 -1.695
-111.244 -1.71
-111.283 -1.725
-111.322 -1.74
-111.361 -1.755
-111.4 -1.77
-111.439 -1.785
-111.478 -1.8
-111.517 -1.815
-108.302 -1.8
-105.087 -1.785
-101.873 -1.77
-98.658 -1.755
-95.4434 -1.74
-92.2287 -1.725
-89.7945 -1.71
-88.0898 -1.695
-86.3851 -1.68
-84.6805 -1.665
-82.9758 -1.65
-81.2711 -1.635
-79.5664 -1.62
-77.8617 -1.605
-76.157 -1.59
-74.4523 -1.575
-72.7476 -1.56
-71.0429 -1.545
-69.3382 -1.53
-67.6335 -1.515
-65.9289 -1.5
-64.2242 -1.485
-62.5195 -1.47
-60.8148 -1.455
-59.1101 -1.44
-57.4054 -1.425
-55.7007 -1.41
-53.996 -1.395
-52.2913 -1.38
-50.5866 -1.365
-48.882 -1.35
-47.1773 -1.335
-45.4726 -1.32
-43.7679 -1.305
-42.0632 -1.29
-40.3585 -1.275
-38.6538 -1.26
-36.9491 -1.245
-35.2444 -1.23
-33.5397 -1.215
-31.835 -1.2
-30.1304 -1.185
-28.4257 -1.17
-26.721 -1.155
-25.0163 -1.14
-23.3116 -1.125
-21.6069 -1.11
-19.9022 -1.095
-18.1975 -1.08
-16.4928 -1.065
-14.7881 -1.05
-13.0834 -1.035
-11.3788 -1.02
-9.67407 -1.005
-7.96938 -0.99
-6.26469 -0.975
-4.56 -0.96
-2.8553 -0.945
-1.15061 -0.93
0.318819 -0.915
1.48264 -0.9
2.64523 -0.885
3.80844 -0.87
4.97164 -0.855
6.13485 -0.84
7.29805 -0.825
8.46126 -0.81
9.62446 -0.795
10.7877 -0.78
11.9509 -0.765
13.1141 -0.75
14.2773 -0.735
15.4405 -0.72
16.6037 -0.705
17.7669 -0.69
18.9301 -0.675
20.0933 -0.66
21.2565 -0.645
22.4197 -0.63
23.5829 -0.615
24.7461 -0.6
25.9093 -0.585
27.0726 -0.57
28.2358 -0.555
29.399 -0.54
30.5622 -0.525
31.7254 -0.51
32.8886 -0.495
34.0518 -0.48
35.215 -0.465
36.3782 -0.45
37.5414 -0.435
38.7046 -0.42
39.8678 -0.405
41.031 -0.39
42.1942 -0.375
43.3574 -0.36
44.5206 -0.345
45.6838 -0.33
46.847 -0.315
48.0103 -0.3
49.1735 -0.285
50.3367 -0.27
51.4999 -0.255
52.6631 -0.24
53.8263 -0.225
54.9895 -0.21
56.1527 -0.195
57.3159 -0.18
58.4791 -0.165
59.6423 -0.15
60.8055 -0.135
61.9687 -0.12
63.1319 -0.105
64.2449 -0.09
64.6626 -0.075
65.0803 -0.06
65.498 -0.045
65.9157 -0.03
66.3334 -0.015
66.7511 3.747e-16
67.1323 0.015
67.4104 0.03
67.6885 0.045
67.9667 0.06
68.2448 0.075
68.5229 0.09
68.801 0.105
69.0792 0.12
69.3573 0.135
69.6354 0.15
69.9135 0.165
70.1916 0.18
70.4698 0.195
70.7479 0.21
71.026 0.225
71.3041 0.24
71.5822 0.255
71.8604 0.27
72.1385 0.285
72.4166 0.3
72.6947 0.315
72.9729 0.33
73.251 0.345
73.5291 0.36
73.8072 0.375
74.0853 0.39
74.3635 0.405
74.6416 0.42
74.9197 0.435
75.1978 0.45
75.476 0.465
75.7541 0.48
76.0322 0.495
76.3103 0.51
76.5884 0.525
76.8666 0.54
77.1447 0.555
77.4228 0.57
77.7009 0.585
77.9791 0.6
78.2572 0.615
78.5353 0.63
78.8134 0.645
79.0915 0.66
79.3697 0.675
79.6478 0.69
79.9259 0.705
80.204 0.72
80.4822 0.735
80.7603 0.75
81.0384 0.765
81.3165 0.78
81.5946 0.795
81.8728 0.81
82.1509 0.825
82.429 0.84
82.7071 0.855
82.9853 0.87
83.2634 0.885
83.5415 0.9
83.8196 0.915
84.0977 0.93
84.3759 0.945
84.654 0.96
84.9321 0.975
85.2102 0.99
85.4884 1.005
85.7665 1.02
86.0446 1.035
86.3227 1.05
86.6008 1.065
86.879 1.08
87.1571 1.095
87.4352 1.11
87.7133 1.125
87.9915 1.14
88.2696 1.155
88.5477 1.17
88.8258 1.185
89.1039 1.2
89.3821 1.215
89.6602 1.23
89.9383 1.245
90.2164 1.26
90.4946 1.275
90.7727 1.29
91.0508 1.305
91.3289 1.32
91.607 1.335
92.0193 1.35
92.6508 1.365
93.2823 1.38
93.9138 1.395
94.5453 1.41
95.1767 1.425
95.8082 1.44
96.4397 1.455
97.0712 1.47
97.7027 1.485
98.3342 1.5
98.9657 1.515
99.5971 1.53
100.229 1.545
100.86 1.56
101.492 1.575
102.123 1.59
102.755 1.605
103.386 1.62
104.018 1.635
104.649 1.65
105.281 1.665
105.912 1.68
106.543 1.695
107.175 1.71
107.806 1.725
108.438 1.74
109.069 1.755
109.701 1.77
110.332 1.785
110.964 1.8
111.516 1.815
108.301 1.8
105.087 1.785
101.872 1.77
98.6575 1.755
95.4428 1.74
92.2282 1.725
89.8067 1.71
88.102 1.695
86.3973 1.68
84.6926 1.665
82.9879 1.65
81.2832 1.635
79.5785 1.62
77.8739 1.605
76.1692 1.59
74.4645 1.575
72.7598 1.56
71.0551 1.545
69.3504 1.53
67.6457 1.515
65.941 1.5
64.2363 1.485
62.5316 1.47
60.8269 1.455
59.1223 1.44
57.4176 1.425
55.7129 1.41
54.0082 1.395
52.3035 1.38
50.5988 1.365
48.8941 1.35
47.1894 1.335
45.4847 1.32
43.78 1.305
42.0753 1.29
40.3707 1.275
38.666 1.26
36.9613 1.245
35.2566 1.23
33.5519 1.215
31.8472 1.2
30.1425 1.185
28.4378 1.17
26.7331 1.155
25.0284 1.14
23.3238 1.125
21.6191 1.11
19.9144 1.095
18.2097 1.08
16.505 1.065
14.8003 1.05
13.0956 1.035
11.3909 1.02
9.68623 1.005
7.98154 0.99
6.27685 0.975
4.57216 0.96
2.86747 0.945
1.16277 0.93
-0.310629 0.915
-1.47218 0.9
-2.63539 0.885
-3.79778 0.87
-4.96016 0.855
-6.12254 0.84
-7.28493 0.825
-8.44731 0.81
-9.60969 0.795
-10.7721 0.78
-11.9345 0.765
-13.0968 0.75
-14.2592 0.735
-15.4216 0.72
-16.584 0.705
-17.7464 0.69
-18.9088 0.675
-20.0711 0.66
-21.2335 0.645
-22.3959 0.63
-23.5583 0.615
-24.7207 0.6
-25.883 0.585
-27.0454 0.57
-28.2078 0.555
-29.3702 0.54
-30.5326 0.525
-31.695 0.51
-32.8573 0.495
-34.0197 0.48
-35.1821 0.465
-36.3445 0.45
-37.5069 0.435
-38.6693 0.42
-39.8316 0.405
-40.994 0.39
-42.1564 0.375
-43.3188 0.36
-44.4812 0.345
-45.6436 0.33
-46.8059 0.315
-47.9683 0.3
-49.1307 0.285
-50.2931 0.27
-51.4555 0.255
-52.6179 0.24
-53.7802 0.225
-54.9426 0.21
-56.105 0.195
-57.2674 0.18
-58.4298 0.165
-59.5921 0.15
-60.7545 0.135
-61.9169 0.12
-63.0793 0.105
-64.2258 0.09
-64.6434 0.075
-65.061 0.06
-65.4786 0.045
-65.8962 0.03
-66.3138 0.015
-66.7314 2.35922e-16
-67.1203 -0.015
-67.3982 -0.03
-67.6762 -0.045
-67.9542 -0.06
-68.2321 -0.075
-68.5101 -0.09
-68.788 -0.105
-69.066 -0.12
-69.3439 -0.135
-69.6219 -0.15
-69.8999 -0.165
-70.1778 -0.18
-70.4558 -0.195
-70.7337 -0.21
-71.0117 -0.225
-71.2896 -0.24
-71.5676 -0.255
-71.8456 -0.27
-72.1235 -0.285
-72.4015 -0.3
-72.6794 -0.315
-72.9574 -0.33
-73.2353 -0.345
-73.5133 -0.36
-73.7913 -0.375
-74.0692 -0.39
-74.3472 -0.405
-74.6251 -0.42
-74.9031 -0.435
-75.1811 -0.45
-75.459 -0.465
-75.737 -0.48
-76.0149 -0.495
-76.2929 -0.51
-76.5708 -0.525
-76.8488 -0.54
-77.1268 -0.555
-77.4047 -0.57
-77.6827 -0.585
-77.9606 -0.6
-78.2386 -0.615
-78.5165 -0.63
-78.7945 -0.645
-79.0725 -0.66
-79.3504 -0.675
-79.6284 -0.69
-79.9063 -0.705
-80.1843 -0.72
-80.4622 -0.735
-80.7402 -0.75
-81.0182 -0.765
-81.2961 -0.78
-81.5741 -0.795
-81.852 -0.81
-82.13 -0.825
-82.4079 -0.84
-82.6859 -0.855
-82.9639 -0.87
-83.2418 -0.885
-83.5198 -0.9
-83.7977 -0.915
-84.0757 -0.93
-84.3536 -0.945
-84.6316 -0.96
-84.9096 -0.975
-85.1875 -0.99
-85.4655 -1.005
-85.7434 -1.02
-86.0214 -1.035
-86.2993 -1.05
-86.5773 -1.065
-86.8553 -1.08
-87.1332 -1.095
-87.4112 -1.11
-87.6891 -1.125
-87.9671 -1.14
-88.245 -1.155
-88.523 -1.17
-88.801 -1.185
-89.0789 -1.2
-89.3569 -1.215
-89.6348 -1.23
-89.9128 -1.245
-90.1908 -1.26
-90.4687 -1.275
-90.7467 -1.29
-91.0246 -1.305
-91.3026 -1.32
-91.5805 -1.335
-91.9697 -1.35
-92.6002 -1.365
-93.2308 -1.38
-93.8613 -1.395
-94.4919 -1.41
-95.1224 -1.425
-95.753 -1.44
-96.3835 -1.455
-97.0141 -1.47
-97.6447 -1.485
-98.2752 -1.5
-98.9058 -1.515
-99.5363 -1.53
-100.167 -1.545
-100.797 -1.56
-101.428 -1.575
-102.059 -1.59
-102.689 -1.605
-103.32 -1.62
-103.95 -1.635
-104.581 -1.65
-105.211 -1.665
-105.842 -1.68
-106.472 -1.695
-107.103 -1.71
-107.734 -1.725
-108.364 -1.74
-108.995 -1.755
-109.625 -1.77
-110.256 -1.785
-110.886 -1.8
-111.517 -1.815
-108.302 -1.8
-105.087 -1.785
-101.873 -1.77
-98.658 -1.755
-95.4434 -1.74
-92.2287 -1.725
-89.8026 -1.71
-88.0979 -1.695
-86.3932 -1.68
-84.6885 -1.665
-82.9838 -1.65
-81.2791 -1.635
-79.5744 -1.62
-77.8697 -1.605
-76.165 -1.59
-74.4604 -1.575
-72.7557 -1.56
-71.051 -1.545
-69.3463 -1.53
-67.6416 -1.515
-65.9369 -1.5
-64.2322 -1.485
-62.5275 -1.47
-60.8228 -1.455
-59.1181 -1.44
-57.4135 -1.425
-55.7088 -1.41
-54.0041 -1.395
-52.2994 -1.38
-50.5947 -1.365
-48.89 -1.35
-47.1853 -1.335
-45.4806 -1.32
-43.7759 -1.305
-42.0712 -1.29
-40.3665 -1.275
-38.6619 -1.26
-36.9572 -1.245
-35.2525 -1.23
-33.5478 -1.215
-31.8431 -1.2
-30.1384 -1.185
-28.4337 -1.17
-26.729 -1.155
-25.0243 -1.14
-23.3196 -1.125
-21.6149 -1.11
-19.9103 -1.095
-18.2056 -1.08
-16.5009 -1.065
-14.7962 -1.05
-13.0915 -1.035
-11.3868 -1.02
-9.68211 -1.005
-7.97742 -0.99
-6.27273 -0.975
-4.56804 -0.96
-2.86335 -0.945
-1.15866 -0.93
0.313373 -0.915
1.47649 -0.9
2.63827 -0.885
3.80072 -0.87
4.96316 -0.855
6.12561 -0.84
7.28806 -0.825
8.45051 -0.81
9.61296 -0.795
10.7754 -0.78
11.9379 -0.765
13.1003 -0.75
14.2627 -0.735
15.4252 -0.72
16.5876 -0.705
17.7501 -0.69
18.9125 -0.675
20.075 -0.66
21.2374 -0.645
22.3999 -0.63
23.5623 -0.615
24.7248 -0.6
25.8872 -0.585
27.0497 -0.57
28.2121 -0.555
29.3746 -0.54
30.537 -0.525
31.6995 -0.51
32.8619 -0.495
34.0244 -0.48
35.1868 -0.465
36.3493 -0.45
37.5117 -0.435
38.6742 -0.42
39.8366 -0.405
40.9991 -0.39
42.1615 -0.375
43.3239 -0.36
44.4864 -0.345
45.6488 -0.33
46.8113 -0.315
47.9737 -0.3
49.1362 -0.285
50.2986 -0.27
51.4611 -0.255
52.6235 -0.24
53.786 -0.225
54.9484 -0.21
56.1109 -0.195
57.2733 -0.18
58.4358 -0.165
59.5982 -0.15
60.7607 -0.135
61.9231 -0.12
63.0856 -0.105
64.228 -0.09
64.6456 -0.075
65.0632 -0.06
65.4808 -0.045
65.8984 -0.03
66.316 -0.015
66.7336 4.30211e-16
67.1216 0.015
67.3996 0.03
67.6775 0.045
67.9555 0.06
68.2335 0.075
68.5115 0.09
68.7894 0.105
69.0674 0.12
69.3454 0.135
69.6233 0.15
69.9013 0.165
70.1793 0.18
70.4572 0.195
70.7352 0.21
71.0132 0.225
71.2912 0.24
71.5691 0.255
71.8471 0.27
72.1251 0.285
72.403 0.3
72.681 0.315
72.959 0.33
73.237 0.345
73.5149 0.36
73.7929 0.375
74.0709 0.39
74.3488 0.405
74.6268 0.42
74.9048 0.435
75.1827 0.45
75.4607 0.465
75.7387 0.48
76.0167 0.495
76.2946 0.51
76.5726 0.525
76.8506 0.54
77.1285 0.555
77.4065 0.57
77.6845 0.585
77.9624 0.6
78.2404 0.615
78.5184 0.63
78.7964 0.645
79.0743 0.66
79.3523 0.675
79.6303 0.69
79.9082 0.705
80.1862 0.72
80.4642 0.735
80.7422 0.75
81.0201 0.765
81.2981 0.78
81.5761 0.795
81.854 0.81
82.132 0.825
82.41 0.84
82.6879 0.855
82.9659 0.87
83.2439 0.885
83.5219 0.9
83.7998 0.915
84.0778 0.93
84.3558 0.945
84.6337 0.96
84.9117 0.975
85.1897 0.99
85.4677 1.005
85.7456 1.02
86.0236 1.035
86.3016 1.05
86.5795 1.065
86.8575 1.08
87.1355 1.095
87.4134 1.11
87.6914 1.125
87.9694 1.14
88.2474 1.155
88.5253 1.17
88.8033 1.185
89.0813 1.2
89.3592 1.215
89.6372 1.23
89.9152 1.245
90.1932 1.26
90.4711 1.275
90.7491 1.29
91.0271 1.305
91.305 1.32
91.583 1.335
91.9642 1.35
92.5949 1.365
93.2256 1.38
93.8563 1.395
94.487 1.41
95.1178 1.425
95.7485 1.44
96.3792 1.455
97.0099 1.47
97.6406 1.485
98.2713 1.5
98.902 1.515
99.5327 1.53
100.163 1.545
100.794 1.56
101.425 1.575
102.056 1.59
102.686 1.605
103.317 1.62
103.948 1.635
104.578 1.65
105.209 1.665
105.84 1.68
106.47 1.695
107.101 1.71
107.732 1.725
108.363 1.74
108.993 1.755
109.624 1.77
110.255 1.785
110.885 1.8
111.516 1.815
108.301 1.8
105.087 1.785
101.872 1.77
98.6575 1.755
95.4428 1.74
92.2282 1.725
89.8067 1.71
88.102 1.695
86.3973 1.68
84.6926 1.665
82.9879 1.65
81.2833 1.635
79.5786 1.62
77.8739 1.605
76.1692 1.59
74.4645 1.575
72.7598 1.56
71.0551 1.545
69.3504 1.53
67.6457 1.515
65.941 1.5
64.2363 1.485
62.5317 1.47
60.827 1.455
59.1223 1.44
57.4176 1.425
55.7129 1.41
54.0082 1.395
52.3035 1.38
50.5988 1.365
48.8941 1.35
47.1894 1.335
45.4847 1.32
43.7801 1.305
42.0754 1.29
40.3707 1.275
38.666 1.26
36.9613 1.245
35.2566 1.23
33.5519 1.215
31.8472 1.2
30.1425 1.185
28.4378 1.17
26.7332 1.155
25.0285 1.14
23.3238 1.125
21.6191 1.11
19.9144 1.095
18.2097 1.08
16.505 1.065
14.8003 1.05
13.0956 1.035
11.3909 1.02
9.68625 1.005
7.98156 0.99
6.27686 0.975
4.57217 0.96
2.86748 0.945
1.16279 0.93
-0.310617 0.915
-1.47217 0.9
-2.63538 0.885
-3.79776 0.87
-4.96014 0.855
-6.12252 0.84
-7.2849 0.825
-8.44728 0.81
-9.60966 0.795
-10.772 0.78
-11.9344 0.765
-13.0968 0.75
-14.2592 0.735
-15.4216 0.72
-16.584 0.705
-17.7463 0.69
-18.9087 0.675
-20.0711 0.66
-21.2335 0.645
-22.3959 0.63
-23.5582 0.615
-24.7206 0.6
-25.883 0.585
-27.0454 0.57
-28.2078 0.555
-29.3701 0.54
-30.5325 0.525
-31.6949 0.51
-32.8573 0.495
-34.0197 0.48
-35.182 0.465
-36.3444 0.45
-37.5068 0.435
-38.6692 0.42
-39.8316 0.405
-40.994 0.39
-42.1563 0.375
-43.3187 0.36
-44.4811 0.345
-45.6435 0.33
-46.8059 0.315
-47.9682 0.3
-49.1306 0.285
-50.293 0.27
-51.4554 0.255
-52.6178 0.24
-53.7801 0.225
-54.9425 0.21
-56.1049 0.195
-57.2673 0.18
-58.4297 0.165
-59.592 0.15
-60.7544 0.135
-61.9168 0.12
-63.0792 0.105
-64.2257 0.09
-64.6433 0.075
-65.0609 0.06
-65.4786 0.045
-65.8962 0.03
-66.3138 0.015
-66.7314 2.91434e-16
-67.1203 -0.015
-67.3982 -0.03
-67.6762 -0.045
-67.9541 -0.06
-68.2321 -0.075
-68.51 -0.09
-68.788 -0.105
-69.066 -0.12
-69.3439 -0.135
-69.6219 -0.15
-69.8998 -0.165
-70.1778 -0.18
-70.4557 -0.195
-70.7337 -0.21
-71.0117 -0.225
-71.2896 -0.24
-71.5676 -0.255
-71.8455 -0.27
-72.1235 -0.285
-72.4014 -0.3
-72.6794 -0.315
-72.9574 -0.33
-73.2353 -0.345
-73.5133 -0.36
-73.7912 -0.375
-74.0692 -0.39
-74.3471 -0.405
-74.6251 -0.42
-74.9031 -0.435
-75.181 -0.45
-75.459 -0.465
-75.7369 -0.48
-76.0149 -0.495
-76.2928 -0.51
-76.5708 -0.525
-76.8488 -0.54
-77.1267 -0.555
-77.4047 -0.57
-77.6826 -0.585
-77.9606 -0.6
-78.2385 -0.615
-78.5165 -0.63
-78.7945 -0.645
-79.0724 -0.66
-79.3504 -0.675
-79.6283 -0.69
-79.9063 -0.705
-80.1842 -0.72
-80.4622 -0.735
-80.7402 -0.75
-81.0181 -0.765
-81.2961 -0.78
-81.574 -0.795
-81.852 -0.81
-82.1299 -0.825
-82.4079 -0.84
-82.6859 -0.855
-82.9638 -0.87
-83.2418 -0.885
-83.5197 -0.9
-83.7977 -0.915
-84.0756 -0.93
-84.3536 -0.945
-84.6316 -0.96
-84.9095 -0.975
-85.1875 -0.99
-85.4654 -1.005
-85.7434 -1.02
-86.0213 -1.035
-86.2993 -1.05
-86.5773 -1.065
-86.8552 -1.08
-87.1332 -1.095
-87.4111 -1.11
-87.6891 -1.125
-87.967 -1.14
-88.245 -1.155
-88.523 -1.17
-88.8009 -1.185
-89.0789 -1.2
-89.3568 -1.215
-89.6348 -1.23
-89.9127 -1.245
-90.1907 -1.26
-90.4687 -1.275
-90.7466 -1.29
-91.0246 -1.305
-91.3025 -1.32
-91.5805 -1.335
-91.9695 -1.35
-92.6001 -1.365
-93.2306 -1.38
-93.8612 -1.395
-94.4917 -1.41
-95.1223 -1.425
-95.7529 -1.44
-96.3834 -1.455
-97.014 -1.47
-97.6445 -1.485
-98.2751 -1.5
-98.9056 -1.515
-99.5362 -1.53
-100.167 -1.545
-100.797 -1.56
-101.428 -1.575
-102.058 -1.59
-102.689 -1.605
-103.319 -1.62
-103.95 -1.635
-104.581 -1.65
-105.211 -1.665
-105.842 -1.68
-106.472 -1.695
-107.103 -1.71
-107.733 -1.725
-108.364 -1.74
-108.994 -1.755
-109.625 -1.77
-110.256 -1.785
-110.886 -1.8
-111.517 -1.815
-108.302 -1.8
-105.087 -1.785
-101.873 -1.77
-98.658 -1.755
-95.4434 -1.74
-92.2287 -1.725
-89.8026 -1.71
-88.0979 -1.695
-86.3932 -1.68
-84.6885 -1.665
-82.9838 -1.65
-81.2791 -1.635
-79.5744 -1.62
-77.8697 -1.605
-76.165 -1.59
-74.4604 -1.575
-72.7557 -1.56
-71.051 -1.545
-69.3463 -1.53
-67.6416 -1.515
-65.9369 -1.5
-64.2322 -1.485
-62.5275 -1.47
-60.8228 -1.455
-59.1181 -1.44
-57.4135 -1.425
-55.7088 -1.41
-54.0041 -1.395
-52.2994 -1.38
-50.5947 -1.365
-48.89 -1.35
-47.1853 -1.335
-45.4806 -1.32
-43.7759 -1.305
-42.0712 -1.29
-40.3665 -1.275
-38.6619 -1.26
-36.9572 -1.245
-35.2525 -1.23
-33.5478 -1.215
-31.8431 -1.2
-30.1384 -1.185
-28.4337 -1.17
-26.729 -1.155
-25.0243 -1.14
-23.3196 -1.125
-21.6149 -1.11
-19.9103 -1.095
-18.2056 -1.08
-16.5009 -1.065
-14.7962 -1.05
-13.0915 -1.035
-11.3868 -1.02
-9.68211 -1.005
-7.97742 -0.99
-6.27273 -0.975
-4.56804 -0.96
-2.86335 -0.945
-1.15866 -0.93
0.313373 -0.915
1.47649 -0.9
2.63827 -0.885
3.80072 -0.87
4.96316 -0.855
6.12561 -0.84
7.28806 -0.825
8.45051 -0.81
9.61296 -0.795
10.7754 -0.78
11.9379 -0.765
13.1003 -0.75
14.2627 -0.735
15.4252 -0.72
16.5876 -0.705
17.7501 -0.69
18.9125 -0.675
20.075 -0.66
21.2374 -0.645
22.3999 -0.63
23.5623 -0.615
24.7248 -0.6
25.8872 -0.585
27.0497 -0.57
28.2121 -0.555
29.3746 -0.54
30.537 -0.525
31.6995 -0.51
32.8619 -0.495
34.0244 -0.48
35.1868 -0.465
36.3493 -0.45
37.5117 -0.435
38.6742 -0.42
39.8366 -0.405
40.9991 -0.39
42.1615 -0.375
43.3239 -0.36
44.4864 -0.345
45.6488 -0.33
46.8113 -0.315
47.9737 -0.3
49.1362 -0.285
50.2986 -0.27
51.4611 -0.255
52.6235 -0.24
53.786 -0.225
54.9484 -0.21
56.1109 -0.195
57.2733 -0.18
58.4358 -0.165
59.5982 -0.15
60.7607 -0.135
61.9231 -0.12
63.0856 -0.105
64.228 -0.09
64.6456 -0.075
65.0632 -0.06
65.4808 -0.045
65.8984 -0.03
66.316 -0.015
66.7336 4.30211e-16
67.1216 0.015
67.3996 0.03
67.6775 0.045
67.9555 0.06
68.2335 0.075
68.5115 0.09
68.7894 0.105
69.0674 0.12
69.3454 0.135
69.6233 0.15
69.9013 0.165
70.1793 0.18
70.4572 0.195
70.7352 0.21
71.0132 0.225
71.2912 0.24
71.5691 0.255
71.8471 0.27
72.1251 0.285
72.403 0.3
72.681 0.315
72.959 0.33
73.237 0.345
73.5149 0.36
73.7929 0.375
74.0709 0.39
74.3488 0.405
74.6268 0.42
74.9048 0.435
75.1827 0.45
75.4607 0.465
75.7387 0.48
76.0167 0.495
76.2946 0.51
76.5726 0.525
76.8506 0.54
77.1285 0.555
77.4065 0.57
77.6845 0.585
77.9624 0.6
78.2404 0.615
78.5184 0.63
78.7964 0.645
79.0743 0.66
79.3523 0.675
79.6303 0.69
79.9082 0.705
80.1862 0.72
80.4642 0.735
80.7422 0.75
81.0201 0.765
81.2981 0.78
81.5761 0.795
81.854 0.81
82.132 0.825
82.41 0.84
82.6879 0.855
82.9659 0.87
83.2439 0.885
83.5219 0.9
83.7998 0.915
84.0778 0.93
84.3558 0.945
84.6337 0.96
84.9117 0.975
85.1897 0.99
85.4677 1.005
85.7456 1.02
86.0236 1.035
86.3016 1.05
86.5795 1.065
86.8575 1.08
87.1355 1.095
87.4134 1.11
87.6914 1.125
87.9694 1.14
88.2474 1.155
88.5253 1.17
88.8033 1.185
89.0813 1.2
89.3592 1.215
89.6372 1.23
89.9152 1.245
90.1932 1.26
90.4711 1.275
90.7491 1.29
91.0271 1.305
91.305 1.32
91.583 1.335
91.9642 1.35
92.5949 1.365
93.2256 1.38
93.8563 1.395
94.487 1.41
95.1178 1.425
95.7485 1.44
96.3792 1.455
97.0099 1.47
97.6406 1.485
98.2713 1.5
98.902 1.515
99.5327 1.53
100.163 1.545
100.794 1.56
101.425 1.575
102.056 1.59
102.686 1.605
103.317 1.62
103.948 1.635
104.578 1.65
105.209 1.665
105.84 1.68
106.47 1.695
107.101 1.71
107.732 1.725
108.363 1.74
108.993 1.755
109.624 1.77
110.255 1.785
110.885 1.8
111.516 1.815
111.555 1.83
111.594 1.845
111.633 1.86
111.672 1.875
111.711 1.89
111.75 1.905
111.789 1.92
111.828 1.935
111.867 1.95
111.906 1.965
111.945 1.98
111.984 1.995
112.023 2.01
112.062 2.025
112.1 2.04
112.139 2.055
112.178 2.07
112.217 2.085
112.256 2.1
112.295 2.115
112.334 2.13
112.373 2.145
112.412 2.16
112.451 2.175
112.49 2.19
112.529 2.205
112.568 2.22
112.607 2.235
112.646 2.25
112.685 2.265
112.724 2.28
112.763 2.295
112.802 2.31
112.841 2.325
112.88 2.34
112.919 2.355
112.958 2.37
112.997 2.385
113.035 2.4
113.074 2.415
109.86 2.4
106.645 2.385
103.43 2.37
100.216 2.355
97.0012 2.34
93.7865 2.325
90.5815 2.31
88.8888 2.295
87.1837 2.28
85.479 2.265
83.7743 2.25
82.0697 2.235
80.365 2.22
78.6603 2.205
76.9556 2.19
75.2509 2.175
73.5462 2.16
71.8415 2.145
70.1368 2.13
68.4321 2.115
66.7274 2.1
65.0227 2.085
63.3181 2.07
61.6134 2.055
59.9087 2.04
58.204 2.025
56.4993 2.01
54.7946 1.995
53.0899 1.98
51.3852 1.965
49.6805 1.95
47.9758 1.935
46.2712 1.92
44.5665 1.905
42.8618 1.89
41.1571 1.875
39.4524 1.86
37.7477 1.845
36.043 1.83
34.3383 1.815
32.6336 1.8
30.9289 1.785
29.2242 1.77
27.5196 1.755
25.8149 1.74
24.1102 1.725
22.4055 1.71
20.7008 1.695
18.9961 1.68
17.2914 1.665
15.5867 1.65
13.882 1.635
12.1773 1.62
10.4726 1.605
8.76796 1.59
7.06327 1.575
5.35858 1.56
3.65389 1.545
1.9492 1.53
0.299325 1.515
-0.704806 1.5
-1.66274 1.485
-2.62067 1.47
-3.5786 1.455
-4.53653 1.44
-5.49446 1.425
-6.45239 1.41
-7.41032 1.395
-8.36825 1.38
-9.32618 1.365
-10.2841 1.35
-11.242 1.335
-12.2 1.32
-13.1579 1.305
-14.1158 1.29
-15.0738 1.275
-16.0317 1.26
-16.9896 1.245
-17.9475 1.23
-18.9055 1.215
-19.8634 1.2
-20.8213 1.185
-21.7793 1.17
-22.7372 1.155
-23.6951 1.14
-24.6531 1.125
-25.611 1.11
-26.5689 1.095
-27.5268 1.08
-28.4848 1.065
-29.4427 1.05
-30.4006 1.035
-31.3586 1.02
-32.3165 1.005
-33.2744 0.99
-34.2324 0.975
-35.1903 0.96
-36.1482 0.945
-37.1061 0.93
-38.0641 0.915
-39.022 0.9
-39.9799 0.885
-40.9379 0.87
-41.8958 0.855
-42.8537 0.84
-43.8117 0.825
-44.7696 0.81
-45.7275 0.795
-46.6854 0.78
-47.6434 0.765
-48.6013 0.75
-49.5592 0.735
-50.5172 0.72
-51.4751 0.705
-52.433 0.69
-53.391 0.675
-54.3489 0.66
-55.3068 0.645
-56.2647 0.63
-57.2227 0.615
-58.1806 0.6
-59.1385 0.585
-60.0965 0.57
-61.0544 0.555
-62.0123 0.54
-62.9703 0.525
-63.9282 0.51
-64.4469 0.495
-64.7762 0.48
-65.1055 0.465
-65.4347 0.45
-65.764 0.435
-66.0933 0.42
-66.4226 0.405
-66.7519 0.39
-67.076 0.375
-67.3118 0.36
-67.5477 0.345
-67.7835 0.33
-68.0193 0.315
-68.2552 0.3
-68.491 0.285
-68.7268 0.27
-68.9626 0.255
-69.1985 0.24
-69.4343 0.225
-69.6701 0.21
-69.906 0.195
-70.1418 0.18
-70.3776 0.165
-70.6135 0.15
-70.8493 0.135
-71.0851 0.12
-71.321 0.105
-71.5568 0.09
-71.7926 0.075
-72.0284 0.06
-72.2643 0.045
-72.5001 0.03
-72.7359 0.015
-72.9718 2.35922e-16
-73.2076 -0.015
-73.4434 -0.03
-73.6793 -0.045
-73.9151 -0.06
-74.1509 -0.075
-74.3868 -0.09
-74.6226 -0.105
-74.8584 -0.12
-75.0942 -0.135
-75.3301 -0.15
-75.5659 -0.165
-75.8017 -0.18
-76.0376 -0.195
-76.2734 -0.21
-76.5092 -0.225
-76.7451 -0.24
-76.9809 -0.255
-77.2167 -0.27
-77.4526 -0.285
-77.6884 -0.3
-77.9242 -0.315
-78.16 -0.33
-78.3959 -0.345
-78.6317 -0.36
-78.8675 -0.375
-79.1034 -0.39
-79.3392 -0.405
-79.575 -0.42
-79.8109 -0.435
-80.0467 -0.45
-80.2825 -0.465
-80.5184 -0.48
-80.7542 -0.495
-80.99 -0.51
-81.2258 -0.525
-81.4617 -0.54
-81.6975 -0.555
-81.9333 -0.57
-82.1692 -0.585
-82.405 -0.6
-82.6408 -0.615
-82.8767 -0.63
-83.1125 -0.645
-83.3483 -0.66
-83.5842 -0.675
-83.82 -0.69
-84.0558 -0.705
-84.2916 -0.72
-84.5275 -0.735
-84.7633 -0.75
-84.9991 -0.765
-85.235 -0.78
-85.4708 -0.795
-85.7066 -0.81
-85.9425 -0.825
-86.1783 -0.84
-86.4141 -0.855
-86.65 -0.87
-86.8858 -0.885
-87.1216 -0.9
-87.3574 -0.915
-87.5933 -0.93
-87.8291 -0.945
-88.0649 -0.96
-88.3008 -0.975
-88.5366 -0.99
-88.7724 -1.005
-89.0083 -1.02
-89.2441 -1.035
-89.4799 -1.05
-89.7158 -1.065
-89.9516 -1.08
-90.1874 -1.095
-90.4232 -1.11
-90.6591 -1.125
-90.8949 -1.14
-91.1307 -1.155
-91.3666 -1.17
-91.6024 -1.185
-91.8382 -1.2
-92.0741 -1.215
-92.3099 -1.23
-92.5457 -1.245
-92.7816 -1.26
-93.0174 -1.275
-93.2532 -1.29
-93.489 -1.305
-93.7249 -1.32
-93.9607 -1.335
-94.1965 -1.35
-94.4324 -1.365
-94.6682 -1.38
-94.904 -1.395
-95.1399 -1.41
-95.3757 -1.425
-95.8011 -1.44
-96.4314 -1.455
-97.0618 -1.47
-97.6922 -1.485
-98.3226 -1.5
-98.953 -1.515
-99.5833 -1.53
-100.214 -1.545
-100.844 -1.56
-101.474 -1.575
-102.105 -1.59
-102.735 -1.605
-103.366 -1.62
-103.996 -1.635
-104.626 -1.65
-105.257 -1.665
-105.887 -1.68
-106.518 -1.695
-107.148 -1.71
-107.778 -1.725
-108.409 -1.74
-109.039 -1.755
-109.669 -1.77
-110.3 -1.785
-110.93 -1.8
-111.519 -1.815
-111.558 -1.83
-111.597 -1.845
-111.636 -1.86
-111.675 -1.875
-111.714 -1.89
-111.753 -1.905
-111.792 -1.92
-111.831 -1.935
-111.87 -1.95
-111.909 -1.965
-111.948 -1.98
-111.987 -1.995
-112.026 -2.01
-112.065 -2.025
-112.104 -2.04
-112.143 -2.055
-112.182 -2.07
-112.221 -2.085
-112.26 -2.1
-112.299 -2.115
-112.338 -2.13
-112.376 -2.145
-112.415 -2.16
-112.454 -2.175
-112.493 -2.19
-112.532 -2.205
-112.571 -2.22
-112.61 -2.235
-112.649 -2.25
-112.688 -2.265
-112.727 -2.28
-112.766 -2.295
-112.805 -2.31
-112.844 -2.325
-112.883 -2.34
-112.922 -2.355
-112.961 -2.37
-113 -2.385
-113.039 -2.4
-113.078 -2.415
-109.863 -2.4
-106.648 -2.385
-103.434 -2.37
-100.219 -2.355
-97.0044 -2.34
-94.1219 -2.325
-92.4173 -2.31
-90.7126 -2.295
-89.0079 -2.28
-87.3032 -2.265
-85.5985 -2.25
-83.8938 -2.235
-82.1891 -2.22
-80.4844 -2.205
-78.7797 -2.19
-77.075 -2.175
-75.3704 -2.16
-73.6657 -2.145
-71.961 -2.13
-70.2563 -2.115
-68.5516 -2.1
-66.8469 -2.085
-65.1422 -2.07
-63.4375 -2.055
-61.7328 -2.04
-60.0281 -2.025
-58.3234 -2.01
-56.6188 -1.995
-54.9141 -1.98
-53.2094 -1.965
-51.5047 -1.95
-49.8 -1.935
-48.0953 -1.92
-46.3906 -1.905
-44.6859 -1.89
-42.9812 -1.875
-41.2765 -1.86
-39.5718 -1.845
-37.8672 -1.83
-36.1625 -1.815
-34.4578 -1.8
-32.7531 -1.785
-31.0484 -1.77
-29.3437 -1.755
-27.639 -1.74
-25.9343 -1.725
-24.2296 -1.71
-22.5249 -1.695
-20.8203 -1.68
-19.1156 -1.665
-17.4109 -1.65
-15.7062 -1.635
-14.0015 -1.62
-12.2968 -1.605
-10.5921 -1.59
-8.88742 -1.575
-7.18273 -1.56
-5.47804 -1.545
-3.77334 -1.53
-2.06865 -1.515
-0.371337 -1.5
0.602297 -1.485
1.42832 -1.47
2.25434 -1.455
3.08036 -1.44
3.90638 -1.425
4.7324 -1.41
5.55842 -1.395
6.38444 -1.38
7.21046 -1.365
8.03648 -1.35
8.8625 -1.335
9.68852 -1.32
10.5145 -1.305
11.3406 -1.29
12.1666 -1.275
12.9926 -1.26
13.8186 -1.245
14.6446 -1.23
15.4707 -1.215
16.2967 -1.2
17.1227 -1.185
17.9487 -1.17
18.7747 -1.155
19.6008 -1.14
20.4268 -1.125
21.2528 -1.11
22.0788 -1.095
22.9048 -1.08
23.7309 -1.065
24.5569 -1.05
25.3829 -1.035
26.2089 -1.02
27.0349 -1.005
27.861 -0.99
28.687 -0.975
29.513 -0.96
30.339 -0.945
31.165 -0.93
31.9911 -0.915
32.8171 -0.9
33.6431 -0.885
34.4691 -0.87
35.2951 -0.855
36.1212 -0.84
36.9472 -0.825
37.7732 -0.81
38.5992 -0.795
39.4252 -0.78
40.2513 -0.765
41.0773 -0.75
41.9033 -0.735
42.7293 -0.72
43.5553 -0.705
44.3814 -0.69
45.2074 -0.675
46.0334 -0.66
46.8594 -0.645
47.6854 -0.63
48.5115 -0.615
49.3375 -0.6
50.1635 -0.585
50.9895 -0.57
51.8155 -0.555
52.6416 -0.54
53.4676 -0.525
54.2936 -0.51
55.1196 -0.495
55.9456 -0.48
56.7717 -0.465
57.5977 -0.45
58.4237 -0.435
59.2497 -0.42
60.0757 -0.405
60.9018 -0.39
61.7278 -0.375
62.5538 -0.36
63.3798 -0.345
64.2058 -0.33
64.5247 -0.315
64.8368 -0.3
65.1488 -0.285
65.4609 -0.27
65.7729 -0.255
66.085 -0.24
66.397 -0.225
66.7091 -0.21
67.0211 -0.195
67.3332 -0.18
67.6453 -0.165
67.9573 -0.15
68.1782 -0.135
68.3855 -0.12
68.5928 -0.105
68.8001 -0.09
69.0074 -0.075
69.2147 -0.06
69.422 -0.045
69.6293 -0.03
69.8366 -0.015
70.0439 2.08167e-16
70.2512 0.015
70.4585 0.03
70.6658 0.045
70.8731 0.06
71.0804 0.075
71.2877 0.09
71.495 0.105
71.7024 0.12
71.9097 0.135
72.117 0.15
72.3243 0.165
72.5316 0.18
72.7389 0.195
72.9462 0.21
73.1535 0.225
73.3608 0.24
73.5681 0.255
73.7754 0.27
73.9827 0.285
74.19 0.3
74.3973 0.315
74.6046 0.33
74.8119 0.345
75.0192 0.36
75.2265 0.375
75.4339 0.39
75.6412 0.405
75.8485 0.42
76.0558 0.435
76.2631 0.45
76.4704 0.465
76.6777 0.48
76.885 0.495
77.0923 0.51
77.2996 0.525
77.5069 0.54
77.7142 0.555
77.9215 0.57
78.1288 0.585
78.3361 0.6
78.5434 0.615
78.7507 0.63
78.958 0.645
79.1653 0.66
79.3727 0.675
79.58 0.69
79.7873 0.705
79.9946 0.72
80.2019 0.735
80.4092 0.75
80.6165 0.765
80.8238 0.78
81.0311 0.795
81.2384 0.81
81.4457 0.825
81.653 0.84
81.8603 0.855
82.0676 0.87
82.2749 0.885
82.4822 0.9
82.6895 0.915
82.8968 0.93
83.1041 0.945
83.3115 0.96
83.5188 0.975
83.7261 0.99
83.9334 1.005
84.1407 1.02
84.348 1.035
84.5553 1.05
84.7626 1.065
84.9699 1.08
85.1772 1.095
85.3845 1.11
85.5918 1.125
85.7991 1.14
86.0064 1.155
86.2137 1.17
86.421 1.185
86.6283 1.2
86.8356 1.215
87.0429 1.23
87.2503 1.245
87.4576 1.26
87.6649 1.275
87.8722 1.29
88.0795 1.305
88.2868 1.32
88.4941 1.335
88.7014 1.35
88.9087 1.365
89.116 1.38
89.3233 1.395
89.5306 1.41
89.7379 1.425
89.9452 1.44
90.1525 1.455
90.3598 1.47
90.5671 1.485
90.7744 1.5
90.9818 1.515
91.1891 1.53
91.3964 1.545
91.6037 1.56
91.811 1.575
92.0183 1.59
92.2256 1.605
92.4329 1.62
92.6402 1.635
92.8475 1.65
93.0548 1.665
93.2621 1.68
93.4694 1.695
93.6767 1.71
93.884 1.725
94.0913 1.74
94.2986 1.755
94.5059 1.77
94.7132 1.785
94.9206 1.8
95.1279 1.815
95.3352 1.83
95.5829 1.845
96.044 1.86
96.5052 1.875
96.9663 1.89
97.4275 1.905
97.8886 1.92
98.3498 1.935
98.8109 1.95
99.2721 1.965
99.7332 1.98
100.194 1.995
100.656 2.01
101.117 2.025
101.578 2.04
102.039 2.055
102.5 2.07
102.961 2.085
103.422 2.1
103.884 2.115
104.345 2.13
104.806 2.145
105.267 2.16
105.728 2.175
106.189 2.19
106.65 2.205
107.112 2.22
107.573 2.235
108.034 2.25
108.495 2.265
108.956 2.28
109.417 2.295
109.879 2.31
110.34 2.325
110.801 2.34
111.262 2.355
111.723 2.37
112.184 2.385
112.645 2.4
113.077 2.415
109.863 2.4
106.648 2.385
103.433 2.37
100.219 2.355
97.0039 2.34
94.1273 2.325
92.4226 2.31
90.7179 2.295
89.0132 2.28
87.3085 2.265
85.6038 2.25
83.8991 2.235
82.1944 2.22
80.4898 2.205
78.7851 2.19
77.0804 2.175
75.3757 2.16
73.671 2.145
71.9663 2.13
70.2616 2.115
68.5569 2.1
66.8522 2.085
65.1475 2.07
63.4429 2.055
61.7382 2.04
60.0335 2.025
58.3288 2.01
56.6241 1.995
54.9194 1.98
53.2147 1.965
51.51 1.95
49.8053 1.935
48.1006 1.92
46.3959 1.905
44.6913 1.89
42.9866 1.875
41.2819 1.86
39.5772 1.845
37.8725 1.83
36.1678 1.815
34.4631 1.8
32.7584 1.785
31.0537 1.77
29.349 1.755
27.6443 1.74
25.9397 1.725
24.235 1.71
22.5303 1.695
20.8256 1.68
19.1209 1.665
17.4162 1.65
15.7115 1.635
14.0068 1.62
12.3021 1.605
10.5974 1.59
8.89275 1.575
7.18806 1.56
5.48337 1.545
3.77868 1.53
2.07399 1.515
0.374549 1.5
-0.599694 1.485
-1.42548 1.47
-2.25127 1.455
-3.07706 1.44
-3.90285 1.425
-4.72864 1.41
-5.55443 1.395
-6.38022 1.38
-7.20601 1.365
-8.0318 1.35
-8.85759 1.335
-9.68338 1.32
-10.5092 1.305
-11.335 1.29
-12.1607 1.275
-12.9865 1.26
-13.8123 1.245
-14.6381 1.23
-15.4639 1.215
-16.2897 1.2
-17.1155 1.185
-17.9413 1.17
-18.7671 1.155
-19.5928 1.14
-20.4186 1.125
-21.2444 1.11
-22.0702 1.095
-22.896 1.08
-23.7218 1.065
-24.5476 1.05
-25.3734 1.035
-26.1992 1.02
-27.0249 1.005
-27.8507 0.99
-28.6765 0.975
-29.5023 0.96
-30.3281 0.945
-31.1539 0.93
-31.9797 0.915
-32.8055 0.9
-33.6313 0.885
-34.4571 0.87
-35.2828 0.855
-36.1086 0.84
-36.9344 0.825
-37.7602 0.81
-38.586 0.795
-39.4118 0.78
-40.2376 0.765
-41.0634 0.75
-41.8892 0.735
-42.7149 0.72
-43.5407 0.705
-44.3665 0.69
-45.1923 0.675
-46.0181 0.66
-46.8439 0.645
-47.6697 0.63
-48.4955 0.615
-49.3213 0.6
-50.147 0.585
-50.9728 0.57
-51.7986 0.555
-52.6244 0.54
-53.4502 0.525
-54.276 0.51
-55.1018 0.495
-55.9276 0.48
-56.7534 0.465
-57.5792 0.45
-58.4049 0.435
-59.2307 0.42
-60.0565 0.405
-60.8823 0.39
-61.7081 0.375
-62.5339 0.36
-63.3597 0.345
-64.1855 0.33
-64.517 0.315
-64.829 0.3
-65.1411 0.285
-65.4531 0.27
-65.7652 0.255
-66.0772 0.24
-66.3892 0.225
-66.7013 0.21
-67.0133 0.195
-67.3253 0.18
-67.6374 0.165
-67.9494 0.15
-68.1735 0.135
-68.3808 0.12
-68.588 0.105
-68.7953 0.09
-69.0025 0.075
-69.2098 0.06
-69.4171 0.045
-69.6243 0.03
-69.8316 0.015
-70.0388 3.19189e-16
-70.2461 -0.015
-70.4533 -0.03
-70.6606 -0.045
-70.8678 -0.06
-71.0751 -0.075
-71.2823 -0.09
-71.4896 -0.105
-71.6969 -0.12
-71.9041 -0.135
-72.1114 -0.15
-72.3186 -0.165
-72.5259 -0.18
-72.7331 -0.195
-72.9404 -0.21
-73.1476 -0.225
-73.3549 -0.24
-73.5621 -0.255
-73.7694 -0.27
-73.9767 -0.285
-74.1839 -0.3
-74.3912 -0.315
-74.5984 -0.33
-74.8057 -0.345
-75.0129 -0.36
-75.2202 -0.375
-75.4274 -0.39
-75.6347 -0.405
-75.8419 -0.42
-76.0492 -0.435
-76.2565 -0.45
-76.4637 -0.465
-76.671 -0.48
-76.8782 -0.495
-77.0855 -0.51
-77.2927 -0.525
-77.5 -0.54
-77.7072 -0.555
-77.9145 -0.57
-78.1217 -0.585
-78.329 -0.6
-78.5363 -0.615
-78.7435 -0.63
-78.9508 -0.645
-79.158 -0.66
-79.3653 -0.675
-79.5725 -0.69
-79.7798 -0.705
-79.987 -0.72
-80.1943 -0.735
-80.4015 -0.75
-80.6088 -0.765
-80.8161 -0.78
-81.0233 -0.795
-81.2306 -0.81
-81.4378 -0.825
-81.6451 -0.84
-81.8523 -0.855
-82.0596 -0.87
-82.2668 -0.885
-82.4741 -0.9
-82.6813 -0.915
-82.8886 -0.93
-83.0959 -0.945
-83.3031 -0.96
-83.5104 -0.975
-83.7176 -0.99
-83.9249 -1.005
-84.1321 -1.02
-84.3394 -1.035
-84.5466 -1.05
-84.7539 -1.065
-84.9611 -1.08
-85.1684 -1.095
-85.3757 -1.11
-85.5829 -1.125
-85.7902 -1.14
-85.9974 -1.155
-86.2047 -1.17
-86.4119 -1.185
-86.6192 -1.2
-86.8264 -1.215
-87.0337 -1.23
-87.2409 -1.245
-87.4482 -1.26
-87.6555 -1.275
-87.8627 -1.29
-88.07 -1.305
-88.2772 -1.32
-88.4845 -1.335
-88.6917 -1.35
-88.899 -1.365
-89.1062 -1.38
-89.3135 -1.395
-89.5207 -1.41
-89.728 -1.425
-89.9352 -1.44
-90.1425 -1.455
-90.3498 -1.47
-90.557 -1.485
-90.7643 -1.5
-90.9715 -1.515
-91.1788 -1.53
-91.386 -1.545
-91.5933 -1.56
-91.8005 -1.575
-92.0078 -1.59
-92.215 -1.605
-92.4223 -1.62
-92.6296 -1.635
-92.8368 -1.65
-93.0441 -1.665
-93.2513 -1.68
-93.4586 -1.695
-93.6658 -1.71
-93.8731 -1.725
-94.0803 -1.74
-94.2876 -1.755
-94.4948 -1.77
-94.7021 -1.785
-94.9094 -1.8
-95.1166 -1.815
-95.3239 -1.83
-95.5653 -1.845
-96.0262 -1.86
-96.487 -1.875
-96.9479 -1.89
-97.4087 -1.905
-97.8696 -1.92
-98.3305 -1.935
-98.7913 -1.95
-99.2522 -1.965
-99.713 -1.98
-100.174 -1.995
-100.635 -2.01
-101.096 -2.025
-101.556 -2.04
-102.017 -2.055
-102.478 -2.07
-102.939 -2.085
-103.4 -2.1
-103.861 -2.115
-104.322 -2.13
-104.782 -2.145
-105.243 -2.16
-105.704 -2.175
-106.165 -2.19
-106.626 -2.205
-107.087 -2.22
-107.548 -2.235
-108.008 -2.25
-108.469 -2.265
-108.93 -2.28
-109.391 -2.295
-109.852 -2.31
-110.313 -2.325
-110.773 -2.34
-111.234 -2.355
-111.695 -2.37
-112.156 -2.385
-112.617 -2.4
-113.078 -2.415
-109.863 -2.4
-106.648 -2.385
-103.434 -2.37
-100.219 -2.355
-97.0044 -2.34
-94.1244 -2.325
-92.4197 -2.31
-90.715 -2.295
-89.0103 -2.28
-87.3056 -2.265
-85.6009 -2.25
-83.8962 -2.235
-82.1915 -2.22
-80.4868 -2.205
-78.7822 -2.19
-77.0775 -2.175
-75.3728 -2.16
-73.6681 -2.145
-71.9634 -2.13
-70.2587 -2.115
-68.554 -2.1
-66.8493 -2.085
-65.1446 -2.07
-63.4399 -2.055
-61.7352 -2.04
-60.0306 -2.025
-58.3259 -2.01
-56.6212 -1.995
-54.9165 -1.98
-53.2118 -1.965
-51.5071 -1.95
-49.8024 -1.935
-48.0977 -1.92
-46.393 -1.905
-44.6883 -1.89
-42.9837 -1.875
-41.279 -1.86
-39.5743 -1.845
-37.8696 -1.83
-36.1649 -1.815
-34.4602 -1.8
-32.7555 -1.785
-31.0508 -1.77
-29.3461 -1.755
-27.6414 -1.74
-25.9367 -1.725
-24.2321 -1.71
-22.5274 -1.695
-20.8227 -1.68
-19.118 -1.665
-17.4133 -1.65
-15.7086 -1.635
-14.0039 -1.62
-12.2992 -1.605
-10.5945 -1.59
-8.88984 -1.575
-7.18515 -1.56
-5.48046 -1.545
-3.77577 -1.53
-2.07108 -1.515
-0.372796 -1.5
0.601071 -1.485
1.42689 -1.47
2.25272 -1.455
3.07854 -1.44
3.90436 -1.425
4.73019 -1.41
5.55601 -1.395
6.38183 -1.38
7.20766 -1.365
8.03348 -1.35
8.8593 -1.335
9.68513 -1.32
10.511 -1.305
11.3368 -1.29
12.1626 -1.275
12.9884 -1.26
13.8142 -1.245
14.6401 -1.23
15.4659 -1.215
16.2917 -1.2
17.1175 -1.185
17.9434 -1.17
18.7692 -1.155
19.595 -1.14
20.4208 -1.125
21.2467 -1.11
22.0725 -1.095
22.8983 -1.08
23.7241 -1.065
24.5499 -1.05
25.3758 -1.035
26.2016 -1.02
27.0274 -1.005
27.8532 -0.99
28.6791 -0.975
29.5049 -0.96
30.3307 -0.945
31.1565 -0.93
31.9824 -0.915
32.8082 -0.9
33.634 -0.885
34.4598 -0.87
35.2857 -0.855
36.1115 -0.84
36.9373 -0.825
37.7631 -0.81
38.5889 -0.795
39.4148 -0.78
40.2406 -0.765
41.0664 -0.75
41.8922 -0.735
42.7181 -0.72
43.5439 -0.705
44.3697 -0.69
45.1955 -0.675
46.0214 -0.66
46.8472 -0.645
47.673 -0.63
48.4988 -0.615
49.3246 -0.6
50.1505 -0.585
50.9763 -0.57
51.8021 -0.555
52.6279 -0.54
53.4538 -0.525
54.2796 -0.51
55.1054 -0.495
55.9312 -0.48
56.7571 -0.465
57.5829 -0.45
58.4087 -0.435
59.2345 -0.42
60.0604 -0.405
60.8862 -0.39
61.712 -0.375
62.5378 -0.36
63.3636 -0.345
64.1895 -0.33
64.5185 -0.315
64.8305 -0.3
65.1426 -0.285
65.4546 -0.27
65.7666 -0.255
66.0786 -0.24
66.3907 -0.225
66.7027 -0.21
67.0147 -0.195
67.3267 -0.18
67.6388 -0.165
67.9508 -0.15
68.1743 -0.135
68.3816 -0.12
68.5889 -0.105
68.7961 -0.09
69.0034 -0.075
69.2106 -0.06
69.4179 -0.045
69.6252 -0.03
69.8324 -0.015
70.0397 2.08167e-16
70.247 0.015
70.4542 0.03
70.6615 0.045
70.8687 0.06
71.076 0.075
71.2833 0.09
71.4905 0.105
71.6978 0.12
71.9051 0.135
72.1123 0.15
72.3196 0.165
72.5268 0.18
72.7341 0.195
72.9414 0.21
73.1486 0.225
73.3559 0.24
73.5632 0.255
73.7704 0.27
73.9777 0.285
74.1849 0.3
74.3922 0.315
74.5995 0.33
74.8067 0.345
75.014 0.36
75.2212 0.375
75.4285 0.39
75.6358 0.405
75.843 0.42
76.0503 0.435
76.2576 0.45
76.4648 0.465
76.6721 0.48
76.8793 0.495
77.0866 0.51
77.2939 0.525
77.5011 0.54
77.7084 0.555
77.9157 0.57
78.1229 0.585
78.3302 0.6
78.5374 0.615
78.7447 0.63
78.952 0.645
79.1592 0.66
79.3665 0.675
79.5737 0.69
79.781 0.705
79.9883 0.72
80.1955 0.735
80.4028 0.75
80.6101 0.765
80.8173 0.78
81.0246 0.795
81.2318 0.81
81.4391 0.825
81.6464 0.84
81.8536 0.855
82.0609 0.87
82.2682 0.885
82.4754 0.9
82.6827 0.915
82.8899 0.93
83.0972 0.945
83.3045 0.96
83.5117 0.975
83.719 0.99
83.9262 1.005
84.1335 1.02
84.3408 1.035
84.548 1.05
84.7553 1.065
84.9626 1.08
85.1698 1.095
85.3771 1.11
85.5843 1.125
85.7916 1.14
85.9989 1.155
86.2061 1.17
86.4134 1.185
86.6207 1.2
86.8279 1.215
87.0352 1.23
87.2424 1.245
87.4497 1.26
87.657 1.275
87.8642 1.29
88.0715 1.305
88.2788 1.32
88.486 1.335
88.6933 1.35
88.9005 1.365
89.1078 1.38
89.3151 1.395
89.5223 1.41
89.7296 1.425
89.9368 1.44
90.1441 1.455
90.3514 1.47
90.5586 1.485
90.7659 1.5
90.9732 1.515
91.1804 1.53
91.3877 1.545
91.5949 1.56
91.8022 1.575
92.0095 1.59
92.2167 1.605
92.424 1.62
92.6313 1.635
92.8385 1.65
93.0458 1.665
93.253 1.68
93.4603 1.695
93.6676 1.71
93.8748 1.725
94.0821 1.74
94.2893 1.755
94.4966 1.77
94.7039 1.785
94.9111 1.8
95.1184 1.815
95.3257 1.83
95.5616 1.845
96.0225 1.86
96.4835 1.875
96.9444 1.89
97.4054 1.905
97.8663 1.92
98.3272 1.935
98.7882 1.95
99.2491 1.965
99.71 1.98
100.171 1.995
100.632 2.01
101.093 2.025
101.554 2.04
102.015 2.055
102.476 2.07
102.937 2.085
103.398 2.1
103.858 2.115
104.319 2.13
104.78 2.145
105.241 2.16
105.702 2.175
106.163 2.19
106.624 2.205
107.085 2.22
107.546 2.235
108.007 2.25
108.468 2.265
108.929 2.28
109.39 2.295
109.851 2.31
110.312 2.325
110.772 2.34
111.233 2.355
111.694 2.37
112.155 2.385
112.616 2.4
113.077 2.415
113.116 2.43
113.155 2.445
113.194 2.46
113.233 2.475
113.272 2.49
113.311 2.505
113.35 2.52
113.389 2.535
113.428 2.55
113.467 2.565
113.506 2.58
113.545 2.595
113.584 2.61
113.623 2.625
113.662 2.64
113.7 2.655
113.739 2.67
113.778 2.685
113.817 2.7
113.856 2.715
113.895 2.73
113.934 2.745
113.973 2.76
114.012 2.775
114.051 2.79
114.09 2.805
114.129 2.82
114.168 2.835
114.207 2.85
114.246 2.865
114.285 2.88
114.324 2.895
114.363 2.91
114.402 2.925
114.441 2.94
114.48 2.955
114.519 2.97
114.558 2.985
114.597 3
114.635 3.015
114.674 3.03
114.713 3.045
114.752 3.06
114.791 3.075
114.83 3.09
114.869 3.105
114.908 3.12
114.947 3.135
114.986 3.15
115.025 3.165
115.064 3.18
115.103 3.195
115.142 3.21
115.181 3.225
115.22 3.24
115.259 3.255
115.298 3.27
115.337 3.285
115.376 3.3
115.415 3.315
115.454 3.33
115.493 3.345
115.532 3.36
115.57 3.375
115.609 3.39
115.648 3.405
115.687 3.42
115.726 3.435
115.765 3.45
115.804 3.465
115.843 3.48
115.882 3.495
115.921 3.51
115.96 3.525
115.999 3.54
116.038 3.555
116.077 3.57
116.116 3.585
116.155 3.6
112.94 3.585
109.726 3.57
106.511 3.555
103.296 3.54
100.082 3.525
96.8669 3.51
93.9723 3.495
92.2676 3.48
90.5629 3.465
88.8583 3.45
87.1536 3.435
85.4489 3.42
83.7442 3.405
82.0395 3.39
80.3348 3.375
78.6301 3.36
76.9254 3.345
75.2207 3.33
73.516 3.315
71.8113 3.3
70.1067 3.285
68.402 3.27
66.6973 3.255
64.9926 3.24
63.2879 3.225
61.5832 3.21
59.8785 3.195
58.1738 3.18
56.4691 3.165
54.7644 3.15
53.0597 3.135
51.3551 3.12
49.6504 3.105
47.9457 3.09
46.241 3.075
44.5363 3.06
42.8316 3.045
41.1269 3.03
39.4222 3.015
37.7175 3
36.0128 2.985
34.3082 2.97
32.6035 2.955
30.8988 2.94
29.1941 2.925
27.4894 2.91
25.7847 2.895
24.08 2.88
22.3753 2.865
20.6706 2.85
18.9659 2.835
17.2612 2.82
15.5566 2.805
13.8519 2.79
12.1472 2.775
10.4425 2.76
8.73779 2.745
7.0331 2.73
5.32841 2.715
3.62372 2.7
1.91903 2.685
0.308666 2.67
-0.431218 2.655
-1.0667 2.64
-1.70218 2.625
-2.33767 2.61
-2.97315 2.595
-3.60863 2.58
-4.24411 2.565
-4.8796 2.55
-5.51508 2.535
-6.15056 2.52
-6.78604 2.505
-7.42153 2.49
-8.05701 2.475
-8.69249 2.46
-9.32797 2.445
-9.96346 2.43
-10.5989 2.415
-11.2344 2.4
-11.8699 2.385
-12.5054 2.37
-13.1409 2.355
-13.7764 2.34
-14.4118 2.325
-15.0473 2.31
-15.6828 2.295
-16.3183 2.28
-16.9538 2.265
-17.5892 2.25
-18.2247 2.235
-18.8602 2.22
-19.4957 2.205
-20.1312 2.19
-20.7667 2.175
-21.4021 2.16
-22.0376 2.145
-22.6731 2.13
-23.3086 2.115
-23.9441 2.1
-24.5796 2.085
-25.215 2.07
-25.8505 2.055
-26.486 2.04
-27.1215 2.025
-27.757 2.01
-28.3924 1.995
-29.0279 1.98
-29.6634 1.965
-30.2989 1.95
-30.9344 1.935
-31.5699 1.92
-32.2053 1.905
-32.8408 1.89
-33.4763 1.875
-34.1118 1.86
-34.7473 1.845
-35.3828 1.83
-36.0182 1.815
-36.6537 1.8
-37.2892 1.785
-37.9247 1.77
-38.5602 1.755
-39.1957 1.74
-39.8311 1.725
-40.4666 1.71
-41.1021 1.695
-41.7376 1.68
-42.3731 1.665
-43.0085 1.65
-43.644 1.635
-44.2795 1.62
-44.915 1.605
-45.5505 1.59
-46.186 1.575
-46.8214 1.56
-47.4569 1.545
-48.0924 1.53
-48.7279 1.515
-49.3634 1.5
-49.9989 1.485
-50.6343 1.47
-51.2698 1.455
-51.9053 1.44
-52.5408 1.425
-53.1763 1.41
-53.8118 1.395
-54.4472 1.38
-55.0827 1.365
-55.7182 1.35
-56.3537 1.335
-56.9892 1.32
-57.6246 1.305
-58.2601 1.29
-58.8956 1.275
-59.5311 1.26
-60.1666 1.245
-60.8021 1.23
-61.4375 1.215
-62.073 1.2
-62.7085 1.185
-63.344 1.17
-63.9795 1.155
-64.3569 1.14
-64.5804 1.125
-64.804 1.11
-65.0275 1.095
-65.251 1.08
-65.4746 1.065
-65.6981 1.05
-65.9217 1.035
-66.1452 1.02
-66.3687 1.005
-66.5923 0.99
-66.8158 0.975
-67.0394 0.96
-67.2629 0.945
-67.4865 0.93
-67.71 0.915
-67.9335 0.9
-68.1152 0.885
-68.2793 0.87
-68.4434 0.855
-68.6075 0.84
-68.7716 0.825
-68.9357 0.81
-69.0997 0.795
-69.2638 0.78
-69.4279 0.765
-69.592 0.75
-69.7561 0.735
-69.9202 0.72
-70.0843 0.705
-70.2484 0.69
-70.4125 0.675
-70.5765 0.66
-70.7406 0.645
-70.9047 0.63
-71.0688 0.615
-71.2329 0.6
-71.397 0.585
-71.5611 0.57
-71.7252 0.555
-71.8893 0.54
-72.0534 0.525
-72.2174 0.51
-72.3815 0.495
-72.5456 0.48
-72.7097 0.465
-72.8738 0.45
-73.0379 0.435
-73.202 0.42
-73.3661 0.405
-73.5302 0.39
-73.6942 0.375
-73.8583 0.36
-74.0224 0.345
-74.1865 0.33
-74.3506 0.315
-74.5147 0.3
-74.6788 0.285
-74.8429 0.27
-75.007 0.255
-75.171 0.24
-75.3351 0.225
-75.4992 0.21
-75.6633 0.195
-75.8274 0.18
-75.9915 0.165
-76.1556 0.15
-76.3197 0.135
-76.4838 0.12
-76.6479 0.105
-76.8119 0.09
-76.976 0.075
-77.1401 0.06
-77.3042 0.045
-77.4683 0.03
-77.6324 0.015
-77.7965 2.91434e-16
-77.9606 -0.015
-78.1247 -0.03
-78.2887 -0.045
-78.4528 -0.06
-78.6169 -0.075
-78.781 -0.09
-78.9451 -0.105
-79.1092 -0.12
-79.2733 -0.135
-79.4374 -0.15
-79.6015 -0.165
-79.7655 -0.18
-79.9296 -0.195
-80.0937 -0.21
-80.2578 -0.225
-80.4219 -0.24
-80.586 -0.255
-80.7501 -0.27
-80.9142 -0.285
-81.0783 -0.3
-81.2424 -0.315
-81.4064 -0.33
-81.5705 -0.345
-81.7346 -0.36
-81.8987 -0.375
-82.0628 -0.39
-82.2269 -0.405
-82.391 -0.42
-82.5551 -0.435
-82.7192 -0.45
-82.8832 -0.465
-83.0473 -0.48
-83.2114 -0.495
-83.3755 -0.51
-83.5396 -0.525
-83.7037 -0.54
-83.8678 -0.555
-84.0319 -0.57
-84.196 -0.585
-84.36 -0.6
-84.5241 -0.615
-84.6882 -0.63
-84.8523 -0.645
-85.0164 -0.66
-85.1805 -0.675
-85.3446 -0.69
-85.5087 -0.705
-85.6728 -0.72
-85.8369 -0.735
-86.0009 -0.75
-86.165 -0.765
-86.3291 -0.78
-86.4932 -0.795
-86.6573 -0.81
-86.8214 -0.825
-86.9855 -0.84
-87.1496 -0.855
-87.3137 -0.87
-87.4777 -0.885
-87.6418 -0.9
-87.8059 -0.915
-87.97 -0.93
-88.1341 -0.945
-88.2982 -0.96
-88.4623 -0.975
-88.6264 -0.99
-88.7905 -1.005
-88.9546 -1.02
-89.1186 -1.035
-89.2827 -1.05
-89.4468 -1.065
-89.6109 -1.08
-89.775 -1.095
-89.9391 -1.11
-90.1032 -1.125
-90.2673 -1.14
-90.4314 -1.155
-90.5954 -1.17
-90.7595 -1.185
-90.9236 -1.2
-91.0877 -1.215
-91.2518 -1.23
-91.4159 -1.245
-91.58 -1.26
-91.7441 -1.275
-91.9082 -1.29
-92.0722 -1.305
-92.2363 -1.32
-92.4004 -1.335
-92.5645 -1.35
-92.7286 -1.365
-92.8927 -1.38
-93.0568 -1.395
-93.2209 -1.41
-93.385 -1.425
-93.5491 -1.44
-93.7131 -1.455
-93.8772 -1.47
-94.0413 -1.485
-94.2054 -1.5
-94.3695 -1.515
-94.5336 -1.53
-94.6977 -1.545
-94.8618 -1.56
-95.0259 -1.575
-95.1899 -1.59
-95.354 -1.605
-95.5181 -1.62
-95.6822 -1.635
-95.8463 -1.65
-96.0104 -1.665
-96.1745 -1.68
-96.3386 -1.695
-96.5027 -1.71
-96.6667 -1.725
-96.8308 -1.74
-96.9949 -1.755
-97.159 -1.77
-97.3231 -1.785
-97.4872 -1.8
-97.6513 -1.815
-97.8154 -1.83
-97.9795 -1.845
-98.1436 -1.86
-98.3076 -1.875
-98.4717 -1.89
-98.6358 -1.905
-98.7999 -1.92
-98.964 -1.935
-99.1281 -1.95
-99.2922 -1.965
-99.7509 -1.98
-100.212 -1.995
-100.672 -2.01
-101.133 -2.025
-101.594 -2.04
-102.054 -2.055
-102.515 -2.07
-102.976 -2.085
-103.436 -2.1
-103.897 -2.115
-104.358 -2.13
-104.818 -2.145
-105.279 -2.16
-105.74 -2.175
-106.2 -2.19
-106.661 -2.205
-107.122 -2.22
-107.582 -2.235
-108.043 -2.25
-108.504 -2.265
-108.964 -2.28
-109.425 -2.295
-109.886 -2.31
-110.346 -2.325
-110.807 -2.34
-111.268 -2.355
-111.728 -2.37
-112.189 -2.385
-112.65 -2.4
-113.08 -2.415
-113.119 -2.43
-113.158 -2.445
-113.197 -2.46
-113.236 -2.475
-113.275 -2.49
-113.314 -2.505
-113.353 -2.52
-113.392 -2.535
-113.431 -2.55
-113.47 -2.565
-113.509 -2.58
-113.548 -2.595
-113.587 -2.61
-113.626 -2.625
-113.665 -2.64
-113.704 -2.655
-113.743 -2.67
-113.782 -2.685
-113.821 -2.7
-113.86 -2.715
-113.899 -2.73
-113.938 -2.745
-113.977 -2.76
-114.015 -2.775
-114.054 -2.79
-114.093 -2.805
-114.132 -2.82
-114.171 -2.835
-114.21 -2.85
-114.249 -2.865
-114.288 -2.88
-114.327 -2.895
-114.366 -2.91
-114.405 -2.925
-114.444 -2.94
-114.483 -2.955
-114.522 -2.97
-114.561 -2.985
-114.6 -3
-114.639 -3.015
-114.678 -3.03
-114.717 -3.045
-114.756 -3.06
-114.795 -3.075
-114.834 -3.09
-114.873 -3.105
-114.912 -3.12
-114.95 -3.135
-114.989 -3.15
-115.028 -3.165
-115.067 -3.18
-115.106 -3.195
-115.145 -3.21
-115.184 -3.225
-115.223 -3.24
-115.262 -3.255
-115.301 -3.27
-115.34 -3.285
-115.379 -3.3
-115.418 -3.315
-115.457 -3.33
-115.496 -3.345
-115.535 -3.36
-115.574 -3.375
-115.613 -3.39
-115.652 -3.405
-115.691 -3.42
-115.73 -3.435
-115.769 -3.45
-115.808 -3.465
-115.847 -3.48
-115.885 -3.495
-115.924 -3.51
-115.963 -3.525
-116.002 -3.54
-116.041 -3.555
-116.08 -3.57
-116.119 -3.585
-116.158 -3.6
-112.944 -3.585
-109.729 -3.57
-106.514 -3.555
-103.3 -3.54
-100.085 -3.525
-97.5381 -3.51
-95.8334 -3.495
-94.1287 -3.48
-92.424 -3.465
-90.7193 -3.45
-89.0146 -3.435
-87.3099 -3.42
-85.6052 -3.405
-83.9005 -3.39
-82.1959 -3.375
-80.4912 -3.36
-78.7865 -3.345
-77.0818 -3.33
-75.3771 -3.315
-73.6724 -3.3
-71.9677 -3.285
-70.263 -3.27
-68.5583 -3.255
-66.8536 -3.24
-65.1489 -3.225
-63.4443 -3.21
-61.7396 -3.195
-60.0349 -3.18
-58.3302 -3.165
-56.6255 -3.15
-54.9208 -3.135
-53.2161 -3.12
-51.5114 -3.105
-49.8067 -3.09
-48.102 -3.075
-46.3973 -3.06
-44.6927 -3.045
-42.988 -3.03
-41.2833 -3.015
-39.5786 -3
-37.8739 -2.985
-36.1692 -2.97
-34.4645 -2.955
-32.7598 -2.94
-31.0551 -2.925
-29.3504 -2.91
-27.6458 -2.895
-25.9411 -2.88
-24.2364 -2.865
-22.5317 -2.85
-20.827 -2.835
-19.1223 -2.82
-17.4176 -2.805
-15.7129 -2.79
-14.0082 -2.775
-12.3035 -2.76
-10.5988 -2.745
-8.89415 -2.73
-7.18946 -2.715
-5.48477 -2.7
-3.78008 -2.685
-2.07539 -2.67
-0.377328 -2.655
0.371002 -2.64
0.902342 -2.625
1.43029 -2.61
1.95824 -2.595
2.48619 -2.58
3.01414 -2.565
3.54209 -2.55
4.07004 -2.535
4.59799 -2.52
5.12594 -2.505
5.65389 -2.49
6.18184 -2.475
6.70979 -2.46
7.23774 -2.445
7.76569 -2.43
8.29364 -2.415
8.82158 -2.4
9.34953 -2.385
9.87748 -2.37
10.4054 -2.355
10.9334 -2.34
11.4613 -2.325
11.9893 -2.31
12.5172 -2.295
13.0452 -2.28
13.5731 -2.265
14.1011 -2.25
14.629 -2.235
15.157 -2.22
15.6849 -2.205
16.2129 -2.19
16.7408 -2.175
17.2688 -2.16
17.7967 -2.145
18.3247 -2.13
18.8526 -2.115
19.3806 -2.1
19.9085 -2.085
20.4365 -2.07
20.9644 -2.055
21.4924 -2.04
22.0203 -2.025
22.5483 -2.01
23.0762 -1.995
23.6042 -1.98
24.1321 -1.965
24.6601 -1.95
25.188 -1.935
25.716 -1.92
26.2439 -1.905
26.7719 -1.89
27.2998 -1.875
27.8278 -1.86
28.3557 -1.845
28.8837 -1.83
29.4116 -1.815
29.9396 -1.8
30.4675 -1.785
30.9955 -1.77
31.5234 -1.755
32.0514 -1.74
32.5793 -1.725
33.1073 -1.71
33.6352 -1.695
34.1632 -1.68
34.6911 -1.665
35.2191 -1.65
35.747 -1.635
36.275 -1.62
36.8029 -1.605
37.3309 -1.59
37.8588 -1.575
38.3868 -1.56
38.9147 -1.545
39.4427 -1.53
39.9706 -1.515
40.4986 -1.5
41.0265 -1.485
41.5545 -1.47
42.0824 -1.455
42.6104 -1.44
43.1383 -1.425
43.6663 -1.41
44.1942 -1.395
44.7222 -1.38
45.2501 -1.365
45.7781 -1.35
46.306 -1.335
46.834 -1.32
47.3619 -1.305
47.8898 -1.29
48.4178 -1.275
48.9457 -1.26
49.4737 -1.245
50.0016 -1.23
50.5296 -1.215
51.0575 -1.2
51.5855 -1.185
52.1134 -1.17
52.6414 -1.155
53.1693 -1.14
53.6973 -1.125
54.2252 -1.11
54.7532 -1.095
55.2811 -1.08
55.8091 -1.065
56.337 -1.05
56.865 -1.035
57.3929 -1.02
57.9209 -1.005
58.4488 -0.99
58.9768 -0.975
59.5047 -0.96
60.0327 -0.945
60.5606 -0.93
61.0886 -0.915
61.6165 -0.9
62.1445 -0.885
62.6724 -0.87
63.2004 -0.855
63.7283 -0.84
64.2324 -0.825
64.441 -0.81
64.6495 -0.795
64.8581 -0.78
65.0666 -0.765
65.2752 -0.75
65.4837 -0.735
65.6923 -0.72
65.9008 -0.705
66.1094 -0.69
66.3179 -0.675
66.5265 -0.66
66.7351 -0.645
66.9436 -0.63
67.1522 -0.615
67.3607 -0.6
67.5693 -0.585
67.7778 -0.57
67.9864 -0.555
68.1949 -0.54
68.4035 -0.525
68.612 -0.51
68.8206 -0.495
69.0291 -0.48
69.2377 -0.465
69.4463 -0.45
69.6548 -0.435
69.8575 -0.42
69.9961 -0.405
70.1347 -0.39
70.2732 -0.375
70.4118 -0.36
70.5504 -0.345
70.689 -0.33
70.8276 -0.315
70.9662 -0.3
71.1047 -0.285
71.2433 -0.27
71.3819 -0.255
71.5205 -0.24
71.6591 -0.225
71.7976 -0.21
71.9362 -0.195
72.0748 -0.18
72.2134 -0.165
72.352 -0.15
72.4905 -0.135
72.6291 -0.12
72.7677 -0.105
72.9063 -0.09
73.0449 -0.075
73.1834 -0.06
73.322 -0.045
73.4606 -0.03
73.5992 -0.015
73.7378 6.59195e-17
73.8763 0.015
74.0149 0.03
74.1535 0.045
74.2921 0.06
74.4307 0.075
74.5692 0.09
74.7078 0.105
74.8464 0.12
74.985 0.135
75.1236 0.15
75.2621 0.165
75.4007 0.18
75.5393 0.195
75.6779 0.21
75.8165 0.225
75.955 0.24
76.0936 0.255
76.2322 0.27
76.3708 0.285
76.5094 0.3
76.6479 0.315
76.7865 0.33
76.9251 0.345
77.0637 0.36
77.2023 0.375
77.3408 0.39
77.4794 0.405
77.618 0.42
77.7566 0.435
77.8952 0.45
78.0337 0.465
78.1723 0.48
78.3109 0.495
78.4495 0.51
78.5881 0.525
78.7266 0.54
78.8652 0.555
79.0038 0.57
79.1424 0.585
79.281 0.6
79.4195 0.615
79.5581 0.63
79.6967 0.645
79.8353 0.66
79.9739 0.675
80.1124 0.69
80.251 0.705
80.3896 0.72
80.5282 0.735
80.6668 0.75
80.8053 0.765
80.9439 0.78
81.0825 0.795
81.2211 0.81
81.3597 0.825
81.4982 0.84
81.6368 0.855
81.7754 0.87
81.914 0.885
82.0526 0.9
82.1911 0.915
82.3297 0.93
82.4683 0.945
82.6069 0.96
82.7455 0.975
82.884 0.99
83.0226 1.005
83.1612 1.02
83.2998 1.035
83.4384 1.05
83.5769 1.065
83.7155 1.08
83.8541 1.095
83.9927 1.11
84.1313 1.125
84.2698 1.14
84.4084 1.155
84.547 1.17
84.6856 1.185
84.8242 1.2
84.9628 1.215
85.1013 1.23
85.2399 1.245
85.3785 1.26
85.5171 1.275
85.6557 1.29
85.7942 1.305
85.9328 1.32
86.0714 1.335
86.21 1.35
86.3486 1.365
86.4871 1.38
86.6257 1.395
86.7643 1.41
86.9029 1.425
87.0415 1.44
87.18 1.455
87.3186 1.47
87.4572 1.485
87.5958 1.5
87.7344 1.515
87.8729 1.53
88.0115 1.545
88.1501 1.56
88.2887 1.575
88.4273 1.59
88.5658 1.605
88.7044 1.62
88.843 1.635
88.9816 1.65
89.1202 1.665
89.2587 1.68
89.3973 1.695
89.5359 1.71
89.6745 1.725
89.8131 1.74
89.9516 1.755
90.0902 1.77
90.2288 1.785
90.3674 1.8
90.506 1.815
90.6445 1.83
90.7831 1.845
90.9217 1.86
91.0603 1.875
91.1989 1.89
91.3374 1.905
91.476 1.92
91.6146 1.935
91.7532 1.95
91.8918 1.965
92.0303 1.98
92.1689 1.995
92.3075 2.01
92.4461 2.025
92.5847 2.04
92.7232 2.055
92.8618 2.07
93.0004 2.085
93.139 2.1
93.2776 2.115
93.4161 2.13
93.5547 2.145
93.6933 2.16
93.8319 2.175
93.9705 2.19
94.109 2.205
94.2476 2.22
94.3862 2.235
94.5248 2.25
94.6634 2.265
94.8019 2.28
94.9405 2.295
95.0791 2.31
95.2177 2.325
95.3563 2.34
95.4948 2.355
95.6334 2.37
95.772 2.385
95.9106 2.4
96.0492 2.415
96.1877 2.43
96.3263 2.445
96.4649 2.46
96.6035 2.475
96.7421 2.49
96.8806 2.505
97.0192 2.52
97.1578 2.535
97.2964 2.55
97.435 2.565
97.5735 2.58
97.7121 2.595
97.8507 2.61
97.9893 2.625
98.1279 2.64
98.2664 2.655
98.405 2.67
98.5436 2.685
98.6822 2.7
98.8208 2.715
98.9593 2.73
99.0979 2.745
99.2365 2.76
99.4651 2.775
99.7689 2.79
100.073 2.805
100.377 2.82
100.68 2.835
100.984 2.85
101.288 2.865
101.592 2.88
101.896 2.895
102.2 2.91
102.504 2.925
102.807 2.94
103.111 2.955
103.415 2.97
103.719 2.985
104.023 3
104.327 3.015
104.63 3.03
104.934 3.045
105.238 3.06
105.542 3.075
105.846 3.09
106.15 3.105
106.453 3.12
106.757 3.135
107.061 3.15
107.365 3.165
107.669 3.18
107.973 3.195
108.277 3.21
108.58 3.225
108.884 3.24
109.188 3.255
109.492 3.27
109.796 3.285
110.1 3.3
110.403 3.315
110.707 3.33
111.011 3.345
111.315 3.36
111.619 3.375
111.923 3.39
112.226 3.405
112.53 3.42
112.834 3.435
113.138 3.45
113.442 3.465
113.746 3.48
114.05 3.495
114.353 3.51
114.657 3.525
114.961 3.54
115.265 3.555
115.569 3.57
115.873 3.585
116.158 3.6
112.943 3.585
109.728 3.57
106.514 3.555
103.299 3.54
100.084 3.525
97.541 3.51
95.8363 3.495
94.1316 3.48
92.4269 3.465
90.7222 3.45
89.0175 3.435
87.3128 3.42
85.6081 3.405
83.9035 3.39
82.1988 3.375
80.4941 3.36
78.7894 3.345
77.0847 3.33
75.38 3.315
73.6753 3.3
71.9706 3.285
70.2659 3.27
68.5612 3.255
66.8566 3.24
65.1519 3.225
63.4472 3.21
61.7425 3.195
60.0378 3.18
58.3331 3.165
56.6284 3.15
54.9237 3.135
53.219 3.12
51.5143 3.105
49.8096 3.09
48.105 3.075
46.4003 3.06
44.6956 3.045
42.9909 3.03
41.2862 3.015
39.5815 3
37.8768 2.985
36.1721 2.97
34.4674 2.955
32.7627 2.94
31.058 2.925
29.3534 2.91
27.6487 2.895
25.944 2.88
24.2393 2.865
22.5346 2.85
20.8299 2.835
19.1252 2.82
17.4205 2.805
15.7158 2.79
14.0111 2.775
12.3065 2.76
10.6018 2.745
8.89707 2.73
7.19238 2.715
5.48769 2.7
3.783 2.685
2.07831 2.67
0.378608 2.655
-0.369759 2.64
-0.901375 2.625
-1.42923 2.61
-1.95709 2.595
-2.48495 2.58
-3.01281 2.565
-3.54066 2.55
-4.06852 2.535
-4.59638 2.52
-5.12424 2.505
-5.65209 2.49
-6.17995 2.475
-6.70781 2.46
-7.23567 2.445
-7.76352 2.43
-8.29138 2.415
-8.81924 2.4
-9.3471 2.385
-9.87495 2.37
-10.4028 2.355
-10.9307 2.34
-11.4585 2.325
-11.9864 2.31
-12.5142 2.295
-13.0421 2.28
-13.57 2.265
-14.0978 2.25
-14.6257 2.235
-15.1535 2.22
-15.6814 2.205
-16.2092 2.19
-16.7371 2.175
-17.265 2.16
-17.7928 2.145
-18.3207 2.13
-18.8485 2.115
-19.3764 2.1
-19.9042 2.085
-20.4321 2.07
-20.96 2.055
-21.4878 2.04
-22.0157 2.025
-22.5435 2.01
-23.0714 1.995
-23.5992 1.98
-24.1271 1.965
-24.655 1.95
-25.1828 1.935
-25.7107 1.92
-26.2385 1.905
-26.7664 1.89
-27.2943 1.875
-27.8221 1.86
-28.35 1.845
-28.8778 1.83
-29.4057 1.815
-29.9335 1.8
-30.4614 1.785
-30.9893 1.77
-31.5171 1.755
-32.045 1.74
-32.5728 1.725
-33.1007 1.71
-33.6285 1.695
-34.1564 1.68
-34.6843 1.665
-35.2121 1.65
-35.74 1.635
-36.2678 1.62
-36.7957 1.605
-37.3235 1.59
-37.8514 1.575
-38.3793 1.56
-38.9071 1.545
-39.435 1.53
-39.9628 1.515
-40.4907 1.5
-41.0185 1.485
-41.5464 1.47
-42.0743 1.455
-42.6021 1.44
-43.13 1.425
-43.6578 1.41
-44.1857 1.395
-44.7136 1.38
-45.2414 1.365
-45.7693 1.35
-46.2971 1.335
-46.825 1.32
-47.3528 1.305
-47.8807 1.29
-48.4086 1.275
-48.9364 1.26
-49.4643 1.245
-49.9921 1.23
-50.52 1.215
-51.0478 1.2
-51.5757 1.185
-52.1036 1.17
-52.6314 1.155
-53.1593 1.14
-53.6871 1.125
-54.215 1.11
-54.7428 1.095
-55.2707 1.08
-55.7986 1.065
-56.3264 1.05
-56.8543 1.035
-57.3821 1.02
-57.91 1.005
-58.4378 0.99
-58.9657 0.975
-59.4936 0.96
-60.0214 0.945
-60.5493 0.93
-61.0771 0.915
-61.605 0.9
-62.1328 0.885
-62.6607 0.87
-63.1886 0.855
-63.7164 0.84
-64.2277 0.825
-64.4362 0.81
-64.6448 0.795
-64.8533 0.78
-65.0619 0.765
-65.2704 0.75
-65.4789 0.735
-65.6875 0.72
-65.896 0.705
-66.1046 0.69
-66.3131 0.675
-66.5217 0.66
-66.7302 0.645
-66.9388 0.63
-67.1473 0.615
-67.3559 0.6
-67.5644 0.585
-67.773 0.57
-67.9815 0.555
-68.1901 0.54
-68.3986 0.525
-68.6071 0.51
-68.8157 0.495
-69.0242 0.48
-69.2328 0.465
-69.4413 0.45
-69.6499 0.435
-69.8549 0.42
-69.9935 0.405
-70.132 0.39
-70.2706 0.375
-70.4091 0.36
-70.5477 0.345
-70.6862 0.33
-70.8248 0.315
-70.9634 0.3
-71.1019 0.285
-71.2405 0.27
-71.379 0.255
-71.5176 0.24
-71.6562 0.225
-71.7947 0.21
-71.9333 0.195
-72.0718 0.18
-72.2104 0.165
-72.3489 0.15
-72.4875 0.135
-72.6261 0.12
-72.7646 0.105
-72.9032 0.09
-73.0417 0.075
-73.1803 0.06
-73.3188 0.045
-73.4574 0.03
-73.596 0.015
-73.7345 -9.36751e-17
-73.8731 -0.015
-74.0116 -0.03
-74.1502 -0.045
-74.2888 -0.06
-74.4273 -0.075
-74.5659 -0.09
-74.7044 -0.105
-74.843 -0.12
-74.9815 -0.135
-75.1201 -0.15
-75.2587 -0.165
-75.3972 -0.18
-75.5358 -0.195
-75.6743 -0.21
-75.8129 -0.225
-75.9515 -0.24
-76.09 -0.255
-76.2286 -0.27
-76.3671 -0.285
-76.5057 -0.3
-76.6442 -0.315
-76.7828 -0.33
-76.9214 -0.345
-77.0599 -0.36
-77.1985 -0.375
-77.337 -0.39
-77.4756 -0.405
-77.6141 -0.42
-77.7527 -0.435
-77.8913 -0.45
-78.0298 -0.465
-78.1684 -0.48
-78.3069 -0.495
-78.4455 -0.51
-78.5841 -0.525
-78.7226 -0.54
-78.8612 -0.555
-78.9997 -0.57
-79.1383 -0.585
-79.2768 -0.6
-79.4154 -0.615
-79.554 -0.63
-79.6925 -0.645
-79.8311 -0.66
-79.9696 -0.675
-80.1082 -0.69
-80.2467 -0.705
-80.3853 -0.72
-80.5239 -0.735
-80.6624 -0.75
-80.801 -0.765
-80.9395 -0.78
-81.0781 -0.795
-81.2167 -0.81
-81.3552 -0.825
-81.4938 -0.84
-81.6323 -0.855
-81.7709 -0.87
-81.9094 -0.885
-82.048 -0.9
-82.1866 -0.915
-82.3251 -0.93
-82.4637 -0.945
-82.6022 -0.96
-82.7408 -0.975
-82.8794 -0.99
-83.0179 -1.005
-83.1565 -1.02
-83.295 -1.035
-83.4336 -1.05
-83.5721 -1.065
-83.7107 -1.08
-83.8493 -1.095
-83.9878 -1.11
-84.1264 -1.125
-84.2649 -1.14
-84.4035 -1.155
-84.542 -1.17
-84.6806 -1.185
-84.8192 -1.2
-84.9577 -1.215
-85.0963 -1.23
-85.2348 -1.245
-85.3734 -1.26
-85.512 -1.275
-85.6505 -1.29
-85.7891 -1.305
-85.9276 -1.32
-86.0662 -1.335
-86.2047 -1.35
-86.3433 -1.365
-86.4819 -1.38
-86.6204 -1.395
-86.759 -1.41
-86.8975 -1.425
-87.0361 -1.44
-87.1746 -1.455
-87.3132 -1.47
-87.4518 -1.485
-87.5903 -1.5
-87.7289 -1.515
-87.8674 -1.53
-88.006 -1.545
-88.1446 -1.56
-88.2831 -1.575
-88.4217 -1.59
-88.5602 -1.605
-88.6988 -1.62
-88.8373 -1.635
-88.9759 -1.65
-89.1145 -1.665
-89.253 -1.68
-89.3916 -1.695
-89.5301 -1.71
-89.6687 -1.725
-89.8073 -1.74
-89.9458 -1.755
-90.0844 -1.77
-90.2229 -1.785
-90.3615 -1.8
-90.5 -1.815
-90.6386 -1.83
-90.7772 -1.845
-90.9157 -1.86
-91.0543 -1.875
-91.1928 -1.89
-91.3314 -1.905
-91.4699 -1.92
-91.6085 -1.935
-91.7471 -1.95
-91.8856 -1.965
-92.0242 -1.98
-92.1627 -1.995
-92.3013 -2.01
-92.4399 -2.025
-92.5784 -2.04
-92.717 -2.055
-92.8555 -2.07
-92.9941 -2.085
-93.1326 -2.1
-93.2712 -2.115
-93.4098 -2.13
-93.5483 -2.145
-93.6869 -2.16
-93.8254 -2.175
-93.964 -2.19
-94.1026 -2.205
-94.2411 -2.22
-94.3797 -2.235
-94.5182 -2.25
-94.6568 -2.265
-94.7953 -2.28
-94.9339 -2.295
-95.0725 -2.31
-95.211 -2.325
-95.3496 -2.34
-95.4881 -2.355
-95.6267 -2.37
-95.7652 -2.385
-95.9038 -2.4
-96.0424 -2.415
-96.1809 -2.43
-96.3195 -2.445
-96.458 -2.46
-96.5966 -2.475
-96.7352 -2.49
-96.8737 -2.505
-97.0123 -2.52
-97.1508 -2.535
-97.2894 -2.55
-97.4279 -2.565
-97.5665 -2.58
-97.7051 -2.595
-97.8436 -2.61
-97.9822 -2.625
-98.1207 -2.64
-98.2593 -2.655
-98.3978 -2.67
-98.5364 -2.685
-98.675 -2.7
-98.8135 -2.715
-98.9521 -2.73
-99.0906 -2.745
-99.2292 -2.76
-99.4538 -2.775
-99.7575 -2.79
-100.061 -2.805
-100.365 -2.82
-100.669 -2.835
-100.972 -2.85
-101.276 -2.865
-101.58 -2.88
-101.884 -2.895
-102.187 -2.91
-102.491 -2.925
-102.795 -2.94
-103.098 -2.955
-103.402 -2.97
-103.706 -2.985
-104.01 -3
-104.313 -3.015
-104.617 -3.03
-104.921 -3.045
-105.224 -3.06
-105.528 -3.075
-105.832 -3.09
-106.136 -3.105
-106.439 -3.12
-106.743 -3.135
-107.047 -3.15
-107.35 -3.165
-107.654 -3.18
-107.958 -3.195
-108.262 -3.21
-108.565 -3.225
-108.869 -3.24
-109.173 -3.255
-109.476 -3.27
-109.78 -3.285
-110.084 -3.3
-110.388 -3.315
-110.691 -3.33
-110.995 -3.345
-111.299 -3.36
-111.602 -3.375
-111.906 -3.39
-112.21 -3.405
-112.514 -3.42
-112.817 -3.435
-113.121 -3.45
-113.425 -3.465
-113.728 -3.48
-114.032 -3.495
-114.336 -3.51
-114.64 -3.525
-114.943 -3.54
-115.247 -3.555
-115.551 -3.57
-115.854 -3.585
-116.158 -3.6
-112.944 -3.585
-109.729 -3.57
-106.514 -3.555
-103.3 -3.54
-100.085 -3.525
-97.5392 -3.51
-95.8345 -3.495
-94.1298 -3.48
-92.4251 -3.465
-90.7204 -3.45
-89.0158 -3.435
-87.3111 -3.42
-85.6064 -3.405
-83.9017 -3.39
-82.197 -3.375
-80.4923 -3.36
-78.7876 -3.345
-77.0829 -3.33
-75.3782 -3.315
-73.6735 -3.3
-71.9688 -3.285
-70.2642 -3.27
-68.5595 -3.255
-66.8548 -3.24
-65.1501 -3.225
-63.4454 -3.21
-61.7407 -3.195
-60.036 -3.18
-58.3313 -3.165
-56.6266 -3.15
-54.9219 -3.135
-53.2172 -3.12
-51.5126 -3.105
-49.8079 -3.09
-48.1032 -3.075
-46.3985 -3.06
-44.6938 -3.045
-42.9891 -3.03
-41.2844 -3.015
-39.5797 -3
-37.875 -2.985
-36.1703 -2.97
-34.4657 -2.955
-32.761 -2.94
-31.0563 -2.925
-29.3516 -2.91
-27.6469 -2.895
-25.9422 -2.88
-24.2375 -2.865
-22.5328 -2.85
-20.8281 -2.835
-19.1234 -2.82
-17.4187 -2.805
-15.7141 -2.79
-14.0094 -2.775
-12.3047 -2.76
-10.6 -2.745
-8.89529 -2.73
-7.1906 -2.715
-5.48591 -2.7
-3.78122 -2.685
-2.07653 -2.67
-0.377828 -2.655
0.370503 -2.64
0.901912 -2.625
1.42978 -2.61
1.95765 -2.595
2.48553 -2.58
3.0134 -2.565
3.54127 -2.55
4.06914 -2.535
4.59701 -2.52
5.12488 -2.505
5.65275 -2.49
6.18062 -2.475
6.70849 -2.46
7.23637 -2.445
7.76424 -2.43
8.29211 -2.415
8.81998 -2.4
9.34785 -2.385
9.87572 -2.37
10.4036 -2.355
10.9315 -2.34
11.4593 -2.325
11.9872 -2.31
12.5151 -2.295
13.0429 -2.28
13.5708 -2.265
14.0987 -2.25
14.6266 -2.235
15.1544 -2.22
15.6823 -2.205
16.2102 -2.19
16.738 -2.175
17.2659 -2.16
17.7938 -2.145
18.3217 -2.13
18.8495 -2.115
19.3774 -2.1
19.9053 -2.085
20.4331 -2.07
20.961 -2.055
21.4889 -2.04
22.0168 -2.025
22.5446 -2.01
23.0725 -1.995
23.6004 -1.98
24.1282 -1.965
24.6561 -1.95
25.184 -1.935
25.7119 -1.92
26.2397 -1.905
26.7676 -1.89
27.2955 -1.875
27.8233 -1.86
28.3512 -1.845
28.8791 -1.83
29.4069 -1.815
29.9348 -1.8
30.4627 -1.785
30.9906 -1.77
31.5184 -1.755
32.0463 -1.74
32.5742 -1.725
33.102 -1.71
33.6299 -1.695
34.1578 -1.68
34.6857 -1.665
35.2135 -1.65
35.7414 -1.635
36.2693 -1.62
36.7971 -1.605
37.325 -1.59
37.8529 -1.575
38.3808 -1.56
38.9086 -1.545
39.4365 -1.53
39.9644 -1.515
40.4922 -1.5
41.0201 -1.485
41.548 -1.47
42.0759 -1.455
42.6037 -1.44
43.1316 -1.425
43.6595 -1.41
44.1873 -1.395
44.7152 -1.38
45.2431 -1.365
45.771 -1.35
46.2988 -1.335
46.8267 -1.32
47.3546 -1.305
47.8824 -1.29
48.4103 -1.275
48.9382 -1.26
49.4661 -1.245
49.9939 -1.23
50.5218 -1.215
51.0497 -1.2
51.5775 -1.185
52.1054 -1.17
52.6333 -1.155
53.1611 -1.14
53.689 -1.125
54.2169 -1.11
54.7448 -1.095
55.2726 -1.08
55.8005 -1.065
56.3284 -1.05
56.8562 -1.035
57.3841 -1.02
57.912 -1.005
58.4399 -0.99
58.9677 -0.975
59.4956 -0.96
60.0235 -0.945
60.5513 -0.93
61.0792 -0.915
61.6071 -0.9
62.135 -0.885
62.6628 -0.87
63.1907 -0.855
63.7186 -0.84
64.2285 -0.825
64.4371 -0.81
64.6456 -0.795
64.8541 -0.78
65.0627 -0.765
65.2712 -0.75
65.4798 -0.735
65.6883 -0.72
65.8969 -0.705
66.1054 -0.69
66.3139 -0.675
66.5225 -0.66
66.731 -0.645
66.9396 -0.63
67.1481 -0.615
67.3566 -0.6
67.5652 -0.585
67.7737 -0.57
67.9823 -0.555
68.1908 -0.54
68.3993 -0.525
68.6079 -0.51
68.8164 -0.495
69.025 -0.48
69.2335 -0.465
69.4421 -0.45
69.6506 -0.435
69.8553 -0.42
69.9938 -0.405
70.1324 -0.39
70.2709 -0.375
70.4095 -0.36
70.5481 -0.345
70.6866 -0.33
70.8252 -0.315
70.9638 -0.3
71.1023 -0.285
71.2409 -0.27
71.3794 -0.255
71.518 -0.24
71.6566 -0.225
71.7951 -0.21
71.9337 -0.195
72.0722 -0.18
72.2108 -0.165
72.3494 -0.15
72.4879 -0.135
72.6265 -0.12
72.765 -0.105
72.9036 -0.09
73.0422 -0.075
73.1807 -0.06
73.3193 -0.045
73.4579 -0.03
73.5964 -0.015
73.735 -1.73472e-17
73.8735 0.015
