3.32263 0.009
6.64525 0.018
3.32263 0.009
7.13738e-17 0
-3.32263 -0.009
-6.64525 -0.018
-3.32263 -0.009
-5.78631e-18 0
3.32263 0.009
6.64525 0.018
3.32263 0.009
2.3148e-16 0
-3.32263 -0.009
-6.64525 -0.018
-3.32263 -0.009
-5.78631e-18 0
3.32263 0.009
6.64525 0.018
3.32263 0.009
2.3148e-16 0
-3.32263 -0.009
-6.64525 -0.018
-3.32263 -0.009
-5.78631e-18 0
3.32263 0.009
6.64525 0.018
9.96788 0.027
13.2905 0.036
9.96788 0.027
6.64525 0.018
3.32263 0.009
7.13738e-17 0
-3.32263 -0.009
-6.64525 -0.018
-9.96788 -0.027
-13.2905 -0.036
-9.96788 -0.027
-6.64525 -0.018
-3.32263 -0.009
-7.13738e-17 0
3.32263 0.009
6.64525 0.018
9.96788 0.027
13.2905 0.036
9.96788 0.027
6.64525 0.018
3.32263 0.009
7.13738e-17 0
-3.32263 -0.009
-6.64525 -0.018
-9.96788 -0.027
-13.2905 -0.036
-9.96788 -0.027
-6.64525 -0.018
-3.32263 -0.009
-7.13738e-17 0
3.32263 0.009
6.64525 0.018
9.96788 0.027
13.2905 0.036
9.96788 0.027
6.64525 0.018
3.32263 0.009
7.13738e-17 0
-3.32263 -0.009
-6.64525 -0.018
-9.96788 -0.027
-13.2905 -0.036
-9.96788 -0.027
-6.64525 -0.018
-3.32263 -0.009
-7.13738e-17 0
3.32263 0.009
6.64525 0.018
9.96788 0.027
13.2905 0.036
16.6131 0.045
19.9358 0.054
23.2584 0.063
26.581 0.072
29.9036 0.081
33.2263 0.09
36.5489 0.099
39.8715 0.108
36.5489 0.099
33.2263 0.09
29.9036 0.081
26.581 0.072
23.2584 0.063
19.9358 0.054
16.6131 0.045
13.2905 0.036
9.96788 0.027
6.64525 0.018
3.32263 0.009
-5.67558e-15 -6.93889e-18
-3.32263 -0.009
-6.64525 -0.018
-9.96788 -0.027
-13.2905 -0.036
-16.6131 -0.045
-19.9358 -0.054
-23.2584 -0.063
-26.581 -0.072
-29.9036 -0.081
-33.2263 -0.09
-36.5489 -0.099
-39.8715 -0.108
-36.5489 -0.099
-33.2263 -0.09
-29.9036 -0.081
-26.581 -0.072
-23.2584 -0.063
-19.9358 -0.054
-16.6131 -0.045
-13.2905 -0.036
-9.96788 -0.027
-6.64525 -0.018
-3.32263 -0.009
-2.94798e-15 6.93889e-18
3.32263 0.009
6.64525 0.018
9.96788 0.027
13.2905 0.036
16.6131 0.045
19.9358 0.054
23.2584 0.063
26.581 0.072
29.9036 0.081
33.2263 0.09
36.5489 0.099
39.8715 0.108
36.5489 0.099
33.2263 0.09
29.9036 0.081
26.581 0.072
23.2584 0.063
19.9358 0.054
16.6131 0.045
13.2905 0.036
9.96788 0.027
6.64525 0.018
3.32263 0.009
-5.67558e-15 -6.93889e-18
-3.32263 -0.009
-6.64525 -0.018
-9.96788 -0.027
-13.2905 -0.036
-16.6131 -0.045
-19.9358 -0.054
-23.2584 -0.063
-26.581 -0.072
-29.9036 -0.081
-33.2263 -0.09
-36.5489 -0.099
-39.8715 -0.108
-36.5489 -0.099
-33.2263 -0.09
-29.9036 -0.081
-26.581 -0.072
-23.2584 -0.063
-19.9358 -0.054
-16.6131 -0.045
-13.2905 -0.036
-9.96788 -0.027
-6.64525 -0.018
-3.32263 -0.009
-2.94798e-15 6.93889e-18
3.32263 0.009
6.64525 0.018
9.96788 0.027
13.2905 0.036
16.6131 0.045
19.9358 0.054
23.2584 0.063
26.581 0.072
29.9036 0.081
33.2263 0.09
36.5489 0.099
39.8715 0.108
36.5489 0.099
33.2263 0.09
29.9036 0.081
26.581 0.072
23.2584 0.063
19.9358 0.054
16.6131 0.045
13.2905 0.036
9.96788 0.027
6.64525 0.018
3.32263 0.009
-5.67558e-15 -6.93889e-18
-3.32263 -0.009
-6.64525 -0.018
-9.96788 -0.027
-13.2905 -0.036
-16.6131 -0.045
-19.9358 -0.054
-23.2584 -0.063
-26.581 -0.072
-29.9036 -0.081
-33.2263 -0.09
-36.5489 -0.099
-39.8715 -0.108
-36.5489 -0.099
-33.2263 -0.09
-29.9036 -0.081
-26.581 -0.072
-23.2584 -0.063
-19.9358 -0.054
-16.6131 -0.045
-13.2905 -0.036
-9.96788 -0.027
-6.64525 -0.018
-3.32263 -0.009
-2.94798e-15 6.93889e-18
3.32263 0.009
6.64525 0.018
9.96788 0.027
13.2905 0.036
16.6131 0.045
19.9358 0.054
23.2584 0.063
26.581 0.072
29.9036 0.081
33.2263 0.09
36.5489 0.099
39.8715 0.108
43.1941 0.117
46.5168 0.126
49.8394 0.135
53.162 0.144
56.4846 0.153
59.8073 0.162
63.1299 0.171
66.4525 0.18
63.1299 0.171
59.8073 0.162
56.4846 0.153
53.162 0.144
49.8394 0.135
46.5168 0.126
43.1941 0.117
39.8715 0.108
36.5489 0.099
33.2263 0.09
29.9036 0.081
26.581 0.072
23.2584 0.063
19.9358 0.054
16.6131 0.045
13.2905 0.036
9.96788 0.027
6.64525 0.018
3.32263 0.009
-3.42403e-17 -6.93889e-18
-3.32263 -0.009
-6.64525 -0.018
-9.96788 -0.027
-13.2905 -0.036
-16.6131 -0.045
-19.9358 -0.054
-23.2584 -0.063
-26.581 -0.072
-29.9036 -0.081
-33.2263 -0.09
-36.5489 -0.099
-39.8715 -0.108
-43.1941 -0.117
-46.5168 -0.126
-49.8394 -0.135
-53.162 -0.144
-56.4846 -0.153
-59.8073 -0.162
-63.1299 -0.171
-66.4525 -0.18
-63.1299 -0.171
-59.8073 -0.162
-56.4846 -0.153
-53.162 -0.144
-49.8394 -0.135
-46.5168 -0.126
-43.1941 -0.117
-39.8715 -0.108
-36.5489 -0.099
-33.2263 -0.09
-29.9036 -0.081
-26.581 -0.072
-23.2584 -0.063
-19.9358 -0.054
-16.6131 -0.045
-13.2905 -0.036
-9.96788 -0.027
-6.64525 -0.018
-3.32263 -0.009
1.12585e-24 6.93889e-18
3.32263 0.009
6.64525 0.018
9.96788 0.027
13.2905 0.036
16.6131 0.045
19.9358 0.054
23.2584 0.063
26.581 0.072
29.9036 0.081
33.2263 0.09
36.5489 0.099
39.8715 0.108
43.1941 0.117
46.5168 0.126
49.8394 0.135
53.162 0.144
56.4846 0.153
59.8073 0.162
63.1299 0.171
66.4525 0.18
63.1299 0.171
59.8073 0.162
56.4846 0.153
53.162 0.144
49.8394 0.135
46.5168 0.126
43.1941 0.117
39.8715 0.108
36.5489 0.099
33.2263 0.09
29.9036 0.081
26.581 0.072
23.2584 0.063
19.9358 0.054
16.6131 0.045
13.2905 0.036
9.96788 0.027
6.64525 0.018
3.32263 0.009
-3.42403e-17 -6.93889e-18
-3.32263 -0.009
-6.64525 -0.018
-9.96788 -0.027
-13.2905 -0.036
-16.6131 -0.045
-19.9358 -0.054
-23.2584 -0.063
-26.581 -0.072
-29.9036 -0.081
-33.2263 -0.09
-36.5489 -0.099
-39.8715 -0.108
-43.1941 -0.117
-46.5168 -0.126
-49.8394 -0.135
-53.162 -0.144
-56.4846 -0.153
-59.8073 -0.162
-63.1299 -0.171
-66.4525 -0.18
-63.1299 -0.171
-59.8073 -0.162
-56.4846 -0.153
-53.162 -0.144
-49.8394 -0.135
-46.5168 -0.126
-43.1941 -0.117
-39.8715 -0.108
-36.5489 -0.099
-33.2263 -0.09
-29.9036 -0.081
-26.581 -0.072
-23.2584 -0.063
-19.9358 -0.054
-16.6131 -0.045
-13.2905 -0.036
-9.96788 -0.027
-6.64525 -0.018
-3.32263 -0.009
1.12585e-24 6.93889e-18
3.32263 0.009
6.64525 0.018
9.96788 0.027
13.2905 0.036
16.6131 0.045
19.9358 0.054
23.2584 0.063
26.581 0.072
29.9036 0.081
33.2263 0.09
36.5489 0.099
39.8715 0.108
43.1941 0.117
46.5168 0.126
49.8394 0.135
53.162 0.144
56.4846 0.153
59.8073 0.162
63.1299 0.171
66.4525 0.18
63.1299 0.171
59.8073 0.162
56.4846 0.153
53.162 0.144
49.8394 0.135
46.5168 0.126
43.1941 0.117
39.8715 0.108
36.5489 0.099
33.2263 0.09
29.9036 0.081
26.581 0.072
23.2584 0.063
19.9358 0.054
16.6131 0.045
13.2905 0.036
9.96788 0.027
6.64525 0.018
3.32263 0.009
-3.42403e-17 -6.93889e-18
-3.32263 -0.009
-6.64525 -0.018
-9.96788 -0.027
-13.2905 -0.036
-16.6131 -0.045
-19.9358 -0.054
-23.2584 -0.063
-26.581 -0.072
-29.9036 -0.081
-33.2263 -0.09
-36.5489 -0.099
-39.8715 -0.108
-43.1941 -0.117
-46.5168 -0.126
-49.8394 -0.135
-53.162 -0.144
-56.4846 -0.153
-59.8073 -0.162
-63.1299 -0.171
-66.4525 -0.18
-63.1299 -0.171
-59.8073 -0.162
-56.4846 -0.153
-53.162 -0.144
-49.8394 -0.135
-46.5168 -0.126
-43.1941 -0.117
-39.8715 -0.108
-36.5489 -0.099
-33.2263 -0.09
-29.9036 -0.081
-26.581 -0.072
-23.2584 -0.063
-19.9358 -0.054
-16.6131 -0.045
-13.2905 -0.036
-9.96788 -0.027
-6.64525 -0.018
-3.32263 -0.009
1.12585e-24 6.93889e-18
3.32263 0.009
6.64525 0.018
9.96788 0.027
13.2905 0.036
16.6131 0.045
19.9358 0.054
23.2584 0.063
26.581 0.072
29.9036 0.081
33.2263 0.09
36.5489 0.099
39.8715 0.108
43.1941 0.117
46.5168 0.126
49.8394 0.135
53.162 0.144
56.4846 0.153
59.8073 0.162
63.1299 0.171
66.4525 0.18
69.7751 0.189
73.0978 0.198
76.4204 0.207
79.743 0.216
83.0656 0.225
86.3883 0.234
89.7109 0.243
93.0335 0.252
96.3562 0.261
99.6788 0.27
96.3562 0.261
93.0335 0.252
89.7109 0.243
86.3883 0.234
83.0656 0.225
79.743 0.216
76.4204 0.207
73.0978 0.198
69.7751 0.189
66.4525 0.18
63.1299 0.171
59.8073 0.162
56.4846 0.153
53.162 0.144
49.8394 0.135
46.5168 0.126
43.1941 0.117
39.8715 0.108
36.5489 0.099
33.2263 0.09
29.9036 0.081
26.581 0.072
23.2584 0.063
19.9358 0.054
16.6131 0.045
13.2905 0.036
9.96788 0.027
6.64525 0.018
3.32263 0.009
-3.42403e-17 -6.93889e-18
-3.32263 -0.009
-6.64525 -0.018
-9.96788 -0.027
-13.2905 -0.036
-16.6131 -0.045
-19.9358 -0.054
-23.2584 -0.063
-26.581 -0.072
-29.9036 -0.081
-33.2263 -0.09
-36.5489 -0.099
-39.8715 -0.108
-43.1941 -0.117
-46.5168 -0.126
-49.8394 -0.135
-53.162 -0.144
-56.4846 -0.153
-59.8073 -0.162
-63.1299 -0.171
-66.4525 -0.18
-69.7751 -0.189
-73.0978 -0.198
-76.4204 -0.207
-79.743 -0.216
-83.0656 -0.225
-86.3883 -0.234
-89.7109 -0.243
-93.0335 -0.252
-96.3562 -0.261
-99.6788 -0.27
-96.3562 -0.261
-93.0335 -0.252
-89.7109 -0.243
-86.3883 -0.234
-83.0656 -0.225
-79.743 -0.216
-76.4204 -0.207
-73.0978 -0.198
-69.7751 -0.189
-66.4525 -0.18
-63.1299 -0.171
-59.8073 -0.162
-56.4846 -0.153
-53.162 -0.144
-49.8394 -0.135
-46.5168 -0.126
-43.1941 -0.117
-39.8715 -0.108
-36.5489 -0.099
-33.2263 -0.09
-29.9036 -0.081
-26.581 -0.072
-23.2584 -0.063
-19.9358 -0.054
-16.6131 -0.045
-13.2905 -0.036
-9.96788 -0.027
-6.64525 -0.018
-3.32263 -0.009
1.12585e-24 6.93889e-18
3.32263 0.009
6.64525 0.018
9.96788 0.027
13.2905 0.036
16.6131 0.045
19.9358 0.054
23.2584 0.063
26.581 0.072
29.9036 0.081
33.2263 0.09
36.5489 0.099
39.8715 0.108
43.1941 0.117
46.5168 0.126
49.8394 0.135
53.162 0.144
56.4846 0.153
59.8073 0.162
63.1299 0.171
66.4525 0.18
69.7751 0.189
73.0978 0.198
76.4204 0.207
79.743 0.216
83.0656 0.225
86.3883 0.234
89.7109 0.243
93.0335 0.252
96.3562 0.261
99.6788 0.27
96.3562 0.261
93.0335 0.252
89.7109 0.243
86.3883 0.234
83.0656 0.225
79.743 0.216
76.4204 0.207
73.0978 0.198
69.7751 0.189
66.4525 0.18
63.1299 0.171
59.8073 0.162
56.4846 0.153
53.162 0.144
49.8394 0.135
46.5168 0.126
43.1941 0.117
39.8715 0.108
36.5489 0.099
33.2263 0.09
29.9036 0.081
26.581 0.072
23.2584 0.063
19.9358 0.054
16.6131 0.045
13.2905 0.036
9.96788 0.027
6.64525 0.018
3.32263 0.009
-3.42403e-17 -6.93889e-18
-3.32263 -0.009
-6.64525 -0.018
-9.96788 -0.027
-13.2905 -0.036
-16.6131 -0.045
-19.9358 -0.054
-23.2584 -0.063
-26.581 -0.072
-29.9036 -0.081
-33.2263 -0.09
-36.5489 -0.099
-39.8715 -0.108
-43.1941 -0.117
-46.5168 -0.126
-49.8394 -0.135
-53.162 -0.144
-56.4846 -0.153
-59.8073 -0.162
-63.1299 -0.171
-66.4525 -0.18
-69.7751 -0.189
-73.0978 -0.198
-76.4204 -0.207
-79.743 -0.216
-83.0656 -0.225
-86.3883 -0.234
-89.7109 -0.243
-93.0335 -0.252
-96.3562 -0.261
-99.6788 -0.27
-96.3562 -0.261
-93.0335 -0.252
-89.7109 -0.243
-86.3883 -0.234
-83.0656 -0.225
-79.743 -0.216
-76.4204 -0.207
-73.0978 -0.198
-69.7751 -0.189
-66.4525 -0.18
-63.1299 -0.171
-59.8073 -0.162
-56.4846 -0.153
-53.162 -0.144
-49.8394 -0.135
-46.5168 -0.126
-43.1941 -0.117
-39.8715 -0.108
-36.5489 -0.099
-33.2263 -0.09
-29.9036 -0.081
-26.581 -0.072
-23.2584 -0.063
-19.9358 -0.054
-16.6131 -0.045
-13.2905 -0.036
-9.96788 -0.027
-6.64525 -0.018
-3.32263 -0.009
1.12585e-24 6.93889e-18
3.32263 0.009
6.64525 0.018
9.96788 0.027
13.2905 0.036
16.6131 0.045
19.9358 0.054
23.2584 0.063
26.581 0.072
29.9036 0.081
33.2263 0.09
36.5489 0.099
39.8715 0.108
43.1941 0.117
46.5168 0.126
49.8394 0.135
53.162 0.144
56.4846 0.153
59.8073 0.162
63.1299 0.171
66.4525 0.18
69.7751 0.189
73.0978 0.198
76.4204 0.207
79.743 0.216
83.0656 0.225
86.3883 0.234
89.7109 0.243
93.0335 0.252
96.3562 0.261
99.6788 0.27
96.3562 0.261
93.0335 0.252
89.7109 0.243
86.3883 0.234
83.0656 0.225
79.743 0.216
76.4204 0.207
73.0978 0.198
69.7751 0.189
66.4525 0.18
63.1299 0.171
59.8073 0.162
56.4846 0.153
53.162 0.144
49.8394 0.135
46.5168 0.126
43.1941 0.117
39.8715 0.108
36.5489 0.099
33.2263 0.09
29.9036 0.081
26.581 0.072
23.2584 0.063
19.9358 0.054
16.6131 0.045
13.2905 0.036
9.96788 0.027
6.64525 0.018
3.32263 0.009
-3.42403e-17 -6.93889e-18
-3.32263 -0.009
-6.64525 -0.018
-9.96788 -0.027
-13.2905 -0.036
-16.6131 -0.045
-19.9358 -0.054
-23.2584 -0.063
-26.581 -0.072
-29.9036 -0.081
-33.2263 -0.09
-36.5489 -0.099
-39.8715 -0.108
-43.1941 -0.117
-46.5168 -0.126
-49.8394 -0.135
-53.162 -0.144
-56.4846 -0.153
-59.8073 -0.162
-63.1299 -0.171
-66.4525 -0.18
-69.7751 -0.189
-73.0978 -0.198
-76.4204 -0.207
-79.743 -0.216
-83.0656 -0.225
-86.3883 -0.234
-89.7109 -0.243
-93.0335 -0.252
-96.3562 -0.261
-99.6788 -0.27
-96.3562 -0.261
-93.0335 -0.252
-89.7109 -0.243
-86.3883 -0.234
-83.0656 -0.225
-79.743 -0.216
-76.4204 -0.207
-73.0978 -0.198
-69.7751 -0.189
-66.4525 -0.18
-63.1299 -0.171
-59.8073 -0.162
-56.4846 -0.153
-53.162 -0.144
-49.8394 -0.135
-46.5168 -0.126
-43.1941 -0.117
-39.8715 -0.108
-36.5489 -0.099
-33.2263 -0.09
-29.9036 -0.081
-26.581 -0.072
-23.2584 -0.063
-19.9358 -0.054
-16.6131 -0.045
-13.2905 -0.036
-9.96788 -0.027
-6.64525 -0.018
-3.32263 -0.009
1.12585e-24 6.93889e-18
3.32263 0.009
6.64525 0.018
9.96788 0.027
13.2905 0.036
16.6131 0.045
19.9358 0.054
23.2584 0.063
26.581 0.072
29.9036 0.081
33.2263 0.09
36.5489 0.099
39.8715 0.108
43.1941 0.117
46.5168 0.126
49.8394 0.135
53.162 0.144
56.4846 0.153
59.8073 0.162
63.1299 0.171
66.4525 0.18
69.7751 0.189
73.0978 0.198
76.4204 0.207
79.743 0.216
83.0656 0.225
86.3883 0.234
89.7109 0.243
93.0335 0.252
96.3562 0.261
99.6788 0.27
103.001 0.279
106.324 0.288
109.647 0.297
112.969 0.306
116.292 0.315
119.615 0.324
122.937 0.333
126.26 0.342
129.582 0.351
132.905 0.36
129.582 0.351
126.26 0.342
122.937 0.333
119.615 0.324
116.292 0.315
112.969 0.306
109.647 0.297
106.324 0.288
103.001 0.279
99.6788 0.27
96.3562 0.261
93.0335 0.252
89.7109 0.243
86.3883 0.234
83.0656 0.225
79.743 0.216
76.4204 0.207
73.0978 0.198
69.7751 0.189
66.4525 0.18
63.1299 0.171
59.8073 0.162
56.4846 0.153
53.162 0.144
49.8394 0.135
46.5168 0.126
43.1941 0.117
39.8715 0.108
36.5489 0.099
33.2263 0.09
29.9036 0.081
26.581 0.072
23.2584 0.063
19.9358 0.054
16.6131 0.045
13.2905 0.036
9.96788 0.027
6.64525 0.018
3.32263 0.009
1.71328e-14 -6.93889e-18
-3.32263 -0.009
-6.64525 -0.018
-9.96788 -0.027
-13.2905 -0.036
-16.6131 -0.045
-19.9358 -0.054
-23.2584 -0.063
-26.581 -0.072
-29.9036 -0.081
-33.2263 -0.09
-36.5489 -0.099
-39.8715 -0.108
-43.1941 -0.117
-46.5168 -0.126
-49.8394 -0.135
-53.162 -0.144
-56.4846 -0.153
-59.8073 -0.162
-63.1299 -0.171
-66.4525 -0.18
-69.7751 -0.189
-73.0978 -0.198
-76.4204 -0.207
-79.743 -0.216
-83.0656 -0.225
-86.3883 -0.234
-89.7109 -0.243
-93.0335 -0.252
-96.3562 -0.261
-99.6788 -0.27
-103.001 -0.279
-106.324 -0.288
-109.647 -0.297
-112.969 -0.306
-116.292 -0.315
-119.615 -0.324
-122.937 -0.333
-126.26 -0.342
-129.582 -0.351
-132.905 -0.36
-129.582 -0.351
-126.26 -0.342
-122.937 -0.333
-119.615 -0.324
-116.292 -0.315
-112.969 -0.306
-109.647 -0.297
-106.324 -0.288
-103.001 -0.279
-99.6788 -0.27
-96.3562 -0.261
-93.0335 -0.252
-89.7109 -0.243
-86.3883 -0.234
-83.0656 -0.225
-79.743 -0.216
-76.4204 -0.207
-73.0978 -0.198
-69.7751 -0.189
-66.4525 -0.18
-63.1299 -0.171
-59.8073 -0.162
-56.4846 -0.153
-53.162 -0.144
-49.8394 -0.135
-46.5168 -0.126
-43.1941 -0.117
-39.8715 -0.108
-36.5489 -0.099
-33.2263 -0.09
-29.9036 -0.081
-26.581 -0.072
-23.2584 -0.063
-19.9358 -0.054
-16.6131 -0.045
-13.2905 -0.036
-9.96788 -0.027
-6.64525 -0.018
-3.32263 -0.009
3.23071e-24 6.93889e-18
3.32263 0.009
6.64525 0.018
9.96788 0.027
13.2905 0.036
16.6131 0.045
19.9358 0.054
23.2584 0.063
26.581 0.072
29.9036 0.081
33.2263 0.09
36.5489 0.099
39.8715 0.108
43.1941 0.117
46.5168 0.126
49.8394 0.135
53.162 0.144
56.4846 0.153
59.8073 0.162
63.1299 0.171
66.4525 0.18
69.7751 0.189
73.0978 0.198
76.4204 0.207
79.743 0.216
83.0656 0.225
86.3883 0.234
89.7109 0.243
93.0335 0.252
96.3562 0.261
99.6788 0.27
103.001 0.279
106.324 0.288
109.647 0.297
112.969 0.306
116.292 0.315
119.615 0.324
122.937 0.333
126.26 0.342
129.582 0.351
132.905 0.36
129.582 0.351
126.26 0.342
122.937 0.333
119.615 0.324
116.292 0.315
112.969 0.306
109.647 0.297
106.324 0.288
103.001 0.279
99.6788 0.27
96.3562 0.261
93.0335 0.252
89.7109 0.243
86.3883 0.234
83.0656 0.225
79.743 0.216
76.4204 0.207
73.0978 0.198
69.7751 0.189
66.4525 0.18
63.1299 0.171
59.8073 0.162
56.4846 0.153
53.162 0.144
49.8394 0.135
46.5168 0.126
43.1941 0.117
39.8715 0.108
36.5489 0.099
33.2263 0.09
29.9036 0.081
26.581 0.072
23.2584 0.063
19.9358 0.054
16.6131 0.045
13.2905 0.036
9.96788 0.027
6.64525 0.018
3.32263 0.009
1.71328e-14 -6.93889e-18
-3.32263 -0.009
-6.64525 -0.018
-9.96788 -0.027
-13.2905 -0.036
-16.6131 -0.045
-19.9358 -0.054
-23.2584 -0.063
-26.581 -0.072
-29.9036 -0.081
-33.2263 -0.09
-36.5489 -0.099
-39.8715 -0.108
-43.1941 -0.117
-46.5168 -0.126
-49.8394 -0.135
-53.162 -0.144
-56.4846 -0.153
-59.8073 -0.162
-63.1299 -0.171
-66.4525 -0.18
-69.7751 -0.189
-73.0978 -0.198
-76.4204 -0.207
-79.743 -0.216
-83.0656 -0.225
-86.3883 -0.234
-89.7109 -0.243
-93.0335 -0.252
-96.3562 -0.261
-99.6788 -0.27
-103.001 -0.279
-106.324 -0.288
-109.647 -0.297
-112.969 -0.306
-116.292 -0.315
-119.615 -0.324
-122.937 -0.333
-126.26 -0.342
-129.582 -0.351
-132.905 -0.36
-129.582 -0.351
-126.26 -0.342
-122.937 -0.333
-119.615 -0.324
-116.292 -0.315
-112.969 -0.306
-109.647 -0.297
-106.324 -0.288
-103.001 -0.279
-99.6788 -0.27
-96.3562 -0.261
-93.0335 -0.252
-89.7109 -0.243
-86.3883 -0.234
-83.0656 -0.225
-79.743 -0.216
-76.4204 -0.207
-73.0978 -0.198
-69.7751 -0.189
-66.4525 -0.18
-63.1299 -0.171
-59.8073 -0.162
-56.4846 -0.153
-53.162 -0.144
-49.8394 -0.135
-46.5168 -0.126
-43.1941 -0.117
-39.8715 -0.108
-36.5489 -0.099
-33.2263 -0.09
-29.9036 -0.081
-26.581 -0.072
-23.2584 -0.063
-19.9358 -0.054
-16.6131 -0.045
-13.2905 -0.036
-9.96788 -0.027
-6.64525 -0.018
-3.32263 -0.009
3.23071e-24 6.93889e-18
3.32263 0.009
6.64525 0.018
9.96788 0.027
13.2905 0.036
16.6131 0.045
19.9358 0.054
23.2584 0.063
26.581 0.072
29.9036 0.081
33.2263 0.09
36.5489 0.099
39.8715 0.108
43.1941 0.117
46.5168 0.126
49.8394 0.135
53.162 0.144
56.4846 0.153
59.8073 0.162
63.1299 0.171
66.4525 0.18
69.7751 0.189
73.0978 0.198
76.4204 0.207
79.743 0.216
83.0656 0.225
86.3883 0.234
89.7109 0.243
93.0335 0.252
96.3562 0.261
99.6788 0.27
103.001 0.279
106.324 0.288
109.647 0.297
112.969 0.306
116.292 0.315
119.615 0.324
122.937 0.333
126.26 0.342
129.582 0.351
132.905 0.36
129.582 0.351
126.26 0.342
122.937 0.333
119.615 0.324
116.292 0.315
112.969 0.306
109.647 0.297
106.324 0.288
103.001 0.279
99.6788 0.27
96.3562 0.261
93.0335 0.252
89.7109 0.243
86.3883 0.234
83.0656 0.225
79.743 0.216
76.4204 0.207
73.0978 0.198
69.7751 0.189
66.4525 0.18
63.1299 0.171
59.8073 0.162
56.4846 0.153
53.162 0.144
49.8394 0.135
46.5168 0.126
43.1941 0.117
39.8715 0.108
36.5489 0.099
33.2263 0.09
29.9036 0.081
26.581 0.072
23.2584 0.063
19.9358 0.054
16.6131 0.045
13.2905 0.036
9.96788 0.027
6.64525 0.018
3.32263 0.009
1.71328e-14 -6.93889e-18
-3.32263 -0.009
-6.64525 -0.018
-9.96788 -0.027
-13.2905 -0.036
-16.6131 -0.045
-19.9358 -0.054
-23.2584 -0.063
-26.581 -0.072
-29.9036 -0.081
-33.2263 -0.09
-36.5489 -0.099
-39.8715 -0.108
-43.1941 -0.117
-46.5168 -0.126
-49.8394 -0.135
-53.162 -0.144
-56.4846 -0.153
-59.8073 -0.162
-63.1299 -0.171
-66.4525 -0.18
-69.7751 -0.189
-73.0978 -0.198
-76.4204 -0.207
-79.743 -0.216
-83.0656 -0.225
-86.3883 -0.234
-89.7109 -0.243
-93.0335 -0.252
-96.3562 -0.261
-99.6788 -0.27
-103.001 -0.279
-106.324 -0.288
-109.647 -0.297
-112.969 -0.306
-116.292 -0.315
-119.615 -0.324
-122.937 -0.333
-126.26 -0.342
-129.582 -0.351
-132.905 -0.36
-129.582 -0.351
-126.26 -0.342
-122.937 -0.333
-119.615 -0.324
-116.292 -0.315
-112.969 -0.306
-109.647 -0.297
-106.324 -0.288
-103.001 -0.279
-99.6788 -0.27
-96.3562 -0.261
-93.0335 -0.252
-89.7109 -0.243
-86.3883 -0.234
-83.0656 -0.225
-79.743 -0.216
-76.4204 -0.207
-73.0978 -0.198
-69.7751 -0.189
-66.4525 -0.18
-63.1299 -0.171
-59.8073 -0.162
-56.4846 -0.153
-53.162 -0.144
-49.8394 -0.135
-46.5168 -0.126
-43.1941 -0.117
-39.8715 -0.108
-36.5489 -0.099
-33.2263 -0.09
-29.9036 -0.081
-26.581 -0.072
-23.2584 -0.063
-19.9358 -0.054
-16.6131 -0.045
-13.2905 -0.036
-9.96788 -0.027
-6.64525 -0.018
-3.32263 -0.009
3.23071e-24 6.93889e-18
3.32263 0.009
6.64525 0.018
9.96788 0.027
13.2905 0.036
16.6131 0.045
19.9358 0.054
23.2584 0.063
26.581 0.072
29.9036 0.081
33.2263 0.09
36.5489 0.099
39.8715 0.108
43.1941 0.117
46.5168 0.126
49.8394 0.135
53.162 0.144
56.4846 0.153
59.8073 0.162
63.1299 0.171
66.4525 0.18
69.7751 0.189
73.0978 0.198
76.4204 0.207
79.743 0.216
83.0656 0.225
86.3883 0.234
89.7109 0.243
93.0335 0.252
96.3562 0.261
99.6788 0.27
103.001 0.279
106.324 0.288
109.647 0.297
112.969 0.306
116.292 0.315
119.615 0.324
122.937 0.333
126.26 0.342
129.582 0.351
132.905 0.36
136.228 0.369
136.867 0.378
136.948 0.387
137.029 0.396
137.11 0.405
137.191 0.414
137.272 0.423
137.353 0.432
137.434 0.441
137.515 0.45
137.596 0.459
137.677 0.468
137.758 0.477
137.839 0.486
137.92 0.495
138.001 0.504
138.082 0.513
138.163 0.522
138.244 0.531
138.325 0.54
135.293 0.531
132.26 0.522
129.228 0.513
126.195 0.504
123.163 0.495
120.13 0.486
117.098 0.477
114.065 0.468
111.033 0.459
108 0.45
104.968 0.441
101.935 0.432
98.9029 0.423
95.8704 0.414
92.8379 0.405
89.8054 0.396
86.7729 0.387
83.7404 0.378
80.7079 0.369
77.6754 0.36
74.6429 0.351
71.6104 0.342
68.578 0.333
65.5455 0.324
62.513 0.315
59.4805 0.306
56.448 0.297
53.4155 0.288
50.383 0.279
47.3505 0.27
44.318 0.261
41.2855 0.252
38.253 0.243
35.2205 0.234
32.1881 0.225
29.1556 0.216
26.1231 0.207
23.0906 0.198
20.0581 0.189
17.0256 0.18
13.9931 0.171
10.9606 0.162
7.92812 0.153
4.89563 0.144
1.86313 0.135
-1.45949 0.126
-4.78212 0.117
-8.10474 0.108
-11.4274 0.099
-14.75 0.09
-18.0726 0.081
-21.3952 0.072
-24.7179 0.063
-28.0405 0.054
-31.3631 0.045
-34.6858 0.036
-38.0084 0.027
-41.331 0.018
-44.6536 0.009
-47.9763 -6.245e-17
-51.2989 -0.009
-54.6215 -0.018
-57.9441 -0.027
-61.2668 -0.036
-64.5894 -0.045
-67.2243 -0.054
-69.2024 -0.063
-71.1806 -0.072
-73.1587 -0.081
-75.1369 -0.09
-77.115 -0.099
-79.0931 -0.108
-81.0713 -0.117
-83.0494 -0.126
-85.0276 -0.135
-87.0057 -0.144
-88.9839 -0.153
-90.962 -0.162
-92.9401 -0.171
-94.9183 -0.18
-96.8964 -0.189
-98.8746 -0.198
-100.853 -0.207
-102.831 -0.216
-104.809 -0.225
-106.787 -0.234
-108.765 -0.243
-110.743 -0.252
-112.722 -0.261
-114.7 -0.27
-116.678 -0.279
-118.656 -0.288
-120.634 -0.297
-122.612 -0.306
-124.59 -0.315
-126.569 -0.324
-128.547 -0.333
-130.525 -0.342
-132.503 -0.351
-134.481 -0.36
-136.459 -0.369
-136.867 -0.378
-136.948 -0.387
-137.029 -0.396
-137.11 -0.405
-137.191 -0.414
-137.272 -0.423
-137.353 -0.432
-137.434 -0.441
-137.515 -0.45
-137.596 -0.459
-137.677 -0.468
-137.758 -0.477
-137.839 -0.486
-137.92 -0.495
-138.001 -0.504
-138.082 -0.513
-138.163 -0.522
-138.244 -0.531
-138.325 -0.54
-135.293 -0.531
-132.26 -0.522
-129.228 -0.513
-126.195 -0.504
-123.163 -0.495
-120.13 -0.486
-117.098 -0.477
-114.065 -0.468
-111.033 -0.459
-108 -0.45
-104.968 -0.441
-101.935 -0.432
-98.9029 -0.423
-95.8704 -0.414
-92.8379 -0.405
-89.8054 -0.396
-86.7729 -0.387
-83.7404 -0.378
-80.7079 -0.369
-77.6754 -0.36
-74.6429 -0.351
-71.6104 -0.342
-68.578 -0.333
-65.5455 -0.324
-62.513 -0.315
-59.4805 -0.306
-56.448 -0.297
-53.4155 -0.288
-50.383 -0.279
-47.3505 -0.27
-44.318 -0.261
-41.2855 -0.252
-38.253 -0.243
-35.2205 -0.234
-32.1881 -0.225
-29.1556 -0.216
-26.1231 -0.207
-23.0906 -0.198
-20.0581 -0.189
-17.0256 -0.18
-13.9931 -0.171
-10.9606 -0.162
-7.92812 -0.153
-4.89563 -0.144
-1.86313 -0.135
1.16936 -0.126
4.20185 -0.117
7.23434 -0.108
10.2668 -0.099
13.2993 -0.09
16.3318 -0.081
19.3643 -0.072
22.3968 -0.063
25.4293 -0.054
28.4618 -0.045
31.4943 -0.036
34.5268 -0.027
37.5593 -0.018
40.5918 -0.009
43.6242 -4.85723e-17
46.6567 0.009
49.6892 0.018
52.1865 0.027
53.6977 0.036
55.2089 0.045
56.7201 0.054
58.2313 0.063
59.7425 0.072
61.2537 0.081
62.7649 0.09
64.2761 0.099
65.7873 0.108
67.2985 0.117
68.8097 0.126
70.321 0.135
71.8322 0.144
73.3434 0.153
74.8546 0.162
76.3658 0.171
77.877 0.18
79.3882 0.189
80.8994 0.198
82.4106 0.207
83.9218 0.216
85.433 0.225
86.9442 0.234
88.4554 0.243
89.9666 0.252
91.4779 0.261
92.9891 0.27
94.5003 0.279
96.0115 0.288
97.5227 0.297
99.0339 0.306
100.545 0.315
102.056 0.324
103.568 0.333
105.079 0.342
106.59 0.351
108.101 0.36
109.612 0.369
111.124 0.378
112.635 0.387
114.146 0.396
115.657 0.405
117.168 0.414
118.68 0.423
120.191 0.432
121.702 0.441
123.213 0.45
124.724 0.459
126.236 0.468
127.747 0.477
129.258 0.486
130.769 0.495
132.28 0.504
133.792 0.513
135.303 0.522
136.814 0.531
138.325 0.54
135.293 0.531
132.26 0.522
129.228 0.513
126.195 0.504
123.163 0.495
120.13 0.486
117.098 0.477
114.065 0.468
111.033 0.459
108 0.45
104.968 0.441
101.935 0.432
98.9029 0.423
95.8704 0.414
92.8379 0.405
89.8054 0.396
86.7729 0.387
83.7404 0.378
80.7079 0.369
77.6754 0.36
74.6429 0.351
71.6104 0.342
68.578 0.333
65.5455 0.324
62.513 0.315
59.4805 0.306
56.448 0.297
53.4155 0.288
50.383 0.279
47.3505 0.27
44.318 0.261
41.2855 0.252
38.253 0.243
35.2205 0.234
32.1881 0.225
29.1556 0.216
26.1231 0.207
23.0906 0.198
20.0581 0.189
17.0256 0.18
13.9931 0.171
10.9606 0.162
7.92812 0.153
4.89563 0.144
1.86313 0.135
-1.16936 0.126
-4.20185 0.117
-7.23434 0.108
-10.2668 0.099
-13.2993 0.09
-16.3318 0.081
-19.3643 0.072
-22.3968 0.063
-25.4293 0.054
-28.4618 0.045
-31.4943 0.036
-34.5268 0.027
-37.5593 0.018
-40.5918 0.009
-43.6242 -6.245e-17
-46.6567 -0.009
-49.6892 -0.018
-52.1865 -0.027
-53.6977 -0.036
-55.2089 -0.045
-56.7201 -0.054
-58.2313 -0.063
-59.7425 -0.072
-61.2537 -0.081
-62.7649 -0.09
-64.2761 -0.099
-65.7873 -0.108
-67.2985 -0.117
-68.8097 -0.126
-70.321 -0.135
-71.8322 -0.144
-73.3434 -0.153
-74.8546 -0.162
-76.3658 -0.171
-77.877 -0.18
-79.3882 -0.189
-80.8994 -0.198
-82.4106 -0.207
-83.9218 -0.216
-85.433 -0.225
-86.9442 -0.234
-88.4554 -0.243
-89.9666 -0.252
-91.4779 -0.261
-92.9891 -0.27
-94.5003 -0.279
-96.0115 -0.288
-97.5227 -0.297
-99.0339 -0.306
-100.545 -0.315
-102.056 -0.324
-103.568 -0.333
-105.079 -0.342
-106.59 -0.351
-108.101 -0.36
-109.612 -0.369
-111.124 -0.378
-112.635 -0.387
-114.146 -0.396
-115.657 -0.405
-117.168 -0.414
-118.68 -0.423
-120.191 -0.432
-121.702 -0.441
-123.213 -0.45
-124.724 -0.459
-126.236 -0.468
-127.747 -0.477
-129.258 -0.486
-130.769 -0.495
-132.28 -0.504
-133.792 -0.513
-135.303 -0.522
-136.814 -0.531
-138.325 -0.54
-135.293 -0.531
-132.26 -0.522
-129.228 -0.513
-126.195 -0.504
-123.163 -0.495
-120.13 -0.486
-117.098 -0.477
-114.065 -0.468
-111.033 -0.459
-108 -0.45
-104.968 -0.441
-101.935 -0.432
-98.9029 -0.423
-95.8704 -0.414
-92.8379 -0.405
-89.8054 -0.396
-86.7729 -0.387
-83.7404 -0.378
-80.7079 -0.369
-77.6754 -0.36
-74.6429 -0.351
-71.6104 -0.342
-68.578 -0.333
-65.5455 -0.324
-62.513 -0.315
-59.4805 -0.306
-56.448 -0.297
-53.4155 -0.288
-50.383 -0.279
-47.3505 -0.27
-44.318 -0.261
-41.2855 -0.252
-38.253 -0.243
-35.2205 -0.234
-32.1881 -0.225
-29.1556 -0.216
-26.1231 -0.207
-23.0906 -0.198
-20.0581 -0.189
-17.0256 -0.18
-13.9931 -0.171
-10.9606 -0.162
-7.92812 -0.153
-4.89563 -0.144
-1.86313 -0.135
1.16936 -0.126
4.20185 -0.117
7.23434 -0.108
10.2668 -0.099
13.2993 -0.09
16.3318 -0.081
19.3643 -0.072
22.3968 -0.063
25.4293 -0.054
28.4618 -0.045
31.4943 -0.036
34.5268 -0.027
37.5593 -0.018
40.5918 -0.009
43.6242 -4.85723e-17
46.6567 0.009
49.6892 0.018
52.1865 0.027
53.6977 0.036
55.2089 0.045
56.7201 0.054
58.2313 0.063
59.7425 0.072
61.2537 0.081
62.7649 0.09
64.2761 0.099
65.7873 0.108
67.2985 0.117
68.8097 0.126
70.321 0.135
71.8322 0.144
73.3434 0.153
74.8546 0.162
76.3658 0.171
77.877 0.18
79.3882 0.189
80.8994 0.198
82.4106 0.207
83.9218 0.216
85.433 0.225
86.9442 0.234
88.4554 0.243
89.9666 0.252
91.4779 0.261
92.9891 0.27
94.5003 0.279
96.0115 0.288
97.5227 0.297
99.0339 0.306
100.545 0.315
102.056 0.324
103.568 0.333
105.079 0.342
106.59 0.351
108.101 0.36
109.612 0.369
111.124 0.378
112.635 0.387
114.146 0.396
115.657 0.405
117.168 0.414
118.68 0.423
120.191 0.432
121.702 0.441
123.213 0.45
124.724 0.459
126.236 0.468
127.747 0.477
129.258 0.486
130.769 0.495
132.28 0.504
133.792 0.513
135.303 0.522
136.814 0.531
138.325 0.54
135.293 0.531
132.26 0.522
129.228 0.513
126.195 0.504
123.163 0.495
120.13 0.486
117.098 0.477
114.065 0.468
111.033 0.459
108 0.45
104.968 0.441
101.935 0.432
98.9029 0.423
95.8704 0.414
92.8379 0.405
89.8054 0.396
86.7729 0.387
83.7404 0.378
80.7079 0.369
77.6754 0.36
74.6429 0.351
71.6104 0.342
68.578 0.333
65.5455 0.324
62.513 0.315
59.4805 0.306
56.448 0.297
53.4155 0.288
50.383 0.279
47.3505 0.27
44.318 0.261
41.2855 0.252
38.253 0.243
35.2205 0.234
32.1881 0.225
29.1556 0.216
26.1231 0.207
23.0906 0.198
20.0581 0.189
17.0256 0.18
13.9931 0.171
10.9606 0.162
7.92812 0.153
4.89563 0.144
1.86313 0.135
-1.16936 0.126
-4.20185 0.117
-7.23434 0.108
-10.2668 0.099
-13.2993 0.09
-16.3318 0.081
-19.3643 0.072
-22.3968 0.063
-25.4293 0.054
-28.4618 0.045
-31.4943 0.036
-34.5268 0.027
-37.5593 0.018
-40.5918 0.009
-43.6242 -6.245e-17
-46.6567 -0.009
-49.6892 -0.018
-52.1865 -0.027
-53.6977 -0.036
-55.2089 -0.045
-56.7201 -0.054
-58.2313 -0.063
-59.7425 -0.072
-61.2537 -0.081
-62.7649 -0.09
-64.2761 -0.099
-65.7873 -0.108
-67.2985 -0.117
-68.8097 -0.126
-70.321 -0.135
-71.8322 -0.144
-73.3434 -0.153
-74.8546 -0.162
-76.3658 -0.171
-77.877 -0.18
-79.3882 -0.189
-80.8994 -0.198
-82.4106 -0.207
-83.9218 -0.216
-85.433 -0.225
-86.9442 -0.234
-88.4554 -0.243
-89.9666 -0.252
-91.4779 -0.261
-92.9891 -0.27
-94.5003 -0.279
-96.0115 -0.288
-97.5227 -0.297
-99.0339 -0.306
-100.545 -0.315
-102.056 -0.324
-103.568 -0.333
-105.079 -0.342
-106.59 -0.351
-108.101 -0.36
-109.612 -0.369
-111.124 -0.378
-112.635 -0.387
-114.146 -0.396
-115.657 -0.405
-117.168 -0.414
-118.68 -0.423
-120.191 -0.432
-121.702 -0.441
-123.213 -0.45
-124.724 -0.459
-126.236 -0.468
-127.747 -0.477
-129.258 -0.486
-130.769 -0.495
-132.28 -0.504
-133.792 -0.513
-135.303 -0.522
-136.814 -0.531
-138.325 -0.54
-135.293 -0.531
-132.26 -0.522
-129.228 -0.513
-126.195 -0.504
-123.163 -0.495
-120.13 -0.486
-117.098 -0.477
-114.065 -0.468
-111.033 -0.459
-108 -0.45
-104.968 -0.441
-101.935 -0.432
-98.9029 -0.423
-95.8704 -0.414
-92.8379 -0.405
-89.8054 -0.396
-86.7729 -0.387
-83.7404 -0.378
-80.7079 -0.369
-77.6754 -0.36
-74.6429 -0.351
-71.6104 -0.342
-68.578 -0.333
-65.5455 -0.324
-62.513 -0.315
-59.4805 -0.306
-56.448 -0.297
-53.4155 -0.288
-50.383 -0.279
-47.3505 -0.27
-44.318 -0.261
-41.2855 -0.252
-38.253 -0.243
-35.2205 -0.234
-32.1881 -0.225
-29.1556 -0.216
-26.1231 -0.207
-23.0906 -0.198
-20.0581 -0.189
-17.0256 -0.18
-13.9931 -0.171
-10.9606 -0.162
-7.92812 -0.153
-4.89563 -0.144
-1.86313 -0.135
1.16936 -0.126
4.20185 -0.117
7.23434 -0.108
10.2668 -0.099
13.2993 -0.09
16.3318 -0.081
19.3643 -0.072
22.3968 -0.063
25.4293 -0.054
28.4618 -0.045
31.4943 -0.036
34.5268 -0.027
37.5593 -0.018
40.5918 -0.009
43.6242 -4.85723e-17
46.6567 0.009
49.6892 0.018
52.1865 0.027
53.6977 0.036
55.2089 0.045
56.7201 0.054
58.2313 0.063
59.7425 0.072
61.2537 0.081
62.7649 0.09
64.2761 0.099
65.7873 0.108
67.2985 0.117
68.8097 0.126
70.321 0.135
71.8322 0.144
73.3434 0.153
74.8546 0.162
76.3658 0.171
77.877 0.18
79.3882 0.189
80.8994 0.198
82.4106 0.207
83.9218 0.216
85.433 0.225
86.9442 0.234
88.4554 0.243
89.9666 0.252
91.4779 0.261
92.9891 0.27
94.5003 0.279
96.0115 0.288
97.5227 0.297
99.0339 0.306
100.545 0.315
102.056 0.324
103.568 0.333
105.079 0.342
106.59 0.351
108.101 0.36
109.612 0.369
111.124 0.378
112.635 0.387
114.146 0.396
115.657 0.405
117.168 0.414
118.68 0.423
120.191 0.432
121.702 0.441
123.213 0.45
124.724 0.459
126.236 0.468
127.747 0.477
129.258 0.486
130.769 0.495
132.28 0.504
133.792 0.513
135.303 0.522
136.814 0.531
138.325 0.54
138.406 0.549
138.487 0.558
138.568 0.567
138.649 0.576
138.73 0.585
138.811 0.594
138.892 0.603
138.973 0.612
139.054 0.621
139.135 0.63
139.216 0.639
139.297 0.648
139.378 0.657
139.459 0.666
139.54 0.675
139.621 0.684
139.702 0.693
139.783 0.702
139.865 0.711
139.946 0.72
137.111 0.711
134.277 0.702
131.442 0.693
128.608 0.684
125.773 0.675
122.939 0.666
120.105 0.657
117.27 0.648
114.436 0.639
111.601 0.63
108.767 0.621
105.933 0.612
103.098 0.603
100.264 0.594
97.4294 0.585
94.595 0.576
91.7605 0.567
88.9261 0.558
86.0917 0.549
83.2573 0.54
80.4229 0.531
77.5885 0.522
74.7541 0.513
71.9197 0.504
69.0853 0.495
66.2509 0.486
63.4165 0.477
60.582 0.468
57.7476 0.459
54.9132 0.45
52.0788 0.441
49.2444 0.432
46.41 0.423
43.5756 0.414
40.7412 0.405
37.9068 0.396
35.0724 0.387
32.2379 0.378
29.4035 0.369
26.5691 0.36
23.7347 0.351
20.9003 0.342
18.0659 0.333
15.2315 0.324
12.3971 0.315
9.56267 0.306
6.72826 0.297
3.89385 0.288
1.05944 0.279
-1.91633 0.27
-4.94883 0.261
-7.98132 0.252
-11.0138 0.243
-14.0463 0.234
-17.0788 0.225
-20.1113 0.216
-23.1438 0.207
-26.1763 0.198
-29.2088 0.189
-32.2413 0.18
-35.2737 0.171
-38.3062 0.162
-41.3387 0.153
-42.8364 0.144
-44.0928 0.135
-45.3493 0.126
-46.6057 0.117
-47.8621 0.108
-49.1186 0.099
-50.375 0.09
-51.6314 0.081
-52.8879 0.072
-54.1443 0.063
-55.4007 0.054
-56.6572 0.045
-57.9136 0.036
-59.17 0.027
-60.4265 0.018
-61.6829 0.009
-62.9393 -6.245e-17
-64.1958 -0.009
-65.4522 -0.018
-66.7086 -0.027
-67.965 -0.036
-69.2215 -0.045
-70.4779 -0.054
-71.7343 -0.063
-72.9908 -0.072
-74.2472 -0.081
-75.5036 -0.09
-76.7601 -0.099
-78.0165 -0.108
-79.2729 -0.117
-80.5294 -0.126
-81.7858 -0.135
-83.0422 -0.144
-84.2987 -0.153
-85.5551 -0.162
-86.8115 -0.171
-88.068 -0.18
-89.3244 -0.189
-90.5808 -0.198
-91.8373 -0.207
-93.0937 -0.216
-94.3501 -0.225
-95.6066 -0.234
-96.863 -0.243
-98.1194 -0.252
-99.3759 -0.261
-100.632 -0.27
-101.889 -0.279
-103.145 -0.288
-104.402 -0.297
-105.658 -0.306
-106.914 -0.315
-108.171 -0.324
-109.427 -0.333
-110.684 -0.342
-111.94 -0.351
-113.197 -0.36
-114.453 -0.369
-115.709 -0.378
-116.966 -0.387
-118.222 -0.396
-119.479 -0.405
-120.735 -0.414
-121.992 -0.423
-123.248 -0.432
-124.505 -0.441
-125.761 -0.45
-127.017 -0.459
-128.274 -0.468
-129.53 -0.477
-130.787 -0.486
-132.043 -0.495
-133.3 -0.504
-134.556 -0.513
-135.812 -0.522
-137.069 -0.531
-138.325 -0.54
-138.406 -0.549
-138.487 -0.558
-138.568 -0.567
-138.649 -0.576
-138.73 -0.585
-138.811 -0.594
-138.892 -0.603
-138.973 -0.612
-139.054 -0.621
-139.135 -0.63
-139.216 -0.639
-139.297 -0.648
-139.378 -0.657
-139.459 -0.666
-139.54 -0.675
-139.621 -0.684
-139.702 -0.693
-139.783 -0.702
-139.865 -0.711
-139.946 -0.72
-137.111 -0.711
-134.277 -0.702
-131.442 -0.693
-128.608 -0.684
-125.773 -0.675
-122.939 -0.666
-120.105 -0.657
-117.27 -0.648
-114.436 -0.639
-111.601 -0.63
-108.767 -0.621
-105.933 -0.612
-103.098 -0.603
-100.264 -0.594
-97.4294 -0.585
-94.595 -0.576
-91.7605 -0.567
-88.9261 -0.558
-86.0917 -0.549
-83.2573 -0.54
-80.4229 -0.531
-77.5885 -0.522
-74.7541 -0.513
-71.9197 -0.504
-69.0853 -0.495
-66.2509 -0.486
-63.4165 -0.477
-60.582 -0.468
-57.7476 -0.459
-54.9132 -0.45
-52.0788 -0.441
-49.2444 -0.432
-46.41 -0.423
-43.5756 -0.414
-40.7412 -0.405
-37.9068 -0.396
-35.0724 -0.387
-32.2379 -0.378
-29.4035 -0.369
-26.5691 -0.36
-23.7347 -0.351
-20.9003 -0.342
-18.0659 -0.333
-15.2315 -0.324
-12.3971 -0.315
-9.56267 -0.306
-6.72826 -0.297
-3.89385 -0.288
-1.05944 -0.279
1.54149 -0.27
4.00305 -0.261
6.46462 -0.252
8.92618 -0.243
11.3877 -0.234
13.8493 -0.225
16.3109 -0.216
18.7724 -0.207
21.234 -0.198
23.6956 -0.189
26.1571 -0.18
28.6187 -0.171
31.0803 -0.162
33.5418 -0.153
36.0034 -0.144
38.465 -0.135
40.9265 -0.126
42.581 -0.117
43.6279 -0.108
44.6748 -0.099
45.7218 -0.09
46.7687 -0.081
47.8156 -0.072
48.8626 -0.063
49.9095 -0.054
50.9564 -0.045
52.0034 -0.036
53.0503 -0.027
54.0972 -0.018
55.1441 -0.009
56.1911 -4.85723e-17
57.238 0.009
58.2849 0.018
59.3319 0.027
60.3788 0.036
61.4257 0.045
62.4727 0.054
63.5196 0.063
64.5665 0.072
65.6134 0.081
66.6604 0.09
67.7073 0.099
68.7542 0.108
69.8012 0.117
70.8481 0.126
71.895 0.135
72.942 0.144
73.9889 0.153
75.0358 0.162
76.0828 0.171
77.1297 0.18
78.1766 0.189
79.2235 0.198
80.2705 0.207
81.3174 0.216
82.3643 0.225
83.4113 0.234
84.4582 0.243
85.5051 0.252
86.5521 0.261
87.599 0.27
88.6459 0.279
89.6928 0.288
90.7398 0.297
91.7867 0.306
92.8336 0.315
93.8806 0.324
94.9275 0.333
95.9744 0.342
97.0214 0.351
98.0683 0.36
99.1152 0.369
100.162 0.378
101.209 0.387
102.256 0.396
103.303 0.405
104.35 0.414
105.397 0.423
106.444 0.432
107.491 0.441
108.538 0.45
109.585 0.459
110.631 0.468
111.678 0.477
112.725 0.486
113.772 0.495
114.819 0.504
115.866 0.513
116.913 0.522
117.96 0.531
119.007 0.54
120.054 0.549
121.101 0.558
122.148 0.567
123.195 0.576
124.242 0.585
125.288 0.594
126.335 0.603
127.382 0.612
128.429 0.621
129.476 0.63
130.523 0.639
131.57 0.648
132.617 0.657
133.664 0.666
134.711 0.675
135.758 0.684
136.805 0.693
137.852 0.702
138.899 0.711
139.946 0.72
137.111 0.711
134.277 0.702
131.442 0.693
128.608 0.684
125.773 0.675
122.939 0.666
120.105 0.657
117.27 0.648
114.436 0.639
111.601 0.63
108.767 0.621
105.933 0.612
103.098 0.603
100.264 0.594
97.4294 0.585
94.595 0.576
91.7605 0.567
88.9261 0.558
86.0917 0.549
83.2573 0.54
80.4229 0.531
77.5885 0.522
74.7541 0.513
71.9197 0.504
69.0853 0.495
66.2509 0.486
63.4165 0.477
60.582 0.468
57.7476 0.459
54.9132 0.45
52.0788 0.441
49.2444 0.432
46.41 0.423
43.5756 0.414
40.7412 0.405
37.9068 0.396
35.0724 0.387
32.2379 0.378
29.4035 0.369
26.5691 0.36
23.7347 0.351
20.9003 0.342
18.0659 0.333
15.2315 0.324
12.3971 0.315
9.56267 0.306
6.72826 0.297
3.89385 0.288
1.05944 0.279
-1.54149 0.27
-4.00305 0.261
-6.46462 0.252
-8.92618 0.243
-11.3877 0.234
-13.8493 0.225
-16.3109 0.216
-18.7724 0.207
-21.234 0.198
-23.6956 0.189
-26.1571 0.18
-28.6187 0.171
-31.0803 0.162
-33.5418 0.153
-36.0034 0.144
-38.465 0.135
-40.9265 0.126
-42.581 0.117
-43.6279 0.108
-44.6748 0.099
-45.7218 0.09
-46.7687 0.081
-47.8156 0.072
-48.8626 0.063
-49.9095 0.054
-50.9564 0.045
-52.0034 0.036
-53.0503 0.027
-54.0972 0.018
-55.1441 0.009
-56.1911 -6.245e-17
-57.238 -0.009
-58.2849 -0.018
-59.3319 -0.027
-60.3788 -0.036
-61.4257 -0.045
-62.4727 -0.054
-63.5196 -0.063
-64.5665 -0.072
-65.6134 -0.081
-66.6604 -0.09
-67.7073 -0.099
-68.7542 -0.108
-69.8012 -0.117
-70.8481 -0.126
-71.895 -0.135
-72.942 -0.144
-73.9889 -0.153
-75.0358 -0.162
-76.0828 -0.171
-77.1297 -0.18
-78.1766 -0.189
-79.2235 -0.198
-80.2705 -0.207
-81.3174 -0.216
-82.3643 -0.225
-83.4113 -0.234
-84.4582 -0.243
-85.5051 -0.252
-86.5521 -0.261
-87.599 -0.27
-88.6459 -0.279
-89.6928 -0.288
-90.7398 -0.297
-91.7867 -0.306
-92.8336 -0.315
-93.8806 -0.324
-94.9275 -0.333
-95.9744 -0.342
-97.0214 -0.351
-98.0683 -0.36
-99.1152 -0.369
-100.162 -0.378
-101.209 -0.387
-102.256 -0.396
-103.303 -0.405
-104.35 -0.414
-105.397 -0.423
-106.444 -0.432
-107.491 -0.441
-108.538 -0.45
-109.585 -0.459
-110.631 -0.468
-111.678 -0.477
-112.725 -0.486
-113.772 -0.495
-114.819 -0.504
-115.866 -0.513
-116.913 -0.522
-117.96 -0.531
-119.007 -0.54
-120.054 -0.549
-121.101 -0.558
-122.148 -0.567
-123.195 -0.576
-124.242 -0.585
-125.288 -0.594
-126.335 -0.603
-127.382 -0.612
-128.429 -0.621
-129.476 -0.63
-130.523 -0.639
-131.57 -0.648
-132.617 -0.657
-133.664 -0.666
-134.711 -0.675
-135.758 -0.684
-136.805 -0.693
-137.852 -0.702
-138.899 -0.711
-139.946 -0.72
-137.111 -0.711
-134.277 -0.702
-131.442 -0.693
-128.608 -0.684
-125.773 -0.675
-122.939 -0.666
-120.105 -0.657
-117.27 -0.648
-114.436 -0.639
-111.601 -0.63
-108.767 -0.621
-105.933 -0.612
-103.098 -0.603
-100.264 -0.594
-97.4294 -0.585
-94.595 -0.576
-91.7605 -0.567
-88.9261 -0.558
-86.0917 -0.549
-83.2573 -0.54
-80.4229 -0.531
-77.5885 -0.522
-74.7541 -0.513
-71.9197 -0.504
-69.0853 -0.495
-66.2509 -0.486
-63.4165 -0.477
-60.582 -0.468
-57.7476 -0.459
-54.9132 -0.45
-52.0788 -0.441
-49.2444 -0.432
-46.41 -0.423
-43.5756 -0.414
-40.7412 -0.405
-37.9068 -0.396
-35.0724 -0.387
-32.2379 -0.378
-29.4035 -0.369
-26.5691 -0.36
-23.7347 -0.351
-20.9003 -0.342
-18.0659 -0.333
-15.2315 -0.324
-12.3971 -0.315
-9.56267 -0.306
-6.72826 -0.297
-3.89385 -0.288
-1.05944 -0.279
1.54149 -0.27
4.00305 -0.261
6.46462 -0.252
8.92618 -0.243
11.3877 -0.234
13.8493 -0.225
16.3109 -0.216
18.7724 -0.207
21.234 -0.198
23.6956 -0.189
26.1571 -0.18
28.6187 -0.171
31.0803 -0.162
33.5418 -0.153
36.0034 -0.144
38.465 -0.135
40.9265 -0.126
42.581 -0.117
43.6279 -0.108
44.6748 -0.099
45.7218 -0.09
46.7687 -0.081
47.8156 -0.072
48.8626 -0.063
49.9095 -0.054
50.9564 -0.045
52.0034 -0.036
53.0503 -0.027
54.0972 -0.018
55.1441 -0.009
56.1911 -4.85723e-17
57.238 0.009
58.2849 0.018
59.3319 0.027
60.3788 0.036
61.4257 0.045
62.4727 0.054
63.5196 0.063
64.5665 0.072
65.6134 0.081
66.6604 0.09
67.7073 0.099
68.7542 0.108
69.8012 0.117
70.8481 0.126
71.895 0.135
72.942 0.144
73.9889 0.153
75.0358 0.162
76.0828 0.171
77.1297 0.18
78.1766 0.189
79.2235 0.198
80.2705 0.207
81.3174 0.216
82.3643 0.225
83.4113 0.234
84.4582 0.243
85.5051 0.252
86.5521 0.261
87.599 0.27
88.6459 0.279
89.6928 0.288
90.7398 0.297
91.7867 0.306
92.8336 0.315
93.8806 0.324
94.9275 0.333
95.9744 0.342
97.0214 0.351
98.0683 0.36
99.1152 0.369
100.162 0.378
101.209 0.387
102.256 0.396
103.303 0.405
104.35 0.414
105.397 0.423
106.444 0.432
107.491 0.441
108.538 0.45
109.585 0.459
110.631 0.468
111.678 0.477
112.725 0.486
113.772 0.495
114.819 0.504
115.866 0.513
116.913 0.522
117.96 0.531
119.007 0.54
120.054 0.549
121.101 0.558
122.148 0.567
123.195 0.576
124.242 0.585
125.288 0.594
126.335 0.603
127.382 0.612
128.429 0.621
129.476 0.63
130.523 0.639
131.57 0.648
132.617 0.657
133.664 0.666
134.711 0.675
135.758 0.684
136.805 0.693
137.852 0.702
138.899 0.711
139.946 0.72
137.111 0.711
134.277 0.702
131.442 0.693
128.608 0.684
125.773 0.675
122.939 0.666
120.105 0.657
117.27 0.648
114.436 0.639
111.601 0.63
108.767 0.621
105.933 0.612
103.098 0.603
100.264 0.594
97.4294 0.585
94.595 0.576
91.7605 0.567
88.9261 0.558
86.0917 0.549
83.2573 0.54
80.4229 0.531
77.5885 0.522
74.7541 0.513
71.9197 0.504
69.0853 0.495
66.2509 0.486
63.4165 0.477
60.582 0.468
57.7476 0.459
54.9132 0.45
52.0788 0.441
49.2444 0.432
46.41 0.423
43.5756 0.414
40.7412 0.405
37.9068 0.396
35.0724 0.387
32.2379 0.378
29.4035 0.369
26.5691 0.36
23.7347 0.351
20.9003 0.342
18.0659 0.333
15.2315 0.324
12.3971 0.315
9.56267 0.306
6.72826 0.297
3.89385 0.288
1.05944 0.279
-1.54149 0.27
-4.00305 0.261
-6.46462 0.252
-8.92618 0.243
-11.3877 0.234
-13.8493 0.225
-16.3109 0.216
-18.7724 0.207
-21.234 0.198
-23.6956 0.189
-26.1571 0.18
-28.6187 0.171
-31.0803 0.162
-33.5418 0.153
-36.0034 0.144
-38.465 0.135
-40.9265 0.126
-42.581 0.117
-43.6279 0.108
-44.6748 0.099
-45.7218 0.09
-46.7687 0.081
-47.8156 0.072
-48.8626 0.063
-49.9095 0.054
-50.9564 0.045
-52.0034 0.036
-53.0503 0.027
-54.0972 0.018
-55.1441 0.009
-56.1911 -6.245e-17
-57.238 -0.009
-58.2849 -0.018
-59.3319 -0.027
-60.3788 -0.036
-61.4257 -0.045
-62.4727 -0.054
-63.5196 -0.063
-64.5665 -0.072
-65.6134 -0.081
-66.6604 -0.09
-67.7073 -0.099
-68.7542 -0.108
-69.8012 -0.117
-70.8481 -0.126
-71.895 -0.135
-72.942 -0.144
-73.9889 -0.153
-75.0358 -0.162
-76.0828 -0.171
-77.1297 -0.18
-78.1766 -0.189
-79.2235 -0.198
-80.2705 -0.207
-81.3174 -0.216
-82.3643 -0.225
-83.4113 -0.234
-84.4582 -0.243
-85.5051 -0.252
-86.5521 -0.261
-87.599 -0.27
-88.6459 -0.279
-89.6928 -0.288
-90.7398 -0.297
-91.7867 -0.306
-92.8336 -0.315
-93.8806 -0.324
-94.9275 -0.333
-95.9744 -0.342
-97.0214 -0.351
-98.0683 -0.36
-99.1152 -0.369
-100.162 -0.378
-101.209 -0.387
-102.256 -0.396
-103.303 -0.405
-104.35 -0.414
-105.397 -0.423
-106.444 -0.432
-107.491 -0.441
-108.538 -0.45
-109.585 -0.459
-110.631 -0.468
-111.678 -0.477
-112.725 -0.486
-113.772 -0.495
-114.819 -0.504
-115.866 -0.513
-116.913 -0.522
-117.96 -0.531
-119.007 -0.54
-120.054 -0.549
-121.101 -0.558
-122.148 -0.567
-123.195 -0.576
-124.242 -0.585
-125.288 -0.594
-126.335 -0.603
-127.382 -0.612
-128.429 -0.621
-129.476 -0.63
-130.523 -0.639
-131.57 -0.648
-132.617 -0.657
-133.664 -0.666
-134.711 -0.675
-135.758 -0.684
-136.805 -0.693
-137.852 -0.702
-138.899 -0.711
-139.946 -0.72
-137.111 -0.711
-134.277 -0.702
-131.442 -0.693
-128.608 -0.684
-125.773 -0.675
-122.939 -0.666
-120.105 -0.657
-117.27 -0.648
-114.436 -0.639
-111.601 -0.63
-108.767 -0.621
-105.933 -0.612
-103.098 -0.603
-100.264 -0.594
-97.4294 -0.585
-94.595 -0.576
-91.7605 -0.567
-88.9261 -0.558
-86.0917 -0.549
-83.2573 -0.54
-80.4229 -0.531
-77.5885 -0.522
-74.7541 -0.513
-71.9197 -0.504
-69.0853 -0.495
-66.2509 -0.486
-63.4165 -0.477
-60.582 -0.468
-57.7476 -0.459
-54.9132 -0.45
-52.0788 -0.441
-49.2444 -0.432
-46.41 -0.423
-43.5756 -0.414
-40.7412 -0.405
-37.9068 -0.396
-35.0724 -0.387
-32.2379 -0.378
-29.4035 -0.369
-26.5691 -0.36
-23.7347 -0.351
-20.9003 -0.342
-18.0659 -0.333
-15.2315 -0.324
-12.3971 -0.315
-9.56267 -0.306
-6.72826 -0.297
-3.89385 -0.288
-1.05944 -0.279
1.54149 -0.27
4.00305 -0.261
6.46462 -0.252
8.92618 -0.243
11.3877 -0.234
13.8493 -0.225
16.3109 -0.216
18.7724 -0.207
21.234 -0.198
23.6956 -0.189
26.1571 -0.18
28.6187 -0.171
31.0803 -0.162
33.5418 -0.153
36.0034 -0.144
38.465 -0.135
40.9265 -0.126
42.581 -0.117
43.6279 -0.108
44.6748 -0.099
45.7218 -0.09
46.7687 -0.081
47.8156 -0.072
48.8626 -0.063
49.9095 -0.054
50.9564 -0.045
52.0034 -0.036
53.0503 -0.027
54.0972 -0.018
55.1441 -0.009
56.1911 -4.85723e-17
57.238 0.009
58.2849 0.018
59.3319 0.027
60.3788 0.036
61.4257 0.045
62.4727 0.054
63.5196 0.063
64.5665 0.072
65.6134 0.081
66.6604 0.09
67.7073 0.099
68.7542 0.108
69.8012 0.117
70.8481 0.126
71.895 0.135
72.942 0.144
73.9889 0.153
75.0358 0.162
76.0828 0.171
77.1297 0.18
78.1766 0.189
79.2235 0.198
80.2705 0.207
81.3174 0.216
82.3643 0.225
83.4113 0.234
84.4582 0.243
85.5051 0.252
86.5521 0.261
87.599 0.27
88.6459 0.279
89.6928 0.288
90.7398 0.297
91.7867 0.306
92.8336 0.315
93.8806 0.324
94.9275 0.333
95.9744 0.342
97.0214 0.351
98.0683 0.36
99.1152 0.369
100.162 0.378
101.209 0.387
102.256 0.396
103.303 0.405
104.35 0.414
105.397 0.423
106.444 0.432
107.491 0.441
108.538 0.45
109.585 0.459
110.631 0.468
111.678 0.477
112.725 0.486
113.772 0.495
114.819 0.504
115.866 0.513
116.913 0.522
117.96 0.531
119.007 0.54
120.054 0.549
121.101 0.558
122.148 0.567
123.195 0.576
124.242 0.585
125.288 0.594
126.335 0.603
127.382 0.612
128.429 0.621
129.476 0.63
130.523 0.639
131.57 0.648
132.617 0.657
133.664 0.666
134.711 0.675
135.758 0.684
136.805 0.693
137.852 0.702
138.899 0.711
139.946 0.72
140.027 0.729
140.108 0.738
140.189 0.747
140.27 0.756
140.351 0.765
140.432 0.774
140.513 0.783
140.594 0.792
140.675 0.801
140.756 0.81
140.837 0.819
140.918 0.828
140.999 0.837
141.08 0.846
141.161 0.855
141.242 0.864
141.323 0.873
141.404 0.882
141.485 0.891
141.566 0.9
141.647 0.909
141.728 0.918
141.809 0.927
141.89 0.936
141.971 0.945
142.052 0.954
142.133 0.963
142.214 0.972
142.295 0.981
142.376 0.99
142.457 0.999
142.538 1.008
142.619 1.017
142.7 1.026
142.781 1.035
142.862 1.044
142.943 1.053
143.024 1.062
143.105 1.071
143.186 1.08
143.267 1.089
140.69 1.08
138.113 1.071
135.537 1.062
132.96 1.053
130.383 1.044
127.806 1.035
125.229 1.026
122.652 1.017
120.076 1.008
117.499 0.999
114.922 0.99
112.345 0.981
109.768 0.972
107.192 0.963
104.615 0.954
102.038 0.945
99.4611 0.936
96.8842 0.927
94.3074 0.918
91.7306 0.909
89.1538 0.9
86.5769 0.891
84.0001 0.882
81.4233 0.873
78.8465 0.864
76.2697 0.855
73.6928 0.846
71.116 0.837
68.5392 0.828
65.9624 0.819
63.3856 0.81
60.8087 0.801
58.2319 0.792
55.6551 0.783
53.0783 0.774
50.5015 0.765
47.9246 0.756
45.3478 0.747
42.771 0.738
40.1942 0.729
37.6174 0.72
35.0405 0.711
32.4637 0.702
29.8869 0.693
27.3101 0.684
24.7333 0.675
22.1564 0.666
19.5796 0.657
17.0028 0.648
14.426 0.639
11.8491 0.63
9.27233 0.621
6.69551 0.612
4.11869 0.603
1.54187 0.594
-0.702282 0.585
-2.45082 0.576
-4.19935 0.567
-5.94789 0.558
-7.69642 0.549
-9.44496 0.54
-11.1935 0.531
-12.942 0.522
-14.6906 0.513
-16.4391 0.504
-18.1876 0.495
-19.9362 0.486
-21.6847 0.477
-23.4332 0.468
-25.1818 0.459
-26.9303 0.45
-28.6788 0.441
-30.4274 0.432
-32.1759 0.423
-33.9244 0.414
-35.673 0.405
-37.4215 0.396
-39.1701 0.387
-40.9186 0.378
-42.2991 0.369
-43.1061 0.36
-43.9131 0.351
-44.7201 0.342
-45.5271 0.333
-46.3341 0.324
-47.1411 0.315
-47.9481 0.306
-48.7551 0.297
-49.562 0.288
-50.369 0.279
-51.176 0.27
-51.983 0.261
-52.79 0.252
-53.597 0.243
-54.404 0.234
-55.211 0.225
-56.018 0.216
-56.825 0.207
-57.632 0.198
-58.439 0.189
-59.246 0.18
-60.053 0.171
-60.86 0.162
-61.667 0.153
-62.474 0.144
-63.281 0.135
-64.088 0.126
-64.895 0.117
-65.702 0.108
-66.5089 0.099
-67.3159 0.09
-68.1229 0.081
-68.9299 0.072
-69.7369 0.063
-70.5439 0.054
-71.3509 0.045
-72.1579 0.036
-72.9649 0.027
-73.7719 0.018
-74.5789 0.009
-75.3859 -1.73472e-16
-76.1929 -0.009
-76.9999 -0.018
-77.8069 -0.027
-78.6139 -0.036
-79.4209 -0.045
-80.2279 -0.054
-81.0349 -0.063
-81.8419 -0.072
-82.6489 -0.081
-83.4558 -0.09
-84.2628 -0.099
-85.0698 -0.108
-85.8768 -0.117
-86.6838 -0.126
-87.4908 -0.135
-88.2978 -0.144
-89.1048 -0.153
-89.9118 -0.162
-90.7188 -0.171
-91.5258 -0.18
-92.3328 -0.189
-93.1398 -0.198
-93.9468 -0.207
-94.7538 -0.216
-95.5608 -0.225
-96.3678 -0.234
-97.1748 -0.243
-97.9818 -0.252
-98.7888 -0.261
-99.5958 -0.27
-100.403 -0.279
-101.21 -0.288
-102.017 -0.297
-102.824 -0.306
-103.631 -0.315
-104.438 -0.324
-105.245 -0.333
-106.052 -0.342
-106.859 -0.351
-107.666 -0.36
-108.473 -0.369
-109.28 -0.378
-110.087 -0.387
-110.894 -0.396
-111.701 -0.405
-112.508 -0.414
-113.315 -0.423
-114.122 -0.432
-114.929 -0.441
-115.736 -0.45
-116.543 -0.459
-117.35 -0.468
-118.157 -0.477
-118.964 -0.486
-119.771 -0.495
-120.578 -0.504
-121.385 -0.513
-122.192 -0.522
-122.999 -0.531
-123.806 -0.54
-124.613 -0.549
-125.42 -0.558
-126.227 -0.567
-127.034 -0.576
-127.841 -0.585
-128.648 -0.594
-129.455 -0.603
-130.262 -0.612
-131.069 -0.621
-131.876 -0.63
-132.683 -0.639
-133.49 -0.648
-134.297 -0.657
-135.104 -0.666
-135.911 -0.675
-136.718 -0.684
-137.525 -0.693
-138.332 -0.702
-139.139 -0.711
-139.946 -0.72
-140.027 -0.729
-140.108 -0.738
-140.189 -0.747
-140.27 -0.756
-140.351 -0.765
-140.432 -0.774
-140.513 -0.783
-140.594 -0.792
-140.675 -0.801
-140.756 -0.81
-140.837 -0.819
-140.918 -0.828
-140.999 -0.837
-141.08 -0.846
-141.161 -0.855
-141.242 -0.864
-141.323 -0.873
-141.404 -0.882
-141.485 -0.891
-141.566 -0.9
-141.647 -0.909
-141.728 -0.918
-141.809 -0.927
-141.89 -0.936
-141.971 -0.945
-142.052 -0.954
-142.133 -0.963
-142.214 -0.972
-142.295 -0.981
-142.376 -0.99
-142.457 -0.999
-142.538 -1.008
-142.619 -1.017
-142.7 -1.026
-142.781 -1.035
-142.862 -1.044
-142.943 -1.053
-143.024 -1.062
-143.105 -1.071
-143.186 -1.08
-140.604 -1.071
-138.023 -1.062
-135.441 -1.053
-132.859 -1.044
-130.277 -1.035
-127.696 -1.026
-125.114 -1.017
-122.532 -1.008
-119.951 -0.999
-117.369 -0.99
-114.787 -0.981
-112.205 -0.972
-109.624 -0.963
-107.042 -0.954
-104.46 -0.945
-101.879 -0.936
-99.2969 -0.927
-96.7152 -0.918
-94.1334 -0.909
-91.5517 -0.9
-88.97 -0.891
-86.3883 -0.882
-83.8066 -0.873
-81.2249 -0.864
-78.6432 -0.855
-76.0614 -0.846
-73.4797 -0.837
-70.898 -0.828
-68.3163 -0.819
-65.7346 -0.81
-63.1529 -0.801
-60.5712 -0.792
-57.9895 -0.783
-55.4077 -0.774
-52.826 -0.765
-50.2443 -0.756
-47.6626 -0.747
-45.0809 -0.738
-42.4992 -0.729
-39.9175 -0.72
-37.3357 -0.711
-34.754 -0.702
-32.1723 -0.693
-29.5906 -0.684
-27.0089 -0.675
-24.4272 -0.666
-21.8455 -0.657
-19.2638 -0.648
-16.682 -0.639
-14.1003 -0.63
-11.5186 -0.621
-8.9369 -0.612
-6.35519 -0.603
-3.77347 -0.594
-1.19176 -0.585
0.741412 -0.576
2.11852 -0.567
3.49563 -0.558
4.87274 -0.549
6.24985 -0.54
7.62695 -0.531
9.00406 -0.522
10.3812 -0.513
11.7583 -0.504
13.1354 -0.495
14.5125 -0.486
15.8896 -0.477
17.2667 -0.468
18.6438 -0.459
20.0209 -0.45
21.398 -0.441
22.7751 -0.432
24.1523 -0.423
25.5294 -0.414
26.9065 -0.405
28.2836 -0.396
29.6607 -0.387
31.0378 -0.378
32.4149 -0.369
33.792 -0.36
35.1691 -0.351
36.5462 -0.342
37.9233 -0.333
39.3004 -0.324
40.6776 -0.315
42.0547 -0.306
43.1932 -0.297
43.8431 -0.288
44.4929 -0.279
45.1427 -0.27
45.7926 -0.261
46.4424 -0.252
47.0922 -0.243
47.742 -0.234
48.3919 -0.225
49.0417 -0.216
49.6915 -0.207
50.3414 -0.198
50.9912 -0.189
51.641 -0.18
52.2908 -0.171
52.9407 -0.162
53.5905 -0.153
54.2403 -0.144
54.8902 -0.135
55.54 -0.126
56.1898 -0.117
56.8397 -0.108
57.4895 -0.099
58.1393 -0.09
58.7891 -0.081
59.439 -0.072
60.0888 -0.063
60.7386 -0.054
61.3885 -0.045
62.0383 -0.036
62.6881 -0.027
63.338 -0.018
63.9878 -0.009
64.6376 -4.85723e-17
65.2874 0.009
65.9373 0.018
66.5871 0.027
67.2369 0.036
67.8868 0.045
68.5366 0.054
69.1864 0.063
69.8363 0.072
70.4861 0.081
71.1359 0.09
71.7857 0.099
72.4356 0.108
73.0854 0.117
73.7352 0.126
74.3851 0.135
75.0349 0.144
75.6847 0.153
76.3345 0.162
76.9844 0.171
77.6342 0.18
78.284 0.189
78.9339 0.198
79.5837 0.207
80.2335 0.216
80.8834 0.225
81.5332 0.234
82.183 0.243
82.8328 0.252
83.4827 0.261
84.1325 0.27
84.7823 0.279
85.4322 0.288
86.082 0.297
86.7318 0.306
87.3817 0.315
88.0315 0.324
88.6813 0.333
89.3311 0.342
89.981 0.351
90.6308 0.36
91.2806 0.369
91.9305 0.378
92.5803 0.387
93.2301 0.396
93.8799 0.405
94.5298 0.414
95.1796 0.423
95.8294 0.432
96.4793 0.441
97.1291 0.45
97.7789 0.459
98.4288 0.468
99.0786 0.477
99.7284 0.486
100.378 0.495
101.028 0.504
101.678 0.513
102.328 0.522
102.978 0.531
103.627 0.54
104.277 0.549
104.927 0.558
105.577 0.567
106.227 0.576
106.877 0.585
107.526 0.594
108.176 0.603
108.826 0.612
109.476 0.621
110.126 0.63
110.776 0.639
111.425 0.648
112.075 0.657
112.725 0.666
113.375 0.675
114.025 0.684
114.674 0.693
115.324 0.702
115.974 0.711
116.624 0.72
117.274 0.729
117.924 0.738
118.573 0.747
119.223 0.756
119.873 0.765
120.523 0.774
121.173 0.783
121.823 0.792
122.472 0.801
123.122 0.81
123.772 0.819
124.422 0.828
125.072 0.837
125.722 0.846
126.371 0.855
127.021 0.864
127.671 0.873
128.321 0.882
128.971 0.891
129.621 0.9
130.27 0.909
130.92 0.918
131.57 0.927
132.22 0.936
132.87 0.945
133.52 0.954
134.169 0.963
134.819 0.972
135.469 0.981
136.119 0.99
136.769 0.999
137.419 1.008
138.068 1.017
138.718 1.026
139.368 1.035
140.018 1.044
140.668 1.053
141.318 1.062
141.967 1.071
142.617 1.08
143.267 1.089
140.69 1.08
138.113 1.071
135.537 1.062
132.96 1.053
130.383 1.044
127.806 1.035
125.229 1.026
122.652 1.017
120.076 1.008
117.499 0.999
114.922 0.99
112.345 0.981
109.768 0.972
107.192 0.963
104.615 0.954
102.038 0.945
99.4611 0.936
96.8842 0.927
94.3074 0.918
91.7306 0.909
89.1538 0.9
86.5769 0.891
84.0001 0.882
81.4233 0.873
78.8465 0.864
76.2697 0.855
73.6928 0.846
71.116 0.837
68.5392 0.828
65.9624 0.819
63.3856 0.81
60.8087 0.801
58.2319 0.792
55.6551 0.783
53.0783 0.774
50.5015 0.765
47.9246 0.756
45.3478 0.747
42.771 0.738
40.1942 0.729
37.6174 0.72
35.0405 0.711
32.4637 0.702
29.8869 0.693
27.3101 0.684
24.7333 0.675
22.1564 0.666
19.5796 0.657
17.0028 0.648
14.426 0.639
11.8491 0.63
9.27233 0.621
6.69551 0.612
4.11869 0.603
1.54187 0.594
-0.552954 0.585
-1.92969 0.576
-3.30643 0.567
-4.68317 0.558
-6.05991 0.549
-7.43665 0.54
-8.81338 0.531
-10.1901 0.522
-11.5669 0.513
-12.9436 0.504
-14.3203 0.495
-15.6971 0.486
-17.0738 0.477
-18.4506 0.468
-19.8273 0.459
-21.204 0.45
-22.5808 0.441
-23.9575 0.432
-25.3342 0.423
-26.711 0.414
-28.0877 0.405
-29.4645 0.396
-30.8412 0.387
-32.2179 0.378
-33.5947 0.369
-34.9714 0.36
-36.3482 0.351
-37.7249 0.342
-39.1016 0.333
-40.4784 0.324
-41.8551 0.315
-43.0861 0.306
-43.7361 0.297
-44.3861 0.288
-45.0361 0.279
-45.6861 0.27
-46.3361 0.261
-46.9861 0.252
-47.6361 0.243
-48.2861 0.234
-48.9361 0.225
-49.5861 0.216
-50.2361 0.207
-50.8861 0.198
-51.5361 0.189
-52.1861 0.18
-52.8361 0.171
-53.4861 0.162
-54.1361 0.153
-54.7861 0.144
-55.4361 0.135
-56.0861 0.126
-56.7361 0.117
-57.3861 0.108
-58.0361 0.099
-58.6861 0.09
-59.3361 0.081
-59.9861 0.072
-60.6361 0.063
-61.2861 0.054
-61.9361 0.045
-62.5861 0.036
-63.2361 0.027
-63.8861 0.018
-64.5361 0.009
-65.1861 -1.73472e-16
-65.8361 -0.009
-66.4861 -0.018
-67.1361 -0.027
-67.7861 -0.036
-68.4361 -0.045
-69.0861 -0.054
-69.7361 -0.063
-70.3861 -0.072
-71.0361 -0.081
-71.6861 -0.09
-72.3361 -0.099
-72.9861 -0.108
-73.6361 -0.117
-74.2861 -0.126
-74.9361 -0.135
-75.5861 -0.144
-76.2361 -0.153
-76.8861 -0.162
-77.5361 -0.171
-78.1861 -0.18
-78.8361 -0.189
-79.4861 -0.198
-80.1361 -0.207
-80.7861 -0.216
-81.4361 -0.225
-82.0861 -0.234
-82.7361 -0.243
-83.3861 -0.252
-84.0361 -0.261
-84.6861 -0.27
-85.3361 -0.279
-85.9861 -0.288
-86.6361 -0.297
-87.2861 -0.306
-87.9361 -0.315
-88.5861 -0.324
-89.2361 -0.333
-89.8861 -0.342
-90.5361 -0.351
-91.1861 -0.36
-91.8361 -0.369
-92.4861 -0.378
-93.1361 -0.387
-93.7861 -0.396
-94.4361 -0.405
-95.0861 -0.414
-95.7361 -0.423
-96.3861 -0.432
-97.0361 -0.441
-97.6861 -0.45
-98.3361 -0.459
-98.9861 -0.468
-99.6361 -0.477
-100.286 -0.486
-100.936 -0.495
-101.586 -0.504
-102.236 -0.513
-102.886 -0.522
-103.536 -0.531
-104.186 -0.54
-104.836 -0.549
-105.486 -0.558
-106.136 -0.567
-106.786 -0.576
-107.436 -0.585
-108.086 -0.594
-108.736 -0.603
-109.386 -0.612
-110.036 -0.621
-110.686 -0.63
-111.336 -0.639
-111.986 -0.648
-112.636 -0.657
-113.286 -0.666
-113.936 -0.675
-114.586 -0.684
-115.236 -0.693
-115.886 -0.702
-116.536 -0.711
-117.186 -0.72
-117.836 -0.729
-118.486 -0.738
-119.136 -0.747
-119.786 -0.756
-120.436 -0.765
-121.086 -0.774
-121.736 -0.783
-122.386 -0.792
-123.036 -0.801
-123.686 -0.81
-124.336 -0.819
-124.986 -0.828
-125.636 -0.837
-126.286 -0.846
-126.936 -0.855
-127.586 -0.864
-128.236 -0.873
-128.886 -0.882
-129.536 -0.891
-130.186 -0.9
-130.836 -0.909
-131.486 -0.918
-132.136 -0.927
-132.786 -0.936
-133.436 -0.945
-134.086 -0.954
-134.736 -0.963
-135.386 -0.972
-136.036 -0.981
-136.686 -0.99
-137.336 -0.999
-137.986 -1.008
-138.636 -1.017
-139.286 -1.026
-139.936 -1.035
-140.586 -1.044
-141.236 -1.053
-141.886 -1.062
-142.536 -1.071
-143.186 -1.08
-140.604 -1.071
-138.023 -1.062
-135.441 -1.053
-132.859 -1.044
-130.277 -1.035
-127.696 -1.026
-125.114 -1.017
-122.532 -1.008
-119.951 -0.999
-117.369 -0.99
-114.787 -0.981
-112.205 -0.972
-109.624 -0.963
-107.042 -0.954
-104.46 -0.945
-101.879 -0.936
-99.2969 -0.927
-96.7152 -0.918
-94.1334 -0.909
-91.5517 -0.9
-88.97 -0.891
-86.3883 -0.882
-83.8066 -0.873
-81.2249 -0.864
-78.6432 -0.855
-76.0614 -0.846
-73.4797 -0.837
-70.898 -0.828
-68.3163 -0.819
-65.7346 -0.81
-63.1529 -0.801
-60.5712 -0.792
-57.9895 -0.783
-55.4077 -0.774
-52.826 -0.765
-50.2443 -0.756
-47.6626 -0.747
-45.0809 -0.738
-42.4992 -0.729
-39.9175 -0.72
-37.3357 -0.711
-34.754 -0.702
-32.1723 -0.693
-29.5906 -0.684
-27.0089 -0.675
-24.4272 -0.666
-21.8455 -0.657
-19.2638 -0.648
-16.682 -0.639
-14.1003 -0.63
-11.5186 -0.621
-8.9369 -0.612
-6.35519 -0.603
-3.77347 -0.594
-1.19176 -0.585
0.741412 -0.576
2.11852 -0.567
3.49563 -0.558
4.87274 -0.549
6.24985 -0.54
7.62695 -0.531
9.00406 -0.522
10.3812 -0.513
11.7583 -0.504
13.1354 -0.495
14.5125 -0.486
15.8896 -0.477
17.2667 -0.468
18.6438 -0.459
20.0209 -0.45
21.398 -0.441
22.7751 -0.432
24.1523 -0.423
25.5294 -0.414
26.9065 -0.405
28.2836 -0.396
29.6607 -0.387
31.0378 -0.378
32.4149 -0.369
33.792 -0.36
35.1691 -0.351
36.5462 -0.342
37.9233 -0.333
39.3004 -0.324
40.6776 -0.315
42.0547 -0.306
43.1932 -0.297
43.8431 -0.288
44.4929 -0.279
45.1427 -0.27
45.7926 -0.261
46.4424 -0.252
47.0922 -0.243
47.742 -0.234
48.3919 -0.225
49.0417 -0.216
49.6915 -0.207
50.3414 -0.198
50.9912 -0.189
51.641 -0.18
52.2908 -0.171
52.9407 -0.162
53.5905 -0.153
54.2403 -0.144
54.8902 -0.135
55.54 -0.126
56.1898 -0.117
56.8397 -0.108
57.4895 -0.099
58.1393 -0.09
58.7891 -0.081
59.439 -0.072
60.0888 -0.063
60.7386 -0.054
61.3885 -0.045
62.0383 -0.036
62.6881 -0.027
63.338 -0.018
63.9878 -0.009
64.6376 -4.85723e-17
65.2874 0.009
65.9373 0.018
66.5871 0.027
67.2369 0.036
67.8868 0.045
68.5366 0.054
69.1864 0.063
69.8363 0.072
70.4861 0.081
71.1359 0.09
71.7857 0.099
72.4356 0.108
73.0854 0.117
73.7352 0.126
74.3851 0.135
75.0349 0.144
75.6847 0.153
76.3345 0.162
76.9844 0.171
77.6342 0.18
78.284 0.189
78.9339 0.198
79.5837 0.207
80.2335 0.216
80.8834 0.225
81.5332 0.234
82.183 0.243
82.8328 0.252
83.4827 0.261
84.1325 0.27
84.7823 0.279
85.4322 0.288
86.082 0.297
86.7318 0.306
87.3817 0.315
88.0315 0.324
88.6813 0.333
89.3311 0.342
89.981 0.351
90.6308 0.36
91.2806 0.369
91.9305 0.378
92.5803 0.387
93.2301 0.396
93.8799 0.405
94.5298 0.414
95.1796 0.423
95.8294 0.432
96.4793 0.441
97.1291 0.45
97.7789 0.459
98.4288 0.468
99.0786 0.477
99.7284 0.486
100.378 0.495
101.028 0.504
101.678 0.513
102.328 0.522
102.978 0.531
103.627 0.54
104.277 0.549
104.927 0.558
105.577 0.567
106.227 0.576
106.877 0.585
107.526 0.594
108.176 0.603
108.826 0.612
109.476 0.621
110.126 0.63
110.776 0.639
111.425 0.648
112.075 0.657
112.725 0.666
113.375 0.675
114.025 0.684
114.674 0.693
115.324 0.702
115.974 0.711
116.624 0.72
117.274 0.729
117.924 0.738
118.573 0.747
119.223 0.756
119.873 0.765
120.523 0.774
121.173 0.783
121.823 0.792
122.472 0.801
123.122 0.81
123.772 0.819
124.422 0.828
125.072 0.837
125.722 0.846
126.371 0.855
127.021 0.864
127.671 0.873
128.321 0.882
128.971 0.891
129.621 0.9
130.27 0.909
130.92 0.918
131.57 0.927
132.22 0.936
132.87 0.945
133.52 0.954
134.169 0.963
134.819 0.972
135.469 0.981
136.119 0.99
136.769 0.999
137.419 1.008
138.068 1.017
138.718 1.026
139.368 1.035
140.018 1.044
140.668 1.053
141.318 1.062
141.967 1.071
142.617 1.08
143.267 1.089
140.69 1.08
138.113 1.071
135.537 1.062
132.96 1.053
130.383 1.044
127.806 1.035
125.229 1.026
122.652 1.017
120.076 1.008
117.499 0.999
114.922 0.99
112.345 0.981
109.768 0.972
107.192 0.963
104.615 0.954
102.038 0.945
99.4611 0.936
96.8842 0.927
94.3074 0.918
91.7306 0.909
89.1538 0.9
86.5769 0.891
84.0001 0.882
81.4233 0.873
78.8465 0.864
76.2697 0.855
73.6928 0.846
71.116 0.837
68.5392 0.828
65.9624 0.819
63.3856 0.81
60.8087 0.801
58.2319 0.792
55.6551 0.783
53.0783 0.774
50.5015 0.765
47.9246 0.756
45.3478 0.747
42.771 0.738
40.1942 0.729
37.6174 0.72
35.0405 0.711
32.4637 0.702
29.8869 0.693
27.3101 0.684
24.7333 0.675
22.1564 0.666
19.5796 0.657
17.0028 0.648
14.426 0.639
11.8491 0.63
9.27233 0.621
6.69551 0.612
4.11869 0.603
1.54187 0.594
-0.552954 0.585
-1.92969 0.576
-3.30643 0.567
-4.68317 0.558
-6.05991 0.549
-7.43665 0.54
-8.81338 0.531
-10.1901 0.522
-11.5669 0.513
-12.9436 0.504
-14.3203 0.495
-15.6971 0.486
-17.0738 0.477
-18.4506 0.468
-19.8273 0.459
-21.204 0.45
-22.5808 0.441
-23.9575 0.432
-25.3342 0.423
-26.711 0.414
-28.0877 0.405
-29.4645 0.396
-30.8412 0.387
-32.2179 0.378
-33.5947 0.369
-34.9714 0.36
-36.3482 0.351
-37.7249 0.342
-39.1016 0.333
-40.4784 0.324
-41.8551 0.315
-43.0861 0.306
-43.7361 0.297
-44.3861 0.288
-45.0361 0.279
-45.6861 0.27
-46.3361 0.261
-46.9861 0.252
-47.6361 0.243
-48.2861 0.234
-48.9361 0.225
-49.5861 0.216
-50.2361 0.207
-50.8861 0.198
-51.5361 0.189
-52.1861 0.18
-52.8361 0.171
-53.4861 0.162
-54.1361 0.153
-54.7861 0.144
-55.4361 0.135
-56.0861 0.126
-56.7361 0.117
-57.3861 0.108
-58.0361 0.099
-58.6861 0.09
-59.3361 0.081
-59.9861 0.072
-60.6361 0.063
-61.2861 0.054
-61.9361 0.045
-62.5861 0.036
-63.2361 0.027
-63.8861 0.018
-64.5361 0.009
-65.1861 -1.73472e-16
-65.8361 -0.009
-66.4861 -0.018
-67.1361 -0.027
-67.7861 -0.036
-68.4361 -0.045
-69.0861 -0.054
-69.7361 -0.063
-70.3861 -0.072
-71.0361 -0.081
-71.6861 -0.09
-72.3361 -0.099
-72.9861 -0.108
-73.6361 -0.117
-74.2861 -0.126
-74.9361 -0.135
-75.5861 -0.144
-76.2361 -0.153
-76.8861 -0.162
-77.5361 -0.171
-78.1861 -0.18
-78.8361 -0.189
-79.4861 -0.198
-80.1361 -0.207
-80.7861 -0.216
-81.4361 -0.225
-82.0861 -0.234
-82.7361 -0.243
-83.3861 -0.252
-84.0361 -0.261
-84.6861 -0.27
-85.3361 -0.279
-85.9861 -0.288
-86.6361 -0.297
-87.2861 -0.306
-87.9361 -0.315
-88.5861 -0.324
-89.2361 -0.333
-89.8861 -0.342
-90.5361 -0.351
-91.1861 -0.36
-91.8361 -0.369
-92.4861 -0.378
-93.1361 -0.387
-93.7861 -0.396
-94.4361 -0.405
-95.0861 -0.414
-95.7361 -0.423
-96.3861 -0.432
-97.0361 -0.441
-97.6861 -0.45
-98.3361 -0.459
-98.9861 -0.468
-99.6361 -0.477
-100.286 -0.486
-100.936 -0.495
-101.586 -0.504
-102.236 -0.513
-102.886 -0.522
-103.536 -0.531
-104.186 -0.54
-104.836 -0.549
-105.486 -0.558
-106.136 -0.567
-106.786 -0.576
-107.436 -0.585
-108.086 -0.594
-108.736 -0.603
-109.386 -0.612
-110.036 -0.621
-110.686 -0.63
-111.336 -0.639
-111.986 -0.648
-112.636 -0.657
-113.286 -0.666
-113.936 -0.675
-114.586 -0.684
-115.236 -0.693
-115.886 -0.702
-116.536 -0.711
-117.186 -0.72
-117.836 -0.729
-118.486 -0.738
-119.136 -0.747
-119.786 -0.756
-120.436 -0.765
-121.086 -0.774
-121.736 -0.783
-122.386 -0.792
-123.036 -0.801
-123.686 -0.81
-124.336 -0.819
-124.986 -0.828
-125.636 -0.837
-126.286 -0.846
-126.936 -0.855
-127.586 -0.864
-128.236 -0.873
-128.886 -0.882
-129.536 -0.891
-130.186 -0.9
-130.836 -0.909
-131.486 -0.918
-132.136 -0.927
-132.786 -0.936
-133.436 -0.945
-134.086 -0.954
-134.736 -0.963
-135.386 -0.972
-136.036 -0.981
-136.686 -0.99
-137.336 -0.999
-137.986 -1.008
-138.636 -1.017
-139.286 -1.026
-139.936 -1.035
-140.586 -1.044
-141.236 -1.053
-141.886 -1.062
-142.536 -1.071
-143.186 -1.08
-140.604 -1.071
-138.023 -1.062
-135.441 -1.053
-132.859 -1.044
-130.277 -1.035
-127.696 -1.026
-125.114 -1.017
-122.532 -1.008
-119.951 -0.999
-117.369 -0.99
-114.787 -0.981
-112.205 -0.972
-109.624 -0.963
-107.042 -0.954
-104.46 -0.945
-101.879 -0.936
-99.2969 -0.927
-96.7152 -0.918
-94.1334 -0.909
-91.5517 -0.9
-88.97 -0.891
-86.3883 -0.882
-83.8066 -0.873
-81.2249 -0.864
-78.6432 -0.855
-76.0614 -0.846
-73.4797 -0.837
-70.898 -0.828
-68.3163 -0.819
-65.7346 -0.81
-63.1529 -0.801
-60.5712 -0.792
-57.9895 -0.783
-55.4077 -0.774
-52.826 -0.765
-50.2443 -0.756
-47.6626 -0.747
-45.0809 -0.738
-42.4992 -0.729
-39.9175 -0.72
-37.3357 -0.711
-34.754 -0.702
-32.1723 -0.693
-29.5906 -0.684
-27.0089 -0.675
-24.4272 -0.666
-21.8455 -0.657
-19.2638 -0.648
-16.682 -0.639
-14.1003 -0.63
-11.5186 -0.621
-8.9369 -0.612
-6.35519 -0.603
-3.77347 -0.594
-1.19176 -0.585
0.741412 -0.576
2.11852 -0.567
3.49563 -0.558
4.87274 -0.549
6.24985 -0.54
7.62695 -0.531
9.00406 -0.522
10.3812 -0.513
11.7583 -0.504
13.1354 -0.495
14.5125 -0.486
15.8896 -0.477
17.2667 -0.468
18.6438 -0.459
20.0209 -0.45
21.398 -0.441
22.7751 -0.432
24.1523 -0.423
25.5294 -0.414
26.9065 -0.405
28.2836 -0.396
29.6607 -0.387
31.0378 -0.378
32.4149 -0.369
33.792 -0.36
35.1691 -0.351
36.5462 -0.342
37.9233 -0.333
39.3004 -0.324
40.6776 -0.315
42.0547 -0.306
43.1932 -0.297
43.8431 -0.288
44.4929 -0.279
45.1427 -0.27
45.7926 -0.261
46.4424 -0.252
47.0922 -0.243
47.742 -0.234
48.3919 -0.225
49.0417 -0.216
49.6915 -0.207
50.3414 -0.198
50.9912 -0.189
51.641 -0.18
52.2908 -0.171
52.9407 -0.162
53.5905 -0.153
54.2403 -0.144
54.8902 -0.135
55.54 -0.126
56.1898 -0.117
56.8397 -0.108
57.4895 -0.099
58.1393 -0.09
58.7891 -0.081
59.439 -0.072
60.0888 -0.063
60.7386 -0.054
61.3885 -0.045
62.0383 -0.036
62.6881 -0.027
63.338 -0.018
63.9878 -0.009
64.6376 -4.85723e-17
65.2874 0.009
65.9373 0.018
66.5871 0.027
67.2369 0.036
67.8868 0.045
68.5366 0.054
69.1864 0.063
69.8363 0.072
70.4861 0.081
71.1359 0.09
71.7857 0.099
72.4356 0.108
73.0854 0.117
73.7352 0.126
74.3851 0.135
75.0349 0.144
75.6847 0.153
76.3345 0.162
76.9844 0.171
77.6342 0.18
78.284 0.189
78.9339 0.198
79.5837 0.207
80.2335 0.216
80.8834 0.225
81.5332 0.234
82.183 0.243
82.8328 0.252
83.4827 0.261
84.1325 0.27
84.7823 0.279
85.4322 0.288
86.082 0.297
86.7318 0.306
87.3817 0.315
88.0315 0.324
88.6813 0.333
89.3311 0.342
89.981 0.351
90.6308 0.36
91.2806 0.369
91.9305 0.378
92.5803 0.387
93.2301 0.396
93.8799 0.405
94.5298 0.414
95.1796 0.423
95.8294 0.432
96.4793 0.441
97.1291 0.45
97.7789 0.459
98.4288 0.468
99.0786 0.477
99.7284 0.486
100.378 0.495
101.028 0.504
101.678 0.513
102.328 0.522
102.978 0.531
103.627 0.54
104.277 0.549
104.927 0.558
105.577 0.567
106.227 0.576
106.877 0.585
107.526 0.594
108.176 0.603
108.826 0.612
109.476 0.621
110.126 0.63
110.776 0.639
111.425 0.648
112.075 0.657
112.725 0.666
113.375 0.675
114.025 0.684
114.674 0.693
115.324 0.702
115.974 0.711
116.624 0.72
117.274 0.729
117.924 0.738
118.573 0.747
119.223 0.756
119.873 0.765
120.523 0.774
121.173 0.783
121.823 0.792
122.472 0.801
123.122 0.81
123.772 0.819
124.422 0.828
125.072 0.837
125.722 0.846
126.371 0.855
127.021 0.864
127.671 0.873
128.321 0.882
128.971 0.891
129.621 0.9
130.27 0.909
130.92 0.918
131.57 0.927
132.22 0.936
132.87 0.945
133.52 0.954
134.169 0.963
134.819 0.972
135.469 0.981
136.119 0.99
136.769 0.999
137.419 1.008
138.068 1.017
138.718 1.026
139.368 1.035
140.018 1.044
140.668 1.053
141.318 1.062
141.967 1.071
142.617 1.08
143.267 1.089
143.348 1.098
143.429 1.107
143.51 1.116
143.591 1.125
143.672 1.134
143.753 1.143
143.834 1.152
143.915 1.161
143.996 1.17
144.077 1.179
144.158 1.188
144.239 1.197
144.32 1.206
144.401 1.215
144.482 1.224
144.563 1.233
144.644 1.242
144.725 1.251
144.806 1.26
144.887 1.269
144.968 1.278
145.049 1.287
145.13 1.296
145.211 1.305
145.292 1.314
145.373 1.323
145.454 1.332
145.535 1.341
145.616 1.35
145.697 1.359
145.778 1.368
145.859 1.377
145.94 1.386
146.021 1.395
146.102 1.404
146.183 1.413
146.264 1.422
146.345 1.431
146.426 1.44
146.507 1.449
144.093 1.44
141.679 1.431
139.264 1.422
136.85 1.413
134.435 1.404
132.021 1.395
129.606 1.386
127.192 1.377
124.777 1.368
122.363 1.359
119.948 1.35
117.534 1.341
115.119 1.332
112.705 1.323
110.29 1.314
107.876 1.305
105.461 1.296
103.047 1.287
100.632 1.278
98.2178 1.269
95.8034 1.26
93.3889 1.251
90.9744 1.242
88.5599 1.233
86.1454 1.224
83.731 1.215
81.3165 1.206
78.902 1.197
76.4875 1.188
74.073 1.179
71.6585 1.17
69.2441 1.161
66.8296 1.152
64.4151 1.143
62.0006 1.134
59.5861 1.125
57.1716 1.116
54.7572 1.107
52.3427 1.098
49.9282 1.089
47.5137 1.08
45.0992 1.071
42.6848 1.062
40.2703 1.053
37.8558 1.044
35.4413 1.035
33.0268 1.026
30.6123 1.017
28.1979 1.008
25.7834 0.999
23.3689 0.99
20.9544 0.981
18.5399 0.972
16.1255 0.963
13.711 0.954
11.2965 0.945
8.88201 0.936
6.46752 0.927
4.05304 0.918
1.63856 0.909
-0.361512 0.9
-1.48645 0.891
-2.61139 0.882
-3.73632 0.873
-4.86126 0.864
-5.9862 0.855
-7.11113 0.846
-8.23607 0.837
-9.36101 0.828
-10.4859 0.819
-11.6109 0.81
-12.7358 0.801
-13.8608 0.792
-14.9857 0.783
-16.1106 0.774
-17.2356 0.765
-18.3605 0.756
-19.4854 0.747
-20.6104 0.738
-21.7353 0.729
-22.8602 0.72
-23.9852 0.711
-25.1101 0.702
-26.2351 0.693
-27.36 0.684
-28.4849 0.675
-29.6099 0.666
-30.7348 0.657
-31.8597 0.648
-32.9847 0.639
-34.1096 0.63
-35.2346 0.621
-36.3595 0.612
-37.4844 0.603
-38.6094 0.594
-39.7343 0.585
-40.8592 0.576
-41.9842 0.567
-43.0308 0.558
-43.5811 0.549
-44.1314 0.54
-44.6817 0.531
-45.232 0.522
-45.7823 0.513
-46.3326 0.504
-46.8829 0.495
-47.4332 0.486
-47.9835 0.477
-48.5338 0.468
-49.0841 0.459
-49.6344 0.45
-50.1847 0.441
-50.735 0.432
-51.2853 0.423
-51.8356 0.414
-52.386 0.405
-52.9363 0.396
-53.4866 0.387
-54.0369 0.378
-54.5872 0.369
-55.1375 0.36
-55.6878 0.351
-56.2381 0.342
-56.7884 0.333
-57.3387 0.324
-57.889 0.315
-58.4393 0.306
-58.9896 0.297
-59.5399 0.288
-60.0902 0.279
-60.6405 0.27
-61.1908 0.261
-61.7411 0.252
-62.2914 0.243
-62.8417 0.234
-63.392 0.225
-63.9423 0.216
-64.4926 0.207
-65.0429 0.198
-65.5932 0.189
-66.1435 0.18
-66.6938 0.171
-67.2441 0.162
-67.7944 0.153
-68.3447 0.144
-68.8951 0.135
-69.4454 0.126
-69.9957 0.117
-70.546 0.108
-71.0963 0.099
-71.6466 0.09
-72.1969 0.081
-72.7472 0.072
-73.2975 0.063
-73.8478 0.054
-74.3981 0.045
-74.9484 0.036
-75.4987 0.027
-76.049 0.018
-76.5993 0.009
-77.1496 -1.73472e-16
-77.6999 -0.009
-78.2502 -0.018
-78.8005 -0.027
-79.3508 -0.036
-79.9011 -0.045
-80.4514 -0.054
-81.0017 -0.063
-81.552 -0.072
-82.1023 -0.081
-82.6526 -0.09
-83.2029 -0.099
-83.7532 -0.108
-84.3035 -0.117
-84.8538 -0.126
-85.4041 -0.135
-85.9545 -0.144
-86.5048 -0.153
-87.0551 -0.162
-87.6054 -0.171
-88.1557 -0.18
-88.706 -0.189
-89.2563 -0.198
-89.8066 -0.207
-90.3569 -0.216
-90.9072 -0.225
-91.4575 -0.234
-92.0078 -0.243
-92.5581 -0.252
-93.1084 -0.261
-93.6587 -0.27
-94.209 -0.279
-94.7593 -0.288
-95.3096 -0.297
-95.8599 -0.306
-96.4102 -0.315
-96.9605 -0.324
-97.5108 -0.333
-98.0611 -0.342
-98.6114 -0.351
-99.1617 -0.36
-99.712 -0.369
-100.262 -0.378
-100.813 -0.387
-101.363 -0.396
-101.913 -0.405
-102.464 -0.414
-103.014 -0.423
-103.564 -0.432
-104.114 -0.441
-104.665 -0.45
-105.215 -0.459
-105.765 -0.468
-106.316 -0.477
-106.866 -0.486
-107.416 -0.495
-107.967 -0.504
-108.517 -0.513
-109.067 -0.522
-109.617 -0.531
-110.168 -0.54
-110.718 -0.549
-111.268 -0.558
-111.819 -0.567
-112.369 -0.576
-112.919 -0.585
-113.47 -0.594
-114.02 -0.603
-114.57 -0.612
-115.121 -0.621
-115.671 -0.63
-116.221 -0.639
-116.771 -0.648
-117.322 -0.657
-117.872 -0.666
-118.422 -0.675
-118.973 -0.684
-119.523 -0.693
-120.073 -0.702
-120.624 -0.711
-121.174 -0.72
-121.724 -0.729
-122.274 -0.738
-122.825 -0.747
-123.375 -0.756
-123.925 -0.765
-124.476 -0.774
-125.026 -0.783
-125.576 -0.792
-126.127 -0.801
-126.677 -0.81
-127.227 -0.819
-127.778 -0.828
-128.328 -0.837
-128.878 -0.846
-129.428 -0.855
-129.979 -0.864
-130.529 -0.873
-131.079 -0.882
-131.63 -0.891
-132.18 -0.9
-132.73 -0.909
-133.281 -0.918
-133.831 -0.927
-134.381 -0.936
-134.931 -0.945
-135.482 -0.954
-136.032 -0.963
-136.582 -0.972
-137.133 -0.981
-137.683 -0.99
-138.233 -0.999
-138.784 -1.008
-139.334 -1.017
-139.884 -1.026
-140.434 -1.035
-140.985 -1.044
-141.535 -1.053
-142.085 -1.062
-142.636 -1.071
-143.186 -1.08
-143.267 -1.089
-143.348 -1.098
-143.429 -1.107
-143.51 -1.116
-143.591 -1.125
-143.672 -1.134
-143.753 -1.143
-143.834 -1.152
-143.915 -1.161
-143.996 -1.17
-144.077 -1.179
-144.158 -1.188
-144.239 -1.197
-144.32 -1.206
-144.401 -1.215
-144.482 -1.224
-144.563 -1.233
-144.644 -1.242
-144.725 -1.251
-144.806 -1.26
-144.887 -1.269
-144.968 -1.278
-145.049 -1.287
-145.13 -1.296
-145.211 -1.305
-145.292 -1.314
-145.373 -1.323
-145.454 -1.332
-145.535 -1.341
-145.616 -1.35
-145.697 -1.359
-145.778 -1.368
-145.859 -1.377
-145.94 -1.386
-146.021 -1.395
-146.102 -1.404
-146.183 -1.413
-146.264 -1.422
-146.345 -1.431
-146.426 -1.44
-146.507 -1.449
-144.093 -1.44
-141.679 -1.431
-139.264 -1.422
-136.85 -1.413
-134.435 -1.404
-132.021 -1.395
-129.606 -1.386
-127.192 -1.377
-124.777 -1.368
-122.363 -1.359
-119.948 -1.35
-117.534 -1.341
-115.119 -1.332
-112.705 -1.323
-110.29 -1.314
-107.876 -1.305
-105.461 -1.296
-103.047 -1.287
-100.632 -1.278
-98.2178 -1.269
-95.8034 -1.26
-93.3889 -1.251
-90.9744 -1.242
-88.5599 -1.233
-86.1454 -1.224
-83.731 -1.215
-81.3165 -1.206
-78.902 -1.197
-76.4875 -1.188
-74.073 -1.179
-71.6585 -1.17
-69.2441 -1.161
-66.8296 -1.152
-64.4151 -1.143
-62.0006 -1.134
-59.5861 -1.125
-57.1716 -1.116
-54.7572 -1.107
-52.3427 -1.098
-49.9282 -1.089
-47.5137 -1.08
-45.0992 -1.071
-42.6848 -1.062
-40.2703 -1.053
-37.8558 -1.044
-35.4413 -1.035
-33.0268 -1.026
-30.6123 -1.017
-28.1979 -1.008
-25.7834 -0.999
-23.3689 -0.99
-20.9544 -0.981
-18.5399 -0.972
-16.1255 -0.963
-13.711 -0.954
-11.2965 -0.945
-8.88201 -0.936
-6.46752 -0.927
-4.05304 -0.918
-1.63856 -0.909
0.309082 -0.9
1.27087 -0.891
2.23266 -0.882
3.19445 -0.873
4.15624 -0.864
5.11803 -0.855
6.07982 -0.846
7.04161 -0.837
8.00339 -0.828
8.96518 -0.819
9.92697 -0.81
10.8888 -0.801
11.8505 -0.792
12.8123 -0.783
13.7741 -0.774
14.7359 -0.765
15.6977 -0.756
16.6595 -0.747
17.6213 -0.738
18.5831 -0.729
19.5449 -0.72
20.5067 -0.711
21.4684 -0.702
22.4302 -0.693
23.392 -0.684
24.3538 -0.675
25.3156 -0.666
26.2774 -0.657
27.2392 -0.648
28.201 -0.639
29.1628 -0.63
30.1245 -0.621
31.0863 -0.612
32.0481 -0.603
33.0099 -0.594
33.9717 -0.585
34.9335 -0.576
35.8953 -0.567
36.8571 -0.558
37.8189 -0.549
38.7806 -0.54
39.7424 -0.531
40.7042 -0.522
41.666 -0.513
42.6278 -0.504
43.5896 -0.495
44.2485 -0.486
44.7241 -0.477
45.1998 -0.468
45.6754 -0.459
46.151 -0.45
46.6266 -0.441
47.1023 -0.432
47.5779 -0.423
48.0535 -0.414
48.5291 -0.405
49.0048 -0.396
49.4804 -0.387
49.956 -0.378
50.4316 -0.369
50.9072 -0.36
51.3829 -0.351
51.8585 -0.342
52.3341 -0.333
52.8097 -0.324
53.2854 -0.315
53.761 -0.306
54.2366 -0.297
54.7122 -0.288
55.1879 -0.279
55.6635 -0.27
56.1391 -0.261
56.6147 -0.252
57.0903 -0.243
57.566 -0.234
58.0416 -0.225
58.5172 -0.216
58.9928 -0.207
59.4685 -0.198
59.9441 -0.189
60.4197 -0.18
60.8953 -0.171
61.371 -0.162
61.8466 -0.153
62.3222 -0.144
62.7978 -0.135
63.2734 -0.126
63.7491 -0.117
64.2247 -0.108
64.7003 -0.099
65.1759 -0.09
65.6516 -0.081
66.1272 -0.072
66.6028 -0.063
67.0784 -0.054
67.5541 -0.045
68.0297 -0.036
68.5053 -0.027
68.9809 -0.018
69.4565 -0.009
69.9322 -4.85723e-17
70.4078 0.009
70.8834 0.018
71.359 0.027
71.8347 0.036
72.3103 0.045
72.7859 0.054
73.2615 0.063
73.7372 0.072
74.2128 0.081
74.6884 0.09
75.164 0.099
75.6396 0.108
76.1153 0.117
76.5909 0.126
77.0665 0.135
77.5421 0.144
78.0178 0.153
78.4934 0.162
78.969 0.171
79.4446 0.18
79.9203 0.189
80.3959 0.198
80.8715 0.207
81.3471 0.216
81.8227 0.225
82.2984 0.234
82.774 0.243
83.2496 0.252
83.7252 0.261
84.2009 0.27
84.6765 0.279
85.1521 0.288
85.6277 0.297
86.1034 0.306
86.579 0.315
87.0546 0.324
87.5302 0.333
88.0058 0.342
88.4815 0.351
88.9571 0.36
89.4327 0.369
89.9083 0.378
90.384 0.387
90.8596 0.396
91.3352 0.405
91.8108 0.414
92.2865 0.423
92.7621 0.432
93.2377 0.441
93.7133 0.45
94.1889 0.459
94.6646 0.468
95.1402 0.477
95.6158 0.486
96.0914 0.495
96.5671 0.504
97.0427 0.513
97.5183 0.522
97.9939 0.531
98.4696 0.54
98.9452 0.549
99.4208 0.558
99.8964 0.567
100.372 0.576
100.848 0.585
101.323 0.594
101.799 0.603
102.275 0.612
102.75 0.621
103.226 0.63
103.701 0.639
104.177 0.648
104.653 0.657
105.128 0.666
105.604 0.675
106.08 0.684
106.555 0.693
107.031 0.702
107.506 0.711
107.982 0.72
108.458 0.729
108.933 0.738
109.409 0.747
109.885 0.756
110.36 0.765
110.836 0.774
111.311 0.783
111.787 0.792
112.263 0.801
112.738 0.81
113.214 0.819
113.689 0.828
114.165 0.837
114.641 0.846
115.116 0.855
115.592 0.864
116.068 0.873
116.543 0.882
117.019 0.891
117.494 0.9
117.97 0.909
118.446 0.918
118.921 0.927
119.397 0.936
119.873 0.945
120.348 0.954
120.824 0.963
121.299 0.972
121.775 0.981
122.251 0.99
122.726 0.999
123.202 1.008
123.678 1.017
124.153 1.026
124.629 1.035
125.104 1.044
125.58 1.053
126.056 1.062
126.531 1.071
127.007 1.08
127.483 1.089
127.958 1.098
128.434 1.107
128.909 1.116
129.385 1.125
129.861 1.134
130.336 1.143
130.812 1.152
131.288 1.161
131.763 1.17
132.239 1.179
132.714 1.188
133.19 1.197
133.666 1.206
134.141 1.215
134.617 1.224
135.093 1.233
135.568 1.242
136.044 1.251
136.519 1.26
136.995 1.269
137.471 1.278
137.946 1.287
138.422 1.296
138.898 1.305
139.373 1.314
139.849 1.323
140.324 1.332
140.8 1.341
141.276 1.35
141.751 1.359
142.227 1.368
142.703 1.377
143.178 1.386
143.654 1.395
144.129 1.404
144.605 1.413
145.081 1.422
145.556 1.431
146.032 1.44
146.507 1.449
144.093 1.44
141.679 1.431
139.264 1.422
136.85 1.413
134.435 1.404
132.021 1.395
129.606 1.386
127.192 1.377
124.777 1.368
122.363 1.359
119.948 1.35
117.534 1.341
115.119 1.332
112.705 1.323
110.29 1.314
107.876 1.305
105.461 1.296
103.047 1.287
100.632 1.278
98.2178 1.269
95.8034 1.26
93.3889 1.251
90.9744 1.242
88.5599 1.233
86.1454 1.224
83.731 1.215
81.3165 1.206
78.902 1.197
76.4875 1.188
74.073 1.179
71.6585 1.17
69.2441 1.161
66.8296 1.152
64.4151 1.143
62.0006 1.134
59.5861 1.125
57.1716 1.116
54.7572 1.107
52.3427 1.098
49.9282 1.089
47.5137 1.08
45.0992 1.071
42.6848 1.062
40.2703 1.053
37.8558 1.044
35.4413 1.035
33.0268 1.026
30.6123 1.017
28.1979 1.008
25.7834 0.999
23.3689 0.99
20.9544 0.981
18.5399 0.972
16.1255 0.963
13.711 0.954
11.2965 0.945
8.88201 0.936
6.46752 0.927
4.05304 0.918
1.63856 0.909
-0.309082 0.9
-1.27087 0.891
-2.23266 0.882
-3.19445 0.873
-4.15624 0.864
-5.11803 0.855
-6.07982 0.846
-7.04161 0.837
-8.00339 0.828
-8.96518 0.819
-9.92697 0.81
-10.8888 0.801
-11.8505 0.792
-12.8123 0.783
-13.7741 0.774
-14.7359 0.765
-15.6977 0.756
-16.6595 0.747
-17.6213 0.738
-18.5831 0.729
-19.5449 0.72
-20.5067 0.711
-21.4684 0.702
-22.4302 0.693
-23.392 0.684
-24.3538 0.675
-25.3156 0.666
-26.2774 0.657
-27.2392 0.648
-28.201 0.639
-29.1628 0.63
-30.1245 0.621
-31.0863 0.612
-32.0481 0.603
-33.0099 0.594
-33.9717 0.585
-34.9335 0.576
-35.8953 0.567
-36.8571 0.558
-37.8189 0.549
-38.7806 0.54
-39.7424 0.531
-40.7042 0.522
-41.666 0.513
-42.6278 0.504
-43.5896 0.495
-44.2485 0.486
-44.7241 0.477
-45.1998 0.468
-45.6754 0.459
-46.151 0.45
-46.6266 0.441
-47.1023 0.432
-47.5779 0.423
-48.0535 0.414
-48.5291 0.405
-49.0048 0.396
-49.4804 0.387
-49.956 0.378
-50.4316 0.369
-50.9072 0.36
-51.3829 0.351
-51.8585 0.342
-52.3341 0.333
-52.8097 0.324
-53.2854 0.315
-53.761 0.306
-54.2366 0.297
-54.7122 0.288
-55.1879 0.279
-55.6635 0.27
-56.1391 0.261
-56.6147 0.252
-57.0903 0.243
-57.566 0.234
-58.0416 0.225
-58.5172 0.216
-58.9928 0.207
-59.4685 0.198
-59.9441 0.189
-60.4197 0.18
-60.8953 0.171
-61.371 0.162
-61.8466 0.153
-62.3222 0.144
-62.7978 0.135
-63.2734 0.126
-63.7491 0.117
-64.2247 0.108
-64.7003 0.099
-65.1759 0.09
-65.6516 0.081
-66.1272 0.072
-66.6028 0.063
-67.0784 0.054
-67.5541 0.045
-68.0297 0.036
-68.5053 0.027
-68.9809 0.018
-69.4565 0.009
-69.9322 -1.73472e-16
-70.4078 -0.009
-70.8834 -0.018
-71.359 -0.027
-71.8347 -0.036
-72.3103 -0.045
-72.7859 -0.054
-73.2615 -0.063
-73.7372 -0.072
-74.2128 -0.081
-74.6884 -0.09
-75.164 -0.099
-75.6396 -0.108
-76.1153 -0.117
-76.5909 -0.126
-77.0665 -0.135
-77.5421 -0.144
-78.0178 -0.153
-78.4934 -0.162
-78.969 -0.171
-79.4446 -0.18
-79.9203 -0.189
-80.3959 -0.198
-80.8715 -0.207
-81.3471 -0.216
-81.8227 -0.225
-82.2984 -0.234
-82.774 -0.243
-83.2496 -0.252
-83.7252 -0.261
-84.2009 -0.27
-84.6765 -0.279
-85.1521 -0.288
-85.6277 -0.297
-86.1034 -0.306
-86.579 -0.315
-87.0546 -0.324
-87.5302 -0.333
-88.0058 -0.342
-88.4815 -0.351
-88.9571 -0.36
-89.4327 -0.369
-89.9083 -0.378
-90.384 -0.387
-90.8596 -0.396
-91.3352 -0.405
-91.8108 -0.414
-92.2865 -0.423
-92.7621 -0.432
-93.2377 -0.441
-93.7133 -0.45
-94.1889 -0.459
-94.6646 -0.468
-95.1402 -0.477
-95.6158 -0.486
-96.0914 -0.495
-96.5671 -0.504
-97.0427 -0.513
-97.5183 -0.522
-97.9939 -0.531
-98.4696 -0.54
-98.9452 -0.549
-99.4208 -0.558
-99.8964 -0.567
-100.372 -0.576
-100.848 -0.585
-101.323 -0.594
-101.799 -0.603
-102.275 -0.612
-102.75 -0.621
-103.226 -0.63
-103.701 -0.639
-104.177 -0.648
-104.653 -0.657
-105.128 -0.666
-105.604 -0.675
-106.08 -0.684
-106.555 -0.693
-107.031 -0.702
-107.506 -0.711
-107.982 -0.72
-108.458 -0.729
-108.933 -0.738
-109.409 -0.747
-109.885 -0.756
-110.36 -0.765
-110.836 -0.774
-111.311 -0.783
-111.787 -0.792
-112.263 -0.801
-112.738 -0.81
-113.214 -0.819
-113.689 -0.828
-114.165 -0.837
-114.641 -0.846
-115.116 -0.855
-115.592 -0.864
-116.068 -0.873
-116.543 -0.882
-117.019 -0.891
-117.494 -0.9
-117.97 -0.909
-118.446 -0.918
-118.921 -0.927
-119.397 -0.936
-119.873 -0.945
-120.348 -0.954
-120.824 -0.963
-121.299 -0.972
-121.775 -0.981
-122.251 -0.99
-122.726 -0.999
-123.202 -1.008
-123.678 -1.017
-124.153 -1.026
-124.629 -1.035
-125.104 -1.044
-125.58 -1.053
-126.056 -1.062
-126.531 -1.071
-127.007 -1.08
-127.483 -1.089
-127.958 -1.098
-128.434 -1.107
-128.909 -1.116
-129.385 -1.125
-129.861 -1.134
-130.336 -1.143
-130.812 -1.152
-131.288 -1.161
-131.763 -1.17
-132.239 -1.179
-132.714 -1.188
-133.19 -1.197
-133.666 -1.206
-134.141 -1.215
-134.617 -1.224
-135.093 -1.233
-135.568 -1.242
-136.044 -1.251
-136.519 -1.26
-136.995 -1.269
-137.471 -1.278
-137.946 -1.287
-138.422 -1.296
-138.898 -1.305
-139.373 -1.314
-139.849 -1.323
-140.324 -1.332
-140.8 -1.341
-141.276 -1.35
-141.751 -1.359
-142.227 -1.368
-142.703 -1.377
-143.178 -1.386
-143.654 -1.395
-144.129 -1.404
-144.605 -1.413
-145.081 -1.422
-145.556 -1.431
-146.032 -1.44
-146.507 -1.449
-144.093 -1.44
-141.679 -1.431
-139.264 -1.422
-136.85 -1.413
-134.435 -1.404
-132.021 -1.395
-129.606 -1.386
-127.192 -1.377
-124.777 -1.368
-122.363 -1.359
-119.948 -1.35
-117.534 -1.341
-115.119 -1.332
-112.705 -1.323
-110.29 -1.314
-107.876 -1.305
-105.461 -1.296
-103.047 -1.287
-100.632 -1.278
-98.2178 -1.269
-95.8034 -1.26
-93.3889 -1.251
-90.9744 -1.242
-88.5599 -1.233
-86.1454 -1.224
-83.731 -1.215
-81.3165 -1.206
-78.902 -1.197
-76.4875 -1.188
-74.073 -1.179
-71.6585 -1.17
-69.2441 -1.161
-66.8296 -1.152
-64.4151 -1.143
-62.0006 -1.134
-59.5861 -1.125
-57.1716 -1.116
-54.7572 -1.107
-52.3427 -1.098
-49.9282 -1.089
-47.5137 -1.08
-45.0992 -1.071
-42.6848 -1.062
-40.2703 -1.053
-37.8558 -1.044
-35.4413 -1.035
-33.0268 -1.026
-30.6123 -1.017
-28.1979 -1.008
-25.7834 -0.999
-23.3689 -0.99
-20.9544 -0.981
-18.5399 -0.972
-16.1255 -0.963
-13.711 -0.954
-11.2965 -0.945
-8.88201 -0.936
-6.46752 -0.927
-4.05304 -0.918
-1.63856 -0.909
0.309082 -0.9
1.27087 -0.891
2.23266 -0.882
3.19445 -0.873
4.15624 -0.864
5.11803 -0.855
6.07982 -0.846
7.04161 -0.837
8.00339 -0.828
8.96518 -0.819
9.92697 -0.81
10.8888 -0.801
11.8505 -0.792
12.8123 -0.783
13.7741 -0.774
14.7359 -0.765
15.6977 -0.756
16.6595 -0.747
17.6213 -0.738
18.5831 -0.729
19.5449 -0.72
20.5067 -0.711
21.4684 -0.702
22.4302 -0.693
23.392 -0.684
24.3538 -0.675
25.3156 -0.666
26.2774 -0.657
27.2392 -0.648
28.201 -0.639
29.1628 -0.63
30.1245 -0.621
31.0863 -0.612
32.0481 -0.603
33.0099 -0.594
33.9717 -0.585
34.9335 -0.576
35.8953 -0.567
36.8571 -0.558
37.8189 -0.549
38.7806 -0.54
39.7424 -0.531
40.7042 -0.522
41.666 -0.513
42.6278 -0.504
43.5896 -0.495
44.2485 -0.486
44.7241 -0.477
45.1998 -0.468
45.6754 -0.459
46.151 -0.45
46.6266 -0.441
47.1023 -0.432
47.5779 -0.423
48.0535 -0.414
48.5291 -0.405
49.0048 -0.396
49.4804 -0.387
49.956 -0.378
50.4316 -0.369
50.9072 -0.36
51.3829 -0.351
51.8585 -0.342
52.3341 -0.333
52.8097 -0.324
53.2854 -0.315
53.761 -0.306
54.2366 -0.297
54.7122 -0.288
55.1879 -0.279
55.6635 -0.27
56.1391 -0.261
56.6147 -0.252
57.0903 -0.243
57.566 -0.234
58.0416 -0.225
58.5172 -0.216
58.9928 -0.207
59.4685 -0.198
59.9441 -0.189
60.4197 -0.18
60.8953 -0.171
61.371 -0.162
61.8466 -0.153
62.3222 -0.144
62.7978 -0.135
63.2734 -0.126
63.7491 -0.117
64.2247 -0.108
64.7003 -0.099
65.1759 -0.09
65.6516 -0.081
66.1272 -0.072
66.6028 -0.063
67.0784 -0.054
67.5541 -0.045
68.0297 -0.036
68.5053 -0.027
68.9809 -0.018
69.4565 -0.009
69.9322 -4.85723e-17
70.4078 0.009
70.8834 0.018
71.359 0.027
71.8347 0.036
72.3103 0.045
72.7859 0.054
73.2615 0.063
73.7372 0.072
74.2128 0.081
74.6884 0.09
75.164 0.099
75.6396 0.108
76.1153 0.117
76.5909 0.126
77.0665 0.135
77.5421 0.144
78.0178 0.153
78.4934 0.162
78.969 0.171
79.4446 0.18
79.9203 0.189
80.3959 0.198
80.8715 0.207
81.3471 0.216
81.8227 0.225
82.2984 0.234
82.774 0.243
83.2496 0.252
83.7252 0.261
84.2009 0.27
84.6765 0.279
85.1521 0.288
85.6277 0.297
86.1034 0.306
86.579 0.315
87.0546 0.324
87.5302 0.333
88.0058 0.342
88.4815 0.351
88.9571 0.36
89.4327 0.369
89.9083 0.378
90.384 0.387
90.8596 0.396
91.3352 0.405
91.8108 0.414
92.2865 0.423
92.7621 0.432
93.2377 0.441
93.7133 0.45
94.1889 0.459
94.6646 0.468
95.1402 0.477
95.6158 0.486
96.0914 0.495
96.5671 0.504
97.0427 0.513
97.5183 0.522
97.9939 0.531
98.4696 0.54
98.9452 0.549
99.4208 0.558
99.8964 0.567
100.372 0.576
100.848 0.585
101.323 0.594
101.799 0.603
102.275 0.612
102.75 0.621
103.226 0.63
103.701 0.639
104.177 0.648
104.653 0.657
105.128 0.666
105.604 0.675
106.08 0.684
106.555 0.693
107.031 0.702
107.506 0.711
107.982 0.72
108.458 0.729
108.933 0.738
109.409 0.747
109.885 0.756
110.36 0.765
110.836 0.774
111.311 0.783
111.787 0.792
112.263 0.801
112.738 0.81
113.214 0.819
113.689 0.828
114.165 0.837
114.641 0.846
115.116 0.855
115.592 0.864
116.068 0.873
116.543 0.882
117.019 0.891
117.494 0.9
117.97 0.909
118.446 0.918
118.921 0.927
119.397 0.936
119.873 0.945
120.348 0.954
120.824 0.963
121.299 0.972
121.775 0.981
122.251 0.99
122.726 0.999
123.202 1.008
123.678 1.017
124.153 1.026
124.629 1.035
125.104 1.044
125.58 1.053
126.056 1.062
126.531 1.071
127.007 1.08
127.483 1.089
127.958 1.098
128.434 1.107
128.909 1.116
129.385 1.125
129.861 1.134
130.336 1.143
130.812 1.152
131.288 1.161
131.763 1.17
132.239 1.179
132.714 1.188
133.19 1.197
133.666 1.206
134.141 1.215
134.617 1.224
135.093 1.233
135.568 1.242
136.044 1.251
136.519 1.26
136.995 1.269
137.471 1.278
137.946 1.287
138.422 1.296
138.898 1.305
139.373 1.314
139.849 1.323
140.324 1.332
140.8 1.341
141.276 1.35
141.751 1.359
142.227 1.368
142.703 1.377
143.178 1.386
143.654 1.395
144.129 1.404
144.605 1.413
145.081 1.422
145.556 1.431
146.032 1.44
146.507 1.449
146.588 1.458
146.67 1.467
146.751 1.476
146.832 1.485
146.913 1.494
146.994 1.503
147.075 1.512
147.156 1.521
147.237 1.53
147.318 1.539
147.399 1.548
147.48 1.557
147.561 1.566
147.642 1.575
147.723 1.584
147.804 1.593
147.885 1.602
147.966 1.611
148.047 1.62
148.128 1.629
148.209 1.638
148.29 1.647
148.371 1.656
148.452 1.665
148.533 1.674
148.614 1.683
148.695 1.692
148.776 1.701
148.857 1.71
148.938 1.719
149.019 1.728
149.1 1.737
149.181 1.746
149.262 1.755
149.343 1.764
149.424 1.773
149.505 1.782
149.586 1.791
149.667 1.8
149.748 1.809
149.829 1.818
149.91 1.827
149.991 1.836
150.072 1.845
150.153 1.854
150.234 1.863
150.315 1.872
150.396 1.881
150.477 1.89
150.558 1.899
150.639 1.908
150.72 1.917
150.801 1.926
150.882 1.935
150.963 1.944
151.044 1.953
151.125 1.962
151.206 1.971
151.287 1.98
151.368 1.989
151.449 1.998
151.53 2.007
151.611 2.016
151.692 2.025
151.773 2.034
151.854 2.043
151.935 2.052
152.016 2.061
152.097 2.07
152.178 2.079
152.259 2.088
152.34 2.097
152.421 2.106
152.502 2.115
152.583 2.124
152.664 2.133
152.745 2.142
152.826 2.151
152.907 2.16
152.988 2.169
150.785 2.16
148.582 2.151
146.379 2.142
144.175 2.133
141.972 2.124
139.769 2.115
137.565 2.106
135.362 2.097
133.159 2.088
130.955 2.079
128.752 2.07
126.549 2.061
124.345 2.052
122.142 2.043
119.939 2.034
117.735 2.025
115.532 2.016
113.329 2.007
111.126 1.998
108.922 1.989
106.719 1.98
104.516 1.971
102.312 1.962
100.109 1.953
97.9056 1.944
95.7023 1.935
93.499 1.926
91.2957 1.917
89.0924 1.908
86.8891 1.899
84.6858 1.89
82.4825 1.881
80.2791 1.872
78.0758 1.863
75.8725 1.854
73.6692 1.845
71.4659 1.836
69.2626 1.827
67.0593 1.818
64.856 1.809
62.6526 1.8
60.4493 1.791
58.246 1.782
56.0427 1.773
53.8394 1.764
51.6361 1.755
49.4328 1.746
47.2295 1.737
45.0261 1.728
42.8228 1.719
40.6195 1.71
38.4162 1.701
36.2129 1.692
34.0096 1.683
31.8063 1.674
29.603 1.665
27.3996 1.656
25.1963 1.647
22.993 1.638
20.7897 1.629
18.5864 1.62
16.3831 1.611
14.1798 1.602
11.9765 1.593
9.77315 1.584
7.56983 1.575
5.36652 1.566
3.16321 1.557
0.959898 1.548
-0.413765 1.539
-1.14695 1.53
-1.88013 1.521
-2.61332 1.512
-3.3465 1.503
-4.07969 1.494
-4.81287 1.485
-5.54606 1.476
-6.27924 1.467
-7.01243 1.458
-7.74561 1.449
-8.4788 1.44
-9.21198 1.431
-9.94517 1.422
-10.6784 1.413
-11.4115 1.404
-12.1447 1.395
-12.8779 1.386
-13.6111 1.377
-14.3443 1.368
-15.0775 1.359
-15.8106 1.35
-16.5438 1.341
-17.277 1.332
-18.0102 1.323
-18.7434 1.314
-19.4766 1.305
-20.2098 1.296
-20.9429 1.287
-21.6761 1.278
-22.4093 1.269
-23.1425 1.26
-23.8757 1.251
-24.6089 1.242
-25.342 1.233
-26.0752 1.224
-26.8084 1.215
-27.5416 1.206
-28.2748 1.197
-29.008 1.188
-29.7412 1.179
-30.4743 1.17
-31.2075 1.161
-31.9407 1.152
-32.6739 1.143
-33.4071 1.134
-34.1403 1.125
-34.8734 1.116
-35.6066 1.107
-36.3398 1.098
-37.073 1.089
-37.8062 1.08
-38.5394 1.071
-39.2726 1.062
-40.0057 1.053
-40.7389 1.044
-41.4721 1.035
-42.2053 1.026
-42.9385 1.017
-43.6717 1.008
-44.1845 0.999
-44.5607 0.99
-44.9368 0.981
-45.313 0.972
-45.6892 0.963
-46.0654 0.954
-46.4416 0.945
-46.8178 0.936
-47.194 0.927
-47.5702 0.918
-47.9463 0.909
-48.3225 0.9
-48.6987 0.891
-49.0749 0.882
-49.4511 0.873
-49.8273 0.864
-50.2035 0.855
-50.5797 0.846
-50.9558 0.837
-51.332 0.828
-51.7082 0.819
-52.0844 0.81
-52.4606 0.801
-52.8368 0.792
-53.213 0.783
-53.5892 0.774
-53.9653 0.765
-54.3415 0.756
-54.7177 0.747
-55.0939 0.738
-55.4701 0.729
-55.8463 0.72
-56.2225 0.711
-56.5987 0.702
-56.9748 0.693
-57.351 0.684
-57.7272 0.675
-58.1034 0.666
-58.4796 0.657
-58.8558 0.648
-59.232 0.639
-59.6082 0.63
-59.9843 0.621
-60.3605 0.612
-60.7367 0.603
-61.1129 0.594
-61.4891 0.585
-61.8653 0.576
-62.2415 0.567
-62.6177 0.558
-62.9938 0.549
-63.37 0.54
-63.7462 0.531
-64.1224 0.522
-64.4986 0.513
-64.8748 0.504
-65.251 0.495
-65.6272 0.486
-66.0033 0.477
-66.3795 0.468
-66.7557 0.459
-67.1319 0.45
-67.5081 0.441
-67.8843 0.432
-68.2605 0.423
-68.6367 0.414
-69.0129 0.405
-69.389 0.396
-69.7652 0.387
-70.1414 0.378
-70.5176 0.369
-70.8938 0.36
-71.27 0.351
-71.6462 0.342
-72.0224 0.333
-72.3985 0.324
-72.7747 0.315
-73.1509 0.306
-73.5271 0.297
-73.9033 0.288
-74.2795 0.279
-74.6557 0.27
-75.0319 0.261
-75.408 0.252
-75.7842 0.243
-76.1604 0.234
-76.5366 0.225
-76.9128 0.216
-77.289 0.207
-77.6652 0.198
-78.0414 0.189
-78.4175 0.18
-78.7937 0.171
-79.1699 0.162
-79.5461 0.153
-79.9223 0.144
-80.2985 0.135
-80.6747 0.126
-81.0509 0.117
-81.427 0.108
-81.8032 0.099
-82.1794 0.09
-82.5556 0.081
-82.9318 0.072
-83.308 0.063
-83.6842 0.054
-84.0604 0.045
-84.4365 0.036
-84.8127 0.027
-85.1889 0.018
-85.5651 0.009
-85.9413 4.85723e-17
-86.3175 -0.009
-86.6937 -0.018
-87.0699 -0.027
-87.446 -0.036
-87.8222 -0.045
-88.1984 -0.054
-88.5746 -0.063
-88.9508 -0.072
-89.327 -0.081
-89.7032 -0.09
-90.0794 -0.099
-90.4555 -0.108
-90.8317 -0.117
-91.2079 -0.126
-91.5841 -0.135
-91.9603 -0.144
-92.3365 -0.153
-92.7127 -0.162
-93.0889 -0.171
-93.465 -0.18
-93.8412 -0.189
-94.2174 -0.198
-94.5936 -0.207
-94.9698 -0.216
-95.346 -0.225
-95.7222 -0.234
-96.0984 -0.243
-96.4745 -0.252
-96.8507 -0.261
-97.2269 -0.27
-97.6031 -0.279
-97.9793 -0.288
-98.3555 -0.297
-98.7317 -0.306
-99.1079 -0.315
-99.484 -0.324
-99.8602 -0.333
-100.236 -0.342
-100.613 -0.351
-100.989 -0.36
-101.365 -0.369
-101.741 -0.378
-102.117 -0.387
-102.494 -0.396
-102.87 -0.405
-103.246 -0.414
-103.622 -0.423
-103.998 -0.432
-104.374 -0.441
-104.751 -0.45
-105.127 -0.459
-105.503 -0.468
-105.879 -0.477
-106.255 -0.486
-106.632 -0.495
-107.008 -0.504
-107.384 -0.513
-107.76 -0.522
-108.136 -0.531
-108.513 -0.54
-108.889 -0.549
-109.265 -0.558
-109.641 -0.567
-110.017 -0.576
-110.393 -0.585
-110.77 -0.594
-111.146 -0.603
-111.522 -0.612
-111.898 -0.621
-112.274 -0.63
-112.651 -0.639
-113.027 -0.648
-113.403 -0.657
-113.779 -0.666
-114.155 -0.675
-114.532 -0.684
-114.908 -0.693
-115.284 -0.702
-115.66 -0.711
-116.036 -0.72
-116.412 -0.729
-116.789 -0.738
-117.165 -0.747
-117.541 -0.756
-117.917 -0.765
-118.293 -0.774
-118.67 -0.783
-119.046 -0.792
-119.422 -0.801
-119.798 -0.81
-120.174 -0.819
-120.551 -0.828
-120.927 -0.837
-121.303 -0.846
-121.679 -0.855
-122.055 -0.864
-122.431 -0.873
-122.808 -0.882
-123.184 -0.891
-123.56 -0.9
-123.936 -0.909
-124.312 -0.918
-124.689 -0.927
-125.065 -0.936
-125.441 -0.945
-125.817 -0.954
-126.193 -0.963
-126.57 -0.972
-126.946 -0.981
-127.322 -0.99
-127.698 -0.999
-128.074 -1.008
-128.45 -1.017
-128.827 -1.026
-129.203 -1.035
-129.579 -1.044
-129.955 -1.053
-130.331 -1.062
-130.708 -1.071
-131.084 -1.08
-131.46 -1.089
-131.836 -1.098
-132.212 -1.107
-132.589 -1.116
-132.965 -1.125
-133.341 -1.134
-133.717 -1.143
-134.093 -1.152
-134.469 -1.161
-134.846 -1.17
-135.222 -1.179
-135.598 -1.188
-135.974 -1.197
-136.35 -1.206
-136.727 -1.215
-137.103 -1.224
-137.479 -1.233
-137.855 -1.242
-138.231 -1.251
-138.608 -1.26
-138.984 -1.269
-139.36 -1.278
-139.736 -1.287
-140.112 -1.296
-140.488 -1.305
-140.865 -1.314
-141.241 -1.323
-141.617 -1.332
-141.993 -1.341
-142.369 -1.35
-142.746 -1.359
-143.122 -1.368
-143.498 -1.377
-143.874 -1.386
-144.25 -1.395
-144.627 -1.404
-145.003 -1.413
-145.379 -1.422
-145.755 -1.431
-146.131 -1.44
-146.507 -1.449
-146.588 -1.458
-146.67 -1.467
-146.751 -1.476
-146.832 -1.485
-146.913 -1.494
-146.994 -1.503
-147.075 -1.512
-147.156 -1.521
-147.237 -1.53
-147.318 -1.539
-147.399 -1.548
-147.48 -1.557
-147.561 -1.566
-147.642 -1.575
-147.723 -1.584
-147.804 -1.593
-147.885 -1.602
-147.966 -1.611
-148.047 -1.62
-148.128 -1.629
-148.209 -1.638
-148.29 -1.647
-148.371 -1.656
-148.452 -1.665
-148.533 -1.674
-148.614 -1.683
-148.695 -1.692
-148.776 -1.701
-148.857 -1.71
-148.938 -1.719
-149.019 -1.728
-149.1 -1.737
-149.181 -1.746
-149.262 -1.755
-149.343 -1.764
-149.424 -1.773
-149.505 -1.782
-149.586 -1.791
-149.667 -1.8
-149.748 -1.809
-149.829 -1.818
-149.91 -1.827
-149.991 -1.836
-150.072 -1.845
-150.153 -1.854
-150.234 -1.863
-150.315 -1.872
-150.396 -1.881
-150.477 -1.89
-150.558 -1.899
-150.639 -1.908
-150.72 -1.917
-150.801 -1.926
-150.882 -1.935
-150.963 -1.944
-151.044 -1.953
-151.125 -1.962
-151.206 -1.971
-151.287 -1.98
-151.368 -1.989
-151.449 -1.998
-151.53 -2.007
-151.611 -2.016
-151.692 -2.025
-151.773 -2.034
-151.854 -2.043
-151.935 -2.052
-152.016 -2.061
-152.097 -2.07
-152.178 -2.079
-152.259 -2.088
-152.34 -2.097
-152.421 -2.106
-152.502 -2.115
-152.583 -2.124
-152.664 -2.133
-152.745 -2.142
-152.826 -2.151
-152.907 -2.16
-152.988 -2.169
-150.785 -2.16
-148.582 -2.151
-146.379 -2.142
-144.175 -2.133
-141.972 -2.124
-139.769 -2.115
-137.565 -2.106
-135.362 -2.097
-133.159 -2.088
-130.955 -2.079
-128.752 -2.07
-126.549 -2.061
-124.345 -2.052
-122.142 -2.043
-119.939 -2.034
-117.735 -2.025
-115.532 -2.016
-113.329 -2.007
-111.126 -1.998
-108.922 -1.989
-106.719 -1.98
-104.516 -1.971
-102.312 -1.962
-100.109 -1.953
-97.9056 -1.944
-95.7023 -1.935
-93.499 -1.926
-91.2957 -1.917
-89.0924 -1.908
-86.8891 -1.899
-84.6858 -1.89
-82.4825 -1.881
-80.2791 -1.872
-78.0758 -1.863
-75.8725 -1.854
-73.6692 -1.845
-71.4659 -1.836
-69.2626 -1.827
-67.0593 -1.818
-64.856 -1.809
-62.6526 -1.8
-60.4493 -1.791
-58.246 -1.782
-56.0427 -1.773
-53.8394 -1.764
-51.6361 -1.755
-49.4328 -1.746
-47.2295 -1.737
-45.0261 -1.728
-42.8228 -1.719
-40.6195 -1.71
-38.4162 -1.701
-36.2129 -1.692
-34.0096 -1.683
-31.8063 -1.674
-29.603 -1.665
-27.3996 -1.656
-25.1963 -1.647
-22.993 -1.638
-20.7897 -1.629
-18.5864 -1.62
-16.3831 -1.611
-14.1798 -1.602
-11.9765 -1.593
-9.77315 -1.584
-7.56983 -1.575
-5.36652 -1.566
-3.16321 -1.557
-0.959898 -1.548
0.346243 -1.539
0.959781 -1.53
1.57332 -1.521
2.18686 -1.512
2.80039 -1.503
3.41393 -1.494
4.02747 -1.485
4.64101 -1.476
5.25454 -1.467
5.86808 -1.458
6.48162 -1.449
7.09516 -1.44
7.7087 -1.431
8.32223 -1.422
8.93577 -1.413
9.54931 -1.404
10.1628 -1.395
10.7764 -1.386
11.3899 -1.377
12.0035 -1.368
12.617 -1.359
13.2305 -1.35
13.8441 -1.341
14.4576 -1.332
15.0711 -1.323
15.6847 -1.314
16.2982 -1.305
16.9118 -1.296
17.5253 -1.287
18.1388 -1.278
18.7524 -1.269
19.3659 -1.26
19.9794 -1.251
20.593 -1.242
21.2065 -1.233
21.8201 -1.224
22.4336 -1.215
23.0471 -1.206
23.6607 -1.197
24.2742 -1.188
24.8878 -1.179
25.5013 -1.17
26.1148 -1.161
26.7284 -1.152
27.3419 -1.143
27.9554 -1.134
28.569 -1.125
29.1825 -1.116
29.7961 -1.107
30.4096 -1.098
31.0231 -1.089
31.6367 -1.08
32.2502 -1.071
32.8637 -1.062
33.4773 -1.053
34.0908 -1.044
34.7044 -1.035
35.3179 -1.026
35.9314 -1.017
36.545 -1.008
37.1585 -0.999
37.772 -0.99
38.3856 -0.981
38.9991 -0.972
39.6127 -0.963
40.2262 -0.954
40.8397 -0.945
41.4533 -0.936
42.0668 -0.927
42.6803 -0.918
43.2939 -0.909
43.9074 -0.9
44.521 -0.891
45.1345 -0.882
45.748 -0.873
46.1369 -0.864
46.4539 -0.855
46.771 -0.846
47.0881 -0.837
47.4051 -0.828
47.7222 -0.819
48.0393 -0.81
48.3563 -0.801
48.6734 -0.792
48.9905 -0.783
49.3075 -0.774
49.6246 -0.765
49.9417 -0.756
50.2587 -0.747
50.5758 -0.738
50.8929 -0.729
51.2099 -0.72
51.527 -0.711
51.8441 -0.702
52.1611 -0.693
52.4782 -0.684
52.7953 -0.675
53.1123 -0.666
53.4294 -0.657
53.7465 -0.648
54.0635 -0.639
54.3806 -0.63
54.6977 -0.621
55.0147 -0.612
55.3318 -0.603
55.6489 -0.594
55.9659 -0.585
56.283 -0.576
56.6001 -0.567
56.9171 -0.558
57.2342 -0.549
57.5513 -0.54
57.8683 -0.531
58.1854 -0.522
58.5025 -0.513
58.8195 -0.504
59.1366 -0.495
59.4537 -0.486
59.7707 -0.477
60.0878 -0.468
60.4049 -0.459
60.7219 -0.45
61.039 -0.441
61.3561 -0.432
61.6731 -0.423
61.9902 -0.414
62.3073 -0.405
62.6243 -0.396
62.9414 -0.387
63.2585 -0.378
63.5755 -0.369
63.8926 -0.36
64.2097 -0.351
64.5267 -0.342
64.8438 -0.333
65.1609 -0.324
65.4779 -0.315
65.795 -0.306
66.1121 -0.297
66.4291 -0.288
66.7462 -0.279
67.0633 -0.27
67.3803 -0.261
67.6974 -0.252
68.0145 -0.243
68.3315 -0.234
68.6486 -0.225
68.9657 -0.216
69.2828 -0.207
69.5998 -0.198
69.9169 -0.189
70.234 -0.18
70.551 -0.171
70.8681 -0.162
71.1852 -0.153
71.5022 -0.144
71.8193 -0.135
72.1364 -0.126
72.4534 -0.117
72.7705 -0.108
73.0876 -0.099
73.4046 -0.09
73.7217 -0.081
74.0388 -0.072
74.3558 -0.063
74.6729 -0.054
74.99 -0.045
75.307 -0.036
75.6241 -0.027
75.9412 -0.018
76.2582 -0.009
76.5753 -4.85723e-17
76.8924 0.009
77.2094 0.018
77.5265 0.027
77.8436 0.036
78.1606 0.045
78.4777 0.054
78.7948 0.063
79.1118 0.072
79.4289 0.081
79.746 0.09
80.063 0.099
80.3801 0.108
80.6972 0.117
81.0142 0.126
81.3313 0.135
81.6484 0.144
81.9654 0.153
82.2825 0.162
82.5996 0.171
82.9166 0.18
83.2337 0.189
83.5508 0.198
83.8678 0.207
84.1849 0.216
84.502 0.225
84.819 0.234
85.1361 0.243
85.4532 0.252
85.7702 0.261
86.0873 0.27
86.4044 0.279
86.7214 0.288
87.0385 0.297
87.3556 0.306
87.6726 0.315
87.9897 0.324
88.3068 0.333
88.6238 0.342
88.9409 0.351
89.258 0.36
89.575 0.369
89.8921 0.378
90.2092 0.387
90.5262 0.396
90.8433 0.405
91.1604 0.414
91.4774 0.423
91.7945 0.432
92.1116 0.441
92.4286 0.45
92.7457 0.459
93.0628 0.468
93.3798 0.477
93.6969 0.486
94.014 0.495
94.331 0.504
94.6481 0.513
94.9652 0.522
95.2822 0.531
95.5993 0.54
95.9164 0.549
96.2334 0.558
96.5505 0.567
96.8676 0.576
97.1846 0.585
97.5017 0.594
97.8188 0.603
98.1359 0.612
98.4529 0.621
98.77 0.63
99.0871 0.639
99.4041 0.648
99.7212 0.657
100.038 0.666
100.355 0.675
100.672 0.684
100.989 0.693
101.307 0.702
101.624 0.711
101.941 0.72
102.258 0.729
102.575 0.738
102.892 0.747
103.209 0.756
103.526 0.765
103.843 0.774
104.16 0.783
104.477 0.792
104.794 0.801
105.111 0.81
105.428 0.819
105.745 0.828
106.063 0.837
106.38 0.846
106.697 0.855
107.014 0.864
107.331 0.873
107.648 0.882
107.965 0.891
108.282 0.9
108.599 0.909
108.916 0.918
109.233 0.927
109.55 0.936
109.867 0.945
110.184 0.954
110.501 0.963
110.819 0.972
111.136 0.981
111.453 0.99
111.77 0.999
112.087 1.008
112.404 1.017
112.721 1.026
113.038 1.035
113.355 1.044
113.672 1.053
113.989 1.062
114.306 1.071
114.623 1.08
114.94 1.089
115.257 1.098
115.575 1.107
115.892 1.116
116.209 1.125
116.526 1.134
116.843 1.143
117.16 1.152
117.477 1.161
117.794 1.17
118.111 1.179
118.428 1.188
118.745 1.197
119.062 1.206
119.379 1.215
119.696 1.224
120.013 1.233
120.331 1.242
120.648 1.251
120.965 1.26
121.282 1.269
121.599 1.278
121.916 1.287
122.233 1.296
122.55 1.305
122.867 1.314
123.184 1.323
123.501 1.332
123.818 1.341
124.135 1.35
124.452 1.359
124.769 1.368
125.087 1.377
125.404 1.386
125.721 1.395
126.038 1.404
126.355 1.413
126.672 1.422
126.989 1.431
127.306 1.44
127.623 1.449
127.94 1.458
128.257 1.467
128.574 1.476
128.891 1.485
129.208 1.494
129.525 1.503
129.843 1.512
130.16 1.521
130.477 1.53
130.794 1.539
131.111 1.548
131.428 1.557
131.745 1.566
132.062 1.575
132.379 1.584
132.696 1.593
133.013 1.602
133.33 1.611
133.647 1.62
133.964 1.629
134.281 1.638
134.599 1.647
134.916 1.656
135.233 1.665
135.55 1.674
135.867 1.683
136.184 1.692
136.501 1.701
136.818 1.71
137.135 1.719
137.452 1.728
137.769 1.737
138.086 1.746
138.403 1.755
138.72 1.764
139.037 1.773
139.355 1.782
139.672 1.791
139.989 1.8
140.306 1.809
140.623 1.818
140.94 1.827
141.257 1.836
141.574 1.845
141.891 1.854
142.208 1.863
142.525 1.872
142.842 1.881
143.159 1.89
143.476 1.899
143.794 1.908
144.111 1.917
144.428 1.926
144.745 1.935
145.062 1.944
145.379 1.953
145.696 1.962
146.013 1.971
146.33 1.98
146.647 1.989
146.964 1.998
147.281 2.007
147.598 2.016
147.915 2.025
148.232 2.034
148.55 2.043
148.867 2.052
149.184 2.061
149.501 2.07
149.818 2.079
150.135 2.088
150.452 2.097
150.769 2.106
151.086 2.115
151.403 2.124
151.72 2.133
152.037 2.142
152.354 2.151
152.671 2.16
152.988 2.169
150.785 2.16
148.582 2.151
146.379 2.142
144.175 2.133
141.972 2.124
139.769 2.115
137.565 2.106
135.362 2.097
133.159 2.088
130.955 2.079
128.752 2.07
126.549 2.061
124.345 2.052
122.142 2.043
119.939 2.034
117.735 2.025
115.532 2.016
113.329 2.007
111.126 1.998
108.922 1.989
106.719 1.98
104.516 1.971
102.312 1.962
100.109 1.953
97.9056 1.944
95.7023 1.935
93.499 1.926
91.2957 1.917
89.0924 1.908
86.8891 1.899
84.6858 1.89
82.4825 1.881
80.2791 1.872
78.0758 1.863
75.8725 1.854
73.6692 1.845
71.4659 1.836
69.2626 1.827
67.0593 1.818
64.856 1.809
62.6526 1.8
60.4493 1.791
58.246 1.782
56.0427 1.773
53.8394 1.764
51.6361 1.755
49.4328 1.746
47.2295 1.737
45.0261 1.728
42.8228 1.719
40.6195 1.71
38.4162 1.701
36.2129 1.692
34.0096 1.683
31.8063 1.674
29.603 1.665
27.3996 1.656
25.1963 1.647
22.993 1.638
20.7897 1.629
18.5864 1.62
16.3831 1.611
14.1798 1.602
11.9765 1.593
9.77315 1.584
7.56983 1.575
5.36652 1.566
3.16321 1.557
0.959898 1.548
-0.346243 1.539
-0.959781 1.53
-1.57332 1.521
-2.18686 1.512
-2.80039 1.503
-3.41393 1.494
-4.02747 1.485
-4.64101 1.476
-5.25454 1.467
-5.86808 1.458
-6.48162 1.449
-7.09516 1.44
-7.7087 1.431
-8.32223 1.422
-8.93577 1.413
-9.54931 1.404
-10.1628 1.395
-10.7764 1.386
-11.3899 1.377
-12.0035 1.368
-12.617 1.359
-13.2305 1.35
-13.8441 1.341
-14.4576 1.332
-15.0711 1.323
-15.6847 1.314
-16.2982 1.305
-16.9118 1.296
-17.5253 1.287
-18.1388 1.278
-18.7524 1.269
-19.3659 1.26
-19.9794 1.251
-20.593 1.242
-21.2065 1.233
-21.8201 1.224
-22.4336 1.215
-23.0471 1.206
-23.6607 1.197
-24.2742 1.188
-24.8878 1.179
-25.5013 1.17
-26.1148 1.161
-26.7284 1.152
-27.3419 1.143
-27.9554 1.134
-28.569 1.125
-29.1825 1.116
-29.7961 1.107
-30.4096 1.098
-31.0231 1.089
-31.6367 1.08
-32.2502 1.071
-32.8637 1.062
-33.4773 1.053
-34.0908 1.044
-34.7044 1.035
-35.3179 1.026
-35.9314 1.017
-36.545 1.008
-37.1585 0.999
-37.772 0.99
-38.3856 0.981
-38.9991 0.972
-39.6127 0.963
-40.2262 0.954
-40.8397 0.945
-41.4533 0.936
-42.0668 0.927
-42.6803 0.918
-43.2939 0.909
-43.9074 0.9
-44.521 0.891
-45.1345 0.882
-45.748 0.873
-46.1369 0.864
-46.4539 0.855
-46.771 0.846
-47.0881 0.837
-47.4051 0.828
-47.7222 0.819
-48.0393 0.81
-48.3563 0.801
-48.6734 0.792
-48.9905 0.783
-49.3075 0.774
-49.6246 0.765
-49.9417 0.756
-50.2587 0.747
-50.5758 0.738
-50.8929 0.729
-51.2099 0.72
-51.527 0.711
-51.8441 0.702
-52.1611 0.693
-52.4782 0.684
-52.7953 0.675
-53.1123 0.666
-53.4294 0.657
-53.7465 0.648
-54.0635 0.639
-54.3806 0.63
-54.6977 0.621
-55.0147 0.612
-55.3318 0.603
-55.6489 0.594
-55.9659 0.585
-56.283 0.576
-56.6001 0.567
-56.9171 0.558
-57.2342 0.549
-57.5513 0.54
-57.8683 0.531
-58.1854 0.522
-58.5025 0.513
-58.8195 0.504
-59.1366 0.495
-59.4537 0.486
-59.7707 0.477
-60.0878 0.468
-60.4049 0.459
-60.7219 0.45
-61.039 0.441
-61.3561 0.432
-61.6731 0.423
-61.9902 0.414
-62.3073 0.405
-62.6243 0.396
-62.9414 0.387
-63.2585 0.378
-63.5755 0.369
-63.8926 0.36
-64.2097 0.351
-64.5267 0.342
-64.8438 0.333
-65.1609 0.324
-65.4779 0.315
-65.795 0.306
-66.1121 0.297
-66.4291 0.288
-66.7462 0.279
-67.0633 0.27
-67.3803 0.261
-67.6974 0.252
-68.0145 0.243
-68.3315 0.234
-68.6486 0.225
-68.9657 0.216
-69.2828 0.207
-69.5998 0.198
-69.9169 0.189
-70.234 0.18
-70.551 0.171
-70.8681 0.162
-71.1852 0.153
-71.5022 0.144
-71.8193 0.135
-72.1364 0.126
-72.4534 0.117
-72.7705 0.108
-73.0876 0.099
-73.4046 0.09
-73.7217 0.081
-74.0388 0.072
-74.3558 0.063
-74.6729 0.054
-74.99 0.045
-75.307 0.036
-75.6241 0.027
-75.9412 0.018
-76.2582 0.009
-76.5753 4.85723e-17
-76.8924 -0.009
-77.2094 -0.018
-77.5265 -0.027
-77.8436 -0.036
-78.1606 -0.045
-78.4777 -0.054
-78.7948 -0.063
-79.1118 -0.072
-79.4289 -0.081
-79.746 -0.09
-80.063 -0.099
-80.3801 -0.108
-80.6972 -0.117
-81.0142 -0.126
-81.3313 -0.135
-81.6484 -0.144
-81.9654 -0.153
-82.2825 -0.162
-82.5996 -0.171
-82.9166 -0.18
-83.2337 -0.189
-83.5508 -0.198
-83.8678 -0.207
-84.1849 -0.216
-84.502 -0.225
-84.819 -0.234
-85.1361 -0.243
-85.4532 -0.252
-85.7702 -0.261
-86.0873 -0.27
-86.4044 -0.279
-86.7214 -0.288
-87.0385 -0.297
-87.3556 -0.306
-87.6726 -0.315
-87.9897 -0.324
-88.3068 -0.333
-88.6238 -0.342
-88.9409 -0.351
-89.258 -0.36
-89.575 -0.369
-89.8921 -0.378
-90.2092 -0.387
-90.5262 -0.396
-90.8433 -0.405
-91.1604 -0.414
-91.4774 -0.423
-91.7945 -0.432
-92.1116 -0.441
-92.4286 -0.45
-92.7457 -0.459
-93.0628 -0.468
-93.3798 -0.477
-93.6969 -0.486
-94.014 -0.495
-94.331 -0.504
-94.6481 -0.513
-94.9652 -0.522
-95.2822 -0.531
-95.5993 -0.54
-95.9164 -0.549
-96.2334 -0.558
-96.5505 -0.567
-96.8676 -0.576
-97.1846 -0.585
-97.5017 -0.594
-97.8188 -0.603
-98.1359 -0.612
-98.4529 -0.621
-98.77 -0.63
-99.0871 -0.639
-99.4041 -0.648
-99.7212 -0.657
-100.038 -0.666
-100.355 -0.675
-100.672 -0.684
-100.989 -0.693
-101.307 -0.702
-101.624 -0.711
-101.941 -0.72
-102.258 -0.729
-102.575 -0.738
-102.892 -0.747
-103.209 -0.756
-103.526 -0.765
-103.843 -0.774
-104.16 -0.783
-104.477 -0.792
-104.794 -0.801
-105.111 -0.81
-105.428 -0.819
-105.745 -0.828
-106.063 -0.837
-106.38 -0.846
-106.697 -0.855
-107.014 -0.864
-107.331 -0.873
-107.648 -0.882
-107.965 -0.891
-108.282 -0.9
-108.599 -0.909
-108.916 -0.918
-109.233 -0.927
-109.55 -0.936
-109.867 -0.945
-110.184 -0.954
-110.501 -0.963
-110.819 -0.972
-111.136 -0.981
-111.453 -0.99
-111.77 -0.999
-112.087 -1.008
-112.404 -1.017
-112.721 -1.026
-113.038 -1.035
-113.355 -1.044
-113.672 -1.053
-113.989 -1.062
-114.306 -1.071
-114.623 -1.08
-114.94 -1.089
-115.257 -1.098
-115.575 -1.107
-115.892 -1.116
-116.209 -1.125
-116.526 -1.134
-116.843 -1.143
-117.16 -1.152
-117.477 -1.161
-117.794 -1.17
-118.111 -1.179
-118.428 -1.188
-118.745 -1.197
-119.062 -1.206
-119.379 -1.215
-119.696 -1.224
-120.013 -1.233
-120.331 -1.242
-120.648 -1.251
-120.965 -1.26
-121.282 -1.269
-121.599 -1.278
-121.916 -1.287
-122.233 -1.296
-122.55 -1.305
-122.867 -1.314
-123.184 -1.323
-123.501 -1.332
-123.818 -1.341
-124.135 -1.35
-124.452 -1.359
-124.769 -1.368
-125.087 -1.377
-125.404 -1.386
-125.721 -1.395
-126.038 -1.404
-126.355 -1.413
-126.672 -1.422
-126.989 -1.431
-127.306 -1.44
-127.623 -1.449
-127.94 -1.458
-128.257 -1.467
-128.574 -1.476
-128.891 -1.485
-129.208 -1.494
-129.525 -1.503
-129.843 -1.512
-130.16 -1.521
-130.477 -1.53
-130.794 -1.539
-131.111 -1.548
-131.428 -1.557
-131.745 -1.566
-132.062 -1.575
-132.379 -1.584
-132.696 -1.593
-133.013 -1.602
-133.33 -1.611
-133.647 -1.62
-133.964 -1.629
-134.281 -1.638
-134.599 -1.647
-134.916 -1.656
-135.233 -1.665
-135.55 -1.674
-135.867 -1.683
-136.184 -1.692
-136.501 -1.701
-136.818 -1.71
-137.135 -1.719
-137.452 -1.728
-137.769 -1.737
-138.086 -1.746
-138.403 -1.755
-138.72 -1.764
-139.037 -1.773
-139.355 -1.782
-139.672 -1.791
-139.989 -1.8
-140.306 -1.809
-140.623 -1.818
-140.94 -1.827
-141.257 -1.836
-141.574 -1.845
-141.891 -1.854
-142.208 -1.863
-142.525 -1.872
-142.842 -1.881
-143.159 -1.89
-143.476 -1.899
-143.794 -1.908
-144.111 -1.917
-144.428 -1.926
-144.745 -1.935
-145.062 -1.944
-145.379 -1.953
-145.696 -1.962
-146.013 -1.971
-146.33 -1.98
-146.647 -1.989
-146.964 -1.998
-147.281 -2.007
-147.598 -2.016
-147.915 -2.025
-148.232 -2.034
-148.55 -2.043
-148.867 -2.052
-149.184 -2.061
-149.501 -2.07
-149.818 -2.079
-150.135 -2.088
-150.452 -2.097
-150.769 -2.106
-151.086 -2.115
-151.403 -2.124
-151.72 -2.133
-152.037 -2.142
-152.354 -2.151
-152.671 -2.16
-152.988 -2.169
-150.785 -2.16
-148.582 -2.151
-146.379 -2.142
-144.175 -2.133
-141.972 -2.124
-139.769 -2.115
-137.565 -2.106
-135.362 -2.097
-133.159 -2.088
-130.955 -2.079
-128.752 -2.07
-126.549 -2.061
-124.345 -2.052
-122.142 -2.043
-119.939 -2.034
-117.735 -2.025
-115.532 -2.016
-113.329 -2.007
-111.126 -1.998
-108.922 -1.989
-106.719 -1.98
-104.516 -1.971
-102.312 -1.962
-100.109 -1.953
-97.9056 -1.944
-95.7023 -1.935
-93.499 -1.926
-91.2957 -1.917
-89.0924 -1.908
-86.8891 -1.899
-84.6858 -1.89
-82.4825 -1.881
-80.2791 -1.872
-78.0758 -1.863
-75.8725 -1.854
-73.6692 -1.845
-71.4659 -1.836
-69.2626 -1.827
-67.0593 -1.818
-64.856 -1.809
-62.6526 -1.8
-60.4493 -1.791
-58.246 -1.782
-56.0427 -1.773
-53.8394 -1.764
-51.6361 -1.755
-49.4328 -1.746
-47.2295 -1.737
-45.0261 -1.728
-42.8228 -1.719
-40.6195 -1.71
-38.4162 -1.701
-36.2129 -1.692
-34.0096 -1.683
-31.8063 -1.674
-29.603 -1.665
-27.3996 -1.656
-25.1963 -1.647
-22.993 -1.638
-20.7897 -1.629
-18.5864 -1.62
-16.3831 -1.611
-14.1798 -1.602
-11.9765 -1.593
-9.77315 -1.584
-7.56983 -1.575
-5.36652 -1.566
-3.16321 -1.557
-0.959898 -1.548
0.346243 -1.539
0.959781 -1.53
1.57332 -1.521
2.18686 -1.512
2.80039 -1.503
3.41393 -1.494
4.02747 -1.485
4.64101 -1.476
5.25454 -1.467
5.86808 -1.458
6.48162 -1.449
7.09516 -1.44
7.7087 -1.431
8.32223 -1.422
8.93577 -1.413
9.54931 -1.404
10.1628 -1.395
10.7764 -1.386
11.3899 -1.377
12.0035 -1.368
12.617 -1.359
13.2305 -1.35
13.8441 -1.341
14.4576 -1.332
15.0711 -1.323
15.6847 -1.314
16.2982 -1.305
16.9118 -1.296
17.5253 -1.287
18.1388 -1.278
18.7524 -1.269
19.3659 -1.26
19.9794 -1.251
20.593 -1.242
21.2065 -1.233
21.8201 -1.224
22.4336 -1.215
23.0471 -1.206
23.6607 -1.197
24.2742 -1.188
24.8878 -1.179
25.5013 -1.17
26.1148 -1.161
26.7284 -1.152
27.3419 -1.143
27.9554 -1.134
28.569 -1.125
29.1825 -1.116
29.7961 -1.107
30.4096 -1.098
31.0231 -1.089
31.6367 -1.08
32.2502 -1.071
32.8637 -1.062
33.4773 -1.053
34.0908 -1.044
34.7044 -1.035
35.3179 -1.026
35.9314 -1.017
36.545 -1.008
37.1585 -0.999
37.772 -0.99
38.3856 -0.981
38.9991 -0.972
39.6127 -0.963
40.2262 -0.954
40.8397 -0.945
41.4533 -0.936
42.0668 -0.927
42.6803 -0.918
43.2939 -0.909
43.9074 -0.9
44.521 -0.891
45.1345 -0.882
45.748 -0.873
46.1369 -0.864
46.4539 -0.855
46.771 -0.846
47.0881 -0.837
47.4051 -0.828
47.7222 -0.819
48.0393 -0.81
48.3563 -0.801
48.6734 -0.792
48.9905 -0.783
49.3075 -0.774
49.6246 -0.765
49.9417 -0.756
50.2587 -0.747
50.5758 -0.738
50.8929 -0.729
51.2099 -0.72
51.527 -0.711
51.8441 -0.702
52.1611 -0.693
52.4782 -0.684
52.7953 -0.675
53.1123 -0.666
53.4294 -0.657
53.7465 -0.648
54.0635 -0.639
54.3806 -0.63
54.6977 -0.621
55.0147 -0.612
55.3318 -0.603
55.6489 -0.594
55.9659 -0.585
56.283 -0.576
56.6001 -0.567
56.9171 -0.558
57.2342 -0.549
57.5513 -0.54
57.8683 -0.531
58.1854 -0.522
58.5025 -0.513
58.8195 -0.504
59.1366 -0.495
59.4537 -0.486
59.7707 -0.477
60.0878 -0.468
60.4049 -0.459
60.7219 -0.45
61.039 -0.441
61.3561 -0.432
61.6731 -0.423
61.9902 -0.414
62.3073 -0.405
62.6243 -0.396
62.9414 -0.387
63.2585 -0.378
63.5755 -0.369
63.8926 -0.36
64.2097 -0.351
64.5267 -0.342
64.8438 -0.333
65.1609 -0.324
65.4779 -0.315
65.795 -0.306
66.1121 -0.297
66.4291 -0.288
66.7462 -0.279
67.0633 -0.27
67.3803 -0.261
67.6974 -0.252
68.0145 -0.243
68.3315 -0.234
68.6486 -0.225
68.9657 -0.216
69.2828 -0.207
69.5998 -0.198
69.9169 -0.189
70.234 -0.18
70.551 -0.171
70.8681 -0.162
71.1852 -0.153
71.5022 -0.144
71.8193 -0.135
72.1364 -0.126
72.4534 -0.117
72.7705 -0.108
73.0876 -0.099
73.4046 -0.09
73.7217 -0.081
74.0388 -0.072
74.3558 -0.063
74.6729 -0.054
74.99 -0.045
75.307 -0.036
75.6241 -0.027
75.9412 -0.018
76.2582 -0.009
76.5753 -4.85723e-17
76.8924 0.009
