0.156463 7.63909e-05
0.105571 0.000181098
0.0524684 9.00052e-05
-0.00520764 -7.60384e-07
-0.188452 -2.77031e-05
-0.183838 -2.70296e-05
-0.0961183 -1.42237e-05
-0.00474945 -8.85215e-07
0.0524808 8.98384e-05
0.105473 0.000181111
0.0523817 8.98511e-05
-0.0047751 -8.85405e-07
-0.0961004 -1.42193e-05
-0.183841 -2.70299e-05
-0.179063 -2.63324e-05
-0.124391 -1.83511e-05
-0.0655815 -9.76572e-06
-0.00476646 -8.87609e-07
0.0523815 8.98509e-05
0.105473 0.000181111
0.0523808 8.98497e-05
-0.00477666 -8.85633e-07
-0.0656623 -9.77522e-06
-0.122552 -1.80814e-05
-0.179442 -2.63877e-05
-0.122551 -1.80824e-05
-0.0656602 -9.77712e-06
-0.00475325 -8.85595e-07
0.0523817 8.98511e-05
0.105473 0.000181111
0.0545523 0.000285878
0.00368988 0.000390525
0.00276431 0.000292518
0.00183874 0.000194512
0.000913167 9.6505e-05
-0.00477666 -8.85633e-07
-0.0656623 -9.77522e-06
-0.122552 -1.80814e-05
-0.179442 -2.63877e-05
-0.174813 -2.57118e-05
-0.211284 -3.1086e-05
-0.171793 -2.53209e-05
-0.131092 -1.9379e-05
-0.0903767 -1.34353e-05
-0.0496618 -7.49149e-06
-0.00457202 -9.09033e-07
0.000913644 9.65073e-05
0.00183921 0.000194513
0.00276477 0.000292519
0.00366478 0.000390529
0.00274563 0.000292522
0.00182646 0.000194514
0.000907297 9.65059e-05
-0.00460085 -9.08217e-07
-0.0496649 -7.48801e-06
-0.090379 -1.34327e-05
-0.131093 -1.93773e-05
-0.171807 -2.5322e-05
-0.212519 -3.12691e-05
-0.171804 -2.53254e-05
-0.131089 -1.93816e-05
-0.0903745 -1.34378e-05
-0.0496596 -7.49402e-06
-0.00456165 -9.10374e-07
0.000907343 9.65081e-05
0.0018265 0.000194515
0.00274565 0.000292522
0.00366335 0.000390529
0.00274456 0.000292522
0.00182576 0.000194514
0.000906961 9.6506e-05
-0.00459081 -9.09515e-07
-0.0496627 -7.49047e-06
-0.0903768 -1.34351e-05
-0.131091 -1.93798e-05
-0.171805 -2.53245e-05
-0.212519 -3.12691e-05
-0.171804 -2.53254e-05
-0.131089 -1.93816e-05
-0.0903745 -1.34378e-05
-0.0496596 -7.49402e-06
-0.00456165 -9.10374e-07
0.000906981 9.65081e-05
0.00182577 0.000194515
0.00274456 0.000292522
0.00366335 0.000390529
0 0.000489129
0 0.000587116
0 0.000685135
0 0.000783137
0 0.000881122
0 0.00097909
0 0.00107704
0 0.00117498
0 0.00107685
0 0.000978722
0 0.000880596
0 0.000782469
0 0.000684343
0 0.000586217
0 0.00048809
0 0.000389964
0 0.000291837
0 0.000193711
0 9.55844e-05
-0.00836405 -1.46045e-06
-0.0496627 -7.49047e-06
-0.0903768 -1.34351e-05
-0.131091 -1.93798e-05
-0.171805 -2.53245e-05
-0.212519 -3.12691e-05
-0.253153 -3.73046e-05
-0.293772 -4.33564e-05
-0.334377 -4.94249e-05
-0.374967 -5.55101e-05
-0.415542 -6.16121e-05
-0.456102 -6.77312e-05
-0.496647 -7.38673e-05
-0.455932 -6.79236e-05
-0.415217 -6.19798e-05
-0.374503 -5.6036e-05
-0.333788 -5.00922e-05
-0.293073 -4.41484e-05
-0.252358 -3.82047e-05
-0.211643 -3.22609e-05
-0.170928 -2.63171e-05
-0.130213 -2.03733e-05
-0.0894984 -1.44296e-05
-0.0487835 -8.48578e-06
-0.00406737 -1.95787e-06
0 9.56374e-05
0 0.000193759
0 0.000291881
0 0.000390002
0 0.000488124
0 0.000586245
0 0.000684367
0 0.000782489
0 0.00088061
0 0.000978732
0 0.00107685
0 0.00117498
0 0.00107685
0 0.000978722
0 0.000880596
0 0.000782469
0 0.000684343
0 0.000586217
0 0.00048809
0 0.000389964
0 0.000291837
0 0.000193711
0 9.55844e-05
-0.00451727 -1.95787e-06
-0.0488303 -8.43284e-06
-0.0895409 -1.43814e-05
-0.130252 -2.033e-05
-0.170962 -2.62786e-05
-0.211673 -3.22272e-05
-0.252383 -3.81758e-05
-0.293094 -4.41244e-05
-0.333805 -5.0073e-05
-0.374515 -5.60216e-05
-0.415226 -6.19702e-05
-0.455937 -6.79187e-05
-0.496647 -7.38673e-05
-0.455932 -6.79236e-05
-0.415217 -6.19798e-05
-0.374503 -5.6036e-05
-0.333788 -5.00922e-05
-0.293073 -4.41484e-05
-0.252358 -3.82047e-05
-0.211643 -3.22609e-05
-0.170928 -2.63171e-05
-0.130213 -2.03733e-05
-0.0894984 -1.44296e-05
-0.0487835 -8.48578e-06
-0.00406737 -1.95787e-06
0 9.56374e-05
0 0.000193759
0 0.000291881
0 0.000390002
0 0.000488124
0 0.000586245
0 0.000684367
0 0.000782489
0 0.00088061
0 0.000978732
0 0.00107685
0 0.00117498
0 0.00107685
0 0.000978722
0 0.000880596
0 0.000782469
0 0.000684343
0 0.000586217
0 0.00048809
0 0.000389964
0 0.000291837
0 0.000193711
0 9.55844e-05
-0.00451727 -1.95787e-06
-0.0488303 -8.43284e-06
-0.0895409 -1.43814e-05
-0.130252 -2.033e-05
-0.170962 -2.62786e-05
-0.211673 -3.22272e-05
-0.252383 -3.81758e-05
-0.293094 -4.41244e-05
-0.333805 -5.0073e-05
-0.374515 -5.60216e-05
-0.415226 -6.19702e-05
-0.455937 -6.79187e-05
-0.496647 -7.38673e-05
-0.455932 -6.79236e-05
-0.415217 -6.19798e-05
-0.374503 -5.6036e-05
-0.333788 -5.00922e-05
-0.293073 -4.41484e-05
-0.252358 -3.82047e-05
-0.211643 -3.22609e-05
-0.170928 -2.63171e-05
-0.130213 -2.03733e-05
-0.0894984 -1.44296e-05
-0.0487835 -8.48578e-06
-0.00406737 -1.95787e-06
0 9.56374e-05
0 0.000193759
0 0.000291881
0 0.000390002
0 0.000488124
0 0.000586245
0 0.000684367
0 0.000782489
0 0.00088061
0 0.000978732
0 0.00107685
0 0.00117498
0 0.00127289
0 0.00137079
0 0.00146867
0 0.00156654
0 0.00166438
0 0.00176221
0 0.00186002
0 0.00195781
0 0.00185969
0 0.00176156
0 0.00166343
0 0.00156531
0 0.00146718
0 0.00136905
0 0.00127093
0 0.0011728
0 0.00107467
0 0.000976548
0 0.000878422
0 0.000780295
0 0.000682169
0 0.000584042
0 0.000485916
0 0.000387789
0 0.000289663
0 0.000191537
0 9.34102e-05
-0.0124113 -3.11134e-06
-0.0454425 -7.93782e-06
-0.0870127 -1.4012e-05
-0.128703 -2.01038e-05
-0.170311 -2.61834e-05
-0.211543 -3.22083e-05
-0.252378 -3.8175e-05
-0.293094 -4.41244e-05
-0.333805 -5.0073e-05
-0.374515 -5.60216e-05
-0.415226 -6.19702e-05
-0.455937 -6.79187e-05
-0.496647 -7.38673e-05
-0.537177 -8.00208e-05
-0.577691 -8.61917e-05
-0.61819 -9.23802e-05
-0.658673 -9.85864e-05
-0.69914 -0.000104811
-0.739591 -0.000111053
-0.780027 -0.000117313
-0.820446 -0.000123592
-0.779731 -0.000117648
-0.739016 -0.000111704
-0.698301 -0.00010576
-0.657586 -9.98167e-05
-0.616871 -9.38729e-05
-0.576156 -8.79292e-05
-0.535441 -8.19854e-05
-0.494727 -7.60416e-05
-0.454012 -7.00978e-05
-0.413297 -6.4154e-05
-0.372582 -5.82103e-05
-0.331867 -5.22665e-05
-0.291152 -4.63227e-05
-0.250437 -4.03789e-05
-0.209722 -3.44351e-05
-0.169008 -2.84914e-05
-0.128293 -2.25476e-05
-0.0875778 -1.66038e-05
-0.0468629 -1.066e-05
-0.00230928 -4.15586e-06
0 9.36582e-05
0 0.000191772
0 0.000289885
0 0.000387998
0 0.000486112
0 0.000584225
0 0.000682338
0 0.000780452
0 0.000878565
0 0.000976679
0 0.00107479
0 0.00117291
0 0.00127102
0 0.00136913
0 0.00146725
0 0.00156536
0 0.00166347
0 0.00176159
0 0.0018597
0 0.00195781
0 0.00185969
0 0.00176156
0 0.00166343
0 0.00156531
0 0.00146718
0 0.00136905
0 0.00127093
0 0.0011728
0 0.00107467
0 0.000976548
0 0.000878422
0 0.000780295
0 0.000682169
0 0.000584042
0 0.000485916
0 0.000387789
0 0.000289663
0 0.000191537
0 9.34102e-05
-0.00433377 -4.15586e-06
-0.047082 -1.0412e-05
-0.0877854 -1.63688e-05
-0.128489 -2.23256e-05
-0.169192 -2.82825e-05
-0.209895 -3.42393e-05
-0.250599 -4.01961e-05
-0.291302 -4.6153e-05
-0.332005 -5.21098e-05
-0.372709 -5.80666e-05
-0.413412 -6.40235e-05
-0.454116 -6.99803e-05
-0.494819 -7.59371e-05
-0.535522 -8.1894e-05
-0.576226 -8.78508e-05
-0.616929 -9.38076e-05
-0.657632 -9.97645e-05
-0.698336 -0.000105721
-0.739039 -0.000111678
-0.779742 -0.000117635
-0.820446 -0.000123592
-0.779731 -0.000117648
-0.739016 -0.000111704
-0.698301 -0.00010576
-0.657586 -9.98167e-05
-0.616871 -9.38729e-05
-0.576156 -8.79292e-05
-0.535441 -8.19854e-05
-0.494727 -7.60416e-05
-0.454012 -7.00978e-05
-0.413297 -6.4154e-05
-0.372582 -5.82103e-05
-0.331867 -5.22665e-05
-0.291152 -4.63227e-05
-0.250437 -4.03789e-05
-0.209722 -3.44351e-05
-0.169008 -2.84914e-05
-0.128293 -2.25476e-05
-0.0875778 -1.66038e-05
-0.0468629 -1.066e-05
-0.00230928 -4.15586e-06
0 9.36582e-05
0 0.000191772
0 0.000289885
0 0.000387998
0 0.000486112
0 0.000584225
0 0.000682338
0 0.000780452
0 0.000878565
0 0.000976679
0 0.00107479
0 0.00117291
0 0.00127102
0 0.00136913
0 0.00146725
0 0.00156536
0 0.00166347
0 0.00176159
0 0.0018597
0 0.00195781
0 0.00185969
0 0.00176156
0 0.00166343
0 0.00156531
0 0.00146718
0 0.00136905
0 0.00127093
0 0.0011728
0 0.00107467
0 0.000976548
0 0.000878422
0 0.000780295
0 0.000682169
0 0.000584042
0 0.000485916
0 0.000387789
0 0.000289663
0 0.000191537
0 9.34102e-05
-0.00433377 -4.15586e-06
-0.047082 -1.0412e-05
-0.0877854 -1.63688e-05
-0.128489 -2.23256e-05
-0.169192 -2.82825e-05
-0.209895 -3.42393e-05
-0.250599 -4.01961e-05
-0.291302 -4.6153e-05
-0.332005 -5.21098e-05
-0.372709 -5.80666e-05
-0.413412 -6.40235e-05
-0.454116 -6.99803e-05
-0.494819 -7.59371e-05
-0.535522 -8.1894e-05
-0.576226 -8.78508e-05
-0.616929 -9.38076e-05
-0.657632 -9.97645e-05
-0.698336 -0.000105721
-0.739039 -0.000111678
-0.779742 -0.000117635
-0.820446 -0.000123592
-0.779731 -0.000117648
-0.739016 -0.000111704
-0.698301 -0.00010576
-0.657586 -9.98167e-05
-0.616871 -9.38729e-05
-0.576156 -8.79292e-05
-0.535441 -8.19854e-05
-0.494727 -7.60416e-05
-0.454012 -7.00978e-05
-0.413297 -6.4154e-05
-0.372582 -5.82103e-05
-0.331867 -5.22665e-05
-0.291152 -4.63227e-05
-0.250437 -4.03789e-05
-0.209722 -3.44351e-05
-0.169008 -2.84914e-05
-0.128293 -2.25476e-05
-0.0875778 -1.66038e-05
-0.0468629 -1.066e-05
-0.00230928 -4.15586e-06
0 9.36582e-05
0 0.000191772
0 0.000289885
0 0.000387998
0 0.000486112
0 0.000584225
0 0.000682338
0 0.000780452
0 0.000878565
0 0.000976679
0 0.00107479
0 0.00117291
0 0.00127102
0 0.00136913
0 0.00146725
0 0.00156536
0 0.00166347
0 0.00176159
0 0.0018597
0 0.00195781
0 0.00205559
0 0.00215334
0 0.00225107
0 0.00234879
0 0.00244649
0 0.00254417
0 0.00264182
0 0.00273946
0 0.00283708
0 0.00293468
0 0.00283655
0 0.00273843
0 0.0026403
0 0.00254217
0 0.00244405
0 0.00234592
0 0.00224779
0 0.00214967
0 0.00205154
0 0.00195342
0 0.00185529
0 0.00175716
0 0.00165904
0 0.00156091
0 0.00146278
0 0.00136466
0 0.00126653
0 0.0011684
0 0.00107028
0 0.000972151
0 0.000874025
0 0.000775899
0 0.000677772
0 0.000579646
0 0.000481519
0 0.000383393
0 0.000285267
0 0.00018714
0 8.90137e-05
-0.00637869 -4.45512e-06
-0.047082 -1.0412e-05
-0.0877854 -1.63688e-05
-0.128489 -2.23256e-05
-0.169192 -2.82825e-05
-0.209895 -3.42393e-05
-0.250599 -4.01961e-05
-0.291302 -4.6153e-05
-0.332005 -5.21098e-05
-0.372709 -5.80666e-05
-0.413412 -6.40235e-05
-0.454116 -6.99803e-05
-0.494819 -7.59371e-05
-0.535522 -8.1894e-05
-0.576226 -8.78508e-05
-0.616929 -9.38076e-05
-0.657632 -9.97645e-05
-0.698336 -0.000105721
-0.739039 -0.000111678
-0.779742 -0.000117635
-0.820446 -0.000123592
-0.860848 -0.000129889
-0.901234 -0.000136205
-0.941604 -0.00014254
-0.981957 -0.000148894
-1.02229 -0.000155267
-1.06261 -0.000161659
-1.10291 -0.000168071
-1.1432 -0.000174503
-1.18346 -0.000180954
-1.22371 -0.000187426
-1.183 -0.000181482
-1.14228 -0.000175538
-1.10157 -0.000169595
-1.06085 -0.000163651
-1.02014 -0.000157707
-0.979422 -0.000151763
-0.938707 -0.00014582
-0.897992 -0.000139876
-0.857277 -0.000133932
-0.816562 -0.000127988
-0.775847 -0.000122044
-0.735132 -0.000116101
-0.694417 -0.000110157
-0.653703 -0.000104213
-0.612988 -9.82694e-05
-0.572273 -9.23256e-05
-0.531558 -8.63818e-05
-0.490843 -8.0438e-05
-0.450128 -7.44943e-05
-0.409413 -6.85505e-05
-0.368698 -6.26067e-05
-0.327983 -5.66629e-05
-0.287269 -5.07191e-05
-0.246554 -4.47754e-05
-0.205839 -3.88316e-05
-0.165124 -3.28878e-05
-0.124409 -2.6944e-05
-0.0836942 -2.10003e-05
-0.0429793 -1.50565e-05
-0.00105038 -8.10889e-06
0 8.98521e-05
0 0.00018795
0 0.000286047
0 0.000384145
0 0.000482242
0 0.00058034
0 0.000678437
0 0.000776535
0 0.000874632
0 0.00097273
0 0.00107083
0 0.00116892
0 0.00126702
0 0.00136512
0 0.00146322
0 0.00156131
0 0.00165941
0 0.00175751
0 0.00185561
0 0.0019537
0 0.0020518
0 0.0021499
0 0.002248
0 0.00234609
0 0.00244419
0 0.00254229
0 0.00264039
0 0.00273848
0 0.00283658
0 0.00293468
0 0.00283655
0 0.00273843
0 0.0026403
0 0.00254217
0 0.00244405
0 0.00234592
0 0.00224779
0 0.00214967
0 0.00205154
0 0.00195342
0 0.00185529
0 0.00175716
0 0.00165904
0 0.00156091
0 0.00146278
0 0.00136466
0 0.00126653
0 0.0011684
0 0.00107028
0 0.000972151
0 0.000874025
0 0.000775899
0 0.000677772
0 0.000579646
0 0.000481519
0 0.000383393
0 0.000285267
0 0.00018714
0 8.90137e-05
-0.00210075 -8.10889e-06
-0.0437199 -1.42181e-05
-0.0844092 -2.01908e-05
-0.125099 -2.61634e-05
-0.165788 -3.21361e-05
-0.206477 -3.81088e-05
-0.247167 -4.40815e-05
-0.287856 -5.00542e-05
-0.328545 -5.60269e-05
-0.369235 -6.19996e-05
-0.409924 -6.79723e-05
-0.450613 -7.3945e-05
-0.491303 -7.99176e-05
-0.531992 -8.58903e-05
-0.572681 -9.1863e-05
-0.613371 -9.78357e-05
-0.65406 -0.000103808
-0.694749 -0.000109781
-0.735439 -0.000115754
-0.776128 -0.000121726
-0.816817 -0.000127699
-0.857507 -0.000133672
-0.898196 -0.000139645
-0.938885 -0.000145617
-0.979575 -0.00015159
-1.02026 -0.000157563
-1.06095 -0.000163535
-1.10164 -0.000169508
-1.14233 -0.000175481
-1.18302 -0.000181453
-1.22371 -0.000187426
-1.183 -0.000181482
-1.14228 -0.000175538
-1.10157 -0.000169595
-1.06085 -0.000163651
-1.02014 -0.000157707
-0.979422 -0.000151763
-0.938707 -0.00014582
-0.897992 -0.000139876
-0.857277 -0.000133932
-0.816562 -0.000127988
-0.775847 -0.000122044
-0.735132 -0.000116101
-0.694417 -0.000110157
-0.653703 -0.000104213
-0.612988 -9.82694e-05
-0.572273 -9.23256e-05
-0.531558 -8.63818e-05
-0.490843 -8.0438e-05
-0.450128 -7.44943e-05
-0.409413 -6.85505e-05
-0.368698 -6.26067e-05
-0.327983 -5.66629e-05
-0.287269 -5.07191e-05
-0.246554 -4.47754e-05
-0.205839 -3.88316e-05
-0.165124 -3.28878e-05
-0.124409 -2.6944e-05
-0.0836942 -2.10003e-05
-0.0429793 -1.50565e-05
-0.00105038 -8.10889e-06
0 8.98521e-05
0 0.00018795
0 0.000286047
0 0.000384145
0 0.000482242
0 0.00058034
0 0.000678437
0 0.000776535
0 0.000874632
0 0.00097273
0 0.00107083
0 0.00116892
0 0.00126702
0 0.00136512
0 0.00146322
0 0.00156131
0 0.00165941
0 0.00175751
0 0.00185561
0 0.0019537
0 0.0020518
0 0.0021499
0 0.002248
0 0.00234609
0 0.00244419
0 0.00254229
0 0.00264039
0 0.00273848
0 0.00283658
0 0.00293468
0 0.00283655
0 0.00273843
0 0.0026403
0 0.00254217
0 0.00244405
0 0.00234592
0 0.00224779
0 0.00214967
0 0.00205154
0 0.00195342
0 0.00185529
0 0.00175716
0 0.00165904
0 0.00156091
0 0.00146278
0 0.00136466
0 0.00126653
0 0.0011684
0 0.00107028
0 0.000972151
0 0.000874025
0 0.000775899
0 0.000677772
0 0.000579646
0 0.000481519
0 0.000383393
0 0.000285267
0 0.00018714
0 8.90137e-05
-0.00210075 -8.10889e-06
-0.0437199 -1.42181e-05
-0.0844092 -2.01908e-05
-0.125099 -2.61634e-05
-0.165788 -3.21361e-05
-0.206477 -3.81088e-05
-0.247167 -4.40815e-05
-0.287856 -5.00542e-05
-0.328545 -5.60269e-05
-0.369235 -6.19996e-05
-0.409924 -6.79723e-05
-0.450613 -7.3945e-05
-0.491303 -7.99176e-05
-0.531992 -8.58903e-05
-0.572681 -9.1863e-05
-0.613371 -9.78357e-05
-0.65406 -0.000103808
-0.694749 -0.000109781
-0.735439 -0.000115754
-0.776128 -0.000121726
-0.816817 -0.000127699
-0.857507 -0.000133672
-0.898196 -0.000139645
-0.938885 -0.000145617
-0.979575 -0.00015159
-1.02026 -0.000157563
-1.06095 -0.000163535
-1.10164 -0.000169508
-1.14233 -0.000175481
-1.18302 -0.000181453
-1.22371 -0.000187426
-1.183 -0.000181482
-1.14228 -0.000175538
-1.10157 -0.000169595
-1.06085 -0.000163651
-1.02014 -0.000157707
-0.979422 -0.000151763
-0.938707 -0.00014582
-0.897992 -0.000139876
-0.857277 -0.000133932
-0.816562 -0.000127988
-0.775847 -0.000122044
-0.735132 -0.000116101
-0.694417 -0.000110157
-0.653703 -0.000104213
-0.612988 -9.82694e-05
-0.572273 -9.23256e-05
-0.531558 -8.63818e-05
-0.490843 -8.0438e-05
-0.450128 -7.44943e-05
-0.409413 -6.85505e-05
-0.368698 -6.26067e-05
-0.327983 -5.66629e-05
-0.287269 -5.07191e-05
-0.246554 -4.47754e-05
-0.205839 -3.88316e-05
-0.165124 -3.28878e-05
-0.124409 -2.6944e-05
-0.0836942 -2.10003e-05
-0.0429793 -1.50565e-05
-0.00105038 -8.10889e-06
0 8.98521e-05
0 0.00018795
0 0.000286047
0 0.000384145
0 0.000482242
0 0.00058034
0 0.000678437
0 0.000776535
0 0.000874632
0 0.00097273
0 0.00107083
0 0.00116892
0 0.00126702
0 0.00136512
0 0.00146322
0 0.00156131
0 0.00165941
0 0.00175751
0 0.00185561
0 0.0019537
0 0.0020518
0 0.0021499
0 0.002248
0 0.00234609
0 0.00244419
0 0.00254229
0 0.00264039
0 0.00273848
0 0.00283658
0 0.00293468
0 0.00303226
0 0.00312982
0 0.00322735
0 0.00332742
0 0.00343139
0 0.00353536
0 0.00363933
0 0.0037433
0 0.00384727
0 0.00395125
0 0.00385312
0 0.00375499
0 0.00365687
0 0.00355874
0 0.00346061
0 0.00336249
0 0.00326436
0 0.00316623
0 0.00306811
0 0.00296998
0 0.00287185
0 0.00277373
0 0.0026756
0 0.00257748
0 0.00247935
0 0.00238122
0 0.0022831
0 0.00218497
0 0.00208684
0 0.00198872
0 0.00189059
0 0.00179246
0 0.00169434
0 0.00159621
0 0.00149808
0 0.00139996
0 0.00130183
0 0.00120371
0 0.00110558
0 0.00100745
0 0.000909326
0 0.0008112
0 0.000713074
0 0.000628252
0 0.000576217
0 0.000524181
0 0.000472146
0 0.000420111
0 0.000368076
0 0.000316041
0 0.000264006
0 0.000211971
0 0.000159936
0 0.000107901
0 5.58655e-05
0 3.83043e-06
-0.0315944 -1.24382e-05
-0.0722838 -1.84109e-05
-0.112973 -2.43836e-05
-0.153662 -3.03563e-05
-0.194352 -3.63289e-05
-0.235041 -4.23016e-05
-0.27573 -4.82743e-05
-0.31642 -5.4247e-05
-0.357109 -6.02197e-05
-0.397798 -6.61924e-05
-0.438488 -7.21651e-05
-0.479177 -7.81378e-05
-0.519867 -8.41105e-05
-0.560556 -9.00832e-05
-0.601245 -9.60558e-05
-0.641935 -0.000102029
-0.682624 -0.000108001
-0.723313 -0.000113974
-0.764003 -0.000119947
-0.804692 -0.000125919
-0.845381 -0.000131892
-0.886071 -0.000137865
-0.92676 -0.000143837
-0.967449 -0.00014981
-1.00814 -0.000155783
-1.04883 -0.000161755
-1.08952 -0.000167728
-1.09824 -0.000169009
-1.09885 -0.000169098
-1.09946 -0.000169187
-1.10006 -0.000169276
-1.10067 -0.000169365
-1.10128 -0.000169454
-1.10188 -0.000169543
-1.06117 -0.0001636
-1.02045 -0.000157656
-0.979739 -0.000151712
-0.939024 -0.000145768
-0.898309 -0.000139824
-0.857594 -0.000133881
-0.81688 -0.000127937
-0.776165 -0.000121993
-0.73545 -0.000116049
-0.694735 -0.000110106
-0.65402 -0.000104162
-0.613305 -9.8218e-05
-0.57259 -9.22742e-05
-0.531875 -8.63305e-05
-0.491161 -8.03867e-05
-0.450446 -7.44429e-05
-0.409731 -6.84991e-05
-0.369016 -6.25553e-05
-0.328301 -5.66116e-05
-0.287586 -5.06678e-05
-0.246871 -4.4724e-05
-0.206156 -3.87802e-05
-0.165442 -3.28365e-05
-0.124727 -2.68927e-05
-0.0840118 -2.09489e-05
-0.0432969 -1.50051e-05
-0.00293468 -8.66208e-06
0 4.00508e-05
0 9.20859e-05
0 0.000144121
0 0.000196156
0 0.000248191
0 0.000300226
0 0.000352261
0 0.000404297
0 0.000456332
0 0.000508367
0 0.000560402
0 0.000612437
0 0.000664472
0 0.000716507
0 0.000768542
0 0.000820577
0 0.000872612
0 0.000924647
0 0.000976683
0 0.00102872
0 0.00108075
0 0.00113279
0 0.00118482
0 0.00123686
0 0.00128889
0 0.00134286
0 0.00144095
0 0.00153904
0 0.00163713
0 0.00173522
0 0.00183331
0 0.0019314
0 0.00202949
0 0.00212758
0 0.00222567
0 0.00232376
0 0.00242185
0 0.00251994
0 0.00261803
0 0.00271612
0 0.00281421
0 0.0029123
0 0.00301039
0 0.00310848
0 0.00320657
0 0.00330466
0 0.00340275
0 0.00350084
0 0.00359893
0 0.00369702
0 0.00379511
0 0.0038932
0 0.00399369
0 0.00389557
0 0.00379744
0 0.00369931
0 0.00360119
0 0.00350306
0 0.00340494
0 0.00330681
0 0.00320868
0 0.00311056
0 0.00301243
0 0.0029143
0 0.00281618
0 0.00271805
0 0.00261992
0 0.0025218
0 0.00242367
0 0.00232554
0 0.00222742
0 0.00212929
0 0.00203117
0 0.00193304
0 0.00183491
0 0.00173679
0 0.00163866
0 0.00154053
0 0.00144241
0 0.00136185
0 0.00130982
0 0.00125778
0 0.00120575
0 0.00115371
0 0.00110168
0 0.00104964
0 0.000997608
0 0.000945573
0 0.000893538
0 0.000841503
0 0.000789468
0 0.000737432
0 0.000685397
0 0.000633362
0 0.000581327
0 0.000529292
0 0.000477257
0 0.000425222
0 0.000373187
0 0.000321152
0 0.000269117
0 0.000217081
0 0.000165046
0 0.000113011
0 6.09762e-05
0 8.94106e-06
-0.0275981 -1.18516e-05
-0.0682874 -1.78243e-05
-0.108977 -2.3797e-05
-0.149666 -2.97697e-05
-0.190355 -3.57423e-05
-0.231045 -4.1715e-05
-0.271734 -4.76877e-05
-0.312424 -5.36604e-05
-0.353113 -5.96331e-05
-0.393802 -6.56058e-05
-0.434492 -7.15785e-05
-0.475181 -7.75512e-05
-0.51587 -8.35239e-05
-0.55656 -8.94965e-05
-0.597249 -9.54692e-05
-0.637938 -0.000101442
-0.678628 -0.000107415
-0.719317 -0.000113387
-0.760006 -0.00011936
-0.800696 -0.000125333
-0.841385 -0.000131305
-0.882074 -0.000137278
-0.922764 -0.000143251
-0.963453 -0.000149223
-1.00414 -0.000155196
-1.04483 -0.000161169
-1.08454 -0.000166997
-1.04382 -0.000161054
-1.00311 -0.00015511
-0.962395 -0.000149166
-0.92168 -0.000143222
-0.880965 -0.000137279
-0.84025 -0.000131335
-0.799535 -0.000125391
-0.758821 -0.000119447
-0.718106 -0.000113503
-0.677391 -0.00010756
-0.636676 -0.000101616
-0.595961 -9.56721e-05
-0.555246 -8.97283e-05
-0.514531 -8.37846e-05
-0.473816 -7.78408e-05
-0.433102 -7.1897e-05
-0.392387 -6.59532e-05
-0.351672 -6.00094e-05
-0.310957 -5.40657e-05
-0.270242 -4.81219e-05
-0.229527 -4.21781e-05
-0.188812 -3.62343e-05
-0.148097 -3.02905e-05
-0.107382 -2.43468e-05
-0.0666676 -1.8403e-05
-0.0259527 -1.24592e-05
0 1.01961e-05
0 6.22312e-05
0 0.000114266
0 0.000166301
0 0.000218336
0 0.000270372
0 0.000322407
0 0.000374442
0 0.000426477
0 0.000478512
0 0.000530547
0 0.000582582
0 0.000634617
0 0.000686652
0 0.000738687
0 0.000790723
0 0.000842758
0 0.000894793
0 0.000946828
0 0.000998863
0 0.0010509
0 0.00110293
0 0.00115497
0 0.001207
0 0.00125904
0 0.00131107
0 0.00136311
0 0.0014435
0 0.00154159
0 0.00163968
0 0.00173777
0 0.00183586
0 0.00193395
0 0.00203204
0 0.00213013
0 0.00222822
0 0.00232631
0 0.0024244
0 0.00252249
0 0.00262058
0 0.00271867
0 0.00281676
0 0.00291485
0 0.00301294
0 0.00311103
0 0.00320912
0 0.00330721
0 0.0034053
0 0.00350339
0 0.00360148
0 0.00369957
0 0.00379766
0 0.00389575
0 0.00399385
0 0.00389572
0 0.00379759
0 0.00369947
0 0.00360134
0 0.00350321
0 0.00340509
0 0.00330696
0 0.00320884
0 0.00311071
0 0.00301258
0 0.00291446
0 0.00281633
0 0.0027182
0 0.00262008
0 0.00252195
0 0.00242382
0 0.0023257
0 0.00222757
0 0.00212944
0 0.00203132
0 0.00193319
0 0.00183507
0 0.00173694
0 0.00163881
0 0.00154069
0 0.00144256
0 0.00136318
0 0.00131115
0 0.00125911
0 0.00120708
0 0.00115504
0 0.00110301
0 0.00105097
0 0.000998938
0 0.000946903
0 0.000894868
0 0.000842833
0 0.000790798
0 0.000738763
0 0.000686728
0 0.000634693
0 0.000582658
0 0.000530622
0 0.000478587
0 0.000426552
0 0.000374517
0 0.000322482
0 0.000270447
0 0.000218412
0 0.000166377
0 0.000114342
0 6.23066e-05
0 1.02715e-05
-0.0265578 -1.16989e-05
-0.0672471 -1.76716e-05
-0.107936 -2.36443e-05
-0.148626 -2.96169e-05
-0.189315 -3.55896e-05
-0.230004 -4.15623e-05
-0.270694 -4.7535e-05
-0.311383 -5.35077e-05
-0.352073 -5.94804e-05
-0.392762 -6.54531e-05
-0.433451 -7.14258e-05
-0.474141 -7.73985e-05
-0.51483 -8.33711e-05
-0.555519 -8.93438e-05
-0.596209 -9.53165e-05
-0.636898 -0.000101289
-0.677587 -0.000107262
-0.718277 -0.000113235
-0.758966 -0.000119207
-0.799655 -0.00012518
-0.840345 -0.000131153
-0.881034 -0.000137125
-0.921723 -0.000143098
-0.962413 -0.000149071
-1.0031 -0.000155043
-1.04379 -0.000161016
-1.08448 -0.000166988
-1.04376 -0.000161044
-1.00305 -0.000155101
-0.962333 -0.000149157
-0.921618 -0.000143213
-0.880903 -0.000137269
-0.840188 -0.000131326
-0.799473 -0.000125382
-0.758758 -0.000119438
-0.718043 -0.000113494
-0.677328 -0.00010755
-0.636613 -0.000101607
-0.595899 -9.56629e-05
-0.555184 -8.97192e-05
-0.514469 -8.37754e-05
-0.473754 -7.78316e-05
-0.433039 -7.18878e-05
-0.392324 -6.5944e-05
-0.351609 -6.00003e-05
-0.310894 -5.40565e-05
-0.27018 -4.81127e-05
-0.229465 -4.21689e-05
-0.18875 -3.62252e-05
-0.148035 -3.02814e-05
-0.10732 -2.43376e-05
-0.0666051 -1.83938e-05
-0.0258902 -1.245e-05
0 1.0276e-05
0 6.23111e-05
0 0.000114346
0 0.000166381
0 0.000218416
0 0.000270451
0 0.000322487
0 0.000374522
0 0.000426557
0 0.000478592
0 0.000530627
0 0.000582662
0 0.000634697
0 0.000686732
0 0.000738767
0 0.000790802
0 0.000842838
0 0.000894873
0 0.000946908
0 0.000998943
0 0.00105098
0 0.00110301
0 0.00115505
0 0.00120708
0 0.00125912
0 0.00131115
0 0.00136319
0 0.0014435
0 0.00154159
0 0.00163969
0 0.00173778
0 0.00183587
0 0.00193396
0 0.00203205
0 0.00213014
0 0.00222823
0 0.00232632
0 0.00242441
0 0.0025225
0 0.00262059
0 0.00271868
0 0.00281677
0 0.00291486
0 0.00301295
0 0.00311104
0 0.00320913
0 0.00330722
0 0.00340531
0 0.0035034
0 0.00360149
0 0.00369958
0 0.00379767
0 0.00389576
0 0.00399385
0 0.00409783
0 0.00420181
0 0.00430579
0 0.00440977
0 0.00451375
0 0.00461773
0 0.00472171
0 0.00482569
0 0.00492968
0 0.00503366
0 0.00513764
0 0.00524162
0 0.0053456
0 0.00544958
0 0.00555356
0 0.00565754
0 0.00576152
0 0.0058655
0 0.00596949
0 0.00607347
0 0.00597534
0 0.00587721
0 0.00577909
0 0.00568096
0 0.00558283
0 0.00548471
0 0.00538658
0 0.00528846
0 0.00519033
0 0.0050922
0 0.00499408
0 0.00489595
0 0.00479782
0 0.0046997
0 0.00460157
0 0.00450344
0 0.00440532
0 0.00430719
0 0.00420906
0 0.00411094
0 0.00401281
0 0.00391469
0 0.00381656
0 0.00371843
0 0.00362031
0 0.00352218
0 0.00342545
0 0.00337846
0 0.00332516
0 0.00327296
0 0.00322092
0 0.00316889
0 0.00311685
0 0.00306482
0 0.00301278
0 0.00296075
0 0.00290871
0 0.00285668
0 0.00280464
0 0.00275261
0 0.00270057
0 0.00264854
0 0.0025965
0 0.00254447
0 0.00249243
0 0.0024404
0 0.00238836
0 0.00233633
0 0.00228429
0 0.00223226
0 0.00218022
0 0.00212819
0 0.00207615
0 0.00202412
0 0.00197208
0 0.00192005
0 0.00186801
0 0.00181598
0 0.00176394
0 0.00171191
0 0.00165987
0 0.00160784
0 0.0015558
0 0.00150377
0 0.00145173
0 0.0013997
0 0.00134766
0 0.00129563
0 0.00124359
0 0.00119156
0 0.00113952
0 0.00108749
0 0.00103545
0 0.000983416
0 0.000931381
0 0.000854712
0 0.00077753
0 0.000700347
0 0.000623165
0 0.000545983
0 0.0004688
0 0.000391618
0 0.000314436
0 0.000237253
0 0.000160071
0 8.28885e-05
0 5.7061e-06
-0.034873 -1.29195e-05
-0.0771432 -1.91242e-05
-0.119413 -2.53289e-05
-0.161683 -3.15337e-05
-0.203954 -3.77384e-05
-0.246224 -4.39431e-05
-0.288494 -5.01478e-05
-0.330764 -5.63526e-05
-0.373034 -6.25573e-05
-0.415304 -6.8762e-05
-0.457575 -7.49668e-05
-0.499845 -8.11715e-05
-0.508243 -8.24043e-05
-0.508875 -8.24971e-05
-0.509507 -8.25898e-05
-0.510139 -8.26826e-05
-0.510771 -8.27754e-05
-0.511404 -8.28682e-05
-0.512036 -8.2961e-05
-0.512668 -8.30538e-05
-0.5133 -8.31466e-05
-0.513932 -8.32393e-05
-0.514564 -8.33321e-05
-0.515196 -8.34249e-05
-0.515828 -8.35177e-05
-0.51646 -8.36105e-05
-0.517092 -8.37033e-05
-0.517725 -8.3796e-05
-0.518357 -8.38888e-05
-0.518989 -8.39816e-05
-0.519621 -8.40744e-05
-0.520253 -8.41672e-05
-0.520885 -8.426e-05
-0.48017 -7.83162e-05
-0.439455 -7.23724e-05
-0.39874 -6.64286e-05
-0.358026 -6.04849e-05
-0.317311 -5.45411e-05
-0.276596 -4.85973e-05
-0.235881 -4.26535e-05
-0.195166 -3.67097e-05
-0.154451 -3.0766e-05
-0.113736 -2.48222e-05
-0.0730214 -1.88784e-05
-0.0323065 -1.29346e-05
0 2.52786e-06
0 5.4563e-05
0 0.000106598
0 0.000158633
0 0.000210668
0 0.000262703
0 0.000314738
0 0.000366774
0 0.000418809
0 0.000470844
0 0.000522879
0 0.000574914
0 0.000626949
0 0.000678984
0 0.000731019
0 0.000783054
0 0.000835089
0 0.000887125
0 0.00093916
0 0.000991195
0 0.00104323
0 0.00109526
0 0.0011473
0 0.00119934
0 0.00125137
0 0.00130341
0 0.00135544
0 0.00140748
0 0.00145951
0 0.00151155
0 0.00156358
0 0.00161562
0 0.00166765
0 0.00171969
0 0.00177172
0 0.00182376
0 0.00187579
0 0.00192783
0 0.00197986
0 0.0020319
0 0.00208393
0 0.00213597
0 0.002188
0 0.00224004
0 0.00229207
0 0.00234411
0 0.00239614
0 0.00244818
0 0.00250021
0 0.00255225
0 0.00260428
0 0.00265632
0 0.00270835
0 0.00276039
0 0.00281242
0 0.00286446
0 0.00291649
0 0.00296853
0 0.00302056
0 0.0030726
0 0.00312463
0 0.00317667
0 0.0032287
0 0.00328074
0 0.00333277
0 0.00338481
0 0.00343684
0 0.00348888
0 0.00354091
0 0.00359295
0 0.00364498
0 0.00369702
0 0.00374905
0 0.00380109
0 0.00385313
0 0.00388509
0 0.00391173
0 0.00393836
0 0.003965
0 0.00399164
0 0.00401828
0 0.00404492
0 0.00407155
0 0.00409819
0 0.00412483
0 0.00415147
0 0.0041781
0 0.00420474
0 0.00425501
0 0.00435287
0 0.00445072
0 0.00454858
0 0.00464643
0 0.00474453
0 0.00484536
0 0.00494619
0 0.00504703
0 0.00514786
0 0.00524869
0 0.00534953
0 0.00545036
0 0.00555119
0 0.00565203
0 0.00575286
0 0.00585369
0 0.00595453
0 0.00605536
0 0.00615877
0 0.00606065
0 0.00596252
0 0.00586439
0 0.00576627
0 0.00566814
0 0.00557001
0 0.00547189
0 0.00537376
0 0.00527563
0 0.00517751
0 0.00507938
0 0.00498125
0 0.00489983
0 0.00484779
0 0.00479576
0 0.00474372
0 0.00469169
0 0.00463965
0 0.00458762
0 0.00453558
0 0.00448355
0 0.00443151
0 0.00437948
0 0.00432744
0 0.00427541
0 0.00422337
0 0.00417134
0 0.0041193
0 0.00406727
0 0.00401523
0 0.0039632
0 0.00391116
0 0.00385913
0 0.00380709
0 0.00375506
0 0.00370302
0 0.00365099
0 0.00359895
0 0.00354692
0 0.00349488
0 0.00344285
0 0.00339081
0 0.00333878
0 0.00328674
0 0.0032347
0 0.00318267
0 0.00313063
0 0.0030786
0 0.00302656
0 0.00297453
0 0.00292249
0 0.00287046
0 0.00281842
0 0.00276639
0 0.00271435
0 0.00266232
0 0.00261028
0 0.00255825
0 0.00250621
0 0.00245418
0 0.00240214
0 0.00235011
0 0.00229807
0 0.00224604
0 0.002194
0 0.00214197
0 0.00208993
0 0.0020379
0 0.00198586
0 0.00193383
0 0.00188179
0 0.00182976
0 0.00177772
0 0.00172569
0 0.00167365
0 0.00162162
0 0.00156958
0 0.00151755
0 0.00146551
0 0.00141348
0 0.00136144
0 0.00130941
0 0.00125737
0 0.00120534
0 0.0011533
0 0.00110127
0 0.00104923
0 0.000980732
0 0.000903303
0 0.000825874
0 0.000748445
0 0.000671016
0 0.000593587
0 0.000516158
0 0.000438729
0 0.0003613
0 0.000283871
0 0.000206442
0 0.000129013
0 5.15844e-05
-0.00985318 -9.24685e-06
-0.0521342 -1.54532e-05
-0.0944151 -2.16595e-05
-0.136696 -2.78658e-05
-0.178977 -3.40721e-05
-0.211322 -3.88199e-05
-0.233022 -4.20053e-05
-0.254722 -4.51906e-05
-0.276423 -4.83759e-05
-0.298123 -5.15613e-05
-0.319823 -5.47466e-05
-0.341523 -5.79319e-05
-0.363224 -6.11173e-05
-0.384924 -6.43026e-05
-0.406624 -6.74879e-05
-0.428325 -7.06732e-05
-0.450025 -7.38586e-05
-0.471725 -7.70439e-05
-0.493425 -8.02292e-05
-0.514949 -8.33886e-05
-0.474234 -7.74449e-05
-0.433519 -7.15011e-05
-0.392804 -6.55573e-05
-0.35209 -5.96135e-05
-0.311375 -5.36698e-05
-0.27066 -4.7726e-05
-0.229945 -4.17822e-05
-0.18923 -3.58384e-05
-0.148515 -2.98946e-05
-0.1078 -2.39509e-05
-0.0670854 -1.80071e-05
-0.0263705 -1.20633e-05
0 1.0119e-05
0 6.21541e-05
0 0.000114189
0 0.000166224
0 0.000218259
0 0.000270295
0 0.00032233
0 0.000374365
0 0.0004264
0 0.000478435
0 0.00053047
0 0.000582505
0 0.00063454
0 0.000686575
0 0.00073861
0 0.000790645
0 0.000842681
0 0.000894716
0 0.000946751
0 0.000998786
0 0.00105082
0 0.00110286
0 0.00115489
0 0.00120693
0 0.00125896
0 0.001311
0 0.00136303
0 0.00141507
0 0.0014671
0 0.00151914
0 0.00157117
0 0.00162321
0 0.00167524
0 0.00172728
0 0.00177931
0 0.00183135
0 0.00188338
0 0.00193542
0 0.00198745
0 0.00203949
0 0.00209152
0 0.00214356
0 0.00219559
0 0.00224763
0 0.00229966
0 0.0023517
0 0.00240373
0 0.00245577
0 0.0025078
0 0.00255984
0 0.00261187
0 0.00266391
0 0.00271594
0 0.00276798
0 0.00282001
0 0.00287205
0 0.00292408
0 0.00297612
0 0.00302815
0 0.00308019
0 0.00313222
0 0.00318426
0 0.0032363
0 0.00328833
0 0.00334037
0 0.0033924
0 0.00344444
0 0.00349647
0 0.00354851
0 0.00360054
0 0.00365258
0 0.00370461
0 0.00375665
0 0.00380868
0 0.00386072
0 0.00389588
0 0.00392252
0 0.00394915
0 0.00397579
0 0.00400242
0 0.00402906
0 0.00405569
0 0.00408233
0 0.00410897
0 0.0041356
0 0.00416224
0 0.00418887
0 0.00421551
0 0.00425587
0 0.00435373
0 0.00445159
0 0.00454944
0 0.0046473
0 0.00474647
0 0.00484735
0 0.00494823
0 0.00504911
0 0.00514999
0 0.00525087
0 0.00535175
0 0.00545263
0 0.00555351
0 0.00565438
0 0.00575526
0 0.00585614
0 0.00595702
0 0.0060579
0 0.00615878
0 0.00606065
0 0.00596253
0 0.0058644
0 0.00576627
0 0.00566815
0 0.00557002
0 0.0054719
0 0.00537377
0 0.00527564
0 0.00517752
0 0.00507939
0 0.00498126
0 0.0048999
0 0.00484787
0 0.00479583
0 0.0047438
0 0.00469176
0 0.00463973
0 0.00458769
0 0.00453566
0 0.00448362
0 0.00443159
0 0.00437955
0 0.00432752
0 0.00427548
0 0.00422345
0 0.00417141
0 0.00411938
0 0.00406734
0 0.00401531
0 0.00396327
0 0.00391124
0 0.0038592
0 0.00380717
0 0.00375513
0 0.0037031
0 0.00365106
0 0.00359903
0 0.00354699
0 0.00349496
0 0.00344292
0 0.00339089
0 0.00333885
0 0.00328682
0 0.00323478
0 0.00318275
0 0.00313071
0 0.00307868
0 0.00302664
0 0.00297461
0 0.00292257
0 0.00287054
0 0.0028185
0 0.00276647
0 0.00271443
0 0.0026624
0 0.00261036
0 0.00255833
0 0.00250629
0 0.00245426
0 0.00240222
0 0.00235018
0 0.00229815
0 0.00224611
0 0.00219408
0 0.00214204
0 0.00209001
0 0.00203797
0 0.00198594
0 0.0019339
0 0.00188187
0 0.00182983
0 0.0017778
0 0.00172576
0 0.00167373
0 0.00162169
0 0.00156966
0 0.00151762
0 0.00146559
0 0.00141355
0 0.00136152
0 0.00130948
0 0.00125745
0 0.00120541
0 0.00115338
0 0.00110134
0 0.00104931
0 0.000980841
0 0.000903412
0 0.000825983
0 0.000748554
0 0.000671125
0 0.000593696
0 0.000516267
0 0.000438838
0 0.000361409
0 0.00028398
0 0.000206551
0 0.000129122
0 5.16929e-05
-0.00979394 -9.23815e-06
-0.0520749 -1.54445e-05
-0.0943559 -2.16508e-05
-0.136637 -2.78571e-05
-0.178918 -3.40634e-05
-0.211189 -3.88004e-05
-0.232886 -4.19853e-05
-0.254583 -4.51701e-05
-0.27628 -4.8355e-05
-0.297977 -5.15399e-05
-0.319674 -5.47247e-05
-0.341371 -5.79096e-05
-0.363069 -6.10945e-05
-0.384766 -6.42793e-05
-0.406463 -6.74642e-05
-0.42816 -7.06491e-05
-0.449857 -7.3834e-05
-0.471554 -7.70188e-05
-0.493251 -8.02037e-05
-0.514949 -8.33886e-05
-0.474234 -7.74448e-05
-0.433519 -7.1501e-05
-0.392804 -6.55572e-05
-0.352089 -5.96134e-05
-0.311374 -5.36697e-05
-0.270659 -4.77259e-05
-0.229944 -4.17821e-05
-0.189229 -3.58383e-05
-0.148515 -2.98946e-05
-0.1078 -2.39508e-05
-0.0670848 -1.8007e-05
-0.0263699 -1.20632e-05
0 1.01198e-05
0 6.21549e-05
0 0.00011419
0 0.000166225
0 0.00021826
0 0.000270295
0 0.00032233
0 0.000374365
0 0.000426401
0 0.000478436
0 0.000530471
0 0.000582506
0 0.000634541
0 0.000686576
0 0.000738611
0 0.000790646
0 0.000842681
0 0.000894716
0 0.000946752
0 0.000998787
0 0.00105082
0 0.00110286
0 0.00115489
0 0.00120693
0 0.00125896
0 0.001311
0 0.00136303
0 0.00141507
0 0.0014671
0 0.00151914
0 0.00157117
0 0.00162321
0 0.00167524
0 0.00172728
0 0.00177931
0 0.00183135
0 0.00188338
0 0.00193542
0 0.00198745
0 0.00203949
0 0.00209152
0 0.00214356
0 0.00219559
0 0.00224763
0 0.00229966
0 0.0023517
0 0.00240373
0 0.00245577
0 0.0025078
0 0.00255984
0 0.00261187
0 0.00266391
0 0.00271594
0 0.00276798
0 0.00282002
0 0.00287205
0 0.00292409
0 0.00297612
0 0.00302816
0 0.00308019
0 0.00313223
0 0.00318426
0 0.0032363
0 0.00328833
0 0.00334037
0 0.0033924
0 0.00344444
0 0.00349647
0 0.00354851
0 0.00360054
0 0.00365258
0 0.00370461
0 0.00375665
0 0.00380868
0 0.00386072
0 0.00389588
0 0.00392252
0 0.00394915
0 0.00397579
0 0.00400243
0 0.00402906
0 0.0040557
0 0.00408233
0 0.00410897
0 0.0041356
0 0.00416224
0 0.00418887
0 0.00421551
0 0.00425587
0 0.00435373
0 0.00445159
0 0.00454944
0 0.0046473
0 0.00474647
0 0.00484735
0 0.00494823
0 0.00504911
0 0.00514999
0 0.00525087
0 0.00535175
0 0.00545263
0 0.00555351
0 0.00565439
0 0.00575526
0 0.00585614
0 0.00595702
0 0.0060579
0 0.00615878
0 0.00626276
0 0.00636674
0 0.00647071
0 0.00657469
0 0.00667867
0 0.00678264
0 0.00688662
0 0.0069906
0 0.00709458
0 0.00719855
0 0.00730253
0 0.00740651
0 0.00751048
0 0.00761446
0 0.00771844
0 0.00782242
0 0.00792639
0 0.00803037
0 0.00813435
0 0.00823833
0 0.0083423
0 0.00824418
0 0.00814605
0 0.00804792
0 0.0079498
0 0.00785167
0 0.00775354
0 0.00765542
0 0.00755729
0 0.00745917
0 0.00736104
0 0.00726291
0 0.00716479
0 0.00706726
0 0.00701648
0 0.00696433
0 0.00691229
0 0.00686026
0 0.00680822
0 0.00675619
0 0.00670415
0 0.00665212
0 0.00660008
0 0.00654805
0 0.00649601
0 0.00644398
0 0.00639194
0 0.0063399
0 0.00628787
0 0.00623583
0 0.0061838
0 0.00613176
0 0.00607973
0 0.00602769
0 0.00597566
0 0.00592362
0 0.00587159
0 0.00581955
0 0.00576752
0 0.00571548
0 0.00566345
0 0.00561141
0 0.00555938
0 0.00550734
0 0.00545531
0 0.00540327
0 0.00535124
0 0.0052992
0 0.00524717
0 0.00519513
0 0.0051431
0 0.00509106
0 0.00503903
0 0.00498699
0 0.00493023
0 0.00487325
0 0.00481627
0 0.00475929
0 0.00470231
0 0.00464533
0 0.00458835
0 0.00453137
0 0.00447439
0 0.00441741
0 0.00436043
0 0.00430345
0 0.00424646
0 0.00418948
0 0.0041325
0 0.00407552
0 0.00401854
0 0.00396156
0 0.00390458
0 0.0038476
0 0.00379062
0 0.00373364
0 0.00367666
0 0.00361968
0 0.0035627
0 0.00350572
0 0.00344874
0 0.00339176
0 0.00333478
0 0.0032778
0 0.00322082
0 0.00316383
0 0.00310685
0 0.00304987
0 0.00299136
0 0.00290887
0 0.00282637
0 0.00274388
0 0.00266139
0 0.00257889
0 0.0024964
0 0.0024139
0 0.00233141
0 0.00224891
0 0.00216642
0 0.00208393
0 0.00200143
0 0.00191894
0 0.00183644
0 0.00175395
0 0.00167145
0 0.00158896
0 0.00150647
0 0.00142397
0 0.00134148
0 0.00125898
0 0.00117649
0 0.00109399
0 0.0010115
0 0.000929006
0 0.000846512
0 0.000764018
0 0.000681523
0 0.000599029
0 0.000516535
0 0.000434041
0 0.000351546
0 0.000269052
0 0.000186558
0 0.000104064
0 2.15695e-05
-0.0273626 -1.1817e-05
-0.0698527 -1.8054e-05
-0.098443 -2.22507e-05
-0.120245 -2.5451e-05
-0.142047 -2.86513e-05
-0.163849 -3.18516e-05
-0.185651 -3.50518e-05
-0.207454 -3.82521e-05
-0.229256 -4.14524e-05
-0.251058 -4.46527e-05
-0.27286 -4.7853e-05
-0.294662 -5.10532e-05
-0.316464 -5.42535e-05
-0.338266 -5.74538e-05
-0.360068 -6.06541e-05
-0.38187 -6.38543e-05
-0.400245 -6.65515e-05
-0.400881 -6.66448e-05
-0.401516 -6.67381e-05
-0.402152 -6.68314e-05
-0.402787 -6.69247e-05
-0.403423 -6.7018e-05
-0.404059 -6.71113e-05
-0.404694 -6.72046e-05
-0.40533 -6.72979e-05
-0.405965 -6.73912e-05
-0.406601 -6.74845e-05
-0.407237 -6.75778e-05
-0.407872 -6.76711e-05
-0.408508 -6.77644e-05
-0.409143 -6.78577e-05
-0.409779 -6.7951e-05
-0.410415 -6.80443e-05
-0.41105 -6.81376e-05
-0.411686 -6.82309e-05
-0.412321 -6.83242e-05
-0.412957 -6.84175e-05
-0.413593 -6.85108e-05
-0.372878 -6.2567e-05
-0.332163 -5.66232e-05
-0.291448 -5.06794e-05
-0.250733 -4.47357e-05
-0.210018 -3.87919e-05
-0.169303 -3.28481e-05
-0.128588 -2.69043e-05
-0.0878736 -2.09605e-05
-0.0471587 -1.50168e-05
-0.0064438 -9.07299e-06
0 3.56674e-05
0 8.77025e-05
0 0.000139738
0 0.000191773
0 0.000243808
0 0.000295843
0 0.000347878
0 0.000399913
0 0.000451948
0 0.000503983
0 0.000556018
0 0.000608053
0 0.000660089
0 0.000712124
0 0.000764159
0 0.000816194
0 0.000868229
0 0.000920264
0 0.000972299
0 0.00102433
0 0.00107637
0 0.0011284
0 0.00118044
0 0.00123247
0 0.00128451
0 0.00133654
0 0.00138858
0 0.00144062
0 0.00149265
0 0.00154469
0 0.00159672
0 0.00164876
0 0.00170079
0 0.00175283
0 0.00180486
0 0.0018569
0 0.00190893
0 0.00196097
0 0.002013
0 0.00206504
0 0.00211707
0 0.00216911
0 0.00222114
0 0.00227318
0 0.00232521
0 0.0023749
0 0.00242192
0 0.00246894
0 0.00251596
0 0.00256297
0 0.00260999
0 0.00265701
0 0.00270403
0 0.00275104
0 0.00279806
0 0.00284508
0 0.0028921
0 0.00293911
0 0.00298613
0 0.00303315
0 0.00308017
0 0.00312718
0 0.0031742
0 0.00322122
0 0.00326824
0 0.00331525
0 0.00336227
0 0.00340929
0 0.0034563
0 0.00350332
0 0.00355034
0 0.00359736
0 0.00364437
0 0.00369139
0 0.00373841
0 0.00378543
0 0.00383244
0 0.00387946
0 0.00392648
0 0.0039735
0 0.00400733
0 0.00402887
0 0.00405041
0 0.00407195
0 0.00409349
0 0.00411503
0 0.00413657
0 0.00415811
0 0.00417965
0 0.00420119
0 0.00422273
0 0.00424428
0 0.00426582
0 0.00430038
0 0.00434421
0 0.00438804
0 0.00443187
0 0.0044757
0 0.00451953
0 0.00456336
0 0.00460719
0 0.00465102
0 0.00469485
0 0.00473868
0 0.00478251
0 0.00482634
0 0.00487017
0 0.004914
0 0.00495783
0 0.00500166
0 0.00504549
0 0.00508932
0 0.00513315
0 0.00517697
0 0.0052208
0 0.00526463
0 0.00530846
0 0.00535229
0 0.00539612
0 0.00543995
0 0.00548378
0 0.00552761
0 0.00557144
0 0.00561527
0 0.0056591
0 0.00571362
0 0.00581537
0 0.00591711
0 0.00601885
0 0.00612059
0 0.00622233
0 0.00632407
0 0.00642581
0 0.00652755
0 0.00662929
0 0.00673103
0 0.00683277
0 0.00693451
0 0.00703625
0 0.00713799
0 0.00723973
0 0.00734147
0 0.00744321
0 0.00754495
0 0.00764669
0 0.00774843
0 0.00785017
0 0.00795191
0 0.00805365
0 0.00815539
0 0.00825713
0 0.00835923
0 0.00826111
0 0.00816298
0 0.00806485
0 0.00796673
0 0.0078686
0 0.00777047
0 0.00767235
0 0.00757422
0 0.00747609
0 0.00737797
0 0.00731978
0 0.00726774
0 0.00721571
0 0.00716367
0 0.00711164
0 0.0070596
0 0.00700757
0 0.00695553
0 0.0069035
0 0.00685146
0 0.00679943
0 0.00674739
0 0.00669536
0 0.00664332
0 0.00659128
0 0.00653925
0 0.00648721
0 0.00643518
0 0.00638314
0 0.00633111
0 0.00627907
0 0.00622704
0 0.006175
0 0.00612297
0 0.00607093
0 0.0060189
0 0.00596686
0 0.00591483
0 0.00586279
0 0.00581076
0 0.00575872
0 0.00570669
0 0.00565465
0 0.00560262
0 0.00555058
0 0.00549855
0 0.00544651
0 0.00539448
0 0.00534244
0 0.00529041
0 0.00523837
0 0.00518634
0 0.0051343
0 0.00508227
0 0.00503023
0 0.00497596
0 0.00491892
0 0.00486187
0 0.00480483
0 0.00474778
0 0.00469074
0 0.00463369
0 0.00457665
0 0.0045196
0 0.00446256
0 0.00440551
0 0.00434847
0 0.00429142
0 0.00423438
0 0.00417733
0 0.00412028
0 0.00406324
0 0.00400619
0 0.00394915
0 0.0038921
0 0.00383506
0 0.00377801
0 0.00372097
0 0.00366392
0 0.00360688
0 0.00354983
0 0.00349279
0 0.00343574
0 0.00337869
0 0.00332165
0 0.0032646
0 0.00320756
0 0.00315051
0 0.00309347
0 0.00303642
0 0.00296659
0 0.00288407
0 0.00280154
0 0.00271902
0 0.00263649
0 0.00255396
0 0.00247144
0 0.00238891
0 0.00230639
0 0.00222386
0 0.00214133
0 0.00205881
0 0.00197628
0 0.00191046
0 0.00185029
0 0.00179013
0 0.00172996
0 0.00166979
0 0.00160963
0 0.00154946
0 0.00148929
0 0.00142913
0 0.00136896
0 0.00130879
0 0.00124863
0 0.00118846
0 0.00112829
0 0.00106813
0 0.00100796
0 0.000947793
0 0.000887627
0 0.00082746
0 0.000767293
0 0.000707127
0 0.00064696
0 0.000586793
0 0.000526627
0 0.00046646
0 0.000406293
0 0.000346127
0 0.00028596
0 0.000225793
0 0.000165627
0 0.00010546
0 4.52933e-05
-0.00185858 -8.07334e-06
-0.017669 -1.03941e-05
-0.0334794 -1.27149e-05
-0.0492898 -1.50357e-05
-0.0651002 -1.73564e-05
-0.0809106 -1.96772e-05
-0.096721 -2.1998e-05
-0.112531 -2.43187e-05
-0.128342 -2.66395e-05
-0.144152 -2.89603e-05
-0.159963 -3.12811e-05
-0.175773 -3.36018e-05
-0.191583 -3.59226e-05
-0.207394 -3.82434e-05
-0.223204 -4.05641e-05
-0.239015 -4.28849e-05
-0.254825 -4.52057e-05
-0.270636 -4.75265e-05
-0.286446 -4.98472e-05
-0.302256 -5.2168e-05
-0.318067 -5.44888e-05
-0.333877 -5.68095e-05
-0.349688 -5.91303e-05
-0.365498 -6.14511e-05
-0.381308 -6.37719e-05
-0.397119 -6.60926e-05
-0.412915 -6.84113e-05
-0.3722 -6.24675e-05
-0.331485 -5.65237e-05
-0.29077 -5.05799e-05
-0.250055 -4.46362e-05
-0.20934 -3.86924e-05
-0.168625 -3.27486e-05
-0.127911 -2.68048e-05
-0.0871956 -2.0861e-05
-0.0464808 -1.49173e-05
-0.00576588 -8.97348e-06
0 3.65343e-05
0 8.85694e-05
0 0.000140605
0 0.00019264
0 0.000244675
0 0.00029671
0 0.000348745
0 0.00040078
0 0.000452815
0 0.00050485
0 0.000556885
0 0.00060892
0 0.000660956
0 0.000712991
0 0.000765026
0 0.000817061
0 0.000869096
0 0.000921131
0 0.000973166
0 0.0010252
0 0.00107724
0 0.00112927
0 0.00118131
0 0.00123334
0 0.00128538
0 0.00133741
0 0.00138945
0 0.00144148
0 0.00149352
0 0.00154555
0 0.00159759
0 0.00164962
0 0.00170166
0 0.00175369
0 0.00180573
0 0.00185776
0 0.0019098
0 0.00196183
0 0.00201387
0 0.0020659
0 0.00211794
0 0.00216997
0 0.00222201
0 0.00227404
0 0.00232608
0 0.00237585
0 0.00242286
0 0.00246988
0 0.0025169
0 0.00256391
0 0.00261093
0 0.00265795
0 0.00270496
0 0.00275198
0 0.002799
0 0.00284602
0 0.00289303
0 0.00294005
0 0.00298707
0 0.00303408
0 0.0030811
0 0.00312812
0 0.00317513
0 0.00322215
0 0.00326917
0 0.00331619
0 0.0033632
0 0.00341022
0 0.00345724
0 0.00350425
0 0.00355127
0 0.00359829
0 0.00364531
0 0.00369232
0 0.00373934
0 0.00378636
0 0.00383337
0 0.00388039
0 0.00392741
0 0.00397442
0 0.00400864
0 0.00403018
0 0.00405172
0 0.00407326
0 0.0040948
0 0.00411634
0 0.00413788
0 0.00415942
0 0.00418096
0 0.0042025
0 0.00422404
0 0.00424558
0 0.00426712
0 0.00430461
0 0.0043485
0 0.00439239
0 0.00443627
0 0.00448016
0 0.00452404
0 0.00456793
0 0.00461181
0 0.0046557
0 0.00469958
0 0.00474347
0 0.00478736
0 0.00483124
0 0.00487513
0 0.00491901
0 0.0049629
0 0.00500678
0 0.00505067
0 0.00509456
0 0.00513844
0 0.00518233
0 0.00522621
0 0.0052701
0 0.00531398
0 0.00535787
0 0.00540176
0 0.00544564
0 0.00548953
0 0.00553341
0 0.0055773
0 0.00562118
0 0.00566507
0 0.00571386
0 0.0058156
0 0.00591735
0 0.00601909
0 0.00612084
0 0.00622258
0 0.00632433
0 0.00642607
0 0.00652782
0 0.00662956
0 0.00673131
0 0.00683306
0 0.0069348
0 0.00703655
0 0.00713829
0 0.00724004
0 0.00734178
0 0.00744353
0 0.00754527
0 0.00764702
0 0.00774876
0 0.00785051
0 0.00795225
0 0.008054
0 0.00815574
0 0.00825749
0 0.00835923
0 0.00826111
0 0.00816298
0 0.00806485
0 0.00796673
0 0.0078686
0 0.00777047
0 0.00767235
0 0.00757422
0 0.0074761
0 0.00737797
0 0.00731978
0 0.00726775
0 0.00721571
0 0.00716368
0 0.00711164
0 0.00705961
0 0.00700757
0 0.00695554
0 0.0069035
0 0.00685147
0 0.00679943
0 0.0067474
0 0.00669536
0 0.00664333
0 0.00659129
0 0.00653925
0 0.00648722
0 0.00643518
0 0.00638315
0 0.00633111
0 0.00627908
0 0.00622704
0 0.00617501
0 0.00612297
0 0.00607094
0 0.0060189
0 0.00596687
0 0.00591483
0 0.0058628
0 0.00581076
0 0.00575873
0 0.00570669
0 0.00565466
0 0.00560262
0 0.00555059
0 0.00549855
0 0.00544652
0 0.00539448
0 0.00534245
0 0.00529041
0 0.00523838
0 0.00518634
0 0.00513431
0 0.00508227
0 0.00503024
0 0.00497597
0 0.00491892
0 0.00486188
0 0.00480483
0 0.00474779
0 0.00469074
0 0.0046337
0 0.00457665
0 0.00451961
0 0.00446256
0 0.00440552
0 0.00434847
0 0.00429143
0 0.00423438
0 0.00417734
0 0.00412029
0 0.00406324
0 0.0040062
0 0.00394915
0 0.00389211
0 0.00383506
0 0.00377802
0 0.00372097
0 0.00366393
0 0.00360688
0 0.00354984
0 0.00349279
0 0.00343575
0 0.0033787
0 0.00332165
0 0.00326461
0 0.00320756
0 0.00315052
0 0.00309347
0 0.00303643
0 0.0029666
0 0.00288408
0 0.00280155
0 0.00271902
0 0.0026365
0 0.00255397
0 0.00247145
0 0.00238892
0 0.00230639
0 0.00222387
0 0.00214134
0 0.00205882
0 0.00197629
0 0.00191048
0 0.00185032
0 0.00179015
0 0.00172999
0 0.00166982
0 0.00160965
0 0.00154949
0 0.00148932
0 0.00142915
0 0.00136899
0 0.00130882
0 0.00124865
0 0.00118849
0 0.00112832
0 0.00106816
0 0.00100799
0 0.000947823
0 0.000887657
0 0.000827491
0 0.000767324
0 0.000707158
0 0.000646992
0 0.000586825
0 0.000526659
0 0.000466493
0 0.000406326
0 0.00034616
0 0.000285994
0 0.000225827
0 0.000165661
0 0.000105495
0 4.53283e-05
-0.00184927 -8.07198e-06
-0.0176595 -1.03927e-05
-0.0334697 -1.27135e-05
-0.0492799 -1.50342e-05
-0.0650901 -1.73549e-05
-0.0809003 -1.96757e-05
-0.0967105 -2.19964e-05
-0.112521 -2.43172e-05
-0.128331 -2.66379e-05
-0.144141 -2.89587e-05
-0.159951 -3.12794e-05
-0.175762 -3.36001e-05
-0.191572 -3.59209e-05
-0.207382 -3.82416e-05
-0.223192 -4.05624e-05
-0.239002 -4.28831e-05
-0.254813 -4.52038e-05
-0.270623 -4.75246e-05
-0.286433 -4.98453e-05
-0.302243 -5.21661e-05
-0.318053 -5.44868e-05
-0.333864 -5.68076e-05
-0.349674 -5.91283e-05
-0.365484 -6.1449e-05
-0.381294 -6.37698e-05
-0.397104 -6.60905e-05
-0.412915 -6.84113e-05
-0.3722 -6.24675e-05
-0.331485 -5.65237e-05
-0.29077 -5.05799e-05
-0.250055 -4.46361e-05
-0.20934 -3.86924e-05
-0.168625 -3.27486e-05
-0.127911 -2.68048e-05
-0.0871956 -2.0861e-05
-0.0464807 -1.49173e-05
-0.00576586 -8.97348e-06
0 3.65344e-05
0 8.85695e-05
0 0.000140605
0 0.00019264
0 0.000244675
0 0.00029671
0 0.000348745
0 0.00040078
0 0.000452815
0 0.00050485
0 0.000556885
0 0.00060892
0 0.000660956
0 0.000712991
0 0.000765026
0 0.000817061
0 0.000869096
0 0.000921131
0 0.000973166
0 0.0010252
0 0.00107724
0 0.00112927
0 0.00118131
0 0.00123334
0 0.00128538
0 0.00133741
0 0.00138945
0 0.00144148
0 0.00149352
0 0.00154555
0 0.00159759
0 0.00164962
0 0.00170166
0 0.00175369
0 0.00180573
0 0.00185776
0 0.0019098
0 0.00196183
0 0.00201387
0 0.0020659
0 0.00211794
0 0.00216997
0 0.00222201
0 0.00227404
0 0.00232608
0 0.00237585
0 0.00242286
0 0.00246988
0 0.0025169
0 0.00256391
0 0.00261093
0 0.00265795
0 0.00270496
0 0.00275198
0 0.002799
0 0.00284602
0 0.00289303
0 0.00294005
0 0.00298707
0 0.00303408
0 0.0030811
0 0.00312812
0 0.00317513
0 0.00322215
0 0.00326917
0 0.00331619
0 0.0033632
0 0.00341022
0 0.00345724
0 0.00350425
0 0.00355127
0 0.00359829
0 0.00364531
0 0.00369232
0 0.00373934
0 0.00378636
0 0.00383337
0 0.00388039
0 0.00392741
0 0.00397442
0 0.00400864
0 0.00403018
0 0.00405172
0 0.00407326
0 0.0040948
0 0.00411634
0 0.00413788
0 0.00415942
0 0.00418096
0 0.0042025
0 0.00422404
0 0.00424558
0 0.00426712
0 0.00430461
0 0.0043485
0 0.00439239
0 0.00443627
0 0.00448016
0 0.00452404
0 0.00456793
0 0.00461181
0 0.0046557
0 0.00469959
0 0.00474347
0 0.00478736
0 0.00483124
0 0.00487513
0 0.00491901
0 0.0049629
0 0.00500678
0 0.00505067
0 0.00509456
0 0.00513844
0 0.00518233
0 0.00522621
0 0.0052701
0 0.00531398
0 0.00535787
0 0.00540176
0 0.00544564
0 0.00548953
0 0.00553341
0 0.0055773
0 0.00562118
0 0.00566507
0 0.00571386
0 0.0058156
0 0.00591735
0 0.00601909
0 0.00612084
0 0.00622258
0 0.00632433
0 0.00642607
0 0.00652782
0 0.00662956
0 0.00673131
0 0.00683306
0 0.0069348
0 0.00703655
0 0.00713829
0 0.00724004
0 0.00734178
0 0.00744353
0 0.00754527
0 0.00764702
0 0.00774876
0 0.00785051
0 0.00795225
0 0.008054
0 0.00815574
0 0.00825749
0 0.00835923
0 0.00846321
0 0.00856719
0 0.00867116
0 0.00877514
0 0.00887912
0 0.00898309
0 0.00908707
0 0.00919105
0 0.00929502
0 0.009399
0 0.00950298
0 0.00960695
0 0.00971093
0 0.00981491
0 0.00991888
0 0.0100229
0 0.0101268
0 0.0102308
0 0.0103348
0 0.0104388
0 0.0105427
0 0.0106467
0 0.0107507
0 0.0108547
0 0.0109587
0 0.0110626
0 0.0111666
0 0.0112706
0 0.0113746
0 0.0114785
0 0.0115825
0 0.0116865
0 0.0117905
0 0.0118944
0 0.0119984
0 0.0121024
0 0.0122064
0 0.0123104
0 0.0124143
0 0.0125183
0 0.0124202
0 0.0123221
0 0.0122239
0 0.0121258
0 0.0120277
0 0.0119295
0 0.0118314
0 0.0117333
0 0.0116352
0 0.011537
0 0.0114501
0 0.011398
0 0.011346
0 0.011294
0 0.0112419
0 0.0111899
0 0.0111379
0 0.0110858
0 0.0110338
0 0.0109818
0 0.0109297
0 0.0108777
0 0.0108256
0 0.0107736
0 0.0107216
0 0.0106695
0 0.0106175
0 0.0105655
0 0.0105134
0 0.0104614
0 0.0104094
0 0.0103573
0 0.0103053
0 0.0102533
0 0.0102012
0 0.0101492
0 0.0100972
0 0.0100451
0 0.00999309
0 0.00994105
0 0.00988902
0 0.00983698
0 0.00978495
0 0.00973291
0 0.00968088
0 0.00962884
0 0.00957681
0 0.00952477
0 0.00947274
0 0.0094207
0 0.00936867
0 0.00931663
0 0.0092646
0 0.00921256
0 0.00916053
0 0.00910849
0 0.0090417
0 0.00897276
0 0.00890383
0 0.0088349
0 0.00876597
0 0.00869704
0 0.00862811
0 0.00855917
0 0.00849024
0 0.00842131
0 0.00835238
0 0.00828345
0 0.00821452
0 0.00814558
0 0.00807665
0 0.00800772
0 0.00793879
0 0.00786986
0 0.00780093
0 0.00773199
0 0.00766306
0 0.00759413
0 0.0075252
0 0.00745627
0 0.00738734
0 0.0073184
0 0.00724947
0 0.00718054
0 0.00711161
0 0.00704268
0 0.00697374
0 0.00690481
0 0.00683588
0 0.00676695
0 0.00669802
0 0.00662909
0 0.00656015
0 0.00649122
0 0.00642229
0 0.00635336
0 0.00628443
0 0.0062155
0 0.00614656
0 0.00607763
0 0.0060087
0 0.00593977
0 0.00586873
0 0.00578048
0 0.00569223
0 0.00560398
0 0.00551574
0 0.00542749
0 0.00533924
0 0.00525099
0 0.00516275
0 0.0050745
0 0.00498625
0 0.004898
0 0.00480976
0 0.00472151
0 0.00463326
0 0.00454501
0 0.00445676
0 0.00436852
0 0.00429506
0 0.00422575
0 0.00415643
0 0.00408711
0 0.0040178
0 0.00394848
0 0.00387916
0 0.00380985
0 0.00374053
0 0.00367121
0 0.0036019
0 0.00353258
0 0.00346326
0 0.00339395
0 0.00332463
0 0.00325531
0 0.003186
0 0.00311668
0 0.00304736
0 0.00297805
0 0.00290873
0 0.00283941
0 0.0027701
0 0.00270078
0 0.00263146
0 0.00256215
0 0.00249283
0 0.00242351
0 0.0023542
0 0.00228488
0 0.00221556
0 0.00214625
0 0.00207693
0 0.00200761
0 0.0019383
0 0.00186898
0 0.00179966
0 0.00173035
0 0.00166103
0 0.00159171
0 0.0015224
0 0.00145308
0 0.00138376
0 0.00131445
0 0.00124513
0 0.00117581
0 0.0011065
0 0.00103718
0 0.000967864
0 0.000898548
0 0.000829231
0 0.000759914
0 0.000690598
0 0.000621281
0 0.000551965
0 0.000482648
0 0.000413331
0 0.000344015
0 0.000274698
0 0.000205381
0 0.000136065
0 6.67481e-05
0 -2.56849e-06
-0.0146858 -9.95622e-06
-0.0305706 -1.22879e-05
-0.0464554 -1.46196e-05
-0.0623402 -1.69513e-05
-0.078225 -1.9283e-05
-0.0941098 -2.16147e-05
-0.109995 -2.39464e-05
-0.125879 -2.62781e-05
-0.141764 -2.86097e-05
-0.157649 -3.09414e-05
-0.173534 -3.32731e-05
-0.189419 -3.56048e-05
-0.205303 -3.79365e-05
-0.221188 -4.02682e-05
-0.237073 -4.25999e-05
-0.252958 -4.49316e-05
-0.268843 -4.72633e-05
-0.284727 -4.9595e-05
-0.298142 -5.1564e-05
-0.298781 -5.16578e-05
-0.29942 -5.17516e-05
-0.300059 -5.18454e-05
-0.300698 -5.19392e-05
-0.301337 -5.2033e-05
-0.301976 -5.21268e-05
-0.302615 -5.22206e-05
-0.303253 -5.23144e-05
-0.303892 -5.24082e-05
-0.304531 -5.25019e-05
-0.30517 -5.25957e-05
-0.305809 -5.26895e-05
-0.306448 -5.27833e-05
-0.307087 -5.28771e-05
-0.307726 -5.29709e-05
-0.308365 -5.30647e-05
-0.309004 -5.31585e-05
-0.309643 -5.32523e-05
-0.310282 -5.3346e-05
-0.310921 -5.34398e-05
-0.31156 -5.35336e-05
-0.312199 -5.36274e-05
-0.312838 -5.37212e-05
-0.313477 -5.3815e-05
-0.314116 -5.39088e-05
-0.314755 -5.40026e-05
-0.315393 -5.40964e-05
-0.316032 -5.41902e-05
-0.316671 -5.42839e-05
-0.31731 -5.43777e-05
-0.317949 -5.44715e-05
-0.318588 -5.45653e-05
-0.319227 -5.46591e-05
-0.319866 -5.47529e-05
-0.320505 -5.48467e-05
-0.321144 -5.49405e-05
-0.321783 -5.50343e-05
-0.322422 -5.51281e-05
-0.323061 -5.52218e-05
-0.3237 -5.53156e-05
-0.282985 -4.93719e-05
-0.24227 -4.34281e-05
-0.201555 -3.74843e-05
-0.16084 -3.15405e-05
-0.120125 -2.55967e-05
-0.0794105 -1.9653e-05
-0.0386956 -1.37092e-05
0 -5.47952e-06
0 4.65556e-05
0 9.85907e-05
0 0.000150626
0 0.000202661
0 0.000254696
0 0.000306731
0 0.000358766
0 0.000410801
0 0.000462836
0 0.000514871
0 0.000566907
0 0.000618942
0 0.000670977
0 0.000723012
0 0.000775047
0 0.000827082
0 0.000879117
0 0.000931152
0 0.000983187
0 0.00103522
0 0.00108726
0 0.00113929
0 0.00119133
0 0.00124336
0 0.0012954
0 0.00134743
0 0.00139947
0 0.0014515
0 0.00150354
0 0.00155557
0 0.00160761
0 0.00165964
0 0.00171168
0 0.00176371
0 0.00181575
0 0.00186778
0 0.00191982
0 0.00197185
0 0.00202389
0 0.00207592
0 0.00212796
0 0.00217999
0 0.00223203
0 0.00228406
0 0.0023361
0 0.00238814
0 0.00244017
0 0.00249221
0 0.00254424
0 0.00259628
0 0.00264185
0 0.00268324
0 0.00272712
0 0.002771
0 0.00281489
0 0.00285877
0 0.00290265
0 0.00294654
0 0.00299042
0 0.0030343
0 0.00307819
0 0.00312207
0 0.00316595
0 0.00320984
0 0.00325372
0 0.0032976
0 0.00334149
0 0.00338537
0 0.00342925
0 0.00347314
0 0.00351702
0 0.0035609
0 0.00360479
0 0.00364867
0 0.00369255
0 0.00373644
0 0.00378032
0 0.0038242
0 0.00386809
0 0.00391197
0 0.00395585
0 0.00399973
0 0.00404362
0 0.0040875
0 0.00413138
0 0.00417527
0 0.00421915
0 0.00426303
0 0.00430692
0 0.0043508
0 0.00439468
0 0.00443857
0 0.00448245
0 0.00452633
0 0.00457022
0 0.0046141
0 0.00465798
0 0.00470187
0 0.00474575
0 0.00478963
0 0.00483352
0 0.0048774
0 0.00492128
0 0.00496517
0 0.00499032
0 0.00501157
0 0.00503282
0 0.00505407
0 0.00507531
0 0.00509656
0 0.00513896
0 0.00518448
0 0.00523001
0 0.00527553
0 0.00532106
0 0.00536658
0 0.00541211
0 0.00545763
0 0.00550316
0 0.00554869
0 0.00559421
0 0.00563974
0 0.00568526
0 0.00573079
0 0.00577631
0 0.00582184
0 0.00586736
0 0.00591289
0 0.00595841
0 0.00600394
0 0.00604946
0 0.00609499
0 0.00614051
0 0.00618604
0 0.00623157
0 0.00627709
0 0.00632262
0 0.00636814
0 0.00641367
0 0.00645919
0 0.00650472
0 0.00655024
0 0.00659577
0 0.00664129
0 0.00668682
0 0.00673234
0 0.00677787
0 0.0068234
0 0.00686892
0 0.00691445
0 0.00695997
0 0.0070055
0 0.00705102
0 0.00709655
0 0.00714207
0 0.0071876
0 0.00723312
0 0.00727865
0 0.00732417
0 0.0073697
0 0.00741522
0 0.00746075
0 0.00750628
0 0.0075518
0 0.00759733
0 0.00764285
0 0.00768838
0 0.0077339
0 0.00777943
0 0.00782495
0 0.00787048
0 0.007916
0 0.00796153
0 0.00800705
0 0.00805258
0 0.00809811
0 0.00814363
0 0.00818916
0 0.00823468
0 0.00828021
0 0.00832573
0 0.00837126
0 0.00841678
0 0.00846231
0 0.00850783
0 0.00855336
0 0.00859888
0 0.00864441
0 0.00868994
0 0.00873546
0 0.00878099
0 0.00882651
0 0.00887204
0 0.00891756
0 0.00896309
0 0.00900861
0 0.00905414
0 0.00909966
0 0.00914519
0 0.00919071
0 0.00923624
0 0.00928176
0 0.00935576
0 0.00945831
0 0.00956087
0 0.00966342
0 0.00976597
0 0.00986853
0 0.00997108
0 0.0100736
0 0.0101762
0 0.0102787
0 0.0103813
0 0.0104839
0 0.0105864
0 0.010689
0 0.0107915
0 0.0108941
0 0.0109966
0 0.0110992
0 0.0112017
0 0.0113043
0 0.0114069
0 0.0115094
0 0.011612
0 0.0117145
0 0.0118171
0 0.0119196
0 0.0120222
0 0.0121247
0 0.0122273
0 0.0123298
0 0.0124324
0 0.0125352
0 0.0124371
0 0.0123389
0 0.0122408
0 0.0121427
0 0.0120446
0 0.0119464
0 0.0118483
0 0.0117531
0 0.011701
0 0.011649
0 0.011597
0 0.0115449
0 0.0114929
0 0.0114409
0 0.0113888
0 0.0113368
0 0.0112847
0 0.0112327
0 0.0111807
0 0.0111286
0 0.0110766
0 0.0110246
0 0.0109725
0 0.0109205
0 0.0108685
0 0.0108164
0 0.0107644
0 0.0107124
0 0.0106603
0 0.0106083
0 0.0105563
0 0.0105042
0 0.0104522
0 0.0104002
0 0.0103481
0 0.0102961
0 0.010244
0 0.010192
0 0.01014
0 0.0100879
0 0.0100359
0 0.00998387
0 0.00993183
0 0.0098798
0 0.00982776
0 0.00977573
0 0.00972369
0 0.00967166
0 0.00961962
0 0.00956759
0 0.00951555
0 0.00946352
0 0.00941148
0 0.00935945
0 0.00930741
0 0.00925538
0 0.00920334
0 0.00915131
0 0.009093
0 0.00903027
0 0.00897014
0 0.00891002
0 0.0088499
0 0.00878977
0 0.00872965
0 0.00866953
0 0.0086094
0 0.00854928
0 0.00848916
0 0.00842903
0 0.00836891
0 0.00830879
0 0.00824866
0 0.00818854
0 0.00812842
0 0.00806829
0 0.00800817
0 0.00794804
0 0.00788792
0 0.0078278
0 0.00776767
0 0.00770755
0 0.00764743
0 0.0075873
0 0.00752718
0 0.00746706
0 0.00740693
0 0.00734681
0 0.00728669
0 0.00722656
0 0.00716644
0 0.00710632
0 0.00704619
0 0.00698607
0 0.00692595
0 0.00686582
0 0.0068057
0 0.00674557
0 0.00668545
0 0.00662533
0 0.0065652
0 0.00650508
0 0.00644496
0 0.00638483
0 0.00632471
0 0.00626459
0 0.00620446
0 0.00614434
0 0.00608422
0 0.00602409
0 0.00596397
0 0.00590385
0 0.00582627
0 0.00574349
0 0.00566071
0 0.00557793
0 0.00549515
0 0.00541236
0 0.00534909
0 0.00529059
0 0.00523209
0 0.0051736
0 0.0051151
0 0.00505661
0 0.00499811
0 0.00493962
0 0.00488112
0 0.00482263
0 0.00476413
0 0.00470564
0 0.00464714
0 0.00458865
0 0.00453015
0 0.00447166
0 0.00441316
0 0.00435467
0 0.00429617
0 0.00423767
0 0.00417918
0 0.00412068
0 0.00406219
0 0.00400369
0 0.0039452
0 0.0038867
0 0.00382821
0 0.00376971
0 0.00371122
0 0.00365272
0 0.00359423
0 0.00353573
0 0.00347724
0 0.00341874
0 0.00336024
0 0.00330175
0 0.00324325
0 0.00318476
0 0.00312626
0 0.00306777
0 0.00300927
0 0.00295078
0 0.00289228
0 0.00283379
0 0.00277529
0 0.0027168
0 0.0026583
0 0.00259981
0 0.00254131
0 0.00248281
0 0.00242432
0 0.00236582
0 0.00230733
0 0.00224883
0 0.00219034
0 0.00213184
0 0.00207335
0 0.00201485
0 0.00195636
0 0.00189786
0 0.00183937
0 0.00178087
0 0.00172238
0 0.00166388
0 0.00160539
0 0.00154689
0 0.00148839
0 0.0014299
0 0.0013714
0 0.00131291
0 0.00125441
0 0.00119592
0 0.00113742
0 0.00107893
0 0.00102043
0 0.000961937
0 0.000903441
0 0.000844946
0 0.000786451
0 0.000727956
0 0.00066946
0 0.000610965
0 0.00055247
0 0.000493974
0 0.000435479
0 0.000376984
0 0.000318488
0 0.000259993
0 0.000201498
0 0.000143002
0 8.45071e-05
0 2.60118e-05
-0.00434272 -8.43798e-06
-0.0146344 -9.94867e-06
-0.024926 -1.14593e-05
-0.0352176 -1.297e-05
-0.0455092 -1.44807e-05
-0.0558009 -1.59914e-05
-0.0660925 -1.75021e-05
-0.0763841 -1.90128e-05
-0.0866758 -2.05235e-05
-0.0969674 -2.20341e-05
-0.107259 -2.35448e-05
-0.117551 -2.50555e-05
-0.127842 -2.65662e-05
-0.138134 -2.80769e-05
-0.148426 -2.95876e-05
-0.158717 -3.10982e-05
-0.169009 -3.26089e-05
-0.1793 -3.41196e-05
-0.189592 -3.56303e-05
-0.199884 -3.7141e-05
-0.210175 -3.86517e-05
-0.220467 -4.01623e-05
-0.230759 -4.1673e-05
-0.24105 -4.31837e-05
-0.251342 -4.46944e-05
-0.261634 -4.62051e-05
-0.271925 -4.77158e-05
-0.282217 -4.92264e-05
-0.292508 -5.07371e-05
-0.3028 -5.22478e-05
-0.313092 -5.37585e-05
-0.323379 -5.52685e-05
-0.282664 -4.93248e-05
-0.241949 -4.3381e-05
-0.201234 -3.74372e-05
-0.160519 -3.14934e-05
-0.119805 -2.55496e-05
-0.0790897 -1.96059e-05
-0.0383748 -1.36621e-05
0 -5.06921e-06
0 4.69659e-05
0 9.9001e-05
0 0.000151036
0 0.000203071
0 0.000255106
0 0.000307141
0 0.000359176
0 0.000411212
0 0.000463247
0 0.000515282
0 0.000567317
0 0.000619352
0 0.000671387
0 0.000723422
0 0.000775457
0 0.000827492
0 0.000879527
0 0.000931563
0 0.000983598
0 0.00103563
0 0.00108767
0 0.0011397
0 0.00119174
0 0.00124377
0 0.00129581
0 0.00134784
0 0.00139988
0 0.00145191
0 0.00150395
0 0.00155598
0 0.00160802
0 0.00166005
0 0.00171209
0 0.00176412
0 0.00181616
0 0.00186819
0 0.00192023
0 0.00197226
0 0.0020243
0 0.00207633
0 0.00212837
0 0.0021804
0 0.00223244
0 0.00228448
0 0.00233651
0 0.00238855
0 0.00244058
0 0.00249262
0 0.00254465
0 0.00259669
0 0.00264238
0 0.00268374
0 0.00272767
0 0.0027716
0 0.00281553
0 0.00285946
0 0.00290339
0 0.00294733
0 0.00299126
0 0.00303519
0 0.00307912
0 0.00312305
0 0.00316698
0 0.00321091
0 0.00325484
0 0.00329877
0 0.0033427
0 0.00338664
0 0.00343057
0 0.0034745
0 0.00351843
0 0.00356236
0 0.00360629
0 0.00365022
0 0.00369415
0 0.00373808
0 0.00378202
0 0.00382595
0 0.00386988
0 0.00391381
0 0.00395774
0 0.00400167
0 0.0040456
0 0.00408953
0 0.00413346
0 0.00417739
0 0.00422133
0 0.00426526
0 0.00430919
0 0.00435312
0 0.00439705
0 0.00444098
0 0.00448491
0 0.00452884
0 0.00457277
0 0.00461671
0 0.00466064
0 0.00470457
0 0.0047485
0 0.00479243
0 0.00483636
0 0.00488029
0 0.00492422
0 0.00496815
0 0.00499446
0 0.00501574
0 0.00503702
0 0.0050583
0 0.00507958
0 0.00510086
0 0.00514184
0 0.00518741
0 0.00523297
0 0.00527853
0 0.00532409
0 0.00536966
0 0.00541522
0 0.00546078
0 0.00550634
0 0.00555191
0 0.00559747
0 0.00564303
0 0.00568859
0 0.00573416
0 0.00577972
0 0.00582528
0 0.00587084
0 0.00591641
0 0.00596197
0 0.00600753
0 0.00605309
0 0.00609866
0 0.00614422
0 0.00618978
0 0.00623534
0 0.00628091
0 0.00632647
0 0.00637203
0 0.00641759
0 0.00646316
0 0.00650872
0 0.00655428
0 0.00659984
0 0.00664541
0 0.00669097
0 0.00673653
0 0.00678209
0 0.00682766
0 0.00687322
0 0.00691878
0 0.00696434
0 0.00700991
0 0.00705547
0 0.00710103
0 0.00714659
0 0.00719216
0 0.00723772
0 0.00728328
0 0.00732884
0 0.00737441
0 0.00741997
0 0.00746553
0 0.00751109
0 0.00755666
0 0.00760222
0 0.00764778
0 0.00769334
0 0.00773891
0 0.00778447
0 0.00783003
0 0.00787559
0 0.00792116
0 0.00796672
0 0.00801228
0 0.00805784
0 0.00810341
0 0.00814897
0 0.00819453
0 0.00824009
0 0.00828566
0 0.00833122
0 0.00837678
0 0.00842234
0 0.00846791
0 0.00851347
0 0.00855903
0 0.00860459
0 0.00865016
0 0.00869572
0 0.00874128
0 0.00878684
0 0.00883241
0 0.00887797
0 0.00892353
0 0.00896909
0 0.00901466
0 0.00906022
0 0.00910578
0 0.00915134
0 0.00919691
0 0.00924247
0 0.00928803
0 0.00935592
0 0.00945848
0 0.00956103
0 0.00966359
0 0.00976615
0 0.0098687
0 0.00997126
0 0.0100738
0 0.0101764
0 0.0102789
0 0.0103815
0 0.010484
0 0.0105866
0 0.0106892
0 0.0107917
0 0.0108943
0 0.0109968
0 0.0110994
0 0.0112019
0 0.0113045
0 0.0114071
0 0.0115096
0 0.0116122
0 0.0117147
0 0.0118173
0 0.0119198
0 0.0120224
0 0.012125
0 0.0122275
0 0.0123301
0 0.0124326
0 0.0125352
0 0.0124371
0 0.0123389
0 0.0122408
0 0.0121427
0 0.0120446
0 0.0119464
0 0.0118483
0 0.0117531
0 0.011701
0 0.011649
0 0.011597
0 0.0115449
0 0.0114929
0 0.0114409
0 0.0113888
0 0.0113368
0 0.0112847
0 0.0112327
0 0.0111807
0 0.0111286
0 0.0110766
0 0.0110246
0 0.0109725
0 0.0109205
0 0.0108685
0 0.0108164
0 0.0107644
0 0.0107124
0 0.0106603
0 0.0106083
0 0.0105563
0 0.0105042
0 0.0104522
0 0.0104002
0 0.0103481
0 0.0102961
0 0.010244
0 0.010192
0 0.01014
0 0.0100879
0 0.0100359
0 0.00998387
0 0.00993184
0 0.0098798
0 0.00982777
0 0.00977573
0 0.0097237
0 0.00967166
0 0.00961963
0 0.00956759
0 0.00951555
0 0.00946352
0 0.00941148
0 0.00935945
0 0.00930741
0 0.00925538
0 0.00920334
0 0.00915131
0 0.009093
0 0.00903027
0 0.00897015
0 0.00891002
0 0.0088499
0 0.00878978
0 0.00872965
0 0.00866953
0 0.00860941
0 0.00854928
0 0.00848916
0 0.00842904
0 0.00836891
0 0.00830879
0 0.00824867
0 0.00818854
0 0.00812842
0 0.0080683
0 0.00800817
0 0.00794805
0 0.00788793
0 0.0078278
0 0.00776768
0 0.00770756
0 0.00764743
0 0.00758731
0 0.00752719
0 0.00746706
0 0.00740694
0 0.00734681
0 0.00728669
0 0.00722657
0 0.00716644
0 0.00710632
0 0.0070462
0 0.00698607
0 0.00692595
0 0.00686583
0 0.0068057
0 0.00674558
0 0.00668546
0 0.00662533
0 0.00656521
0 0.00650509
0 0.00644496
0 0.00638484
0 0.00632472
0 0.00626459
0 0.00620447
0 0.00614435
0 0.00608422
0 0.0060241
0 0.00596398
0 0.00590385
0 0.00582628
0 0.0057435
0 0.00566072
0 0.00557794
0 0.00549516
0 0.00541238
0 0.00534909
0 0.0052906
0 0.0052321
0 0.00517361
0 0.00511511
0 0.00505662
0 0.00499812
0 0.00493963
0 0.00488113
0 0.00482264
0 0.00476414
0 0.00470565
0 0.00464715
0 0.00458866
0 0.00453016
0 0.00447167
0 0.00441317
0 0.00435467
0 0.00429618
0 0.00423768
0 0.00417919
0 0.00412069
0 0.0040622
0 0.0040037
0 0.00394521
0 0.00388671
0 0.00382822
0 0.00376972
0 0.00371123
0 0.00365273
0 0.00359424
0 0.00353574
0 0.00347725
0 0.00341875
0 0.00336026
0 0.00330176
0 0.00324327
0 0.00318477
0 0.00312628
0 0.00306778
0 0.00300928
0 0.00295079
0 0.00289229
0 0.0028338
0 0.0027753
0 0.00271681
0 0.00265831
0 0.00259982
0 0.00254132
0 0.00248283
0 0.00242433
0 0.00236584
0 0.00230734
0 0.00224885
0 0.00219035
0 0.00213186
0 0.00207336
0 0.00201487
0 0.00195637
0 0.00189788
0 0.00183938
0 0.00178089
0 0.00172239
0 0.0016639
0 0.0016054
0 0.0015469
0 0.00148841
0 0.00142991
0 0.00137142
0 0.00131292
0 0.00125443
0 0.00119593
0 0.00113744
0 0.00107894
0 0.00102045
0 0.000961953
0 0.000903457
0 0.000844962
0 0.000786467
0 0.000727972
0 0.000669477
0 0.000610981
0 0.000552486
0 0.000493991
0 0.000435496
0 0.000377
0 0.000318505
0 0.00026001
0 0.000201515
0 0.00014302
0 8.45244e-05
0 2.60292e-05
-0.00433962 -8.43753e-06
-0.0146312 -9.9482e-06
-0.0249228 -1.14589e-05
-0.0352144 -1.29696e-05
-0.045506 -1.44802e-05
-0.0557976 -1.59909e-05
-0.0660892 -1.75016e-05
-0.0763808 -1.90123e-05
-0.0866724 -2.05229e-05
-0.0969639 -2.20336e-05
-0.107256 -2.35443e-05
-0.117547 -2.5055e-05
-0.127839 -2.65657e-05
-0.13813 -2.80763e-05
-0.148422 -2.9587e-05
-0.158713 -3.10977e-05
-0.169005 -3.26084e-05
-0.179297 -3.4119e-05
-0.189588 -3.56297e-05
-0.19988 -3.71404e-05
-0.210171 -3.86511e-05
-0.220463 -4.01618e-05
-0.230755 -4.16724e-05
-0.241046 -4.31831e-05
-0.251338 -4.46938e-05
-0.261629 -4.62045e-05
-0.271921 -4.77151e-05
-0.282213 -4.92258e-05
-0.292504 -5.07365e-05
-0.302796 -5.22472e-05
-0.313087 -5.37579e-05
-0.323379 -5.52685e-05
-0.282664 -4.93248e-05
-0.241949 -4.3381e-05
-0.201234 -3.74372e-05
-0.160519 -3.14934e-05
-0.119805 -2.55496e-05
-0.0790897 -1.96059e-05
-0.0383748 -1.36621e-05
0 -5.06921e-06
0 4.69659e-05
0 9.9001e-05
0 0.000151036
0 0.000203071
0 0.000255106
0 0.000307141
0 0.000359176
0 0.000411212
0 0.000463247
0 0.000515282
0 0.000567317
0 0.000619352
0 0.000671387
0 0.000723422
0 0.000775457
0 0.000827492
0 0.000879527
0 0.000931563
0 0.000983598
0 0.00103563
0 0.00108767
0 0.0011397
0 0.00119174
0 0.00124377
0 0.00129581
0 0.00134784
0 0.00139988
0 0.00145191
0 0.00150395
0 0.00155598
0 0.00160802
0 0.00166005
0 0.00171209
0 0.00176412
0 0.00181616
0 0.00186819
0 0.00192023
0 0.00197226
0 0.0020243
0 0.00207633
0 0.00212837
0 0.0021804
0 0.00223244
0 0.00228448
0 0.00233651
0 0.00238855
0 0.00244058
0 0.00249262
0 0.00254465
0 0.00259669
0 0.00264238
0 0.00268374
0 0.00272767
0 0.0027716
0 0.00281553
0 0.00285946
0 0.00290339
0 0.00294733
0 0.00299126
0 0.00303519
0 0.00307912
0 0.00312305
0 0.00316698
0 0.00321091
0 0.00325484
0 0.00329877
0 0.0033427
0 0.00338664
0 0.00343057
0 0.0034745
0 0.00351843
0 0.00356236
0 0.00360629
0 0.00365022
0 0.00369415
0 0.00373808
0 0.00378202
0 0.00382595
0 0.00386988
0 0.00391381
0 0.00395774
0 0.00400167
0 0.0040456
0 0.00408953
0 0.00413346
0 0.00417739
0 0.00422133
0 0.00426526
0 0.00430919
0 0.00435312
0 0.00439705
0 0.00444098
0 0.00448491
0 0.00452884
0 0.00457277
0 0.00461671
0 0.00466064
0 0.00470457
0 0.0047485
0 0.00479243
0 0.00483636
0 0.00488029
0 0.00492422
0 0.00496815
0 0.00499446
0 0.00501574
0 0.00503702
0 0.0050583
0 0.00507958
0 0.00510086
0 0.00514184
0 0.00518741
0 0.00523297
0 0.00527853
0 0.00532409
0 0.00536966
0 0.00541522
0 0.00546078
0 0.00550634
0 0.00555191
0 0.00559747
0 0.00564303
0 0.00568859
0 0.00573416
0 0.00577972
0 0.00582528
0 0.00587084
0 0.00591641
0 0.00596197
0 0.00600753
0 0.00605309
0 0.00609866
0 0.00614422
0 0.00618978
0 0.00623534
0 0.00628091
0 0.00632647
0 0.00637203
0 0.00641759
0 0.00646316
0 0.00650872
0 0.00655428
0 0.00659984
0 0.00664541
0 0.00669097
0 0.00673653
0 0.00678209
0 0.00682766
0 0.00687322
0 0.00691878
0 0.00696434
0 0.00700991
0 0.00705547
0 0.00710103
0 0.00714659
0 0.00719216
0 0.00723772
0 0.00728328
0 0.00732884
0 0.00737441
0 0.00741997
0 0.00746553
0 0.00751109
0 0.00755666
0 0.00760222
0 0.00764778
0 0.00769334
0 0.00773891
0 0.00778447
0 0.00783003
0 0.00787559
0 0.00792116
0 0.00796672
0 0.00801228
0 0.00805784
0 0.00810341
0 0.00814897
0 0.00819453
0 0.00824009
0 0.00828566
0 0.00833122
0 0.00837678
0 0.00842234
0 0.00846791
0 0.00851347
0 0.00855903
0 0.00860459
0 0.00865016
0 0.00869572
0 0.00874128
0 0.00878684
0 0.00883241
0 0.00887797
0 0.00892353
0 0.00896909
0 0.00901466
0 0.00906022
0 0.00910578
0 0.00915134
0 0.00919691
0 0.00924247
0 0.00928803
0 0.00935592
0 0.00945848
0 0.00956103
0 0.00966359
0 0.00976615
0 0.0098687
0 0.00997126
0 0.0100738
0 0.0101764
0 0.0102789
0 0.0103815
0 0.010484
0 0.0105866
0 0.0106892
0 0.0107917
0 0.0108943
0 0.0109968
0 0.0110994
0 0.0112019
0 0.0113045
0 0.0114071
0 0.0115096
0 0.0116122
0 0.0117147
0 0.0118173
0 0.0119198
0 0.0120224
0 0.012125
0 0.0122275
0 0.0123301
0 0.0124326
0 0.0125352
0 0.0126392
0 0.0127431
0 0.0128471
0 0.0129511
0 0.0130551
0 0.013159
0 0.013263
0 0.013367
0 0.013471
0 0.0135749
0 0.0136789
0 0.0137829
0 0.0138869
0 0.0139909
0 0.0140948
0 0.0141988
0 0.0143028
0 0.0144068
0 0.0145107
0 0.0146147
0 0.0147187
0 0.0148227
0 0.0149266
0 0.0150306
0 0.0151346
0 0.0152386
0 0.0153425
0 0.0154465
0 0.0155505
0 0.0156545
0 0.0157584
0 0.0158624
0 0.0159664
0 0.0160704
0 0.0161744
0 0.0162783
0 0.0163823
0 0.0164863
0 0.0165903
0 0.0166942
0 0.0165961
0 0.016498
0 0.0163999
0 0.0163017
0 0.0162036
0 0.0161055
0 0.0160074
0 0.0159092
0 0.0158311
0 0.0157791
0 0.0157271
0 0.015675
0 0.015623
0 0.015571
0 0.0155189
0 0.0154669
0 0.0154149
0 0.0153628
0 0.0153108
0 0.0152588
0 0.0152067
0 0.0151547
0 0.0151027
0 0.0150506
0 0.0149986
0 0.0149466
0 0.0148945
0 0.0148425
0 0.0147904
0 0.0147384
0 0.0146864
0 0.0146343
0 0.0145823
0 0.0145303
0 0.0144782
0 0.0144262
0 0.0143742
0 0.0143221
0 0.0142701
0 0.0142181
0 0.014166
0 0.014114
0 0.014062
0 0.0140099
0 0.0139579
0 0.0139058
0 0.0138538
0 0.0138018
0 0.0137497
0 0.0136977
0 0.0136457
0 0.0135936
0 0.0135416
0 0.0134896
0 0.0134375
0 0.0133855
0 0.0133335
0 0.0132814
0 0.0132294
0 0.0131579
0 0.0130898
0 0.0130218
0 0.0129537
0 0.0128857
0 0.0128176
0 0.0127496
0 0.0126816
0 0.0126135
0 0.0125455
0 0.0124774
0 0.0124094
0 0.0123413
0 0.0122733
0 0.0122053
0 0.0121372
0 0.0120692
0 0.0120011
0 0.0119331
0 0.011865
0 0.011797
0 0.011729
0 0.0116609
0 0.0115929
0 0.0115248
0 0.0114568
0 0.0113887
0 0.0113207
0 0.0112527
0 0.0111846
0 0.0111166
0 0.0110485
0 0.0109805
0 0.0109124
0 0.0108444
0 0.0107764
0 0.0107083
0 0.0106403
0 0.0105722
0 0.0105042
0 0.0104361
0 0.0103681
0 0.0103
0 0.010232
0 0.010164
0 0.0100959
0 0.0100279
0 0.00995983
0 0.00989179
0 0.00982375
0 0.00975571
0 0.00968766
0 0.00961962
0 0.00955158
0 0.00948353
0 0.00941549
0 0.00934745
0 0.0092794
0 0.00921136
0 0.00914332
0 0.00907527
0 0.00900723
0 0.00893919
0 0.00887115
0 0.0088031
0 0.008728
0 0.00864098
0 0.00855396
0 0.00846695
0 0.00837993
0 0.00829291
0 0.00820589
0 0.00811887
0 0.00805183
0 0.00798653
0 0.00792123
0 0.00785592
0 0.00779062
0 0.00772532
0 0.00766002
0 0.00759471
0 0.00752941
0 0.00746411
0 0.0073988
0 0.0073335
0 0.0072682
0 0.0072029
0 0.00713759
0 0.00707229
0 0.00700699
0 0.00694169
0 0.00687638
0 0.00681108
0 0.00674578
0 0.00668047
0 0.00661517
0 0.00654987
0 0.00648457
0 0.00641926
0 0.00635396
0 0.00628866
0 0.00622335
0 0.00615805
0 0.00609275
0 0.00602745
0 0.00596214
0 0.00589684
0 0.00583154
0 0.00576624
0 0.00570093
0 0.00563563
0 0.00557033
0 0.00550502
0 0.00543972
0 0.00537442
0 0.00530912
0 0.00524381
0 0.00517851
0 0.00511321
0 0.0050479
0 0.0049826
0 0.0049173
0 0.004852
0 0.00478669
0 0.00472139
0 0.00465609
0 0.00459079
0 0.00452548
0 0.00446018
0 0.00439488
0 0.00432957
0 0.00426427
0 0.00419897
0 0.00413367
0 0.00406836
0 0.00400306
0 0.00393776
0 0.00387245
0 0.00380715
0 0.00374185
0 0.00367655
0 0.00361124
0 0.00354594
0 0.00348064
0 0.00341534
0 0.00335003
0 0.00328473
0 0.00321943
0 0.00315412
0 0.00308882
0 0.00302352
0 0.00295822
0 0.00289291
0 0.00282761
0 0.00276231
0 0.00269701
0 0.0026317
0 0.0025664
0 0.0025011
0 0.00243579
0 0.00237049
0 0.00230519
0 0.00223989
0 0.00217458
0 0.00210928
0 0.00204398
0 0.00197867
0 0.00191337
0 0.00184807
0 0.00178277
0 0.00171746
0 0.00165216
0 0.00158686
0 0.00152156
0 0.00145625
0 0.00139095
0 0.00132565
0 0.00126034
0 0.00119504
0 0.00112974
0 0.00106444
0 0.000999133
0 0.00093383
0 0.000868527
0 0.000803225
0 0.000737922
0 0.000672619
0 0.000607316
0 0.000542014
0 0.000476711
0 0.000411408
0 0.000346105
0 0.000280802
0 0.0002155
0 0.000150197
0 8.48942e-05
0 1.95914e-05
-0.00598911 -8.67965e-06
-0.0163056 -1.0194e-05
-0.026622 -1.17083e-05
-0.0369384 -1.32226e-05
-0.0472549 -1.4737e-05
-0.0575713 -1.62513e-05
-0.0678878 -1.77656e-05
-0.0782042 -1.92799e-05
-0.0885207 -2.07943e-05
-0.0988371 -2.23086e-05
-0.109154 -2.38229e-05
-0.11947 -2.53372e-05
-0.129786 -2.68516e-05
-0.140103 -2.83659e-05
-0.150419 -2.98802e-05
-0.160736 -3.13945e-05
-0.171052 -3.29089e-05
-0.181369 -3.44232e-05
-0.191685 -3.59375e-05
-0.202002 -3.74518e-05
-0.212318 -3.89662e-05
-0.222634 -4.04805e-05
-0.232951 -4.19948e-05
-0.243267 -4.35092e-05
-0.253584 -4.50235e-05
-0.263077 -4.64169e-05
-0.263717 -4.65109e-05
-0.264358 -4.6605e-05
-0.264999 -4.6699e-05
-0.265639 -4.67931e-05
-0.26628 -4.68871e-05
-0.266921 -4.69812e-05
-0.267562 -4.70752e-05
-0.268202 -4.71693e-05
-0.268843 -4.72633e-05
-0.269484 -4.73574e-05
-0.270124 -4.74514e-05
-0.270765 -4.75455e-05
-0.271406 -4.76395e-05
-0.272046 -4.77336e-05
-0.272687 -4.78276e-05
-0.273328 -4.79217e-05
-0.273969 -4.80157e-05
-0.274609 -4.81098e-05
-0.27525 -4.82038e-05
-0.275891 -4.82978e-05
-0.276531 -4.83919e-05
-0.277172 -4.84859e-05
-0.277813 -4.858e-05
-0.278454 -4.8674e-05
-0.279094 -4.87681e-05
-0.279735 -4.88621e-05
-0.280376 -4.89562e-05
-0.281016 -4.90502e-05
-0.281657 -4.91443e-05
-0.282298 -4.92383e-05
-0.282938 -4.93324e-05
-0.283579 -4.94264e-05
-0.28422 -4.95205e-05
-0.284861 -4.96145e-05
-0.285501 -4.97086e-05
-0.286142 -4.98026e-05
-0.286783 -4.98967e-05
-0.287423 -4.99907e-05
-0.288064 -5.00848e-05
-0.288705 -5.01788e-05
-0.24799 -4.4235e-05
-0.207275 -3.82912e-05
-0.16656 -3.23475e-05
-0.125845 -2.64037e-05
-0.0851304 -2.04599e-05
-0.0444156 -1.45161e-05
-0.00370069 -8.57236e-06
0 3.92734e-05
0 9.13085e-05
0 0.000143344
0 0.000195379
0 0.000247414
0 0.000299449
0 0.000351484
0 0.000403519
0 0.000455554
0 0.000507589
0 0.000559624
0 0.000611659
0 0.000663695
0 0.00071573
0 0.000767765
0 0.0008198
0 0.000871835
0 0.00092387
0 0.000975905
0 0.00102794
0 0.00107998
0 0.00113201
0 0.00118405
0 0.00123608
0 0.00128812
0 0.00134015
0 0.00139219
0 0.00144422
0 0.00149626
0 0.00154829
0 0.00160033
0 0.00165236
0 0.0017044
0 0.00175643
0 0.00180847
0 0.0018605
0 0.00191254
0 0.00196457
0 0.00201661
0 0.00206864
0 0.00212068
0 0.00217271
0 0.00222475
0 0.00227678
0 0.00232882
0 0.00238085
0 0.00243289
0 0.00248492
0 0.00253696
0 0.00258899
0 0.00264103
0 0.00269306
0 0.0027451
0 0.00278529
0 0.00282476
0 0.00287014
0 0.00291552
0 0.0029609
0 0.00300629
0 0.00305167
0 0.00309705
0 0.00314244
0 0.00318782
0 0.0032332
0 0.00327859
0 0.00332397
0 0.00336935
0 0.00341473
0 0.00346012
0 0.0035055
0 0.00355088
0 0.00359627
0 0.00364165
0 0.00368703
0 0.00373242
0 0.0037778
0 0.00382318
0 0.00386857
0 0.00391395
0 0.00395933
0 0.00400471
0 0.0040501
0 0.00409548
0 0.00414086
0 0.00418625
0 0.00423163
0 0.00427701
0 0.0043224
0 0.00436778
0 0.00441316
0 0.00445855
0 0.00450393
0 0.00454931
0 0.00459469
0 0.00464008
0 0.00468546
0 0.00473084
0 0.00477623
0 0.00482161
0 0.00486699
0 0.00491238
0 0.00495776
0 0.00500314
0 0.00504852
0 0.00509391
0 0.00513929
0 0.00518467
0 0.00523006
0 0.00527544
0 0.00532082
0 0.00536621
0 0.00541159
0 0.00545697
0 0.00550236
0 0.00554774
0 0.00559312
0 0.0056385
0 0.00568389
0 0.00572927
0 0.00577465
0 0.00582004
0 0.00586542
0 0.0059108
0 0.00595619
0 0.00600157
0 0.00604695
0 0.00609234
0 0.00613772
0 0.0061831
0 0.00621268
0 0.00623584
0 0.006259
0 0.00628216
0 0.00630532
0 0.00632848
0 0.00635164
0 0.0063748
0 0.00639796
0 0.00642112
0 0.00644518
0 0.00649157
0 0.00653796
0 0.00658435
0 0.00663074
0 0.00667712
0 0.00672351
0 0.0067699
0 0.00681629
0 0.00686268
0 0.00690907
0 0.00695545
0 0.00700184
0 0.00704823
0 0.00709462
0 0.00714101
0 0.0071874
0 0.00723378
0 0.00728017
0 0.00732656
0 0.00737295
0 0.00741934
0 0.00746573
0 0.00751211
0 0.0075585
0 0.00760489
0 0.00765128
0 0.00769767
0 0.00774405
0 0.00779044
0 0.00783683
0 0.00788322
0 0.00792961
0 0.007976
0 0.00802238
0 0.00806877
0 0.00811516
0 0.00816155
0 0.00820794
0 0.00825433
0 0.00830071
0 0.0083471
0 0.00839349
0 0.00843988
0 0.00848627
0 0.00853266
0 0.00857904
0 0.00862543
0 0.00867182
0 0.00871821
0 0.0087646
0 0.00881098
0 0.00885737
0 0.00890376
0 0.00895015
0 0.00899654
0 0.00904293
0 0.00908931
0 0.0091357
0 0.00918209
0 0.00922848
0 0.00927487
0 0.00932126
0 0.00936764
0 0.00941403
0 0.00946042
0 0.00950681
0 0.0095532
0 0.00959959
0 0.00964597
0 0.00969236
0 0.00973875
0 0.00978514
0 0.00983153
0 0.00987791
0 0.0099243
0 0.00997069
0 0.0100171
0 0.0100635
0 0.0101099
0 0.0101562
0 0.0102026
0 0.010249
0 0.0102954
0 0.0103418
0 0.0103882
0 0.0104346
0 0.010481
0 0.0105274
0 0.0105737
0 0.0106201
0 0.0106665
0 0.0107129
0 0.0107593
0 0.0108057
0 0.0108521
0 0.0108985
0 0.0109448
0 0.0109912
0 0.0110376
0 0.011084
0 0.0111304
0 0.0111768
0 0.0112232
0 0.0112696
0 0.011316
0 0.0113623
0 0.0114087
0 0.0114551
0 0.0115015
0 0.0115479
0 0.0115943
0 0.0116407
0 0.0116871
0 0.0117334
0 0.0117798
0 0.0118262
0 0.0118726
0 0.011919
0 0.0119654
0 0.0120118
0 0.0120582
0 0.0121046
0 0.0121509
0 0.0121973
0 0.0122437
0 0.0122901
0 0.0123365
0 0.0123829
0 0.0124293
0 0.0124757
0 0.012522
0 0.0125684
0 0.0126148
0 0.0126612
0 0.0127076
0 0.012754
0 0.0128004
0 0.012894
0 0.0129969
0 0.0130999
0 0.0132028
0 0.0133058
0 0.0134087
0 0.0135116
0 0.0136146
0 0.0137175
0 0.0138205
0 0.0139234
0 0.0140264
0 0.0141293
0 0.0142323
0 0.0143352
0 0.0144382
0 0.0145411
0 0.0146441
0 0.014747
0 0.01485
0 0.0149529
0 0.0150559
0 0.0151588
0 0.0152617
0 0.0153647
0 0.0154676
0 0.0155706
0 0.0156735
0 0.0157765
0 0.0158794
0 0.0159824
0 0.0160853
0 0.0161883
0 0.0162912
0 0.0163942
0 0.0164971
0 0.0166001
0 0.0167031
0 0.016605
0 0.0165068
0 0.0164087
0 0.0163106
0 0.0162125
0 0.0161143
0 0.0160162
0 0.0159603
0 0.0159082
0 0.0158562
0 0.0158042
0 0.0157521
0 0.0157001
0 0.0156481
0 0.015596
0 0.015544
0 0.015492
0 0.0154399
0 0.0153879
0 0.0153359
0 0.0152838
0 0.0152318
0 0.0151798
0 0.0151277
0 0.0150757
0 0.0150236
0 0.0149716
0 0.0149196
0 0.0148675
0 0.0148155
0 0.0147635
0 0.0147114
0 0.0146594
0 0.0146074
0 0.0145553
0 0.0145033
0 0.0144513
0 0.0143992
0 0.0143472
0 0.0142952
0 0.0142431
0 0.0141911
0 0.014139
0 0.014087
0 0.014035
0 0.0139829
0 0.0139309
0 0.0138789
0 0.0138268
0 0.0137748
0 0.0137228
0 0.0136707
0 0.0136187
0 0.0135667
0 0.0135146
0 0.0134626
0 0.0134106
0 0.0133585
0 0.0133065
0 0.0132545
0 0.0131907
0 0.013126
0 0.0130674
0 0.0130087
0 0.01295
0 0.0128914
0 0.0128327
0 0.0127741
0 0.0127154
0 0.0126568
0 0.0125981
0 0.0125394
0 0.0124808
0 0.0124221
0 0.0123635
0 0.0123048
0 0.0122461
0 0.0121875
0 0.0121288
0 0.0120702
0 0.0120115
0 0.0119528
0 0.0118942
0 0.0118355
0 0.0117769
0 0.0117182
0 0.0116595
0 0.0116009
0 0.0115422
0 0.0114836
0 0.0114249
0 0.0113663
0 0.0113076
0 0.0112489
0 0.0111903
0 0.0111316
0 0.011073
0 0.0110143
0 0.0109556
0 0.010897
0 0.0108383
0 0.0107797
0 0.010721
0 0.0106623
0 0.0106037
0 0.010545
0 0.0104864
0 0.0104277
0 0.0103691
0 0.0103104
0 0.0102517
0 0.0101931
0 0.0101344
0 0.0100758
0 0.0100171
0 0.00995844
0 0.00989978
0 0.00984112
0 0.00978246
0 0.0097238
0 0.00966514
0 0.00960648
0 0.00954783
0 0.00948917
0 0.00943051
0 0.00937185
0 0.00931319
0 0.00925453
0 0.00919587
0 0.00913721
0 0.00907855
0 0.00901989
0 0.00896124
0 0.00890258
0 0.00884392
0 0.00878526
0 0.00871148
0 0.00863059
0 0.0085497
0 0.00846881
0 0.00838791
0 0.00830702
0 0.00822613
0 0.00814524
0 0.00806435
0 0.00798346
0 0.00790257
0 0.0078449
0 0.00778725
0 0.00772959
0 0.00767193
0 0.00761427
0 0.00755661
0 0.00749895
0 0.0074413
0 0.00738364
0 0.00732598
0 0.00726832
0 0.00721066
0 0.007153
0 0.00709535
0 0.00703769
0 0.00698003
0 0.00692237
0 0.00686471
0 0.00680705
0 0.0067494
0 0.00669174
0 0.00663408
0 0.00657642
0 0.00651876
0 0.0064611
0 0.00640345
0 0.00634579
0 0.00628813
0 0.00623047
0 0.00617281
0 0.00611515
0 0.0060575
0 0.00599984
0 0.00594218
0 0.00588452
0 0.00582686
0 0.0057692
0 0.00571155
0 0.00565389
0 0.00559623
0 0.00553857
0 0.00548091
0 0.00542325
0 0.0053656
0 0.00530794
0 0.00525028
0 0.00519262
0 0.00513496
0 0.0050773
0 0.00501965
0 0.00496199
0 0.00490433
0 0.00484667
0 0.00478901
0 0.00473135
0 0.0046737
0 0.00461604
0 0.00455838
0 0.00450072
0 0.00444306
0 0.0043854
0 0.00432775
0 0.00427009
0 0.00421243
0 0.00415477
0 0.00409711
0 0.00403945
0 0.0039818
0 0.00392414
0 0.00386648
0 0.00380882
0 0.00375116
0 0.0036935
0 0.00363585
0 0.00357819
0 0.00352053
0 0.00346287
0 0.00340521
0 0.00334755
0 0.0032899
0 0.00323224
0 0.00317458
0 0.00311692
0 0.00305926
0 0.0030016
0 0.00294395
0 0.00288629
0 0.00282863
0 0.00277097
0 0.00271331
0 0.00265565
0 0.002598
0 0.00254034
0 0.00248268
0 0.00242502
0 0.00236736
0 0.0023097
0 0.00225205
0 0.00219439
0 0.00213673
0 0.00207907
0 0.00202141
0 0.00196375
0 0.0019061
0 0.00184844
0 0.00179078
0 0.00173312
0 0.00167546
0 0.0016178
0 0.00156015
0 0.00150249
0 0.00144483
0 0.00138717
0 0.00132951
0 0.00127185
0 0.0012142
0 0.00115654
0 0.00109888
0 0.00104122
0 0.000983562
0 0.000925904
0 0.000868245
0 0.000810587
0 0.000752929
0 0.00069527
0 0.000637612
0 0.000579954
0 0.000522295
0 0.000464637
0 0.000406979
0 0.00034932
0 0.000291662
0 0.000234004
0 0.000176345
0 0.000118687
0 6.10285e-05
0 3.3702e-06
-0.00615488 -8.70399e-06
-0.0137887 -9.82454e-06
-0.0214226 -1.09451e-05
-0.0290565 -1.20657e-05
-0.0366903 -1.31862e-05
-0.0443242 -1.43068e-05
-0.0519581 -1.54273e-05
-0.0595919 -1.65479e-05
-0.0672258 -1.76684e-05
-0.0748597 -1.8789e-05
-0.0824935 -1.99095e-05
-0.0901274 -2.10301e-05
-0.0977613 -2.21507e-05
-0.105395 -2.32712e-05
-0.113029 -2.43918e-05
-0.120663 -2.55123e-05
-0.128297 -2.66329e-05
-0.135931 -2.77534e-05
-0.143564 -2.8874e-05
-0.151198 -2.99946e-05
-0.158832 -3.11151e-05
-0.166466 -3.22357e-05
-0.1741 -3.33562e-05
-0.181734 -3.44768e-05
-0.189368 -3.55973e-05
-0.197001 -3.67179e-05
-0.204635 -3.78384e-05
-0.212269 -3.8959e-05
-0.219903 -4.00796e-05
-0.227537 -4.12001e-05
-0.235171 -4.23207e-05
-0.242805 -4.34412e-05
-0.250439 -4.45618e-05
-0.258072 -4.56823e-05
-0.265706 -4.68029e-05
-0.27334 -4.79235e-05
-0.280974 -4.9044e-05
-0.288607 -5.01644e-05
-0.247892 -4.42206e-05
-0.207177 -3.82769e-05
-0.166462 -3.23331e-05
-0.125747 -2.63893e-05
-0.0850325 -2.04455e-05
-0.0443176 -1.45018e-05
-0.00360273 -8.55798e-06
0 3.93987e-05
0 9.14337e-05
0 0.000143469
0 0.000195504
0 0.000247539
0 0.000299574
0 0.000351609
0 0.000403644
0 0.000455679
0 0.000507715
0 0.00055975
0 0.000611785
0 0.00066382
0 0.000715855
0 0.00076789
0 0.000819925
0 0.00087196
0 0.000923995
0 0.00097603
0 0.00102807
0 0.0010801
0 0.00113214
0 0.00118417
0 0.00123621
0 0.00128824
0 0.00134028
0 0.00139231
0 0.00144435
0 0.00149638
0 0.00154842
0 0.00160045
0 0.00165249
0 0.00170452
0 0.00175656
0 0.00180859
0 0.00186063
0 0.00191266
0 0.0019647
0 0.00201673
0 0.00206877
0 0.0021208
0 0.00217284
0 0.00222487
0 0.00227691
0 0.00232894
0 0.00238098
0 0.00243301
0 0.00248505
0 0.00253708
0 0.00258912
0 0.00264115
0 0.00269319
0 0.00274522
0 0.00278547
0 0.00282491
0 0.00287031
0 0.00291571
0 0.00296111
0 0.00300651
0 0.00305191
0 0.00309731
0 0.00314271
0 0.00318811
0 0.00323351
0 0.00327891
0 0.00332431
0 0.00336971
0 0.00341511
0 0.00346051
0 0.00350591
0 0.00355131
0 0.00359671
0 0.00364211
0 0.00368751
0 0.00373291
0 0.00377831
0 0.00382371
0 0.00386911
0 0.00391451
0 0.00395991
0 0.00400531
0 0.00405071
0 0.00409611
0 0.00414151
0 0.00418691
0 0.00423231
0 0.00427771
0 0.00432311
0 0.00436851
0 0.00441391
0 0.00445931
0 0.00450471
0 0.00455011
0 0.00459551
0 0.00464091
0 0.00468631
0 0.00473171
0 0.00477711
0 0.00482251
0 0.00486791
0 0.00491331
0 0.00495871
0 0.00500411
0 0.00504951
0 0.00509491
0 0.00514031
0 0.00518571
0 0.00523111
0 0.00527651
0 0.00532191
0 0.00536731
0 0.00541271
0 0.00545811
0 0.00550351
0 0.00554891
0 0.00559431
0 0.00563971
0 0.00568511
0 0.00573051
0 0.00577591
0 0.00582131
0 0.00586671
0 0.00591211
0 0.00595751
0 0.00600291
0 0.00604831
0 0.00609371
0 0.00613911
0 0.00618451
0 0.00621465
0 0.00623782
0 0.00626099
0 0.00628416
0 0.00630733
0 0.0063305
0 0.00635368
0 0.00637685
0 0.00640002
0 0.00642319
0 0.00644654
0 0.00649294
0 0.00653934
0 0.00658575
0 0.00663215
0 0.00667855
0 0.00672495
0 0.00677136
0 0.00681776
0 0.00686416
0 0.00691056
0 0.00695697
0 0.00700337
0 0.00704977
0 0.00709617
0 0.00714258
0 0.00718898
0 0.00723538
0 0.00728178
0 0.00732819
0 0.00737459
0 0.00742099
0 0.00746739
0 0.0075138
0 0.0075602
0 0.0076066
0 0.007653
0 0.00769941
0 0.00774581
0 0.00779221
0 0.00783861
0 0.00788502
0 0.00793142
0 0.00797782
0 0.00802422
0 0.00807063
0 0.00811703
0 0.00816343
0 0.00820983
0 0.00825624
0 0.00830264
0 0.00834904
0 0.00839544
0 0.00844185
0 0.00848825
0 0.00853465
0 0.00858105
0 0.00862746
0 0.00867386
0 0.00872026
0 0.00876666
0 0.00881307
0 0.00885947
0 0.00890587
0 0.00895227
0 0.00899868
0 0.00904508
0 0.00909148
0 0.00913788
0 0.00918429
0 0.00923069
0 0.00927709
0 0.00932349
0 0.0093699
0 0.0094163
0 0.0094627
0 0.0095091
0 0.00955551
0 0.00960191
0 0.00964831
0 0.00969471
0 0.00974112
0 0.00978752
0 0.00983392
0 0.00988032
0 0.00992673
0 0.00997313
0 0.0100195
0 0.0100659
0 0.0101123
0 0.0101587
0 0.0102051
0 0.0102515
0 0.0102979
0 0.0103443
0 0.0103908
0 0.0104372
0 0.0104836
0 0.01053
0 0.0105764
0 0.0106228
0 0.0106692
0 0.0107156
0 0.010762
0 0.0108084
0 0.0108548
0 0.0109012
0 0.0109476
0 0.010994
0 0.0110404
0 0.0110868
0 0.0111332
0 0.0111796
0 0.011226
0 0.0112724
0 0.0113188
0 0.0113652
0 0.0114116
0 0.011458
0 0.0115044
0 0.0115508
0 0.0115972
0 0.0116436
0 0.01169
0 0.0117364
0 0.0117828
0 0.0118292
0 0.0118756
0 0.011922
0 0.0119684
0 0.0120148
0 0.0120612
0 0.0121076
0 0.012154
0 0.0122004
0 0.0122469
0 0.0122933
0 0.0123397
0 0.0123861
0 0.0124325
0 0.0124789
0 0.0125253
0 0.0125717
0 0.0126181
0 0.0126645
0 0.0127109
0 0.0127573
0 0.0128037
0 0.012894
0 0.012997
0 0.0130999
0 0.0132029
0 0.0133058
0 0.0134088
0 0.0135117
0 0.0136147
0 0.0137176
0 0.0138206
0 0.0139235
0 0.0140265
0 0.0141294
0 0.0142323
0 0.0143353
0 0.0144382
0 0.0145412
0 0.0146441
0 0.0147471
0 0.01485
0 0.014953
0 0.0150559
0 0.0151589
0 0.0152618
0 0.0153648
0 0.0154677
0 0.0155707
0 0.0156736
0 0.0157766
0 0.0158795
0 0.0159825
0 0.0160854
0 0.0161884
0 0.0162913
0 0.0163943
0 0.0164972
0 0.0166001
0 0.0167031
0 0.0168071
0 0.016911
0 0.017015
0 0.017119
0 0.017223
0 0.017327
0 0.0174309
0 0.0175349
0 0.0176389
0 0.0177429
0 0.0178468
0 0.0179508
0 0.0180548
0 0.0181588
0 0.0182627
0 0.0183667
0 0.0184707
0 0.0185747
0 0.0186786
0 0.0187826
0 0.0188866
0 0.0189906
0 0.0190945
0 0.0191985
0 0.0193025
0 0.0194065
0 0.0195104
0 0.0196144
0 0.0197184
0 0.0198224
0 0.0199264
0 0.0200303
0 0.0201343
0 0.0202383
0 0.0203423
0 0.0204462
0 0.0205502
0 0.0206542
0 0.0207582
0 0.0208621
0 0.0209661
0 0.0210701
0 0.0211741
0 0.021278
0 0.021382
0 0.021486
0 0.02159
0 0.0216939
0 0.0217979
0 0.0219019
0 0.0220059
0 0.0221098
0 0.0222138
0 0.0223178
0 0.0224218
0 0.0225258
0 0.0226297
0 0.0227337
0 0.0228377
0 0.0229417
0 0.0230456
0 0.0231496
0 0.0232536
0 0.0233576
0 0.0234615
0 0.0235655
0 0.0236695
0 0.0237735
0 0.0238774
0 0.0239814
0 0.0240854
0 0.0241894
0 0.0242933
0 0.0243973
0 0.0245013
0 0.0246053
0 0.0247092
0 0.0248132
0 0.0249172
0 0.0248191
0 0.0247209
0 0.0246228
0 0.0245247
0 0.0244266
0 0.0243284
0 0.0242303
0 0.0241322
0 0.024065
0 0.024013
0 0.023961
0 0.0239089
0 0.0238569
0 0.0238049
0 0.0237528
0 0.0237008
0 0.0236488
0 0.0235967
0 0.0235447
0 0.0234927
0 0.0234406
0 0.0233886
0 0.0233366
0 0.0232845
0 0.0232325
0 0.0231805
0 0.0231284
0 0.0230764
0 0.0230243
0 0.0229723
0 0.0229203
0 0.0228682
0 0.0228162
0 0.0227642
0 0.0227121
0 0.0226601
0 0.0226081
0 0.022556
0 0.022504
0 0.022452
0 0.0223999
0 0.0223479
0 0.0222959
0 0.0222438
0 0.0221918
0 0.0221397
0 0.0220877
0 0.0220357
0 0.0219836
0 0.0219316
0 0.0218796
0 0.0218275
0 0.0217755
0 0.0217235
0 0.0216714
0 0.0216194
0 0.0215674
0 0.0215153
0 0.0214633
0 0.0214113
0 0.0213592
0 0.0212954
0 0.0212144
0 0.0211451
0 0.0210758
0 0.0210064
0 0.0209371
0 0.0208678
0 0.0207985
0 0.0207292
0 0.0206599
0 0.0205906
0 0.0205213
0 0.0204519
0 0.0203826
0 0.0203133
0 0.020244
0 0.0201747
0 0.0201054
0 0.0200361
0 0.0199668
0 0.0198974
0 0.0198281
0 0.0197588
0 0.0196895
0 0.0196202
0 0.0195509
0 0.0194816
0 0.0194123
0 0.019343
0 0.0192736
0 0.0192043
0 0.019135
0 0.0190657
0 0.0189964
0 0.0189271
0 0.0188578
0 0.0187885
0 0.0187191
0 0.0186498
0 0.0185805
0 0.0185112
0 0.0184419
0 0.0183726
0 0.0183033
0 0.018234
0 0.0181646
0 0.0180953
0 0.018026
0 0.0179567
0 0.0178874
0 0.0178181
0 0.0177488
0 0.0176795
0 0.0176101
0 0.0175408
0 0.0174715
0 0.0174022
0 0.0173329
0 0.0172636
0 0.0171943
0 0.017125
0 0.0170557
0 0.0169863
0 0.016917
0 0.0168477
0 0.0167784
0 0.0167091
0 0.0166398
0 0.0165705
0 0.0165012
0 0.0164318
0 0.0163625
0 0.0162932
0 0.0162239
0 0.0161546
0 0.0160853
0 0.016016
0 0.0159467
0 0.0158773
0 0.015808
0 0.0157387
0 0.0156694
0 0.0156001
0 0.0155308
0 0.0154615
0 0.0153922
0 0.0153229
0 0.0152535
0 0.0151842
0 0.0151149
0 0.0150456
0 0.0149763
0 0.014907
0 0.0148377
0 0.0147684
0 0.014699
0 0.0146297
0 0.0145604
0 0.0144911
0 0.0144183
0 0.0143312
0 0.0142441
0 0.014157
0 0.0140699
0 0.0139828
0 0.0138958
0 0.0138087
0 0.0137216
0 0.0136345
0 0.0135474
0 0.0134603
0 0.0133732
0 0.0132861
0 0.013199
0 0.0131241
0 0.0130568
0 0.0129896
0 0.0129224
0 0.0128551
0 0.0127879
0 0.0127206
0 0.0126534
0 0.0125861
0 0.0125189
0 0.0124517
0 0.0123844
0 0.0123172
0 0.0122499
0 0.0121827
0 0.0121155
0 0.0120482
0 0.011981
0 0.0119137
0 0.0118465
0 0.0117792
0 0.011712
0 0.0116448
0 0.0115775
0 0.0115103
0 0.011443
0 0.0113758
0 0.0113085
0 0.0112413
0 0.0111741
0 0.0111068
0 0.0110396
0 0.0109723
0 0.0109051
0 0.0108379
0 0.0107706
0 0.0107034
0 0.0106361
0 0.0105689
0 0.0105016
0 0.0104344
0 0.0103672
0 0.0102999
0 0.0102327
0 0.0101654
0 0.0100982
0 0.010031
0 0.00996371
0 0.00989647
0 0.00982923
0 0.00976198
0 0.00969474
0 0.0096275
0 0.00956026
0 0.00949302
0 0.00942577
0 0.00935853
0 0.00929129
0 0.00922405
0 0.00915681
0 0.00908956
0 0.00902232
0 0.00895508
0 0.00888784
0 0.0088206
0 0.00875335
0 0.00868611
0 0.00861887
0 0.00855163
0 0.00848439
0 0.00841714
0 0.0083499
0 0.00828266
0 0.00821542
0 0.00814818
0 0.00808094
0 0.00801369
0 0.00794645
0 0.00787921
0 0.00781197
0 0.00774473
0 0.00767748
0 0.00761024
0 0.007543
0 0.00747576
0 0.00740852
0 0.00734127
0 0.00727403
0 0.00720679
0 0.00713955
0 0.00707231
0 0.00700506
0 0.00693782
0 0.00687058
0 0.00680334
0 0.0067361
0 0.00666885
0 0.00660161
0 0.00653437
0 0.00646713
0 0.00639989
0 0.00633264
0 0.0062654
0 0.00619816
0 0.00613092
0 0.00606368
0 0.00599643
0 0.00592919
0 0.00586195
0 0.00579471
0 0.00572747
0 0.00566023
0 0.00559298
0 0.00552574
0 0.0054585
0 0.00539126
0 0.00532402
0 0.00525677
0 0.00518953
0 0.00512229
0 0.00505505
0 0.00498781
0 0.00492056
0 0.00485332
0 0.00478608
0 0.00471884
0 0.0046516
0 0.00458435
0 0.00451711
0 0.00444987
0 0.00438263
0 0.00431539
0 0.00424814
0 0.0041809
0 0.00411366
0 0.00404642
0 0.00397918
0 0.00391193
0 0.00384469
0 0.00377745
0 0.00371021
0 0.00364297
0 0.00357572
0 0.00350848
0 0.00344124
0 0.003374
0 0.00330676
0 0.00323952
0 0.00317227
0 0.00310503
0 0.00303779
0 0.00297055
0 0.00290331
0 0.00283606
0 0.00276882
0 0.00270158
0 0.00263434
0 0.0025671
0 0.00249985
0 0.00243261
0 0.00236537
0 0.00229813
0 0.00223089
0 0.00216364
0 0.0020964
0 0.00202916
0 0.00196192
0 0.00189468
0 0.00182743
0 0.00176019
0 0.00169295
0 0.00162571
0 0.00155847
0 0.00149122
0 0.00142398
0 0.00135674
0 0.0012895
0 0.00122226
0 0.00115501
0 0.00108777
0 0.00102053
0 0.000953289
0 0.000886047
0 0.000818805
0 0.000751563
0 0.000684321
0 0.000617079
0 0.000549837
0 0.000482595
0 0.000415353
0 0.000348111
0 0.000280869
0 0.000213627
0 0.000146386
0 7.91436e-05
0 1.19017e-05
-0.00540976 -8.59461e-06
-0.0130615 -9.71779e-06
-0.0207133 -1.0841e-05
-0.028365 -1.19642e-05
-0.0360168 -1.30873e-05
-0.0436686 -1.42105e-05
-0.0513203 -1.53337e-05
-0.0589721 -1.64569e-05
-0.0666239 -1.75801e-05
-0.0742756 -1.87033e-05
-0.0819274 -1.98264e-05
-0.0895791 -2.09496e-05
-0.0972309 -2.20728e-05
-0.104883 -2.3196e-05
-0.112534 -2.43192e-05
-0.120186 -2.54424e-05
-0.127838 -2.65655e-05
-0.13549 -2.76887e-05
-0.143141 -2.88119e-05
-0.150793 -2.99351e-05
-0.158445 -3.10583e-05
-0.166097 -3.21815e-05
-0.173749 -3.33046e-05
-0.1814 -3.44278e-05
-0.189052 -3.5551e-05
-0.196704 -3.66742e-05
-0.204356 -3.77974e-05
-0.212007 -3.89206e-05
-0.219659 -4.00437e-05
-0.226698 -4.1077e-05
-0.227341 -4.11713e-05
-0.227983 -4.12656e-05
-0.228626 -4.13599e-05
-0.229268 -4.14543e-05
-0.229911 -4.15486e-05
-0.230553 -4.16429e-05
-0.231196 -4.17372e-05
-0.231838 -4.18315e-05
-0.232481 -4.19258e-05
-0.233123 -4.20201e-05
-0.233766 -4.21144e-05
-0.234408 -4.22088e-05
-0.235051 -4.23031e-05
-0.235693 -4.23974e-05
-0.236336 -4.24917e-05
-0.236978 -4.2586e-05
-0.237621 -4.26803e-05
-0.238263 -4.27746e-05
-0.238906 -4.28689e-05
-0.239548 -4.29633e-05
-0.240191 -4.30576e-05
-0.240833 -4.31519e-05
-0.241476 -4.32462e-05
-0.242118 -4.33405e-05
-0.242761 -4.34348e-05
-0.243404 -4.35291e-05
-0.244046 -4.36234e-05
-0.244689 -4.37178e-05
-0.245331 -4.38121e-05
-0.245974 -4.39064e-05
-0.246616 -4.40007e-05
-0.247259 -4.4095e-05
-0.247901 -4.41893e-05
-0.248544 -4.42836e-05
-0.249186 -4.43779e-05
-0.249829 -4.44723e-05
-0.250471 -4.45666e-05
-0.251114 -4.46609e-05
-0.251756 -4.47552e-05
-0.252399 -4.48495e-05
-0.253041 -4.49438e-05
-0.253684 -4.50381e-05
-0.254326 -4.51324e-05
-0.254969 -4.52268e-05
-0.255611 -4.53211e-05
-0.256254 -4.54154e-05
-0.256896 -4.55097e-05
-0.257539 -4.5604e-05
-0.258181 -4.56983e-05
-0.258824 -4.57926e-05
-0.259466 -4.58869e-05
-0.260109 -4.59813e-05
-0.260751 -4.60756e-05
-0.261394 -4.61699e-05
-0.262036 -4.62642e-05
-0.262679 -4.63585e-05
-0.263321 -4.64528e-05
-0.263964 -4.65471e-05
-0.264606 -4.66414e-05
-0.265249 -4.67358e-05
-0.265891 -4.68301e-05
-0.266534 -4.69244e-05
-0.267176 -4.70187e-05
-0.267819 -4.7113e-05
-0.268461 -4.72073e-05
-0.269104 -4.73016e-05
-0.269746 -4.73959e-05
-0.270389 -4.74902e-05
-0.271031 -4.75846e-05
-0.271674 -4.76789e-05
-0.272316 -4.77732e-05
-0.272959 -4.78675e-05
-0.273601 -4.79618e-05
-0.274244 -4.80561e-05
-0.274886 -4.81504e-05
-0.275529 -4.82447e-05
-0.276171 -4.83391e-05
-0.276814 -4.84334e-05
-0.277456 -4.85277e-05
-0.236742 -4.25839e-05
-0.196027 -3.66401e-05
-0.155312 -3.06964e-05
-0.114597 -2.47526e-05
-0.0738821 -1.88088e-05
-0.0331672 -1.2865e-05
0 1.62312e-06
0 5.36582e-05
0 0.000105693
0 0.000157728
0 0.000209764
0 0.000261799
0 0.000313834
0 0.000365869
0 0.000417904
0 0.000469939
0 0.000521974
0 0.000574009
0 0.000626044
0 0.000678079
0 0.000730115
0 0.00078215
0 0.000834185
0 0.00088622
0 0.000938255
0 0.00099029
0 0.00104233
0 0.00109436
0 0.0011464
0 0.00119843
0 0.00125047
0 0.0013025
0 0.00135454
0 0.00140657
0 0.00145861
0 0.00151064
0 0.00156268
0 0.00161471
0 0.00166675
0 0.00171878
0 0.00177082
0 0.00182285
0 0.00187489
0 0.00192692
0 0.00197896
0 0.00203099
0 0.00208303
0 0.00213506
0 0.0021871
0 0.00223913
0 0.00229117
0 0.0023432
0 0.00239524
0 0.00244727
0 0.00249931
0 0.00255134
0 0.00260338
0 0.00265541
0 0.00270745
0 0.00275948
0 0.00281152
0 0.00286355
0 0.00291482
0 0.00293485
0 0.00297749
0 0.00302387
0 0.00307025
0 0.00311662
0 0.003163
0 0.00320938
0 0.00325575
0 0.00330213
0 0.00334851
0 0.00339488
0 0.00344126
0 0.00348764
0 0.00353401
0 0.00358039
0 0.00362677
0 0.00367314
0 0.00371952
0 0.0037659
0 0.00381227
0 0.00385865
0 0.00390503
0 0.0039514
0 0.00399778
0 0.00404416
0 0.00409053
0 0.00413691
0 0.00418329
0 0.00422966
0 0.00427604
0 0.00432242
0 0.00436879
0 0.00441517
0 0.00446155
0 0.00450792
0 0.0045543
0 0.00460068
0 0.00464705
0 0.00469343
0 0.00473981
0 0.00478618
0 0.00483256
0 0.00487894
0 0.00492531
0 0.00497169
0 0.00501807
0 0.00506444
0 0.00511082
0 0.0051572
0 0.00520357
0 0.00524995
0 0.00529633
0 0.0053427
0 0.00538908
0 0.00543546
0 0.00548183
0 0.00552821
0 0.00557459
0 0.00562096
0 0.00566734
0 0.00571372
0 0.00576009
0 0.00580647
0 0.00585285
0 0.00589922
0 0.0059456
0 0.00599198
0 0.00603835
0 0.00608473
0 0.00613111
0 0.00617748
0 0.00622386
0 0.00627024
0 0.00631661
0 0.00636299
0 0.00640937
0 0.00645574
0 0.00650212
0 0.0065485
0 0.00659487
0 0.00664125
0 0.00668763
0 0.006734
0 0.00678038
0 0.00682676
0 0.00687313
0 0.00691951
0 0.00696589
0 0.00701226
0 0.00705864
0 0.00710502
0 0.00715139
0 0.00719777
0 0.00724415
0 0.00729052
0 0.0073369
0 0.00738328
0 0.00742965
0 0.00747603
0 0.00752241
0 0.00756878
0 0.00761516
0 0.00766154
0 0.00770792
0 0.00775429
0 0.00780067
0 0.00784705
0 0.00789342
0 0.0079398
0 0.00798618
0 0.00803255
0 0.00807893
0 0.00812531
0 0.00817168
0 0.00821806
0 0.00826444
0 0.00831081
0 0.00835719
0 0.00840226
0 0.00842705
0 0.00845183
0 0.00847661
0 0.0085014
0 0.00852618
0 0.00855096
0 0.00857575
0 0.00860053
0 0.00862531
0 0.0086501
0 0.00867488
0 0.00869966
0 0.00872445
0 0.00874923
0 0.00877401
0 0.0087988
0 0.00882358
0 0.00884836
0 0.00887315
0 0.00889793
0 0.00892271
0 0.00894749
0 0.00897228
0 0.00900077
0 0.00904772
0 0.00909468
0 0.00914163
0 0.00918858
0 0.00923553
0 0.00928249
0 0.00932944
0 0.00937639
0 0.00942334
0 0.0094703
0 0.00951725
0 0.0095642
0 0.00961115
0 0.00965811
0 0.00970506
0 0.00975201
0 0.00979896
0 0.00984591
0 0.00989287
0 0.00993982
0 0.00998677
0 0.0100337
0 0.0100807
0 0.0101276
0 0.0101746
0 0.0102215
0 0.0102685
0 0.0103154
0 0.0103624
0 0.0104093
0 0.0104563
0 0.0105032
0 0.0105502
0 0.0105972
0 0.0106441
0 0.0106911
0 0.010738
0 0.010785
0 0.0108319
0 0.0108789
0 0.0109258
0 0.0109728
0 0.0110197
0 0.0110667
0 0.0111136
0 0.0111606
0 0.0112075
0 0.0112545
0 0.0113014
0 0.0113484
0 0.0113953
0 0.0114423
0 0.0114892
0 0.0115362
0 0.0115832
0 0.0116301
0 0.0116771
0 0.011724
0 0.011771
0 0.0118179
0 0.0118649
0 0.0119118
0 0.0119588
0 0.0120057
0 0.0120527
0 0.0120996
0 0.0121466
0 0.0121935
0 0.0122405
0 0.0122874
0 0.0123344
0 0.0123813
0 0.0124283
0 0.0124752
0 0.0125222
0 0.0125692
0 0.0126161
0 0.0126631
0 0.01271
0 0.012757
0 0.0128039
0 0.0128509
0 0.0128978
0 0.0129448
0 0.0129917
0 0.0130387
0 0.0130856
0 0.0131326
0 0.0131795
0 0.0132265
0 0.0132734
0 0.0133204
0 0.0133673
0 0.0134143
0 0.0134612
0 0.0135082
0 0.0135552
0 0.0136021
0 0.0136491
0 0.013696
0 0.013743
0 0.0137899
0 0.0138369
0 0.0138838
0 0.0139308
0 0.0139777
0 0.0140247
0 0.0140716
0 0.0141186
0 0.0141655
0 0.0142125
0 0.0142594
0 0.0143064
0 0.0143533
0 0.0144003
0 0.0144472
0 0.0144942
0 0.0145412
0 0.0145881
0 0.0146351
0 0.014682
0 0.014729
0 0.0147759
0 0.0148229
0 0.0148698
0 0.0149168
0 0.0149637
0 0.0150107
0 0.0150576
0 0.0151046
0 0.0151515
0 0.0151985
0 0.0152454
0 0.0152924
0 0.0153393
0 0.0153863
0 0.0154332
0 0.0154802
0 0.0155272
0 0.0155741
0 0.0156211
0 0.015668
0 0.015715
0 0.0157619
0 0.0158089
0 0.0158558
0 0.0159028
0 0.0159497
0 0.0159967
0 0.0160436
0 0.0160906
0 0.0161375
0 0.0161845
0 0.0162314
0 0.0162784
0 0.0163253
0 0.0163723
0 0.0164192
0 0.0164662
0 0.0165131
0 0.0165601
0 0.0166071
0 0.016654
0 0.016701
0 0.0167479
0 0.0167949
0 0.0168418
0 0.0168888
0 0.0169357
0 0.0169827
0 0.0170296
0 0.0170766
0 0.0171235
0 0.0171705
0 0.0172174
0 0.0172644
0 0.0173113
0 0.0173583
0 0.0174052
0 0.0174522
0 0.0174991
0 0.0175461
0 0.0175931
0 0.01764
0 0.017687
0 0.0177339
0 0.0177809
0 0.0178278
0 0.0178748
0 0.0179217
0 0.0179687
0 0.0180156
0 0.0180626
0 0.0181095
0 0.0181565
0 0.0182034
0 0.0182504
0 0.0182973
0 0.0183443
0 0.0183912
0 0.0184382
0 0.0184851
0 0.0185321
0 0.0185791
0 0.018626
0 0.018673
0 0.0187199
0 0.0187669
0 0.0188138
0 0.0188608
0 0.0189077
0 0.0189547
0 0.0190016
0 0.0190486
0 0.0190955
0 0.0191425
0 0.0191894
0 0.0192364
0 0.0192833
0 0.019347
0 0.0194503
0 0.0195537
0 0.019657
0 0.0197603
0 0.0198636
0 0.0199669
0 0.0200703
0 0.0201736
0 0.0202769
0 0.0203802
0 0.0204835
0 0.0205868
0 0.0206902
0 0.0207935
0 0.0208968
0 0.0210001
0 0.0211034
0 0.0212068
0 0.0213101
0 0.0214134
0 0.0215167
0 0.02162
0 0.0217234
0 0.0218267
0 0.02193
0 0.0220333
0 0.0221366
0 0.0222399
0 0.0223433
0 0.0224466
0 0.0225499
0 0.0226532
0 0.0227565
0 0.0228599
0 0.0229632
0 0.0230665
0 0.0231698
0 0.0232731
0 0.0233764
0 0.0234798
0 0.0235831
0 0.0236864
0 0.0237897
0 0.023893
0 0.0239964
0 0.0240997
0 0.024203
0 0.0243063
0 0.0244096
0 0.0245129
0 0.0246163
0 0.0247196
0 0.0248229
0 0.0249263
0 0.0248282
0 0.02473
0 0.0246319
0 0.0245338
0 0.0244356
0 0.0243375
0 0.0242481
0 0.0241961
0 0.024144
0 0.024092
0 0.02404
0 0.0239879
0 0.0239359
0 0.0238839
0 0.0238318
0 0.0237798
0 0.0237278
0 0.0236757
0 0.0236237
0 0.0235717
0 0.0235196
0 0.0234676
0 0.0234156
0 0.0233635
0 0.0233115
0 0.0232594
0 0.0232074
0 0.0231554
0 0.0231033
0 0.0230513
0 0.0229993
0 0.0229472
0 0.0228952
0 0.0228432
0 0.0227911
0 0.0227391
0 0.0226871
0 0.022635
0 0.022583
0 0.022531
0 0.0224789
0 0.0224269
0 0.0223748
0 0.0223228
0 0.0222708
0 0.0222187
0 0.0221667
0 0.0221147
0 0.0220626
0 0.0220106
0 0.0219586
0 0.0219065
0 0.0218545
0 0.0218025
0 0.0217504
0 0.0216984
0 0.0216464
0 0.0215943
0 0.0215423
0 0.0214903
0 0.0214382
0 0.0213862
0 0.0213335
0 0.0212494
0 0.0211879
0 0.0211303
0 0.0210726
0 0.0210149
0 0.0209572
0 0.0208996
0 0.0208419
0 0.0207842
0 0.0207265
0 0.0206689
0 0.0206112
0 0.0205535
0 0.0204958
0 0.0204382
0 0.0203805
0 0.0203228
0 0.0202651
0 0.0202075
0 0.0201498
0 0.0200921
0 0.0200344
0 0.0199767
0 0.0199191
0 0.0198614
0 0.0198037
0 0.019746
0 0.0196884
0 0.0196307
0 0.019573
0 0.0195153
0 0.0194577
0 0.0194
0 0.0193423
0 0.0192846
0 0.019227
0 0.0191693
0 0.0191116
0 0.0190539
0 0.0189963
0 0.0189386
0 0.0188809
0 0.0188232
0 0.0187655
0 0.0187079
0 0.0186502
0 0.0185925
0 0.0185348
0 0.0184772
0 0.0184195
0 0.0183618
0 0.0183041
0 0.0182465
0 0.0181888
0 0.0181311
0 0.0180734
0 0.0180158
0 0.0179581
0 0.0179004
0 0.0178427
0 0.0177851
0 0.0177274
0 0.0176697
0 0.017612
0 0.0175543
0 0.0174967
0 0.017439
0 0.0173813
0 0.0173236
0 0.017266
0 0.0172083
0 0.0171506
0 0.0170929
0 0.0170353
0 0.0169776
0 0.0169199
0 0.0168622
0 0.0168046
0 0.0167469
0 0.0166892
0 0.0166315
0 0.0165739
0 0.0165162
0 0.0164585
0 0.0164008
0 0.0163432
0 0.0162855
0 0.0162278
0 0.0161701
0 0.0161124
0 0.0160548
0 0.0159971
0 0.0159394
0 0.0158817
0 0.0158241
0 0.0157664
0 0.0157087
0 0.015651
0 0.0155934
0 0.0155357
0 0.015478
0 0.0154203
0 0.0153627
0 0.015305
0 0.0152473
0 0.0151896
0 0.015132
0 0.0150743
0 0.0150166
0 0.0149589
0 0.0149012
0 0.0148436
0 0.0147859
0 0.0147282
0 0.0146705
0 0.0146129
0 0.0145552
0 0.0144975
0 0.0144391
0 0.0143599
0 0.0142806
0 0.0142013
0 0.014122
0 0.0140428
0 0.0139635
0 0.0138842
0 0.0138049
0 0.0137257
0 0.0136464
0 0.0135671
0 0.0134878
0 0.0134086
0 0.0133293
0 0.01325
0 0.0131707
0 0.0130915
0 0.0130122
0 0.0129329
0 0.0128537
0 0.0127744
0 0.0126951
0 0.0126158
0 0.0125394
0 0.0124823
0 0.0124252
0 0.0123681
0 0.012311
0 0.0122539
0 0.0121968
0 0.0121397
0 0.0120826
0 0.0120254
0 0.0119683
0 0.0119112
0 0.0118541
0 0.011797
0 0.0117399
0 0.0116828
0 0.0116257
0 0.0115686
0 0.0115115
0 0.0114544
0 0.0113973
0 0.0113402
0 0.0112831
0 0.011226
0 0.0111689
0 0.0111118
0 0.0110547
0 0.0109976
0 0.0109405
0 0.0108834
0 0.0108263
0 0.0107692
0 0.0107121
0 0.010655
0 0.0105979
0 0.0105408
0 0.0104837
0 0.0104266
0 0.0103695
0 0.0103124
0 0.0102553
0 0.0101982
0 0.0101411
0 0.010084
0 0.0100269
0 0.00996976
0 0.00991266
0 0.00985556
0 0.00979846
0 0.00974136
0 0.00968425
0 0.00962715
0 0.00957005
0 0.00951295
0 0.00945584
0 0.00939874
0 0.00934164
0 0.00928454
0 0.00922743
0 0.00917033
0 0.00911323
0 0.00905613
0 0.00899902
0 0.00894192
0 0.00888482
0 0.00882772
0 0.00877062
0 0.00871351
0 0.00865641
0 0.00859931
0 0.00854221
0 0.0084851
0 0.008428
0 0.0083709
0 0.0083138
0 0.00825669
0 0.00819959
0 0.00814249
0 0.00808539
0 0.00802828
0 0.00797118
0 0.00791408
0 0.00785698
0 0.00779988
0 0.00774277
0 0.00768567
0 0.00762857
0 0.00757147
0 0.00751436
0 0.00745726
0 0.00740016
0 0.00734306
0 0.00728595
0 0.00722885
0 0.00717175
0 0.00711465
0 0.00705755
0 0.00700044
0 0.00694334
0 0.00688624
0 0.00682914
0 0.00677203
0 0.00671493
0 0.00665783
0 0.00660073
0 0.00654362
0 0.00648652
0 0.00642942
0 0.00637232
0 0.00631521
0 0.00625811
0 0.00620101
0 0.00614391
0 0.00608681
0 0.0060297
0 0.0059726
0 0.0059155
0 0.0058584
0 0.00580129
0 0.00574419
0 0.00568709
0 0.00562999
0 0.00557288
0 0.00551578
0 0.00545868
0 0.00540158
0 0.00534447
0 0.00528737
0 0.00523027
0 0.00517317
0 0.00511607
0 0.00505896
0 0.00500186
0 0.00494476
0 0.00488766
0 0.00483055
0 0.00477345
0 0.00471635
0 0.00465925
0 0.00460214
0 0.00454504
0 0.00448794
0 0.00443084
0 0.00437374
0 0.00431663
0 0.00425953
0 0.00420243
0 0.00414533
0 0.00408822
0 0.00403112
0 0.00397402
0 0.00391692
0 0.00385981
0 0.00380271
0 0.00374561
0 0.00368851
0 0.0036314
0 0.0035743
0 0.0035172
0 0.0034601
0 0.003403
0 0.00334589
0 0.00328879
0 0.00323169
0 0.00317459
0 0.00311748
0 0.00306038
0 0.00300328
0 0.00294618
0 0.00288907
0 0.00283197
0 0.00277487
0 0.00271777
0 0.00266066
0 0.00260356
0 0.00254646
0 0.00248936
0 0.00243226
0 0.00237515
0 0.00231805
0 0.00226095
0 0.00220385
0 0.00214674
0 0.00208964
0 0.00203254
0 0.00197544
0 0.00191833
0 0.00186123
0 0.00180413
0 0.00174703
0 0.00168993
0 0.00163282
0 0.00157572
0 0.00151862
0 0.00146152
0 0.00140441
0 0.00134731
0 0.00129021
0 0.00123311
0 0.001176
0 0.0011189
0 0.0010618
0 0.0010047
0 0.000947595
0 0.000890492
0 0.00083339
0 0.000776288
0 0.000719185
0 0.000662083
0 0.000604981
0 0.000547878
0 0.000490776
0 0.000433674
0 0.000376571
0 0.000319469
0 0.000262367
0 0.000205264
0 0.000148162
0 9.10596e-05
0 3.39572e-05
-0.00137365 -8.00216e-06
-0.00648543 -8.75251e-06
-0.0115972 -9.50285e-06
-0.016709 -1.02532e-05
-0.0218208 -1.10035e-05
-0.0269326 -1.17539e-05
-0.0320444 -1.25042e-05
-0.0371562 -1.32546e-05
-0.042268 -1.40049e-05
-0.0473797 -1.47553e-05
-0.0524915 -1.55056e-05
-0.0576033 -1.6256e-05
-0.0627151 -1.70063e-05
-0.0678269 -1.77567e-05
-0.0729387 -1.8507e-05
-0.0780505 -1.92574e-05
-0.0831623 -2.00077e-05
-0.0882741 -2.07581e-05
-0.0933858 -2.15084e-05
-0.0984976 -2.22588e-05
-0.103609 -2.30091e-05
-0.108721 -2.37594e-05
-0.113833 -2.45098e-05
-0.118945 -2.52601e-05
-0.124057 -2.60105e-05
-0.129168 -2.67608e-05
-0.13428 -2.75112e-05
-0.139392 -2.82615e-05
-0.144504 -2.90119e-05
-0.149616 -2.97622e-05
-0.154727 -3.05126e-05
-0.159839 -3.12629e-05
-0.164951 -3.20133e-05
-0.170063 -3.27636e-05
-0.175174 -3.3514e-05
-0.180286 -3.42643e-05
-0.185398 -3.50147e-05
-0.19051 -3.5765e-05
-0.195622 -3.65153e-05
-0.200733 -3.72657e-05
-0.205845 -3.8016e-05
-0.210957 -3.87664e-05
-0.216069 -3.95167e-05
-0.221181 -4.02671e-05
-0.226292 -4.10174e-05
-0.231404 -4.17678e-05
-0.236516 -4.25181e-05
-0.241628 -4.32685e-05
-0.24674 -4.40188e-05
-0.251851 -4.47692e-05
-0.256963 -4.55195e-05
-0.262075 -4.62699e-05
-0.267187 -4.70202e-05
-0.272298 -4.77705e-05
-0.27741 -4.85209e-05
-0.236695 -4.25771e-05
-0.19598 -3.66333e-05
-0.155265 -3.06895e-05
-0.11455 -2.47457e-05
-0.0738355 -1.8802e-05
-0.0331207 -1.28582e-05
0 1.68265e-06
0 5.37177e-05
0 0.000105753
0 0.000157788
0 0.000209823
0 0.000261858
0 0.000313893
0 0.000365928
0 0.000417963
0 0.000469999
0 0.000522034
0 0.000574069
0 0.000626104
0 0.000678139
0 0.000730174
0 0.000782209
0 0.000834244
0 0.000886279
0 0.000938314
0 0.00099035
0 0.00104238
0 0.00109442
0 0.00114645
0 0.00119849
0 0.00125053
0 0.00130256
0 0.0013546
0 0.00140663
0 0.00145867
0 0.0015107
0 0.00156274
0 0.00161477
0 0.00166681
0 0.00171884
0 0.00177088
0 0.00182291
0 0.00187495
0 0.00192698
0 0.00197902
0 0.00203105
0 0.00208309
0 0.00213512
0 0.00218716
0 0.00223919
0 0.00229123
0 0.00234326
0 0.0023953
0 0.00244733
0 0.00249937
0 0.0025514
0 0.00260344
0 0.00265547
0 0.00270751
0 0.00275954
0 0.00281158
0 0.00286361
0 0.00291492
0 0.00293495
0 0.00297757
0 0.00302395
0 0.00307034
0 0.00311673
0 0.00316312
0 0.0032095
0 0.00325589
0 0.00330228
0 0.00334866
0 0.00339505
0 0.00344144
0 0.00348782
0 0.00353421
0 0.0035806
0 0.00362699
0 0.00367337
0 0.00371976
0 0.00376615
0 0.00381253
0 0.00385892
0 0.00390531
0 0.0039517
0 0.00399808
0 0.00404447
0 0.00409086
0 0.00413724
0 0.00418363
0 0.00423002
0 0.00427641
0 0.00432279
0 0.00436918
0 0.00441557
0 0.00446195
0 0.00450834
0 0.00455473
0 0.00460112
0 0.0046475
0 0.00469389
0 0.00474028
0 0.00478666
0 0.00483305
0 0.00487944
0 0.00492583
0 0.00497221
0 0.0050186
0 0.00506499
0 0.00511137
0 0.00515776
0 0.00520415
0 0.00525053
0 0.00529692
0 0.00534331
0 0.0053897
0 0.00543608
0 0.00548247
0 0.00552886
0 0.00557524
0 0.00562163
0 0.00566802
0 0.00571441
0 0.00576079
0 0.00580718
0 0.00585357
0 0.00589995
0 0.00594634
0 0.00599273
0 0.00603912
0 0.0060855
0 0.00613189
0 0.00617828
0 0.00622466
0 0.00627105
0 0.00631744
0 0.00636383
0 0.00641021
0 0.0064566
0 0.00650299
0 0.00654937
0 0.00659576
0 0.00664215
0 0.00668854
0 0.00673492
0 0.00678131
0 0.0068277
0 0.00687408
0 0.00692047
0 0.00696686
0 0.00701324
0 0.00705963
0 0.00710602
0 0.00715241
0 0.00719879
0 0.00724518
0 0.00729157
0 0.00733795
0 0.00738434
0 0.00743073
0 0.00747712
0 0.0075235
0 0.00756989
0 0.00761628
0 0.00766266
0 0.00770905
0 0.00775544
0 0.00780183
0 0.00784821
0 0.0078946
0 0.00794099
0 0.00798737
0 0.00803376
0 0.00808015
0 0.00812654
0 0.00817292
0 0.00821931
0 0.0082657
0 0.00831208
0 0.00835847
0 0.00840404
0 0.00842883
0 0.00845362
0 0.00847841
0 0.0085032
0 0.00852799
0 0.00855278
0 0.00857757
0 0.00860237
0 0.00862716
0 0.00865195
0 0.00867674
0 0.00870153
0 0.00872632
0 0.00875111
0 0.0087759
0 0.00880069
0 0.00882548
0 0.00885027
0 0.00887507
0 0.00889986
0 0.00892465
0 0.00894944
0 0.00897423
0 0.00900199
0 0.00904895
0 0.00909592
0 0.00914288
0 0.00918984
0 0.0092368
0 0.00928376
0 0.00933072
0 0.00937768
0 0.00942465
0 0.00947161
0 0.00951857
0 0.00956553
0 0.00961249
0 0.00965945
0 0.00970642
0 0.00975338
0 0.00980034
0 0.0098473
0 0.00989426
0 0.00994122
0 0.00998819
0 0.0100351
0 0.0100821
0 0.0101291
0 0.010176
0 0.010223
0 0.01027
0 0.0103169
0 0.0103639
0 0.0104108
0 0.0104578
0 0.0105048
0 0.0105517
0 0.0105987
0 0.0106456
