-0.188291 -2.76793e-05
-0.183928 -2.70423e-05
-0.0950329 -1.4065e-05
-0.00389661 -7.60384e-07
0.156383 7.63671e-05
0.105473 0.000181111
0.0523789 8.98465e-05
-0.00477599 -8.85215e-07
-0.0961883 -1.42318e-05
-0.183841 -2.70296e-05
-0.0960891 -1.42191e-05
-0.00475359 -8.85405e-07
0.0523815 8.98509e-05
0.105473 0.000181111
0.0545525 0.000285878
0.0362284 0.000189789
0.0180196 9.43045e-05
-0.00479238 -8.87609e-07
-0.0961024 -1.42193e-05
-0.183841 -2.70296e-05
-0.0960986 -1.42204e-05
-0.00475515 -8.85633e-07
0.0180178 9.4295e-05
0.0362798 0.000190059
0.0545419 0.000285823
0.0362797 0.000190058
0.0180174 9.42931e-05
-0.00477859 -8.85595e-07
-0.0961007 -1.42191e-05
-0.183841 -2.70296e-05
-0.179065 -2.63324e-05
-0.175114 -2.57556e-05
-0.13358 -1.96921e-05
-0.0920447 -1.36286e-05
-0.0505099 -7.56516e-06
-0.00475515 -8.85633e-07
0.0180178 9.4295e-05
0.0362798 0.000190059
0.0545419 0.000285823
0.00366875 0.000390569
0 0.000489265
0 0.00039096
0 0.000292832
0 0.000194705
0 9.65787e-05
-0.00493912 -9.09033e-07
-0.0505124 -7.56294e-06
-0.0920465 -1.36271e-05
-0.133581 -1.96913e-05
-0.175092 -2.57522e-05
-0.133558 -1.96888e-05
-0.0920339 -1.36269e-05
-0.0505049 -7.56425e-06
-0.00491101 -9.08217e-07
0 9.65822e-05
0 0.000194708
0 0.000292833
0 0.000390959
0 0.000489082
0 0.000390955
0 0.000292829
0 0.000194703
0 9.65762e-05
-0.0049483 -9.10374e-07
-0.0505068 -7.56213e-06
-0.0920352 -1.36255e-05
-0.133564 -1.96888e-05
-0.175091 -2.5752e-05
-0.133557 -1.96887e-05
-0.0920333 -1.36268e-05
-0.0505046 -7.56421e-06
-0.0049199 -9.09515e-07
0 9.65797e-05
0 0.000194705
0 0.000292831
0 0.000390956
0 0.000489082
0 0.000390955
0 0.000292829
0 0.000194703
0 9.65762e-05
-0.0049483 -9.10374e-07
-0.0505065 -7.56208e-06
-0.0920346 -1.36254e-05
-0.133563 -1.96887e-05
-0.175091 -2.5752e-05
-0.212202 -3.1222e-05
-0.253154 -3.73047e-05
-0.293772 -4.33564e-05
-0.334377 -4.94249e-05
-0.374967 -5.55101e-05
-0.415542 -6.16121e-05
-0.456102 -6.77312e-05
-0.496647 -7.38673e-05
-0.455932 -6.79236e-05
-0.415217 -6.19798e-05
-0.374503 -5.6036e-05
-0.333788 -5.00922e-05
-0.293073 -4.41484e-05
-0.252358 -3.82047e-05
-0.211643 -3.22609e-05
-0.170928 -2.63171e-05
-0.130213 -2.03733e-05
-0.0894984 -1.44296e-05
-0.0487835 -8.48578e-06
-0.000659999 -1.46045e-06
0 9.65797e-05
0 0.000194705
0 0.000292831
0 0.000390956
0 0.000489082
0 0.000587117
0 0.000685135
0 0.000783137
0 0.000881122
0 0.00097909
0 0.00107704
0 0.00117498
0 0.00107685
0 0.000978722
0 0.000880596
0 0.000782469
0 0.000684343
0 0.000586217
0 0.00048809
0 0.000389964
0 0.000291837
0 0.000193711
0 9.55844e-05
-0.00451727 -1.95787e-06
-0.0488303 -8.43284e-06
-0.0895409 -1.43814e-05
-0.130252 -2.033e-05
-0.170962 -2.62786e-05
-0.211673 -3.22272e-05
-0.252383 -3.81758e-05
-0.293094 -4.41244e-05
-0.333805 -5.0073e-05
-0.374515 -5.60216e-05
-0.415226 -6.19702e-05
-0.455937 -6.79187e-05
-0.496647 -7.38673e-05
-0.455932 -6.79236e-05
-0.415217 -6.19798e-05
-0.374503 -5.6036e-05
-0.333788 -5.00922e-05
-0.293073 -4.41484e-05
-0.252358 -3.82047e-05
-0.211643 -3.22609e-05
-0.170928 -2.63171e-05
-0.130213 -2.03733e-05
-0.0894984 -1.44296e-05
-0.0487835 -8.48578e-06
-0.00406737 -1.95787e-06
0 9.56374e-05
0 0.000193759
0 0.000291881
0 0.000390002
0 0.000488124
0 0.000586245
0 0.000684367
0 0.000782489
0 0.00088061
0 0.000978732
0 0.00107685
0 0.00117498
0 0.00107685
0 0.000978722
0 0.000880596
0 0.000782469
0 0.000684343
0 0.000586217
0 0.00048809
0 0.000389964
0 0.000291837
0 0.000193711
0 9.55844e-05
-0.00451727 -1.95787e-06
-0.0488303 -8.43284e-06
-0.0895409 -1.43814e-05
-0.130252 -2.033e-05
-0.170962 -2.62786e-05
-0.211673 -3.22272e-05
-0.252383 -3.81758e-05
-0.293094 -4.41244e-05
-0.333805 -5.0073e-05
-0.374515 -5.60216e-05
-0.415226 -6.19702e-05
-0.455937 -6.79187e-05
-0.496647 -7.38673e-05
-0.455932 -6.79236e-05
-0.415217 -6.19798e-05
-0.374503 -5.6036e-05
-0.333788 -5.00922e-05
-0.293073 -4.41484e-05
-0.252358 -3.82047e-05
-0.211643 -3.22609e-05
-0.170928 -2.63171e-05
-0.130213 -2.03733e-05
-0.0894984 -1.44296e-05
-0.0487835 -8.48578e-06
-0.00406737 -1.95787e-06
0 9.56374e-05
0 0.000193759
0 0.000291881
0 0.000390002
0 0.000488124
0 0.000586245
0 0.000684367
0 0.000782489
0 0.00088061
0 0.000978732
0 0.00107685
0 0.00117498
0 0.00107685
0 0.000978722
0 0.000880596
0 0.000782469
0 0.000684343
0 0.000586217
0 0.00048809
0 0.000389964
0 0.000291837
0 0.000193711
0 9.55844e-05
-0.00451727 -1.95787e-06
-0.0488303 -8.43284e-06
-0.0895409 -1.43814e-05
-0.130252 -2.033e-05
-0.170962 -2.62786e-05
-0.211673 -3.22272e-05
-0.252383 -3.81758e-05
-0.293094 -4.41244e-05
-0.333805 -5.0073e-05
-0.374515 -5.60216e-05
-0.415226 -6.19702e-05
-0.455937 -6.79187e-05
-0.496647 -7.38673e-05
-0.537177 -8.00208e-05
-0.577691 -8.61917e-05
-0.61819 -9.23802e-05
-0.658673 -9.85864e-05
-0.69914 -0.000104811
-0.739591 -0.000111053
-0.780027 -0.000117313
-0.820446 -0.000123592
-0.779731 -0.000117648
-0.739016 -0.000111704
-0.698301 -0.00010576
-0.657586 -9.98167e-05
-0.616871 -9.38729e-05
-0.576156 -8.79292e-05
-0.535441 -8.19854e-05
-0.494727 -7.60416e-05
-0.454012 -7.00978e-05
-0.413297 -6.4154e-05
-0.372582 -5.82103e-05
-0.331867 -5.22665e-05
-0.291152 -4.63227e-05
-0.250437 -4.03789e-05
-0.209722 -3.44351e-05
-0.169008 -2.84914e-05
-0.128293 -2.25476e-05
-0.0875778 -1.66038e-05
-0.0468629 -1.066e-05
0 -3.11134e-06
0 9.61324e-05
0 0.000194128
0 0.000292107
0 0.000390097
0 0.000488143
0 0.000586246
0 0.000684367
0 0.000782489
0 0.00088061
0 0.000978732
0 0.00107685
0 0.00117498
0 0.00127289
0 0.00137079
0 0.00146867
0 0.00156654
0 0.00166438
0 0.00176221
0 0.00186002
0 0.00195781
0 0.00185969
0 0.00176156
0 0.00166343
0 0.00156531
0 0.00146718
0 0.00136905
0 0.00127093
0 0.0011728
0 0.00107467
0 0.000976548
0 0.000878422
0 0.000780295
0 0.000682169
0 0.000584042
0 0.000485916
0 0.000387789
0 0.000289663
0 0.000191537
0 9.34102e-05
-0.00433377 -4.15586e-06
-0.047082 -1.0412e-05
-0.0877854 -1.63688e-05
-0.128489 -2.23256e-05
-0.169192 -2.82825e-05
-0.209895 -3.42393e-05
-0.250599 -4.01961e-05
-0.291302 -4.6153e-05
-0.332005 -5.21098e-05
-0.372709 -5.80666e-05
-0.413412 -6.40235e-05
-0.454116 -6.99803e-05
-0.494819 -7.59371e-05
-0.535522 -8.1894e-05
-0.576226 -8.78508e-05
-0.616929 -9.38076e-05
-0.657632 -9.97645e-05
-0.698336 -0.000105721
-0.739039 -0.000111678
-0.779742 -0.000117635
-0.820446 -0.000123592
-0.779731 -0.000117648
-0.739016 -0.000111704
-0.698301 -0.00010576
-0.657586 -9.98167e-05
-0.616871 -9.38729e-05
-0.576156 -8.79292e-05
-0.535441 -8.19854e-05
-0.494727 -7.60416e-05
-0.454012 -7.00978e-05
-0.413297 -6.4154e-05
-0.372582 -5.82103e-05
-0.331867 -5.22665e-05
-0.291152 -4.63227e-05
-0.250437 -4.03789e-05
-0.209722 -3.44351e-05
-0.169008 -2.84914e-05
-0.128293 -2.25476e-05
-0.0875778 -1.66038e-05
-0.0468629 -1.066e-05
-0.00230928 -4.15586e-06
0 9.36582e-05
0 0.000191772
0 0.000289885
0 0.000387998
0 0.000486112
0 0.000584225
0 0.000682338
0 0.000780452
0 0.000878565
0 0.000976679
0 0.00107479
0 0.00117291
0 0.00127102
0 0.00136913
0 0.00146725
0 0.00156536
0 0.00166347
0 0.00176159
0 0.0018597
0 0.00195781
0 0.00185969
0 0.00176156
0 0.00166343
0 0.00156531
0 0.00146718
0 0.00136905
0 0.00127093
0 0.0011728
0 0.00107467
0 0.000976548
0 0.000878422
0 0.000780295
0 0.000682169
0 0.000584042
0 0.000485916
0 0.000387789
0 0.000289663
0 0.000191537
0 9.34102e-05
-0.00433377 -4.15586e-06
-0.047082 -1.0412e-05
-0.0877854 -1.63688e-05
-0.128489 -2.23256e-05
-0.169192 -2.82825e-05
-0.209895 -3.42393e-05
-0.250599 -4.01961e-05
-0.291302 -4.6153e-05
-0.332005 -5.21098e-05
-0.372709 -5.80666e-05
-0.413412 -6.40235e-05
-0.454116 -6.99803e-05
-0.494819 -7.59371e-05
-0.535522 -8.1894e-05
-0.576226 -8.78508e-05
-0.616929 -9.38076e-05
-0.657632 -9.97645e-05
-0.698336 -0.000105721
-0.739039 -0.000111678
-0.779742 -0.000117635
-0.820446 -0.000123592
-0.779731 -0.000117648
-0.739016 -0.000111704
-0.698301 -0.00010576
-0.657586 -9.98167e-05
-0.616871 -9.38729e-05
-0.576156 -8.79292e-05
-0.535441 -8.19854e-05
-0.494727 -7.60416e-05
-0.454012 -7.00978e-05
-0.413297 -6.4154e-05
-0.372582 -5.82103e-05
-0.331867 -5.22665e-05
-0.291152 -4.63227e-05
-0.250437 -4.03789e-05
-0.209722 -3.44351e-05
-0.169008 -2.84914e-05
-0.128293 -2.25476e-05
-0.0875778 -1.66038e-05
-0.0468629 -1.066e-05
-0.00230928 -4.15586e-06
0 9.36582e-05
0 0.000191772
0 0.000289885
0 0.000387998
0 0.000486112
0 0.000584225
0 0.000682338
0 0.000780452
0 0.000878565
0 0.000976679
0 0.00107479
0 0.00117291
0 0.00127102
0 0.00136913
0 0.00146725
0 0.00156536
0 0.00166347
0 0.00176159
0 0.0018597
0 0.00195781
0 0.00185969
0 0.00176156
0 0.00166343
0 0.00156531
0 0.00146718
0 0.00136905
0 0.00127093
0 0.0011728
0 0.00107467
0 0.000976548
0 0.000878422
0 0.000780295
0 0.000682169
0 0.000584042
0 0.000485916
0 0.000387789
0 0.000289663
0 0.000191537
0 9.34102e-05
-0.00433377 -4.15586e-06
-0.047082 -1.0412e-05
-0.0877854 -1.63688e-05
-0.128489 -2.23256e-05
-0.169192 -2.82825e-05
-0.209895 -3.42393e-05
-0.250599 -4.01961e-05
-0.291302 -4.6153e-05
-0.332005 -5.21098e-05
-0.372709 -5.80666e-05
-0.413412 -6.40235e-05
-0.454116 -6.99803e-05
-0.494819 -7.59371e-05
-0.535522 -8.1894e-05
-0.576226 -8.78508e-05
-0.616929 -9.38076e-05
-0.657632 -9.97645e-05
-0.698336 -0.000105721
-0.739039 -0.000111678
-0.779742 -0.000117635
-0.820446 -0.000123592
-0.860848 -0.000129889
-0.901234 -0.000136205
-0.941604 -0.00014254
-0.981957 -0.000148894
-1.02229 -0.000155267
-1.06261 -0.000161659
-1.10291 -0.000168071
-1.1432 -0.000174503
-1.18346 -0.000180954
-1.22371 -0.000187426
-1.183 -0.000181482
-1.14228 -0.000175538
-1.10157 -0.000169595
-1.06085 -0.000163651
-1.02014 -0.000157707
-0.979422 -0.000151763
-0.938707 -0.00014582
-0.897992 -0.000139876
-0.857277 -0.000133932
-0.816562 -0.000127988
-0.775847 -0.000122044
-0.735132 -0.000116101
-0.694417 -0.000110157
-0.653703 -0.000104213
-0.612988 -9.82694e-05
-0.572273 -9.23256e-05
-0.531558 -8.63818e-05
-0.490843 -8.0438e-05
-0.450128 -7.44943e-05
-0.409413 -6.85505e-05
-0.368698 -6.26067e-05
-0.327983 -5.66629e-05
-0.287269 -5.07191e-05
-0.246554 -4.47754e-05
-0.205839 -3.88316e-05
-0.165124 -3.28878e-05
-0.124409 -2.6944e-05
-0.0836942 -2.10003e-05
-0.0429793 -1.50565e-05
0 -4.45512e-06
0 9.36582e-05
0 0.000191772
0 0.000289885
0 0.000387998
0 0.000486112
0 0.000584225
0 0.000682338
0 0.000780452
0 0.000878565
0 0.000976679
0 0.00107479
0 0.00117291
0 0.00127102
0 0.00136913
0 0.00146725
0 0.00156536
0 0.00166347
0 0.00176159
0 0.0018597
0 0.00195781
0 0.00205559
0 0.00215334
0 0.00225107
0 0.00234879
0 0.00244649
0 0.00254417
0 0.00264182
0 0.00273946
0 0.00283708
0 0.00293468
0 0.00283655
0 0.00273843
0 0.0026403
0 0.00254217
0 0.00244405
0 0.00234592
0 0.00224779
0 0.00214967
0 0.00205154
0 0.00195342
0 0.00185529
0 0.00175716
0 0.00165904
0 0.00156091
0 0.00146278
0 0.00136466
0 0.00126653
0 0.0011684
0 0.00107028
0 0.000972151
0 0.000874025
0 0.000775899
0 0.000677772
0 0.000579646
0 0.000481519
0 0.000383393
0 0.000285267
0 0.00018714
0 8.90137e-05
-0.00210075 -8.10889e-06
-0.0437199 -1.42181e-05
-0.0844092 -2.01908e-05
-0.125099 -2.61634e-05
-0.165788 -3.21361e-05
-0.206477 -3.81088e-05
-0.247167 -4.40815e-05
-0.287856 -5.00542e-05
-0.328545 -5.60269e-05
-0.369235 -6.19996e-05
-0.409924 -6.79723e-05
-0.450613 -7.3945e-05
-0.491303 -7.99176e-05
-0.531992 -8.58903e-05
-0.572681 -9.1863e-05
-0.613371 -9.78357e-05
-0.65406 -0.000103808
-0.694749 -0.000109781
-0.735439 -0.000115754
-0.776128 -0.000121726
-0.816817 -0.000127699
-0.857507 -0.000133672
-0.898196 -0.000139645
-0.938885 -0.000145617
-0.979575 -0.00015159
-1.02026 -0.000157563
-1.06095 -0.000163535
-1.10164 -0.000169508
-1.14233 -0.000175481
-1.18302 -0.000181453
-1.22371 -0.000187426
-1.183 -0.000181482
-1.14228 -0.000175538
-1.10157 -0.000169595
-1.06085 -0.000163651
-1.02014 -0.000157707
-0.979422 -0.000151763
-0.938707 -0.00014582
-0.897992 -0.000139876
-0.857277 -0.000133932
-0.816562 -0.000127988
-0.775847 -0.000122044
-0.735132 -0.000116101
-0.694417 -0.000110157
-0.653703 -0.000104213
-0.612988 -9.82694e-05
-0.572273 -9.23256e-05
-0.531558 -8.63818e-05
-0.490843 -8.0438e-05
-0.450128 -7.44943e-05
-0.409413 -6.85505e-05
-0.368698 -6.26067e-05
-0.327983 -5.66629e-05
-0.287269 -5.07191e-05
-0.246554 -4.47754e-05
-0.205839 -3.88316e-05
-0.165124 -3.28878e-05
-0.124409 -2.6944e-05
-0.0836942 -2.10003e-05
-0.0429793 -1.50565e-05
-0.00105038 -8.10889e-06
0 8.98521e-05
0 0.00018795
0 0.000286047
0 0.000384145
0 0.000482242
0 0.00058034
0 0.000678437
0 0.000776535
0 0.000874632
0 0.00097273
0 0.00107083
0 0.00116892
0 0.00126702
0 0.00136512
0 0.00146322
0 0.00156131
0 0.00165941
0 0.00175751
0 0.00185561
0 0.0019537
0 0.0020518
0 0.0021499
0 0.002248
0 0.00234609
0 0.00244419
0 0.00254229
0 0.00264039
0 0.00273848
0 0.00283658
0 0.00293468
0 0.00283655
0 0.00273843
0 0.0026403
0 0.00254217
0 0.00244405
0 0.00234592
0 0.00224779
0 0.00214967
0 0.00205154
0 0.00195342
0 0.00185529
0 0.00175716
0 0.00165904
0 0.00156091
0 0.00146278
0 0.00136466
0 0.00126653
0 0.0011684
0 0.00107028
0 0.000972151
0 0.000874025
0 0.000775899
0 0.000677772
0 0.000579646
0 0.000481519
0 0.000383393
0 0.000285267
0 0.00018714
0 8.90137e-05
-0.00210075 -8.10889e-06
-0.0437199 -1.42181e-05
-0.0844092 -2.01908e-05
-0.125099 -2.61634e-05
-0.165788 -3.21361e-05
-0.206477 -3.81088e-05
-0.247167 -4.40815e-05
-0.287856 -5.00542e-05
-0.328545 -5.60269e-05
-0.369235 -6.19996e-05
-0.409924 -6.79723e-05
-0.450613 -7.3945e-05
-0.491303 -7.99176e-05
-0.531992 -8.58903e-05
-0.572681 -9.1863e-05
-0.613371 -9.78357e-05
-0.65406 -0.000103808
-0.694749 -0.000109781
-0.735439 -0.000115754
-0.776128 -0.000121726
-0.816817 -0.000127699
-0.857507 -0.000133672
-0.898196 -0.000139645
-0.938885 -0.000145617
-0.979575 -0.00015159
-1.02026 -0.000157563
-1.06095 -0.000163535
-1.10164 -0.000169508
-1.14233 -0.000175481
-1.18302 -0.000181453
-1.22371 -0.000187426
-1.183 -0.000181482
-1.14228 -0.000175538
-1.10157 -0.000169595
-1.06085 -0.000163651
-1.02014 -0.000157707
-0.979422 -0.000151763
-0.938707 -0.00014582
-0.897992 -0.000139876
-0.857277 -0.000133932
-0.816562 -0.000127988
-0.775847 -0.000122044
-0.735132 -0.000116101
-0.694417 -0.000110157
-0.653703 -0.000104213
-0.612988 -9.82694e-05
-0.572273 -9.23256e-05
-0.531558 -8.63818e-05
-0.490843 -8.0438e-05
-0.450128 -7.44943e-05
-0.409413 -6.85505e-05
-0.368698 -6.26067e-05
-0.327983 -5.66629e-05
-0.287269 -5.07191e-05
-0.246554 -4.47754e-05
-0.205839 -3.88316e-05
-0.165124 -3.28878e-05
-0.124409 -2.6944e-05
-0.0836942 -2.10003e-05
-0.0429793 -1.50565e-05
-0.00105038 -8.10889e-06
0 8.98521e-05
0 0.00018795
0 0.000286047
0 0.000384145
0 0.000482242
0 0.00058034
0 0.000678437
0 0.000776535
0 0.000874632
0 0.00097273
0 0.00107083
0 0.00116892
0 0.00126702
0 0.00136512
0 0.00146322
0 0.00156131
0 0.00165941
0 0.00175751
0 0.00185561
0 0.0019537
0 0.0020518
0 0.0021499
0 0.002248
0 0.00234609
0 0.00244419
0 0.00254229
0 0.00264039
0 0.00273848
0 0.00283658
0 0.00293468
0 0.00283655
0 0.00273843
0 0.0026403
0 0.00254217
0 0.00244405
0 0.00234592
0 0.00224779
0 0.00214967
0 0.00205154
0 0.00195342
0 0.00185529
0 0.00175716
0 0.00165904
0 0.00156091
0 0.00146278
0 0.00136466
0 0.00126653
0 0.0011684
0 0.00107028
0 0.000972151
0 0.000874025
0 0.000775899
0 0.000677772
0 0.000579646
0 0.000481519
0 0.000383393
0 0.000285267
0 0.00018714
0 8.90137e-05
-0.00210075 -8.10889e-06
-0.0437199 -1.42181e-05
-0.0844092 -2.01908e-05
-0.125099 -2.61634e-05
-0.165788 -3.21361e-05
-0.206477 -3.81088e-05
-0.247167 -4.40815e-05
-0.287856 -5.00542e-05
-0.328545 -5.60269e-05
-0.369235 -6.19996e-05
-0.409924 -6.79723e-05
-0.450613 -7.3945e-05
-0.491303 -7.99176e-05
-0.531992 -8.58903e-05
-0.572681 -9.1863e-05
-0.613371 -9.78357e-05
-0.65406 -0.000103808
-0.694749 -0.000109781
-0.735439 -0.000115754
-0.776128 -0.000121726
-0.816817 -0.000127699
-0.857507 -0.000133672
-0.898196 -0.000139645
-0.938885 -0.000145617
-0.979575 -0.00015159
-1.02026 -0.000157563
-1.06095 -0.000163535
-1.10164 -0.000169508
-1.14233 -0.000175481
-1.18302 -0.000181453
-1.22371 -0.000187426
-1.26394 -0.000193918
-1.30415 -0.000200431
-1.34435 -0.000206964
-1.36893 -0.00021097
-1.36954 -0.00021107
-1.37014 -0.000211169
-1.37074 -0.000211267
-1.37135 -0.000211366
-1.37195 -0.000211464
-1.37255 -0.000211562
-1.33184 -0.000205619
-1.29112 -0.000199675
-1.25041 -0.000193731
-1.20969 -0.000187787
-1.16898 -0.000181844
-1.12826 -0.0001759
-1.08755 -0.000169956
-1.04683 -0.000164012
-1.00612 -0.000158068
-0.965405 -0.000152125
-0.92469 -0.000146181
-0.883975 -0.000140237
-0.84326 -0.000134293
-0.802545 -0.00012835
-0.76183 -0.000122406
-0.721115 -0.000116462
-0.680401 -0.000110518
-0.639686 -0.000104574
-0.598971 -9.86307e-05
-0.558256 -9.26869e-05
-0.517541 -8.67431e-05
-0.476826 -8.07993e-05
-0.436111 -7.48555e-05
-0.395396 -6.89118e-05
-0.354681 -6.2968e-05
-0.313967 -5.70242e-05
-0.273252 -5.10804e-05
-0.232537 -4.51366e-05
-0.191822 -3.91929e-05
-0.151107 -3.32491e-05
-0.110392 -2.73053e-05
-0.0696773 -2.13615e-05
-0.0289624 -1.54178e-05
0 3.83043e-06
0 5.58655e-05
0 0.000107901
0 0.000159936
0 0.000211971
0 0.000264006
0 0.000316041
0 0.000368076
0 0.000420111
0 0.000472146
0 0.000524181
0 0.000576217
0 0.000628252
0 0.000716053
0 0.000814151
0 0.000912248
0 0.00101035
0 0.00110844
0 0.00120654
0 0.00130464
0 0.00140274
0 0.00150083
0 0.00159893
0 0.00169703
0 0.00179513
0 0.00189322
0 0.00199132
0 0.00208942
0 0.00218752
0 0.00228561
0 0.00238371
0 0.00248181
0 0.00257991
0 0.002678
0 0.0027761
0 0.0028742
0 0.0029723
0 0.00307039
0 0.00316849
0 0.00326659
0 0.00336938
0 0.00347336
0 0.00357734
0 0.00368132
0 0.0037853
0 0.00388928
0 0.00399326
0 0.00389514
0 0.00379701
0 0.00369889
0 0.00360076
0 0.00350263
0 0.00340451
0 0.00330638
0 0.00320825
0 0.00311013
0 0.003012
0 0.00291387
0 0.00281575
0 0.00271762
0 0.00261949
0 0.00252137
0 0.00242324
0 0.00232512
0 0.00222699
0 0.00212886
0 0.00203074
0 0.00193261
0 0.00183448
0 0.00173636
0 0.00163823
0 0.0015401
0 0.00144198
0 0.00134425
0 0.00128889
0 0.00123686
0 0.00118482
0 0.00113279
0 0.00108075
0 0.00102872
0 0.000976683
0 0.000924647
0 0.000872612
0 0.000820577
0 0.000768542
0 0.000716507
0 0.000664472
0 0.000612437
0 0.000560402
0 0.000508367
0 0.000456332
0 0.000404297
0 0.000352261
0 0.000300226
0 0.000248191
0 0.000196156
0 0.000144121
0 9.20859e-05
0 4.00508e-05
-0.00170333 -1.0056e-05
-0.0423861 -1.60361e-05
-0.0830689 -2.20163e-05
-0.123752 -2.79964e-05
-0.164434 -3.39765e-05
-0.205117 -3.99566e-05
-0.2458 -4.59367e-05
-0.286483 -5.19168e-05
-0.327166 -5.7897e-05
-0.367848 -6.38771e-05
-0.408531 -6.98572e-05
-0.449214 -7.58373e-05
-0.489897 -8.18174e-05
-0.53058 -8.77975e-05
-0.571262 -9.37776e-05
-0.611945 -9.97578e-05
-0.652628 -0.000105738
-0.693311 -0.000111718
-0.733993 -0.000117698
-0.774676 -0.000123678
-0.815359 -0.000129658
-0.856042 -0.000135638
-0.896725 -0.000141619
-0.937407 -0.000147599
-0.97809 -0.000153579
-1.01877 -0.000159559
-1.05946 -0.000165539
-1.08378 -0.000169114
-1.04306 -0.000163171
-1.00235 -0.000157227
-0.961634 -0.000151283
-0.920919 -0.000145339
-0.880204 -0.000139395
-0.839489 -0.000133452
-0.798774 -0.000127508
-0.758059 -0.000121564
-0.717344 -0.00011562
-0.67663 -0.000109677
-0.635915 -0.000103733
-0.5952 -9.7789e-05
-0.554485 -9.18452e-05
-0.51377 -8.59014e-05
-0.473055 -7.99576e-05
-0.43234 -7.40138e-05
-0.391625 -6.80701e-05
-0.35091 -6.21263e-05
-0.310196 -5.61825e-05
-0.269481 -5.02387e-05
-0.228766 -4.4295e-05
-0.188051 -3.83512e-05
-0.147336 -3.24074e-05
-0.106621 -2.64636e-05
-0.0659063 -2.05198e-05
-0.0251914 -1.45761e-05
0 8.94106e-06
0 6.09762e-05
0 0.000113011
0 0.000165046
0 0.000217081
0 0.000269117
0 0.000321152
0 0.000373187
0 0.000425222
0 0.000477257
0 0.000529292
0 0.000581327
0 0.000633362
0 0.000685397
0 0.000737432
0 0.000789468
0 0.000841503
0 0.000893538
0 0.000945573
0 0.000997608
0 0.00104964
0 0.00110168
0 0.00115371
0 0.00120575
0 0.00125778
0 0.00130982
0 0.00136185
0 0.00144513
0 0.00154323
0 0.00164133
0 0.00173942
0 0.00183752
0 0.00193562
0 0.00203372
0 0.00213181
0 0.00222991
0 0.00232801
0 0.00242611
0 0.0025242
0 0.0026223
0 0.0027204
0 0.0028185
0 0.00291659
0 0.00301469
0 0.00311279
0 0.00321089
0 0.00330898
0 0.00340708
0 0.00350518
0 0.00360328
0 0.00370137
0 0.00379947
0 0.00389757
0 0.00399581
0 0.00389768
0 0.00379956
0 0.00370143
0 0.0036033
0 0.00350518
0 0.00340705
0 0.00330893
0 0.0032108
0 0.00311267
0 0.00301455
0 0.00291642
0 0.00281829
0 0.00272017
0 0.00262204
0 0.00252391
0 0.00242579
0 0.00232766
0 0.00222953
0 0.00213141
0 0.00203328
0 0.00193516
0 0.00183703
0 0.0017389
0 0.00164078
0 0.00154265
0 0.00144452
0 0.00136311
0 0.00131107
0 0.00125904
0 0.001207
0 0.00115497
0 0.00110293
0 0.0010509
0 0.000998863
0 0.000946828
0 0.000894793
0 0.000842758
0 0.000790723
0 0.000738687
0 0.000686652
0 0.000634617
0 0.000582582
0 0.000530547
0 0.000478512
0 0.000426477
0 0.000374442
0 0.000322407
0 0.000270372
0 0.000218336
0 0.000166301
0 0.000114266
0 6.22312e-05
0 1.01961e-05
-0.0250447 -1.34871e-05
-0.0657275 -1.94672e-05
-0.10641 -2.54473e-05
-0.147093 -3.14274e-05
-0.187776 -3.74075e-05
-0.228459 -4.33876e-05
-0.269141 -4.93678e-05
-0.309824 -5.53479e-05
-0.350507 -6.1328e-05
-0.39119 -6.73081e-05
-0.431873 -7.32882e-05
-0.472555 -7.92683e-05
-0.513238 -8.52485e-05
-0.553921 -9.12286e-05
-0.594604 -9.72087e-05
-0.635286 -0.000103189
-0.675969 -0.000109169
-0.716652 -0.000115149
-0.757335 -0.000121129
-0.798018 -0.000127109
-0.8387 -0.000133089
-0.879383 -0.000139069
-0.920066 -0.00014505
-0.960749 -0.00015103
-1.00143 -0.00015701
-1.04211 -0.00016299
-1.08274 -0.000168961
-1.04202 -0.000163018
-1.00131 -0.000157074
-0.960594 -0.00015113
-0.919879 -0.000145186
-0.879164 -0.000139243
-0.838449 -0.000133299
-0.797734 -0.000127355
-0.757019 -0.000121411
-0.716304 -0.000115467
-0.675589 -0.000109524
-0.634874 -0.00010358
-0.59416 -9.76361e-05
-0.553445 -9.16923e-05
-0.51273 -8.57485e-05
-0.472015 -7.98047e-05
-0.4313 -7.38609e-05
-0.390585 -6.79172e-05
-0.34987 -6.19734e-05
-0.309155 -5.60296e-05
-0.268441 -5.00858e-05
-0.227726 -4.41421e-05
-0.187011 -3.81983e-05
-0.146296 -3.22545e-05
-0.105581 -2.63107e-05
-0.0648662 -2.03669e-05
-0.0241513 -1.44232e-05
0 1.02715e-05
0 6.23066e-05
0 0.000114342
0 0.000166377
0 0.000218412
0 0.000270447
0 0.000322482
0 0.000374517
0 0.000426552
0 0.000478587
0 0.000530622
0 0.000582658
0 0.000634693
0 0.000686728
0 0.000738763
0 0.000790798
0 0.000842833
0 0.000894868
0 0.000946903
0 0.000998938
0 0.00105097
0 0.00110301
0 0.00115504
0 0.00120708
0 0.00125911
0 0.00131115
0 0.00136318
0 0.00144528
0 0.00154338
0 0.00164148
0 0.00173958
0 0.00183767
0 0.00193577
0 0.00203387
0 0.00213197
0 0.00223006
0 0.00232816
0 0.00242626
0 0.00252436
0 0.00262245
0 0.00272055
0 0.00281865
0 0.00291675
0 0.00301484
0 0.00311294
0 0.00321104
0 0.00330914
0 0.00340723
0 0.00350533
0 0.00360343
0 0.00370153
0 0.00379962
0 0.00389772
0 0.00399582
0 0.00389769
0 0.00379957
0 0.00370144
0 0.00360331
0 0.00350519
0 0.00340706
0 0.00330893
0 0.00321081
0 0.00311268
0 0.00301456
0 0.00291643
0 0.0028183
0 0.00272018
0 0.00262205
0 0.00252392
0 0.0024258
0 0.00232767
0 0.00222954
0 0.00213142
0 0.00203329
0 0.00193516
0 0.00183704
0 0.00173891
0 0.00164079
0 0.00154266
0 0.00144453
0 0.00136319
0 0.00131115
0 0.00125912
0 0.00120708
0 0.00115505
0 0.00110301
0 0.00105098
0 0.000998943
0 0.000946908
0 0.000894873
0 0.000842838
0 0.000790802
0 0.000738767
0 0.000686732
0 0.000634697
0 0.000582662
0 0.000530627
0 0.000478592
0 0.000426557
0 0.000374522
0 0.000322487
0 0.000270451
0 0.000218416
0 0.000166381
0 0.000114346
0 6.23111e-05
0 1.0276e-05
-0.0249823 -1.34779e-05
-0.0656651 -1.9458e-05
-0.106348 -2.54381e-05
-0.147031 -3.14182e-05
-0.187713 -3.73984e-05
-0.228396 -4.33785e-05
-0.269079 -4.93586e-05
-0.309762 -5.53387e-05
-0.350445 -6.13188e-05
-0.391127 -6.72989e-05
-0.43181 -7.3279e-05
-0.472493 -7.92592e-05
-0.513176 -8.52393e-05
-0.553858 -9.12194e-05
-0.594541 -9.71995e-05
-0.635224 -0.00010318
-0.675907 -0.00010916
-0.71659 -0.00011514
-0.757272 -0.00012112
-0.797955 -0.0001271
-0.838638 -0.00013308
-0.879321 -0.00013906
-0.920004 -0.00014504
-0.960686 -0.000151021
-1.00137 -0.000157001
-1.04205 -0.000162981
-1.08273 -0.000168961
-1.08334 -0.00016905
-1.08395 -0.000169139
-1.08456 -0.000169229
-1.08516 -0.000169318
-1.08577 -0.000169407
-1.08638 -0.000169496
-1.08698 -0.000169585
-1.08759 -0.000169675
-1.0882 -0.000169764
-1.0888 -0.000169853
-1.08941 -0.000169942
-1.09002 -0.000170032
-1.09063 -0.000170121
-1.09123 -0.00017021
-1.09184 -0.000170299
-1.09245 -0.000170388
-1.09305 -0.000170478
-1.09366 -0.000170567
-1.09427 -0.000170656
-1.09487 -0.000170745
-1.05416 -0.000164802
-1.01344 -0.000158858
-0.97273 -0.000152914
-0.932015 -0.00014697
-0.8913 -0.000141026
-0.850585 -0.000135083
-0.80987 -0.000129139
-0.769155 -0.000123195
-0.72844 -0.000117251
-0.687726 -0.000111308
-0.647011 -0.000105364
-0.606296 -9.942e-05
-0.565581 -9.34762e-05
-0.524866 -8.75324e-05
-0.484151 -8.15887e-05
-0.443436 -7.56449e-05
-0.402721 -6.97011e-05
-0.362006 -6.37573e-05
-0.321292 -5.78136e-05
-0.280577 -5.18698e-05
-0.239862 -4.5926e-05
-0.199147 -3.99822e-05
-0.158432 -3.40384e-05
-0.117717 -2.80947e-05
-0.0770023 -2.21509e-05
-0.0362874 -1.62071e-05
0 -8.86672e-06
0 4.8209e-05
0 9.89861e-05
0 0.000150857
0 0.000202889
0 0.000254924
0 0.000306959
0 0.000358994
0 0.00041103
0 0.000463065
0 0.0005151
0 0.000567135
0 0.00061917
0 0.000671205
0 0.00072324
0 0.000775275
0 0.00082731
0 0.000879345
0 0.000931381
0 0.000983416
0 0.00103545
0 0.00108749
0 0.00113952
0 0.00119156
0 0.00124359
0 0.00129563
0 0.00134766
0 0.0013997
0 0.00145173
0 0.00150377
0 0.0015558
0 0.00160784
0 0.00165987
0 0.00171191
0 0.00176394
0 0.00181598
0 0.00186801
0 0.00192005
0 0.00197208
0 0.00202412
0 0.00207615
0 0.00212819
0 0.00218022
0 0.00223226
0 0.00228429
0 0.00233633
0 0.00238836
0 0.0024404
0 0.00249243
0 0.00251984
0 0.00254672
0 0.00257361
0 0.0026005
0 0.00262739
0 0.00265427
0 0.00268116
0 0.00270805
0 0.00273494
0 0.00276183
0 0.00278871
0 0.0028156
0 0.00290105
0 0.00299891
0 0.00309678
0 0.00319464
0 0.00329251
0 0.00339037
0 0.00348824
0 0.0035861
0 0.00368397
0 0.00378184
0 0.0038797
0 0.00397757
0 0.0040804
0 0.00418438
0 0.00428836
0 0.00439234
0 0.00449631
0 0.00460029
0 0.00470427
0 0.00480825
0 0.00491222
0 0.0050162
0 0.00512018
0 0.00522416
0 0.00532813
0 0.00543211
0 0.00553609
0 0.00564006
0 0.00574404
0 0.00584802
0 0.005952
0 0.00605597
0 0.00615995
0 0.00606183
0 0.0059637
0 0.00586557
0 0.00576745
0 0.00566932
0 0.00557119
0 0.00547307
0 0.00537494
0 0.00527681
0 0.00517869
0 0.00508056
0 0.00498243
0 0.00489383
0 0.00484179
0 0.00478976
0 0.00473772
0 0.00468569
0 0.00463365
0 0.00458162
0 0.00452958
0 0.00447755
0 0.00442551
0 0.00437348
0 0.00432144
0 0.00426941
0 0.00421737
0 0.00416534
0 0.0041133
0 0.00406127
0 0.00400923
0 0.0039572
0 0.00390516
0 0.00385313
0 0.00380109
0 0.00374905
0 0.00369702
0 0.00364498
0 0.00359295
0 0.00354091
0 0.00348888
0 0.00343684
0 0.00338481
0 0.00333277
0 0.00328074
0 0.0032287
0 0.00317667
0 0.00312463
0 0.0030726
0 0.00302056
0 0.00296853
0 0.00291649
0 0.00286446
0 0.00281242
0 0.00276039
0 0.00270835
0 0.00265632
0 0.00260428
0 0.00255225
0 0.00250021
0 0.00244818
0 0.00239614
0 0.00234411
0 0.00229207
0 0.00224004
0 0.002188
0 0.00213597
0 0.00208393
0 0.0020319
0 0.00197986
0 0.00192783
0 0.00187579
0 0.00182376
0 0.00177172
0 0.00171969
0 0.00166765
0 0.00161562
0 0.00156358
0 0.00151155
0 0.00145951
0 0.00140748
0 0.00135544
0 0.00130341
0 0.00125137
0 0.00119934
0 0.0011473
0 0.00109526
0 0.00104323
0 0.000971123
0 0.00089369
0 0.000816258
0 0.000738826
0 0.000661393
0 0.000583961
0 0.000506529
0 0.000429096
0 0.000351664
0 0.000274232
0 0.000196799
0 0.000119367
0 4.19345e-05
-0.0140274 -1.18676e-05
-0.0563038 -1.8082e-05
-0.0985801 -2.42963e-05
-0.140856 -3.05107e-05
-0.183133 -3.6725e-05
-0.223807 -4.27039e-05
-0.245827 -4.59407e-05
-0.267847 -4.91775e-05
-0.289867 -5.24143e-05
-0.311887 -5.56512e-05
-0.333908 -5.8888e-05
-0.355928 -6.21248e-05
-0.377948 -6.53616e-05
-0.399968 -6.85984e-05
-0.421988 -7.18353e-05
-0.444008 -7.50721e-05
-0.466028 -7.83089e-05
-0.488048 -8.15457e-05
-0.510069 -8.47826e-05
-0.514542 -8.54401e-05
-0.473827 -7.94963e-05
-0.433112 -7.35525e-05
-0.392397 -6.76087e-05
-0.351682 -6.16649e-05
-0.310967 -5.57212e-05
-0.270252 -4.97774e-05
-0.229537 -4.38336e-05
-0.188823 -3.78898e-05
-0.148108 -3.19461e-05
-0.107393 -2.60023e-05
-0.066678 -2.00585e-05
-0.0259631 -1.41147e-05
0 8.52884e-06
0 6.05639e-05
0 0.000112599
0 0.000164634
0 0.000216669
0 0.000268704
0 0.000320739
0 0.000372775
0 0.00042481
0 0.000476845
0 0.00052888
0 0.000580915
0 0.00063295
0 0.000684985
0 0.00073702
0 0.000789055
0 0.00084109
0 0.000893126
0 0.000945161
0 0.000997196
0 0.00104923
0 0.00110127
0 0.0011533
0 0.00120534
0 0.00125737
0 0.00130941
0 0.00136144
0 0.00141348
0 0.00146551
0 0.00151755
0 0.00156958
0 0.00162162
0 0.00167365
0 0.00172569
0 0.00177772
0 0.00182976
0 0.00188179
0 0.00193383
0 0.00198586
0 0.0020379
0 0.00208993
0 0.00214197
0 0.002194
0 0.00224604
0 0.00229807
0 0.00235011
0 0.00240214
0 0.00245418
0 0.00250621
0 0.00255825
0 0.00261028
0 0.00266232
0 0.00271435
0 0.00276639
0 0.00281842
0 0.00287046
0 0.00292249
0 0.00297453
0 0.00302656
0 0.0030786
0 0.00313063
0 0.00318267
0 0.0032347
0 0.00328674
0 0.00333878
0 0.00339081
0 0.00344285
0 0.00349488
0 0.00354692
0 0.00359895
0 0.00365099
0 0.00370302
0 0.00375506
0 0.00380709
0 0.00385913
0 0.0038947
0 0.00392134
0 0.00394798
0 0.00397462
0 0.00400126
0 0.0040279
0 0.00405454
0 0.00408119
0 0.00410783
0 0.00413447
0 0.00416111
0 0.00418775
0 0.00421439
0 0.00425763
0 0.0043555
0 0.00445336
0 0.00455122
0 0.00464909
0 0.00474841
0 0.00484929
0 0.00495018
0 0.00505106
0 0.00515195
0 0.00525283
0 0.00535372
0 0.0054546
0 0.00555549
0 0.00565637
0 0.00575726
0 0.00585814
0 0.00595903
0 0.00605991
0 0.00616082
0 0.0060627
0 0.00596457
0 0.00586644
0 0.00576832
0 0.00567019
0 0.00557206
0 0.00547394
0 0.00537581
0 0.00527769
0 0.00517956
0 0.00508143
0 0.00498331
0 0.00490142
0 0.00484938
0 0.00479735
0 0.00474531
0 0.00469328
0 0.00464124
0 0.00458921
0 0.00453717
0 0.00448514
0 0.0044331
0 0.00438107
0 0.00432903
0 0.004277
0 0.00422496
0 0.00417293
0 0.00412089
0 0.00406886
0 0.00401682
0 0.00396479
0 0.00391275
0 0.00386072
0 0.00380868
0 0.00375665
0 0.00370461
0 0.00365258
0 0.00360054
0 0.00354851
0 0.00349647
0 0.00344444
0 0.0033924
0 0.00334037
0 0.00328833
0 0.0032363
0 0.00318426
0 0.00313222
0 0.00308019
0 0.00302815
0 0.00297612
0 0.00292408
0 0.00287205
0 0.00282001
0 0.00276798
0 0.00271594
0 0.00266391
0 0.00261187
0 0.00255984
0 0.0025078
0 0.00245577
0 0.00240373
0 0.0023517
0 0.00229966
0 0.00224763
0 0.00219559
0 0.00214356
0 0.00209152
0 0.00203949
0 0.00198745
0 0.00193542
0 0.00188338
0 0.00183135
0 0.00177931
0 0.00172728
0 0.00167524
0 0.00162321
0 0.00157117
0 0.00151914
0 0.0014671
0 0.00141507
0 0.00136303
0 0.001311
0 0.00125896
0 0.00120693
0 0.00115489
0 0.00110286
0 0.00105082
0 0.000981917
0 0.000904482
0 0.000827048
0 0.000749613
0 0.000672178
0 0.000594743
0 0.000517308
0 0.000439873
0 0.000362438
0 0.000285004
0 0.000207569
0 0.000130134
0 5.26991e-05
-0.00815127 -1.10038e-05
-0.0504277 -1.72182e-05
-0.0927042 -2.34326e-05
-0.134981 -2.9647e-05
-0.177257 -3.58614e-05
-0.210557 -4.07562e-05
-0.232266 -4.39473e-05
-0.253975 -4.71384e-05
-0.275684 -5.03295e-05
-0.297393 -5.35206e-05
-0.319102 -5.67117e-05
-0.340811 -5.99028e-05
-0.36252 -6.30939e-05
-0.384229 -6.6285e-05
-0.405938 -6.94761e-05
-0.427647 -7.26672e-05
-0.449356 -7.58582e-05
-0.471066 -7.90493e-05
-0.492775 -8.22404e-05
-0.514482 -8.54313e-05
-0.473767 -7.94875e-05
-0.433052 -7.35437e-05
-0.392337 -6.75999e-05
-0.351622 -6.16562e-05
-0.310907 -5.57124e-05
-0.270193 -4.97686e-05
-0.229478 -4.38248e-05
-0.188763 -3.7881e-05
-0.148048 -3.19373e-05
-0.107333 -2.59935e-05
-0.0666181 -2.00497e-05
-0.0259033 -1.41059e-05
0 8.60537e-06
0 6.06405e-05
0 0.000112676
0 0.000164711
0 0.000216746
0 0.000268781
0 0.000320816
0 0.000372851
0 0.000424886
0 0.000476921
0 0.000528956
0 0.000580991
0 0.000633027
0 0.000685062
0 0.000737097
0 0.000789132
0 0.000841167
0 0.000893202
0 0.000945237
0 0.000997272
0 0.00104931
0 0.00110134
0 0.00115338
0 0.00120541
0 0.00125745
0 0.00130948
0 0.00136152
0 0.00141355
0 0.00146559
0 0.00151762
0 0.00156966
0 0.00162169
0 0.00167373
0 0.00172576
0 0.0017778
0 0.00182983
0 0.00188187
0 0.0019339
0 0.00198594
0 0.00203797
0 0.00209001
0 0.00214204
0 0.00219408
0 0.00224611
0 0.00229815
0 0.00235018
0 0.00240222
0 0.00245426
0 0.00250629
0 0.00255833
0 0.00261036
0 0.0026624
0 0.00271443
0 0.00276647
0 0.0028185
0 0.00287054
0 0.00292257
0 0.00297461
0 0.00302664
0 0.00307868
0 0.00313071
0 0.00318275
0 0.00323478
0 0.00328682
0 0.00333885
0 0.00339089
0 0.00344292
0 0.00349496
0 0.00354699
0 0.00359903
0 0.00365106
0 0.0037031
0 0.00375513
0 0.00380717
0 0.0038592
0 0.00389481
0 0.00392145
0 0.00394809
0 0.00397473
0 0.00400137
0 0.00402801
0 0.00405465
0 0.00408129
0 0.00410794
0 0.00413458
0 0.00416122
0 0.00418786
0 0.0042145
0 0.00425764
0 0.0043555
0 0.00445337
0 0.00455123
0 0.0046491
0 0.00474843
0 0.00484931
0 0.0049502
0 0.00505108
0 0.00515197
0 0.00525286
0 0.00535374
0 0.00545463
0 0.00555551
0 0.0056564
0 0.00575728
0 0.00585817
0 0.00595905
0 0.00605994
0 0.00616082
0 0.0060627
0 0.00596457
0 0.00586644
0 0.00576832
0 0.00567019
0 0.00557206
0 0.00547394
0 0.00537581
0 0.00527769
0 0.00517956
0 0.00508143
0 0.00498331
0 0.00490142
0 0.00484938
0 0.00479735
0 0.00474531
0 0.00469328
0 0.00464124
0 0.00458921
0 0.00453717
0 0.00448514
0 0.0044331
0 0.00438107
0 0.00432903
0 0.004277
0 0.00422496
0 0.00417293
0 0.00412089
0 0.00406886
0 0.00401682
0 0.00396479
0 0.00391275
0 0.00386072
0 0.00380868
0 0.00375665
0 0.00370461
0 0.00365258
0 0.00360054
0 0.00354851
0 0.00349647
0 0.00344444
0 0.0033924
0 0.00334037
0 0.00328833
0 0.0032363
0 0.00318426
0 0.00313223
0 0.00308019
0 0.00302816
0 0.00297612
0 0.00292409
0 0.00287205
0 0.00282002
0 0.00276798
0 0.00271594
0 0.00266391
0 0.00261187
0 0.00255984
0 0.0025078
0 0.00245577
0 0.00240373
0 0.0023517
0 0.00229966
0 0.00224763
0 0.00219559
0 0.00214356
0 0.00209152
0 0.00203949
0 0.00198745
0 0.00193542
0 0.00188338
0 0.00183135
0 0.00177931
0 0.00172728
0 0.00167524
0 0.00162321
0 0.00157117
0 0.00151914
0 0.0014671
0 0.00141507
0 0.00136303
0 0.001311
0 0.00125896
0 0.00120693
0 0.00115489
0 0.00110286
0 0.00105082
0 0.000981918
0 0.000904484
0 0.000827049
0 0.000749614
0 0.000672179
0 0.000594744
0 0.000517309
0 0.000439874
0 0.00036244
0 0.000285005
0 0.00020757
0 0.000130135
0 5.27002e-05
-0.00815067 -1.10038e-05
-0.0504271 -1.72181e-05
-0.0927036 -2.34325e-05
-0.13498 -2.96469e-05
-0.177257 -3.58613e-05
-0.210556 -4.0756e-05
-0.232265 -4.39471e-05
-0.253974 -4.71382e-05
-0.275683 -5.03293e-05
-0.297392 -5.35204e-05
-0.319101 -5.67115e-05
-0.34081 -5.99025e-05
-0.362519 -6.30936e-05
-0.384228 -6.62847e-05
-0.405937 -6.94758e-05
-0.427646 -7.26669e-05
-0.449355 -7.5858e-05
-0.471064 -7.90491e-05
-0.492773 -8.22402e-05
-0.514482 -8.54313e-05
-0.515114 -8.55242e-05
-0.515746 -8.56171e-05
-0.516379 -8.57101e-05
-0.517011 -8.5803e-05
-0.517643 -8.5896e-05
-0.518275 -8.59889e-05
-0.518908 -8.60818e-05
-0.51954 -8.61748e-05
-0.520172 -8.62677e-05
-0.520804 -8.63606e-05
-0.521437 -8.64536e-05
-0.522069 -8.65465e-05
-0.522701 -8.66395e-05
-0.523333 -8.67324e-05
-0.523966 -8.68253e-05
-0.524598 -8.69183e-05
-0.52523 -8.70112e-05
-0.525863 -8.71042e-05
-0.526495 -8.71971e-05
-0.527127 -8.729e-05
-0.527759 -8.7383e-05
-0.487044 -8.14392e-05
-0.44633 -7.54954e-05
-0.405615 -6.95516e-05
-0.3649 -6.36079e-05
-0.324185 -5.76641e-05
-0.28347 -5.17203e-05
-0.242755 -4.57765e-05
-0.20204 -3.98327e-05
-0.161325 -3.3889e-05
-0.12061 -2.79452e-05
-0.0798956 -2.20014e-05
-0.0391807 -1.60576e-05
0 -9.51115e-06
0 4.37792e-05
0 9.56944e-05
0 0.000147728
0 0.000199763
0 0.000251798
0 0.000303833
0 0.000355869
0 0.000407904
0 0.000459939
0 0.000511974
0 0.000564009
0 0.000616044
0 0.000668079
0 0.000720114
0 0.000772149
0 0.000824184
0 0.00087622
0 0.000928255
0 0.00098029
0 0.00103232
0 0.00108436
0 0.0011364
0 0.00118843
0 0.00124047
0 0.0012925
0 0.00134454
0 0.00139657
0 0.00144861
0 0.00150064
0 0.00155268
0 0.00160471
0 0.00165675
0 0.00170878
0 0.00176082
0 0.00181285
0 0.00186489
0 0.00191692
0 0.00196896
0 0.00202099
0 0.00207303
0 0.00212034
0 0.00216743
0 0.00221451
0 0.0022616
0 0.00230869
0 0.00235578
0 0.00240287
0 0.00244996
0 0.00249705
0 0.00254414
0 0.00259123
0 0.00263832
0 0.00268541
0 0.0027325
0 0.00277959
0 0.00282668
0 0.00287377
0 0.00292086
0 0.00296795
0 0.00301504
0 0.00306213
0 0.00310922
0 0.00315631
0 0.0032034
0 0.00325049
0 0.00329758
0 0.00334467
0 0.00339176
0 0.00343885
0 0.00348594
0 0.00353303
0 0.00358012
0 0.00362721
0 0.0036743
0 0.00371985
0 0.00374143
0 0.00376301
0 0.00378458
0 0.00380616
0 0.00382773
0 0.00384931
0 0.00387089
0 0.00389246
0 0.00391404
0 0.00393561
0 0.00395719
0 0.00397876
0 0.00400034
0 0.00402192
0 0.00404349
0 0.00406507
0 0.00408664
0 0.00410822
0 0.0041298
0 0.00415137
0 0.00417295
0 0.00419452
0 0.0042161
0 0.00423768
0 0.00425925
0 0.00428083
0 0.0043024
0 0.00432398
0 0.00434556
0 0.00436713
0 0.00438871
0 0.00441028
0 0.00443186
0 0.00445344
0 0.00447501
0 0.00449659
0 0.00456727
0 0.0046651
0 0.00476498
0 0.00486585
0 0.00496672
0 0.00506759
0 0.00516846
0 0.00526933
0 0.0053702
0 0.00547107
0 0.00557194
0 0.00567281
0 0.00577368
0 0.00587455
0 0.00597542
0 0.00607629
0 0.00617766
0 0.00628164
0 0.00638561
0 0.00648959
0 0.00659357
0 0.00669754
0 0.00680152
0 0.0069055
0 0.00700948
0 0.00711345
0 0.00721743
0 0.00732141
0 0.00742538
0 0.00752936
0 0.00763334
0 0.00773731
0 0.00784129
0 0.00794527
0 0.00804924
0 0.00815322
0 0.0082572
0 0.00836118
0 0.00826305
0 0.00816492
0 0.0080668
0 0.00796867
0 0.00787054
0 0.00777242
0 0.00767429
0 0.00757616
0 0.00747804
0 0.00737991
0 0.00732058
0 0.00726855
0 0.00721651
0 0.00716448
0 0.00711244
0 0.00706041
0 0.00700837
0 0.00695634
0 0.0069043
0 0.00685227
0 0.00680023
0 0.0067482
0 0.00669616
0 0.00664412
0 0.00659209
0 0.00654005
0 0.00648802
0 0.00643598
0 0.00638395
0 0.00633191
0 0.00627988
0 0.00622784
0 0.00617581
0 0.00612377
0 0.00607174
0 0.0060197
0 0.00596767
0 0.00591563
0 0.0058636
0 0.00581156
0 0.00575953
0 0.00570749
0 0.00565546
0 0.00560342
0 0.00555139
0 0.00549935
0 0.00544732
0 0.00539528
0 0.00534325
0 0.00529121
0 0.00523918
0 0.00518714
0 0.00513511
0 0.00508307
0 0.00503104
0 0.00497666
0 0.00491961
0 0.00486255
0 0.0048055
0 0.00474845
0 0.0046914
0 0.00463434
0 0.00457729
0 0.00452024
0 0.00446318
0 0.00440613
0 0.00434908
0 0.00429203
0 0.00423497
0 0.00417792
0 0.00412087
0 0.00406381
0 0.00400676
0 0.00394971
0 0.00389266
0 0.0038356
0 0.00377855
0 0.0037215
0 0.00366445
0 0.00360739
0 0.00355034
0 0.00349329
0 0.00343623
0 0.00337918
0 0.00332213
0 0.00326508
0 0.00320802
0 0.00315097
0 0.00309392
0 0.00303686
0 0.00296663
0 0.0028841
0 0.00280157
0 0.00271904
0 0.00263651
0 0.00255398
0 0.00247145
0 0.00238892
0 0.00230639
0 0.00222386
0 0.00214133
0 0.0020588
0 0.00197627
0 0.00190677
0 0.00184653
0 0.00178629
0 0.00172605
0 0.00166581
0 0.00160557
0 0.00154533
0 0.00148508
0 0.00142484
0 0.0013646
0 0.00130436
0 0.00124412
0 0.00118388
0 0.00112364
0 0.0010634
0 0.00100316
0 0.000942919
0 0.000882678
0 0.000822437
0 0.000762197
0 0.000701956
0 0.000641715
0 0.000581475
0 0.000521234
0 0.000460993
0 0.000400753
0 0.000340512
0 0.000280271
0 0.000220031
0 0.00015979
0 9.95495e-05
0 3.93089e-05
-0.00292767 -1.0236e-05
-0.0187791 -1.25661e-05
-0.0346305 -1.48961e-05
-0.050482 -1.72262e-05
-0.0663334 -1.95563e-05
-0.0821849 -2.18863e-05
-0.0980363 -2.42164e-05
-0.113888 -2.65464e-05
-0.129739 -2.88765e-05
-0.145591 -3.12066e-05
-0.161442 -3.35366e-05
-0.177293 -3.58667e-05
-0.193145 -3.81967e-05
-0.208996 -4.05268e-05
-0.224848 -4.28569e-05
-0.240699 -4.51869e-05
-0.256551 -4.7517e-05
-0.272402 -4.98471e-05
-0.288254 -5.21771e-05
-0.304105 -5.45072e-05
-0.319956 -5.68372e-05
-0.335808 -5.91673e-05
-0.351659 -6.14974e-05
-0.367511 -6.38274e-05
-0.383362 -6.61575e-05
-0.399214 -6.84876e-05
-0.412588 -7.04534e-05
-0.371873 -6.45097e-05
-0.331158 -5.85659e-05
-0.290443 -5.26221e-05
-0.249728 -4.66783e-05
-0.209013 -4.07346e-05
-0.168298 -3.47908e-05
-0.127583 -2.8847e-05
-0.0868685 -2.29032e-05
-0.0461536 -1.69594e-05
-0.00543875 -1.10157e-05
0 3.48625e-05
0 8.68976e-05
0 0.000138933
0 0.000190968
0 0.000243003
0 0.000295038
0 0.000347073
0 0.000399108
0 0.000451143
0 0.000503178
0 0.000555213
0 0.000607249
0 0.000659284
0 0.000711319
0 0.000763354
0 0.000815389
0 0.000867424
0 0.000919459
0 0.000971494
0 0.00102353
0 0.00107556
0 0.0011276
0 0.00117963
0 0.00123167
0 0.0012837
0 0.00133574
0 0.00138778
0 0.00143981
0 0.00149185
0 0.00154388
0 0.00159592
0 0.00164795
0 0.00169999
0 0.00175202
0 0.00180406
0 0.00185609
0 0.00190813
0 0.00196016
0 0.0020122
0 0.00206423
0 0.00211627
0 0.0021683
0 0.00222034
0 0.00227237
0 0.00232441
0 0.00237421
0 0.00242123
0 0.00246826
0 0.00251528
0 0.00256231
0 0.00260933
0 0.00265636
0 0.00270338
0 0.00275041
0 0.00279743
0 0.00284446
0 0.00289148
0 0.00293851
0 0.00298553
0 0.00303256
0 0.00307958
0 0.00312661
0 0.00317363
0 0.00322066
0 0.00326768
0 0.00331471
0 0.00336173
0 0.00340876
0 0.00345578
0 0.00350281
0 0.00354983
0 0.00359686
0 0.00364388
0 0.00369091
0 0.00373793
0 0.00378496
0 0.00383198
0 0.003879
0 0.00392603
0 0.00397305
0 0.0040073
0 0.00402884
0 0.00405038
0 0.00407193
0 0.00409347
0 0.00411502
0 0.00413656
0 0.0041581
0 0.00417965
0 0.00420119
0 0.00422274
0 0.00424428
0 0.00426583
0 0.00430407
0 0.00434798
0 0.00439188
0 0.00443578
0 0.00447969
0 0.00452359
0 0.0045675
0 0.0046114
0 0.0046553
0 0.00469921
0 0.00474311
0 0.00478701
0 0.00483092
0 0.00487482
0 0.00491872
0 0.00496263
0 0.00500653
0 0.00505043
0 0.00509434
0 0.00513824
0 0.00518215
0 0.00522605
0 0.00526995
0 0.00531386
0 0.00535776
0 0.00540166
0 0.00544557
0 0.00548947
0 0.00553337
0 0.00557728
0 0.00562118
0 0.00566508
0 0.00571579
0 0.00581754
0 0.00591929
0 0.00602104
0 0.00612279
0 0.00622453
0 0.00632628
0 0.00642803
0 0.00652978
0 0.00663153
0 0.00673328
0 0.00683503
0 0.00693678
0 0.00703853
0 0.00714028
0 0.00724203
0 0.00734378
0 0.00744553
0 0.00754728
0 0.00764903
0 0.00775078
0 0.00785253
0 0.00795427
0 0.00805602
0 0.00815777
0 0.00825952
0 0.00836127
0 0.00826315
0 0.00816502
0 0.0080669
0 0.00796877
0 0.00787064
0 0.00777252
0 0.00767439
0 0.00757626
0 0.00747814
0 0.00738001
0 0.00732145
0 0.00726941
0 0.00721738
0 0.00716534
0 0.00711331
0 0.00706127
0 0.00700924
0 0.0069572
0 0.00690517
0 0.00685313
0 0.0068011
0 0.00674906
0 0.00669703
0 0.00664499
0 0.00659296
0 0.00654092
0 0.00648889
0 0.00643685
0 0.00638482
0 0.00633278
0 0.00628075
0 0.00622871
0 0.00617668
0 0.00612464
0 0.00607261
0 0.00602057
0 0.00596854
0 0.0059165
0 0.00586447
0 0.00581243
0 0.0057604
0 0.00570836
0 0.00565633
0 0.00560429
0 0.00555225
0 0.00550022
0 0.00544818
0 0.00539615
0 0.00534411
0 0.00529208
0 0.00524004
0 0.00518801
0 0.00513597
0 0.00508394
0 0.0050319
0 0.0049776
0 0.00492055
0 0.00486349
0 0.00480644
0 0.00474939
0 0.00469233
0 0.00463528
0 0.00457823
0 0.00452117
0 0.00446412
0 0.00440707
0 0.00435002
0 0.00429296
0 0.00423591
0 0.00417886
0 0.0041218
0 0.00406475
0 0.0040077
0 0.00395064
0 0.00389359
0 0.00383654
0 0.00377948
0 0.00372243
0 0.00366538
0 0.00360832
0 0.00355127
0 0.00349422
0 0.00343716
0 0.00338011
0 0.00332306
0 0.00326601
0 0.00320895
0 0.0031519
0 0.00309485
0 0.00303779
0 0.00296794
0 0.00288541
0 0.00280288
0 0.00272035
0 0.00263782
0 0.00255529
0 0.00247276
0 0.00239023
0 0.0023077
0 0.00222517
0 0.00214264
0 0.00206011
0 0.00197758
0 0.001911
0 0.00185082
0 0.00179063
0 0.00173045
0 0.00167026
0 0.00161008
0 0.00154989
0 0.00148971
0 0.00142952
0 0.00136934
0 0.00130915
0 0.00124897
0 0.00118878
0 0.0011286
0 0.00106842
0 0.00100823
0 0.000948047
0 0.000887862
0 0.000827678
0 0.000767493
0 0.000707309
0 0.000647124
0 0.000586939
0 0.000526755
0 0.00046657
0 0.000406386
0 0.000346201
0 0.000286017
0 0.000225832
0 0.000165648
0 0.000105463
0 4.52785e-05
-0.00134044 -1.00027e-05
-0.0171575 -1.23277e-05
-0.0329745 -1.46527e-05
-0.0487916 -1.69777e-05
-0.0646086 -1.93027e-05
-0.0804257 -2.16277e-05
-0.0962427 -2.39527e-05
-0.11206 -2.62777e-05
-0.127877 -2.86027e-05
-0.143694 -3.09278e-05
-0.159511 -3.32528e-05
-0.175328 -3.55778e-05
-0.191145 -3.79028e-05
-0.206962 -4.02278e-05
-0.222779 -4.25528e-05
-0.238596 -4.48778e-05
-0.254413 -4.72028e-05
-0.27023 -4.95278e-05
-0.286047 -5.18528e-05
-0.301864 -5.41778e-05
-0.317681 -5.65028e-05
-0.333498 -5.88278e-05
-0.349315 -6.11528e-05
-0.365133 -6.34779e-05
-0.38095 -6.58029e-05
-0.396767 -6.81279e-05
-0.412584 -7.04529e-05
-0.371869 -6.45091e-05
-0.331154 -5.85653e-05
-0.290439 -5.26215e-05
-0.249724 -4.66777e-05
-0.209009 -4.0734e-05
-0.168294 -3.47902e-05
-0.127579 -2.88464e-05
-0.0868645 -2.29026e-05
-0.0461497 -1.69589e-05
-0.00543478 -1.10151e-05
0 3.48676e-05
0 8.69027e-05
0 0.000138938
0 0.000190973
0 0.000243008
0 0.000295043
0 0.000347078
0 0.000399113
0 0.000451148
0 0.000503183
0 0.000555219
0 0.000607254
0 0.000659289
0 0.000711324
0 0.000763359
0 0.000815394
0 0.000867429
0 0.000919464
0 0.000971499
0 0.00102353
0 0.00107557
0 0.0011276
0 0.00117964
0 0.00123167
0 0.00128371
0 0.00133575
0 0.00138778
0 0.00143982
0 0.00149185
0 0.00154389
0 0.00159592
0 0.00164796
0 0.00169999
0 0.00175203
0 0.00180406
0 0.0018561
0 0.00190813
0 0.00196017
0 0.0020122
0 0.00206424
0 0.00211627
0 0.00216831
0 0.00222034
0 0.00227238
0 0.00232441
0 0.00237422
0 0.00242124
0 0.00246826
0 0.00251529
0 0.00256231
0 0.00260934
0 0.00265636
0 0.00270339
0 0.00275041
0 0.00279744
0 0.00284446
0 0.00289149
0 0.00293851
0 0.00298554
0 0.00303256
0 0.00307959
0 0.00312661
0 0.00317364
0 0.00322066
0 0.00326769
0 0.00331471
0 0.00336174
0 0.00340876
0 0.00345579
0 0.00350281
0 0.00354984
0 0.00359686
0 0.00364389
0 0.00369091
0 0.00373794
0 0.00378496
0 0.00383199
0 0.00387901
0 0.00392604
0 0.00397306
0 0.0040073
0 0.00402885
0 0.00405039
0 0.00407194
0 0.00409348
0 0.00411502
0 0.00413657
0 0.00415811
0 0.00417966
0 0.0042012
0 0.00422275
0 0.00424429
0 0.00426583
0 0.0043041
0 0.004348
0 0.00439191
0 0.00443581
0 0.00447971
0 0.00452362
0 0.00456752
0 0.00461143
0 0.00465533
0 0.00469923
0 0.00474314
0 0.00478704
0 0.00483095
0 0.00487485
0 0.00491875
0 0.00496266
0 0.00500656
0 0.00505046
0 0.00509437
0 0.00513827
0 0.00518218
0 0.00522608
0 0.00526998
0 0.00531389
0 0.00535779
0 0.0054017
0 0.0054456
0 0.0054895
0 0.00553341
0 0.00557731
0 0.00562122
0 0.00566512
0 0.00571579
0 0.00581754
0 0.00591929
0 0.00602104
0 0.00612279
0 0.00622454
0 0.00632629
0 0.00642804
0 0.00652978
0 0.00663153
0 0.00673328
0 0.00683503
0 0.00693678
0 0.00703853
0 0.00714028
0 0.00724203
0 0.00734378
0 0.00744553
0 0.00754728
0 0.00764903
0 0.00775078
0 0.00785253
0 0.00795428
0 0.00805603
0 0.00815778
0 0.00825953
0 0.00836127
0 0.00826315
0 0.00816502
0 0.0080669
0 0.00796877
0 0.00787064
0 0.00777252
0 0.00767439
0 0.00757626
0 0.00747814
0 0.00738001
0 0.00732145
0 0.00726941
0 0.00721738
0 0.00716534
0 0.00711331
0 0.00706127
0 0.00700924
0 0.0069572
0 0.00690517
0 0.00685313
0 0.0068011
0 0.00674906
0 0.00669703
0 0.00664499
0 0.00659296
0 0.00654092
0 0.00648889
0 0.00643685
0 0.00638482
0 0.00633278
0 0.00628075
0 0.00622871
0 0.00617668
0 0.00612464
0 0.00607261
0 0.00602057
0 0.00596854
0 0.0059165
0 0.00586447
0 0.00581243
0 0.0057604
0 0.00570836
0 0.00565633
0 0.00560429
0 0.00555225
0 0.00550022
0 0.00544818
0 0.00539615
0 0.00534411
0 0.00529208
0 0.00524004
0 0.00518801
0 0.00513597
0 0.00508394
0 0.0050319
0 0.0049776
0 0.00492055
0 0.00486349
0 0.00480644
0 0.00474939
0 0.00469233
0 0.00463528
0 0.00457823
0 0.00452117
0 0.00446412
0 0.00440707
0 0.00435002
0 0.00429296
0 0.00423591
0 0.00417886
0 0.0041218
0 0.00406475
0 0.0040077
0 0.00395064
0 0.00389359
0 0.00383654
0 0.00377948
0 0.00372243
0 0.00366538
0 0.00360832
0 0.00355127
0 0.00349422
0 0.00343716
0 0.00338011
0 0.00332306
0 0.00326601
0 0.00320895
0 0.0031519
0 0.00309485
0 0.00303779
0 0.00296794
0 0.00288541
0 0.00280288
0 0.00272035
0 0.00263782
0 0.00255529
0 0.00247276
0 0.00239023
0 0.0023077
0 0.00222517
0 0.00214264
0 0.00206011
0 0.00197758
0 0.001911
0 0.00185082
0 0.00179063
0 0.00173045
0 0.00167026
0 0.00161008
0 0.00154989
0 0.00148971
0 0.00142952
0 0.00136934
0 0.00130915
0 0.00124897
0 0.00118879
0 0.0011286
0 0.00106842
0 0.00100823
0 0.000948047
0 0.000887862
0 0.000827678
0 0.000767493
0 0.000707309
0 0.000647124
0 0.00058694
0 0.000526755
0 0.000466571
0 0.000406386
0 0.000346201
0 0.000286017
0 0.000225832
0 0.000165648
0 0.000105463
0 4.52787e-05
-0.00134038 -1.00027e-05
-0.0171574 -1.23277e-05
-0.0329745 -1.46527e-05
-0.0487915 -1.69777e-05
-0.0646086 -1.93027e-05
-0.0804256 -2.16277e-05
-0.0962427 -2.39527e-05
-0.11206 -2.62777e-05
-0.127877 -2.86027e-05
-0.143694 -3.09277e-05
-0.159511 -3.32528e-05
-0.175328 -3.55778e-05
-0.191145 -3.79028e-05
-0.206962 -4.02278e-05
-0.222779 -4.25528e-05
-0.238596 -4.48778e-05
-0.254413 -4.72028e-05
-0.27023 -4.95278e-05
-0.286047 -5.18528e-05
-0.301864 -5.41778e-05
-0.317681 -5.65028e-05
-0.333498 -5.88278e-05
-0.349315 -6.11528e-05
-0.365132 -6.34778e-05
-0.380949 -6.58028e-05
-0.396767 -6.81279e-05
-0.412584 -7.04529e-05
-0.413219 -7.05463e-05
-0.413855 -7.06397e-05
-0.41449 -7.07332e-05
-0.415126 -7.08266e-05
-0.415762 -7.092e-05
-0.416397 -7.10134e-05
-0.417033 -7.11069e-05
-0.417668 -7.12003e-05
-0.418304 -7.12937e-05
-0.41894 -7.13872e-05
-0.419575 -7.14806e-05
-0.420211 -7.1574e-05
-0.420846 -7.16675e-05
-0.421482 -7.17609e-05
-0.422118 -7.18543e-05
-0.422753 -7.19477e-05
-0.423389 -7.20412e-05
-0.424025 -7.21346e-05
-0.42466 -7.2228e-05
-0.425296 -7.23215e-05
-0.425931 -7.24149e-05
-0.426567 -7.25083e-05
-0.427203 -7.26018e-05
-0.427838 -7.26952e-05
-0.428474 -7.27886e-05
-0.429109 -7.2882e-05
-0.429745 -7.29755e-05
-0.430381 -7.30689e-05
-0.431016 -7.31623e-05
-0.431652 -7.32558e-05
-0.432287 -7.33492e-05
-0.432923 -7.34426e-05
-0.433559 -7.35361e-05
-0.434194 -7.36295e-05
-0.43483 -7.37229e-05
-0.435465 -7.38163e-05
-0.436101 -7.39098e-05
-0.436737 -7.40032e-05
-0.437372 -7.40966e-05
-0.438008 -7.41901e-05
-0.397293 -6.82463e-05
-0.356578 -6.23025e-05
-0.315863 -5.63587e-05
-0.275148 -5.0415e-05
-0.234433 -4.44712e-05
-0.193719 -3.85274e-05
-0.153004 -3.25836e-05
-0.112289 -2.66398e-05
-0.0715739 -2.06961e-05
-0.030859 -1.47523e-05
0 2.34881e-06
0 5.43839e-05
0 0.000106419
0 0.000158454
0 0.000210489
0 0.000262524
0 0.000314559
0 0.000366595
0 0.00041863
0 0.000470665
0 0.0005227
0 0.000574735
0 0.00062677
0 0.000678805
0 0.00073084
0 0.000782875
0 0.00083491
0 0.000886945
0 0.000938981
0 0.000991016
0 0.00104305
0 0.00109509
0 0.00114712
0 0.00119916
0 0.00125119
0 0.00130323
0 0.00135526
0 0.0014073
0 0.00145933
0 0.00151137
0 0.0015634
0 0.00161544
0 0.00166747
0 0.00171951
0 0.00177154
0 0.00182358
0 0.00187561
0 0.00192765
0 0.00197968
0 0.00203172
0 0.00208375
0 0.00213579
0 0.00218782
0 0.00223986
0 0.00229189
0 0.00234393
0 0.0023812
0 0.00241634
0 0.00245148
0 0.00248662
0 0.00252176
0 0.0025569
0 0.00259203
0 0.00262717
0 0.00266231
0 0.00269745
0 0.00273259
0 0.00276773
0 0.00280287
0 0.002838
0 0.00287314
0 0.00290828
0 0.00294342
0 0.00297856
0 0.0030137
0 0.00304883
0 0.00308397
0 0.00311911
0 0.00315425
0 0.00318939
0 0.00322453
0 0.00325967
0 0.0032948
0 0.00332994
0 0.00336508
0 0.00340022
0 0.00343536
0 0.0034705
0 0.00350564
0 0.00354077
0 0.00357591
0 0.00361105
0 0.00364619
0 0.00368133
0 0.00371647
0 0.0037516
0 0.00378674
0 0.00382188
0 0.00385702
0 0.00389216
0 0.0039273
0 0.00396244
0 0.00399546
0 0.00401129
0 0.00402711
0 0.00404293
0 0.00405875
0 0.00407458
0 0.0040904
0 0.00410622
0 0.00412204
0 0.00413787
0 0.00415369
0 0.00416951
0 0.00418533
0 0.00420116
0 0.00421698
0 0.0042328
0 0.00424862
0 0.00426445
0 0.00429506
0 0.00432982
0 0.00436457
0 0.00439932
0 0.00443408
0 0.00446883
0 0.00450358
0 0.00453834
0 0.00457309
0 0.00460784
0 0.0046426
0 0.00467735
0 0.00471211
0 0.00474686
0 0.00478161
0 0.00481637
0 0.00485112
0 0.00488587
0 0.00492063
0 0.00495538
0 0.00499013
0 0.00502489
0 0.00505964
0 0.00509439
0 0.00512915
0 0.0051639
0 0.00519866
0 0.00523341
0 0.00526816
0 0.00530292
0 0.00533767
0 0.00537242
0 0.00540718
0 0.00544193
0 0.00547668
0 0.00551144
0 0.00554619
0 0.00558094
0 0.0056157
0 0.00565045
0 0.00568521
0 0.00571996
0 0.00575471
0 0.00578947
0 0.00582422
0 0.00585897
0 0.00589373
0 0.00592848
0 0.00596323
0 0.00599799
0 0.00603274
0 0.00606749
0 0.00610225
0 0.006137
0 0.00617176
0 0.00620651
0 0.00624126
0 0.00627602
0 0.00631077
0 0.00634552
0 0.00638028
0 0.00641503
0 0.00644978
0 0.00654647
0 0.0066482
0 0.00674994
0 0.00685168
0 0.00695342
0 0.00705516
0 0.0071569
0 0.00725864
0 0.00736037
0 0.00746211
0 0.00756385
0 0.00766559
0 0.00776733
0 0.00786907
0 0.00797081
0 0.00807254
0 0.00817428
0 0.00827602
0 0.00837812
0 0.0084821
0 0.00858607
0 0.00869005
0 0.00879403
0 0.008898
0 0.00900198
0 0.00910596
0 0.00920993
0 0.00931391
0 0.00941789
0 0.00952186
0 0.00962584
0 0.00972982
0 0.00983379
0 0.00993777
0 0.0100417
0 0.0101457
0 0.0102497
0 0.0103537
0 0.0104577
0 0.0105616
0 0.0106656
0 0.0107696
0 0.0108736
0 0.0109775
0 0.0110815
0 0.0111855
0 0.0112895
0 0.0113934
0 0.0114974
0 0.0116014
0 0.0117054
0 0.0118093
0 0.0119133
0 0.0120173
0 0.0121213
0 0.0122252
0 0.0123292
0 0.0124332
0 0.0125372
0 0.0124391
0 0.0123409
0 0.0122428
0 0.0121447
0 0.0120465
0 0.0119484
0 0.0118503
0 0.0117545
0 0.0117024
0 0.0116504
0 0.0115983
0 0.0115463
0 0.0114943
0 0.0114422
0 0.0113902
0 0.0113382
0 0.0112861
0 0.0112341
0 0.0111821
0 0.01113
0 0.011078
0 0.011026
0 0.0109739
0 0.0109219
0 0.0108699
0 0.0108178
0 0.0107658
0 0.0107138
0 0.0106617
0 0.0106097
0 0.0105576
0 0.0105056
0 0.0104536
0 0.0104015
0 0.0103495
0 0.0102975
0 0.0102454
0 0.0101934
0 0.0101414
0 0.0100893
0 0.0100373
0 0.00998526
0 0.00993322
0 0.00988119
0 0.00982915
0 0.00977712
0 0.00972508
0 0.00967305
0 0.00962101
0 0.00956898
0 0.00951694
0 0.00946491
0 0.00941287
0 0.00936084
0 0.0093088
0 0.00925677
0 0.00920473
0 0.0091527
0 0.0090942
0 0.00903152
0 0.00897133
0 0.00891115
0 0.00885096
0 0.00879077
0 0.00873059
0 0.0086704
0 0.00861021
0 0.00855002
0 0.00848984
0 0.00842965
0 0.00836946
0 0.00830928
0 0.00824909
0 0.0081889
0 0.00812872
0 0.00806853
0 0.00800834
0 0.00794815
0 0.00788797
0 0.00782778
0 0.00776759
0 0.00770741
0 0.00764722
0 0.00758703
0 0.00752685
0 0.00746666
0 0.00740647
0 0.00734628
0 0.0072861
0 0.00722591
0 0.00716572
0 0.00710554
0 0.00704535
0 0.00698516
0 0.00692498
0 0.00686479
0 0.0068046
0 0.00674442
0 0.00668423
0 0.00662404
0 0.00656385
0 0.00650367
0 0.00644348
0 0.00638329
0 0.00632311
0 0.00626292
0 0.00620273
0 0.00614255
0 0.00608236
0 0.00602217
0 0.00596198
0 0.0059018
0 0.00582289
0 0.00574006
0 0.00565724
0 0.00557442
0 0.00549159
0 0.00540877
0 0.0053471
0 0.00528855
0 0.00523001
0 0.00517146
0 0.00511292
0 0.00505437
0 0.00499583
0 0.00493728
0 0.00487874
0 0.00482019
0 0.00476165
0 0.0047031
0 0.00464456
0 0.00458601
0 0.00452747
0 0.00446892
0 0.00441038
0 0.00435184
0 0.00429329
0 0.00423475
0 0.0041762
0 0.00411766
0 0.00405911
0 0.00400057
0 0.00394202
0 0.00388348
0 0.00382493
0 0.00376639
0 0.00370784
0 0.0036493
0 0.00359075
0 0.00353221
0 0.00347366
0 0.00341512
0 0.00335657
0 0.00329803
0 0.00323948
0 0.00318094
0 0.00312239
0 0.00306385
0 0.0030053
0 0.00294676
0 0.00288821
0 0.00282967
0 0.00277112
0 0.00271258
0 0.00265403
0 0.00259549
0 0.00253695
0 0.0024784
0 0.00241986
0 0.00236131
0 0.00230277
0 0.00224422
0 0.00218568
0 0.00212713
0 0.00206859
0 0.00201004
0 0.0019515
0 0.00189295
0 0.00183441
0 0.00177586
0 0.00171732
0 0.00165877
0 0.00160023
0 0.00154168
0 0.00148314
0 0.00142459
0 0.00136605
0 0.0013075
0 0.00124896
0 0.00119041
0 0.00113187
0 0.00107332
0 0.00101478
0 0.000956235
0 0.00089769
0 0.000839145
0 0.0007806
0 0.000722055
0 0.00066351
0 0.000604965
0 0.000546421
0 0.000487876
0 0.000429331
0 0.000370786
0 0.000312241
0 0.000253696
0 0.000195152
0 0.000136607
0 7.8062e-05
0 1.95171e-05
-0.00514582 -1.05621e-05
-0.0154552 -1.20775e-05
-0.0257646 -1.35929e-05
-0.036074 -1.51083e-05
-0.0463833 -1.66237e-05
-0.0566927 -1.81391e-05
-0.0670021 -1.96545e-05
-0.0773115 -2.117e-05
-0.0876209 -2.26854e-05
-0.0979303 -2.42008e-05
-0.10824 -2.57162e-05
-0.118549 -2.72316e-05
-0.128858 -2.8747e-05
-0.139168 -3.02624e-05
-0.149477 -3.17779e-05
-0.159787 -3.32933e-05
-0.170096 -3.48087e-05
-0.180405 -3.63241e-05
-0.190715 -3.78395e-05
-0.201024 -3.93549e-05
-0.211333 -4.08703e-05
-0.221643 -4.23858e-05
-0.231952 -4.39012e-05
-0.242262 -4.54166e-05
-0.252571 -4.6932e-05
-0.26288 -4.84474e-05
-0.27319 -4.99628e-05
-0.283499 -5.14783e-05
-0.293808 -5.29937e-05
-0.304118 -5.45091e-05
-0.314427 -5.60245e-05
-0.323167 -5.73091e-05
-0.282452 -5.13653e-05
-0.241737 -4.54216e-05
-0.201022 -3.94778e-05
-0.160307 -3.3534e-05
-0.119592 -2.75902e-05
-0.0788773 -2.16465e-05
-0.0381624 -1.57027e-05
0 -6.8694e-06
0 4.51657e-05
0 9.72008e-05
0 0.000149236
0 0.000201271
0 0.000253306
0 0.000305341
0 0.000357376
0 0.000409411
0 0.000461446
0 0.000513482
0 0.000565517
0 0.000617552
0 0.000669587
0 0.000721622
0 0.000773657
0 0.000825692
0 0.000877727
0 0.000929762
0 0.000981797
0 0.00103383
0 0.00108587
0 0.0011379
0 0.00118994
0 0.00124197
0 0.00129401
0 0.00134604
0 0.00139808
0 0.00145011
0 0.00150215
0 0.00155418
0 0.00160622
0 0.00165825
0 0.00171029
0 0.00176232
0 0.00181436
0 0.00186639
0 0.00191843
0 0.00197046
0 0.0020225
0 0.00207453
0 0.00212657
0 0.0021786
0 0.00223064
0 0.00228267
0 0.00233471
0 0.00238675
0 0.00243878
0 0.00249082
0 0.00254285
0 0.00259489
0 0.00264065
0 0.00268199
0 0.00272593
0 0.00276988
0 0.00281383
0 0.00285777
0 0.00290172
0 0.00294567
0 0.00298961
0 0.00303356
0 0.00307751
0 0.00312145
0 0.0031654
0 0.00320935
0 0.00325329
0 0.00329724
0 0.00334119
0 0.00338513
0 0.00342908
0 0.00347303
0 0.00351697
0 0.00356092
0 0.00360487
0 0.00364881
0 0.00369276
0 0.00373671
0 0.00378065
0 0.0038246
0 0.00386855
0 0.00391249
0 0.00395644
0 0.00400039
0 0.00404433
0 0.00408828
0 0.00413223
0 0.00417617
0 0.00422012
0 0.00426407
0 0.00430801
0 0.00435196
0 0.00439591
0 0.00443985
0 0.0044838
0 0.00452775
0 0.00457169
0 0.00461564
0 0.00465959
0 0.00470353
0 0.00474748
0 0.00479143
0 0.00483537
0 0.00487932
0 0.00492327
0 0.00496721
0 0.00499371
0 0.005015
0 0.00503629
0 0.00505758
0 0.00507887
0 0.00510015
0 0.00514094
0 0.00518652
0 0.00523209
0 0.00527767
0 0.00532324
0 0.00536882
0 0.00541439
0 0.00545997
0 0.00550554
0 0.00555112
0 0.00559669
0 0.00564227
0 0.00568784
0 0.00573342
0 0.00577899
0 0.00582457
0 0.00587014
0 0.00591572
0 0.00596129
0 0.00600687
0 0.00605244
0 0.00609802
0 0.00614359
0 0.00618917
0 0.00623474
0 0.00628032
0 0.00632589
0 0.00637147
0 0.00641704
0 0.00646262
0 0.00650819
0 0.00655377
0 0.00659934
0 0.00664492
0 0.00669049
0 0.00673607
0 0.00678164
0 0.00682722
0 0.00687279
0 0.00691837
0 0.00696394
0 0.00700952
0 0.00705509
0 0.00710066
0 0.00714624
0 0.00719181
0 0.00723739
0 0.00728296
0 0.00732854
0 0.00737411
0 0.00741969
0 0.00746526
0 0.00751084
0 0.00755641
0 0.00760199
0 0.00764756
0 0.00769314
0 0.00773871
0 0.00778429
0 0.00782986
0 0.00787544
0 0.00792101
0 0.00796659
0 0.00801216
0 0.00805774
0 0.00810331
0 0.00814889
0 0.00819446
0 0.00824004
0 0.00828561
0 0.00833119
0 0.00837676
0 0.00842234
0 0.00846791
0 0.00851349
0 0.00855906
0 0.00860464
0 0.00865021
0 0.00869579
0 0.00874136
0 0.00878694
0 0.00883251
0 0.00887809
0 0.00892366
0 0.00896924
0 0.00901481
0 0.00906038
0 0.00910596
0 0.00915153
0 0.00919711
0 0.00924268
0 0.00928826
0 0.00935788
0 0.00946044
0 0.009563
0 0.00966556
0 0.00976812
0 0.00987068
0 0.00997324
0 0.0100758
0 0.0101784
0 0.0102809
0 0.0103835
0 0.010486
0 0.0105886
0 0.0106912
0 0.0107937
0 0.0108963
0 0.0109988
0 0.0111014
0 0.011204
0 0.0113065
0 0.0114091
0 0.0115116
0 0.0116142
0 0.0117167
0 0.0118193
0 0.0119219
0 0.0120244
0 0.012127
0 0.0122295
0 0.0123321
0 0.0124347
0 0.0125372
0 0.0124391
0 0.012341
0 0.0122428
0 0.0121447
0 0.0120466
0 0.0119485
0 0.0118503
0 0.0117549
0 0.0117028
0 0.0116508
0 0.0115988
0 0.0115467
0 0.0114947
0 0.0114427
0 0.0113906
0 0.0113386
0 0.0112865
0 0.0112345
0 0.0111825
0 0.0111304
0 0.0110784
0 0.0110264
0 0.0109743
0 0.0109223
0 0.0108703
0 0.0108182
0 0.0107662
0 0.0107142
0 0.0106621
0 0.0106101
0 0.0105581
0 0.010506
0 0.010454
0 0.010402
0 0.0103499
0 0.0102979
0 0.0102458
0 0.0101938
0 0.0101418
0 0.0100897
0 0.0100377
0 0.00998567
0 0.00993363
0 0.0098816
0 0.00982956
0 0.00977753
0 0.00972549
0 0.00967346
0 0.00962142
0 0.00956939
0 0.00951735
0 0.00946532
0 0.00941328
0 0.00936125
0 0.00930921
0 0.00925718
0 0.00920514
0 0.00915311
0 0.00909473
0 0.00903202
0 0.00897188
0 0.00891174
0 0.0088516
0 0.00879146
0 0.00873133
0 0.00867119
0 0.00861105
0 0.00855091
0 0.00849077
0 0.00843063
0 0.00837049
0 0.00831035
0 0.00825021
0 0.00819007
0 0.00812993
0 0.00806979
0 0.00800966
0 0.00794952
0 0.00788938
0 0.00782924
0 0.0077691
0 0.00770896
0 0.00764882
0 0.00758868
0 0.00752854
0 0.0074684
0 0.00740826
0 0.00734813
0 0.00728799
0 0.00722785
0 0.00716771
0 0.00710757
0 0.00704743
0 0.00698729
0 0.00692715
0 0.00686701
0 0.00680687
0 0.00674673
0 0.00668659
0 0.00662646
0 0.00656632
0 0.00650618
0 0.00644604
0 0.0063859
0 0.00632576
0 0.00626562
0 0.00620548
0 0.00614534
0 0.0060852
0 0.00602506
0 0.00596492
0 0.00590479
0 0.00582703
0 0.00574423
0 0.00566144
0 0.00557865
0 0.00549586
0 0.00541307
0 0.00534998
0 0.00529148
0 0.00523297
0 0.00517446
0 0.00511595
0 0.00505745
0 0.00499894
0 0.00494043
0 0.00488192
0 0.00482342
0 0.00476491
0 0.0047064
0 0.00464789
0 0.00458938
0 0.00453088
0 0.00447237
0 0.00441386
0 0.00435535
0 0.00429685
0 0.00423834
0 0.00417983
0 0.00412132
0 0.00406282
0 0.00400431
0 0.0039458
0 0.00388729
0 0.00382878
0 0.00377028
0 0.00371177
0 0.00365326
0 0.00359475
0 0.00353625
0 0.00347774
0 0.00341923
0 0.00336072
0 0.00330222
0 0.00324371
0 0.0031852
0 0.00312669
0 0.00306818
0 0.00300968
0 0.00295117
0 0.00289266
0 0.00283415
0 0.00277565
0 0.00271714
0 0.00265863
0 0.00260012
0 0.00254162
0 0.00248311
0 0.0024246
0 0.00236609
0 0.00230758
0 0.00224908
0 0.00219057
0 0.00213206
0 0.00207355
0 0.00201505
0 0.00195654
0 0.00189803
0 0.00183952
0 0.00178102
0 0.00172251
0 0.001664
0 0.00160549
0 0.00154698
0 0.00148848
0 0.00142997
0 0.00137146
0 0.00131295
0 0.00125445
0 0.00119594
0 0.00113743
0 0.00107892
0 0.00102042
0 0.000961907
0 0.0009034
0 0.000844892
0 0.000786384
0 0.000727877
0 0.000669369
0 0.000610861
0 0.000552354
0 0.000493846
0 0.000435338
0 0.000376831
0 0.000318323
0 0.000259815
0 0.000201307
0 0.0001428
0 8.42921e-05
0 2.57844e-05
-0.00403243 -1.03984e-05
-0.0143271 -1.19116e-05
-0.0246217 -1.34249e-05
-0.0349163 -1.49381e-05
-0.0452109 -1.64514e-05
-0.0555055 -1.79646e-05
-0.0658002 -1.94779e-05
-0.0760948 -2.09911e-05
-0.0863894 -2.25044e-05
-0.096684 -2.40176e-05
-0.106979 -2.55308e-05
-0.117273 -2.70441e-05
-0.127568 -2.85573e-05
-0.137863 -3.00706e-05
-0.148157 -3.15838e-05
-0.158452 -3.30971e-05
-0.168746 -3.46103e-05
-0.179041 -3.61236e-05
-0.189336 -3.76368e-05
-0.19963 -3.91501e-05
-0.209925 -4.06633e-05
-0.22022 -4.21765e-05
-0.230514 -4.36898e-05
-0.240809 -4.5203e-05
-0.251103 -4.67163e-05
-0.261398 -4.82295e-05
-0.271693 -4.97428e-05
-0.281987 -5.1256e-05
-0.292282 -5.27693e-05
-0.302576 -5.42825e-05
-0.312871 -5.57957e-05
-0.323166 -5.7309e-05
-0.282451 -5.13652e-05
-0.241736 -4.54214e-05
-0.201021 -3.94777e-05
-0.160306 -3.35339e-05
-0.119591 -2.75901e-05
-0.0788764 -2.16463e-05
-0.0381615 -1.57025e-05
0 -6.86826e-06
0 4.51668e-05
0 9.72019e-05
0 0.000149237
0 0.000201272
0 0.000253307
0 0.000305342
0 0.000357377
0 0.000409413
0 0.000461448
0 0.000513483
0 0.000565518
0 0.000617553
0 0.000669588
0 0.000721623
0 0.000773658
0 0.000825693
0 0.000877728
0 0.000929764
0 0.000981799
0 0.00103383
0 0.00108587
0 0.0011379
0 0.00118994
0 0.00124197
0 0.00129401
0 0.00134604
0 0.00139808
0 0.00145011
0 0.00150215
0 0.00155418
0 0.00160622
0 0.00165825
0 0.00171029
0 0.00176233
0 0.00181436
0 0.0018664
0 0.00191843
0 0.00197047
0 0.0020225
0 0.00207454
0 0.00212657
0 0.00217861
0 0.00223064
0 0.00228268
0 0.00233471
0 0.00238675
0 0.00243878
0 0.00249082
0 0.00254285
0 0.00259489
0 0.00264065
0 0.00268199
0 0.00272593
0 0.00276988
0 0.00281383
0 0.00285777
0 0.00290172
0 0.00294567
0 0.00298962
0 0.00303356
0 0.00307751
0 0.00312146
0 0.0031654
0 0.00320935
0 0.0032533
0 0.00329724
0 0.00334119
0 0.00338514
0 0.00342908
0 0.00347303
0 0.00351698
0 0.00356092
0 0.00360487
0 0.00364882
0 0.00369276
0 0.00373671
0 0.00378066
0 0.0038246
0 0.00386855
0 0.0039125
0 0.00395645
0 0.00400039
0 0.00404434
0 0.00408829
0 0.00413223
0 0.00417618
0 0.00422013
0 0.00426407
0 0.00430802
0 0.00435197
0 0.00439591
0 0.00443986
0 0.00448381
0 0.00452775
0 0.0045717
0 0.00461565
0 0.00465959
0 0.00470354
0 0.00474749
0 0.00479143
0 0.00483538
0 0.00487933
0 0.00492327
0 0.00496722
0 0.00499372
0 0.00501501
0 0.0050363
0 0.00505759
0 0.00507888
0 0.00510017
0 0.00514095
0 0.00518653
0 0.0052321
0 0.00527768
0 0.00532325
0 0.00536883
0 0.0054144
0 0.00545998
0 0.00550555
0 0.00555113
0 0.0055967
0 0.00564228
0 0.00568785
0 0.00573343
0 0.005779
0 0.00582458
0 0.00587015
0 0.00591573
0 0.0059613
0 0.00600688
0 0.00605245
0 0.00609803
0 0.0061436
0 0.00618918
0 0.00623475
0 0.00628033
0 0.0063259
0 0.00637148
0 0.00641705
0 0.00646263
0 0.0065082
0 0.00655378
0 0.00659935
0 0.00664493
0 0.0066905
0 0.00673608
0 0.00678165
0 0.00682723
0 0.0068728
0 0.00691838
0 0.00696395
0 0.00700953
0 0.0070551
0 0.00710068
0 0.00714625
0 0.00719183
0 0.0072374
0 0.00728298
0 0.00732855
0 0.00737413
0 0.0074197
0 0.00746528
0 0.00751085
0 0.00755643
0 0.007602
0 0.00764758
0 0.00769315
0 0.00773873
0 0.0077843
0 0.00782988
0 0.00787545
0 0.00792103
0 0.0079666
0 0.00801218
0 0.00805775
0 0.00810333
0 0.0081489
0 0.00819448
0 0.00824005
0 0.00828563
0 0.0083312
0 0.00837678
0 0.00842235
0 0.00846793
0 0.0085135
0 0.00855908
0 0.00860465
0 0.00865023
0 0.0086958
0 0.00874138
0 0.00878695
0 0.00883253
0 0.0088781
0 0.00892368
0 0.00896925
0 0.00901483
0 0.0090604
0 0.00910598
0 0.00915155
0 0.00919713
0 0.0092427
0 0.00928828
0 0.00935788
0 0.00946044
0 0.009563
0 0.00966556
0 0.00976812
0 0.00987068
0 0.00997324
0 0.0100758
0 0.0101784
0 0.0102809
0 0.0103835
0 0.010486
0 0.0105886
0 0.0106912
0 0.0107937
0 0.0108963
0 0.0109988
0 0.0111014
0 0.011204
0 0.0113065
0 0.0114091
0 0.0115116
0 0.0116142
0 0.0117167
0 0.0118193
0 0.0119219
0 0.0120244
0 0.012127
0 0.0122295
0 0.0123321
0 0.0124347
0 0.0125372
0 0.0124391
0 0.012341
0 0.0122428
0 0.0121447
0 0.0120466
0 0.0119485
0 0.0118503
0 0.0117549
0 0.0117028
0 0.0116508
0 0.0115988
0 0.0115467
0 0.0114947
0 0.0114427
0 0.0113906
0 0.0113386
0 0.0112865
0 0.0112345
0 0.0111825
0 0.0111304
0 0.0110784
0 0.0110264
0 0.0109743
0 0.0109223
0 0.0108703
0 0.0108182
0 0.0107662
0 0.0107142
0 0.0106621
0 0.0106101
0 0.0105581
0 0.010506
0 0.010454
0 0.010402
0 0.0103499
0 0.0102979
0 0.0102458
0 0.0101938
0 0.0101418
0 0.0100897
0 0.0100377
0 0.00998567
0 0.00993363
0 0.0098816
0 0.00982956
0 0.00977753
0 0.00972549
0 0.00967346
0 0.00962142
0 0.00956939
0 0.00951735
0 0.00946532
0 0.00941328
0 0.00936125
0 0.00930921
0 0.00925718
0 0.00920514
0 0.00915311
0 0.00909473
0 0.00903202
0 0.00897188
0 0.00891174
0 0.0088516
0 0.00879146
0 0.00873133
0 0.00867119
0 0.00861105
0 0.00855091
0 0.00849077
0 0.00843063
0 0.00837049
0 0.00831035
0 0.00825021
0 0.00819007
0 0.00812993
0 0.00806979
0 0.00800966
0 0.00794952
0 0.00788938
0 0.00782924
0 0.0077691
0 0.00770896
0 0.00764882
0 0.00758868
0 0.00752854
0 0.0074684
0 0.00740826
0 0.00734813
0 0.00728799
0 0.00722785
0 0.00716771
0 0.00710757
0 0.00704743
0 0.00698729
0 0.00692715
0 0.00686701
0 0.00680687
0 0.00674673
0 0.00668659
0 0.00662646
0 0.00656632
0 0.00650618
0 0.00644604
0 0.0063859
0 0.00632576
0 0.00626562
0 0.00620548
0 0.00614534
0 0.0060852
0 0.00602506
0 0.00596492
0 0.00590479
0 0.00582703
0 0.00574423
0 0.00566144
0 0.00557865
0 0.00549586
0 0.00541307
0 0.00534998
0 0.00529148
0 0.00523297
0 0.00517446
0 0.00511595
0 0.00505745
0 0.00499894
0 0.00494043
0 0.00488192
0 0.00482342
0 0.00476491
0 0.0047064
0 0.00464789
0 0.00458938
0 0.00453088
0 0.00447237
0 0.00441386
0 0.00435535
0 0.00429685
0 0.00423834
0 0.00417983
0 0.00412132
0 0.00406282
0 0.00400431
0 0.0039458
0 0.00388729
0 0.00382878
0 0.00377028
0 0.00371177
0 0.00365326
0 0.00359475
0 0.00353625
0 0.00347774
0 0.00341923
0 0.00336072
0 0.00330222
0 0.00324371
0 0.0031852
0 0.00312669
0 0.00306818
0 0.00300968
0 0.00295117
0 0.00289266
0 0.00283415
0 0.00277565
0 0.00271714
0 0.00265863
0 0.00260012
0 0.00254162
0 0.00248311
0 0.0024246
0 0.00236609
0 0.00230758
0 0.00224908
0 0.00219057
0 0.00213206
0 0.00207355
0 0.00201505
0 0.00195654
0 0.00189803
0 0.00183952
0 0.00178102
0 0.00172251
0 0.001664
0 0.00160549
0 0.00154698
0 0.00148848
0 0.00142997
0 0.00137146
0 0.00131295
0 0.00125445
0 0.00119594
0 0.00113743
0 0.00107892
0 0.00102042
0 0.000961908
0 0.0009034
0 0.000844892
0 0.000786384
0 0.000727877
0 0.000669369
0 0.000610861
0 0.000552354
0 0.000493846
0 0.000435338
0 0.000376831
0 0.000318323
0 0.000259815
0 0.000201308
0 0.0001428
0 8.42921e-05
0 2.57845e-05
-0.00403242 -1.03984e-05
-0.014327 -1.19116e-05
-0.0246217 -1.34249e-05
-0.0349163 -1.49381e-05
-0.0452109 -1.64514e-05
-0.0555055 -1.79646e-05
-0.0658002 -1.94779e-05
-0.0760948 -2.09911e-05
-0.0863894 -2.25044e-05
-0.096684 -2.40176e-05
-0.106979 -2.55308e-05
-0.117273 -2.70441e-05
-0.127568 -2.85573e-05
-0.137863 -3.00706e-05
-0.148157 -3.15838e-05
-0.158452 -3.30971e-05
-0.168746 -3.46103e-05
-0.179041 -3.61236e-05
-0.189336 -3.76368e-05
-0.19963 -3.91501e-05
-0.209925 -4.06633e-05
-0.220219 -4.21765e-05
-0.230514 -4.36898e-05
-0.240809 -4.5203e-05
-0.251103 -4.67163e-05
-0.261398 -4.82295e-05
-0.271693 -4.97428e-05
-0.281987 -5.1256e-05
-0.292282 -5.27693e-05
-0.302576 -5.42825e-05
-0.312871 -5.57957e-05
-0.323166 -5.7309e-05
-0.323805 -5.74029e-05
-0.324444 -5.74968e-05
-0.325083 -5.75908e-05
-0.325721 -5.76847e-05
-0.32636 -5.77786e-05
-0.326999 -5.78725e-05
-0.327638 -5.79664e-05
-0.328277 -5.80604e-05
-0.328916 -5.81543e-05
-0.329555 -5.82482e-05
-0.330194 -5.83421e-05
-0.330833 -5.8436e-05
-0.331472 -5.853e-05
-0.332111 -5.86239e-05
-0.33275 -5.87178e-05
-0.333389 -5.88117e-05
-0.334028 -5.89057e-05
-0.334667 -5.89996e-05
-0.335306 -5.90935e-05
-0.335945 -5.91874e-05
-0.336584 -5.92813e-05
-0.337223 -5.93753e-05
-0.337861 -5.94692e-05
-0.3385 -5.95631e-05
-0.339139 -5.9657e-05
-0.339778 -5.97509e-05
-0.340417 -5.98449e-05
-0.341056 -5.99388e-05
-0.341695 -6.00327e-05
-0.342334 -6.01266e-05
-0.342973 -6.02205e-05
-0.343612 -6.03145e-05
-0.344251 -6.04084e-05
-0.34489 -6.05023e-05
-0.345529 -6.05962e-05
-0.346168 -6.06902e-05
-0.346807 -6.07841e-05
-0.347446 -6.0878e-05
-0.348085 -6.09719e-05
-0.348724 -6.10658e-05
-0.308009 -5.51221e-05
-0.267294 -4.91783e-05
-0.226579 -4.32345e-05
-0.185864 -3.72907e-05
-0.145149 -3.13469e-05
-0.104434 -2.54032e-05
-0.0637194 -1.94594e-05
-0.0230045 -1.35156e-05
0 1.24772e-05
0 6.45123e-05
0 0.000116547
0 0.000168582
0 0.000220618
0 0.000272653
0 0.000324688
0 0.000376723
0 0.000428758
0 0.000480793
0 0.000532828
0 0.000584863
0 0.000636898
0 0.000688933
0 0.000740969
0 0.000793004
0 0.000845039
0 0.000897074
0 0.000949109
0 0.00100114
0 0.00105318
0 0.00110521
0 0.00115725
0 0.00120928
0 0.00126132
0 0.00131335
0 0.00136539
0 0.00141742
0 0.00146946
0 0.0015215
0 0.00157353
0 0.00162557
0 0.0016776
0 0.00172964
0 0.00178167
0 0.00183371
0 0.00188574
0 0.00193778
0 0.00198981
0 0.00204185
0 0.00209388
0 0.00214592
0 0.00219795
0 0.00224999
0 0.00230202
0 0.00235406
0 0.00240609
0 0.00245813
0 0.00251016
0 0.0025622
0 0.00261423
0 0.00264677
0 0.00268283
0 0.00271882
0 0.00275485
0 0.00279088
0 0.0028269
0 0.00286293
0 0.00289896
0 0.00293499
0 0.00297101
0 0.00300704
0 0.00304307
0 0.00307909
0 0.00311512
0 0.00315115
0 0.00318718
0 0.0032232
0 0.00325923
0 0.00329526
0 0.00333128
0 0.00336731
0 0.00340334
0 0.00343937
0 0.00347539
0 0.00351142
0 0.00354745
0 0.00358347
0 0.0036195
0 0.00365553
0 0.00369156
0 0.00372758
0 0.00376361
0 0.00379964
0 0.00383566
0 0.00387169
0 0.00390772
0 0.00394375
0 0.00397977
0 0.0040158
0 0.00405183
0 0.00408785
0 0.00412388
0 0.00415991
0 0.00419594
0 0.00423196
0 0.00426799
0 0.00430402
0 0.00434004
0 0.00437607
0 0.0044121
0 0.00444813
0 0.00448415
0 0.00452018
0 0.00455621
0 0.00459223
0 0.00462826
0 0.00466429
0 0.00470032
0 0.00473634
0 0.00477237
0 0.0048084
0 0.00484442
0 0.00488045
0 0.00491648
0 0.00495251
0 0.00498147
0 0.00499852
0 0.00501558
0 0.00503263
0 0.00504968
0 0.00506673
0 0.00508379
0 0.00510084
0 0.00513787
0 0.00517663
0 0.0052154
0 0.00525417
0 0.00529294
0 0.0053317
0 0.00537047
0 0.00540924
0 0.00544801
0 0.00548677
0 0.00552554
0 0.00556431
0 0.00560308
0 0.00564184
0 0.00568061
0 0.00571938
0 0.00575815
0 0.00579691
0 0.00583568
0 0.00587445
0 0.00591322
0 0.00595198
0 0.00599075
0 0.00602952
0 0.00606829
0 0.00610705
0 0.00614582
0 0.00618459
0 0.00622335
0 0.00626212
0 0.00630089
0 0.00633966
0 0.00637842
0 0.00641719
0 0.00645596
0 0.00649473
0 0.00653349
0 0.00657226
0 0.00661103
0 0.0066498
0 0.00668856
0 0.00672733
0 0.0067661
0 0.00680487
0 0.00684363
0 0.0068824
0 0.00692117
0 0.00695994
0 0.0069987
0 0.00703747
0 0.00707624
0 0.00711501
0 0.00715377
0 0.00719254
0 0.00723131
0 0.00727008
0 0.00730884
0 0.00734761
0 0.00738638
0 0.00742514
0 0.00746391
0 0.00750268
0 0.00754145
0 0.00758021
0 0.00761898
0 0.00765775
0 0.00769652
0 0.00773528
0 0.00777405
0 0.00781282
0 0.00785159
0 0.00789035
0 0.00792912
0 0.00796789
0 0.00800666
0 0.00804542
0 0.00808419
0 0.00812296
0 0.00816173
0 0.00820049
0 0.00823926
0 0.00827803
0 0.0083168
0 0.00835556
0 0.00839433
0 0.0084331
0 0.00847187
0 0.00851063
0 0.0085494
0 0.00858817
0 0.00862694
0 0.0086657
0 0.00870447
0 0.00874324
0 0.008782
0 0.00882077
0 0.00885954
0 0.00889831
0 0.00893707
0 0.00897584
0 0.00901461
0 0.00905338
0 0.00909214
0 0.00913091
0 0.00916968
0 0.00920845
0 0.00924721
0 0.00928598
0 0.00932475
0 0.00936352
0 0.00940228
0 0.00944105
0 0.00947982
0 0.00951859
0 0.00955735
0 0.00959612
0 0.00963489
0 0.00967366
0 0.00971242
0 0.00975119
0 0.00978996
0 0.00982873
0 0.00986749
0 0.00990626
0 0.00998206
0 0.0100846
0 0.0101872
0 0.0102897
0 0.0103923
0 0.0104948
0 0.0105974
0 0.0107
0 0.0108025
0 0.0109051
0 0.0110076
0 0.0111102
0 0.0112127
0 0.0113153
0 0.0114178
0 0.0115204
0 0.011623
0 0.0117255
0 0.0118281
0 0.0119306
0 0.0120332
0 0.0121357
0 0.0122383
0 0.0123408
0 0.0124434
0 0.0125461
0 0.0126501
0 0.012754
0 0.012858
0 0.012962
0 0.013066
0 0.0131699
0 0.0132739
0 0.0133779
0 0.0134819
0 0.0135858
0 0.0136898
0 0.0137938
0 0.0138978
0 0.0140017
0 0.0141057
0 0.0142097
0 0.0143137
0 0.0144176
0 0.0145216
0 0.0146256
0 0.0147296
0 0.0148336
0 0.0149375
0 0.0150415
0 0.0151455
0 0.0152495
0 0.0153534
0 0.0154574
0 0.0155614
0 0.0156654
0 0.0157693
0 0.0158733
0 0.0159773
0 0.0160813
0 0.0161852
0 0.0162892
0 0.0163932
0 0.0164972
0 0.0166011
0 0.0167051
0 0.016607
0 0.0165089
0 0.0164107
0 0.0163126
0 0.0162145
0 0.0161164
0 0.0160182
0 0.015962
0 0.01591
0 0.0158579
0 0.0158059
0 0.0157539
0 0.0157018
0 0.0156498
0 0.0155978
0 0.0155457
0 0.0154937
0 0.0154417
0 0.0153896
0 0.0153376
0 0.0152856
0 0.0152335
0 0.0151815
0 0.0151295
0 0.0150774
0 0.0150254
0 0.0149733
0 0.0149213
0 0.0148693
0 0.0148172
0 0.0147652
0 0.0147132
0 0.0146611
0 0.0146091
0 0.0145571
0 0.014505
0 0.014453
0 0.014401
0 0.0143489
0 0.0142969
0 0.0142449
0 0.0141928
0 0.0141408
0 0.0140888
0 0.0140367
0 0.0139847
0 0.0139326
0 0.0138806
0 0.0138286
0 0.0137765
0 0.0137245
0 0.0136725
0 0.0136204
0 0.0135684
0 0.0135164
0 0.0134643
0 0.0134123
0 0.0133603
0 0.0133082
0 0.0132562
0 0.0131923
0 0.0131277
0 0.013069
0 0.0130103
0 0.0129516
0 0.012893
0 0.0128343
0 0.0127756
0 0.0127169
0 0.0126582
0 0.0125995
0 0.0125408
0 0.0124821
0 0.0124235
0 0.0123648
0 0.0123061
0 0.0122474
0 0.0121887
0 0.01213
0 0.0120713
0 0.0120126
0 0.011954
0 0.0118953
0 0.0118366
0 0.0117779
0 0.0117192
0 0.0116605
0 0.0116018
0 0.0115432
0 0.0114845
0 0.0114258
0 0.0113671
0 0.0113084
0 0.0112497
0 0.011191
0 0.0111323
0 0.0110737
0 0.011015
0 0.0109563
0 0.0108976
0 0.0108389
0 0.0107802
0 0.0107215
0 0.0106628
0 0.0106042
0 0.0105455
0 0.0104868
0 0.0104281
0 0.0103694
0 0.0103107
0 0.010252
0 0.0101933
0 0.0101347
0 0.010076
0 0.0100173
0 0.0099586
0 0.00989991
0 0.00984122
0 0.00978254
0 0.00972385
0 0.00966516
0 0.00960648
0 0.00954779
0 0.0094891
0 0.00943041
0 0.00937173
0 0.00931304
0 0.00925435
0 0.00919567
0 0.00913698
0 0.00907829
0 0.0090196
0 0.00896092
0 0.00890223
0 0.00884354
0 0.00878486
0 0.00871037
0 0.00862946
0 0.00854855
0 0.00846764
0 0.00838673
0 0.00830582
0 0.00822491
0 0.008144
0 0.00806309
0 0.00798217
0 0.00790217
0 0.00784448
0 0.0077868
0 0.00772912
0 0.00767144
0 0.00761376
0 0.00755607
0 0.00749839
0 0.00744071
0 0.00738303
0 0.00732535
0 0.00726767
0 0.00720998
0 0.0071523
0 0.00709462
0 0.00703694
0 0.00697926
0 0.00692157
0 0.00686389
0 0.00680621
0 0.00674853
0 0.00669085
0 0.00663316
0 0.00657548
0 0.0065178
0 0.00646012
0 0.00640244
0 0.00634475
0 0.00628707
0 0.00622939
0 0.00617171
0 0.00611403
0 0.00605634
0 0.00599866
0 0.00594098
0 0.0058833
0 0.00582562
0 0.00576793
0 0.00571025
0 0.00565257
0 0.00559489
0 0.00553721
0 0.00547952
0 0.00542184
0 0.00536416
0 0.00530648
0 0.0052488
0 0.00519112
0 0.00513343
0 0.00507575
0 0.00501807
0 0.00496039
0 0.00490271
0 0.00484502
0 0.00478734
0 0.00472966
0 0.00467198
0 0.0046143
0 0.00455661
0 0.00449893
0 0.00444125
0 0.00438357
0 0.00432589
0 0.0042682
0 0.00421052
0 0.00415284
0 0.00409516
0 0.00403748
0 0.00397979
0 0.00392211
0 0.00386443
0 0.00380675
0 0.00374907
0 0.00369138
0 0.0036337
0 0.00357602
0 0.00351834
0 0.00346066
0 0.00340298
0 0.00334529
0 0.00328761
0 0.00322993
0 0.00317225
0 0.00311457
0 0.00305688
0 0.0029992
0 0.00294152
0 0.00288384
0 0.00282616
0 0.00276847
0 0.00271079
0 0.00265311
0 0.00259543
0 0.00253775
0 0.00248006
0 0.00242238
0 0.0023647
0 0.00230702
0 0.00224934
0 0.00219165
0 0.00213397
0 0.00207629
0 0.00201861
0 0.00196093
0 0.00190324
0 0.00184556
0 0.00178788
0 0.0017302
0 0.00167252
0 0.00161483
0 0.00155715
0 0.00149947
0 0.00144179
0 0.00138411
0 0.00132643
0 0.00126874
0 0.00121106
0 0.00115338
0 0.0010957
0 0.00103802
0 0.000980334
0 0.000922652
0 0.00086497
0 0.000807288
0 0.000749606
0 0.000691924
0 0.000634242
0 0.00057656
0 0.000518878
0 0.000461196
0 0.000403514
0 0.000345832
0 0.00028815
0 0.000230468
0 0.000172786
0 0.000115104
0 5.74225e-05
0 -2.59396e-07
-0.00637536 -1.07428e-05
-0.0140151 -1.18658e-05
-0.0216548 -1.29888e-05
-0.0292945 -1.41118e-05
-0.0369343 -1.52348e-05
-0.044574 -1.63577e-05
-0.0522137 -1.74807e-05
-0.0598534 -1.86037e-05
-0.0674931 -1.97267e-05
-0.0751329 -2.08497e-05
-0.0827726 -2.19727e-05
-0.0904123 -2.30957e-05
-0.098052 -2.42187e-05
-0.105692 -2.53417e-05
-0.113331 -2.64647e-05
-0.120971 -2.75877e-05
-0.128611 -2.87107e-05
-0.136251 -2.98336e-05
-0.14389 -3.09566e-05
-0.15153 -3.20796e-05
-0.15917 -3.32026e-05
-0.16681 -3.43256e-05
-0.174449 -3.54486e-05
-0.182089 -3.65716e-05
-0.189729 -3.76946e-05
-0.197368 -3.88176e-05
-0.205008 -3.99406e-05
-0.212648 -4.10636e-05
-0.220288 -4.21866e-05
-0.227927 -4.33095e-05
-0.235567 -4.44325e-05
-0.243207 -4.55555e-05
-0.250846 -4.66785e-05
-0.258486 -4.78015e-05
-0.266126 -4.89245e-05
-0.273766 -5.00475e-05
-0.281405 -5.11705e-05
-0.288449 -5.22058e-05
-0.247734 -4.6262e-05
-0.207019 -4.03183e-05
-0.166304 -3.43745e-05
-0.125589 -2.84307e-05
-0.0848743 -2.24869e-05
-0.0441594 -1.65431e-05
-0.00344451 -1.05994e-05
0 3.75364e-05
0 8.95715e-05
0 0.000141607
0 0.000193642
0 0.000245677
0 0.000297712
0 0.000349747
0 0.000401782
0 0.000453817
0 0.000505852
0 0.000557887
0 0.000609922
0 0.000661958
0 0.000713993
0 0.000766028
0 0.000818063
0 0.000870098
0 0.000922133
0 0.000974168
0 0.0010262
0 0.00107824
0 0.00113027
0 0.00118231
0 0.00123434
0 0.00128638
0 0.00133841
0 0.00139045
0 0.00144248
0 0.00149452
0 0.00154655
0 0.00159859
0 0.00165062
0 0.00170266
0 0.00175469
0 0.00180673
0 0.00185876
0 0.0019108
0 0.00196284
0 0.00201487
0 0.00206691
0 0.00211894
0 0.00217098
0 0.00222301
0 0.00227505
0 0.00232708
0 0.00237912
0 0.00243115
0 0.00248319
0 0.00253522
0 0.00258726
0 0.00263929
0 0.00269133
0 0.00274336
0 0.00278368
0 0.00282307
0 0.00286848
0 0.0029139
0 0.00295931
0 0.00300472
0 0.00305013
0 0.00309554
0 0.00314095
0 0.00318636
0 0.00323177
0 0.00327719
0 0.0033226
0 0.00336801
0 0.00341342
0 0.00345883
0 0.00350424
0 0.00354965
0 0.00359506
0 0.00364048
0 0.00368589
0 0.0037313
0 0.00377671
0 0.00382212
0 0.00386753
0 0.00391294
0 0.00395835
0 0.00400377
0 0.00404918
0 0.00409459
0 0.00414
0 0.00418541
0 0.00423082
0 0.00427623
0 0.00432164
0 0.00436705
0 0.00441247
0 0.00445788
0 0.00450329
0 0.0045487
0 0.00459411
0 0.00463952
0 0.00468493
0 0.00473034
0 0.00477576
0 0.00482117
0 0.00486658
0 0.00491199
0 0.0049574
0 0.00500281
0 0.00504822
0 0.00509363
0 0.00513905
0 0.00518446
0 0.00522987
0 0.00527528
0 0.00532069
0 0.0053661
0 0.00541151
0 0.00545692
0 0.00550234
0 0.00554775
0 0.00559316
0 0.00563857
0 0.00568398
0 0.00572939
0 0.0057748
0 0.00582021
0 0.00586562
0 0.00591104
0 0.00595645
0 0.00600186
0 0.00604727
0 0.00609268
0 0.00613809
0 0.0061835
0 0.00621379
0 0.00623697
0 0.00626015
0 0.00628333
0 0.00630651
0 0.00632969
0 0.00635287
0 0.00637605
0 0.00639923
0 0.00642241
0 0.00644559
0 0.00649199
0 0.0065384
0 0.00658481
0 0.00663123
0 0.00667764
0 0.00672405
0 0.00677046
0 0.00681687
0 0.00686329
0 0.0069097
0 0.00695611
0 0.00700252
0 0.00704893
0 0.00709535
0 0.00714176
0 0.00718817
0 0.00723458
0 0.00728099
0 0.0073274
0 0.00737382
0 0.00742023
0 0.00746664
0 0.00751305
0 0.00755946
0 0.00760588
0 0.00765229
0 0.0076987
0 0.00774511
0 0.00779152
0 0.00783794
0 0.00788435
0 0.00793076
0 0.00797717
0 0.00802358
0 0.00806999
0 0.00811641
0 0.00816282
0 0.00820923
0 0.00825564
0 0.00830205
0 0.00834847
0 0.00839488
0 0.00844129
0 0.0084877
0 0.00853411
0 0.00858053
0 0.00862694
0 0.00867335
0 0.00871976
0 0.00876617
0 0.00881258
0 0.008859
0 0.00890541
0 0.00895182
0 0.00899823
0 0.00904464
0 0.00909106
0 0.00913747
0 0.00918388
0 0.00923029
0 0.0092767
0 0.00932311
0 0.00936953
0 0.00941594
0 0.00946235
0 0.00950876
0 0.00955517
0 0.00960159
0 0.009648
0 0.00969441
0 0.00974082
0 0.00978723
0 0.00983365
0 0.00988006
0 0.00992647
0 0.00997288
0 0.0100193
0 0.0100657
0 0.0101121
0 0.0101585
0 0.0102049
0 0.0102514
0 0.0102978
0 0.0103442
0 0.0103906
0 0.010437
0 0.0104834
0 0.0105298
0 0.0105762
0 0.0106226
0 0.0106691
0 0.0107155
0 0.0107619
0 0.0108083
0 0.0108547
0 0.0109011
0 0.0109475
0 0.0109939
0 0.0110404
0 0.0110868
0 0.0111332
0 0.0111796
0 0.011226
0 0.0112724
0 0.0113188
0 0.0113652
0 0.0114116
0 0.0114581
0 0.0115045
0 0.0115509
0 0.0115973
0 0.0116437
0 0.0116901
0 0.0117365
0 0.0117829
0 0.0118294
0 0.0118758
0 0.0119222
0 0.0119686
0 0.012015
0 0.0120614
0 0.0121078
0 0.0121542
0 0.0122007
0 0.0122471
0 0.0122935
0 0.0123399
0 0.0123863
0 0.0124327
0 0.0124791
0 0.0125255
0 0.0125719
0 0.0126184
0 0.0126648
0 0.0127112
0 0.0127576
0 0.012804
0 0.012896
0 0.012999
0 0.0131019
0 0.0132048
0 0.0133078
0 0.0134107
0 0.0135137
0 0.0136166
0 0.0137196
0 0.0138225
0 0.0139255
0 0.0140284
0 0.0141314
0 0.0142343
0 0.0143373
0 0.0144402
0 0.0145432
0 0.0146461
0 0.0147491
0 0.014852
0 0.014955
0 0.0150579
0 0.0151609
0 0.0152638
0 0.0153668
0 0.0154697
0 0.0155727
0 0.0156756
0 0.0157786
0 0.0158815
0 0.0159845
0 0.0160874
0 0.0161904
0 0.0162933
0 0.0163963
0 0.0164992
0 0.0166022
0 0.0167051
0 0.016607
0 0.0165089
0 0.0164108
0 0.0163126
0 0.0162145
0 0.0161164
0 0.0160183
0 0.0159621
0 0.0159101
0 0.0158581
0 0.015806
0 0.015754
0 0.015702
0 0.0156499
0 0.0155979
0 0.0155459
0 0.0154938
0 0.0154418
0 0.0153898
0 0.0153377
0 0.0152857
0 0.0152336
0 0.0151816
0 0.0151296
0 0.0150775
0 0.0150255
0 0.0149735
0 0.0149214
0 0.0148694
0 0.0148174
0 0.0147653
0 0.0147133
0 0.0146613
0 0.0146092
0 0.0145572
0 0.0145052
0 0.0144531
0 0.0144011
0 0.0143491
0 0.014297
0 0.014245
0 0.0141929
0 0.0141409
0 0.0140889
0 0.0140368
0 0.0139848
0 0.0139328
0 0.0138807
0 0.0138287
0 0.0137767
0 0.0137246
0 0.0136726
0 0.0136206
0 0.0135685
0 0.0135165
0 0.0134645
0 0.0134124
0 0.0133604
0 0.0133083
0 0.0132563
0 0.0131925
0 0.0131279
0 0.0130692
0 0.0130105
0 0.0129518
0 0.0128932
0 0.0128345
0 0.0127758
0 0.0127172
0 0.0126585
0 0.0125998
0 0.0125412
0 0.0124825
0 0.0124238
0 0.0123651
0 0.0123065
0 0.0122478
0 0.0121891
0 0.0121305
0 0.0120718
0 0.0120131
0 0.0119545
0 0.0118958
0 0.0118371
0 0.0117784
0 0.0117198
0 0.0116611
0 0.0116024
0 0.0115438
0 0.0114851
0 0.0114264
0 0.0113678
0 0.0113091
0 0.0112504
0 0.0111917
0 0.0111331
0 0.0110744
0 0.0110157
0 0.0109571
0 0.0108984
0 0.0108397
0 0.0107811
0 0.0107224
0 0.0106637
0 0.010605
0 0.0105464
0 0.0104877
0 0.010429
0 0.0103704
0 0.0103117
0 0.010253
0 0.0101944
0 0.0101357
0 0.010077
0 0.0100183
0 0.00995967
0 0.009901
0 0.00984233
0 0.00978366
0 0.00972499
0 0.00966632
0 0.00960765
0 0.00954898
0 0.00949031
0 0.00943164
0 0.00937297
0 0.0093143
0 0.00925563
0 0.00919696
0 0.00913829
0 0.00907962
0 0.00902095
0 0.00896228
0 0.00890361
0 0.00884494
0 0.00878627
0 0.00871233
0 0.00863143
0 0.00855053
0 0.00846963
0 0.00838874
0 0.00830784
0 0.00822694
0 0.00814604
0 0.00806514
0 0.00798424
0 0.00790352
0 0.00784585
0 0.00778819
0 0.00773052
0 0.00767285
0 0.00761518
0 0.00755752
0 0.00749985
0 0.00744218
0 0.00738451
0 0.00732684
0 0.00726918
0 0.00721151
0 0.00715384
0 0.00709617
0 0.00703851
0 0.00698084
0 0.00692317
0 0.0068655
0 0.00680784
0 0.00675017
0 0.0066925
0 0.00663483
0 0.00657716
0 0.0065195
0 0.00646183
0 0.00640416
0 0.00634649
0 0.00628883
0 0.00623116
0 0.00617349
0 0.00611582
0 0.00605815
0 0.00600049
0 0.00594282
0 0.00588515
0 0.00582748
0 0.00576982
0 0.00571215
0 0.00565448
0 0.00559681
0 0.00553915
0 0.00548148
0 0.00542381
0 0.00536614
0 0.00530847
0 0.00525081
0 0.00519314
0 0.00513547
0 0.0050778
0 0.00502014
0 0.00496247
0 0.0049048
0 0.00484713
0 0.00478947
0 0.0047318
0 0.00467413
0 0.00461646
0 0.00455879
0 0.00450113
0 0.00444346
0 0.00438579
0 0.00432812
0 0.00427046
0 0.00421279
0 0.00415512
0 0.00409745
0 0.00403979
0 0.00398212
0 0.00392445
0 0.00386678
0 0.00380911
0 0.00375145
0 0.00369378
0 0.00363611
0 0.00357844
0 0.00352078
0 0.00346311
0 0.00340544
0 0.00334777
0 0.00329011
0 0.00323244
0 0.00317477
0 0.0031171
0 0.00305943
0 0.00300177
0 0.0029441
0 0.00288643
0 0.00282876
0 0.0027711
0 0.00271343
0 0.00265576
0 0.00259809
0 0.00254043
0 0.00248276
0 0.00242509
0 0.00236742
0 0.00230975
0 0.00225209
0 0.00219442
0 0.00213675
0 0.00207908
0 0.00202142
0 0.00196375
0 0.00190608
0 0.00184841
0 0.00179075
0 0.00173308
0 0.00167541
0 0.00161774
0 0.00156007
0 0.00150241
0 0.00144474
0 0.00138707
0 0.0013294
0 0.00127174
0 0.00121407
0 0.0011564
0 0.00109873
0 0.00104106
0 0.000983397
0 0.00092573
0 0.000868062
0 0.000810394
0 0.000752726
0 0.000695059
0 0.000637391
0 0.000579723
0 0.000522056
0 0.000464388
0 0.00040672
0 0.000349053
0 0.000291385
0 0.000233717
0 0.000176049
0 0.000118382
0 6.07141e-05
0 3.04638e-06
-0.00593385 -1.06779e-05
-0.0135694 -1.18003e-05
-0.0212049 -1.29226e-05
-0.0288404 -1.4045e-05
-0.036476 -1.51674e-05
-0.0441115 -1.62898e-05
-0.051747 -1.74121e-05
-0.0593826 -1.85345e-05
-0.0670181 -1.96569e-05
-0.0746536 -2.07793e-05
-0.0822892 -2.19016e-05
-0.0899247 -2.3024e-05
-0.0975602 -2.41464e-05
-0.105196 -2.52688e-05
-0.112831 -2.63911e-05
-0.120467 -2.75135e-05
-0.128102 -2.86359e-05
-0.135738 -2.97583e-05
-0.143373 -3.08807e-05
-0.151009 -3.2003e-05
-0.158644 -3.31254e-05
-0.16628 -3.42478e-05
-0.173916 -3.53702e-05
-0.181551 -3.64925e-05
-0.189187 -3.76149e-05
-0.196822 -3.87373e-05
-0.204458 -3.98597e-05
-0.212093 -4.0982e-05
-0.219729 -4.21044e-05
-0.227364 -4.32268e-05
-0.235 -4.43492e-05
-0.242635 -4.54715e-05
-0.250271 -4.65939e-05
-0.257906 -4.77163e-05
-0.265542 -4.88387e-05
-0.273177 -4.9961e-05
-0.280813 -5.10834e-05
-0.288449 -5.22058e-05
-0.289089 -5.23e-05
-0.28973 -5.23941e-05
-0.290371 -5.24883e-05
-0.291011 -5.25825e-05
-0.291652 -5.26767e-05
-0.292293 -5.27709e-05
-0.292933 -5.2865e-05
-0.293574 -5.29592e-05
-0.294215 -5.30534e-05
-0.294856 -5.31476e-05
-0.295496 -5.32418e-05
-0.296137 -5.33359e-05
-0.296778 -5.34301e-05
-0.297418 -5.35243e-05
-0.298059 -5.36185e-05
-0.2987 -5.37127e-05
-0.29934 -5.38068e-05
-0.299981 -5.3901e-05
-0.300622 -5.39952e-05
-0.301263 -5.40894e-05
-0.301903 -5.41835e-05
-0.302544 -5.42777e-05
-0.303185 -5.43719e-05
-0.303825 -5.44661e-05
-0.304466 -5.45603e-05
-0.305107 -5.46544e-05
-0.305747 -5.47486e-05
-0.306388 -5.48428e-05
-0.307029 -5.4937e-05
-0.30767 -5.50312e-05
-0.30831 -5.51253e-05
-0.308951 -5.52195e-05
-0.309592 -5.53137e-05
-0.310232 -5.54079e-05
-0.310873 -5.55021e-05
-0.311514 -5.55962e-05
-0.312154 -5.56904e-05
-0.312795 -5.57846e-05
-0.313436 -5.58788e-05
-0.314077 -5.5973e-05
-0.314717 -5.60671e-05
-0.315358 -5.61613e-05
-0.315999 -5.62555e-05
-0.316639 -5.63497e-05
-0.31728 -5.64438e-05
-0.317921 -5.6538e-05
-0.318562 -5.66322e-05
-0.319202 -5.67264e-05
-0.319843 -5.68206e-05
-0.320484 -5.69147e-05
-0.321124 -5.70089e-05
-0.321765 -5.71031e-05
-0.322406 -5.71973e-05
-0.323046 -5.72915e-05
-0.323687 -5.73856e-05
-0.324328 -5.74798e-05
-0.324969 -5.7574e-05
-0.325609 -5.76682e-05
-0.32625 -5.77624e-05
-0.326891 -5.78565e-05
-0.327531 -5.79507e-05
-0.328172 -5.80449e-05
-0.328813 -5.81391e-05
-0.329453 -5.82333e-05
-0.330094 -5.83274e-05
-0.330735 -5.84216e-05
-0.331376 -5.85158e-05
-0.332016 -5.861e-05
-0.332657 -5.87041e-05
-0.333298 -5.87983e-05
-0.333938 -5.88925e-05
-0.334579 -5.89867e-05
-0.33522 -5.90809e-05
-0.33586 -5.9175e-05
-0.336501 -5.92692e-05
-0.337142 -5.93634e-05
-0.337783 -5.94576e-05
-0.338423 -5.95518e-05
-0.339064 -5.96459e-05
-0.298349 -5.37022e-05
-0.257634 -4.77584e-05
-0.216919 -4.18146e-05
-0.176204 -3.58708e-05
-0.13549 -2.9927e-05
-0.0947747 -2.39833e-05
-0.0540598 -1.80395e-05
-0.0133449 -1.20957e-05
0 2.48323e-05
0 7.68674e-05
0 0.000128902
0 0.000180938
0 0.000232973
0 0.000285008
0 0.000337043
0 0.000389078
0 0.000441113
0 0.000493148
0 0.000545183
0 0.000597218
0 0.000649253
0 0.000701289
0 0.000753324
0 0.000805359
0 0.000857394
0 0.000909429
0 0.000961464
0 0.0010135
0 0.00106553
0 0.00111757
0 0.0011696
0 0.00122164
0 0.00127367
0 0.00132571
0 0.00137774
0 0.00142978
0 0.00148182
0 0.00153385
0 0.00158589
0 0.00163792
0 0.00168996
0 0.00174199
0 0.00179403
0 0.00184606
0 0.0018981
0 0.00195013
0 0.00200217
0 0.0020542
0 0.00210624
0 0.00215827
0 0.00221031
0 0.00226234
0 0.00231438
0 0.00236641
0 0.00241845
0 0.00247048
0 0.00252252
0 0.00257455
0 0.00262659
0 0.00267862
0 0.00273066
0 0.00277094
0 0.00279395
0 0.00282871
0 0.00286347
0 0.00289823
0 0.00293298
0 0.00296774
0 0.0030025
0 0.00303726
0 0.00307202
0 0.00310678
0 0.00314153
0 0.00317629
0 0.00321105
0 0.00324581
0 0.00328057
0 0.00331532
0 0.00335008
0 0.00338484
0 0.0034196
0 0.00345436
0 0.00348911
0 0.00352387
0 0.00355863
0 0.00359339
0 0.00362815
0 0.00366291
0 0.00369766
0 0.00373242
0 0.00376718
0 0.00380194
0 0.0038367
0 0.00387145
0 0.00390621
0 0.00394097
0 0.00397573
0 0.00401049
0 0.00404524
0 0.00408
0 0.00411476
0 0.00414952
0 0.00418428
0 0.00421904
0 0.00425379
0 0.00428855
0 0.00432331
0 0.00435807
0 0.00439283
0 0.00442758
0 0.00446234
0 0.0044971
0 0.00453186
0 0.00456662
0 0.00460137
0 0.00463613
0 0.00467089
0 0.00470565
0 0.00474041
0 0.00477516
0 0.00480992
0 0.00484468
0 0.00487944
0 0.0049142
0 0.00494896
0 0.00498371
0 0.00501847
0 0.00505323
0 0.00508799
0 0.00512275
0 0.0051575
0 0.00519226
0 0.00522702
0 0.00526178
0 0.00529654
0 0.00533129
0 0.00536605
0 0.00540081
0 0.00543557
0 0.00547033
0 0.00550509
0 0.00553984
0 0.0055746
0 0.00560936
0 0.00564412
0 0.00567888
0 0.00571363
0 0.00574839
0 0.00578315
0 0.00581791
0 0.00585267
0 0.00588742
0 0.00592218
0 0.00595694
0 0.0059917
0 0.00602646
0 0.00606122
0 0.00609597
0 0.00613073
0 0.00616549
0 0.00619675
0 0.00621373
0 0.00623071
0 0.00624769
0 0.00626467
0 0.00628165
0 0.00629864
0 0.00631562
0 0.0063326
0 0.00634958
0 0.00636656
0 0.00638354
0 0.00640052
0 0.00641751
0 0.00643449
0 0.00646359
0 0.00650042
0 0.00653724
0 0.00657407
0 0.0066109
0 0.00664773
0 0.00668456
0 0.00672139
0 0.00675821
0 0.00679504
0 0.00683187
0 0.0068687
0 0.00690553
0 0.00694236
0 0.00697918
0 0.00701601
0 0.00705284
0 0.00708967
0 0.0071265
0 0.00716333
0 0.00720015
0 0.00723698
0 0.00727381
0 0.00731064
0 0.00734747
0 0.00738429
0 0.00742112
0 0.00745795
0 0.00749478
0 0.00753161
0 0.00756844
0 0.00760526
0 0.00764209
0 0.00767892
0 0.00771575
0 0.00775258
0 0.00778941
0 0.00782623
0 0.00786306
0 0.00789989
0 0.00793672
0 0.00797355
0 0.00801037
0 0.0080472
0 0.00808403
0 0.00812086
0 0.00815769
0 0.00819452
0 0.00823134
0 0.00826817
0 0.008305
0 0.00834183
0 0.00837866
0 0.00841549
0 0.00845231
0 0.00848914
0 0.00852597
0 0.0085628
0 0.00859963
0 0.00863646
0 0.00867328
0 0.00871011
0 0.00874694
0 0.00878377
0 0.0088206
0 0.00885742
0 0.00889425
0 0.00893108
0 0.00896791
0 0.00900474
0 0.00904157
0 0.00907839
0 0.00911522
0 0.00915205
0 0.00918888
0 0.00922571
0 0.00926254
0 0.00929936
0 0.00933619
0 0.00937302
0 0.00940985
0 0.00944668
0 0.00948351
0 0.00952033
0 0.00955716
0 0.00959399
0 0.00963082
0 0.00966765
0 0.00970447
0 0.0097413
0 0.00977813
0 0.00981496
0 0.00985179
0 0.00988862
0 0.00992544
0 0.00996227
0 0.0099991
0 0.0100359
0 0.0100728
0 0.0101096
0 0.0101464
0 0.0101832
0 0.0102201
0 0.0102569
0 0.0102937
0 0.0103306
0 0.0103674
0 0.0104042
0 0.010441
0 0.0104779
0 0.0105147
0 0.0105515
0 0.0105884
0 0.0106252
0 0.010662
0 0.0106988
0 0.0107357
0 0.0107725
0 0.0108093
0 0.0108462
0 0.010883
0 0.0109198
0 0.0109566
0 0.0109935
0 0.0110303
0 0.0110671
0 0.0111039
0 0.0111408
0 0.0111776
0 0.0112144
0 0.0112513
0 0.0112881
0 0.0113249
0 0.0113617
0 0.0113986
0 0.0114354
0 0.0114722
0 0.0115091
0 0.0115459
0 0.0115827
0 0.0116195
0 0.0116564
0 0.0116932
0 0.01173
0 0.0117669
0 0.0118037
0 0.0118405
0 0.0118773
0 0.0119142
0 0.011951
0 0.0119878
0 0.0120247
0 0.0120615
0 0.0120983
0 0.0121351
0 0.012172
0 0.0122088
0 0.0122456
0 0.0122825
0 0.0123193
0 0.0123561
0 0.0123929
0 0.0124298
0 0.0124666
0 0.0125034
0 0.0125403
0 0.0125771
0 0.0126139
0 0.0126507
0 0.0126876
0 0.0127244
0 0.0127612
0 0.012798
0 0.0128349
0 0.0128717
0 0.0129085
0 0.0129454
0 0.0129822
0 0.013019
0 0.0130558
0 0.0130927
0 0.0131295
0 0.0131663
0 0.0132032
0 0.01324
0 0.0132768
0 0.0133136
0 0.0133505
0 0.0133873
0 0.0134241
0 0.013461
0 0.0134978
0 0.0135346
0 0.0135714
0 0.0136083
0 0.0136451
0 0.0137287
0 0.0138316
0 0.0139346
0 0.0140375
0 0.0141405
0 0.0142434
0 0.0143464
0 0.0144493
0 0.0145522
0 0.0146552
0 0.0147581
0 0.0148611
0 0.014964
0 0.015067
0 0.0151699
0 0.0152729
0 0.0153758
0 0.0154788
0 0.0155817
0 0.0156847
0 0.0157876
0 0.0158906
0 0.0159935
0 0.0160965
0 0.0161994
0 0.0163023
0 0.0164053
0 0.0165082
0 0.0166112
0 0.0167142
0 0.0168182
0 0.0169222
0 0.0170262
0 0.0171301
0 0.0172341
0 0.0173381
0 0.0174421
0 0.017546
0 0.01765
0 0.017754
0 0.017858
0 0.0179619
0 0.0180659
0 0.0181699
0 0.0182739
0 0.0183778
0 0.0184818
0 0.0185858
0 0.0186898
0 0.0187937
0 0.0188977
0 0.0190017
0 0.0191057
0 0.0192096
0 0.0193136
0 0.0194176
0 0.0195216
0 0.0196255
0 0.0197295
0 0.0198335
0 0.0199375
0 0.0200415
0 0.0201454
0 0.0202494
0 0.0203534
0 0.0204574
0 0.0205613
0 0.0206653
0 0.0207693
0 0.0208733
0 0.0209772
0 0.0210812
0 0.0211852
0 0.0212892
0 0.0213931
0 0.0214971
0 0.0216011
0 0.0217051
0 0.021809
0 0.021913
0 0.022017
0 0.022121
0 0.0222249
0 0.0223289
0 0.0224329
0 0.0225369
0 0.0226409
0 0.0227448
0 0.0228488
0 0.0229528
0 0.0230568
0 0.0231607
0 0.0232647
0 0.0233687
0 0.0234727
0 0.0235766
0 0.0236806
0 0.0237846
0 0.0238886
0 0.0239925
0 0.0240965
0 0.0242005
0 0.0243045
0 0.0244084
0 0.0245124
0 0.0246164
0 0.0247204
0 0.0248243
0 0.0249283
0 0.0248302
0 0.0247321
0 0.0246339
0 0.0245358
0 0.0244377
0 0.0243396
0 0.02425
0 0.0241979
0 0.0241459
0 0.0240939
0 0.0240418
0 0.0239898
0 0.0239378
0 0.0238857
0 0.0238337
0 0.0237817
0 0.0237296
0 0.0236776
0 0.0236256
0 0.0235735
0 0.0235215
0 0.0234695
0 0.0234174
0 0.0233654
0 0.0233133
0 0.0232613
0 0.0232093
0 0.0231572
0 0.0231052
0 0.0230532
0 0.0230011
0 0.0229491
0 0.0228971
0 0.022845
0 0.022793
0 0.022741
0 0.0226889
0 0.0226369
0 0.0225849
0 0.0225328
0 0.0224808
0 0.0224288
0 0.0223767
0 0.0223247
0 0.0222726
0 0.0222206
0 0.0221686
0 0.0221165
0 0.0220645
0 0.0220125
0 0.0219604
0 0.0219084
0 0.0218564
0 0.0218043
0 0.0217523
0 0.0217003
0 0.0216482
0 0.0215962
0 0.0215442
0 0.0214921
0 0.0214401
0 0.021388
0 0.0213352
0 0.0212512
0 0.0211898
0 0.0211321
0 0.0210744
0 0.0210167
0 0.020959
0 0.0209013
0 0.0208436
0 0.0207859
0 0.0207282
0 0.0206705
0 0.0206128
0 0.0205551
0 0.0204975
0 0.0204398
0 0.0203821
0 0.0203244
0 0.0202667
0 0.020209
0 0.0201513
0 0.0200936
0 0.0200359
0 0.0199782
0 0.0199205
0 0.0198628
0 0.0198051
0 0.0197474
0 0.0196897
0 0.0196321
0 0.0195744
0 0.0195167
0 0.019459
0 0.0194013
0 0.0193436
0 0.0192859
0 0.0192282
0 0.0191705
0 0.0191128
0 0.0190551
0 0.0189974
0 0.0189397
0 0.018882
0 0.0188243
0 0.0187666
0 0.018709
0 0.0186513
0 0.0185936
0 0.0185359
0 0.0184782
0 0.0184205
0 0.0183628
0 0.0183051
0 0.0182474
0 0.0181897
0 0.018132
0 0.0180743
0 0.0180166
0 0.0179589
0 0.0179012
0 0.0178436
0 0.0177859
0 0.0177282
0 0.0176705
0 0.0176128
0 0.0175551
0 0.0174974
0 0.0174397
0 0.017382
0 0.0173243
0 0.0172666
0 0.0172089
0 0.0171512
0 0.0170935
0 0.0170358
0 0.0169782
0 0.0169205
0 0.0168628
0 0.0168051
0 0.0167474
0 0.0166897
0 0.016632
0 0.0165743
0 0.0165166
0 0.0164589
0 0.0164012
0 0.0163435
0 0.0162858
0 0.0162281
0 0.0161704
0 0.0161127
0 0.0160551
0 0.0159974
0 0.0159397
0 0.015882
0 0.0158243
0 0.0157666
0 0.0157089
0 0.0156512
0 0.0155935
0 0.0155358
0 0.0154781
0 0.0154204
0 0.0153627
0 0.015305
0 0.0152473
0 0.0151897
0 0.015132
0 0.0150743
0 0.0150166
0 0.0149589
0 0.0149012
0 0.0148435
0 0.0147858
0 0.0147281
0 0.0146704
0 0.0146127
0 0.014555
0 0.0144973
0 0.0144383
0 0.014359
0 0.0142798
0 0.0142005
0 0.0141212
0 0.0140419
0 0.0139626
0 0.0138833
0 0.013804
0 0.0137248
0 0.0136455
0 0.0135662
0 0.0134869
0 0.0134076
0 0.0133283
0 0.013249
0 0.0131697
0 0.0130905
0 0.0130112
0 0.0129319
0 0.0128526
0 0.0127733
0 0.012694
0 0.0126147
0 0.0125392
0 0.012482
0 0.0124249
0 0.0123678
0 0.0123107
0 0.0122536
0 0.0121965
0 0.0121393
0 0.0120822
0 0.0120251
0 0.011968
0 0.0119109
0 0.0118537
0 0.0117966
0 0.0117395
0 0.0116824
0 0.0116253
0 0.0115682
0 0.011511
0 0.0114539
0 0.0113968
0 0.0113397
0 0.0112826
0 0.0112254
0 0.0111683
0 0.0111112
0 0.0110541
0 0.010997
0 0.0109399
0 0.0108827
0 0.0108256
0 0.0107685
0 0.0107114
0 0.0106543
0 0.0105972
0 0.01054
0 0.0104829
0 0.0104258
0 0.0103687
0 0.0103116
0 0.0102544
0 0.0101973
0 0.0101402
0 0.0100831
0 0.010026
0 0.00996886
0 0.00991174
0 0.00985462
0 0.0097975
0 0.00974038
0 0.00968327
0 0.00962615
0 0.00956903
0 0.00951191
0 0.0094548
0 0.00939768
0 0.00934056
0 0.00928344
0 0.00922632
0 0.00916921
0 0.00911209
0 0.00905497
0 0.00899785
0 0.00894074
0 0.00888362
0 0.0088265
0 0.00876938
0 0.00871226
0 0.00865515
0 0.00859803
0 0.00854091
0 0.00848379
0 0.00842667
0 0.00836956
0 0.00831244
0 0.00825532
0 0.0081982
0 0.00814109
0 0.00808397
0 0.00802685
0 0.00796973
0 0.00791261
0 0.0078555
0 0.00779838
0 0.00774126
0 0.00768414
0 0.00762702
0 0.00756991
0 0.00751279
0 0.00745567
0 0.00739855
0 0.00734144
0 0.00728432
0 0.0072272
0 0.00717008
0 0.00711296
0 0.00705585
0 0.00699873
0 0.00694161
0 0.00688449
0 0.00682738
0 0.00677026
0 0.00671314
0 0.00665602
0 0.0065989
0 0.00654179
0 0.00648467
0 0.00642755
0 0.00637043
0 0.00631331
0 0.0062562
0 0.00619908
0 0.00614196
0 0.00608484
0 0.00602773
0 0.00597061
0 0.00591349
0 0.00585637
0 0.00579925
0 0.00574214
0 0.00568502
0 0.0056279
0 0.00557078
0 0.00551366
0 0.00545655
0 0.00539943
0 0.00534231
0 0.00528519
0 0.00522808
0 0.00517096
0 0.00511384
0 0.00505672
0 0.0049996
0 0.00494249
0 0.00488537
0 0.00482825
0 0.00477113
0 0.00471401
0 0.0046569
0 0.00459978
0 0.00454266
0 0.00448554
0 0.00442843
0 0.00437131
0 0.00431419
0 0.00425707
0 0.00419995
0 0.00414284
0 0.00408572
0 0.0040286
0 0.00397148
0 0.00391437
0 0.00385725
0 0.00380013
0 0.00374301
0 0.00368589
0 0.00362878
0 0.00357166
0 0.00351454
0 0.00345742
0 0.0034003
0 0.00334319
0 0.00328607
0 0.00322895
0 0.00317183
0 0.00311472
0 0.0030576
0 0.00300048
0 0.00294336
0 0.00288624
0 0.00282913
0 0.00277201
0 0.00271489
0 0.00265777
0 0.00260065
0 0.00254354
0 0.00248642
0 0.0024293
0 0.00237218
0 0.00231507
0 0.00225795
0 0.00220083
0 0.00214371
0 0.00208659
0 0.00202948
0 0.00197236
0 0.00191524
0 0.00185812
0 0.00180101
0 0.00174389
0 0.00168677
0 0.00162965
0 0.00157253
0 0.00151542
0 0.0014583
0 0.00140118
0 0.00134406
0 0.00128694
0 0.00122983
0 0.00117271
0 0.00111559
0 0.00105847
0 0.00100136
0 0.000944237
0 0.00088712
0 0.000830002
0 0.000772884
0 0.000715766
0 0.000658648
0 0.00060153
0 0.000544413
0 0.000487295
0 0.000430177
0 0.000373059
0 0.000315941
0 0.000258823
0 0.000201705
0 0.000144588
0 8.74698e-05
0 3.03519e-05
-0.00151863 -1.00289e-05
-0.00663297 -1.07807e-05
-0.0117473 -1.15324e-05
-0.0168617 -1.22842e-05
-0.021976 -1.3036e-05
-0.0270904 -1.37878e-05
-0.0322047 -1.45395e-05
-0.0373191 -1.52913e-05
-0.0424334 -1.60431e-05
-0.0475477 -1.67949e-05
-0.0526621 -1.75467e-05
-0.0577764 -1.82984e-05
-0.0628908 -1.90502e-05
-0.0680051 -1.9802e-05
-0.0731195 -2.05538e-05
-0.0782338 -2.13055e-05
-0.0833482 -2.20573e-05
-0.0884625 -2.28091e-05
-0.0935769 -2.35609e-05
-0.0986912 -2.43126e-05
-0.103806 -2.50644e-05
-0.10892 -2.58162e-05
-0.114034 -2.6568e-05
-0.119149 -2.73198e-05
-0.124263 -2.80715e-05
-0.129377 -2.88233e-05
-0.134492 -2.95751e-05
-0.139606 -3.03269e-05
-0.14472 -3.10786e-05
-0.149835 -3.18304e-05
-0.154949 -3.25822e-05
-0.160063 -3.3334e-05
-0.165178 -3.40857e-05
-0.170292 -3.48375e-05
-0.175406 -3.55893e-05
-0.180521 -3.63411e-05
-0.185635 -3.70929e-05
-0.190749 -3.78446e-05
-0.195864 -3.85964e-05
-0.200978 -3.93482e-05
-0.206093 -4.01e-05
-0.211207 -4.08517e-05
-0.216321 -4.16035e-05
-0.221436 -4.23553e-05
-0.22655 -4.31071e-05
-0.231664 -4.38588e-05
-0.236779 -4.46106e-05
-0.241893 -4.53624e-05
-0.247007 -4.61142e-05
-0.252122 -4.6866e-05
-0.257236 -4.76177e-05
-0.26235 -4.83695e-05
-0.267465 -4.91213e-05
-0.272579 -4.98731e-05
-0.277303 -5.05674e-05
-0.236588 -4.46237e-05
-0.195873 -3.86799e-05
-0.155158 -3.27361e-05
-0.114443 -2.67923e-05
-0.0737285 -2.08486e-05
-0.0330136 -1.49048e-05
0 -2.4279e-07
0 5.17923e-05
0 0.000103827
0 0.000155863
0 0.000207898
0 0.000259933
0 0.000311968
0 0.000364003
0 0.000416038
0 0.000468073
0 0.000520108
0 0.000572143
0 0.000624178
0 0.000676213
0 0.000728249
0 0.000780284
0 0.000832319
0 0.000884354
0 0.000936389
0 0.000988424
0 0.00104046
0 0.00109249
0 0.00114453
0 0.00119656
0 0.0012486
0 0.00130063
0 0.00135267
0 0.0014047
0 0.00145674
0 0.00150878
0 0.00156081
0 0.00161285
0 0.00166488
0 0.00171692
0 0.00176895
0 0.00182099
0 0.00187302
0 0.00192506
0 0.00197709
0 0.00202913
0 0.00208116
0 0.0021332
0 0.00218523
0 0.00223727
0 0.0022893
0 0.00234134
0 0.00239337
0 0.00244541
0 0.00249744
0 0.00254948
0 0.00260151
0 0.00265355
0 0.00270558
0 0.00275762
0 0.00280965
0 0.00286169
0 0.00291305
0 0.00293308
0 0.00297566
0 0.00302206
0 0.00306845
0 0.00311484
0 0.00316124
0 0.00320763
0 0.00325403
0 0.00330042
0 0.00334681
0 0.00339321
0 0.0034396
0 0.003486
0 0.00353239
0 0.00357878
0 0.00362518
0 0.00367157
0 0.00371797
0 0.00376436
0 0.00381075
0 0.00385715
0 0.00390354
0 0.00394994
0 0.00399633
0 0.00404272
0 0.00408912
0 0.00413551
0 0.00418191
0 0.0042283
0 0.00427469
0 0.00432109
0 0.00436748
0 0.00441388
0 0.00446027
0 0.00450667
0 0.00455306
0 0.00459945
0 0.00464585
0 0.00469224
0 0.00473864
0 0.00478503
0 0.00483142
0 0.00487782
0 0.00492421
0 0.00497061
0 0.005017
0 0.00506339
0 0.00510979
0 0.00515618
0 0.00520258
0 0.00524897
0 0.00529536
0 0.00534176
0 0.00538815
0 0.00543455
0 0.00548094
0 0.00552733
0 0.00557373
0 0.00562012
0 0.00566652
0 0.00571291
0 0.00575931
0 0.0058057
0 0.00585209
0 0.00589849
0 0.00594488
0 0.00599128
0 0.00603767
0 0.00608406
0 0.00613046
0 0.00617685
0 0.00622325
0 0.00626964
0 0.00631603
0 0.00636243
0 0.00640882
0 0.00645522
0 0.00650161
0 0.006548
0 0.0065944
0 0.00664079
0 0.00668719
0 0.00673358
0 0.00677997
0 0.00682637
0 0.00687276
0 0.00691916
0 0.00696555
0 0.00701195
0 0.00705834
0 0.00710473
0 0.00715113
0 0.00719752
0 0.00724392
0 0.00729031
0 0.0073367
0 0.0073831
0 0.00742949
0 0.00747589
0 0.00752228
0 0.00756867
0 0.00761507
0 0.00766146
0 0.00770786
0 0.00775425
0 0.00780064
0 0.00784704
0 0.00789343
0 0.00793983
0 0.00798622
0 0.00803261
0 0.00807901
0 0.0081254
0 0.0081718
0 0.00821819
0 0.00826459
0 0.00831098
0 0.00835737
0 0.00840307
0 0.00842786
0 0.00845266
0 0.00847746
0 0.00850225
0 0.00852705
0 0.00855184
0 0.00857664
0 0.00860144
0 0.00862623
0 0.00865103
0 0.00867582
0 0.00870062
0 0.00872541
0 0.00875021
0 0.00877501
0 0.0087998
0 0.0088246
0 0.00884939
0 0.00887419
0 0.00889898
0 0.00892378
0 0.00894858
0 0.00897337
0 0.00900098
0 0.00904795
0 0.00909492
0 0.00914189
0 0.00918885
0 0.00923582
0 0.00928279
0 0.00932976
0 0.00937673
0 0.00942369
0 0.00947066
0 0.00951763
0 0.0095646
0 0.00961157
0 0.00965853
0 0.0097055
0 0.00975247
0 0.00979944
0 0.0098464
0 0.00989337
0 0.00994034
0 0.00998731
0 0.0100343
0 0.0100812
0 0.0101282
0 0.0101752
0 0.0102221
0 0.0102691
0 0.0103161
0 0.0103631
0 0.01041
0 0.010457
0 0.010504
0 0.0105509
0 0.0105979
0 0.0106449
0 0.0106918
0 0.0107388
0 0.0107858
0 0.0108327
0 0.0108797
0 0.0109267
0 0.0109736
0 0.0110206
0 0.0110676
0 0.0111145
0 0.0111615
0 0.0112085
0 0.0112554
0 0.0113024
0 0.0113494
0 0.0113963
0 0.0114433
0 0.0114903
0 0.0115372
0 0.0115842
0 0.0116312
0 0.0116782
0 0.0117251
0 0.0117721
0 0.0118191
0 0.011866
0 0.011913
0 0.01196
0 0.0120069
0 0.0120539
0 0.0121009
0 0.0121478
0 0.0121948
0 0.0122418
0 0.0122887
0 0.0123357
0 0.0123827
0 0.0124296
0 0.0124766
0 0.0125236
0 0.0125705
0 0.0126175
0 0.0126645
0 0.0127114
0 0.0127584
0 0.0128054
0 0.0128523
0 0.0128993
0 0.0129463
0 0.0129933
0 0.0130402
0 0.0130872
0 0.0131342
0 0.0131811
0 0.0132281
0 0.0132751
0 0.013322
0 0.013369
0 0.013416
0 0.0134629
0 0.0135099
0 0.0135569
0 0.0136038
0 0.0136508
0 0.0136978
0 0.0137447
0 0.0137917
0 0.0138387
0 0.0138856
0 0.0139326
0 0.0139796
0 0.0140265
0 0.0140735
0 0.0141205
0 0.0141674
0 0.0142144
0 0.0142614
0 0.0143084
0 0.0143553
0 0.0144023
0 0.0144493
0 0.0144962
0 0.0145432
0 0.0145902
0 0.0146371
0 0.0146841
0 0.0147311
0 0.014778
0 0.014825
0 0.014872
0 0.0149189
0 0.0149659
0 0.0150129
0 0.0150598
0 0.0151068
0 0.0151538
0 0.0152007
0 0.0152477
0 0.0152947
0 0.0153416
0 0.0153886
0 0.0154356
0 0.0154825
0 0.0155295
0 0.0155765
0 0.0156235
0 0.0156704
0 0.0157174
0 0.0157644
0 0.0158113
0 0.0158583
0 0.0159053
0 0.0159522
0 0.0159992
0 0.0160462
0 0.0160931
0 0.0161401
0 0.0161871
0 0.016234
0 0.016281
0 0.016328
0 0.0163749
0 0.0164219
0 0.0164689
0 0.0165158
0 0.0165628
0 0.0166098
0 0.0166567
0 0.0167037
0 0.0167507
0 0.0167976
0 0.0168446
0 0.0168916
0 0.0169386
0 0.0169855
0 0.0170325
0 0.0170795
0 0.0171264
0 0.0171734
0 0.0172204
0 0.0172673
0 0.0173143
0 0.0173613
0 0.0174082
0 0.0174552
0 0.0175022
0 0.0175491
0 0.0175961
0 0.0176431
0 0.01769
0 0.017737
0 0.017784
0 0.0178309
0 0.0178779
0 0.0179249
0 0.0179718
0 0.0180188
0 0.0180658
0 0.0181127
0 0.0181597
0 0.0182067
0 0.0182537
0 0.0183006
0 0.0183476
0 0.0183946
0 0.0184415
0 0.0184885
0 0.0185355
0 0.0185824
0 0.0186294
0 0.0186764
0 0.0187233
0 0.0187703
0 0.0188173
0 0.0188642
0 0.0189112
0 0.0189582
0 0.0190051
0 0.0190521
0 0.0190991
0 0.019146
0 0.019193
0 0.01924
0 0.0192869
0 0.0193491
0 0.0194524
0 0.0195557
0 0.019659
0 0.0197623
0 0.0198657
0 0.019969
0 0.0200723
0 0.0201756
0 0.0202789
0 0.0203823
0 0.0204856
0 0.0205889
0 0.0206922
0 0.0207955
0 0.0208989
0 0.0210022
0 0.0211055
0 0.0212088
0 0.0213121
0 0.0214155
0 0.0215188
0 0.0216221
0 0.0217254
0 0.0218287
0 0.0219321
0 0.0220354
0 0.0221387
0 0.022242
0 0.0223453
0 0.0224487
0 0.022552
0 0.0226553
0 0.0227586
0 0.0228619
0 0.0229652
0 0.0230686
0 0.0231719
0 0.0232752
0 0.0233785
0 0.0234818
0 0.0235852
0 0.0236885
0 0.0237918
0 0.0238951
0 0.0239984
0 0.0241018
0 0.0242051
0 0.0243084
0 0.0244117
0 0.024515
0 0.0246184
0 0.0247217
0 0.024825
0 0.0249283
0 0.0248302
0 0.0247321
0 0.0246339
0 0.0245358
0 0.0244377
0 0.0243396
0 0.02425
0 0.024198
0 0.024146
0 0.0240939
0 0.0240419
0 0.0239899
0 0.0239378
0 0.0238858
0 0.0238338
0 0.0237817
0 0.0237297
0 0.0236777
0 0.0236256
0 0.0235736
0 0.0235215
0 0.0234695
0 0.0234175
0 0.0233654
0 0.0233134
0 0.0232614
0 0.0232093
0 0.0231573
0 0.0231053
0 0.0230532
0 0.0230012
0 0.0229492
0 0.0228971
0 0.0228451
0 0.0227931
0 0.022741
0 0.022689
0 0.022637
0 0.0225849
0 0.0225329
0 0.0224808
0 0.0224288
0 0.0223768
0 0.0223247
0 0.0222727
0 0.0222207
0 0.0221686
0 0.0221166
0 0.0220646
0 0.0220125
0 0.0219605
0 0.0219085
0 0.0218564
0 0.0218044
0 0.0217524
0 0.0217003
0 0.0216483
0 0.0215962
0 0.0215442
0 0.0214922
0 0.0214401
0 0.0213881
0 0.0213353
0 0.0212513
0 0.0211899
0 0.0211322
0 0.0210745
0 0.0210168
0 0.0209591
0 0.0209014
0 0.0208438
0 0.0207861
0 0.0207284
0 0.0206707
0 0.020613
0 0.0205553
0 0.0204977
0 0.02044
0 0.0203823
0 0.0203246
0 0.0202669
0 0.0202092
0 0.0201516
0 0.0200939
0 0.0200362
0 0.0199785
0 0.0199208
0 0.0198631
0 0.0198055
0 0.0197478
0 0.0196901
0 0.0196324
0 0.0195747
0 0.019517
0 0.0194594
0 0.0194017
0 0.019344
0 0.0192863
0 0.0192286
0 0.0191709
0 0.0191133
0 0.0190556
0 0.0189979
0 0.0189402
0 0.0188825
0 0.0188248
0 0.0187672
0 0.0187095
0 0.0186518
0 0.0185941
0 0.0185364
0 0.0184787
0 0.0184211
0 0.0183634
0 0.0183057
0 0.018248
0 0.0181903
0 0.0181326
0 0.018075
0 0.0180173
0 0.0179596
0 0.0179019
0 0.0178442
0 0.0177865
0 0.0177289
0 0.0176712
0 0.0176135
0 0.0175558
0 0.0174981
0 0.0174405
0 0.0173828
0 0.0173251
0 0.0172674
0 0.0172097
0 0.017152
0 0.0170944
0 0.0170367
0 0.016979
0 0.0169213
0 0.0168636
0 0.0168059
0 0.0167483
0 0.0166906
0 0.0166329
0 0.0165752
0 0.0165175
0 0.0164598
0 0.0164022
0 0.0163445
0 0.0162868
0 0.0162291
0 0.0161714
0 0.0161137
0 0.0160561
0 0.0159984
0 0.0159407
0 0.015883
0 0.0158253
0 0.0157676
0 0.01571
0 0.0156523
0 0.0155946
0 0.0155369
0 0.0154792
0 0.0154215
0 0.0153639
0 0.0153062
0 0.0152485
0 0.0151908
0 0.0151331
0 0.0150754
0 0.0150178
0 0.0149601
0 0.0149024
0 0.0148447
0 0.014787
0 0.0147293
0 0.0146717
0 0.014614
0 0.0145563
0 0.0144986
0 0.0144401
0 0.0143608
0 0.0142816
0 0.0142023
0 0.014123
0 0.0140437
0 0.0139644
0 0.0138852
0 0.0138059
0 0.0137266
0 0.0136473
0 0.013568
0 0.0134888
0 0.0134095
0 0.0133302
0 0.0132509
0 0.0131716
0 0.0130924
0 0.0130131
0 0.0129338
0 0.0128545
0 0.0127752
0 0.012696
0 0.0126167
0 0.0125404
0 0.0124833
0 0.0124262
0 0.0123691
0 0.0123119
0 0.0122548
0 0.0121977
0 0.0121406
0 0.0120835
0 0.0120264
0 0.0119693
0 0.0119122
0 0.0118551
0 0.011798
0 0.0117409
0 0.0116838
0 0.0116266
0 0.0115695
0 0.0115124
0 0.0114553
0 0.0113982
0 0.0113411
0 0.011284
0 0.0112269
0 0.0111698
0 0.0111127
0 0.0110556
0 0.0109984
0 0.0109413
0 0.0108842
0 0.0108271
0 0.01077
0 0.0107129
0 0.0106558
0 0.0105987
0 0.0105416
