14.4904 0.015
14.1459 0.03
7.22286 0.015
-0.0286716 2.71051e-20
-14.5031 -0.015
-14.1388 -0.03
-7.21284 -0.015
0.00123628 0
7.21831 0.015
14.139 0.03
7.21137 0.015
-0.000674764 6.93889e-18
-7.21136 -0.015
-14.139 -0.03
-13.7943 -0.045
-9.28726 -0.03
-4.80853 -0.015
0.00202885 8.64651e-18
7.21151 0.015
14.139 0.03
7.21127 0.015
-0.00079776 6.93889e-18
-4.80809 -0.015
-9.2999 -0.03
-13.7917 -0.045
-9.29986 -0.03
-4.808 -0.015
0.000940028 8.67362e-18
7.21137 0.015
14.139 0.03
13.7943 0.045
13.45 0.06
10.1706 0.045
6.89118 0.03
3.61179 0.015
-0.00079776 8.67362e-18
-4.80809 -0.015
-9.2999 -0.03
-13.7917 -0.045
-13.4498 -0.06
-16.411 -0.075
-13.1905 -0.06
-9.97579 -0.045
-6.76113 -0.03
-3.54647 -0.015
0.0136145 1.55854e-17
3.6119 0.015
6.89127 0.03
10.1706 0.045
13.4482 0.06
10.1693 0.045
6.89033 0.03
3.61138 0.015
0.0115026 1.38778e-17
-3.54659 -0.015
-6.76122 -0.03
-9.97585 -0.045
-13.1905 -0.06
-16.405 -0.075
-13.1904 -0.06
-9.97571 -0.045
-6.76105 -0.03
-3.54639 -0.015
0.0143397 2.77556e-17
3.61146 0.015
6.89038 0.03
10.1693 0.045
13.4481 0.06
10.1692 0.045
6.89028 0.03
3.61136 0.015
0.0122051 2.77285e-17
-3.54651 -0.015
-6.76114 -0.03
-9.97577 -0.045
-13.1904 -0.06
-16.405 -0.075
-13.1904 -0.06
-9.97571 -0.045
-6.76105 -0.03
-3.54639 -0.015
0.0143397 2.60209e-17
3.61143 0.015
6.89033 0.03
10.1692 0.045
13.4481 0.06
16.4066 0.075
19.6167 0.09
22.8278 0.105
26.0384 0.12
29.2484 0.135
32.4579 0.15
35.6668 0.165
38.8752 0.18
35.6605 0.165
32.4458 0.15
29.2312 0.135
26.0165 0.12
22.8019 0.105
19.5872 0.09
16.3725 0.075
13.1579 0.06
9.94322 0.045
6.72856 0.03
3.5139 0.015
-0.285716 1.38778e-17
-3.54651 -0.015
-6.76114 -0.03
-9.97577 -0.045
-13.1904 -0.06
-16.405 -0.075
-19.6167 -0.09
-22.8278 -0.105
-26.0384 -0.12
-29.2484 -0.135
-32.4579 -0.15
-35.6668 -0.165
-38.8752 -0.18
-35.6605 -0.165
-32.4458 -0.15
-29.2312 -0.135
-26.0165 -0.12
-22.8019 -0.105
-19.5872 -0.09
-16.3725 -0.075
-13.1579 -0.06
-9.94322 -0.045
-6.72856 -0.03
-3.5139 -0.015
0.0166852 4.33681e-17
3.51563 0.015
6.73014 0.03
9.94464 0.045
13.1591 0.06
16.3736 0.075
19.5881 0.09
22.8027 0.105
26.0172 0.12
29.2317 0.135
32.4462 0.15
35.6607 0.165
38.8752 0.18
35.6605 0.165
32.4458 0.15
29.2312 0.135
26.0165 0.12
22.8019 0.105
19.5872 0.09
16.3725 0.075
13.1579 0.06
9.94322 0.045
6.72856 0.03
3.5139 0.015
-0.0166852 1.21431e-17
-3.51563 -0.015
-6.73014 -0.03
-9.94464 -0.045
-13.1591 -0.06
-16.3736 -0.075
-19.5881 -0.09
-22.8027 -0.105
-26.0172 -0.12
-29.2317 -0.135
-32.4462 -0.15
-35.6607 -0.165
-38.8752 -0.18
-35.6605 -0.165
-32.4458 -0.15
-29.2312 -0.135
-26.0165 -0.12
-22.8019 -0.105
-19.5872 -0.09
-16.3725 -0.075
-13.1579 -0.06
-9.94322 -0.045
-6.72856 -0.03
-3.5139 -0.015
0.0166852 4.16063e-17
3.51563 0.015
6.73014 0.03
9.94464 0.045
13.1591 0.06
16.3736 0.075
19.5881 0.09
22.8027 0.105
26.0172 0.12
29.2317 0.135
32.4462 0.15
35.6607 0.165
38.8752 0.18
35.6605 0.165
32.4458 0.15
29.2312 0.135
26.0165 0.12
22.8019 0.105
19.5872 0.09
16.3725 0.075
13.1579 0.06
9.94322 0.045
6.72856 0.03
3.5139 0.015
-0.0166852 1.38778e-17
-3.51563 -0.015
-6.73014 -0.03
-9.94464 -0.045
-13.1591 -0.06
-16.3736 -0.075
-19.5881 -0.09
-22.8027 -0.105
-26.0172 -0.12
-29.2317 -0.135
-32.4462 -0.15
-35.6607 -0.165
-38.8752 -0.18
-35.6605 -0.165
-32.4458 -0.15
-29.2312 -0.135
-26.0165 -0.12
-22.8019 -0.105
-19.5872 -0.09
-16.3725 -0.075
-13.1579 -0.06
-9.94322 -0.045
-6.72856 -0.03
-3.5139 -0.015
0.0166852 4.33681e-17
3.51563 0.015
6.73014 0.03
9.94464 0.045
13.1591 0.06
16.3736 0.075
19.5881 0.09
22.8027 0.105
26.0172 0.12
29.2317 0.135
32.4462 0.15
35.6607 0.165
38.8752 0.18
42.083 0.195
45.2902 0.21
48.4968 0.225
51.7029 0.24
54.9084 0.255
58.1132 0.27
61.3175 0.285
64.5212 0.3
61.3066 0.285
58.0919 0.27
54.8772 0.255
51.6626 0.24
48.4479 0.225
45.2333 0.21
42.0186 0.195
38.8039 0.18
35.5893 0.165
32.3746 0.15
29.16 0.135
25.9453 0.12
22.7306 0.105
19.516 0.09
16.3013 0.075
13.0867 0.06
9.87199 0.045
6.65733 0.03
3.44267 0.015
-0.639999 1.38778e-17
-3.24813 -0.015
-6.53051 -0.03
-9.8224 -0.045
-13.1077 -0.06
-16.3634 -0.075
-19.5877 -0.09
-22.8027 -0.105
-26.0172 -0.12
-29.2317 -0.135
-32.4462 -0.15
-35.6607 -0.165
-38.8752 -0.18
-42.083 -0.195
-45.2902 -0.21
-48.4968 -0.225
-51.7029 -0.24
-54.9084 -0.255
-58.1132 -0.27
-61.3175 -0.285
-64.5212 -0.3
-61.3066 -0.285
-58.0919 -0.27
-54.8772 -0.255
-51.6626 -0.24
-48.4479 -0.225
-45.2333 -0.21
-42.0186 -0.195
-38.8039 -0.18
-35.5893 -0.165
-32.3746 -0.15
-29.16 -0.135
-25.9453 -0.12
-22.7306 -0.105
-19.516 -0.09
-16.3013 -0.075
-13.0867 -0.06
-9.87199 -0.045
-6.65733 -0.03
-3.44267 -0.015
0.0750813 4.16334e-17
3.4508 0.015
6.66503 0.03
9.87926 0.045
13.0935 0.06
16.3077 0.075
19.522 0.09
22.7362 0.105
25.9504 0.12
29.1647 0.135
32.3789 0.15
35.5931 0.165
38.8074 0.18
42.0216 0.195
45.2358 0.21
48.4501 0.225
51.6643 0.24
54.8785 0.255
58.0928 0.27
61.307 0.285
64.5212 0.3
61.3066 0.285
58.0919 0.27
54.8772 0.255
51.6626 0.24
48.4479 0.225
45.2333 0.21
42.0186 0.195
38.8039 0.18
35.5893 0.165
32.3746 0.15
29.16 0.135
25.9453 0.12
22.7306 0.105
19.516 0.09
16.3013 0.075
13.0867 0.06
9.87199 0.045
6.65733 0.03
3.44267 0.015
-0.0750813 -4.16334e-17
-3.4508 -0.015
-6.66503 -0.03
-9.87926 -0.045
-13.0935 -0.06
-16.3077 -0.075
-19.522 -0.09
-22.7362 -0.105
-25.9504 -0.12
-29.1647 -0.135
-32.3789 -0.15
-35.5931 -0.165
-38.8074 -0.18
-42.0216 -0.195
-45.2358 -0.21
-48.4501 -0.225
-51.6643 -0.24
-54.8785 -0.255
-58.0928 -0.27
-61.307 -0.285
-64.5212 -0.3
-61.3066 -0.285
-58.0919 -0.27
-54.8772 -0.255
-51.6626 -0.24
-48.4479 -0.225
-45.2333 -0.21
-42.0186 -0.195
-38.8039 -0.18
-35.5893 -0.165
-32.3746 -0.15
-29.16 -0.135
-25.9453 -0.12
-22.7306 -0.105
-19.516 -0.09
-16.3013 -0.075
-13.0867 -0.06
-9.87199 -0.045
-6.65733 -0.03
-3.44267 -0.015
0.0750813 -1.38778e-17
3.4508 0.015
6.66503 0.03
9.87926 0.045
13.0935 0.06
16.3077 0.075
19.522 0.09
22.7362 0.105
25.9504 0.12
29.1647 0.135
32.3789 0.15
35.5931 0.165
38.8074 0.18
42.0216 0.195
45.2358 0.21
48.4501 0.225
51.6643 0.24
54.8785 0.255
58.0928 0.27
61.307 0.285
64.5212 0.3
61.3066 0.285
58.0919 0.27
54.8772 0.255
51.6626 0.24
48.4479 0.225
45.2333 0.21
42.0186 0.195
38.8039 0.18
35.5893 0.165
32.3746 0.15
29.16 0.135
25.9453 0.12
22.7306 0.105
19.516 0.09
16.3013 0.075
13.0867 0.06
9.87199 0.045
6.65733 0.03
3.44267 0.015
-0.0750813 -1.00614e-16
-3.4508 -0.015
-6.66503 -0.03
-9.87926 -0.045
-13.0935 -0.06
-16.3077 -0.075
-19.522 -0.09
-22.7362 -0.105
-25.9504 -0.12
-29.1647 -0.135
-32.3789 -0.15
-35.5931 -0.165
-38.8074 -0.18
-42.0216 -0.195
-45.2358 -0.21
-48.4501 -0.225
-51.6643 -0.24
-54.8785 -0.255
-58.0928 -0.27
-61.307 -0.285
-64.5212 -0.3
-61.3066 -0.285
-58.0919 -0.27
-54.8772 -0.255
-51.6626 -0.24
-48.4479 -0.225
-45.2333 -0.21
-42.0186 -0.195
-38.8039 -0.18
-35.5893 -0.165
-32.3746 -0.15
-29.16 -0.135
-25.9453 -0.12
-22.7306 -0.105
-19.516 -0.09
-16.3013 -0.075
-13.0867 -0.06
-9.87199 -0.045
-6.65733 -0.03
-3.44267 -0.015
0.0750813 -1.38778e-17
3.4508 0.015
6.66503 0.03
9.87926 0.045
13.0935 0.06
16.3077 0.075
19.522 0.09
22.7362 0.105
25.9504 0.12
29.1647 0.135
32.3789 0.15
35.5931 0.165
38.8074 0.18
42.0216 0.195
45.2358 0.21
48.4501 0.225
51.6643 0.24
54.8785 0.255
58.0928 0.27
61.307 0.285
64.5212 0.3
67.7243 0.315
70.9268 0.33
74.1286 0.345
77.3298 0.36
80.5304 0.375
83.7304 0.39
86.9297 0.405
90.1284 0.42
93.3264 0.435
96.5238 0.45
93.3091 0.435
90.0945 0.42
86.8798 0.405
83.6652 0.39
80.4505 0.375
77.2358 0.36
74.0212 0.345
70.8065 0.33
67.5919 0.315
64.3772 0.3
61.1625 0.285
57.9479 0.27
54.7332 0.255
51.5186 0.24
48.3039 0.225
45.0892 0.21
41.8746 0.195
38.6599 0.18
35.4452 0.165
32.2306 0.15
29.0159 0.135
25.8013 0.12
22.5866 0.105
19.3719 0.09
16.1573 0.075
12.9426 0.06
9.72796 0.045
6.5133 0.03
3.29864 0.015
-0.236563 -4.33681e-17
-3.4508 -0.015
-6.66503 -0.03
-9.87926 -0.045
-13.0935 -0.06
-16.3077 -0.075
-19.522 -0.09
-22.7362 -0.105
-25.9504 -0.12
-29.1647 -0.135
-32.3789 -0.15
-35.5931 -0.165
-38.8074 -0.18
-42.0216 -0.195
-45.2358 -0.21
-48.4501 -0.225
-51.6643 -0.24
-54.8785 -0.255
-58.0928 -0.27
-61.307 -0.285
-64.5212 -0.3
-67.7243 -0.315
-70.9268 -0.33
-74.1286 -0.345
-77.3298 -0.36
-80.5304 -0.375
-83.7304 -0.39
-86.9297 -0.405
-90.1284 -0.42
-93.3264 -0.435
-96.5238 -0.45
-93.3091 -0.435
-90.0945 -0.42
-86.8798 -0.405
-83.6652 -0.39
-80.4505 -0.375
-77.2358 -0.36
-74.0212 -0.345
-70.8065 -0.33
-67.5919 -0.315
-64.3772 -0.3
-61.1625 -0.285
-57.9479 -0.27
-54.7332 -0.255
-51.5186 -0.24
-48.3039 -0.225
-45.0892 -0.21
-41.8746 -0.195
-38.6599 -0.18
-35.4452 -0.165
-32.2306 -0.15
-29.0159 -0.135
-25.8013 -0.12
-22.5866 -0.105
-19.3719 -0.09
-16.1573 -0.075
-12.9426 -0.06
-9.72796 -0.045
-6.5133 -0.03
-3.29864 -0.015
0.0389547 -1.56125e-17
3.32611 0.015
6.53982 0.03
9.75353 0.045
12.9672 0.06
16.181 0.075
19.3947 0.09
22.6084 0.105
25.8221 0.12
29.0358 0.135
32.2495 0.15
35.4632 0.165
38.677 0.18
41.8907 0.195
45.1044 0.21
48.3181 0.225
51.5318 0.24
54.7455 0.255
57.9592 0.27
61.173 0.285
64.3867 0.3
67.6004 0.315
70.8141 0.33
74.0278 0.345
77.2415 0.36
80.4552 0.375
83.6689 0.39
86.8827 0.405
90.0964 0.42
93.3101 0.435
96.5238 0.45
93.3091 0.435
90.0945 0.42
86.8798 0.405
83.6652 0.39
80.4505 0.375
77.2358 0.36
74.0212 0.345
70.8065 0.33
67.5919 0.315
64.3772 0.3
61.1625 0.285
57.9479 0.27
54.7332 0.255
51.5186 0.24
48.3039 0.225
45.0892 0.21
41.8746 0.195
38.6599 0.18
35.4452 0.165
32.2306 0.15
29.0159 0.135
25.8013 0.12
22.5866 0.105
19.3719 0.09
16.1573 0.075
12.9426 0.06
9.72796 0.045
6.5133 0.03
3.29864 0.015
-0.0389547 -4.16334e-17
-3.32611 -0.015
-6.53982 -0.03
-9.75353 -0.045
-12.9672 -0.06
-16.181 -0.075
-19.3947 -0.09
-22.6084 -0.105
-25.8221 -0.12
-29.0358 -0.135
-32.2495 -0.15
-35.4632 -0.165
-38.677 -0.18
-41.8907 -0.195
-45.1044 -0.21
-48.3181 -0.225
-51.5318 -0.24
-54.7455 -0.255
-57.9592 -0.27
-61.173 -0.285
-64.3867 -0.3
-67.6004 -0.315
-70.8141 -0.33
-74.0278 -0.345
-77.2415 -0.36
-80.4552 -0.375
-83.6689 -0.39
-86.8827 -0.405
-90.0964 -0.42
-93.3101 -0.435
-96.5238 -0.45
-93.3091 -0.435
-90.0945 -0.42
-86.8798 -0.405
-83.6652 -0.39
-80.4505 -0.375
-77.2358 -0.36
-74.0212 -0.345
-70.8065 -0.33
-67.5919 -0.315
-64.3772 -0.3
-61.1625 -0.285
-57.9479 -0.27
-54.7332 -0.255
-51.5186 -0.24
-48.3039 -0.225
-45.0892 -0.21
-41.8746 -0.195
-38.6599 -0.18
-35.4452 -0.165
-32.2306 -0.15
-29.0159 -0.135
-25.8013 -0.12
-22.5866 -0.105
-19.3719 -0.09
-16.1573 -0.075
-12.9426 -0.06
-9.72796 -0.045
-6.5133 -0.03
-3.29864 -0.015
0.0389547 -6.93889e-17
3.32611 0.015
6.53982 0.03
9.75353 0.045
12.9672 0.06
16.181 0.075
19.3947 0.09
22.6084 0.105
25.8221 0.12
29.0358 0.135
32.2495 0.15
35.4632 0.165
38.677 0.18
41.8907 0.195
45.1044 0.21
48.3181 0.225
51.5318 0.24
54.7455 0.255
57.9592 0.27
61.173 0.285
64.3867 0.3
67.6004 0.315
70.8141 0.33
74.0278 0.345
77.2415 0.36
80.4552 0.375
83.6689 0.39
86.8827 0.405
90.0964 0.42
93.3101 0.435
96.5238 0.45
93.3091 0.435
90.0945 0.42
86.8798 0.405
83.6652 0.39
80.4505 0.375
77.2358 0.36
74.0212 0.345
70.8065 0.33
67.5919 0.315
64.3772 0.3
61.1625 0.285
57.9479 0.27
54.7332 0.255
51.5186 0.24
48.3039 0.225
45.0892 0.21
41.8746 0.195
38.6599 0.18
35.4452 0.165
32.2306 0.15
29.0159 0.135
25.8013 0.12
22.5866 0.105
19.3719 0.09
16.1573 0.075
12.9426 0.06
9.72796 0.045
6.5133 0.03
3.29864 0.015
-0.0389547 -9.36751e-17
-3.32611 -0.015
-6.53982 -0.03
-9.75353 -0.045
-12.9672 -0.06
-16.181 -0.075
-19.3947 -0.09
-22.6084 -0.105
-25.8221 -0.12
-29.0358 -0.135
-32.2495 -0.15
-35.4632 -0.165
-38.677 -0.18
-41.8907 -0.195
-45.1044 -0.21
-48.3181 -0.225
-51.5318 -0.24
-54.7455 -0.255
-57.9592 -0.27
-61.173 -0.285
-64.3867 -0.3
-67.6004 -0.315
-70.8141 -0.33
-74.0278 -0.345
-77.2415 -0.36
-80.4552 -0.375
-83.6689 -0.39
-86.8827 -0.405
-90.0964 -0.42
-93.3101 -0.435
-96.5238 -0.45
-93.3091 -0.435
-90.0945 -0.42
-86.8798 -0.405
-83.6652 -0.39
-80.4505 -0.375
-77.2358 -0.36
-74.0212 -0.345
-70.8065 -0.33
-67.5919 -0.315
-64.3772 -0.3
-61.1625 -0.285
-57.9479 -0.27
-54.7332 -0.255
-51.5186 -0.24
-48.3039 -0.225
-45.0892 -0.21
-41.8746 -0.195
-38.6599 -0.18
-35.4452 -0.165
-32.2306 -0.15
-29.0159 -0.135
-25.8013 -0.12
-22.5866 -0.105
-19.3719 -0.09
-16.1573 -0.075
-12.9426 -0.06
-9.72796 -0.045
-6.5133 -0.03
-3.29864 -0.015
0.0389547 -6.93889e-17
3.32611 0.015
6.53982 0.03
9.75353 0.045
12.9672 0.06
16.181 0.075
19.3947 0.09
22.6084 0.105
25.8221 0.12
29.0358 0.135
32.2495 0.15
35.4632 0.165
38.677 0.18
41.8907 0.195
45.1044 0.21
48.3181 0.225
51.5318 0.24
54.7455 0.255
57.9592 0.27
61.173 0.285
64.3867 0.3
67.6004 0.315
70.8141 0.33
74.0278 0.345
77.2415 0.36
80.4552 0.375
83.6689 0.39
86.8827 0.405
90.0964 0.42
93.3101 0.435
96.5238 0.45
99.7205 0.465
102.917 0.48
106.112 0.495
108.067 0.51
108.115 0.525
108.163 0.54
108.211 0.555
108.259 0.57
108.307 0.585
108.355 0.6
105.14 0.585
101.925 0.57
98.7106 0.555
95.496 0.54
92.2813 0.525
89.0666 0.51
85.852 0.495
82.6373 0.48
79.4227 0.465
76.208 0.45
72.9933 0.435
69.7787 0.42
66.564 0.405
63.3494 0.39
60.1347 0.375
56.92 0.36
53.7054 0.345
50.4907 0.33
47.2761 0.315
44.0614 0.3
40.8467 0.285
37.6321 0.27
34.4174 0.255
31.2027 0.24
27.9881 0.225
24.7734 0.21
21.5588 0.195
18.3441 0.18
15.1294 0.165
11.9148 0.15
8.70012 0.135
5.48546 0.12
2.2708 0.105
-0.508001 0.09
-2.21269 0.075
-3.91738 0.06
-5.62207 0.045
-7.32676 0.03
-9.03145 0.015
-10.7361 -9.71445e-17
-12.4408 -0.015
-14.1455 -0.03
-15.8502 -0.045
-17.5549 -0.06
-19.2596 -0.075
-20.9643 -0.09
-23.8407 -0.105
-27.0544 -0.12
-30.2681 -0.135
-33.4818 -0.15
-36.6956 -0.165
-39.9093 -0.18
-43.123 -0.195
-46.3367 -0.21
-49.5504 -0.225
-52.7641 -0.24
-55.9778 -0.255
-59.1916 -0.27
-62.4053 -0.285
-65.619 -0.3
-68.8327 -0.315
-72.0464 -0.33
-75.2601 -0.345
-78.4738 -0.36
-81.6875 -0.375
-84.9013 -0.39
-88.115 -0.405
-91.3287 -0.42
-94.5424 -0.435
-97.7561 -0.45
-100.97 -0.465
-104.184 -0.48
-107.397 -0.495
-108.086 -0.51
-108.134 -0.525
-108.182 -0.54
-108.23 -0.555
-108.278 -0.57
-108.326 -0.585
-108.374 -0.6
-105.159 -0.585
-101.945 -0.57
-98.73 -0.555
-95.5153 -0.54
-92.3007 -0.525
-89.086 -0.51
-85.8714 -0.495
-82.6567 -0.48
-79.442 -0.465
-76.2274 -0.45
-73.0127 -0.435
-69.7981 -0.42
-66.5834 -0.405
-63.3687 -0.39
-60.1541 -0.375
-56.9394 -0.36
-53.7247 -0.345
-50.5101 -0.33
-47.2954 -0.315
-44.0808 -0.3
-40.8661 -0.285
-37.6514 -0.27
-34.4368 -0.255
-31.2221 -0.24
-28.0075 -0.225
-24.7928 -0.21
-21.5912 -0.195
-19.7777 -0.18
-18.073 -0.165
-16.3683 -0.15
-14.6636 -0.135
-12.9589 -0.12
-11.2542 -0.105
-9.54955 -0.09
-7.84486 -0.075
-6.14017 -0.06
-4.43548 -0.045
-2.73079 -0.03
-1.0261 -0.015
0.678594 -1.249e-16
2.38328 0.015
4.08797 0.03
5.79267 0.045
7.49736 0.06
9.20205 0.075
10.9067 0.09
12.6114 0.105
14.3161 0.12
16.0208 0.135
17.7255 0.15
19.4302 0.165
21.1349 0.18
22.9027 0.195
26.1162 0.21
29.3297 0.225
32.5432 0.24
35.7566 0.255
38.9701 0.27
42.1836 0.285
45.397 0.3
48.6105 0.315
51.824 0.33
55.0374 0.345
58.2509 0.36
61.4644 0.375
64.6779 0.39
67.8913 0.405
71.1048 0.42
74.3183 0.435
77.5317 0.45
80.7452 0.465
83.9587 0.48
87.1721 0.495
90.3856 0.51
93.5991 0.525
96.8126 0.54
100.026 0.555
103.24 0.57
106.453 0.585
108.374 0.6
105.16 0.585
101.945 0.57
98.7302 0.555
95.5155 0.54
92.3009 0.525
89.0862 0.51
85.8716 0.495
82.6569 0.48
79.4422 0.465
76.2276 0.45
73.0129 0.435
69.7983 0.42
66.5836 0.405
63.3689 0.39
60.1543 0.375
56.9396 0.36
53.7249 0.345
50.5103 0.33
47.2956 0.315
44.081 0.3
40.8663 0.285
37.6516 0.27
34.437 0.255
31.2223 0.24
28.0077 0.225
24.793 0.21
22.154 0.195
20.4494 0.18
18.7447 0.165
17.04 0.15
15.3353 0.135
13.6306 0.12
11.9259 0.105
10.2212 0.09
8.51652 0.075
6.81183 0.06
5.10714 0.045
3.40245 0.03
1.69776 0.015
-0.00692913 -2.08167e-16
-1.71162 -0.015
-3.41631 -0.03
-5.121 -0.045
-6.82569 -0.06
-8.53038 -0.075
-10.2351 -0.09
-11.9398 -0.105
-13.6445 -0.12
-15.3491 -0.135
-17.0538 -0.15
-18.7585 -0.165
-20.4632 -0.18
-22.1679 -0.195
-24.8961 -0.21
-28.1098 -0.225
-31.3235 -0.24
-34.5373 -0.255
-37.751 -0.27
-40.9647 -0.285
-44.1784 -0.3
-47.3921 -0.315
-50.6058 -0.33
-53.8195 -0.345
-57.0332 -0.36
-60.247 -0.375
-63.4607 -0.39
-66.6744 -0.405
-69.8881 -0.42
-73.1018 -0.435
-76.3155 -0.45
-79.5292 -0.465
-82.743 -0.48
-85.9567 -0.495
-89.1704 -0.51
-92.3841 -0.525
-95.5978 -0.54
-98.8115 -0.555
-102.025 -0.57
-105.239 -0.585
-108.375 -0.6
-105.16 -0.585
-101.946 -0.57
-98.7312 -0.555
-95.5165 -0.54
-92.3019 -0.525
-89.0872 -0.51
-85.8725 -0.495
-82.6579 -0.48
-79.4432 -0.465
-76.2285 -0.45
-73.0139 -0.435
-69.7992 -0.42
-66.5846 -0.405
-63.3699 -0.39
-60.1552 -0.375
-56.9406 -0.36
-53.7259 -0.345
-50.5113 -0.33
-47.2966 -0.315
-44.0819 -0.3
-40.8673 -0.285
-37.6526 -0.27
-34.438 -0.255
-31.2233 -0.24
-28.0086 -0.225
-24.794 -0.21
-22.1268 -0.195
-20.4221 -0.18
-18.7174 -0.165
-17.0127 -0.15
-15.308 -0.135
-13.6033 -0.12
-11.8986 -0.105
-10.194 -0.09
-8.48927 -0.075
-6.78458 -0.06
-5.07989 -0.045
-3.37519 -0.03
-1.6705 -0.015
0.0341864 -1.80411e-16
1.73888 0.015
3.44357 0.03
5.14826 0.045
6.85295 0.06
8.55764 0.075
10.2623 0.09
11.967 0.105
13.6717 0.12
15.3764 0.135
17.0811 0.15
18.7858 0.165
20.4905 0.18
22.1952 0.195
24.8287 0.21
28.0421 0.225
31.2556 0.24
34.4691 0.255
37.6826 0.27
40.896 0.285
44.1095 0.3
47.323 0.315
50.5364 0.33
53.7499 0.345
56.9634 0.36
60.1768 0.375
63.3903 0.39
66.6038 0.405
69.8173 0.42
73.0307 0.435
76.2442 0.45
79.4577 0.465
82.6711 0.48
85.8846 0.495
89.0981 0.51
92.3116 0.525
95.525 0.54
98.7385 0.555
101.952 0.57
105.165 0.585
108.374 0.6
105.16 0.585
101.945 0.57
98.7303 0.555
95.5156 0.54
92.3009 0.525
89.0863 0.51
85.8716 0.495
82.657 0.48
79.4423 0.465
76.2276 0.45
73.013 0.435
69.7983 0.42
66.5837 0.405
63.369 0.39
60.1543 0.375
56.9397 0.36
53.725 0.345
50.5104 0.33
47.2957 0.315
44.081 0.3
40.8664 0.285
37.6517 0.27
34.4371 0.255
31.2224 0.24
28.0077 0.225
24.7931 0.21
22.1927 0.195
20.488 0.18
18.7833 0.165
17.0786 0.15
15.3739 0.135
13.6692 0.12
11.9646 0.105
10.2599 0.09
8.55517 0.075
6.85048 0.06
5.14579 0.045
3.4411 0.03
1.73641 0.015
0.0317172 -2.08167e-16
-1.67297 -0.015
-3.37766 -0.03
-5.08235 -0.045
-6.78705 -0.06
-8.49174 -0.075
-10.1964 -0.09
-11.9011 -0.105
-13.6058 -0.12
-15.3105 -0.135
-17.0152 -0.15
-18.7199 -0.165
-20.4246 -0.18
-22.1293 -0.195
-24.8189 -0.21
-28.0326 -0.225
-31.2463 -0.24
-34.46 -0.255
-37.6737 -0.27
-40.8875 -0.285
-44.1012 -0.3
-47.3149 -0.315
-50.5286 -0.33
-53.7423 -0.345
-56.956 -0.36
-60.1697 -0.375
-63.3834 -0.39
-66.5972 -0.405
-69.8109 -0.42
-73.0246 -0.435
-76.2383 -0.45
-79.452 -0.465
-82.6657 -0.48
-85.8794 -0.495
-89.0932 -0.51
-92.3069 -0.525
-95.5206 -0.54
-98.7343 -0.555
-101.948 -0.57
-105.162 -0.585
-108.375 -0.6
-105.16 -0.585
-101.946 -0.57
-98.7312 -0.555
-95.5165 -0.54
-92.3019 -0.525
-89.0872 -0.51
-85.8725 -0.495
-82.6579 -0.48
-79.4432 -0.465
-76.2286 -0.45
-73.0139 -0.435
-69.7992 -0.42
-66.5846 -0.405
-63.3699 -0.39
-60.1552 -0.375
-56.9406 -0.36
-53.7259 -0.345
-50.5113 -0.33
-47.2966 -0.315
-44.0819 -0.3
-40.8673 -0.285
-37.6526 -0.27
-34.438 -0.255
-31.2233 -0.24
-28.0086 -0.225
-24.794 -0.21
-22.1291 -0.195
-20.4244 -0.18
-18.7197 -0.165
-17.015 -0.15
-15.3104 -0.135
-13.6057 -0.12
-11.901 -0.105
-10.1963 -0.09
-8.49159 -0.075
-6.7869 -0.06
-5.08221 -0.045
-3.37752 -0.03
-1.67283 -0.015
0.0318652 -1.249e-16
1.73656 0.015
3.44125 0.03
5.14594 0.045
6.85063 0.06
8.55532 0.075
10.26 0.09
11.9647 0.105
13.6694 0.12
15.3741 0.135
17.0788 0.15
18.7835 0.165
20.4882 0.18
22.1928 0.195
24.824 0.21
28.0375 0.225
31.251 0.24
34.4644 0.255
37.6779 0.27
40.8914 0.285
44.1049 0.3
47.3183 0.315
50.5318 0.33
53.7453 0.345
56.9587 0.36
60.1722 0.375
63.3857 0.39
66.5992 0.405
69.8126 0.42
73.0261 0.435
76.2396 0.45
79.453 0.465
82.6665 0.48
85.88 0.495
89.0934 0.51
92.3069 0.525
95.5204 0.54
98.7339 0.555
101.947 0.57
105.161 0.585
108.374 0.6
108.422 0.615
108.47 0.63
108.518 0.645
108.566 0.66
108.614 0.675
108.662 0.69
108.71 0.705
108.758 0.72
108.806 0.735
108.854 0.75
108.902 0.765
108.95 0.78
108.998 0.795
109.045 0.81
109.093 0.825
109.141 0.84
109.189 0.855
109.237 0.87
109.285 0.885
109.333 0.9
106.119 0.885
102.904 0.87
99.6892 0.855
96.4745 0.84
93.2599 0.825
90.0452 0.81
86.8305 0.795
83.6159 0.78
80.4012 0.765
77.1866 0.75
73.9719 0.735
70.7572 0.72
67.5426 0.705
64.3279 0.69
61.1133 0.675
57.8986 0.66
54.6839 0.645
51.4693 0.63
48.2546 0.615
45.0399 0.6
41.8253 0.585
38.6106 0.57
35.396 0.555
32.1813 0.54
28.9666 0.525
25.752 0.51
22.5831 0.495
21.0435 0.48
19.2976 0.465
17.5875 0.45
15.8828 0.435
14.1781 0.42
12.4734 0.405
10.7687 0.39
9.064 0.375
7.35931 0.36
5.65461 0.345
3.94992 0.33
2.24523 0.315
0.540542 0.3
-1.16415 0.285
-2.86884 0.27
-4.57353 0.255
-6.27822 0.24
-7.98291 0.225
-9.6876 0.21
-11.3923 0.195
-13.097 0.18
-14.8017 0.165
-16.5064 0.15
-18.2111 0.135
-19.9157 0.12
-21.6204 0.105
-23.3251 0.09
-25.0298 0.075
-26.7345 0.06
-28.4392 0.045
-30.1439 0.03
-31.8486 0.015
-33.5533 -2.08167e-16
-35.258 -0.015
-36.9627 -0.03
-38.6673 -0.045
-40.372 -0.06
-42.0767 -0.075
-43.7814 -0.09
-45.4861 -0.105
-47.1908 -0.12
-48.8955 -0.135
-50.6002 -0.15
-52.3049 -0.165
-54.0096 -0.18
-55.7142 -0.195
-57.4189 -0.21
-59.1236 -0.225
-60.0213 -0.24
-60.9022 -0.255
-61.783 -0.27
-62.6639 -0.285
-63.5447 -0.3
-64.4256 -0.315
-65.3065 -0.33
-66.1873 -0.345
-67.0682 -0.36
-67.949 -0.375
-68.8299 -0.39
-69.7107 -0.405
-72.5099 -0.42
-75.7161 -0.435
-78.9222 -0.45
-82.1283 -0.465
-85.3344 -0.48
-88.5405 -0.495
-91.7466 -0.51
-94.9527 -0.525
-98.1588 -0.54
-101.365 -0.555
-104.571 -0.57
-107.777 -0.585
-108.414 -0.6
-108.462 -0.615
-108.51 -0.63
-108.558 -0.645
-108.606 -0.66
-108.654 -0.675
-108.702 -0.69
-108.75 -0.705
-108.798 -0.72
-108.846 -0.735
-108.894 -0.75
-108.942 -0.765
-108.989 -0.78
-109.037 -0.795
-109.085 -0.81
-109.133 -0.825
-109.181 -0.84
-109.229 -0.855
-109.277 -0.87
-109.325 -0.885
-109.373 -0.9
-106.158 -0.885
-102.944 -0.87
-99.7291 -0.855
-96.5144 -0.84
-93.2997 -0.825
-90.0851 -0.81
-86.8704 -0.795
-83.6558 -0.78
-80.4411 -0.765
-77.2264 -0.75
-74.0118 -0.735
-70.7971 -0.72
-67.8943 -0.705
-66.1896 -0.69
-64.4849 -0.675
-62.7802 -0.66
-61.0755 -0.645
-59.3708 -0.63
-57.6661 -0.615
-55.9615 -0.6
-54.2568 -0.585
-52.5521 -0.57
-50.8474 -0.555
-49.1427 -0.54
-47.438 -0.525
-45.7333 -0.51
-44.0286 -0.495
-42.3239 -0.48
-40.6192 -0.465
-38.9145 -0.45
-37.2099 -0.435
-35.5052 -0.42
-33.8005 -0.405
-32.0958 -0.39
-30.3911 -0.375
-28.6864 -0.36
-26.9817 -0.345
-25.277 -0.33
-23.5723 -0.315
-21.8676 -0.3
-20.1629 -0.285
-18.4583 -0.27
-16.7536 -0.255
-15.0489 -0.24
-13.3442 -0.225
-11.6395 -0.21
-9.93481 -0.195
-8.23012 -0.18
-6.52542 -0.165
-4.82073 -0.15
-3.11604 -0.135
-1.41135 -0.12
0.293338 -0.105
1.99803 -0.09
3.70272 -0.075
5.40741 -0.06
7.1121 -0.045
8.81679 -0.03
10.5215 -0.015
12.2262 -1.249e-16
13.9309 0.015
15.6356 0.03
17.3402 0.045
19.0449 0.06
20.7496 0.075
22.4543 0.09
24.159 0.105
25.8637 0.12
27.5684 0.135
29.2731 0.15
30.9778 0.165
32.6825 0.18
34.3872 0.195
36.0918 0.21
37.7965 0.225
39.5012 0.24
41.2059 0.255
42.9106 0.27
44.6153 0.285
46.32 0.3
48.0247 0.315
49.7294 0.33
51.4341 0.345
53.1387 0.36
54.8434 0.375
56.5481 0.39
58.2528 0.405
59.2999 0.42
60.1726 0.435
61.0453 0.45
61.9179 0.465
62.7906 0.48
63.6633 0.495
64.5359 0.51
65.4086 0.525
66.2813 0.54
67.1539 0.555
68.0266 0.57
68.8993 0.585
69.7719 0.6
71.4187 0.615
74.6245 0.63
77.8303 0.645
81.0361 0.66
84.2419 0.675
87.3262 0.69
88.996 0.705
90.6658 0.72
92.3355 0.735
94.0053 0.75
95.6751 0.765
97.3449 0.78
99.0147 0.795
100.684 0.81
102.354 0.825
104.024 0.84
105.694 0.855
107.364 0.87
109.033 0.885
109.372 0.9
106.158 0.885
102.943 0.87
99.7285 0.855
96.5139 0.84
93.2992 0.825
90.0845 0.81
86.8699 0.795
83.6552 0.78
80.4405 0.765
77.2259 0.75
74.0112 0.735
70.7966 0.72
68.129 0.705
66.4243 0.69
64.7196 0.675
63.0149 0.66
61.3102 0.645
59.6055 0.63
57.9009 0.615
56.1962 0.6
54.4915 0.585
52.7868 0.57
51.0821 0.555
49.3774 0.54
47.6727 0.525
45.968 0.51
44.2633 0.495
42.5586 0.48
40.8539 0.465
39.1493 0.45
37.4446 0.435
35.7399 0.42
34.0352 0.405
32.3305 0.39
30.6258 0.375
28.9211 0.36
27.2164 0.345
25.5117 0.33
23.807 0.315
22.1024 0.3
20.3977 0.285
18.693 0.27
16.9883 0.255
15.2836 0.24
13.5789 0.225
11.8742 0.21
10.1695 0.195
8.46483 0.18
6.76014 0.165
5.05544 0.15
3.35075 0.135
1.64606 0.12
-0.0586276 0.105
-1.76332 0.09
-3.46801 0.075
-5.1727 0.06
-6.87739 0.045
-8.58208 0.03
-10.2868 0.015
-11.9915 -2.08167e-16
-13.6962 -0.015
-15.4008 -0.03
-17.1055 -0.045
-18.8102 -0.06
-20.5149 -0.075
-22.2196 -0.09
-23.9243 -0.105
-25.629 -0.12
-27.3337 -0.135
-29.0384 -0.15
-30.7431 -0.165
-32.4477 -0.18
-34.1524 -0.195
-35.8571 -0.21
-37.5618 -0.225
-39.2665 -0.24
-40.9712 -0.255
-42.6759 -0.27
-44.3806 -0.285
-46.0853 -0.3
-47.79 -0.315
-49.4947 -0.33
-51.1993 -0.345
-52.904 -0.36
-54.6087 -0.375
-56.3134 -0.39
-58.0181 -0.405
-59.1834 -0.42
-60.0562 -0.435
-60.929 -0.45
-61.8018 -0.465
-62.6746 -0.48
-63.5473 -0.495
-64.4201 -0.51
-65.2929 -0.525
-66.1657 -0.54
-67.0384 -0.555
-67.9112 -0.57
-68.784 -0.585
-69.6568 -0.6
-71.0733 -0.615
-74.2794 -0.63
-77.4854 -0.645
-80.6915 -0.66
-83.8975 -0.675
-86.3502 -0.69
-87.9956 -0.705
-89.6411 -0.72
-91.2866 -0.735
-92.9321 -0.75
-94.5775 -0.765
-96.223 -0.78
-97.8685 -0.795
-99.514 -0.81
-101.159 -0.825
-102.805 -0.84
-104.45 -0.855
-106.096 -0.87
-107.741 -0.885
-109.373 -0.9
-106.159 -0.885
-102.944 -0.87
-99.7295 -0.855
-96.5148 -0.84
-93.3001 -0.825
-90.0855 -0.81
-86.8708 -0.795
-83.6562 -0.78
-80.4415 -0.765
-77.2268 -0.75
-74.0122 -0.735
-70.7975 -0.72
-68.1148 -0.705
-66.4101 -0.69
-64.7055 -0.675
-63.0008 -0.66
-61.2961 -0.645
-59.5914 -0.63
-57.8867 -0.615
-56.182 -0.6
-54.4773 -0.585
-52.7726 -0.57
-51.0679 -0.555
-49.3632 -0.54
-47.6585 -0.525
-45.9539 -0.51
-44.2492 -0.495
-42.5445 -0.48
-40.8398 -0.465
-39.1351 -0.45
-37.4304 -0.435
-35.7257 -0.42
-34.021 -0.405
-32.3163 -0.39
-30.6116 -0.375
-28.9069 -0.36
-27.2023 -0.345
-25.4976 -0.33
-23.7929 -0.315
-22.0882 -0.3
-20.3835 -0.285
-18.6788 -0.27
-16.9741 -0.255
-15.2694 -0.24
-13.5647 -0.225
-11.86 -0.21
-10.1554 -0.195
-8.45066 -0.18
-6.74597 -0.165
-5.04128 -0.15
-3.33659 -0.135
-1.6319 -0.12
0.0727924 -0.105
1.77748 -0.09
3.48217 -0.075
5.18686 -0.06
6.89155 -0.045
8.59625 -0.03
10.3009 -0.015
12.0056 -1.249e-16
13.7103 0.015
15.415 0.03
17.1197 0.045
18.8244 0.06
20.5291 0.075
22.2338 0.09
23.9385 0.105
25.6432 0.12
27.3478 0.135
29.0525 0.15
30.7572 0.165
32.4619 0.18
34.1666 0.195
35.8713 0.21
37.576 0.225
39.2807 0.24
40.9854 0.255
42.6901 0.27
44.3947 0.285
46.0994 0.3
47.8041 0.315
49.5088 0.33
51.2135 0.345
52.9182 0.36
54.6229 0.375
56.3276 0.39
58.0323 0.405
59.1843 0.42
60.0569 0.435
60.9295 0.45
61.8021 0.465
62.6747 0.48
63.5473 0.495
64.4199 0.51
65.2924 0.525
66.165 0.54
67.0376 0.555
67.9102 0.57
68.7828 0.585
69.6554 0.6
70.9778 0.615
74.1836 0.63
77.3894 0.645
80.5952 0.66
83.801 0.675
86.3261 0.69
87.9723 0.705
89.6185 0.72
91.2646 0.735
92.9108 0.75
94.557 0.765
96.2032 0.78
97.8494 0.795
99.4955 0.81
101.142 0.825
102.788 0.84
104.434 0.855
106.08 0.87
107.726 0.885
109.373 0.9
106.158 0.885
102.943 0.87
99.7285 0.855
96.5139 0.84
93.2992 0.825
90.0845 0.81
86.8699 0.795
83.6552 0.78
80.4406 0.765
77.2259 0.75
74.0112 0.735
70.7966 0.72
68.1312 0.705
66.4265 0.69
64.7218 0.675
63.0171 0.66
61.3125 0.645
59.6078 0.63
57.9031 0.615
56.1984 0.6
54.4937 0.585
52.789 0.57
51.0843 0.555
49.3796 0.54
47.6749 0.525
45.9702 0.51
44.2656 0.495
42.5609 0.48
40.8562 0.465
39.1515 0.45
37.4468 0.435
35.7421 0.42
34.0374 0.405
32.3327 0.39
30.628 0.375
28.9233 0.36
27.2186 0.345
25.514 0.33
23.8093 0.315
22.1046 0.3
20.3999 0.285
18.6952 0.27
16.9905 0.255
15.2858 0.24
13.5811 0.225
11.8764 0.21
10.1717 0.195
8.46705 0.18
6.76236 0.165
5.05767 0.15
3.35298 0.135
1.64829 0.12
-0.0564046 0.105
-1.7611 0.09
-3.46579 0.075
-5.17048 0.06
-6.87517 0.045
-8.57986 0.03
-10.2845 0.015
-11.9892 -2.08167e-16
-13.6939 -0.015
-15.3986 -0.03
-17.1033 -0.045
-18.808 -0.06
-20.5127 -0.075
-22.2174 -0.09
-23.9221 -0.105
-25.6268 -0.12
-27.3315 -0.135
-29.0361 -0.15
-30.7408 -0.165
-32.4455 -0.18
-34.1502 -0.195
-35.8549 -0.21
-37.5596 -0.225
-39.2643 -0.24
-40.969 -0.255
-42.6737 -0.27
-44.3784 -0.285
-46.0831 -0.3
-47.7877 -0.315
-49.4924 -0.33
-51.1971 -0.345
-52.9018 -0.36
-54.6065 -0.375
-56.3112 -0.39
-58.0159 -0.405
-59.1823 -0.42
-60.0551 -0.435
-60.9278 -0.45
-61.8006 -0.465
-62.6734 -0.48
-63.5462 -0.495
-64.4189 -0.51
-65.2917 -0.525
-66.1645 -0.54
-67.0373 -0.555
-67.91 -0.57
-68.7828 -0.585
-69.6556 -0.6
-71.0689 -0.615
-74.2749 -0.63
-77.481 -0.645
-80.687 -0.66
-83.8931 -0.675
-86.3401 -0.69
-87.9853 -0.705
-89.6306 -0.72
-91.2758 -0.735
-92.9211 -0.75
-94.5663 -0.765
-96.2115 -0.78
-97.8568 -0.795
-99.502 -0.81
-101.147 -0.825
-102.792 -0.84
-104.438 -0.855
-106.083 -0.87
-107.728 -0.885
-109.373 -0.9
-106.159 -0.885
-102.944 -0.87
-99.7295 -0.855
-96.5148 -0.84
-93.3001 -0.825
-90.0855 -0.81
-86.8708 -0.795
-83.6562 -0.78
-80.4415 -0.765
-77.2268 -0.75
-74.0122 -0.735
-70.7975 -0.72
-68.1149 -0.705
-66.4102 -0.69
-64.7055 -0.675
-63.0008 -0.66
-61.2961 -0.645
-59.5914 -0.63
-57.8867 -0.615
-56.182 -0.6
-54.4773 -0.585
-52.7726 -0.57
-51.0679 -0.555
-49.3633 -0.54
-47.6586 -0.525
-45.9539 -0.51
-44.2492 -0.495
-42.5445 -0.48
-40.8398 -0.465
-39.1351 -0.45
-37.4304 -0.435
-35.7257 -0.42
-34.021 -0.405
-32.3164 -0.39
-30.6117 -0.375
-28.907 -0.36
-27.2023 -0.345
-25.4976 -0.33
-23.7929 -0.315
-22.0882 -0.3
-20.3835 -0.285
-18.6788 -0.27
-16.9741 -0.255
-15.2694 -0.24
-13.5648 -0.225
-11.8601 -0.21
-10.1554 -0.195
-8.45068 -0.18
-6.74599 -0.165
-5.0413 -0.15
-3.33661 -0.135
-1.63192 -0.12
0.0727699 -0.105
1.77746 -0.09
3.48215 -0.075
5.18684 -0.06
6.89153 -0.045
8.59622 -0.03
10.3009 -0.015
12.0056 -1.249e-16
13.7103 0.015
15.415 0.03
17.1197 0.045
18.8244 0.06
20.5291 0.075
22.2337 0.09
23.9384 0.105
25.6431 0.12
27.3478 0.135
29.0525 0.15
30.7572 0.165
32.4619 0.18
34.1666 0.195
35.8713 0.21
37.576 0.225
39.2807 0.24
40.9853 0.255
42.69 0.27
44.3947 0.285
46.0994 0.3
47.8041 0.315
49.5088 0.33
51.2135 0.345
52.9182 0.36
54.6229 0.375
56.3276 0.39
58.0323 0.405
59.1843 0.42
60.0569 0.435
60.9295 0.45
61.8021 0.465
62.6747 0.48
63.5473 0.495
64.4198 0.51
65.2924 0.525
66.165 0.54
67.0376 0.555
67.9102 0.57
68.7828 0.585
69.6553 0.6
70.9778 0.615
74.1836 0.63
77.3894 0.645
80.5951 0.66
83.8009 0.675
86.326 0.69
87.9722 0.705
89.6183 0.72
91.2645 0.735
92.9107 0.75
94.5569 0.765
96.2031 0.78
97.8492 0.795
99.4954 0.81
101.142 0.825
102.788 0.84
104.434 0.855
106.08 0.87
107.726 0.885
109.373 0.9
109.42 0.915
109.468 0.93
109.516 0.945
109.564 0.96
109.612 0.975
109.66 0.99
109.708 1.005
109.756 1.02
109.804 1.035
109.852 1.05
109.9 1.065
109.948 1.08
109.996 1.095
110.044 1.11
110.092 1.125
110.14 1.14
110.188 1.155
110.235 1.17
110.283 1.185
110.331 1.2
110.379 1.215
107.165 1.2
103.95 1.185
100.735 1.17
97.5207 1.155
94.306 1.14
91.0914 1.125
87.8767 1.11
84.662 1.095
81.4474 1.08
78.2327 1.065
75.0181 1.05
71.8034 1.035
68.6085 1.02
66.9449 1.005
65.2363 0.99
63.5316 0.975
61.8269 0.96
60.1222 0.945
58.4175 0.93
56.7128 0.915
55.0081 0.9
53.3034 0.885
51.5987 0.87
49.894 0.855
48.1893 0.84
46.4847 0.825
44.78 0.81
43.0753 0.795
41.3706 0.78
39.6659 0.765
37.9612 0.75
36.2565 0.735
34.5518 0.72
32.8471 0.705
31.1424 0.69
29.4377 0.675
27.7331 0.66
26.0284 0.645
24.3237 0.63
22.619 0.615
20.9143 0.6
19.2096 0.585
17.5049 0.57
15.8002 0.555
14.0955 0.54
12.3908 0.525
10.6861 0.51
8.98146 0.495
7.27677 0.48
5.57207 0.465
3.86738 0.45
2.16269 0.435
0.458003 0.42
-1.09185 0.405
-2.63453 0.39
-4.1772 0.375
-5.71988 0.36
-7.26256 0.345
-8.80523 0.33
-10.3479 0.315
-11.8906 0.3
-13.4333 0.285
-14.9759 0.27
-16.5186 0.255
-18.0613 0.24
-19.604 0.225
-21.1466 0.21
-22.6893 0.195
-24.232 0.18
-25.7747 0.165
-27.3174 0.15
-28.86 0.135
-30.4027 0.12
-31.9454 0.105
-33.4881 0.09
-35.0307 0.075
-36.5734 0.06
-38.1161 0.045
-39.6588 0.03
-41.2014 0.015
-42.7441 -9.71445e-17
-44.2868 -0.015
-45.8295 -0.03
-47.3722 -0.045
-48.9148 -0.06
-50.4575 -0.075
-52.0002 -0.09
-53.4927 -0.105
-54.1995 -0.12
-54.9064 -0.135
-55.6132 -0.15
-56.32 -0.165
-57.0269 -0.18
-57.7337 -0.195
-58.4406 -0.21
-59.1474 -0.225
-59.8542 -0.24
-60.5611 -0.255
-61.2679 -0.27
-61.9747 -0.285
-62.6816 -0.3
-63.3884 -0.315
-64.0952 -0.33
-64.8021 -0.345
-65.5089 -0.36
-66.2158 -0.375
-66.9226 -0.39
-67.6294 -0.405
-68.3363 -0.42
-69.0431 -0.435
-69.7499 -0.45
-70.4568 -0.465
-71.1636 -0.48
-71.8705 -0.495
-72.5773 -0.51
-73.2841 -0.525
-73.991 -0.54
-74.6978 -0.555
-75.4046 -0.57
-76.1115 -0.585
-76.8183 -0.6
-77.5252 -0.615
-78.232 -0.63
-78.9388 -0.645
-81.2545 -0.66
-84.4595 -0.675
-86.6161 -0.69
-88.2606 -0.705
-89.9052 -0.72
-91.5497 -0.735
-93.1943 -0.75
-94.8388 -0.765
-96.4834 -0.78
-98.1279 -0.795
-99.7725 -0.81
-101.417 -0.825
-103.062 -0.84
-104.706 -0.855
-106.351 -0.87
-107.995 -0.885
-109.381 -0.9
-109.429 -0.915
-109.477 -0.93
-109.525 -0.945
-109.573 -0.96
-109.621 -0.975
-109.669 -0.99
-109.717 -1.005
-109.765 -1.02
-109.813 -1.035
-109.861 -1.05
-109.909 -1.065
-109.957 -1.08
-110.004 -1.095
-110.052 -1.11
-110.1 -1.125
-110.148 -1.14
-110.196 -1.155
-110.244 -1.17
-110.292 -1.185
-110.34 -1.2
-110.388 -1.215
-107.173 -1.2
-103.959 -1.185
-100.744 -1.17
-97.5294 -1.155
-94.3147 -1.14
-91.1001 -1.125
-87.8854 -1.11
-84.6707 -1.095
-81.4561 -1.08
-78.2414 -1.065
-76.2977 -1.05
-74.5931 -1.035
-72.8884 -1.02
-71.1837 -1.005
-69.479 -0.99
-67.7743 -0.975
-66.0696 -0.96
-64.3649 -0.945
-62.6602 -0.93
-60.9555 -0.915
-59.2508 -0.9
-57.5462 -0.885
-55.8415 -0.87
-54.1368 -0.855
-52.4321 -0.84
-50.7274 -0.825
-49.0227 -0.81
-47.318 -0.795
-45.6133 -0.78
-43.9086 -0.765
-42.2039 -0.75
-40.4992 -0.735
-38.7946 -0.72
-37.0899 -0.705
-35.3852 -0.69
-33.6805 -0.675
-31.9758 -0.66
-30.2711 -0.645
-28.5664 -0.63
-26.8617 -0.615
-25.157 -0.6
-23.4523 -0.585
-21.7476 -0.57
-20.043 -0.555
-18.3383 -0.54
-16.6336 -0.525
-14.9289 -0.51
-13.2242 -0.495
-11.5195 -0.48
-9.81481 -0.465
-8.11012 -0.45
-6.40543 -0.435
-4.70074 -0.42
-2.99605 -0.405
-1.29136 -0.39
0.336589 -0.375
1.8769 -0.36
3.41721 -0.345
4.95752 -0.33
6.49783 -0.315
8.03814 -0.3
9.57844 -0.285
11.1188 -0.27
12.6591 -0.255
14.1994 -0.24
15.7397 -0.225
17.28 -0.21
18.8203 -0.195
20.3606 -0.18
21.9009 -0.165
23.4412 -0.15
24.9815 -0.135
26.5218 -0.12
28.0622 -0.105
29.6025 -0.09
31.1428 -0.075
32.6831 -0.06
34.2234 -0.045
35.7637 -0.03
37.304 -0.015
38.8443 -6.93889e-17
40.3846 0.015
41.9249 0.03
43.4652 0.045
45.0056 0.06
46.5459 0.075
48.0862 0.09
49.6265 0.105
51.1668 0.12
52.7071 0.135
53.8155 0.15
54.5211 0.165
55.2268 0.18
55.9325 0.195
56.6382 0.21
57.3439 0.225
58.0495 0.24
58.7552 0.255
59.4609 0.27
60.1666 0.285
60.8722 0.3
61.5779 0.315
62.2836 0.33
62.8779 0.345
63.393 0.36
63.9081 0.375
64.4232 0.39
64.9383 0.405
65.4534 0.42
65.9684 0.435
66.4835 0.45
66.9986 0.465
67.5137 0.48
68.0288 0.495
68.5439 0.51
69.059 0.525
69.5741 0.54
70.0892 0.555
70.6043 0.57
71.1194 0.585
71.6345 0.6
72.1496 0.615
72.6647 0.63
73.1798 0.645
73.6949 0.66
74.2099 0.675
74.725 0.69
75.2401 0.705
75.7552 0.72
76.2703 0.735
76.7854 0.75
77.3005 0.765
77.8156 0.78
78.3307 0.795
78.8458 0.81
79.4866 0.825
80.6822 0.84
81.8779 0.855
83.0736 0.87
84.2693 0.885
85.4649 0.9
86.6606 0.915
87.8563 0.93
89.0519 0.945
90.2476 0.96
91.4433 0.975
92.6389 0.99
93.8346 1.005
95.0303 1.02
96.226 1.035
97.4216 1.05
98.6173 1.065
99.813 1.08
101.009 1.095
102.204 1.11
103.4 1.125
104.596 1.14
105.791 1.155
106.987 1.17
108.183 1.185
109.378 1.2
110.387 1.215
107.172 1.2
103.958 1.185
100.743 1.17
97.5285 1.155
94.3138 1.14
91.0992 1.125
87.8845 1.11
84.6698 1.095
81.4552 1.08
78.2405 1.065
76.3341 1.05
74.6294 1.035
72.9247 1.02
71.2201 1.005
69.5154 0.99
67.8107 0.975
66.106 0.96
64.4013 0.945
62.6966 0.93
60.9919 0.915
59.2872 0.9
57.5825 0.885
55.8778 0.87
54.1731 0.855
52.4685 0.84
50.7638 0.825
49.0591 0.81
47.3544 0.795
45.6497 0.78
43.945 0.765
42.2403 0.75
40.5356 0.735
38.8309 0.72
37.1262 0.705
35.4216 0.69
33.7169 0.675
32.0122 0.66
30.3075 0.645
28.6028 0.63
26.8981 0.615
25.1934 0.6
23.4887 0.585
21.784 0.57
20.0793 0.555
18.3746 0.54
16.67 0.525
14.9653 0.51
13.2606 0.495
11.5559 0.48
9.85119 0.465
8.1465 0.45
6.44181 0.435
4.73712 0.42
3.03243 0.405
1.32774 0.39
-0.303827 0.375
-1.84438 0.36
-3.38493 0.345
-4.92549 0.33
-6.46604 0.315
-8.00659 0.3
-9.54714 0.285
-11.0877 0.27
-12.6282 0.255
-14.1688 0.24
-15.7094 0.225
-17.2499 0.21
-18.7905 0.195
-20.331 0.18
-21.8716 0.165
-23.4121 0.15
-24.9527 0.135
-26.4932 0.12
-28.0338 0.105
-29.5743 0.09
-31.1149 0.075
-32.6554 0.06
-34.196 0.045
-35.7365 0.03
-37.2771 0.015
-38.8176 -2.09902e-16
-40.3582 -0.015
-41.8987 -0.03
-43.4393 -0.045
-44.9799 -0.06
-46.5204 -0.075
-48.061 -0.09
-49.6015 -0.105
-51.1421 -0.12
-52.6826 -0.135
-53.8044 -0.15
-54.5102 -0.165
-55.216 -0.18
-55.9218 -0.195
-56.6276 -0.21
-57.3334 -0.225
-58.0391 -0.24
-58.7449 -0.255
-59.4507 -0.27
-60.1565 -0.285
-60.8623 -0.3
-61.5681 -0.315
-62.2739 -0.33
-62.8369 -0.345
-63.3514 -0.36
-63.866 -0.375
-64.3806 -0.39
-64.8951 -0.405
-65.4097 -0.42
-65.9243 -0.435
-66.4389 -0.45
-66.9534 -0.465
-67.468 -0.48
-67.9826 -0.495
-68.4971 -0.51
-69.0117 -0.525
-69.5263 -0.54
-70.0408 -0.555
-70.5554 -0.57
-71.07 -0.585
-71.5846 -0.6
-72.0991 -0.615
-72.6137 -0.63
-73.1283 -0.645
-73.6428 -0.66
-74.1574 -0.675
-74.672 -0.69
-75.1866 -0.705
-75.7011 -0.72
-76.2157 -0.735
-76.7303 -0.75
-77.2448 -0.765
-77.7594 -0.78
-78.274 -0.795
-78.7885 -0.81
-79.3828 -0.825
-80.5754 -0.84
-81.7679 -0.855
-82.9605 -0.87
-84.153 -0.885
-85.3456 -0.9
-86.5381 -0.915
-87.7307 -0.93
-88.9232 -0.945
-90.1158 -0.96
-91.3083 -0.975
-92.5009 -0.99
-93.6934 -1.005
-94.886 -1.02
-96.0785 -1.035
-97.2711 -1.05
-98.4636 -1.065
-99.6562 -1.08
-100.849 -1.095
-102.041 -1.11
-103.234 -1.125
-104.426 -1.14
-105.619 -1.155
-106.812 -1.17
-108.004 -1.185
-109.197 -1.2
-110.388 -1.215
-107.173 -1.2
-103.959 -1.185
-100.744 -1.17
-97.5294 -1.155
-94.3148 -1.14
-91.1001 -1.125
-87.8854 -1.11
-84.6708 -1.095
-81.4561 -1.08
-78.2415 -1.065
-76.3229 -1.05
-74.6182 -1.035
-72.9136 -1.02
-71.2089 -1.005
-69.5042 -0.99
-67.7995 -0.975
-66.0948 -0.96
-64.3901 -0.945
-62.6854 -0.93
-60.9807 -0.915
-59.276 -0.9
-57.5713 -0.885
-55.8666 -0.87
-54.162 -0.855
-52.4573 -0.84
-50.7526 -0.825
-49.0479 -0.81
-47.3432 -0.795
-45.6385 -0.78
-43.9338 -0.765
-42.2291 -0.75
-40.5244 -0.735
-38.8197 -0.72
-37.1151 -0.705
-35.4104 -0.69
-33.7057 -0.675
-32.001 -0.66
-30.2963 -0.645
-28.5916 -0.63
-26.8869 -0.615
-25.1822 -0.6
-23.4775 -0.585
-21.7728 -0.57
-20.0681 -0.555
-18.3635 -0.54
-16.6588 -0.525
-14.9541 -0.51
-13.2494 -0.495
-11.5447 -0.48
-9.84 -0.465
-8.13531 -0.45
-6.43062 -0.435
-4.72593 -0.42
-3.02124 -0.405
-1.31655 -0.39
0.313824 -0.375
1.85412 -0.36
3.39442 -0.345
4.93471 -0.33
6.47501 -0.315
8.01531 -0.3
9.55561 -0.285
11.0959 -0.27
12.6362 -0.255
14.1765 -0.24
15.7168 -0.225
17.2571 -0.21
18.7974 -0.195
20.3377 -0.18
21.878 -0.165
23.4183 -0.15
24.9586 -0.135
26.4989 -0.12
28.0392 -0.105
29.5795 -0.09
31.1198 -0.075
32.6601 -0.06
34.2004 -0.045
35.7407 -0.03
37.2809 -0.015
38.8212 -4.16334e-17
40.3615 0.015
41.9018 0.03
43.4421 0.045
44.9824 0.06
46.5227 0.075
48.063 0.09
49.6033 0.105
51.1436 0.12
52.6839 0.135
53.8048 0.15
54.5105 0.165
55.2162 0.18
55.9219 0.195
56.6275 0.21
57.3332 0.225
58.0389 0.24
58.7445 0.255
59.4502 0.27
60.1559 0.285
60.8616 0.3
61.5672 0.315
62.2729 0.33
62.8422 0.345
63.3568 0.36
63.8714 0.375
64.386 0.39
64.9006 0.405
65.4152 0.42
65.9298 0.435
66.4445 0.45
66.9591 0.465
67.4737 0.48
67.9883 0.495
68.5029 0.51
69.0175 0.525
69.5321 0.54
70.0467 0.555
70.5613 0.57
71.0759 0.585
71.5905 0.6
72.1051 0.615
72.6198 0.63
73.1344 0.645
73.649 0.66
74.1636 0.675
74.6782 0.69
75.1928 0.705
75.7074 0.72
76.222 0.735
76.7366 0.75
77.2512 0.765
77.7658 0.78
78.2804 0.795
78.7951 0.81
79.3672 0.825
80.5602 0.84
81.7533 0.855
82.9464 0.87
84.1395 0.885
85.3325 0.9
86.5256 0.915
87.7187 0.93
88.9118 0.945
90.1048 0.96
91.2979 0.975
92.491 0.99
93.6841 1.005
94.8771 1.02
96.0702 1.035
97.2633 1.05
98.4564 1.065
99.6495 1.08
100.843 1.095
102.036 1.11
103.229 1.125
104.422 1.14
105.615 1.155
106.808 1.17
108.001 1.185
109.194 1.2
110.387 1.215
107.172 1.2
103.958 1.185
100.743 1.17
97.5285 1.155
94.3138 1.14
91.0992 1.125
87.8845 1.11
84.6698 1.095
81.4552 1.08
78.2405 1.065
76.3343 1.05
74.6296 1.035
72.9249 1.02
71.2202 1.005
69.5155 0.99
67.8108 0.975
66.1061 0.96
64.4014 0.945
62.6967 0.93
60.9921 0.915
59.2874 0.9
57.5827 0.885
55.878 0.87
54.1733 0.855
52.4686 0.84
50.7639 0.825
49.0592 0.81
47.3545 0.795
45.6498 0.78
43.9452 0.765
42.2405 0.75
40.5358 0.735
38.8311 0.72
37.1264 0.705
35.4217 0.69
33.717 0.675
32.0123 0.66
30.3076 0.645
28.6029 0.63
26.8982 0.615
25.1936 0.6
23.4889 0.585
21.7842 0.57
20.0795 0.555
18.3748 0.54
16.6701 0.525
14.9654 0.51
13.2607 0.495
11.556 0.48
9.85134 0.465
8.14665 0.45
6.44196 0.435
4.73727 0.42
3.03258 0.405
1.32789 0.39
-0.303694 0.375
-1.84425 0.36
-3.3848 0.345
-4.92535 0.33
-6.4659 0.315
-8.00646 0.3
-9.54701 0.285
-11.0876 0.27
-12.6281 0.255
-14.1687 0.24
-15.7092 0.225
-17.2498 0.21
-18.7903 0.195
-20.3309 0.18
-21.8714 0.165
-23.412 0.15
-24.9525 0.135
-26.4931 0.12
-28.0336 0.105
-29.5742 0.09
-31.1147 0.075
-32.6553 0.06
-34.1959 0.045
-35.7364 0.03
-37.277 0.015
-38.8175 -1.52656e-16
-40.3581 -0.015
-41.8986 -0.03
-43.4392 -0.045
-44.9797 -0.06
-46.5203 -0.075
-48.0608 -0.09
-49.6014 -0.105
-51.1419 -0.12
-52.6825 -0.135
-53.8043 -0.15
-54.5101 -0.165
-55.2159 -0.18
-55.9217 -0.195
-56.6275 -0.21
-57.3333 -0.225
-58.0391 -0.24
-58.7449 -0.255
-59.4507 -0.27
-60.1565 -0.285
-60.8623 -0.3
-61.5681 -0.315
-62.2739 -0.33
-62.8367 -0.345
-63.3512 -0.36
-63.8658 -0.375
-64.3804 -0.39
-64.8949 -0.405
-65.4095 -0.42
-65.9241 -0.435
-66.4386 -0.45
-66.9532 -0.465
-67.4678 -0.48
-67.9823 -0.495
-68.4969 -0.51
-69.0115 -0.525
-69.526 -0.54
-70.0406 -0.555
-70.5552 -0.57
-71.0697 -0.585
-71.5843 -0.6
-72.0989 -0.615
-72.6134 -0.63
-73.128 -0.645
-73.6426 -0.66
-74.1571 -0.675
-74.6717 -0.69
-75.1863 -0.705
-75.7008 -0.72
-76.2154 -0.735
-76.73 -0.75
-77.2445 -0.765
-77.7591 -0.78
-78.2737 -0.795
-78.7882 -0.81
-79.3821 -0.825
-80.5747 -0.84
-81.7672 -0.855
-82.9597 -0.87
-84.1523 -0.885
-85.3448 -0.9
-86.5373 -0.915
-87.7299 -0.93
-88.9224 -0.945
-90.1149 -0.96
-91.3075 -0.975
-92.5 -0.99
-93.6926 -1.005
-94.8851 -1.02
-96.0776 -1.035
-97.2702 -1.05
-98.4627 -1.065
-99.6552 -1.08
-100.848 -1.095
-102.04 -1.11
-103.233 -1.125
-104.425 -1.14
-105.618 -1.155
-106.81 -1.17
-108.003 -1.185
-109.196 -1.2
-110.388 -1.215
-107.173 -1.2
-103.959 -1.185
-100.744 -1.17
-97.5294 -1.155
-94.3148 -1.14
-91.1001 -1.125
-87.8854 -1.11
-84.6708 -1.095
-81.4561 -1.08
-78.2415 -1.065
-76.3229 -1.05
-74.6182 -1.035
-72.9136 -1.02
-71.2089 -1.005
-69.5042 -0.99
-67.7995 -0.975
-66.0948 -0.96
-64.3901 -0.945
-62.6854 -0.93
-60.9807 -0.915
-59.276 -0.9
-57.5713 -0.885
-55.8666 -0.87
-54.162 -0.855
-52.4573 -0.84
-50.7526 -0.825
-49.0479 -0.81
-47.3432 -0.795
-45.6385 -0.78
-43.9338 -0.765
-42.2291 -0.75
-40.5244 -0.735
-38.8197 -0.72
-37.1151 -0.705
-35.4104 -0.69
-33.7057 -0.675
-32.001 -0.66
-30.2963 -0.645
-28.5916 -0.63
-26.8869 -0.615
-25.1822 -0.6
-23.4775 -0.585
-21.7728 -0.57
-20.0681 -0.555
-18.3635 -0.54
-16.6588 -0.525
-14.9541 -0.51
-13.2494 -0.495
-11.5447 -0.48
-9.84 -0.465
-8.13531 -0.45
-6.43062 -0.435
-4.72593 -0.42
-3.02124 -0.405
-1.31655 -0.39
0.313824 -0.375
1.85412 -0.36
3.39442 -0.345
4.93471 -0.33
6.47501 -0.315
8.01531 -0.3
9.5556 -0.285
11.0959 -0.27
12.6362 -0.255
14.1765 -0.24
15.7168 -0.225
17.2571 -0.21
18.7974 -0.195
20.3377 -0.18
21.878 -0.165
23.4183 -0.15
24.9586 -0.135
26.4989 -0.12
28.0392 -0.105
29.5795 -0.09
31.1198 -0.075
32.6601 -0.06
34.2004 -0.045
35.7407 -0.03
37.2809 -0.015
38.8212 -1.38778e-17
40.3615 0.015
41.9018 0.03
43.4421 0.045
44.9824 0.06
46.5227 0.075
48.063 0.09
49.6033 0.105
51.1436 0.12
52.6839 0.135
53.8048 0.15
54.5105 0.165
55.2162 0.18
55.9219 0.195
56.6275 0.21
57.3332 0.225
58.0389 0.24
58.7445 0.255
59.4502 0.27
60.1559 0.285
60.8616 0.3
61.5672 0.315
62.2729 0.33
62.8422 0.345
63.3568 0.36
63.8714 0.375
64.386 0.39
64.9006 0.405
65.4152 0.42
65.9298 0.435
66.4445 0.45
66.9591 0.465
67.4737 0.48
67.9883 0.495
68.5029 0.51
69.0175 0.525
69.5321 0.54
70.0467 0.555
70.5613 0.57
71.0759 0.585
71.5905 0.6
72.1051 0.615
72.6198 0.63
73.1344 0.645
73.649 0.66
74.1636 0.675
74.6782 0.69
75.1928 0.705
75.7074 0.72
76.222 0.735
76.7366 0.75
77.2512 0.765
77.7658 0.78
78.2804 0.795
78.7951 0.81
79.3672 0.825
80.5602 0.84
81.7533 0.855
82.9464 0.87
84.1395 0.885
85.3325 0.9
86.5256 0.915
87.7187 0.93
88.9118 0.945
90.1048 0.96
91.2979 0.975
92.491 0.99
93.6841 1.005
94.8771 1.02
96.0702 1.035
97.2633 1.05
98.4564 1.065
99.6494 1.08
100.843 1.095
102.036 1.11
103.229 1.125
104.422 1.14
105.615 1.155
106.808 1.17
108.001 1.185
109.194 1.2
110.387 1.215
110.435 1.23
110.483 1.245
110.531 1.26
110.579 1.275
110.627 1.29
110.675 1.305
110.723 1.32
110.771 1.335
110.819 1.35
110.867 1.365
110.915 1.38
110.962 1.395
111.01 1.41
111.058 1.425
111.106 1.44
111.154 1.455
111.202 1.47
111.25 1.485
111.298 1.5
111.346 1.515
111.394 1.53
111.442 1.545
111.49 1.56
111.538 1.575
111.586 1.59
111.634 1.605
111.682 1.62
111.73 1.635
111.777 1.65
111.825 1.665
111.873 1.68
111.921 1.695
111.969 1.71
112.017 1.725
112.065 1.74
112.113 1.755
112.161 1.77
112.209 1.785
112.257 1.8
112.305 1.815
109.09 1.8
105.876 1.785
102.661 1.77
99.4462 1.755
96.2316 1.74
93.0169 1.725
89.8022 1.71
86.5876 1.695
83.3729 1.68
80.1583 1.665
77.3091 1.65
75.6044 1.635
73.8997 1.62
72.1951 1.605
70.4904 1.59
68.7857 1.575
67.081 1.56
65.3763 1.545
63.6716 1.53
61.9669 1.515
60.2622 1.5
58.5575 1.485
56.8528 1.47
55.1481 1.455
53.4435 1.44
51.7388 1.425
50.0341 1.41
48.3294 1.395
46.6247 1.38
44.92 1.365
43.2153 1.35
41.5106 1.335
39.8059 1.32
38.1012 1.305
36.3965 1.29
34.6919 1.275
32.9872 1.26
31.2825 1.245
29.5778 1.23
27.8731 1.215
26.1684 1.2
24.4637 1.185
22.759 1.17
21.0543 1.155
19.3496 1.14
17.645 1.125
15.9403 1.11
14.2356 1.095
12.5309 1.08
10.8262 1.065
9.1215 1.05
7.41681 1.035
5.71212 1.02
4.00743 1.005
2.30274 0.99
0.598045 0.975
-0.623093 0.96
-1.77424 0.945
-2.9254 0.93
-4.07655 0.915
-5.2277 0.9
-6.37885 0.885
-7.53 0.87
-8.68115 0.855
-9.8323 0.84
-10.9835 0.825
-12.1346 0.81
-13.2858 0.795
-14.4369 0.78
-15.5881 0.765
-16.7392 0.75
-17.8904 0.735
-19.0415 0.72
-20.1927 0.705
-21.3438 0.69
-22.495 0.675
-23.6461 0.66
-24.7973 0.645
-25.9484 0.63
-27.0996 0.615
-28.2507 0.6
-29.4019 0.585
-30.553 0.57
-31.7042 0.555
-32.8553 0.54
-34.0065 0.525
-35.1576 0.51
-36.3088 0.495
-37.4599 0.48
-38.6111 0.465
-39.7622 0.45
-40.9134 0.435
-42.0645 0.42
-43.2157 0.405
-44.3668 0.39
-45.518 0.375
-46.6691 0.36
-47.8203 0.345
-48.9715 0.33
-50.1226 0.315
-51.2738 0.3
-52.4249 0.285
-53.5069 0.27
-54.0253 0.255
-54.5436 0.24
-55.062 0.225
-55.5803 0.21
-56.0987 0.195
-56.617 0.18
-57.1354 0.165
-57.6537 0.15
-58.1721 0.135
-58.6904 0.12
-59.2088 0.105
-59.7271 0.09
-60.2455 0.075
-60.7639 0.06
-61.2822 0.045
-61.8006 0.03
-62.3189 0.015
-62.7504 -2.08167e-16
-63.1575 -0.015
-63.5647 -0.03
-63.9718 -0.045
-64.379 -0.06
-64.7861 -0.075
-65.1933 -0.09
-65.6005 -0.105
-66.0076 -0.12
-66.4148 -0.135
-66.8219 -0.15
-67.2291 -0.165
-67.6362 -0.18
-68.0434 -0.195
-68.4505 -0.21
-68.8577 -0.225
-69.2649 -0.24
-69.672 -0.255
-70.0792 -0.27
-70.4863 -0.285
-70.8935 -0.3
-71.3006 -0.315
-71.7078 -0.33
-72.1149 -0.345
-72.5221 -0.36
-72.9293 -0.375
-73.3364 -0.39
-73.7436 -0.405
-74.1507 -0.42
-74.5579 -0.435
-74.965 -0.45
-75.3722 -0.465
-75.7793 -0.48
-76.1865 -0.495
-76.5937 -0.51
-77.0008 -0.525
-77.408 -0.54
-77.8151 -0.555
-78.2223 -0.57
-78.6294 -0.585
-79.0366 -0.6
-79.4437 -0.615
-79.8509 -0.63
-80.258 -0.645
-80.6652 -0.66
-81.0724 -0.675
-81.4795 -0.69
-81.8867 -0.705
-82.2938 -0.72
-82.701 -0.735
-83.1081 -0.75
-83.5153 -0.765
-83.9224 -0.78
-84.3296 -0.795
-84.7368 -0.81
-85.1439 -0.825
-85.5511 -0.84
-85.9582 -0.855
-86.3654 -0.87
-86.7725 -0.885
-87.1797 -0.9
-87.5868 -0.915
-87.994 -0.93
-89.1267 -0.945
-90.3186 -0.96
-91.5105 -0.975
-92.7024 -0.99
-93.8944 -1.005
-95.0863 -1.02
-96.2782 -1.035
-97.4701 -1.05
-98.662 -1.065
-99.8539 -1.08
-101.046 -1.095
-102.238 -1.11
-103.43 -1.125
-104.622 -1.14
-105.814 -1.155
-107.005 -1.17
-108.197 -1.185
-109.389 -1.2
-110.396 -1.215
-110.444 -1.23
-110.492 -1.245
-110.54 -1.26
-110.588 -1.275
-110.636 -1.29
-110.683 -1.305
-110.731 -1.32
-110.779 -1.335
-110.827 -1.35
-110.875 -1.365
-110.923 -1.38
-110.971 -1.395
-111.019 -1.41
-111.067 -1.425
-111.115 -1.44
-111.163 -1.455
-111.211 -1.47
-111.259 -1.485
-111.307 -1.5
-111.355 -1.515
-111.403 -1.53
-111.451 -1.545
-111.499 -1.56
-111.546 -1.575
-111.594 -1.59
-111.642 -1.605
-111.69 -1.62
-111.738 -1.635
-111.786 -1.65
-111.834 -1.665
-111.882 -1.68
-111.93 -1.695
-111.978 -1.71
-112.026 -1.725
-112.074 -1.74
-112.122 -1.755
-112.17 -1.77
-112.218 -1.785
-112.266 -1.8
-112.314 -1.815
-109.099 -1.8
-105.884 -1.785
-102.67 -1.77
-99.4549 -1.755
-96.2403 -1.74
-93.0256 -1.725
-89.811 -1.71
-86.6712 -1.695
-84.9665 -1.68
-83.2618 -1.665
-81.5571 -1.65
-79.8524 -1.635
-78.1477 -1.62
-76.443 -1.605
-74.7383 -1.59
-73.0337 -1.575
-71.329 -1.56
-69.6243 -1.545
-67.9196 -1.53
-66.2149 -1.515
-64.5102 -1.5
-62.8055 -1.485
-61.1008 -1.47
-59.3961 -1.455
-57.6914 -1.44
-55.9867 -1.425
-54.2821 -1.41
-52.5774 -1.395
-50.8727 -1.38
-49.168 -1.365
-47.4633 -1.35
-45.7586 -1.335
-44.0539 -1.32
-42.3492 -1.305
-40.6445 -1.29
-38.9398 -1.275
-37.2351 -1.26
-35.5305 -1.245
-33.8258 -1.23
-32.1211 -1.215
-30.4164 -1.2
-28.7117 -1.185
-27.007 -1.17
-25.3023 -1.155
-23.5976 -1.14
-21.8929 -1.125
-20.1882 -1.11
-18.4836 -1.095
-16.7789 -1.08
-15.0742 -1.065
-13.3695 -1.05
-11.6648 -1.035
-9.9601 -1.02
-8.25541 -1.005
-6.55072 -0.99
-4.84603 -0.975
-3.14134 -0.96
-1.43665 -0.945
0.0562954 -0.93
1.10122 -0.915
2.1046 -0.9
3.10798 -0.885
4.11136 -0.87
5.11473 -0.855
6.11811 -0.84
7.12149 -0.825
8.12487 -0.81
9.12824 -0.795
10.1316 -0.78
11.135 -0.765
12.1384 -0.75
13.1418 -0.735
14.1451 -0.72
15.1485 -0.705
16.1519 -0.69
17.1553 -0.675
18.1586 -0.66
19.162 -0.645
20.1654 -0.63
21.1688 -0.615
22.1722 -0.6
23.1755 -0.585
24.1789 -0.57
25.1823 -0.555
26.1857 -0.54
27.189 -0.525
28.1924 -0.51
29.1958 -0.495
30.1992 -0.48
31.2026 -0.465
32.2059 -0.45
33.2093 -0.435
34.2127 -0.42
35.2161 -0.405
36.2194 -0.39
37.2228 -0.375
38.2262 -0.36
39.2296 -0.345
40.233 -0.33
41.2363 -0.315
42.2397 -0.3
43.2431 -0.285
44.2465 -0.27
45.2498 -0.255
46.2532 -0.24
47.2566 -0.225
48.26 -0.21
49.2634 -0.195
50.2667 -0.18
51.2701 -0.165
52.2735 -0.15
53.2769 -0.135
53.8521 -0.12
54.3379 -0.105
54.8237 -0.09
55.3095 -0.075
55.7953 -0.06
56.2811 -0.045
56.6429 -0.03
56.9863 -0.015
57.3296 -1.21431e-17
57.673 0.015
58.0164 0.03
58.3598 0.045
58.7032 0.06
59.0466 0.075
59.39 0.09
59.7334 0.105
60.0768 0.12
60.4202 0.135
60.7636 0.15
61.107 0.165
61.4504 0.18
61.7938 0.195
62.1372 0.21
62.4806 0.225
62.824 0.24
63.1674 0.255
63.5108 0.27
63.8542 0.285
64.1976 0.3
64.5409 0.315
64.8843 0.33
65.2277 0.345
65.5711 0.36
65.9145 0.375
66.2579 0.39
66.6013 0.405
66.9447 0.42
67.2881 0.435
67.6315 0.45
67.9749 0.465
68.3183 0.48
68.6617 0.495
69.0051 0.51
69.3485 0.525
69.6919 0.54
70.0353 0.555
70.3787 0.57
70.7221 0.585
71.0655 0.6
71.4089 0.615
71.7523 0.63
72.0956 0.645
72.439 0.66
72.7824 0.675
73.1258 0.69
73.4692 0.705
73.8126 0.72
74.156 0.735
74.4994 0.75
74.8428 0.765
75.1862 0.78
75.5296 0.795
75.873 0.81
76.2164 0.825
76.5598 0.84
76.9032 0.855
77.2466 0.87
77.59 0.885
77.9334 0.9
78.2768 0.915
78.6202 0.93
78.9636 0.945
79.3069 0.96
79.6503 0.975
79.9937 0.99
80.3371 1.005
80.6805 1.02
81.0239 1.035
81.3673 1.05
81.7107 1.065
82.0541 1.08
82.3975 1.095
82.7409 1.11
83.0843 1.125
83.4277 1.14
83.7711 1.155
84.1145 1.17
84.4579 1.185
84.8013 1.2
85.1447 1.215
85.4881 1.23
85.8315 1.245
86.1749 1.26
86.5183 1.275
86.8616 1.29
87.205 1.305
87.5484 1.32
87.8918 1.335
88.4499 1.35
89.2235 1.365
89.9971 1.38
90.7706 1.395
91.5442 1.41
92.3178 1.425
93.0913 1.44
93.8649 1.455
94.6385 1.47
95.412 1.485
96.1856 1.5
96.9592 1.515
97.7327 1.53
98.5063 1.545
99.2799 1.56
100.053 1.575
100.827 1.59
101.601 1.605
102.374 1.62
103.148 1.635
103.921 1.65
104.695 1.665
105.468 1.68
106.242 1.695
107.016 1.71
107.789 1.725
108.563 1.74
109.336 1.755
110.11 1.77
110.883 1.785
111.657 1.8
112.313 1.815
109.098 1.8
105.883 1.785
102.669 1.77
99.454 1.755
96.2394 1.74
93.0247 1.725
89.81 1.71
86.69 1.695
84.9853 1.68
83.2807 1.665
81.576 1.65
79.8713 1.635
78.1666 1.62
76.4619 1.605
74.7572 1.59
73.0525 1.575
71.3478 1.56
69.6431 1.545
67.9384 1.53
66.2337 1.515
64.5291 1.5
62.8244 1.485
61.1197 1.47
59.415 1.455
57.7103 1.44
56.0056 1.425
54.3009 1.41
52.5962 1.395
50.8915 1.38
49.1868 1.365
47.4821 1.35
45.7775 1.335
44.0728 1.32
42.3681 1.305
40.6634 1.29
38.9587 1.275
37.254 1.26
35.5493 1.245
33.8446 1.23
32.1399 1.215
30.4352 1.2
28.7306 1.185
27.0259 1.17
25.3212 1.155
23.6165 1.14
21.9118 1.125
20.2071 1.11
18.5024 1.095
16.7977 1.08
15.093 1.065
13.3883 1.05
11.6836 1.035
9.97895 1.02
8.27426 1.005
6.56957 0.99
4.86488 0.975
3.16019 0.96
1.4555 0.945
-0.0436287 0.93
-1.08959 0.915
-2.09209 0.9
-3.0946 0.885
-4.0971 0.87
-5.0996 0.855
-6.10211 0.84
-7.10461 0.825
-8.10711 0.81
-9.10961 0.795
-10.1121 0.78
-11.1146 0.765
-12.1171 0.75
-13.1196 0.735
-14.1221 0.72
-15.1246 0.705
-16.1271 0.69
-17.1296 0.675
-18.1321 0.66
-19.1346 0.645
-20.1371 0.63
-21.1397 0.615
-22.1422 0.6
-23.1447 0.585
-24.1472 0.57
-25.1497 0.555
-26.1522 0.54
-27.1547 0.525
-28.1572 0.51
-29.1597 0.495
-30.1622 0.48
-31.1647 0.465
-32.1672 0.45
-33.1697 0.435
-34.1722 0.42
-35.1747 0.405
-36.1772 0.39
-37.1797 0.375
-38.1822 0.36
-39.1847 0.345
-40.1872 0.33
-41.1897 0.315
-42.1922 0.3
-43.1947 0.285
-44.1972 0.27
-45.1997 0.255
-46.2022 0.24
-47.2047 0.225
-48.2072 0.21
-49.2097 0.195
-50.2122 0.18
-51.2147 0.165
-52.2173 0.15
-53.2198 0.135
-53.8242 0.12
-54.3099 0.105
-54.7955 0.09
-55.2811 0.075
-55.7667 0.06
-56.2524 0.045
-56.6236 0.03
-56.9668 0.015
-57.3099 -9.71445e-17
-57.6531 -0.015
-57.9962 -0.03
-58.3394 -0.045
-58.6825 -0.06
-59.0257 -0.075
-59.3689 -0.09
-59.712 -0.105
-60.0552 -0.12
-60.3983 -0.135
-60.7415 -0.15
-61.0846 -0.165
-61.4278 -0.18
-61.7709 -0.195
-62.1141 -0.21
-62.4573 -0.225
-62.8004 -0.24
-63.1436 -0.255
-63.4867 -0.27
-63.8299 -0.285
-64.173 -0.3
-64.5162 -0.315
-64.8594 -0.33
-65.2025 -0.345
-65.5457 -0.36
-65.8888 -0.375
-66.232 -0.39
-66.5751 -0.405
-66.9183 -0.42
-67.2614 -0.435
-67.6046 -0.45
-67.9478 -0.465
-68.2909 -0.48
-68.6341 -0.495
-68.9772 -0.51
-69.3204 -0.525
-69.6635 -0.54
-70.0067 -0.555
-70.3499 -0.57
-70.693 -0.585
-71.0362 -0.6
-71.3793 -0.615
-71.7225 -0.63
-72.0656 -0.645
-72.4088 -0.66
-72.7519 -0.675
-73.0951 -0.69
-73.4383 -0.705
-73.7814 -0.72
-74.1246 -0.735
-74.4677 -0.75
-74.8109 -0.765
-75.154 -0.78
-75.4972 -0.795
-75.8404 -0.81
-76.1835 -0.825
-76.5267 -0.84
-76.8698 -0.855
-77.213 -0.87
-77.5561 -0.885
-77.8993 -0.9
-78.2424 -0.915
-78.5856 -0.93
-78.9288 -0.945
-79.2719 -0.96
-79.6151 -0.975
-79.9582 -0.99
-80.3014 -1.005
-80.6445 -1.02
-80.9877 -1.035
-81.3309 -1.05
-81.674 -1.065
-82.0172 -1.08
-82.3603 -1.095
-82.7035 -1.11
-83.0466 -1.125
-83.3898 -1.14
-83.733 -1.155
-84.0761 -1.17
-84.4193 -1.185
-84.7624 -1.2
-85.1056 -1.215
-85.4487 -1.23
-85.7919 -1.245
-86.135 -1.26
-86.4782 -1.275
-86.8214 -1.29
-87.1645 -1.305
-87.5077 -1.32
-87.8508 -1.335
-88.375 -1.35
-89.1473 -1.365
-89.9195 -1.38
-90.6917 -1.395
-91.4639 -1.41
-92.2361 -1.425
-93.0084 -1.44
-93.7806 -1.455
-94.5528 -1.47
-95.325 -1.485
-96.0973 -1.5
-96.8695 -1.515
-97.6417 -1.53
-98.4139 -1.545
-99.1861 -1.56
-99.9584 -1.575
-100.731 -1.59
-101.503 -1.605
-102.275 -1.62
-103.047 -1.635
-103.819 -1.65
-104.592 -1.665
-105.364 -1.68
-106.136 -1.695
-106.908 -1.71
-107.681 -1.725
-108.453 -1.74
-109.225 -1.755
-109.997 -1.77
-110.769 -1.785
-111.542 -1.8
-112.314 -1.815
-109.099 -1.8
-105.884 -1.785
-102.67 -1.77
-99.455 -1.755
-96.2403 -1.74
-93.0256 -1.725
-89.811 -1.71
-86.6831 -1.695
-84.9784 -1.68
-83.2737 -1.665
-81.569 -1.65
-79.8643 -1.635
-78.1596 -1.62
-76.455 -1.605
-74.7503 -1.59
-73.0456 -1.575
-71.3409 -1.56
-69.6362 -1.545
-67.9315 -1.53
-66.2268 -1.515
-64.5221 -1.5
-62.8174 -1.485
-61.1127 -1.47
-59.408 -1.455
-57.7034 -1.44
-55.9987 -1.425
-54.294 -1.41
-52.5893 -1.395
-50.8846 -1.38
-49.1799 -1.365
-47.4752 -1.35
-45.7705 -1.335
-44.0658 -1.32
-42.3611 -1.305
-40.6565 -1.29
-38.9518 -1.275
-37.2471 -1.26
-35.5424 -1.245
-33.8377 -1.23
-32.133 -1.215
-30.4283 -1.2
-28.7236 -1.185
-27.0189 -1.17
-25.3142 -1.155
-23.6095 -1.14
-21.9049 -1.125
-20.2002 -1.11
-18.4955 -1.095
-16.7908 -1.08
-15.0861 -1.065
-13.3814 -1.05
-11.6767 -1.035
-9.97202 -1.02
-8.26733 -1.005
-6.56264 -0.99
-4.85795 -0.975
-3.15326 -0.96
-1.44857 -0.945
0.0482535 -0.93
1.09364 -0.915
2.09621 -0.9
3.09879 -0.885
4.10137 -0.87
5.10394 -0.855
6.10652 -0.84
7.10909 -0.825
8.11167 -0.81
9.11425 -0.795
10.1168 -0.78
11.1194 -0.765
12.122 -0.75
13.1246 -0.735
14.1271 -0.72
15.1297 -0.705
16.1323 -0.69
17.1349 -0.675
18.1374 -0.66
19.14 -0.645
20.1426 -0.63
21.1452 -0.615
22.1477 -0.6
23.1503 -0.585
24.1529 -0.57
25.1555 -0.555
26.158 -0.54
27.1606 -0.525
28.1632 -0.51
29.1658 -0.495
30.1683 -0.48
31.1709 -0.465
32.1735 -0.45
33.1761 -0.435
34.1786 -0.42
35.1812 -0.405
36.1838 -0.39
37.1864 -0.375
38.189 -0.36
39.1915 -0.345
40.1941 -0.33
41.1967 -0.315
42.1993 -0.3
43.2018 -0.285
44.2044 -0.27
45.207 -0.255
46.2096 -0.24
47.2121 -0.225
48.2147 -0.21
49.2173 -0.195
50.2199 -0.18
51.2224 -0.165
52.225 -0.15
53.2276 -0.135
53.828 -0.12
54.3136 -0.105
54.7992 -0.09
55.2849 -0.075
55.7705 -0.06
56.2561 -0.045
56.6261 -0.03
56.9693 -0.015
57.3125 -1.249e-16
57.6556 0.015
57.9988 0.03
58.342 0.045
58.6852 0.06
59.0283 0.075
59.3715 0.09
59.7147 0.105
60.0579 0.12
60.401 0.135
60.7442 0.15
61.0874 0.165
61.4306 0.18
61.7737 0.195
62.1169 0.21
62.4601 0.225
62.8033 0.24
63.1465 0.255
63.4896 0.27
63.8328 0.285
64.176 0.3
64.5192 0.315
64.8623 0.33
65.2055 0.345
65.5487 0.36
65.8919 0.375
66.235 0.39
66.5782 0.405
66.9214 0.42
67.2646 0.435
67.6077 0.45
67.9509 0.465
68.2941 0.48
68.6373 0.495
68.9804 0.51
69.3236 0.525
69.6668 0.54
70.01 0.555
70.3532 0.57
70.6963 0.585
71.0395 0.6
71.3827 0.615
71.7259 0.63
72.069 0.645
72.4122 0.66
72.7554 0.675
73.0986 0.69
73.4417 0.705
73.7849 0.72
74.1281 0.735
74.4713 0.75
74.8144 0.765
75.1576 0.78
75.5008 0.795
75.844 0.81
76.1871 0.825
76.5303 0.84
76.8735 0.855
77.2167 0.87
77.5599 0.885
77.903 0.9
78.2462 0.915
78.5894 0.93
78.9326 0.945
79.2757 0.96
79.6189 0.975
79.9621 0.99
80.3053 1.005
80.6484 1.02
80.9916 1.035
81.3348 1.05
81.678 1.065
82.0211 1.08
82.3643 1.095
82.7075 1.11
83.0507 1.125
83.3938 1.14
83.737 1.155
84.0802 1.17
84.4234 1.185
84.7666 1.2
85.1097 1.215
85.4529 1.23
85.7961 1.245
86.1393 1.26
86.4824 1.275
86.8256 1.29
87.1688 1.305
87.512 1.32
87.8551 1.335
88.3665 1.35
89.1389 1.365
89.9114 1.38
90.6838 1.395
91.4563 1.41
92.2288 1.425
93.0012 1.44
93.7737 1.455
94.5461 1.47
95.3186 1.485
96.091 1.5
96.8635 1.515
97.636 1.53
98.4084 1.545
99.1809 1.56
99.9533 1.575
100.726 1.59
101.498 1.605
102.271 1.62
103.043 1.635
103.816 1.65
104.588 1.665
105.361 1.68
106.133 1.695
106.905 1.71
107.678 1.725
108.45 1.74
109.223 1.755
109.995 1.77
110.768 1.785
111.54 1.8
112.313 1.815
109.098 1.8
105.883 1.785
102.669 1.77
99.454 1.755
96.2394 1.74
93.0247 1.725
89.81 1.71
86.6901 1.695
84.9854 1.68
83.2807 1.665
81.576 1.65
79.8713 1.635
78.1666 1.62
76.4619 1.605
74.7572 1.59
73.0525 1.575
71.3479 1.56
69.6432 1.545
67.9385 1.53
66.2338 1.515
64.5291 1.5
62.8244 1.485
61.1197 1.47
59.415 1.455
57.7103 1.44
56.0056 1.425
54.3009 1.41
52.5963 1.395
50.8916 1.38
49.1869 1.365
47.4822 1.35
45.7775 1.335
44.0728 1.32
42.3681 1.305
40.6634 1.29
38.9587 1.275
37.254 1.26
35.5493 1.245
33.8447 1.23
32.14 1.215
30.4353 1.2
28.7306 1.185
27.0259 1.17
25.3212 1.155
23.6165 1.14
21.9118 1.125
20.2071 1.11
18.5024 1.095
16.7977 1.08
15.0931 1.065
13.3884 1.05
11.6837 1.035
9.97899 1.02
8.2743 1.005
6.56961 0.99
4.86492 0.975
3.16022 0.96
1.45553 0.945
-0.0436063 0.93
-1.08957 0.915
-2.09207 0.9
-3.09457 0.885
-4.09707 0.87
-5.09957 0.855
-6.10207 0.84
-7.10457 0.825
-8.10707 0.81
-9.10958 0.795
-10.1121 0.78
-11.1146 0.765
-12.1171 0.75
-13.1196 0.735
-14.1221 0.72
-15.1246 0.705
-16.1271 0.69
-17.1296 0.675
-18.1321 0.66
-19.1346 0.645
-20.1371 0.63
-21.1396 0.615
-22.1421 0.6
-23.1446 0.585
-24.1471 0.57
-25.1496 0.555
-26.1521 0.54
-27.1546 0.525
-28.1571 0.51
-29.1596 0.495
-30.1621 0.48
-31.1646 0.465
-32.1671 0.45
-33.1696 0.435
-34.1721 0.42
-35.1746 0.405
-36.1771 0.39
-37.1796 0.375
-38.1821 0.36
-39.1846 0.345
-40.1871 0.33
-41.1896 0.315
-42.1921 0.3
-43.1946 0.285
-44.1971 0.27
-45.1996 0.255
-46.2021 0.24
-47.2046 0.225
-48.2071 0.21
-49.2096 0.195
-50.2121 0.18
-51.2146 0.165
-52.2171 0.15
-53.2196 0.135
-53.8242 0.12
-54.3098 0.105
-54.7954 0.09
-55.2811 0.075
-55.7667 0.06
-56.2523 0.045
-56.6236 0.03
-56.9667 0.015
-57.3099 -9.71445e-17
-57.653 -0.015
-57.9962 -0.03
-58.3393 -0.045
-58.6825 -0.06
-59.0256 -0.075
-59.3688 -0.09
-59.712 -0.105
-60.0551 -0.12
-60.3983 -0.135
-60.7414 -0.15
-61.0846 -0.165
-61.4277 -0.18
-61.7709 -0.195
-62.114 -0.21
-62.4572 -0.225
-62.8004 -0.24
-63.1435 -0.255
-63.4867 -0.27
-63.8298 -0.285
-64.173 -0.3
-64.5161 -0.315
-64.8593 -0.33
-65.2024 -0.345
-65.5456 -0.36
-65.8888 -0.375
-66.2319 -0.39
-66.5751 -0.405
-66.9182 -0.42
-67.2614 -0.435
-67.6045 -0.45
-67.9477 -0.465
-68.2908 -0.48
-68.634 -0.495
-68.9772 -0.51
-69.3203 -0.525
-69.6635 -0.54
-70.0066 -0.555
-70.3498 -0.57
-70.6929 -0.585
-71.0361 -0.6
-71.3792 -0.615
-71.7224 -0.63
-72.0656 -0.645
-72.4087 -0.66
-72.7519 -0.675
-73.095 -0.69
-73.4382 -0.705
-73.7813 -0.72
-74.1245 -0.735
-74.4677 -0.75
-74.8108 -0.765
-75.154 -0.78
-75.4971 -0.795
-75.8403 -0.81
-76.1834 -0.825
-76.5266 -0.84
-76.8697 -0.855
-77.2129 -0.87
-77.5561 -0.885
-77.8992 -0.9
-78.2424 -0.915
-78.5855 -0.93
-78.9287 -0.945
-79.2718 -0.96
-79.615 -0.975
-79.9581 -0.99
-80.3013 -1.005
-80.6445 -1.02
-80.9876 -1.035
-81.3308 -1.05
-81.6739 -1.065
-82.0171 -1.08
-82.3602 -1.095
-82.7034 -1.11
-83.0465 -1.125
-83.3897 -1.14
-83.7329 -1.155
-84.076 -1.17
-84.4192 -1.185
-84.7623 -1.2
-85.1055 -1.215
-85.4486 -1.23
-85.7918 -1.245
-86.1349 -1.26
-86.4781 -1.275
-86.8213 -1.29
-87.1644 -1.305
-87.5076 -1.32
-87.8507 -1.335
-88.3748 -1.35
-89.147 -1.365
-89.9192 -1.38
-90.6915 -1.395
-91.4637 -1.41
-92.2359 -1.425
-93.0081 -1.44
-93.7803 -1.455
-94.5526 -1.47
-95.3248 -1.485
-96.097 -1.5
-96.8692 -1.515
-97.6414 -1.53
-98.4137 -1.545
-99.1859 -1.56
-99.9581 -1.575
-100.73 -1.59
-101.503 -1.605
-102.275 -1.62
-103.047 -1.635
-103.819 -1.65
-104.591 -1.665
-105.364 -1.68
-106.136 -1.695
-106.908 -1.71
-107.68 -1.725
-108.453 -1.74
-109.225 -1.755
-109.997 -1.77
-110.769 -1.785
-111.541 -1.8
-112.314 -1.815
-109.099 -1.8
-105.884 -1.785
-102.67 -1.77
-99.455 -1.755
-96.2403 -1.74
-93.0256 -1.725
-89.811 -1.71
-86.6831 -1.695
-84.9784 -1.68
-83.2737 -1.665
-81.569 -1.65
-79.8643 -1.635
-78.1596 -1.62
-76.455 -1.605
-74.7503 -1.59
-73.0456 -1.575
-71.3409 -1.56
-69.6362 -1.545
-67.9315 -1.53
-66.2268 -1.515
-64.5221 -1.5
-62.8174 -1.485
-61.1127 -1.47
-59.408 -1.455
-57.7034 -1.44
-55.9987 -1.425
-54.294 -1.41
-52.5893 -1.395
-50.8846 -1.38
-49.1799 -1.365
-47.4752 -1.35
-45.7705 -1.335
-44.0658 -1.32
-42.3611 -1.305
-40.6565 -1.29
-38.9518 -1.275
-37.2471 -1.26
-35.5424 -1.245
-33.8377 -1.23
-32.133 -1.215
-30.4283 -1.2
-28.7236 -1.185
-27.0189 -1.17
-25.3142 -1.155
-23.6095 -1.14
-21.9049 -1.125
-20.2002 -1.11
-18.4955 -1.095
-16.7908 -1.08
-15.0861 -1.065
-13.3814 -1.05
-11.6767 -1.035
-9.97202 -1.02
-8.26733 -1.005
-6.56264 -0.99
-4.85795 -0.975
-3.15326 -0.96
-1.44857 -0.945
0.0482535 -0.93
1.09364 -0.915
2.09621 -0.9
3.09879 -0.885
4.10137 -0.87
5.10394 -0.855
6.10652 -0.84
7.10909 -0.825
8.11167 -0.81
9.11425 -0.795
10.1168 -0.78
11.1194 -0.765
12.122 -0.75
13.1246 -0.735
14.1271 -0.72
15.1297 -0.705
16.1323 -0.69
17.1349 -0.675
18.1374 -0.66
19.14 -0.645
20.1426 -0.63
21.1452 -0.615
22.1477 -0.6
23.1503 -0.585
24.1529 -0.57
25.1555 -0.555
26.158 -0.54
27.1606 -0.525
28.1632 -0.51
29.1658 -0.495
30.1683 -0.48
31.1709 -0.465
32.1735 -0.45
33.1761 -0.435
34.1786 -0.42
35.1812 -0.405
36.1838 -0.39
37.1864 -0.375
38.189 -0.36
39.1915 -0.345
40.1941 -0.33
41.1967 -0.315
42.1993 -0.3
43.2018 -0.285
44.2044 -0.27
45.207 -0.255
46.2096 -0.24
47.2121 -0.225
48.2147 -0.21
49.2173 -0.195
50.2199 -0.18
51.2224 -0.165
52.225 -0.15
53.2276 -0.135
53.828 -0.12
54.3136 -0.105
54.7992 -0.09
55.2849 -0.075
55.7705 -0.06
56.2561 -0.045
56.6261 -0.03
56.9693 -0.015
57.3125 -1.38778e-17
57.6556 0.015
57.9988 0.03
58.342 0.045
58.6852 0.06
59.0283 0.075
59.3715 0.09
59.7147 0.105
60.0579 0.12
60.401 0.135
60.7442 0.15
61.0874 0.165
61.4306 0.18
61.7737 0.195
62.1169 0.21
62.4601 0.225
62.8033 0.24
63.1465 0.255
63.4896 0.27
63.8328 0.285
64.176 0.3
64.5192 0.315
64.8623 0.33
65.2055 0.345
65.5487 0.36
65.8919 0.375
66.235 0.39
66.5782 0.405
66.9214 0.42
67.2646 0.435
67.6077 0.45
67.9509 0.465
68.2941 0.48
68.6373 0.495
68.9804 0.51
69.3236 0.525
69.6668 0.54
70.01 0.555
70.3532 0.57
70.6963 0.585
71.0395 0.6
71.3827 0.615
71.7259 0.63
72.069 0.645
72.4122 0.66
72.7554 0.675
73.0986 0.69
73.4417 0.705
73.7849 0.72
74.1281 0.735
74.4713 0.75
74.8144 0.765
75.1576 0.78
75.5008 0.795
75.844 0.81
76.1871 0.825
76.5303 0.84
76.8735 0.855
77.2167 0.87
77.5599 0.885
77.903 0.9
78.2462 0.915
78.5894 0.93
78.9326 0.945
79.2757 0.96
79.6189 0.975
79.9621 0.99
80.3053 1.005
80.6484 1.02
80.9916 1.035
81.3348 1.05
81.678 1.065
82.0211 1.08
82.3643 1.095
82.7075 1.11
83.0507 1.125
83.3938 1.14
83.737 1.155
84.0802 1.17
84.4234 1.185
84.7666 1.2
85.1097 1.215
85.4529 1.23
85.7961 1.245
86.1393 1.26
86.4824 1.275
86.8256 1.29
87.1688 1.305
87.512 1.32
87.8551 1.335
88.3665 1.35
89.1389 1.365
89.9114 1.38
90.6838 1.395
91.4563 1.41
92.2288 1.425
93.0012 1.44
93.7737 1.455
94.5461 1.47
95.3186 1.485
96.091 1.5
96.8635 1.515
97.636 1.53
98.4084 1.545
99.1809 1.56
99.9533 1.575
100.726 1.59
101.498 1.605
102.271 1.62
103.043 1.635
103.816 1.65
104.588 1.665
105.361 1.68
106.133 1.695
106.905 1.71
107.678 1.725
108.45 1.74
109.223 1.755
109.995 1.77
110.768 1.785
111.54 1.8
112.313 1.815
112.361 1.83
112.409 1.845
112.456 1.86
112.504 1.875
112.552 1.89
112.6 1.905
112.648 1.92
112.696 1.935
112.744 1.95
112.792 1.965
112.84 1.98
112.888 1.995
112.936 2.01
112.984 2.025
113.032 2.04
113.08 2.055
113.128 2.07
113.176 2.085
113.224 2.1
113.272 2.115
113.319 2.13
113.367 2.145
113.415 2.16
113.463 2.175
113.511 2.19
113.559 2.205
113.607 2.22
113.655 2.235
113.703 2.25
113.751 2.265
113.799 2.28
113.847 2.295
113.895 2.31
113.943 2.325
113.991 2.34
114.039 2.355
114.087 2.37
114.135 2.385
114.182 2.4
114.23 2.415
111.016 2.4
107.801 2.385
104.586 2.37
101.372 2.355
98.1571 2.34
94.9424 2.325
91.7278 2.31
88.5131 2.295
85.9553 2.28
84.2506 2.265
82.5459 2.25
80.8412 2.235
79.1365 2.22
77.4318 2.205
75.7271 2.19
74.0224 2.175
72.3177 2.16
70.613 2.145
68.9084 2.13
67.2037 2.115
65.499 2.1
63.7943 2.085
62.0896 2.07
60.3849 2.055
58.6802 2.04
56.9755 2.025
55.2708 2.01
53.5661 1.995
51.8614 1.98
50.1568 1.965
48.4521 1.95
46.7474 1.935
45.0427 1.92
43.338 1.905
41.6333 1.89
39.9286 1.875
38.2239 1.86
36.5192 1.845
34.8145 1.83
33.1099 1.815
31.4052 1.8
29.7005 1.785
27.9958 1.77
26.2911 1.755
24.5864 1.74
22.8817 1.725
21.177 1.71
19.4723 1.695
17.7676 1.68
16.0629 1.665
14.3583 1.65
12.6536 1.635
10.9489 1.62
9.24418 1.605
7.53949 1.59
5.8348 1.575
4.13011 1.56
2.42542 1.545
0.720729 1.53
-0.356518 1.515
-1.17766 1.5
-1.99958 1.485
-2.82111 1.47
-3.64264 1.455
-4.46417 1.44
-5.2857 1.425
-6.10723 1.41
-6.92876 1.395
-7.75029 1.38
-8.57182 1.365
-9.39335 1.35
-10.2149 1.335
-11.0364 1.32
-11.8579 1.305
-12.6795 1.29
-13.501 1.275
-14.3225 1.26
-15.1441 1.245
-15.9656 1.23
-16.7871 1.215
-17.6086 1.2
-18.4302 1.185
-19.2517 1.17
-20.0732 1.155
-20.8948 1.14
-21.7163 1.125
-22.5378 1.11
-23.3594 1.095
-24.1809 1.08
-25.0024 1.065
-25.824 1.05
-26.6455 1.035
-27.467 1.02
-28.2885 1.005
-29.1101 0.99
-29.9316 0.975
-30.7531 0.96
-31.5747 0.945
-32.3962 0.93
-33.2177 0.915
-34.0393 0.9
-34.8608 0.885
-35.6823 0.87
-36.5038 0.855
-37.3254 0.84
-38.1469 0.825
-38.9684 0.81
-39.79 0.795
-40.6115 0.78
-41.433 0.765
-42.2546 0.75
-43.0761 0.735
-43.8976 0.72
-44.7191 0.705
-45.5407 0.69
-46.3622 0.675
-47.1837 0.66
-48.0053 0.645
-48.8268 0.63
-49.6483 0.615
-50.4699 0.6
-51.2914 0.585
-52.1129 0.57
-52.9344 0.555
-53.595 0.54
-53.9838 0.525
-54.3727 0.51
-54.7615 0.495
-55.1504 0.48
-55.5392 0.465
-55.9281 0.45
-56.3169 0.435
-56.6165 0.42
-56.9083 0.405
-57.2001 0.39
-57.4919 0.375
-57.7838 0.36
-58.0756 0.345
-58.3674 0.33
-58.6592 0.315
-58.951 0.3
-59.2428 0.285
-59.5346 0.27
-59.8264 0.255
-60.1183 0.24
-60.4101 0.225
-60.7019 0.21
-60.9937 0.195
-61.2855 0.18
-61.5773 0.165
-61.8691 0.15
-62.161 0.135
-62.4528 0.12
-62.7446 0.105
-63.0364 0.09
-63.3282 0.075
-63.62 0.06
-63.9118 0.045
-64.2036 0.03
-64.4955 0.015
-64.7873 -2.09902e-16
-65.0791 -0.015
-65.3709 -0.03
-65.6627 -0.045
-65.9545 -0.06
-66.2463 -0.075
-66.5382 -0.09
-66.83 -0.105
-67.1218 -0.12
-67.4136 -0.135
-67.7054 -0.15
-67.9972 -0.165
-68.289 -0.18
-68.5809 -0.195
-68.8727 -0.21
-69.1645 -0.225
-69.4563 -0.24
-69.7481 -0.255
-70.0399 -0.27
-70.3317 -0.285
-70.6235 -0.3
-70.9154 -0.315
-71.2072 -0.33
-71.499 -0.345
-71.7908 -0.36
-72.0826 -0.375
-72.3744 -0.39
-72.6662 -0.405
-72.9581 -0.42
-73.2499 -0.435
-73.5417 -0.45
-73.8335 -0.465
-74.1253 -0.48
-74.4171 -0.495
-74.7089 -0.51
-75.0008 -0.525
-75.2926 -0.54
-75.5844 -0.555
-75.8762 -0.57
-76.168 -0.585
-76.4598 -0.6
-76.7516 -0.615
-77.0434 -0.63
-77.3353 -0.645
-77.6271 -0.66
-77.9189 -0.675
-78.2107 -0.69
-78.5025 -0.705
-78.7943 -0.72
-79.0861 -0.735
-79.378 -0.75
-79.6698 -0.765
-79.9616 -0.78
-80.2534 -0.795
-80.5452 -0.81
-80.837 -0.825
-81.1288 -0.84
-81.4206 -0.855
-81.7125 -0.87
-82.0043 -0.885
-82.2961 -0.9
-82.5879 -0.915
-82.8797 -0.93
-83.1715 -0.945
-83.4633 -0.96
-83.7552 -0.975
-84.047 -0.99
-84.3388 -1.005
-84.6306 -1.02
-84.9224 -1.035
-85.2142 -1.05
-85.506 -1.065
-85.7979 -1.08
-86.0897 -1.095
-86.3815 -1.11
-86.6733 -1.125
-86.9651 -1.14
-87.2569 -1.155
-87.5487 -1.17
-87.8405 -1.185
-88.1324 -1.2
-88.4242 -1.215
-88.716 -1.23
-89.0078 -1.245
-89.2996 -1.26
-89.5914 -1.275
-89.8832 -1.29
-90.1751 -1.305
-90.4669 -1.32
-90.7587 -1.335
-91.0505 -1.35
-91.3423 -1.365
-91.6341 -1.38
-91.9259 -1.395
-92.2178 -1.41
-92.5096 -1.425
-93.0801 -1.44
-93.8521 -1.455
-94.6241 -1.47
-95.396 -1.485
-96.168 -1.5
-96.94 -1.515
-97.7119 -1.53
-98.4839 -1.545
-99.2559 -1.56
-100.028 -1.575
-100.8 -1.59
-101.572 -1.605
-102.344 -1.62
-103.116 -1.635
-103.888 -1.65
-104.66 -1.665
-105.432 -1.68
-106.204 -1.695
-106.976 -1.71
-107.748 -1.725
-108.519 -1.74
-109.291 -1.755
-110.063 -1.77
-110.835 -1.785
-111.607 -1.8
-112.318 -1.815
-112.366 -1.83
-112.414 -1.845
-112.462 -1.86
-112.509 -1.875
-112.557 -1.89
-112.605 -1.905
-112.653 -1.92
-112.701 -1.935
-112.749 -1.95
-112.797 -1.965
-112.845 -1.98
-112.893 -1.995
-112.941 -2.01
-112.989 -2.025
-113.037 -2.04
-113.085 -2.055
-113.133 -2.07
-113.181 -2.085
-113.229 -2.1
-113.277 -2.115
-113.324 -2.13
-113.372 -2.145
-113.42 -2.16
-113.468 -2.175
-113.516 -2.19
-113.564 -2.205
-113.612 -2.22
-113.66 -2.235
-113.708 -2.25
-113.756 -2.265
-113.804 -2.28
-113.852 -2.295
-113.9 -2.31
-113.948 -2.325
-113.996 -2.34
-114.044 -2.355
-114.092 -2.37
-114.14 -2.385
-114.187 -2.4
-114.235 -2.415
-111.021 -2.4
-107.806 -2.385
-104.591 -2.37
-101.377 -2.355
-98.1621 -2.34
-94.9474 -2.325
-91.7328 -2.31
-89.8909 -2.295
-88.1862 -2.28
-86.4815 -2.265
-84.7768 -2.25
-83.0721 -2.235
-81.3674 -2.22
-79.6627 -2.205
-77.958 -2.19
-76.2533 -2.175
-74.5486 -2.16
-72.8439 -2.145
-71.1393 -2.13
-69.4346 -2.115
-67.7299 -2.1
-66.0252 -2.085
-64.3205 -2.07
-62.6158 -2.055
-60.9111 -2.04
-59.2064 -2.025
-57.5017 -2.01
-55.797 -1.995
-54.0923 -1.98
-52.3877 -1.965
-50.683 -1.95
-48.9783 -1.935
-47.2736 -1.92
-45.5689 -1.905
-43.8642 -1.89
-42.1595 -1.875
-40.4548 -1.86
-38.7501 -1.845
-37.0454 -1.83
-35.3408 -1.815
-33.6361 -1.8
-31.9314 -1.785
-30.2267 -1.77
-28.522 -1.755
-26.8173 -1.74
-25.1126 -1.725
-23.4079 -1.71
-21.7032 -1.695
-19.9985 -1.68
-18.2938 -1.665
-16.5892 -1.65
-14.8845 -1.635
-13.1798 -1.62
-11.4751 -1.605
-9.77039 -1.59
-8.0657 -1.575
-6.36101 -1.56
-4.65632 -1.545
-2.95163 -1.53
-1.24694 -1.515
0.0698086 -1.5
0.84929 -1.485
1.55735 -1.47
2.26541 -1.455
2.97346 -1.44
3.68152 -1.425
4.38958 -1.41
5.09764 -1.395
5.8057 -1.38
6.51376 -1.365
7.22181 -1.35
7.92987 -1.335
8.63793 -1.32
9.34599 -1.305
10.054 -1.29
10.7621 -1.275
11.4702 -1.26
12.1782 -1.245
12.8863 -1.23
13.5943 -1.215
14.3024 -1.2
15.0105 -1.185
15.7185 -1.17
16.4266 -1.155
17.1346 -1.14
17.8427 -1.125
18.5507 -1.11
19.2588 -1.095
19.9669 -1.08
20.6749 -1.065
21.383 -1.05
22.091 -1.035
22.7991 -1.02
23.5072 -1.005
24.2152 -0.99
24.9233 -0.975
25.6313 -0.96
26.3394 -0.945
27.0474 -0.93
27.7555 -0.915
28.4636 -0.9
29.1716 -0.885
29.8797 -0.87
30.5877 -0.855
31.2958 -0.84
32.0039 -0.825
32.7119 -0.81
33.42 -0.795
34.128 -0.78
34.8361 -0.765
35.5441 -0.75
36.2522 -0.735
36.9603 -0.72
37.6683 -0.705
38.3764 -0.69
39.0844 -0.675
39.7925 -0.66
40.5006 -0.645
41.2086 -0.63
41.9167 -0.615
42.6247 -0.6
43.3328 -0.585
44.0408 -0.57
44.7489 -0.555
45.457 -0.54
46.165 -0.525
46.8731 -0.51
47.5811 -0.495
48.2892 -0.48
48.9973 -0.465
49.7053 -0.45
50.4134 -0.435
51.1214 -0.42
51.8295 -0.405
52.5375 -0.39
53.2456 -0.375
53.7072 -0.36
54.0685 -0.345
54.4298 -0.33
54.7912 -0.315
55.1525 -0.3
55.5138 -0.285
55.8752 -0.27
56.2365 -0.255
56.5978 -0.24
56.9592 -0.225
57.3165 -0.21
57.5741 -0.195
57.8317 -0.18
58.0893 -0.165
58.3469 -0.15
58.6045 -0.135
58.8621 -0.12
59.1196 -0.105
59.3772 -0.09
59.6348 -0.075
59.8924 -0.06
60.15 -0.045
60.4076 -0.03
60.6652 -0.015
60.9228 -2.32453e-16
61.1804 0.015
61.438 0.03
61.6956 0.045
61.9532 0.06
62.2108 0.075
62.4684 0.09
62.726 0.105
62.9836 0.12
63.2412 0.135
63.4988 0.15
63.7564 0.165
64.014 0.18
64.2716 0.195
64.5292 0.21
64.7868 0.225
65.0444 0.24
65.302 0.255
65.5596 0.27
65.8172 0.285
66.0748 0.3
66.3324 0.315
66.59 0.33
66.8476 0.345
67.1052 0.36
67.3628 0.375
67.6204 0.39
67.878 0.405
68.1356 0.42
68.3932 0.435
68.6508 0.45
68.9084 0.465
69.166 0.48
69.4236 0.495
69.6812 0.51
69.9388 0.525
70.1964 0.54
70.454 0.555
70.7116 0.57
70.9692 0.585
71.2268 0.6
71.4844 0.615
71.742 0.63
71.9996 0.645
72.2572 0.66
72.5148 0.675
72.7724 0.69
73.03 0.705
73.2876 0.72
73.5452 0.735
73.8028 0.75
74.0603 0.765
74.3179 0.78
74.5755 0.795
74.8331 0.81
75.0907 0.825
75.3483 0.84
75.6059 0.855
75.8635 0.87
76.1211 0.885
76.3787 0.9
76.6363 0.915
76.8939 0.93
77.1515 0.945
77.4091 0.96
77.6667 0.975
77.9243 0.99
78.1819 1.005
78.4395 1.02
78.6971 1.035
78.9547 1.05
79.2123 1.065
79.4699 1.08
79.7275 1.095
79.9851 1.11
80.2427 1.125
80.5003 1.14
80.7579 1.155
81.0155 1.17
81.2731 1.185
81.5307 1.2
81.7883 1.215
82.0459 1.23
82.3035 1.245
82.5611 1.26
82.8187 1.275
83.0763 1.29
83.3339 1.305
83.5915 1.32
83.8491 1.335
84.1067 1.35
84.3643 1.365
84.6219 1.38
84.8795 1.395
85.1371 1.41
85.3947 1.425
85.6523 1.44
85.9099 1.455
86.1675 1.47
86.4251 1.485
86.6827 1.5
86.9403 1.515
87.1979 1.53
87.4555 1.545
87.7131 1.56
87.9707 1.575
88.2283 1.59
88.4859 1.605
88.7435 1.62
89.001 1.635
89.2586 1.65
89.5162 1.665
89.7738 1.68
90.0314 1.695
90.289 1.71
90.5466 1.725
90.8042 1.74
91.0618 1.755
91.3194 1.77
91.577 1.785
91.8346 1.8
92.0922 1.815
92.3498 1.83
92.6074 1.845
93.1271 1.86
93.6988 1.875
94.2705 1.89
94.8421 1.905
95.4138 1.92
95.9855 1.935
96.5572 1.95
97.1288 1.965
97.7005 1.98
98.2722 1.995
98.8439 2.01
99.4155 2.025
99.9872 2.04
100.559 2.055
101.131 2.07
101.702 2.085
102.274 2.1
102.846 2.115
103.417 2.13
103.989 2.145
104.561 2.16
105.132 2.175
105.704 2.19
106.276 2.205
106.847 2.22
107.419 2.235
107.991 2.25
108.562 2.265
109.134 2.28
109.706 2.295
110.277 2.31
110.849 2.325
111.421 2.34
111.992 2.355
112.564 2.37
113.136 2.385
113.707 2.4
114.234 2.415
111.02 2.4
107.805 2.385
104.59 2.37
101.376 2.355
98.1612 2.34
94.9465 2.325
91.7319 2.31
89.8994 2.295
88.1947 2.28
86.49 2.265
84.7853 2.25
83.0807 2.235
81.376 2.22
79.6713 2.205
77.9666 2.19
76.2619 2.175
74.5572 2.16
72.8525 2.145
71.1478 2.13
69.4431 2.115
67.7384 2.1
66.0338 2.085
64.3291 2.07
62.6244 2.055
60.9197 2.04
59.215 2.025
57.5103 2.01
55.8056 1.995
54.1009 1.98
52.3962 1.965
50.6915 1.95
48.9868 1.935
47.2822 1.92
45.5775 1.905
43.8728 1.89
42.1681 1.875
40.4634 1.86
38.7587 1.845
37.054 1.83
35.3493 1.815
33.6446 1.8
31.9399 1.785
30.2352 1.77
28.5306 1.755
26.8259 1.74
25.1212 1.725
23.4165 1.71
21.7118 1.695
20.0071 1.68
18.3024 1.665
16.5977 1.65
14.893 1.635
13.1883 1.62
11.4836 1.605
9.77896 1.59
8.07427 1.575
6.36958 1.56
4.66489 1.545
2.9602 1.53
1.25551 1.515
-0.0652414 1.5
-0.84563 1.485
-1.55344 1.47
-2.26126 1.455
-2.96907 1.44
-3.67688 1.425
-4.3847 1.41
-5.09251 1.395
-5.80033 1.38
-6.50814 1.365
-7.21595 1.35
-7.92377 1.335
-8.63158 1.32
-9.3394 1.305
-10.0472 1.29
-10.755 1.275
-11.4628 1.26
-12.1707 1.245
-12.8785 1.23
-13.5863 1.215
-14.2941 1.2
-15.0019 1.185
-15.7097 1.17
-16.4175 1.155
-17.1253 1.14
-17.8332 1.125
-18.541 1.11
-19.2488 1.095
-19.9566 1.08
-20.6644 1.065
-21.3722 1.05
-22.08 1.035
-22.7879 1.02
-23.4957 1.005
-24.2035 0.99
-24.9113 0.975
-25.6191 0.96
-26.3269 0.945
-27.0347 0.93
-27.7426 0.915
-28.4504 0.9
-29.1582 0.885
-29.866 0.87
-30.5738 0.855
-31.2816 0.84
-31.9894 0.825
-32.6973 0.81
-33.4051 0.795
-34.1129 0.78
-34.8207 0.765
-35.5285 0.75
-36.2363 0.735
-36.9441 0.72
-37.6519 0.705
-38.3598 0.69
-39.0676 0.675
-39.7754 0.66
-40.4832 0.645
-41.191 0.63
-41.8988 0.615
-42.6066 0.6
-43.3145 0.585
-44.0223 0.57
-44.7301 0.555
-45.4379 0.54
-46.1457 0.525
-46.8535 0.51
-47.5613 0.495
-48.2692 0.48
-48.977 0.465
-49.6848 0.45
-50.3926 0.435
-51.1004 0.42
-51.8082 0.405
-52.516 0.39
-53.2239 0.375
-53.696 0.36
-54.0573 0.345
-54.4186 0.33
-54.7798 0.315
-55.1411 0.3
-55.5024 0.285
-55.8637 0.27
-56.225 0.255
-56.5863 0.24
-56.9476 0.225
-57.3089 0.21
-57.5664 0.195
-57.8239 0.18
-58.0815 0.165
-58.339 0.15
-58.5965 0.135
-58.854 0.12
-59.1116 0.105
-59.3691 0.09
-59.6266 0.075
-59.8841 0.06
-60.1416 0.045
-60.3992 0.03
-60.6567 0.015
-60.9142 -1.5439e-16
-61.1717 -0.015
-61.4293 -0.03
-61.6868 -0.045
-61.9443 -0.06
-62.2018 -0.075
-62.4593 -0.09
-62.7169 -0.105
-62.9744 -0.12
-63.2319 -0.135
-63.4894 -0.15
-63.747 -0.165
-64.0045 -0.18
-64.262 -0.195
-64.5195 -0.21
-64.7771 -0.225
-65.0346 -0.24
-65.2921 -0.255
-65.5496 -0.27
-65.8071 -0.285
-66.0647 -0.3
-66.3222 -0.315
-66.5797 -0.33
-66.8372 -0.345
-67.0948 -0.36
-67.3523 -0.375
-67.6098 -0.39
-67.8673 -0.405
-68.1248 -0.42
-68.3824 -0.435
-68.6399 -0.45
-68.8974 -0.465
-69.1549 -0.48
-69.4125 -0.495
-69.67 -0.51
-69.9275 -0.525
-70.185 -0.54
-70.4426 -0.555
-70.7001 -0.57
-70.9576 -0.585
-71.2151 -0.6
-71.4726 -0.615
-71.7302 -0.63
-71.9877 -0.645
-72.2452 -0.66
-72.5027 -0.675
-72.7603 -0.69
-73.0178 -0.705
-73.2753 -0.72
-73.5328 -0.735
-73.7904 -0.75
-74.0479 -0.765
-74.3054 -0.78
-74.5629 -0.795
-74.8204 -0.81
-75.078 -0.825
-75.3355 -0.84
-75.593 -0.855
-75.8505 -0.87
-76.1081 -0.885
-76.3656 -0.9
-76.6231 -0.915
-76.8806 -0.93
-77.1381 -0.945
-77.3957 -0.96
-77.6532 -0.975
-77.9107 -0.99
-78.1682 -1.005
-78.4258 -1.02
-78.6833 -1.035
-78.9408 -1.05
-79.1983 -1.065
-79.4559 -1.08
-79.7134 -1.095
-79.9709 -1.11
-80.2284 -1.125
-80.4859 -1.14
-80.7435 -1.155
-81.001 -1.17
-81.2585 -1.185
-81.516 -1.2
-81.7736 -1.215
-82.0311 -1.23
-82.2886 -1.245
-82.5461 -1.26
-82.8036 -1.275
-83.0612 -1.29
-83.3187 -1.305
-83.5762 -1.32
-83.8337 -1.335
-84.0913 -1.35
-84.3488 -1.365
-84.6063 -1.38
-84.8638 -1.395
-85.1214 -1.41
-85.3789 -1.425
-85.6364 -1.44
-85.8939 -1.455
-86.1514 -1.47
-86.409 -1.485
-86.6665 -1.5
-86.924 -1.515
-87.1815 -1.53
-87.4391 -1.545
-87.6966 -1.56
-87.9541 -1.575
-88.2116 -1.59
-88.4691 -1.605
-88.7267 -1.62
-88.9842 -1.635
-89.2417 -1.65
-89.4992 -1.665
-89.7568 -1.68
-90.0143 -1.695
-90.2718 -1.71
-90.5293 -1.725
-90.7869 -1.74
-91.0444 -1.755
-91.3019 -1.77
-91.5594 -1.785
-91.8169 -1.8
-92.0745 -1.815
-92.332 -1.83
-92.5895 -1.845
-93.1 -1.86
-93.6712 -1.875
-94.2424 -1.89
-94.8137 -1.905
-95.3849 -1.92
-95.9561 -1.935
-96.5273 -1.95
-97.0986 -1.965
-97.6698 -1.98
-98.241 -1.995
-98.8123 -2.01
-99.3835 -2.025
-99.9547 -2.04
-100.526 -2.055
-101.097 -2.07
-101.668 -2.085
-102.24 -2.1
-102.811 -2.115
-103.382 -2.13
-103.953 -2.145
-104.525 -2.16
-105.096 -2.175
-105.667 -2.19
-106.238 -2.205
-106.809 -2.22
-107.381 -2.235
-107.952 -2.25
-108.523 -2.265
-109.094 -2.28
-109.666 -2.295
-110.237 -2.31
-110.808 -2.325
-111.379 -2.34
-111.951 -2.355
-112.522 -2.37
-113.093 -2.385
-113.664 -2.4
-114.235 -2.415
-111.021 -2.4
-107.806 -2.385
-104.591 -2.37
-101.377 -2.355
-98.1621 -2.34
-94.9475 -2.325
-91.7328 -2.31
-89.8945 -2.295
-88.1898 -2.28
-86.4851 -2.265
-84.7804 -2.25
-83.0757 -2.235
-81.371 -2.22
-79.6663 -2.205
-77.9617 -2.19
-76.257 -2.175
-74.5523 -2.16
-72.8476 -2.145
-71.1429 -2.13
-69.4382 -2.115
-67.7335 -2.1
-66.0288 -2.085
-64.3241 -2.07
-62.6194 -2.055
-60.9148 -2.04
-59.2101 -2.025
-57.5054 -2.01
-55.8007 -1.995
-54.096 -1.98
-52.3913 -1.965
-50.6866 -1.95
-48.9819 -1.935
-47.2772 -1.92
-45.5725 -1.905
-43.8678 -1.89
-42.1632 -1.875
-40.4585 -1.86
-38.7538 -1.845
-37.0491 -1.83
-35.3444 -1.815
-33.6397 -1.8
-31.935 -1.785
-30.2303 -1.77
-28.5256 -1.755
-26.8209 -1.74
-25.1162 -1.725
-23.4116 -1.71
-21.7069 -1.695
-20.0022 -1.68
-18.2975 -1.665
-16.5928 -1.65
-14.8881 -1.635
-13.1834 -1.62
-11.4787 -1.605
-9.77403 -1.59
-8.06934 -1.575
-6.36465 -1.56
-4.65996 -1.545
-2.95527 -1.53
-1.25058 -1.515
0.067849 -1.5
0.847642 -1.485
1.55549 -1.47
2.26335 -1.455
2.9712 -1.44
3.67905 -1.425
4.3869 -1.41
5.09475 -1.395
5.8026 -1.38
6.51046 -1.365
7.21831 -1.35
7.92616 -1.335
8.63401 -1.32
9.34186 -1.305
10.0497 -1.29
10.7576 -1.275
11.4654 -1.26
12.1733 -1.245
12.8811 -1.23
13.589 -1.215
14.2968 -1.2
15.0047 -1.185
15.7125 -1.17
16.4204 -1.155
17.1282 -1.14
17.8361 -1.125
18.5439 -1.11
19.2518 -1.095
19.9596 -1.08
20.6675 -1.065
21.3753 -1.05
22.0832 -1.035
22.791 -1.02
23.4989 -1.005
24.2067 -0.99
24.9146 -0.975
25.6225 -0.96
26.3303 -0.945
27.0382 -0.93
27.746 -0.915
28.4539 -0.9
29.1617 -0.885
29.8696 -0.87
30.5774 -0.855
31.2853 -0.84
31.9931 -0.825
32.701 -0.81
33.4088 -0.795
34.1167 -0.78
34.8245 -0.765
35.5324 -0.75
36.2402 -0.735
36.9481 -0.72
37.6559 -0.705
38.3638 -0.69
39.0716 -0.675
39.7795 -0.66
40.4873 -0.645
41.1952 -0.63
41.903 -0.615
42.6109 -0.6
43.3187 -0.585
44.0266 -0.57
44.7345 -0.555
45.4423 -0.54
46.1502 -0.525
46.858 -0.51
47.5659 -0.495
48.2737 -0.48
48.9816 -0.465
49.6894 -0.45
50.3973 -0.435
51.1051 -0.42
51.813 -0.405
52.5208 -0.39
53.2287 -0.375
53.6984 -0.36
54.0597 -0.345
54.421 -0.33
54.7823 -0.315
55.1436 -0.3
55.5048 -0.285
55.8661 -0.27
56.2274 -0.255
56.5887 -0.24
56.95 -0.225
57.3105 -0.21
57.568 -0.195
57.8255 -0.18
58.0831 -0.165
58.3406 -0.15
58.5981 -0.135
58.8557 -0.12
59.1132 -0.105
59.3707 -0.09
59.6283 -0.075
59.8858 -0.06
60.1433 -0.045
60.4009 -0.03
60.6584 -0.015
60.9159 -2.87964e-16
61.1735 0.015
61.431 0.03
61.6885 0.045
61.9461 0.06
62.2036 0.075
62.4611 0.09
62.7187 0.105
62.9762 0.12
63.2337 0.135
63.4913 0.15
63.7488 0.165
64.0063 0.18
64.2639 0.195
64.5214 0.21
64.779 0.225
65.0365 0.24
65.294 0.255
65.5516 0.27
65.8091 0.285
66.0666 0.3
66.3242 0.315
66.5817 0.33
66.8392 0.345
67.0968 0.36
67.3543 0.375
67.6118 0.39
67.8694 0.405
68.1269 0.42
68.3844 0.435
68.642 0.45
68.8995 0.465
69.157 0.48
69.4146 0.495
69.6721 0.51
69.9296 0.525
70.1872 0.54
70.4447 0.555
70.7022 0.57
70.9598 0.585
71.2173 0.6
71.4748 0.615
71.7324 0.63
71.9899 0.645
72.2475 0.66
72.505 0.675
72.7625 0.69
73.0201 0.705
73.2776 0.72
73.5351 0.735
73.7927 0.75
74.0502 0.765
74.3077 0.78
74.5653 0.795
74.8228 0.81
75.0803 0.825
75.3379 0.84
75.5954 0.855
75.8529 0.87
76.1105 0.885
76.368 0.9
76.6255 0.915
76.8831 0.93
77.1406 0.945
77.3981 0.96
77.6557 0.975
77.9132 0.99
78.1707 1.005
78.4283 1.02
78.6858 1.035
78.9433 1.05
79.2009 1.065
79.4584 1.08
79.716 1.095
79.9735 1.11
80.231 1.125
80.4886 1.14
80.7461 1.155
81.0036 1.17
81.2612 1.185
81.5187 1.2
81.7762 1.215
82.0338 1.23
82.2913 1.245
82.5488 1.26
82.8064 1.275
83.0639 1.29
83.3214 1.305
83.579 1.32
83.8365 1.335
84.094 1.35
84.3516 1.365
84.6091 1.38
84.8666 1.395
85.1242 1.41
85.3817 1.425
85.6392 1.44
85.8968 1.455
86.1543 1.47
86.4118 1.485
86.6694 1.5
86.9269 1.515
87.1844 1.53
87.442 1.545
87.6995 1.56
87.9571 1.575
88.2146 1.59
88.4721 1.605
88.7297 1.62
88.9872 1.635
89.2447 1.65
89.5023 1.665
89.7598 1.68
90.0173 1.695
90.2749 1.71
90.5324 1.725
90.7899 1.74
91.0475 1.755
91.305 1.77
91.5625 1.785
91.8201 1.8
92.0776 1.815
92.3351 1.83
92.5927 1.845
93.0941 1.86
93.6655 1.875
94.2368 1.89
94.8082 1.905
95.3795 1.92
95.9509 1.935
96.5223 1.95
97.0936 1.965
97.665 1.98
98.2364 1.995
98.8077 2.01
99.3791 2.025
99.9504 2.04
100.522 2.055
101.093 2.07
101.665 2.085
102.236 2.1
102.807 2.115
103.379 2.13
103.95 2.145
104.521 2.16
105.093 2.175
105.664 2.19
106.235 2.205
106.807 2.22
107.378 2.235
107.95 2.25
108.521 2.265
109.092 2.28
109.664 2.295
110.235 2.31
110.806 2.325
111.378 2.34
111.949 2.355
112.52 2.37
113.092 2.385
113.663 2.4
114.234 2.415
114.282 2.43
114.33 2.445
114.378 2.46
114.426 2.475
114.474 2.49
114.522 2.505
114.57 2.52
114.618 2.535
114.666 2.55
114.714 2.565
114.762 2.58
114.81 2.595
114.858 2.61
114.906 2.625
114.954 2.64
115.002 2.655
115.05 2.67
115.097 2.685
115.145 2.7
115.193 2.715
115.241 2.73
115.289 2.745
115.337 2.76
115.385 2.775
115.433 2.79
115.481 2.805
115.529 2.82
115.577 2.835
115.625 2.85
115.673 2.865
115.721 2.88
115.769 2.895
115.817 2.91
115.865 2.925
115.912 2.94
115.96 2.955
116.008 2.97
116.056 2.985
116.104 3
116.152 3.015
116.2 3.03
116.248 3.045
116.296 3.06
116.344 3.075
116.392 3.09
116.44 3.105
116.488 3.12
116.536 3.135
116.584 3.15
116.632 3.165
116.68 3.18
116.728 3.195
116.775 3.21
116.823 3.225
116.871 3.24
116.919 3.255
116.967 3.27
117.015 3.285
117.063 3.3
117.111 3.315
117.159 3.33
117.207 3.345
117.255 3.36
117.303 3.375
117.351 3.39
117.399 3.405
117.447 3.42
117.495 3.435
117.543 3.45
117.591 3.465
117.638 3.48
117.686 3.495
117.734 3.51
117.782 3.525
117.83 3.54
117.878 3.555
117.926 3.57
117.974 3.585
118.022 3.6
114.807 3.585
111.593 3.57
108.378 3.555
105.163 3.54
101.949 3.525
98.734 3.51
95.5194 3.495
92.3047 3.48
90.1051 3.465
88.4004 3.45
86.6957 3.435
84.991 3.42
83.2863 3.405
81.5817 3.39
79.877 3.375
78.1723 3.36
76.4676 3.345
74.7629 3.33
73.0582 3.315
71.3535 3.3
69.6488 3.285
67.9441 3.27
66.2394 3.255
64.5347 3.24
62.8301 3.225
61.1254 3.21
59.4207 3.195
57.716 3.18
56.0113 3.165
54.3066 3.15
52.6019 3.135
50.8972 3.12
49.1925 3.105
47.4878 3.09
45.7832 3.075
44.0785 3.06
42.3738 3.045
40.6691 3.03
38.9644 3.015
37.2597 3
35.555 2.985
33.8503 2.97
32.1456 2.955
30.4409 2.94
28.7362 2.925
27.0316 2.91
25.3269 2.895
23.6222 2.88
21.9175 2.865
20.2128 2.85
18.5081 2.835
16.8034 2.82
15.0987 2.805
13.394 2.79
11.6893 2.775
9.98465 2.76
8.27996 2.745
6.57527 2.73
4.87058 2.715
3.16589 2.7
1.46119 2.685
0.141439 2.67
-0.49182 2.655
-1.0333 2.64
-1.57478 2.625
-2.11626 2.61
-2.65774 2.595
-3.19922 2.58
-3.7407 2.565
-4.28218 2.55
-4.82366 2.535
-5.36514 2.52
-5.90662 2.505
-6.4481 2.49
-6.98958 2.475
-7.53106 2.46
-8.07254 2.445
-8.61402 2.43
-9.1555 2.415
-9.69698 2.4
-10.2385 2.385
-10.7799 2.37
-11.3214 2.355
-11.8629 2.34
-12.4044 2.325
-12.9459 2.31
-13.4873 2.295
-14.0288 2.28
-14.5703 2.265
-15.1118 2.25
-15.6533 2.235
-16.1947 2.22
-16.7362 2.205
-17.2777 2.19
-17.8192 2.175
-18.3607 2.16
-18.9021 2.145
-19.4436 2.13
-19.9851 2.115
-20.5266 2.1
-21.0681 2.085
-21.6095 2.07
-22.151 2.055
-22.6925 2.04
-23.234 2.025
-23.7755 2.01
-24.3169 1.995
-24.8584 1.98
-25.3999 1.965
-25.9414 1.95
-26.4829 1.935
-27.0243 1.92
-27.5658 1.905
-28.1073 1.89
-28.6488 1.875
-29.1903 1.86
-29.7317 1.845
-30.2732 1.83
-30.8147 1.815
-31.3562 1.8
-31.8977 1.785
-32.4391 1.77
-32.9806 1.755
-33.5221 1.74
-34.0636 1.725
-34.6051 1.71
-35.1465 1.695
-35.688 1.68
-36.2295 1.665
-36.771 1.65
-37.3125 1.635
-37.8539 1.62
-38.3954 1.605
-38.9369 1.59
-39.4784 1.575
-40.0199 1.56
-40.5613 1.545
-41.1028 1.53
-41.6443 1.515
-42.1858 1.5
-42.7273 1.485
-43.2687 1.47
-43.8102 1.455
-44.3517 1.44
-44.8932 1.425
-45.4347 1.41
-45.9761 1.395
-46.5176 1.38
-47.0591 1.365
-47.6006 1.35
-48.1421 1.335
-48.6835 1.32
-49.225 1.305
-49.7665 1.29
-50.308 1.275
-50.8495 1.26
-51.391 1.245
-51.9324 1.23
-52.4739 1.215
-53.0154 1.2
-53.5023 1.185
-53.7669 1.17
-54.0314 1.155
-54.296 1.14
-54.5605 1.125
-54.8251 1.11
-55.0896 1.095
-55.3542 1.08
-55.6187 1.065
-55.8833 1.05
-56.1478 1.035
-56.4123 1.02
-56.6769 1.005
-56.9414 0.99
-57.206 0.975
-57.4337 0.96
-57.638 0.945
-57.8422 0.93
-58.0465 0.915
-58.2507 0.9
-58.455 0.885
-58.6592 0.87
-58.8635 0.855
-59.0678 0.84
-59.272 0.825
-59.4763 0.81
-59.6805 0.795
-59.8848 0.78
-60.089 0.765
-60.2933 0.75
-60.4976 0.735
-60.7018 0.72
-60.9061 0.705
-61.1103 0.69
-61.3146 0.675
-61.5188 0.66
-61.7231 0.645
-61.9274 0.63
-62.1316 0.615
-62.3359 0.6
-62.5401 0.585
-62.7444 0.57
-62.9486 0.555
-63.1529 0.54
-63.3572 0.525
-63.5614 0.51
-63.7657 0.495
-63.9699 0.48
-64.1742 0.465
-64.3784 0.45
-64.5827 0.435
-64.787 0.42
-64.9912 0.405
-65.1955 0.39
-65.3997 0.375
-65.604 0.36
-65.8082 0.345
-66.0125 0.33
-66.2168 0.315
-66.421 0.3
-66.6253 0.285
-66.8295 0.27
-67.0338 0.255
-67.238 0.24
-67.4423 0.225
-67.6466 0.21
-67.8508 0.195
-68.0551 0.18
-68.2593 0.165
-68.4636 0.15
-68.6678 0.135
-68.8721 0.12
-69.0764 0.105
-69.2806 0.09
-69.4849 0.075
-69.6891 0.06
-69.8934 0.045
-70.0976 0.03
-70.3019 0.015
-70.5061 -2.11636e-16
-70.7104 -0.015
-70.9147 -0.03
-71.1189 -0.045
-71.3232 -0.06
-71.5274 -0.075
-71.7317 -0.09
-71.9359 -0.105
-72.1402 -0.12
-72.3445 -0.135
-72.5487 -0.15
-72.753 -0.165
-72.9572 -0.18
-73.1615 -0.195
-73.3657 -0.21
-73.57 -0.225
-73.7743 -0.24
-73.9785 -0.255
-74.1828 -0.27
-74.387 -0.285
-74.5913 -0.3
-74.7955 -0.315
-74.9998 -0.33
-75.2041 -0.345
-75.4083 -0.36
-75.6126 -0.375
-75.8168 -0.39
-76.0211 -0.405
-76.2253 -0.42
-76.4296 -0.435
-76.6339 -0.45
-76.8381 -0.465
-77.0424 -0.48
-77.2466 -0.495
-77.4509 -0.51
-77.6551 -0.525
-77.8594 -0.54
-78.0637 -0.555
-78.2679 -0.57
-78.4722 -0.585
-78.6764 -0.6
-78.8807 -0.615
-79.0849 -0.63
-79.2892 -0.645
-79.4935 -0.66
-79.6977 -0.675
-79.902 -0.69
-80.1062 -0.705
-80.3105 -0.72
-80.5147 -0.735
-80.719 -0.75
-80.9233 -0.765
-81.1275 -0.78
-81.3318 -0.795
-81.536 -0.81
-81.7403 -0.825
-81.9445 -0.84
-82.1488 -0.855
-82.3531 -0.87
-82.5573 -0.885
-82.7616 -0.9
-82.9658 -0.915
-83.1701 -0.93
-83.3743 -0.945
-83.5786 -0.96
-83.7829 -0.975
-83.9871 -0.99
-84.1914 -1.005
-84.3956 -1.02
-84.5999 -1.035
-84.8041 -1.05
-85.0084 -1.065
-85.2127 -1.08
-85.4169 -1.095
-85.6212 -1.11
-85.8254 -1.125
-86.0297 -1.14
-86.2339 -1.155
-86.4382 -1.17
-86.6425 -1.185
-86.8467 -1.2
-87.051 -1.215
-87.2552 -1.23
-87.4595 -1.245
-87.6637 -1.26
-87.868 -1.275
-88.0723 -1.29
-88.2765 -1.305
-88.4808 -1.32
-88.685 -1.335
-88.8893 -1.35
-89.0935 -1.365
-89.2978 -1.38
-89.5021 -1.395
-89.7063 -1.41
-89.9106 -1.425
-90.1148 -1.44
-90.3191 -1.455
-90.5233 -1.47
-90.7276 -1.485
-90.9318 -1.5
-91.1361 -1.515
-91.3404 -1.53
-91.5446 -1.545
-91.7489 -1.56
-91.9531 -1.575
-92.1574 -1.59
-92.3616 -1.605
-92.5659 -1.62
-92.7702 -1.635
-92.9744 -1.65
-93.1787 -1.665
-93.3829 -1.68
-93.5872 -1.695
-93.7914 -1.71
-93.9957 -1.725
-94.2 -1.74
-94.4042 -1.755
-94.6085 -1.77
-94.8127 -1.785
-95.017 -1.8
-95.2212 -1.815
-95.4255 -1.83
-95.6298 -1.845
-95.834 -1.86
-96.0383 -1.875
-96.2425 -1.89
-96.4468 -1.905
-96.651 -1.92
-96.8553 -1.935
-97.0596 -1.95
-97.2638 -1.965
-97.7273 -1.98
-98.2983 -1.995
-98.8693 -2.01
-99.4402 -2.025
-100.011 -2.04
-100.582 -2.055
-101.153 -2.07
-101.724 -2.085
-102.295 -2.1
-102.866 -2.115
-103.437 -2.13
-104.008 -2.145
-104.579 -2.16
-105.15 -2.175
-105.721 -2.19
-106.292 -2.205
-106.863 -2.22
-107.434 -2.235
-108.005 -2.25
-108.576 -2.265
-109.147 -2.28
-109.718 -2.295
-110.289 -2.31
-110.86 -2.325
-111.43 -2.34
-112.001 -2.355
-112.572 -2.37
-113.143 -2.385
-113.714 -2.4
-114.24 -2.415
-114.288 -2.43
-114.335 -2.445
-114.383 -2.46
-114.431 -2.475
-114.479 -2.49
-114.527 -2.505
-114.575 -2.52
-114.623 -2.535
-114.671 -2.55
-114.719 -2.565
-114.767 -2.58
-114.815 -2.595
-114.863 -2.61
-114.911 -2.625
-114.959 -2.64
-115.007 -2.655
-115.055 -2.67
-115.103 -2.685
-115.151 -2.7
-115.198 -2.715
-115.246 -2.73
-115.294 -2.745
-115.342 -2.76
-115.39 -2.775
-115.438 -2.79
-115.486 -2.805
-115.534 -2.82
-115.582 -2.835
-115.63 -2.85
-115.678 -2.865
-115.726 -2.88
-115.774 -2.895
-115.822 -2.91
-115.87 -2.925
-115.918 -2.94
-115.966 -2.955
-116.014 -2.97
-116.061 -2.985
-116.109 -3
-116.157 -3.015
-116.205 -3.03
-116.253 -3.045
-116.301 -3.06
-116.349 -3.075
-116.397 -3.09
-116.445 -3.105
-116.493 -3.12
-116.541 -3.135
-116.589 -3.15
-116.637 -3.165
-116.685 -3.18
-116.733 -3.195
-116.781 -3.21
-116.829 -3.225
-116.876 -3.24
-116.924 -3.255
-116.972 -3.27
-117.02 -3.285
-117.068 -3.3
-117.116 -3.315
-117.164 -3.33
-117.212 -3.345
-117.26 -3.36
-117.308 -3.375
-117.356 -3.39
-117.404 -3.405
-117.452 -3.42
-117.5 -3.435
-117.548 -3.45
-117.596 -3.465
-117.644 -3.48
-117.692 -3.495
-117.739 -3.51
-117.787 -3.525
-117.835 -3.54
-117.883 -3.555
-117.931 -3.57
-117.979 -3.585
-118.027 -3.6
-114.812 -3.585
-111.598 -3.57
-108.383 -3.555
-105.168 -3.54
-101.954 -3.525
-98.7392 -3.51
-95.8044 -3.495
-94.0997 -3.48
-92.395 -3.465
-90.6903 -3.45
-88.9857 -3.435
-87.281 -3.42
-85.5763 -3.405
-83.8716 -3.39
-82.1669 -3.375
-80.4622 -3.36
-78.7575 -3.345
-77.0528 -3.33
-75.3481 -3.315
-73.6434 -3.3
-71.9387 -3.285
-70.2341 -3.27
-68.5294 -3.255
-66.8247 -3.24
-65.12 -3.225
-63.4153 -3.21
-61.7106 -3.195
-60.0059 -3.18
-58.3012 -3.165
-56.5965 -3.15
-54.8918 -3.135
-53.1872 -3.12
-51.4825 -3.105
-49.7778 -3.09
-48.0731 -3.075
-46.3684 -3.06
-44.6637 -3.045
-42.959 -3.03
-41.2543 -3.015
-39.5496 -3
-37.8449 -2.985
-36.1402 -2.97
-34.4356 -2.955
-32.7309 -2.94
-31.0262 -2.925
-29.3215 -2.91
-27.6168 -2.895
-25.9121 -2.88
-24.2074 -2.865
-22.5027 -2.85
-20.798 -2.835
-19.0933 -2.82
-17.3886 -2.805
-15.684 -2.79
-13.9793 -2.775
-12.2746 -2.76
-10.5699 -2.745
-8.8652 -2.73
-7.1605 -2.715
-5.45581 -2.7
-3.75112 -2.685
-2.04643 -2.67
-0.366819 -2.655
0.2894 -2.64
0.769089 -2.625
1.21959 -2.61
1.67009 -2.595
2.12058 -2.58
2.57108 -2.565
3.02158 -2.55
3.47208 -2.535
3.92258 -2.52
4.37308 -2.505
4.82357 -2.49
5.27407 -2.475
5.72457 -2.46
6.17507 -2.445
6.62557 -2.43
7.07607 -2.415
7.52657 -2.4
7.97706 -2.385
8.42756 -2.37
8.87806 -2.355
9.32856 -2.34
9.77906 -2.325
10.2296 -2.31
10.6801 -2.295
11.1306 -2.28
11.5811 -2.265
12.0315 -2.25
12.482 -2.235
12.9325 -2.22
13.383 -2.205
13.8335 -2.19
14.284 -2.175
14.7345 -2.16
15.185 -2.145
15.6355 -2.13
16.086 -2.115
16.5365 -2.1
16.987 -2.085
17.4375 -2.07
17.888 -2.055
18.3385 -2.04
18.789 -2.025
19.2395 -2.01
19.69 -1.995
20.1405 -1.98
20.591 -1.965
21.0415 -1.95
21.492 -1.935
21.9425 -1.92
22.393 -1.905
22.8435 -1.89
23.294 -1.875
23.7445 -1.86
24.195 -1.845
24.6455 -1.83
25.096 -1.815
25.5465 -1.8
25.997 -1.785
26.4475 -1.77
26.898 -1.755
27.3485 -1.74
27.799 -1.725
28.2495 -1.71
28.7 -1.695
29.1505 -1.68
29.601 -1.665
30.0515 -1.65
30.502 -1.635
30.9525 -1.62
31.403 -1.605
31.8535 -1.59
32.304 -1.575
32.7545 -1.56
33.205 -1.545
33.6555 -1.53
34.106 -1.515
34.5565 -1.5
35.007 -1.485
35.4575 -1.47
35.908 -1.455
36.3585 -1.44
36.809 -1.425
37.2595 -1.41
37.71 -1.395
38.1605 -1.38
38.611 -1.365
39.0615 -1.35
39.512 -1.335
39.9625 -1.32
40.4129 -1.305
40.8634 -1.29
41.3139 -1.275
41.7644 -1.26
42.2149 -1.245
42.6654 -1.23
43.1159 -1.215
43.5664 -1.2
44.0169 -1.185
44.4674 -1.17
44.9179 -1.155
45.3684 -1.14
45.8189 -1.125
46.2694 -1.11
46.7199 -1.095
47.1704 -1.08
47.6209 -1.065
48.0714 -1.05
48.5219 -1.035
48.9724 -1.02
49.4229 -1.005
49.8734 -0.99
50.3239 -0.975
50.7744 -0.96
51.2249 -0.945
51.6754 -0.93
52.1259 -0.915
52.5764 -0.9
53.0269 -0.885
53.4648 -0.87
53.7055 -0.855
53.9463 -0.84
54.187 -0.825
54.4277 -0.81
54.6685 -0.795
54.9092 -0.78
55.15 -0.765
55.3907 -0.75
55.6314 -0.735
55.8722 -0.72
56.1129 -0.705
56.3537 -0.69
56.5944 -0.675
56.8351 -0.66
57.0759 -0.645
57.3166 -0.63
57.5574 -0.615
57.7981 -0.6
58.0389 -0.585
58.2796 -0.57
58.5203 -0.555
58.7611 -0.54
59.0018 -0.525
59.2313 -0.51
59.4047 -0.495
59.5781 -0.48
59.7516 -0.465
59.925 -0.45
60.0984 -0.435
60.2719 -0.42
60.4453 -0.405
60.6187 -0.39
60.7921 -0.375
60.9656 -0.36
61.139 -0.345
61.3124 -0.33
61.4859 -0.315
61.6593 -0.3
61.8327 -0.285
62.0061 -0.27
62.1796 -0.255
62.353 -0.24
62.5264 -0.225
62.6999 -0.21
62.8733 -0.195
63.0467 -0.18
63.2201 -0.165
63.3936 -0.15
63.567 -0.135
63.7404 -0.12
63.9139 -0.105
64.0873 -0.09
64.2607 -0.075
64.4341 -0.06
64.6076 -0.045
64.781 -0.03
64.9544 -0.015
65.1279 -4.33681e-16
65.3013 0.015
65.4747 0.03
65.6481 0.045
65.8216 0.06
65.995 0.075
66.1684 0.09
66.3419 0.105
66.5153 0.12
66.6887 0.135
66.8621 0.15
67.0356 0.165
67.209 0.18
67.3824 0.195
67.5559 0.21
67.7293 0.225
67.9027 0.24
68.0761 0.255
68.2496 0.27
68.423 0.285
68.5964 0.3
68.7699 0.315
68.9433 0.33
69.1167 0.345
69.2901 0.36
69.4636 0.375
69.637 0.39
69.8104 0.405
69.9839 0.42
70.1573 0.435
70.3307 0.45
70.5041 0.465
70.6776 0.48
70.851 0.495
71.0244 0.51
71.1979 0.525
71.3713 0.54
71.5447 0.555
71.7181 0.57
71.8916 0.585
72.065 0.6
72.2384 0.615
72.4119 0.63
72.5853 0.645
72.7587 0.66
72.9321 0.675
73.1056 0.69
73.279 0.705
73.4524 0.72
73.6259 0.735
73.7993 0.75
73.9727 0.765
74.1461 0.78
74.3196 0.795
74.493 0.81
74.6664 0.825
74.8399 0.84
75.0133 0.855
75.1867 0.87
75.3601 0.885
75.5336 0.9
75.707 0.915
75.8804 0.93
76.0539 0.945
76.2273 0.96
76.4007 0.975
76.5741 0.99
76.7476 1.005
76.921 1.02
77.0944 1.035
77.2679 1.05
77.4413 1.065
77.6147 1.08
77.7881 1.095
77.9616 1.11
78.135 1.125
78.3084 1.14
78.4819 1.155
78.6553 1.17
78.8287 1.185
79.0021 1.2
79.1756 1.215
79.349 1.23
79.5224 1.245
79.6959 1.26
79.8693 1.275
80.0427 1.29
80.2161 1.305
80.3896 1.32
80.563 1.335
80.7364 1.35
80.9099 1.365
81.0833 1.38
81.2567 1.395
81.4301 1.41
81.6036 1.425
81.777 1.44
81.9504 1.455
82.1239 1.47
82.2973 1.485
82.4707 1.5
82.6441 1.515
82.8176 1.53
82.991 1.545
83.1644 1.56
83.3379 1.575
83.5113 1.59
83.6847 1.605
83.8581 1.62
84.0316 1.635
84.205 1.65
84.3784 1.665
84.5519 1.68
84.7253 1.695
84.8987 1.71
85.0721 1.725
85.2456 1.74
85.419 1.755
85.5924 1.77
85.7659 1.785
85.9393 1.8
86.1127 1.815
86.2861 1.83
86.4596 1.845
86.633 1.86
86.8064 1.875
86.9799 1.89
87.1533 1.905
87.3267 1.92
87.5001 1.935
87.6736 1.95
87.847 1.965
88.0204 1.98
88.1938 1.995
88.3673 2.01
88.5407 2.025
88.7141 2.04
88.8876 2.055
89.061 2.07
89.2344 2.085
89.4078 2.1
89.5813 2.115
89.7547 2.13
89.9281 2.145
90.1016 2.16
90.275 2.175
90.4484 2.19
90.6218 2.205
90.7953 2.22
90.9687 2.235
91.1421 2.25
91.3156 2.265
91.489 2.28
91.6624 2.295
91.8358 2.31
92.0093 2.325
92.1827 2.34
92.3561 2.355
92.5296 2.37
92.703 2.385
92.8764 2.4
93.0498 2.415
93.2233 2.43
93.3967 2.445
93.5701 2.46
93.7436 2.475
93.917 2.49
94.0904 2.505
94.2638 2.52
94.4373 2.535
94.6107 2.55
94.7841 2.565
94.9576 2.58
95.131 2.595
95.3044 2.61
95.4778 2.625
95.6513 2.64
95.8247 2.655
95.9981 2.67
96.1716 2.685
96.345 2.7
96.5184 2.715
96.6918 2.73
96.8653 2.745
97.0387 2.76
97.2121 2.775
97.4474 2.79
97.829 2.805
98.2106 2.82
98.5923 2.835
98.9739 2.85
99.3555 2.865
99.7372 2.88
100.119 2.895
100.5 2.91
100.882 2.925
101.264 2.94
101.645 2.955
102.027 2.97
102.409 2.985
102.79 3
103.172 3.015
103.553 3.03
103.935 3.045
104.317 3.06
104.698 3.075
105.08 3.09
105.462 3.105
105.843 3.12
106.225 3.135
106.606 3.15
106.988 3.165
107.37 3.18
107.751 3.195
108.133 3.21
108.515 3.225
108.896 3.24
109.278 3.255
109.659 3.27
110.041 3.285
110.423 3.3
110.804 3.315
111.186 3.33
111.568 3.345
111.949 3.36
112.331 3.375
112.713 3.39
113.094 3.405
113.476 3.42
113.857 3.435
114.239 3.45
114.621 3.465
115.002 3.48
115.384 3.495
115.766 3.51
116.147 3.525
116.529 3.54
116.91 3.555
117.292 3.57
117.674 3.585
118.026 3.6
114.812 3.585
111.597 3.57
108.382 3.555
105.168 3.54
101.953 3.525
98.7382 3.51
95.8092 3.495
94.1045 3.48
92.3998 3.465
90.6951 3.45
88.9904 3.435
87.2857 3.42
85.581 3.405
83.8763 3.39
82.1716 3.375
80.467 3.36
78.7623 3.345
77.0576 3.33
75.3529 3.315
73.6482 3.3
71.9435 3.285
70.2388 3.27
68.5341 3.255
66.8294 3.24
65.1247 3.225
63.4201 3.21
61.7154 3.195
60.0107 3.18
58.306 3.165
56.6013 3.15
54.8966 3.135
53.1919 3.12
51.4872 3.105
49.7825 3.09
48.0778 3.075
46.3731 3.06
44.6685 3.045
42.9638 3.03
41.2591 3.015
39.5544 3
37.8497 2.985
36.145 2.97
34.4403 2.955
32.7356 2.94
31.0309 2.925
29.3262 2.91
27.6215 2.895
25.9169 2.88
24.2122 2.865
22.5075 2.85
20.8028 2.835
19.0981 2.82
17.3934 2.805
15.6887 2.79
13.984 2.775
12.2793 2.76
10.5746 2.745
8.86995 2.73
7.16526 2.715
5.46057 2.7
3.75588 2.685
2.05119 2.67
0.368649 2.655
-0.287617 2.64
-0.767787 2.625
-1.21819 2.61
-1.66859 2.595
-2.11899 2.58
-2.5694 2.565
-3.0198 2.55
-3.4702 2.535
-3.9206 2.52
-4.371 2.505
-4.82141 2.49
-5.27181 2.475
-5.72221 2.46
-6.17261 2.445
-6.62302 2.43
-7.07342 2.415
-7.52382 2.4
-7.97422 2.385
-8.42462 2.37
-8.87503 2.355
-9.32543 2.34
-9.77583 2.325
-10.2262 2.31
-10.6766 2.295
-11.127 2.28
-11.5774 2.265
-12.0278 2.25
-12.4782 2.235
-12.9286 2.22
-13.379 2.205
-13.8294 2.19
-14.2799 2.175
-14.7303 2.16
-15.1807 2.145
-15.6311 2.13
-16.0815 2.115
-16.5319 2.1
-16.9823 2.085
-17.4327 2.07
-17.8831 2.055
-18.3335 2.04
-18.7839 2.025
-19.2343 2.01
-19.6847 1.995
-20.1351 1.98
-20.5855 1.965
-21.0359 1.95
-21.4863 1.935
-21.9367 1.92
-22.3871 1.905
-22.8375 1.89
-23.2879 1.875
-23.7383 1.86
-24.1887 1.845
-24.6391 1.83
-25.0895 1.815
-25.5399 1.8
-25.9903 1.785
-26.4407 1.77
-26.8911 1.755
-27.3415 1.74
-27.7919 1.725
-28.2423 1.71
-28.6927 1.695
-29.1431 1.68
-29.5935 1.665
-30.0439 1.65
-30.4943 1.635
-30.9447 1.62
-31.3951 1.605
-31.8455 1.59
-32.2959 1.575
-32.7463 1.56
-33.1967 1.545
-33.6471 1.53
-34.0975 1.515
-34.5479 1.5
-34.9983 1.485
-35.4488 1.47
-35.8992 1.455
-36.3496 1.44
-36.8 1.425
-37.2504 1.41
-37.7008 1.395
-38.1512 1.38
-38.6016 1.365
-39.052 1.35
-39.5024 1.335
-39.9528 1.32
-40.4032 1.305
-40.8536 1.29
-41.304 1.275
-41.7544 1.26
-42.2048 1.245
-42.6552 1.23
-43.1056 1.215
-43.556 1.2
-44.0064 1.185
-44.4568 1.17
-44.9072 1.155
-45.3576 1.14
-45.808 1.125
-46.2584 1.11
-46.7088 1.095
-47.1592 1.08
-47.6096 1.065
-48.06 1.05
-48.5104 1.035
-48.9608 1.02
-49.4112 1.005
-49.8616 0.99
-50.312 0.975
-50.7624 0.96
-51.2128 0.945
-51.6632 0.93
-52.1136 0.915
-52.564 0.9
-53.0144 0.885
-53.4581 0.87
-53.6988 0.855
-53.9395 0.84
-54.1802 0.825
-54.4209 0.81
-54.6617 0.795
-54.9024 0.78
-55.1431 0.765
-55.3838 0.75
-55.6246 0.735
-55.8653 0.72
-56.106 0.705
-56.3467 0.69
-56.5874 0.675
-56.8282 0.66
-57.0689 0.645
-57.3096 0.63
-57.5503 0.615
-57.7911 0.6
-58.0318 0.585
-58.2725 0.57
-58.5132 0.555
-58.7539 0.54
-58.9947 0.525
-59.2268 0.51
-59.4002 0.495
-59.5736 0.48
-59.747 0.465
-59.9204 0.45
-60.0938 0.435
-60.2672 0.42
-60.4406 0.405
-60.614 0.39
-60.7874 0.375
-60.9608 0.36
-61.1342 0.345
-61.3076 0.33
-61.481 0.315
-61.6544 0.3
-61.8278 0.285
-62.0012 0.27
-62.1746 0.255
-62.3479 0.24
-62.5213 0.225
-62.6947 0.21
-62.8681 0.195
-63.0415 0.18
-63.2149 0.165
-63.3883 0.15
-63.5617 0.135
-63.7351 0.12
-63.9085 0.105
-64.0819 0.09
-64.2553 0.075
-64.4287 0.06
-64.6021 0.045
-64.7755 0.03
-64.9489 0.015
-65.1223 -4.54498e-16
-65.2957 -0.015
-65.4691 -0.03
-65.6425 -0.045
-65.8159 -0.06
-65.9892 -0.075
-66.1626 -0.09
-66.336 -0.105
-66.5094 -0.12
-66.6828 -0.135
-66.8562 -0.15
-67.0296 -0.165
-67.203 -0.18
-67.3764 -0.195
-67.5498 -0.21
-67.7232 -0.225
-67.8966 -0.24
-68.07 -0.255
-68.2434 -0.27
-68.4168 -0.285
-68.5902 -0.3
-68.7636 -0.315
-68.937 -0.33
-69.1104 -0.345
-69.2838 -0.36
-69.4572 -0.375
-69.6305 -0.39
-69.8039 -0.405
-69.9773 -0.42
-70.1507 -0.435
-70.3241 -0.45
-70.4975 -0.465
-70.6709 -0.48
-70.8443 -0.495
-71.0177 -0.51
-71.1911 -0.525
-71.3645 -0.54
-71.5379 -0.555
-71.7113 -0.57
-71.8847 -0.585
-72.0581 -0.6
-72.2315 -0.615
-72.4049 -0.63
-72.5783 -0.645
-72.7517 -0.66
-72.9251 -0.675
-73.0985 -0.69
-73.2718 -0.705
-73.4452 -0.72
-73.6186 -0.735
-73.792 -0.75
-73.9654 -0.765
-74.1388 -0.78
-74.3122 -0.795
-74.4856 -0.81
-74.659 -0.825
-74.8324 -0.84
-75.0058 -0.855
-75.1792 -0.87
-75.3526 -0.885
-75.526 -0.9
-75.6994 -0.915
-75.8728 -0.93
-76.0462 -0.945
-76.2196 -0.96
-76.393 -0.975
-76.5664 -0.99
-76.7398 -1.005
-76.9131 -1.02
-77.0865 -1.035
-77.2599 -1.05
-77.4333 -1.065
-77.6067 -1.08
-77.7801 -1.095
-77.9535 -1.11
-78.1269 -1.125
-78.3003 -1.14
-78.4737 -1.155
-78.6471 -1.17
-78.8205 -1.185
-78.9939 -1.2
-79.1673 -1.215
-79.3407 -1.23
-79.5141 -1.245
-79.6875 -1.26
-79.8609 -1.275
-80.0343 -1.29
-80.2077 -1.305
-80.3811 -1.32
-80.5544 -1.335
-80.7278 -1.35
-80.9012 -1.365
-81.0746 -1.38
-81.248 -1.395
-81.4214 -1.41
-81.5948 -1.425
-81.7682 -1.44
-81.9416 -1.455
-82.115 -1.47
-82.2884 -1.485
-82.4618 -1.5
-82.6352 -1.515
-82.8086 -1.53
-82.982 -1.545
-83.1554 -1.56
-83.3288 -1.575
-83.5022 -1.59
-83.6756 -1.605
-83.849 -1.62
-84.0223 -1.635
-84.1957 -1.65
-84.3691 -1.665
-84.5425 -1.68
-84.7159 -1.695
-84.8893 -1.71
-85.0627 -1.725
-85.2361 -1.74
-85.4095 -1.755
-85.5829 -1.77
-85.7563 -1.785
-85.9297 -1.8
-86.1031 -1.815
-86.2765 -1.83
-86.4499 -1.845
-86.6233 -1.86
-86.7967 -1.875
-86.9701 -1.89
-87.1435 -1.905
-87.3169 -1.92
-87.4903 -1.935
-87.6636 -1.95
-87.837 -1.965
-88.0104 -1.98
-88.1838 -1.995
-88.3572 -2.01
-88.5306 -2.025
-88.704 -2.04
-88.8774 -2.055
-89.0508 -2.07
-89.2242 -2.085
-89.3976 -2.1
-89.571 -2.115
-89.7444 -2.13
-89.9178 -2.145
-90.0912 -2.16
-90.2646 -2.175
-90.438 -2.19
-90.6114 -2.205
-90.7848 -2.22
-90.9582 -2.235
-91.1316 -2.25
-91.3049 -2.265
-91.4783 -2.28
-91.6517 -2.295
-91.8251 -2.31
-91.9985 -2.325
-92.1719 -2.34
-92.3453 -2.355
-92.5187 -2.37
-92.6921 -2.385
-92.8655 -2.4
-93.0389 -2.415
-93.2123 -2.43
-93.3857 -2.445
-93.5591 -2.46
-93.7325 -2.475
-93.9059 -2.49
-94.0793 -2.505
-94.2527 -2.52
-94.4261 -2.535
-94.5995 -2.55
-94.7729 -2.565
-94.9462 -2.58
-95.1196 -2.595
-95.293 -2.61
-95.4664 -2.625
-95.6398 -2.64
-95.8132 -2.655
-95.9866 -2.67
-96.16 -2.685
-96.3334 -2.7
-96.5068 -2.715
-96.6802 -2.73
-96.8536 -2.745
-97.027 -2.76
-97.2004 -2.775
-97.4297 -2.79
-97.8111 -2.805
-98.1926 -2.82
-98.574 -2.835
-98.9554 -2.85
-99.3369 -2.865
-99.7183 -2.88
-100.1 -2.895
-100.481 -2.91
-100.863 -2.925
-101.244 -2.94
-101.625 -2.955
-102.007 -2.97
-102.388 -2.985
-102.77 -3
-103.151 -3.015
-103.533 -3.03
-103.914 -3.045
-104.296 -3.06
-104.677 -3.075
-105.058 -3.09
-105.44 -3.105
-105.821 -3.12
-106.203 -3.135
-106.584 -3.15
-106.966 -3.165
-107.347 -3.18
-107.728 -3.195
-108.11 -3.21
-108.491 -3.225
-108.873 -3.24
-109.254 -3.255
-109.636 -3.27
-110.017 -3.285
-110.398 -3.3
-110.78 -3.315
-111.161 -3.33
-111.543 -3.345
-111.924 -3.36
-112.306 -3.375
-112.687 -3.39
-113.069 -3.405
-113.45 -3.42
-113.831 -3.435
-114.213 -3.45
-114.594 -3.465
-114.976 -3.48
-115.357 -3.495
-115.739 -3.51
-116.12 -3.525
-116.501 -3.54
-116.883 -3.555
-117.264 -3.57
-117.646 -3.585
-118.027 -3.6
-114.812 -3.585
-111.598 -3.57
-108.383 -3.555
-105.168 -3.54
-101.954 -3.525
-98.7392 -3.51
-95.8061 -3.495
-94.1015 -3.48
-92.3968 -3.465
-90.6921 -3.45
-88.9874 -3.435
-87.2827 -3.42
-85.578 -3.405
-83.8733 -3.39
-82.1686 -3.375
-80.4639 -3.36
-78.7592 -3.345
-77.0546 -3.33
-75.3499 -3.315
-73.6452 -3.3
-71.9405 -3.285
-70.2358 -3.27
-68.5311 -3.255
-66.8264 -3.24
-65.1217 -3.225
-63.417 -3.21
-61.7123 -3.195
-60.0076 -3.18
-58.303 -3.165
-56.5983 -3.15
-54.8936 -3.135
-53.1889 -3.12
-51.4842 -3.105
-49.7795 -3.09
-48.0748 -3.075
-46.3701 -3.06
-44.6654 -3.045
-42.9607 -3.03
-41.256 -3.015
-39.5514 -3
-37.8467 -2.985
-36.142 -2.97
-34.4373 -2.955
-32.7326 -2.94
-31.0279 -2.925
-29.3232 -2.91
-27.6185 -2.895
-25.9138 -2.88
-24.2091 -2.865
-22.5044 -2.85
-20.7998 -2.835
-19.0951 -2.82
-17.3904 -2.805
-15.6857 -2.79
-13.981 -2.775
-12.2763 -2.76
-10.5716 -2.745
-8.86692 -2.73
-7.16223 -2.715
-5.45754 -2.7
-3.75285 -2.685
-2.04816 -2.67
-0.367485 -2.655
0.288734 -2.64
0.768562 -2.625
1.21898 -2.61
1.6694 -2.595
2.11981 -2.58
2.57023 -2.565
3.02065 -2.55
3.47106 -2.535
3.92148 -2.52
4.3719 -2.505
4.82231 -2.49
5.27273 -2.475
5.72315 -2.46
6.17357 -2.445
6.62398 -2.43
7.0744 -2.415
7.52482 -2.4
7.97523 -2.385
8.42565 -2.37
8.87607 -2.355
9.32648 -2.34
9.7769 -2.325
10.2273 -2.31
10.6777 -2.295
11.1282 -2.28
11.5786 -2.265
12.029 -2.25
12.4794 -2.235
12.9298 -2.22
13.3802 -2.205
13.8307 -2.19
14.2811 -2.175
14.7315 -2.16
15.1819 -2.145
15.6323 -2.13
16.0827 -2.115
16.5332 -2.1
16.9836 -2.085
17.434 -2.07
17.8844 -2.055
18.3348 -2.04
18.7852 -2.025
19.2357 -2.01
19.6861 -1.995
20.1365 -1.98
20.5869 -1.965
21.0373 -1.95
21.4877 -1.935
21.9382 -1.92
22.3886 -1.905
22.839 -1.89
23.2894 -1.875
23.7398 -1.86
24.1902 -1.845
24.6407 -1.83
25.0911 -1.815
25.5415 -1.8
25.9919 -1.785
26.4423 -1.77
26.8927 -1.755
27.3432 -1.74
27.7936 -1.725
28.244 -1.71
28.6944 -1.695
29.1448 -1.68
29.5952 -1.665
30.0457 -1.65
30.4961 -1.635
30.9465 -1.62
31.3969 -1.605
31.8473 -1.59
32.2977 -1.575
32.7482 -1.56
33.1986 -1.545
33.649 -1.53
34.0994 -1.515
34.5498 -1.5
35.0003 -1.485
35.4507 -1.47
35.9011 -1.455
36.3515 -1.44
36.8019 -1.425
37.2523 -1.41
37.7028 -1.395
38.1532 -1.38
38.6036 -1.365
39.054 -1.35
39.5044 -1.335
39.9548 -1.32
40.4053 -1.305
40.8557 -1.29
41.3061 -1.275
41.7565 -1.26
42.2069 -1.245
42.6573 -1.23
43.1078 -1.215
43.5582 -1.2
44.0086 -1.185
44.459 -1.17
44.9094 -1.155
45.3598 -1.14
45.8103 -1.125
46.2607 -1.11
46.7111 -1.095
47.1615 -1.08
47.6119 -1.065
48.0623 -1.05
48.5128 -1.035
48.9632 -1.02
49.4136 -1.005
49.864 -0.99
50.3144 -0.975
50.7648 -0.96
51.2153 -0.945
51.6657 -0.93
52.1161 -0.915
52.5665 -0.9
53.0169 -0.885
53.4594 -0.87
53.7001 -0.855
53.9408 -0.84
54.1815 -0.825
54.4223 -0.81
54.663 -0.795
54.9037 -0.78
55.1444 -0.765
55.3851 -0.75
55.6259 -0.735
55.8666 -0.72
56.1073 -0.705
56.348 -0.69
56.5887 -0.675
56.8294 -0.66
57.0702 -0.645
57.3109 -0.63
57.5516 -0.615
57.7923 -0.6
58.033 -0.585
58.2738 -0.57
58.5145 -0.555
58.7552 -0.54
58.9959 -0.525
59.2276 -0.51
59.401 -0.495
59.5744 -0.48
59.7478 -0.465
59.9212 -0.45
60.0946 -0.435
60.268 -0.42
60.4414 -0.405
60.6148 -0.39
60.7882 -0.375
60.9616 -0.36
61.135 -0.345
61.3084 -0.33
61.4818 -0.315
61.6552 -0.3
61.8286 -0.285
62.002 -0.27
62.1754 -0.255
62.3488 -0.24
62.5222 -0.225
62.6956 -0.21
62.869 -0.195
63.0424 -0.18
63.2158 -0.165
63.3892 -0.15
63.5626 -0.135
63.736 -0.12
63.9094 -0.105
64.0828 -0.09
64.2562 -0.075
64.4296 -0.06
64.603 -0.045
64.7764 -0.03
64.9498 -0.015
65.1232 -2.35922e-16
65.2966 0.015
