3.07782 0.0068
6.15564 0.0136
9.23346 0.0204
12.3113 0.0272
15.3891 0.034
12.3113 0.0272
9.23346 0.0204
6.15564 0.0136
3.07782 0.0068
-1.27604e-18 0
-3.07782 -0.0068
-6.15564 -0.0136
-9.23346 -0.0204
-12.3113 -0.0272
-15.3891 -0.034
-12.3113 -0.0272
-9.23346 -0.0204
-6.15564 -0.0136
-3.07782 -0.0068
1.18629e-25 0
3.07782 0.0068
6.15564 0.0136
9.23346 0.0204
12.3113 0.0272
15.3891 0.034
12.3113 0.0272
9.23346 0.0204
6.15564 0.0136
3.07782 0.0068
-1.27604e-18 0
-3.07782 -0.0068
-6.15564 -0.0136
-9.23346 -0.0204
-12.3113 -0.0272
-15.3891 -0.034
-12.3113 -0.0272
-9.23346 -0.0204
-6.15564 -0.0136
-3.07782 -0.0068
1.18629e-25 0
3.07782 0.0068
6.15564 0.0136
9.23346 0.0204
12.3113 0.0272
15.3891 0.034
18.4669 0.0408
21.5447 0.0476
24.6226 0.0544
27.7004 0.0612
30.7782 0.068
27.7004 0.0612
24.6226 0.0544
21.5447 0.0476
18.4669 0.0408
15.3891 0.034
12.3113 0.0272
9.23346 0.0204
6.15564 0.0136
3.07782 0.0068
5.9541e-15 0
-3.07782 -0.0068
-6.15564 -0.0136
-9.23346 -0.0204
-12.3113 -0.0272
-15.3891 -0.034
-18.4669 -0.0408
-21.5447 -0.0476
-24.6226 -0.0544
-27.7004 -0.0612
-30.7782 -0.068
-27.7004 -0.0612
-24.6226 -0.0544
-21.5447 -0.0476
-18.4669 -0.0408
-15.3891 -0.034
-12.3113 -0.0272
-9.23346 -0.0204
-6.15564 -0.0136
-3.07782 -0.0068
9.09096e-15 0
3.07782 0.0068
6.15564 0.0136
9.23346 0.0204
12.3113 0.0272
15.3891 0.034
18.4669 0.0408
21.5447 0.0476
24.6226 0.0544
27.7004 0.0612
30.7782 0.068
27.7004 0.0612
24.6226 0.0544
21.5447 0.0476
18.4669 0.0408
15.3891 0.034
12.3113 0.0272
9.23346 0.0204
6.15564 0.0136
3.07782 0.0068
8.84304e-15 0
-3.07782 -0.0068
-6.15564 -0.0136
-9.23346 -0.0204
-12.3113 -0.0272
-15.3891 -0.034
-18.4669 -0.0408
-21.5447 -0.0476
-24.6226 -0.0544
-27.7004 -0.0612
-30.7782 -0.068
-27.7004 -0.0612
-24.6226 -0.0544
-21.5447 -0.0476
-18.4669 -0.0408
-15.3891 -0.034
-12.3113 -0.0272
-9.23346 -0.0204
-6.15564 -0.0136
-3.07782 -0.0068
9.09096e-15 0
3.07782 0.0068
6.15564 0.0136
9.23346 0.0204
12.3113 0.0272
15.3891 0.034
18.4669 0.0408
21.5447 0.0476
24.6226 0.0544
27.7004 0.0612
30.7782 0.068
33.856 0.0748
36.9338 0.0816
40.0116 0.0884
43.0895 0.0952
46.1673 0.102
43.0895 0.0952
40.0116 0.0884
36.9338 0.0816
33.856 0.0748
30.7782 0.068
27.7004 0.0612
24.6226 0.0544
21.5447 0.0476
18.4669 0.0408
15.3891 0.034
12.3113 0.0272
9.23346 0.0204
6.15564 0.0136
3.07782 0.0068
8.84304e-15 0
-3.07782 -0.0068
-6.15564 -0.0136
-9.23346 -0.0204
-12.3113 -0.0272
-15.3891 -0.034
-18.4669 -0.0408
-21.5447 -0.0476
-24.6226 -0.0544
-27.7004 -0.0612
-30.7782 -0.068
-33.856 -0.0748
-36.9338 -0.0816
-40.0116 -0.0884
-43.0895 -0.0952
-46.1673 -0.102
-43.0895 -0.0952
-40.0116 -0.0884
-36.9338 -0.0816
-33.856 -0.0748
-30.7782 -0.068
-27.7004 -0.0612
-24.6226 -0.0544
-21.5447 -0.0476
-18.4669 -0.0408
-15.3891 -0.034
-12.3113 -0.0272
-9.23346 -0.0204
-6.15564 -0.0136
-3.07782 -0.0068
9.09096e-15 0
3.07782 0.0068
6.15564 0.0136
9.23346 0.0204
12.3113 0.0272
15.3891 0.034
18.4669 0.0408
21.5447 0.0476
24.6226 0.0544
27.7004 0.0612
30.7782 0.068
33.856 0.0748
36.9338 0.0816
40.0116 0.0884
43.0895 0.0952
46.1673 0.102
43.0895 0.0952
40.0116 0.0884
36.9338 0.0816
33.856 0.0748
30.7782 0.068
27.7004 0.0612
24.6226 0.0544
21.5447 0.0476
18.4669 0.0408
15.3891 0.034
12.3113 0.0272
9.23346 0.0204
6.15564 0.0136
3.07782 0.0068
8.84304e-15 0
-3.07782 -0.0068
-6.15564 -0.0136
-9.23346 -0.0204
-12.3113 -0.0272
-15.3891 -0.034
-18.4669 -0.0408
-21.5447 -0.0476
-24.6226 -0.0544
-27.7004 -0.0612
-30.7782 -0.068
-33.856 -0.0748
-36.9338 -0.0816
-40.0116 -0.0884
-43.0895 -0.0952
-46.1673 -0.102
-43.0895 -0.0952
-40.0116 -0.0884
-36.9338 -0.0816
-33.856 -0.0748
-30.7782 -0.068
-27.7004 -0.0612
-24.6226 -0.0544
-21.5447 -0.0476
-18.4669 -0.0408
-15.3891 -0.034
-12.3113 -0.0272
-9.23346 -0.0204
-6.15564 -0.0136
-3.07782 -0.0068
9.09096e-15 0
3.07782 0.0068
6.15564 0.0136
9.23346 0.0204
12.3113 0.0272
15.3891 0.034
18.4669 0.0408
21.5447 0.0476
24.6226 0.0544
27.7004 0.0612
30.7782 0.068
33.856 0.0748
36.9338 0.0816
40.0116 0.0884
43.0895 0.0952
46.1673 0.102
49.2451 0.1088
52.3229 0.1156
55.4007 0.1224
58.4786 0.1292
61.5564 0.136
64.6342 0.1428
67.712 0.1496
70.7898 0.1564
73.8677 0.1632
76.9455 0.17
73.8677 0.1632
70.7898 0.1564
67.712 0.1496
64.6342 0.1428
61.5564 0.136
58.4786 0.1292
55.4007 0.1224
52.3229 0.1156
49.2451 0.1088
46.1673 0.102
43.0895 0.0952
40.0116 0.0884
36.9338 0.0816
33.856 0.0748
30.7782 0.068
27.7004 0.0612
24.6226 0.0544
21.5447 0.0476
18.4669 0.0408
15.3891 0.034
12.3113 0.0272
9.23346 0.0204
6.15564 0.0136
3.07782 0.0068
3.11168e-15 0
-3.07782 -0.0068
-6.15564 -0.0136
-9.23346 -0.0204
-12.3113 -0.0272
-15.3891 -0.034
-18.4669 -0.0408
-21.5447 -0.0476
-24.6226 -0.0544
-27.7004 -0.0612
-30.7782 -0.068
-33.856 -0.0748
-36.9338 -0.0816
-40.0116 -0.0884
-43.0895 -0.0952
-46.1673 -0.102
-49.2451 -0.1088
-52.3229 -0.1156
-55.4007 -0.1224
-58.4786 -0.1292
-61.5564 -0.136
-64.6342 -0.1428
-67.712 -0.1496
-70.7898 -0.1564
-73.8677 -0.1632
-76.9455 -0.17
-73.8677 -0.1632
-70.7898 -0.1564
-67.712 -0.1496
-64.6342 -0.1428
-61.5564 -0.136
-58.4786 -0.1292
-55.4007 -0.1224
-52.3229 -0.1156
-49.2451 -0.1088
-46.1673 -0.102
-43.0895 -0.0952
-40.0116 -0.0884
-36.9338 -0.0816
-33.856 -0.0748
-30.7782 -0.068
-27.7004 -0.0612
-24.6226 -0.0544
-21.5447 -0.0476
-18.4669 -0.0408
-15.3891 -0.034
-12.3113 -0.0272
-9.23346 -0.0204
-6.15564 -0.0136
-3.07782 -0.0068
-1.48475e-14 0
3.07782 0.0068
6.15564 0.0136
9.23346 0.0204
12.3113 0.0272
15.3891 0.034
18.4669 0.0408
21.5447 0.0476
24.6226 0.0544
27.7004 0.0612
30.7782 0.068
33.856 0.0748
36.9338 0.0816
40.0116 0.0884
43.0895 0.0952
46.1673 0.102
49.2451 0.1088
52.3229 0.1156
55.4007 0.1224
58.4786 0.1292
61.5564 0.136
64.6342 0.1428
67.712 0.1496
70.7898 0.1564
73.8677 0.1632
76.9455 0.17
73.8677 0.1632
70.7898 0.1564
67.712 0.1496
64.6342 0.1428
61.5564 0.136
58.4786 0.1292
55.4007 0.1224
52.3229 0.1156
49.2451 0.1088
46.1673 0.102
43.0895 0.0952
40.0116 0.0884
36.9338 0.0816
33.856 0.0748
30.7782 0.068
27.7004 0.0612
24.6226 0.0544
21.5447 0.0476
18.4669 0.0408
15.3891 0.034
12.3113 0.0272
9.23346 0.0204
6.15564 0.0136
3.07782 0.0068
-2.38164e-14 0
-3.07782 -0.0068
-6.15564 -0.0136
-9.23346 -0.0204
-12.3113 -0.0272
-15.3891 -0.034
-18.4669 -0.0408
-21.5447 -0.0476
-24.6226 -0.0544
-27.7004 -0.0612
-30.7782 -0.068
-33.856 -0.0748
-36.9338 -0.0816
-40.0116 -0.0884
-43.0895 -0.0952
-46.1673 -0.102
-49.2451 -0.1088
-52.3229 -0.1156
-55.4007 -0.1224
-58.4786 -0.1292
-61.5564 -0.136
-64.6342 -0.1428
-67.712 -0.1496
-70.7898 -0.1564
-73.8677 -0.1632
-76.9455 -0.17
-73.8677 -0.1632
-70.7898 -0.1564
-67.712 -0.1496
-64.6342 -0.1428
-61.5564 -0.136
-58.4786 -0.1292
-55.4007 -0.1224
-52.3229 -0.1156
-49.2451 -0.1088
-46.1673 -0.102
-43.0895 -0.0952
-40.0116 -0.0884
-36.9338 -0.0816
-33.856 -0.0748
-30.7782 -0.068
-27.7004 -0.0612
-24.6226 -0.0544
-21.5447 -0.0476
-18.4669 -0.0408
-15.3891 -0.034
-12.3113 -0.0272
-9.23346 -0.0204
-6.15564 -0.0136
-3.07782 -0.0068
-3.25374e-14 1.92593e-34
3.07782 0.0068
6.15564 0.0136
9.23346 0.0204
12.3113 0.0272
15.3891 0.034
18.4669 0.0408
21.5447 0.0476
24.6226 0.0544
27.7004 0.0612
30.7782 0.068
33.856 0.0748
36.9338 0.0816
40.0116 0.0884
43.0895 0.0952
46.1673 0.102
49.2451 0.1088
52.3229 0.1156
55.4007 0.1224
58.4786 0.1292
61.5564 0.136
64.6342 0.1428
67.712 0.1496
70.7898 0.1564
73.8677 0.1632
76.9455 0.17
80.0233 0.1768
83.1011 0.1836
86.1789 0.1904
89.2568 0.1972
92.3346 0.204
95.4124 0.2108
98.4902 0.2176
101.568 0.2244
104.646 0.2312
107.724 0.238
110.801 0.2448
113.879 0.2516
116.957 0.2584
113.879 0.2516
110.801 0.2448
107.724 0.238
104.646 0.2312
101.568 0.2244
98.4902 0.2176
95.4124 0.2108
92.3346 0.204
89.2568 0.1972
86.1789 0.1904
83.1011 0.1836
80.0233 0.1768
76.9455 0.17
73.8677 0.1632
70.7898 0.1564
67.712 0.1496
64.6342 0.1428
61.5564 0.136
58.4786 0.1292
55.4007 0.1224
52.3229 0.1156
49.2451 0.1088
46.1673 0.102
43.0895 0.0952
40.0116 0.0884
36.9338 0.0816
33.856 0.0748
30.7782 0.068
27.7004 0.0612
24.6226 0.0544
21.5447 0.0476
18.4669 0.0408
15.3891 0.034
12.3113 0.0272
9.23346 0.0204
6.15564 0.0136
3.07782 0.0068
1.30493e-24 2.86229e-17
-3.07782 -0.0068
-6.15564 -0.0136
-9.23346 -0.0204
-12.3113 -0.0272
-15.3891 -0.034
-18.4669 -0.0408
-21.5447 -0.0476
-24.6226 -0.0544
-27.7004 -0.0612
-30.7782 -0.068
-33.856 -0.0748
-36.9338 -0.0816
-40.0116 -0.0884
-43.0895 -0.0952
-46.1673 -0.102
-49.2451 -0.1088
-52.3229 -0.1156
-55.4007 -0.1224
-58.4786 -0.1292
-61.5564 -0.136
-64.6342 -0.1428
-67.712 -0.1496
-70.7898 -0.1564
-73.8677 -0.1632
-76.9455 -0.17
-80.0233 -0.1768
-83.1011 -0.1836
-86.1789 -0.1904
-89.2568 -0.1972
-92.3346 -0.204
-95.4124 -0.2108
-98.4902 -0.2176
-101.568 -0.2244
-104.646 -0.2312
-107.724 -0.238
-110.801 -0.2448
-113.879 -0.2516
-116.957 -0.2584
-113.879 -0.2516
-110.801 -0.2448
-107.724 -0.238
-104.646 -0.2312
-101.568 -0.2244
-98.4902 -0.2176
-95.4124 -0.2108
-92.3346 -0.204
-89.2568 -0.1972
-86.1789 -0.1904
-83.1011 -0.1836
-80.0233 -0.1768
-76.9455 -0.17
-73.8677 -0.1632
-70.7898 -0.1564
-67.712 -0.1496
-64.6342 -0.1428
-61.5564 -0.136
-58.4786 -0.1292
-55.4007 -0.1224
-52.3229 -0.1156
-49.2451 -0.1088
-46.1673 -0.102
-43.0895 -0.0952
-40.0116 -0.0884
-36.9338 -0.0816
-33.856 -0.0748
-30.7782 -0.068
-27.7004 -0.0612
-24.6226 -0.0544
-21.5447 -0.0476
-18.4669 -0.0408
-15.3891 -0.034
-12.3113 -0.0272
-9.23346 -0.0204
-6.15564 -0.0136
-3.07782 -0.0068
6.40599e-24 8.32667e-17
3.07782 0.0068
6.15564 0.0136
9.23346 0.0204
12.3113 0.0272
15.3891 0.034
18.4669 0.0408
21.5447 0.0476
24.6226 0.0544
27.7004 0.0612
30.7782 0.068
33.856 0.0748
36.9338 0.0816
40.0116 0.0884
43.0895 0.0952
46.1673 0.102
49.2451 0.1088
52.3229 0.1156
55.4007 0.1224
58.4786 0.1292
61.5564 0.136
64.6342 0.1428
67.712 0.1496
70.7898 0.1564
73.8677 0.1632
76.9455 0.17
80.0233 0.1768
83.1011 0.1836
86.1789 0.1904
89.2568 0.1972
92.3346 0.204
95.4124 0.2108
98.4902 0.2176
101.568 0.2244
104.646 0.2312
107.724 0.238
110.801 0.2448
113.879 0.2516
116.957 0.2584
113.879 0.2516
110.801 0.2448
107.724 0.238
104.646 0.2312
101.568 0.2244
98.4902 0.2176
95.4124 0.2108
92.3346 0.204
89.2568 0.1972
86.1789 0.1904
83.1011 0.1836
80.0233 0.1768
76.9455 0.17
73.8677 0.1632
70.7898 0.1564
67.712 0.1496
64.6342 0.1428
61.5564 0.136
58.4786 0.1292
55.4007 0.1224
52.3229 0.1156
49.2451 0.1088
46.1673 0.102
43.0895 0.0952
40.0116 0.0884
36.9338 0.0816
33.856 0.0748
30.7782 0.068
27.7004 0.0612
24.6226 0.0544
21.5447 0.0476
18.4669 0.0408
15.3891 0.034
12.3113 0.0272
9.23346 0.0204
6.15564 0.0136
3.07782 0.0068
1.30493e-24 2.86229e-17
-3.07782 -0.0068
-6.15564 -0.0136
-9.23346 -0.0204
-12.3113 -0.0272
-15.3891 -0.034
-18.4669 -0.0408
-21.5447 -0.0476
-24.6226 -0.0544
-27.7004 -0.0612
-30.7782 -0.068
-33.856 -0.0748
-36.9338 -0.0816
-40.0116 -0.0884
-43.0895 -0.0952
-46.1673 -0.102
-49.2451 -0.1088
-52.3229 -0.1156
-55.4007 -0.1224
-58.4786 -0.1292
-61.5564 -0.136
-64.6342 -0.1428
-67.712 -0.1496
-70.7898 -0.1564
-73.8677 -0.1632
-76.9455 -0.17
-80.0233 -0.1768
-83.1011 -0.1836
-86.1789 -0.1904
-89.2568 -0.1972
-92.3346 -0.204
-95.4124 -0.2108
-98.4902 -0.2176
-101.568 -0.2244
-104.646 -0.2312
-107.724 -0.238
-110.801 -0.2448
-113.879 -0.2516
-116.957 -0.2584
-113.879 -0.2516
-110.801 -0.2448
-107.724 -0.238
-104.646 -0.2312
-101.568 -0.2244
-98.4902 -0.2176
-95.4124 -0.2108
-92.3346 -0.204
-89.2568 -0.1972
-86.1789 -0.1904
-83.1011 -0.1836
-80.0233 -0.1768
-76.9455 -0.17
-73.8677 -0.1632
-70.7898 -0.1564
-67.712 -0.1496
-64.6342 -0.1428
-61.5564 -0.136
-58.4786 -0.1292
-55.4007 -0.1224
-52.3229 -0.1156
-49.2451 -0.1088
-46.1673 -0.102
-43.0895 -0.0952
-40.0116 -0.0884
-36.9338 -0.0816
-33.856 -0.0748
-30.7782 -0.068
-27.7004 -0.0612
-24.6226 -0.0544
-21.5447 -0.0476
-18.4669 -0.0408
-15.3891 -0.034
-12.3113 -0.0272
-9.23346 -0.0204
-6.15564 -0.0136
-3.07782 -0.0068
6.40599e-24 8.32667e-17
3.07782 0.0068
6.15564 0.0136
9.23346 0.0204
12.3113 0.0272
15.3891 0.034
18.4669 0.0408
21.5447 0.0476
24.6226 0.0544
27.7004 0.0612
30.7782 0.068
33.856 0.0748
36.9338 0.0816
40.0116 0.0884
43.0895 0.0952
46.1673 0.102
49.2451 0.1088
52.3229 0.1156
55.4007 0.1224
58.4786 0.1292
61.5564 0.136
64.6342 0.1428
67.712 0.1496
70.7898 0.1564
73.8677 0.1632
76.9455 0.17
80.0233 0.1768
83.1011 0.1836
86.1789 0.1904
89.2568 0.1972
92.3346 0.204
95.4124 0.2108
98.4902 0.2176
101.568 0.2244
104.646 0.2312
107.724 0.238
110.801 0.2448
113.879 0.2516
116.957 0.2584
120.035 0.2652
123.113 0.272
126.191 0.2788
129.268 0.2856
132.346 0.2924
135.424 0.2992
138.502 0.306
140.624 0.3128
140.698 0.3196
140.771 0.3264
140.845 0.3332
140.919 0.34
137.91 0.3332
134.9 0.3264
131.89 0.3196
128.88 0.3128
125.87 0.306
122.86 0.2992
119.851 0.2924
116.841 0.2856
113.831 0.2788
110.821 0.272
107.811 0.2652
104.802 0.2584
101.792 0.2516
98.7819 0.2448
95.7721 0.238
92.7622 0.2312
89.7524 0.2244
86.7426 0.2176
83.7328 0.2108
80.723 0.204
77.7131 0.1972
74.7033 0.1904
71.6935 0.1836
68.6837 0.1768
65.6739 0.17
62.664 0.1632
59.6542 0.1564
56.6444 0.1496
53.6346 0.1428
50.6248 0.136
47.6149 0.1292
44.6051 0.1224
41.5953 0.1156
38.5855 0.1088
35.5756 0.102
32.5658 0.0952
29.556 0.0884
26.5462 0.0816
23.5364 0.0748
20.5265 0.068
17.5167 0.0612
14.5069 0.0544
11.4971 0.0476
8.48726 0.0408
5.47744 0.034
2.46762 0.0272
-0.610198 0.0204
-3.68802 0.0136
-6.76584 0.0068
-9.84366 -8.32667e-17
-12.9215 -0.0068
-15.9993 -0.0136
-19.0771 -0.0204
-22.1549 -0.0272
-25.2328 -0.034
-28.3106 -0.0408
-31.3884 -0.0476
-34.4662 -0.0544
-37.544 -0.0612
-40.6218 -0.068
-43.6997 -0.0748
-46.7775 -0.0816
-49.8553 -0.0884
-52.9331 -0.0952
-56.0109 -0.102
-59.0888 -0.1088
-62.1666 -0.1156
-65.2444 -0.1224
-68.3222 -0.1292
-71.4 -0.136
-74.4779 -0.1428
-77.5557 -0.1496
-80.6335 -0.1564
-83.7113 -0.1632
-86.7891 -0.17
-89.867 -0.1768
-92.9448 -0.1836
-96.0226 -0.1904
-99.1004 -0.1972
-102.178 -0.204
-105.256 -0.2108
-108.334 -0.2176
-111.412 -0.2244
-114.226 -0.2312
-116.483 -0.238
-118.741 -0.2448
-120.999 -0.2516
-123.257 -0.2584
-125.514 -0.2652
-127.772 -0.272
-130.03 -0.2788
-132.288 -0.2856
-134.545 -0.2924
-136.803 -0.2992
-139.061 -0.306
-140.624 -0.3128
-140.698 -0.3196
-140.771 -0.3264
-140.845 -0.3332
-140.919 -0.34
-137.91 -0.3332
-134.9 -0.3264
-131.89 -0.3196
-128.88 -0.3128
-125.87 -0.306
-122.86 -0.2992
-119.851 -0.2924
-116.841 -0.2856
-113.831 -0.2788
-110.821 -0.272
-107.811 -0.2652
-104.802 -0.2584
-101.792 -0.2516
-98.7819 -0.2448
-95.7721 -0.238
-92.7622 -0.2312
-89.7524 -0.2244
-86.7426 -0.2176
-83.7328 -0.2108
-80.723 -0.204
-77.7131 -0.1972
-74.7033 -0.1904
-71.6935 -0.1836
-68.6837 -0.1768
-65.6739 -0.17
-62.664 -0.1632
-59.6542 -0.1564
-56.6444 -0.1496
-53.6346 -0.1428
-50.6248 -0.136
-47.6149 -0.1292
-44.6051 -0.1224
-41.5953 -0.1156
-38.5855 -0.1088
-35.5756 -0.102
-32.5658 -0.0952
-29.556 -0.0884
-26.5462 -0.0816
-23.5364 -0.0748
-20.5265 -0.068
-17.5167 -0.0612
-14.5069 -0.0544
-11.4971 -0.0476
-8.48726 -0.0408
-5.47744 -0.034
-2.46762 -0.0272
0.5422 -0.0204
3.55202 -0.0136
6.56184 -0.0068
9.57166 1.95156e-16
12.5815 0.0068
15.5913 0.0136
18.6011 0.0204
21.6109 0.0272
24.6208 0.034
27.6306 0.0408
30.6404 0.0476
33.6502 0.0544
36.66 0.0612
39.6699 0.068
42.6797 0.0748
45.6895 0.0816
48.6993 0.0884
51.7092 0.0952
54.719 0.102
57.7288 0.1088
60.7386 0.1156
63.7484 0.1224
66.7583 0.1292
69.7681 0.136
72.7779 0.1428
75.7877 0.1496
78.7975 0.1564
81.8074 0.1632
84.8172 0.17
87.827 0.1768
90.8368 0.1836
93.8466 0.1904
96.8565 0.1972
99.1227 0.204
101.212 0.2108
103.302 0.2176
105.392 0.2244
107.482 0.2312
109.572 0.238
111.662 0.2448
113.752 0.2516
115.841 0.2584
117.931 0.2652
120.021 0.272
122.111 0.2788
124.201 0.2856
126.291 0.2924
128.38 0.2992
130.47 0.306
132.56 0.3128
134.65 0.3196
136.74 0.3264
138.83 0.3332
140.919 0.34
137.91 0.3332
134.9 0.3264
131.89 0.3196
128.88 0.3128
125.87 0.306
122.86 0.2992
119.851 0.2924
116.841 0.2856
113.831 0.2788
110.821 0.272
107.811 0.2652
104.802 0.2584
101.792 0.2516
98.7819 0.2448
95.7721 0.238
92.7622 0.2312
89.7524 0.2244
86.7426 0.2176
83.7328 0.2108
80.723 0.204
77.7131 0.1972
74.7033 0.1904
71.6935 0.1836
68.6837 0.1768
65.6739 0.17
62.664 0.1632
59.6542 0.1564
56.6444 0.1496
53.6346 0.1428
50.6248 0.136
47.6149 0.1292
44.6051 0.1224
41.5953 0.1156
38.5855 0.1088
35.5756 0.102
32.5658 0.0952
29.556 0.0884
26.5462 0.0816
23.5364 0.0748
20.5265 0.068
17.5167 0.0612
14.5069 0.0544
11.4971 0.0476
8.48726 0.0408
5.47744 0.034
2.46762 0.0272
-0.5422 0.0204
-3.55202 0.0136
-6.56184 0.0068
-9.57166 1.38778e-16
-12.5815 -0.0068
-15.5913 -0.0136
-18.6011 -0.0204
-21.6109 -0.0272
-24.6208 -0.034
-27.6306 -0.0408
-30.6404 -0.0476
-33.6502 -0.0544
-36.66 -0.0612
-39.6699 -0.068
-42.6797 -0.0748
-45.6895 -0.0816
-48.6993 -0.0884
-51.7092 -0.0952
-54.719 -0.102
-57.7288 -0.1088
-60.7386 -0.1156
-63.7484 -0.1224
-66.7583 -0.1292
-69.7681 -0.136
-72.7779 -0.1428
-75.7877 -0.1496
-78.7975 -0.1564
-81.8074 -0.1632
-84.8172 -0.17
-87.827 -0.1768
-90.8368 -0.1836
-93.8466 -0.1904
-96.8565 -0.1972
-99.1227 -0.204
-101.212 -0.2108
-103.302 -0.2176
-105.392 -0.2244
-107.482 -0.2312
-109.572 -0.238
-111.662 -0.2448
-113.752 -0.2516
-115.841 -0.2584
-117.931 -0.2652
-120.021 -0.272
-122.111 -0.2788
-124.201 -0.2856
-126.291 -0.2924
-128.38 -0.2992
-130.47 -0.306
-132.56 -0.3128
-134.65 -0.3196
-136.74 -0.3264
-138.83 -0.3332
-140.919 -0.34
-140.993 -0.3468
-137.998 -0.34
-135.003 -0.3332
-132.008 -0.3264
-129.012 -0.3196
-126.017 -0.3128
-123.022 -0.306
-120.027 -0.2992
-117.032 -0.2924
-114.036 -0.2856
-111.041 -0.2788
-108.046 -0.272
-105.051 -0.2652
-102.055 -0.2584
-99.0602 -0.2516
-96.0649 -0.2448
-93.0697 -0.238
-90.0745 -0.2312
-87.0793 -0.2244
-84.084 -0.2176
-81.0888 -0.2108
-78.0936 -0.204
-75.0984 -0.1972
-72.1031 -0.1904
-69.1079 -0.1836
-66.1127 -0.1768
-63.1175 -0.17
-60.1222 -0.1632
-57.127 -0.1564
-54.1318 -0.1496
-51.1366 -0.1428
-48.1413 -0.136
-45.1461 -0.1292
-42.1509 -0.1224
-39.1557 -0.1156
-36.1604 -0.1088
-33.1652 -0.102
-30.17 -0.0952
-27.1748 -0.0884
-24.1795 -0.0816
-21.1843 -0.0748
-18.1891 -0.068
-15.1938 -0.0612
-12.1986 -0.0544
-9.2034 -0.0476
-6.20817 -0.0408
-3.21295 -0.034
-0.217719 -0.0272
2.7921 -0.0204
5.80192 -0.0136
8.81174 -0.0068
11.8216 3.05311e-16
14.8314 0.0068
17.8412 0.0136
20.851 0.0204
23.8608 0.0272
26.8707 0.034
29.8805 0.0408
32.8903 0.0476
35.9001 0.0544
38.91 0.0612
41.9198 0.068
44.9296 0.0748
47.9394 0.0816
50.9492 0.0884
53.9591 0.0952
56.9689 0.102
59.9787 0.1088
62.9885 0.1156
65.9983 0.1224
69.0082 0.1292
72.018 0.136
75.0278 0.1428
78.0376 0.1496
81.0474 0.1564
84.0573 0.1632
87.0671 0.17
90.0769 0.1768
93.0867 0.1836
95.5179 0.1904
97.5816 0.1972
99.6453 0.204
101.709 0.2108
103.773 0.2176
105.836 0.2244
107.9 0.2312
109.964 0.238
112.028 0.2448
114.091 0.2516
116.155 0.2584
118.219 0.2652
120.282 0.272
122.346 0.2788
124.41 0.2856
126.473 0.2924
128.537 0.2992
130.601 0.306
132.665 0.3128
134.728 0.3196
136.792 0.3264
138.856 0.3332
140.919 0.34
140.993 0.3468
141.067 0.3536
141.141 0.3604
141.215 0.3672
141.289 0.374
141.363 0.3808
141.437 0.3876
141.511 0.3944
141.585 0.4012
141.659 0.408
141.733 0.4148
141.807 0.4216
141.881 0.4284
141.955 0.4352
142.029 0.442
142.103 0.4488
142.177 0.4556
142.251 0.4624
142.325 0.4692
142.399 0.476
142.473 0.4828
142.546 0.4896
142.62 0.4964
142.694 0.5032
142.768 0.51
140.038 0.5032
137.308 0.4964
134.577 0.4896
131.847 0.4828
129.117 0.476
126.387 0.4692
123.656 0.4624
120.926 0.4556
118.196 0.4488
115.465 0.442
112.735 0.4352
110.005 0.4284
107.274 0.4216
104.544 0.4148
101.814 0.408
99.0835 0.4012
96.3532 0.3944
93.6229 0.3876
90.8926 0.3808
88.1623 0.374
85.432 0.3672
82.7017 0.3604
79.9714 0.3536
77.2411 0.3468
74.5108 0.34
71.7805 0.3332
69.0502 0.3264
66.3199 0.3196
63.5896 0.3128
60.8593 0.306
58.129 0.2992
55.3987 0.2924
52.6684 0.2856
49.9381 0.2788
47.2078 0.272
44.4775 0.2652
41.7472 0.2584
39.0169 0.2516
36.2866 0.2448
33.5563 0.238
30.826 0.2312
28.0957 0.2244
25.3654 0.2176
22.6351 0.2108
19.9048 0.204
17.1745 0.1972
14.4442 0.1904
11.7139 0.1836
8.98361 0.1768
6.25331 0.17
3.52301 0.1632
0.792705 0.1564
-2.20252 0.1496
-5.19775 0.1428
-8.19297 0.136
-11.1882 0.1292
-14.1834 0.1224
-17.1787 0.1156
-20.1739 0.1088
-23.1691 0.102
-26.1643 0.0952
-29.1596 0.0884
-32.1548 0.0816
-35.15 0.0748
-38.1452 0.068
-41.1405 0.0612
-44.1357 0.0544
-47.1309 0.0476
-50.1261 0.0408
-53.1214 0.034
-55.7235 0.0272
-57.2739 0.0204
-58.8242 0.0136
-60.3746 0.0068
-61.9249 1.38778e-16
-63.4753 -0.0068
-65.0257 -0.0136
-66.576 -0.0204
-68.1264 -0.0272
-69.6767 -0.034
-71.2271 -0.0408
-72.7775 -0.0476
-74.3278 -0.0544
-75.8782 -0.0612
-77.4285 -0.068
-78.9789 -0.0748
-80.5293 -0.0816
-82.0796 -0.0884
-83.63 -0.0952
-85.1803 -0.102
-86.7307 -0.1088
-88.2811 -0.1156
-89.8314 -0.1224
-91.3818 -0.1292
-92.9322 -0.136
-94.4825 -0.1428
-96.0329 -0.1496
-97.5832 -0.1564
-99.1336 -0.1632
-100.684 -0.17
-102.234 -0.1768
-103.785 -0.1836
-105.335 -0.1904
-106.885 -0.1972
-108.436 -0.204
-109.986 -0.2108
-111.536 -0.2176
-113.087 -0.2244
-114.637 -0.2312
-116.188 -0.238
-117.738 -0.2448
-119.288 -0.2516
-120.839 -0.2584
-122.389 -0.2652
-123.939 -0.272
-125.49 -0.2788
-127.04 -0.2856
-128.59 -0.2924
-130.141 -0.2992
-131.691 -0.306
-133.242 -0.3128
-134.792 -0.3196
-136.342 -0.3264
-137.893 -0.3332
-139.443 -0.34
-140.993 -0.3468
-141.067 -0.3536
-141.141 -0.3604
-141.215 -0.3672
-141.289 -0.374
-141.363 -0.3808
-141.437 -0.3876
-141.511 -0.3944
-141.585 -0.4012
-141.659 -0.408
-141.733 -0.4148
-141.807 -0.4216
-141.881 -0.4284
-141.955 -0.4352
-142.029 -0.442
-142.103 -0.4488
-142.177 -0.4556
-142.251 -0.4624
-142.325 -0.4692
-142.399 -0.476
-142.473 -0.4828
-142.546 -0.4896
-142.62 -0.4964
-142.694 -0.5032
-142.768 -0.51
-140.038 -0.5032
-137.308 -0.4964
-134.577 -0.4896
-131.847 -0.4828
-129.117 -0.476
-126.387 -0.4692
-123.656 -0.4624
-120.926 -0.4556
-118.196 -0.4488
-115.465 -0.442
-112.735 -0.4352
-110.005 -0.4284
-107.274 -0.4216
-104.544 -0.4148
-101.814 -0.408
-99.0835 -0.4012
-96.3532 -0.3944
-93.6229 -0.3876
-90.8926 -0.3808
-88.1623 -0.374
-85.432 -0.3672
-82.7017 -0.3604
-79.9714 -0.3536
-77.2411 -0.3468
-74.5108 -0.34
-71.7805 -0.3332
-69.0502 -0.3264
-66.3199 -0.3196
-63.5896 -0.3128
-60.8593 -0.306
-58.129 -0.2992
-55.3987 -0.2924
-52.6684 -0.2856
-49.9381 -0.2788
-47.2078 -0.272
-44.4775 -0.2652
-41.7472 -0.2584
-39.0169 -0.2516
-36.2866 -0.2448
-33.5563 -0.238
-30.826 -0.2312
-28.0957 -0.2244
-25.3654 -0.2176
-22.6351 -0.2108
-19.9048 -0.204
-17.1745 -0.1972
-14.4442 -0.1904
-11.7139 -0.1836
-8.98361 -0.1768
-6.25331 -0.17
-3.52301 -0.1632
-0.792705 -0.1564
1.9376 -0.1496
4.6679 -0.1428
7.3982 -0.136
10.1285 -0.1292
12.8588 -0.1224
15.5891 -0.1156
18.3194 -0.1088
21.0497 -0.102
23.78 -0.0952
26.5103 -0.0884
29.2406 -0.0816
31.9709 -0.0748
34.7012 -0.068
37.4315 -0.0612
40.1618 -0.0544
42.8921 -0.0476
45.6224 -0.0408
47.0953 -0.034
48.2912 -0.0272
49.4872 -0.0204
50.6831 -0.0136
51.879 -0.0068
53.0749 -3.60822e-16
54.2708 0.0068
55.4667 0.0136
56.6626 0.0204
57.8585 0.0272
59.0545 0.034
60.2504 0.0408
61.4463 0.0476
62.6422 0.0544
63.8381 0.0612
65.034 0.068
66.2299 0.0748
67.4258 0.0816
68.6218 0.0884
69.8177 0.0952
71.0136 0.102
72.2095 0.1088
73.4054 0.1156
74.6013 0.1224
75.7972 0.1292
76.9931 0.136
78.1891 0.1428
79.385 0.1496
80.5809 0.1564
81.7768 0.1632
82.9727 0.17
84.1686 0.1768
85.3645 0.1836
86.5605 0.1904
87.7564 0.1972
88.9523 0.204
90.1482 0.2108
91.3441 0.2176
92.54 0.2244
93.7359 0.2312
94.9318 0.238
96.1278 0.2448
97.3237 0.2516
98.5196 0.2584
99.7155 0.2652
100.911 0.272
102.107 0.2788
103.303 0.2856
104.499 0.2924
105.695 0.2992
106.891 0.306
108.087 0.3128
109.283 0.3196
110.479 0.3264
111.675 0.3332
112.871 0.34
114.066 0.3468
115.262 0.3536
116.458 0.3604
117.654 0.3672
118.85 0.374
120.046 0.3808
121.242 0.3876
122.438 0.3944
123.634 0.4012
124.83 0.408
126.026 0.4148
127.221 0.4216
128.417 0.4284
129.613 0.4352
130.809 0.442
132.005 0.4488
133.201 0.4556
134.397 0.4624
135.593 0.4692
136.789 0.476
137.985 0.4828
139.181 0.4896
140.377 0.4964
141.572 0.5032
142.768 0.51
140.038 0.5032
137.308 0.4964
134.577 0.4896
131.847 0.4828
129.117 0.476
126.387 0.4692
123.656 0.4624
120.926 0.4556
118.196 0.4488
115.465 0.442
112.735 0.4352
110.005 0.4284
107.274 0.4216
104.544 0.4148
101.814 0.408
99.0835 0.4012
96.3532 0.3944
93.6229 0.3876
90.8926 0.3808
88.1623 0.374
85.432 0.3672
82.7017 0.3604
79.9714 0.3536
77.2411 0.3468
74.5108 0.34
71.7805 0.3332
69.0502 0.3264
66.3199 0.3196
63.5896 0.3128
60.8593 0.306
58.129 0.2992
55.3987 0.2924
52.6684 0.2856
49.9381 0.2788
47.2078 0.272
44.4775 0.2652
41.7472 0.2584
39.0169 0.2516
36.2866 0.2448
33.5563 0.238
30.826 0.2312
28.0957 0.2244
25.3654 0.2176
22.6351 0.2108
19.9048 0.204
17.1745 0.1972
14.4442 0.1904
11.7139 0.1836
8.98361 0.1768
6.25331 0.17
3.52301 0.1632
0.792705 0.1564
-1.9376 0.1496
-4.6679 0.1428
-7.3982 0.136
-10.1285 0.1292
-12.8588 0.1224
-15.5891 0.1156
-18.3194 0.1088
-21.0497 0.102
-23.78 0.0952
-26.5103 0.0884
-29.2406 0.0816
-31.9709 0.0748
-34.7012 0.068
-37.4315 0.0612
-40.1618 0.0544
-42.8921 0.0476
-45.6224 0.0408
-47.0953 0.034
-48.2912 0.0272
-49.4872 0.0204
-50.6831 0.0136
-51.879 0.0068
-53.0749 -1.94289e-16
-54.2708 -0.0068
-55.4667 -0.0136
-56.6626 -0.0204
-57.8585 -0.0272
-59.0545 -0.034
-60.2504 -0.0408
-61.4463 -0.0476
-62.6422 -0.0544
-63.8381 -0.0612
-65.034 -0.068
-66.2299 -0.0748
-67.4258 -0.0816
-68.6218 -0.0884
-69.8177 -0.0952
-71.0136 -0.102
-72.2095 -0.1088
-73.4054 -0.1156
-74.6013 -0.1224
-75.7972 -0.1292
-76.9931 -0.136
-78.1891 -0.1428
-79.385 -0.1496
-80.5809 -0.1564
-81.7768 -0.1632
-82.9727 -0.17
-84.1686 -0.1768
-85.3645 -0.1836
-86.5605 -0.1904
-87.7564 -0.1972
-88.9523 -0.204
-90.1482 -0.2108
-91.3441 -0.2176
-92.54 -0.2244
-93.7359 -0.2312
-94.9318 -0.238
-96.1278 -0.2448
-97.3237 -0.2516
-98.5196 -0.2584
-99.7155 -0.2652
-100.911 -0.272
-102.107 -0.2788
-103.303 -0.2856
-104.499 -0.2924
-105.695 -0.2992
-106.891 -0.306
-108.087 -0.3128
-109.283 -0.3196
-110.479 -0.3264
-111.675 -0.3332
-112.871 -0.34
-114.066 -0.3468
-115.262 -0.3536
-116.458 -0.3604
-117.654 -0.3672
-118.85 -0.374
-120.046 -0.3808
-121.242 -0.3876
-122.438 -0.3944
-123.634 -0.4012
-124.83 -0.408
-126.026 -0.4148
-127.221 -0.4216
-128.417 -0.4284
-129.613 -0.4352
-130.809 -0.442
-132.005 -0.4488
-133.201 -0.4556
-134.397 -0.4624
-135.593 -0.4692
-136.789 -0.476
-137.985 -0.4828
-139.181 -0.4896
-140.377 -0.4964
-141.572 -0.5032
-142.768 -0.51
-140.038 -0.5032
-137.308 -0.4964
-134.577 -0.4896
-131.847 -0.4828
-129.117 -0.476
-126.387 -0.4692
-123.656 -0.4624
-120.926 -0.4556
-118.196 -0.4488
-115.465 -0.442
-112.735 -0.4352
-110.005 -0.4284
-107.274 -0.4216
-104.544 -0.4148
-101.814 -0.408
-99.0835 -0.4012
-96.3532 -0.3944
-93.6229 -0.3876
-90.8926 -0.3808
-88.1623 -0.374
-85.432 -0.3672
-82.7017 -0.3604
-79.9714 -0.3536
-77.2411 -0.3468
-74.5108 -0.34
-71.7805 -0.3332
-69.0502 -0.3264
-66.3199 -0.3196
-63.5896 -0.3128
-60.8593 -0.306
-58.129 -0.2992
-55.3987 -0.2924
-52.6684 -0.2856
-49.9381 -0.2788
-47.2078 -0.272
-44.4775 -0.2652
-41.7472 -0.2584
-39.0169 -0.2516
-36.2866 -0.2448
-33.5563 -0.238
-30.826 -0.2312
-28.0957 -0.2244
-25.3654 -0.2176
-22.6351 -0.2108
-19.9048 -0.204
-17.1745 -0.1972
-14.4442 -0.1904
-11.7139 -0.1836
-8.98361 -0.1768
-6.25331 -0.17
-3.52301 -0.1632
-0.792705 -0.1564
1.9376 -0.1496
4.6679 -0.1428
7.3982 -0.136
10.1285 -0.1292
12.8588 -0.1224
15.5891 -0.1156
18.3194 -0.1088
21.0497 -0.102
23.78 -0.0952
26.5103 -0.0884
29.2406 -0.0816
31.9709 -0.0748
34.7012 -0.068
37.4315 -0.0612
40.1618 -0.0544
42.8921 -0.0476
45.6224 -0.0408
47.0953 -0.034
48.2912 -0.0272
49.4872 -0.0204
50.6831 -0.0136
51.879 -0.0068
53.0749 -2.77556e-17
54.2708 0.0068
55.4667 0.0136
56.6626 0.0204
57.8585 0.0272
59.0545 0.034
60.2504 0.0408
61.4463 0.0476
62.6422 0.0544
63.8381 0.0612
65.034 0.068
66.2299 0.0748
67.4258 0.0816
68.6218 0.0884
69.8177 0.0952
71.0136 0.102
72.2095 0.1088
73.4054 0.1156
74.6013 0.1224
75.7972 0.1292
76.9931 0.136
78.1891 0.1428
79.385 0.1496
80.5809 0.1564
81.7768 0.1632
82.9727 0.17
84.1686 0.1768
85.3645 0.1836
86.5605 0.1904
87.7564 0.1972
88.9523 0.204
90.1482 0.2108
91.3441 0.2176
92.54 0.2244
93.7359 0.2312
94.9318 0.238
96.1278 0.2448
97.3237 0.2516
98.5196 0.2584
99.7155 0.2652
100.911 0.272
102.107 0.2788
103.303 0.2856
104.499 0.2924
105.695 0.2992
106.891 0.306
108.087 0.3128
109.283 0.3196
110.479 0.3264
111.675 0.3332
112.871 0.34
114.066 0.3468
115.262 0.3536
116.458 0.3604
117.654 0.3672
118.85 0.374
120.046 0.3808
121.242 0.3876
122.438 0.3944
123.634 0.4012
124.83 0.408
126.026 0.4148
127.221 0.4216
128.417 0.4284
129.613 0.4352
130.809 0.442
132.005 0.4488
133.201 0.4556
134.397 0.4624
135.593 0.4692
136.789 0.476
137.985 0.4828
139.181 0.4896
140.377 0.4964
141.572 0.5032
142.768 0.51
142.842 0.5168
142.916 0.5236
142.99 0.5304
143.064 0.5372
143.138 0.544
143.212 0.5508
143.286 0.5576
143.36 0.5644
143.434 0.5712
143.508 0.578
143.582 0.5848
143.656 0.5916
143.73 0.5984
143.804 0.6052
143.878 0.612
143.952 0.6188
144.026 0.6256
144.1 0.6324
144.174 0.6392
144.248 0.646
144.321 0.6528
144.395 0.6596
144.469 0.6664
144.543 0.6732
144.617 0.68
142.065 0.6732
139.512 0.6664
136.96 0.6596
134.407 0.6528
131.854 0.646
129.302 0.6392
126.749 0.6324
124.197 0.6256
121.644 0.6188
119.091 0.612
116.539 0.6052
113.986 0.5984
111.433 0.5916
108.881 0.5848
106.328 0.578
103.776 0.5712
101.223 0.5644
98.6705 0.5576
96.1179 0.5508
93.5653 0.544
91.0127 0.5372
88.4601 0.5304
85.9075 0.5236
83.3549 0.5168
80.8023 0.51
78.2497 0.5032
75.697 0.4964
73.1444 0.4896
70.5918 0.4828
68.0392 0.476
65.4866 0.4692
62.934 0.4624
60.3814 0.4556
57.8288 0.4488
55.2762 0.442
52.7236 0.4352
50.171 0.4284
47.6184 0.4216
45.0658 0.4148
42.5132 0.408
39.9606 0.4012
37.408 0.3944
34.8554 0.3876
32.3028 0.3808
29.7502 0.374
27.1976 0.3672
24.645 0.3604
22.0924 0.3536
19.5398 0.3468
16.9872 0.34
14.4346 0.3332
11.882 0.3264
9.32937 0.3196
6.77677 0.3128
4.22416 0.306
1.67156 0.2992
-0.809121 0.2924
-3.15335 0.2856
-5.49758 0.2788
-7.84181 0.272
-10.186 0.2652
-12.5303 0.2584
-14.8745 0.2516
-17.2187 0.2448
-19.563 0.238
-21.9072 0.2312
-24.2514 0.2244
-26.5957 0.2176
-28.9399 0.2108
-31.2841 0.204
-33.6284 0.1972
-35.9726 0.1904
-38.3168 0.1836
-40.6611 0.1768
-42.905 0.17
-43.9036 0.1632
-44.9022 0.1564
-45.9009 0.1496
-46.8995 0.1428
-47.8981 0.136
-48.8968 0.1292
-49.8954 0.1224
-50.894 0.1156
-51.8927 0.1088
-52.8913 0.102
-53.8899 0.0952
-54.8886 0.0884
-55.8872 0.0816
-56.8858 0.0748
-57.8845 0.068
-58.8831 0.0612
-59.8817 0.0544
-60.8804 0.0476
-61.879 0.0408
-62.8776 0.034
-63.8763 0.0272
-64.8749 0.0204
-65.8735 0.0136
-66.8722 0.0068
-67.8708 2.77556e-17
-68.8694 -0.0068
-69.8681 -0.0136
-70.8667 -0.0204
-71.8653 -0.0272
-72.864 -0.034
-73.8626 -0.0408
-74.8612 -0.0476
-75.8599 -0.0544
-76.8585 -0.0612
-77.8571 -0.068
-78.8558 -0.0748
-79.8544 -0.0816
-80.853 -0.0884
-81.8517 -0.0952
-82.8503 -0.102
-83.849 -0.1088
-84.8476 -0.1156
-85.8462 -0.1224
-86.8449 -0.1292
-87.8435 -0.136
-88.8421 -0.1428
-89.8408 -0.1496
-90.8394 -0.1564
-91.838 -0.1632
-92.8367 -0.17
-93.8353 -0.1768
-94.8339 -0.1836
-95.8326 -0.1904
-96.8312 -0.1972
-97.8298 -0.204
-98.8285 -0.2108
-99.8271 -0.2176
-100.826 -0.2244
-101.824 -0.2312
-102.823 -0.238
-103.822 -0.2448
-104.82 -0.2516
-105.819 -0.2584
-106.818 -0.2652
-107.816 -0.272
-108.815 -0.2788
-109.813 -0.2856
-110.812 -0.2924
-111.811 -0.2992
-112.809 -0.306
-113.808 -0.3128
-114.807 -0.3196
-115.805 -0.3264
-116.804 -0.3332
-117.803 -0.34
-118.801 -0.3468
-119.8 -0.3536
-120.798 -0.3604
-121.797 -0.3672
-122.796 -0.374
-123.794 -0.3808
-124.793 -0.3876
-125.792 -0.3944
-126.79 -0.4012
-127.789 -0.408
-128.787 -0.4148
-129.786 -0.4216
-130.785 -0.4284
-131.783 -0.4352
-132.782 -0.442
-133.781 -0.4488
-134.779 -0.4556
-135.778 -0.4624
-136.777 -0.4692
-137.775 -0.476
-138.774 -0.4828
-139.772 -0.4896
-140.771 -0.4964
-141.77 -0.5032
-142.768 -0.51
-142.842 -0.5168
-142.916 -0.5236
-142.99 -0.5304
-143.064 -0.5372
-143.138 -0.544
-143.212 -0.5508
-143.286 -0.5576
-143.36 -0.5644
-143.434 -0.5712
-143.508 -0.578
-143.582 -0.5848
-143.656 -0.5916
-143.73 -0.5984
-143.804 -0.6052
-143.878 -0.612
-143.952 -0.6188
-144.026 -0.6256
-144.1 -0.6324
-144.174 -0.6392
-144.248 -0.646
-144.321 -0.6528
-144.395 -0.6596
-144.469 -0.6664
-144.543 -0.6732
-144.617 -0.68
-142.065 -0.6732
-139.512 -0.6664
-136.96 -0.6596
-134.407 -0.6528
-131.854 -0.646
-129.302 -0.6392
-126.749 -0.6324
-124.197 -0.6256
-121.644 -0.6188
-119.091 -0.612
-116.539 -0.6052
-113.986 -0.5984
-111.433 -0.5916
-108.881 -0.5848
-106.328 -0.578
-103.776 -0.5712
-101.223 -0.5644
-98.6705 -0.5576
-96.1179 -0.5508
-93.5653 -0.544
-91.0127 -0.5372
-88.4601 -0.5304
-85.9075 -0.5236
-83.3549 -0.5168
-80.8023 -0.51
-78.2497 -0.5032
-75.697 -0.4964
-73.1444 -0.4896
-70.5918 -0.4828
-68.0392 -0.476
-65.4866 -0.4692
-62.934 -0.4624
-60.3814 -0.4556
-57.8288 -0.4488
-55.2762 -0.442
-52.7236 -0.4352
-50.171 -0.4284
-47.6184 -0.4216
-45.0658 -0.4148
-42.5132 -0.408
-39.9606 -0.4012
-37.408 -0.3944
-34.8554 -0.3876
-32.3028 -0.3808
-29.7502 -0.374
-27.1976 -0.3672
-24.645 -0.3604
-22.0924 -0.3536
-19.5398 -0.3468
-16.9872 -0.34
-14.4346 -0.3332
-11.882 -0.3264
-9.32937 -0.3196
-6.77677 -0.3128
-4.22416 -0.306
-1.67156 -0.2992
0.660125 -0.2924
2.57268 -0.2856
4.48523 -0.2788
6.39778 -0.272
8.31033 -0.2652
10.2229 -0.2584
12.1354 -0.2516
14.048 -0.2448
15.9605 -0.238
17.8731 -0.2312
19.7856 -0.2244
21.6982 -0.2176
23.6107 -0.2108
25.5233 -0.204
27.4358 -0.1972
29.3484 -0.1904
31.2609 -0.1836
33.1735 -0.1768
35.0861 -0.17
36.9986 -0.1632
38.9112 -0.1564
40.8237 -0.1496
42.7363 -0.1428
43.9395 -0.136
44.7785 -0.1292
45.6175 -0.1224
46.4565 -0.1156
47.2954 -0.1088
48.1344 -0.102
48.9734 -0.0952
49.8124 -0.0884
50.6514 -0.0816
51.4903 -0.0748
52.3293 -0.068
53.1683 -0.0612
54.0073 -0.0544
54.8463 -0.0476
55.6853 -0.0408
56.5242 -0.034
57.3632 -0.0272
58.2022 -0.0204
59.0412 -0.0136
59.8802 -0.0068
60.7191 -2.86229e-17
61.5581 0.0068
62.3971 0.0136
63.2361 0.0204
64.0751 0.0272
64.9141 0.034
65.753 0.0408
66.592 0.0476
67.431 0.0544
68.27 0.0612
69.109 0.068
69.9479 0.0748
70.7869 0.0816
71.6259 0.0884
72.4649 0.0952
73.3039 0.102
74.1429 0.1088
74.9818 0.1156
75.8208 0.1224
76.6598 0.1292
77.4988 0.136
78.3378 0.1428
79.1767 0.1496
80.0157 0.1564
80.8547 0.1632
81.6937 0.17
82.5327 0.1768
83.3717 0.1836
84.2106 0.1904
85.0496 0.1972
85.8886 0.204
86.7276 0.2108
87.5666 0.2176
88.4055 0.2244
89.2445 0.2312
90.0835 0.238
90.9225 0.2448
91.7615 0.2516
92.6005 0.2584
93.4394 0.2652
94.2784 0.272
95.1174 0.2788
95.9564 0.2856
96.7954 0.2924
97.6343 0.2992
98.4733 0.306
99.3123 0.3128
100.151 0.3196
100.99 0.3264
101.829 0.3332
102.668 0.34
103.507 0.3468
104.346 0.3536
105.185 0.3604
106.024 0.3672
106.863 0.374
107.702 0.3808
108.541 0.3876
109.38 0.3944
110.219 0.4012
111.058 0.408
111.897 0.4148
112.736 0.4216
113.575 0.4284
114.414 0.4352
115.253 0.442
116.092 0.4488
116.931 0.4556
117.77 0.4624
118.609 0.4692
119.448 0.476
120.287 0.4828
121.126 0.4896
121.965 0.4964
122.804 0.5032
123.643 0.51
124.482 0.5168
125.321 0.5236
126.16 0.5304
126.999 0.5372
127.838 0.544
128.677 0.5508
129.516 0.5576
130.355 0.5644
131.194 0.5712
132.033 0.578
132.872 0.5848
133.711 0.5916
134.55 0.5984
135.389 0.6052
136.228 0.612
137.066 0.6188
137.905 0.6256
138.744 0.6324
139.583 0.6392
140.422 0.646
141.261 0.6528
142.1 0.6596
142.939 0.6664
143.778 0.6732
144.617 0.68
142.065 0.6732
139.512 0.6664
136.96 0.6596
134.407 0.6528
131.854 0.646
129.302 0.6392
126.749 0.6324
124.197 0.6256
121.644 0.6188
119.091 0.612
116.539 0.6052
113.986 0.5984
111.433 0.5916
108.881 0.5848
106.328 0.578
103.776 0.5712
101.223 0.5644
98.6705 0.5576
96.1179 0.5508
93.5653 0.544
91.0127 0.5372
88.4601 0.5304
85.9075 0.5236
83.3549 0.5168
80.8023 0.51
78.2497 0.5032
75.697 0.4964
73.1444 0.4896
70.5918 0.4828
68.0392 0.476
65.4866 0.4692
62.934 0.4624
60.3814 0.4556
57.8288 0.4488
55.2762 0.442
52.7236 0.4352
50.171 0.4284
47.6184 0.4216
45.0658 0.4148
42.5132 0.408
39.9606 0.4012
37.408 0.3944
34.8554 0.3876
32.3028 0.3808
29.7502 0.374
27.1976 0.3672
24.645 0.3604
22.0924 0.3536
19.5398 0.3468
16.9872 0.34
14.4346 0.3332
11.882 0.3264
9.32937 0.3196
6.77677 0.3128
4.22416 0.306
1.67156 0.2992
-0.660125 0.2924
-2.57268 0.2856
-4.48523 0.2788
-6.39778 0.272
-8.31033 0.2652
-10.2229 0.2584
-12.1354 0.2516
-14.048 0.2448
-15.9605 0.238
-17.8731 0.2312
-19.7856 0.2244
-21.6982 0.2176
-23.6107 0.2108
-25.5233 0.204
-27.4358 0.1972
-29.3484 0.1904
-31.2609 0.1836
-33.1735 0.1768
-35.0861 0.17
-36.9986 0.1632
-38.9112 0.1564
-40.8237 0.1496
-42.7363 0.1428
-43.9395 0.136
-44.7785 0.1292
-45.6175 0.1224
-46.4565 0.1156
-47.2954 0.1088
-48.1344 0.102
-48.9734 0.0952
-49.8124 0.0884
-50.6514 0.0816
-51.4903 0.0748
-52.3293 0.068
-53.1683 0.0612
-54.0073 0.0544
-54.8463 0.0476
-55.6853 0.0408
-56.5242 0.034
-57.3632 0.0272
-58.2022 0.0204
-59.0412 0.0136
-59.8802 0.0068
-60.7191 -1.93422e-16
-61.5581 -0.0068
-62.3971 -0.0136
-63.2361 -0.0204
-64.0751 -0.0272
-64.9141 -0.034
-65.753 -0.0408
-66.592 -0.0476
-67.431 -0.0544
-68.27 -0.0612
-69.109 -0.068
-69.9479 -0.0748
-70.7869 -0.0816
-71.6259 -0.0884
-72.4649 -0.0952
-73.3039 -0.102
-74.1429 -0.1088
-74.9818 -0.1156
-75.8208 -0.1224
-76.6598 -0.1292
-77.4988 -0.136
-78.3378 -0.1428
-79.1767 -0.1496
-80.0157 -0.1564
-80.8547 -0.1632
-81.6937 -0.17
-82.5327 -0.1768
-83.3717 -0.1836
-84.2106 -0.1904
-85.0496 -0.1972
-85.8886 -0.204
-86.7276 -0.2108
-87.5666 -0.2176
-88.4055 -0.2244
-89.2445 -0.2312
-90.0835 -0.238
-90.9225 -0.2448
-91.7615 -0.2516
-92.6005 -0.2584
-93.4394 -0.2652
-94.2784 -0.272
-95.1174 -0.2788
-95.9564 -0.2856
-96.7954 -0.2924
-97.6343 -0.2992
-98.4733 -0.306
-99.3123 -0.3128
-100.151 -0.3196
-100.99 -0.3264
-101.829 -0.3332
-102.668 -0.34
-103.507 -0.3468
-104.346 -0.3536
-105.185 -0.3604
-106.024 -0.3672
-106.863 -0.374
-107.702 -0.3808
-108.541 -0.3876
-109.38 -0.3944
-110.219 -0.4012
-111.058 -0.408
-111.897 -0.4148
-112.736 -0.4216
-113.575 -0.4284
-114.414 -0.4352
-115.253 -0.442
-116.092 -0.4488
-116.931 -0.4556
-117.77 -0.4624
-118.609 -0.4692
-119.448 -0.476
-120.287 -0.4828
-121.126 -0.4896
-121.965 -0.4964
-122.804 -0.5032
-123.643 -0.51
-124.482 -0.5168
-125.321 -0.5236
-126.16 -0.5304
-126.999 -0.5372
-127.838 -0.544
-128.677 -0.5508
-129.516 -0.5576
-130.355 -0.5644
-131.194 -0.5712
-132.033 -0.578
-132.872 -0.5848
-133.711 -0.5916
-134.55 -0.5984
-135.389 -0.6052
-136.228 -0.612
-137.066 -0.6188
-137.905 -0.6256
-138.744 -0.6324
-139.583 -0.6392
-140.422 -0.646
-141.261 -0.6528
-142.1 -0.6596
-142.939 -0.6664
-143.778 -0.6732
-144.617 -0.68
-142.065 -0.6732
-139.512 -0.6664
-136.96 -0.6596
-134.407 -0.6528
-131.854 -0.646
-129.302 -0.6392
-126.749 -0.6324
-124.197 -0.6256
-121.644 -0.6188
-119.091 -0.612
-116.539 -0.6052
-113.986 -0.5984
-111.433 -0.5916
-108.881 -0.5848
-106.328 -0.578
-103.776 -0.5712
-101.223 -0.5644
-98.6705 -0.5576
-96.1179 -0.5508
-93.5653 -0.544
-91.0127 -0.5372
-88.4601 -0.5304
-85.9075 -0.5236
-83.3549 -0.5168
-80.8023 -0.51
-78.2497 -0.5032
-75.697 -0.4964
-73.1444 -0.4896
-70.5918 -0.4828
-68.0392 -0.476
-65.4866 -0.4692
-62.934 -0.4624
-60.3814 -0.4556
-57.8288 -0.4488
-55.2762 -0.442
-52.7236 -0.4352
-50.171 -0.4284
-47.6184 -0.4216
-45.0658 -0.4148
-42.5132 -0.408
-39.9606 -0.4012
-37.408 -0.3944
-34.8554 -0.3876
-32.3028 -0.3808
-29.7502 -0.374
-27.1976 -0.3672
-24.645 -0.3604
-22.0924 -0.3536
-19.5398 -0.3468
-16.9872 -0.34
-14.4346 -0.3332
-11.882 -0.3264
-9.32937 -0.3196
-6.77677 -0.3128
-4.22416 -0.306
-1.67156 -0.2992
0.660125 -0.2924
2.57268 -0.2856
4.48523 -0.2788
6.39778 -0.272
8.31033 -0.2652
10.2229 -0.2584
12.1354 -0.2516
14.048 -0.2448
15.9605 -0.238
17.8731 -0.2312
19.7856 -0.2244
21.6982 -0.2176
23.6107 -0.2108
25.5233 -0.204
27.4358 -0.1972
29.3484 -0.1904
31.2609 -0.1836
33.1735 -0.1768
35.0861 -0.17
36.9986 -0.1632
38.9112 -0.1564
40.8237 -0.1496
42.7363 -0.1428
43.9395 -0.136
44.7785 -0.1292
45.6175 -0.1224
46.4565 -0.1156
47.2954 -0.1088
48.1344 -0.102
48.9734 -0.0952
49.8124 -0.0884
50.6514 -0.0816
51.4903 -0.0748
52.3293 -0.068
53.1683 -0.0612
54.0073 -0.0544
54.8463 -0.0476
55.6853 -0.0408
56.5242 -0.034
57.3632 -0.0272
58.2022 -0.0204
59.0412 -0.0136
59.8802 -0.0068
60.7191 -2.86229e-17
61.5581 0.0068
62.3971 0.0136
63.2361 0.0204
64.0751 0.0272
64.9141 0.034
65.753 0.0408
66.592 0.0476
67.431 0.0544
68.27 0.0612
69.109 0.068
69.9479 0.0748
70.7869 0.0816
71.6259 0.0884
72.4649 0.0952
73.3039 0.102
74.1429 0.1088
74.9818 0.1156
75.8208 0.1224
76.6598 0.1292
77.4988 0.136
78.3378 0.1428
79.1767 0.1496
80.0157 0.1564
80.8547 0.1632
81.6937 0.17
82.5327 0.1768
83.3717 0.1836
84.2106 0.1904
85.0496 0.1972
85.8886 0.204
86.7276 0.2108
87.5666 0.2176
88.4055 0.2244
89.2445 0.2312
90.0835 0.238
90.9225 0.2448
91.7615 0.2516
92.6005 0.2584
93.4394 0.2652
94.2784 0.272
95.1174 0.2788
95.9564 0.2856
96.7954 0.2924
97.6343 0.2992
98.4733 0.306
99.3123 0.3128
100.151 0.3196
100.99 0.3264
101.829 0.3332
102.668 0.34
103.507 0.3468
104.346 0.3536
105.185 0.3604
106.024 0.3672
106.863 0.374
107.702 0.3808
108.541 0.3876
109.38 0.3944
110.219 0.4012
111.058 0.408
111.897 0.4148
112.736 0.4216
113.575 0.4284
114.414 0.4352
115.253 0.442
116.092 0.4488
116.931 0.4556
117.77 0.4624
118.609 0.4692
119.448 0.476
120.287 0.4828
121.126 0.4896
121.965 0.4964
122.804 0.5032
123.643 0.51
124.482 0.5168
125.321 0.5236
126.16 0.5304
126.999 0.5372
127.838 0.544
128.677 0.5508
129.516 0.5576
130.355 0.5644
131.194 0.5712
132.033 0.578
132.872 0.5848
133.711 0.5916
134.55 0.5984
135.389 0.6052
136.228 0.612
137.066 0.6188
137.905 0.6256
138.744 0.6324
139.583 0.6392
140.422 0.646
141.261 0.6528
142.1 0.6596
142.939 0.6664
143.778 0.6732
144.617 0.68
144.691 0.6868
144.765 0.6936
144.839 0.7004
144.913 0.7072
144.987 0.714
145.061 0.7208
145.135 0.7276
145.209 0.7344
145.283 0.7412
145.357 0.748
145.431 0.7548
145.505 0.7616
145.579 0.7684
145.653 0.7752
145.727 0.782
145.801 0.7888
145.875 0.7956
145.949 0.8024
146.023 0.8092
146.097 0.816
146.17 0.8228
146.244 0.8296
146.318 0.8364
146.392 0.8432
146.466 0.85
146.54 0.8568
146.614 0.8636
146.688 0.8704
146.762 0.8772
146.836 0.884
146.91 0.8908
146.984 0.8976
147.058 0.9044
147.132 0.9112
147.206 0.918
147.28 0.9248
147.354 0.9316
147.428 0.9384
147.502 0.9452
147.576 0.952
147.65 0.9588
147.724 0.9656
147.798 0.9724
147.872 0.9792
147.945 0.986
148.019 0.9928
148.093 0.9996
148.167 1.0064
148.241 1.0132
148.315 1.02
145.99 1.0132
143.666 1.0064
141.341 0.9996
139.016 0.9928
136.691 0.986
134.366 0.9792
132.041 0.9724
129.716 0.9656
127.391 0.9588
125.067 0.952
122.742 0.9452
120.417 0.9384
118.092 0.9316
115.767 0.9248
113.442 0.918
111.117 0.9112
108.793 0.9044
106.468 0.8976
104.143 0.8908
101.818 0.884
99.4931 0.8772
97.1682 0.8704
94.8433 0.8636
92.5185 0.8568
90.1936 0.85
87.8687 0.8432
85.5439 0.8364
83.219 0.8296
80.8941 0.8228
78.5693 0.816
76.2444 0.8092
73.9195 0.8024
71.5947 0.7956
69.2698 0.7888
66.9449 0.782
64.6201 0.7752
62.2952 0.7684
59.9703 0.7616
57.6455 0.7548
55.3206 0.748
52.9957 0.7412
50.6709 0.7344
48.346 0.7276
46.0211 0.7208
43.6963 0.714
41.3714 0.7072
39.0465 0.7004
36.7217 0.6936
34.3968 0.6868
32.0719 0.68
29.7471 0.6732
27.4222 0.6664
25.0973 0.6596
22.7725 0.6528
20.4476 0.646
18.1227 0.6392
15.7979 0.6324
13.473 0.6256
11.1481 0.6188
8.82328 0.612
6.49841 0.6052
4.17355 0.5984
1.84868 0.5916
-0.284302 0.5848
-1.67234 0.578
-3.06039 0.5712
-4.44843 0.5644
-5.83647 0.5576
-7.22451 0.5508
-8.61256 0.544
-10.0006 0.5372
-11.3886 0.5304
-12.7767 0.5236
-14.1647 0.5168
-15.5528 0.51
-16.9408 0.5032
-18.3289 0.4964
-19.7169 0.4896
-21.1049 0.4828
-22.493 0.476
-23.881 0.4692
-25.2691 0.4624
-26.6571 0.4556
-28.0451 0.4488
-29.4332 0.442
-30.8212 0.4352
-32.2093 0.4284
-33.5973 0.4216
-34.9854 0.4148
-36.3734 0.408
-37.7614 0.4012
-39.1495 0.3944
-40.5375 0.3876
-41.9256 0.3808
-43.3136 0.374
-44.0048 0.3672
-44.6582 0.3604
-45.3115 0.3536
-45.9648 0.3468
-46.6181 0.34
-47.2715 0.3332
-47.9248 0.3264
-48.5781 0.3196
-49.2315 0.3128
-49.8848 0.306
-50.5381 0.2992
-51.1914 0.2924
-51.8448 0.2856
-52.4981 0.2788
-53.1514 0.272
-53.8048 0.2652
-54.4581 0.2584
-55.1114 0.2516
-55.7647 0.2448
-56.4181 0.238
-57.0714 0.2312
-57.7247 0.2244
-58.378 0.2176
-59.0314 0.2108
-59.6847 0.204
-60.338 0.1972
-60.9914 0.1904
-61.6447 0.1836
-62.298 0.1768
-62.9513 0.17
-63.6047 0.1632
-64.258 0.1564
-64.9113 0.1496
-65.5647 0.1428
-66.218 0.136
-66.8713 0.1292
-67.5246 0.1224
-68.178 0.1156
-68.8313 0.1088
-69.4846 0.102
-70.1379 0.0952
-70.7913 0.0884
-71.4446 0.0816
-72.0979 0.0748
-72.7513 0.068
-73.4046 0.0612
-74.0579 0.0544
-74.7112 0.0476
-75.3646 0.0408
-76.0179 0.034
-76.6712 0.0272
-77.3246 0.0204
-77.9779 0.0136
-78.6312 0.0068
-79.2845 2.94903e-17
-79.9379 -0.0068
-80.5912 -0.0136
-81.2445 -0.0204
-81.8979 -0.0272
-82.5512 -0.034
-83.2045 -0.0408
-83.8578 -0.0476
-84.5112 -0.0544
-85.1645 -0.0612
-85.8178 -0.068
-86.4711 -0.0748
-87.1245 -0.0816
-87.7778 -0.0884
-88.4311 -0.0952
-89.0845 -0.102
-89.7378 -0.1088
-90.3911 -0.1156
-91.0444 -0.1224
-91.6978 -0.1292
-92.3511 -0.136
-93.0044 -0.1428
-93.6578 -0.1496
-94.3111 -0.1564
-94.9644 -0.1632
-95.6177 -0.17
-96.2711 -0.1768
-96.9244 -0.1836
-97.5777 -0.1904
-98.231 -0.1972
-98.8844 -0.204
-99.5377 -0.2108
-100.191 -0.2176
-100.844 -0.2244
-101.498 -0.2312
-102.151 -0.238
-102.804 -0.2448
-103.458 -0.2516
-104.111 -0.2584
-104.764 -0.2652
-105.418 -0.272
-106.071 -0.2788
-106.724 -0.2856
-107.378 -0.2924
-108.031 -0.2992
-108.684 -0.306
-109.338 -0.3128
-109.991 -0.3196
-110.644 -0.3264
-111.298 -0.3332
-111.951 -0.34
-112.604 -0.3468
-113.258 -0.3536
-113.911 -0.3604
-114.564 -0.3672
-115.218 -0.374
-115.871 -0.3808
-116.524 -0.3876
-117.178 -0.3944
-117.831 -0.4012
-118.484 -0.408
-119.138 -0.4148
-119.791 -0.4216
-120.444 -0.4284
-121.098 -0.4352
-121.751 -0.442
-122.404 -0.4488
-123.058 -0.4556
-123.711 -0.4624
-124.364 -0.4692
-125.017 -0.476
-125.671 -0.4828
-126.324 -0.4896
-126.977 -0.4964
-127.631 -0.5032
-128.284 -0.51
-128.937 -0.5168
-129.591 -0.5236
-130.244 -0.5304
-130.897 -0.5372
-131.551 -0.544
-132.204 -0.5508
-132.857 -0.5576
-133.511 -0.5644
-134.164 -0.5712
-134.817 -0.578
-135.471 -0.5848
-136.124 -0.5916
-136.777 -0.5984
-137.431 -0.6052
-138.084 -0.612
-138.737 -0.6188
-139.391 -0.6256
-140.044 -0.6324
-140.697 -0.6392
-141.351 -0.646
-142.004 -0.6528
-142.657 -0.6596
-143.311 -0.6664
-143.964 -0.6732
-144.617 -0.68
-144.691 -0.6868
-144.765 -0.6936
-144.839 -0.7004
-144.913 -0.7072
-144.987 -0.714
-145.061 -0.7208
-145.135 -0.7276
-145.209 -0.7344
-145.283 -0.7412
-145.357 -0.748
-145.431 -0.7548
-145.505 -0.7616
-145.579 -0.7684
-145.653 -0.7752
-145.727 -0.782
-145.801 -0.7888
-145.875 -0.7956
-145.949 -0.8024
-146.023 -0.8092
-146.097 -0.816
-146.17 -0.8228
-146.244 -0.8296
-146.318 -0.8364
-146.392 -0.8432
-146.466 -0.85
-146.54 -0.8568
-146.614 -0.8636
-146.688 -0.8704
-146.762 -0.8772
-146.836 -0.884
-146.91 -0.8908
-146.984 -0.8976
-147.058 -0.9044
-147.132 -0.9112
-147.206 -0.918
-147.28 -0.9248
-147.354 -0.9316
-147.428 -0.9384
-147.502 -0.9452
-147.576 -0.952
-147.65 -0.9588
-147.724 -0.9656
-147.798 -0.9724
-147.872 -0.9792
-147.945 -0.986
-148.019 -0.9928
-148.093 -0.9996
-148.167 -1.0064
-148.241 -1.0132
-148.315 -1.02
-145.99 -1.0132
-143.666 -1.0064
-141.341 -0.9996
-139.016 -0.9928
-136.691 -0.986
-134.366 -0.9792
-132.041 -0.9724
-129.716 -0.9656
-127.391 -0.9588
-125.067 -0.952
-122.742 -0.9452
-120.417 -0.9384
-118.092 -0.9316
-115.767 -0.9248
-113.442 -0.918
-111.117 -0.9112
-108.793 -0.9044
-106.468 -0.8976
-104.143 -0.8908
-101.818 -0.884
-99.4931 -0.8772
-97.1682 -0.8704
-94.8433 -0.8636
-92.5185 -0.8568
-90.1936 -0.85
-87.8687 -0.8432
-85.5439 -0.8364
-83.219 -0.8296
-80.8941 -0.8228
-78.5693 -0.816
-76.2444 -0.8092
-73.9195 -0.8024
-71.5947 -0.7956
-69.2698 -0.7888
-66.9449 -0.782
-64.6201 -0.7752
-62.2952 -0.7684
-59.9703 -0.7616
-57.6455 -0.7548
-55.3206 -0.748
-52.9957 -0.7412
-50.6709 -0.7344
-48.346 -0.7276
-46.0211 -0.7208
-43.6963 -0.714
-41.3714 -0.7072
-39.0465 -0.7004
-36.7217 -0.6936
-34.3968 -0.6868
-32.0719 -0.68
-29.7471 -0.6732
-27.4222 -0.6664
-25.0973 -0.6596
-22.7725 -0.6528
-20.4476 -0.646
-18.1227 -0.6392
-15.7979 -0.6324
-13.473 -0.6256
-11.1481 -0.6188
-8.82328 -0.612
-6.49841 -0.6052
-4.17355 -0.5984
-1.84868 -0.5916
0.226105 -0.5848
1.33001 -0.578
2.43391 -0.5712
3.53782 -0.5644
4.64172 -0.5576
5.74563 -0.5508
6.84953 -0.544
7.95344 -0.5372
9.05734 -0.5304
10.1612 -0.5236
11.2652 -0.5168
12.3691 -0.51
13.473 -0.5032
14.5769 -0.4964
15.6808 -0.4896
16.7847 -0.4828
17.8886 -0.476
18.9925 -0.4692
20.0964 -0.4624
21.2003 -0.4556
22.3042 -0.4488
23.4081 -0.442
24.512 -0.4352
25.6159 -0.4284
26.7198 -0.4216
27.8237 -0.4148
28.9276 -0.408
30.0315 -0.4012
31.1354 -0.3944
32.2393 -0.3876
33.3433 -0.3808
34.4472 -0.374
35.5511 -0.3672
36.655 -0.3604
37.7589 -0.3536
38.8628 -0.3468
39.9667 -0.34
41.0706 -0.3332
42.1745 -0.3264
43.2784 -0.3196
44.3823 -0.3128
44.9707 -0.306
45.5006 -0.2992
46.0306 -0.2924
46.5606 -0.2856
47.0905 -0.2788
47.6205 -0.272
48.1505 -0.2652
48.6805 -0.2584
49.2104 -0.2516
49.7404 -0.2448
50.2704 -0.238
50.8003 -0.2312
51.3303 -0.2244
51.8603 -0.2176
52.3903 -0.2108
52.9202 -0.204
53.4502 -0.1972
53.9802 -0.1904
54.5102 -0.1836
55.0401 -0.1768
55.5701 -0.17
56.1001 -0.1632
56.63 -0.1564
57.16 -0.1496
57.69 -0.1428
58.22 -0.136
58.7499 -0.1292
59.2799 -0.1224
59.8099 -0.1156
60.3399 -0.1088
60.8698 -0.102
61.3998 -0.0952
61.9298 -0.0884
62.4597 -0.0816
62.9897 -0.0748
63.5197 -0.068
64.0497 -0.0612
64.5796 -0.0544
65.1096 -0.0476
65.6396 -0.0408
66.1695 -0.034
66.6995 -0.0272
67.2295 -0.0204
67.7595 -0.0136
68.2894 -0.0068
68.8194 8.23994e-17
69.3494 0.0068
69.8794 0.0136
70.4093 0.0204
70.9393 0.0272
71.4693 0.034
71.9992 0.0408
72.5292 0.0476
73.0592 0.0544
73.5892 0.0612
74.1191 0.068
74.6491 0.0748
75.1791 0.0816
75.7091 0.0884
76.239 0.0952
76.769 0.102
77.299 0.1088
77.8289 0.1156
78.3589 0.1224
78.8889 0.1292
79.4189 0.136
79.9488 0.1428
80.4788 0.1496
81.0088 0.1564
81.5388 0.1632
82.0687 0.17
82.5987 0.1768
83.1287 0.1836
83.6586 0.1904
84.1886 0.1972
84.7186 0.204
85.2486 0.2108
85.7785 0.2176
86.3085 0.2244
86.8385 0.2312
87.3684 0.238
87.8984 0.2448
88.4284 0.2516
88.9584 0.2584
89.4883 0.2652
90.0183 0.272
90.5483 0.2788
91.0783 0.2856
91.6082 0.2924
92.1382 0.2992
92.6682 0.306
93.1981 0.3128
93.7281 0.3196
94.2581 0.3264
94.7881 0.3332
95.318 0.34
95.848 0.3468
96.378 0.3536
96.908 0.3604
97.4379 0.3672
97.9679 0.374
98.4979 0.3808
99.0278 0.3876
99.5578 0.3944
100.088 0.4012
100.618 0.408
101.148 0.4148
101.678 0.4216
102.208 0.4284
102.738 0.4352
103.268 0.442
103.798 0.4488
104.328 0.4556
104.858 0.4624
105.388 0.4692
105.917 0.476
106.447 0.4828
106.977 0.4896
107.507 0.4964
108.037 0.5032
108.567 0.51
109.097 0.5168
109.627 0.5236
110.157 0.5304
110.687 0.5372
111.217 0.544
111.747 0.5508
112.277 0.5576
112.807 0.5644
113.337 0.5712
113.867 0.578
114.397 0.5848
114.927 0.5916
115.457 0.5984
115.987 0.6052
116.517 0.612
117.047 0.6188
117.577 0.6256
118.107 0.6324
118.637 0.6392
119.167 0.646
119.697 0.6528
120.227 0.6596
120.757 0.6664
121.287 0.6732
121.817 0.68
122.347 0.6868
122.877 0.6936
123.407 0.7004
123.937 0.7072
124.467 0.714
124.996 0.7208
125.526 0.7276
126.056 0.7344
126.586 0.7412
127.116 0.748
127.646 0.7548
128.176 0.7616
128.706 0.7684
129.236 0.7752
129.766 0.782
130.296 0.7888
130.826 0.7956
131.356 0.8024
131.886 0.8092
132.416 0.816
132.946 0.8228
133.476 0.8296
134.006 0.8364
134.536 0.8432
135.066 0.85
135.596 0.8568
136.126 0.8636
136.656 0.8704
137.186 0.8772
137.716 0.884
138.246 0.8908
138.776 0.8976
139.306 0.9044
139.836 0.9112
140.366 0.918
140.896 0.9248
141.426 0.9316
141.956 0.9384
142.486 0.9452
143.016 0.952
143.546 0.9588
144.075 0.9656
144.605 0.9724
145.135 0.9792
145.665 0.986
146.195 0.9928
146.725 0.9996
147.255 1.0064
147.785 1.0132
148.315 1.02
145.99 1.0132
143.666 1.0064
141.341 0.9996
139.016 0.9928
136.691 0.986
134.366 0.9792
132.041 0.9724
129.716 0.9656
127.391 0.9588
125.067 0.952
122.742 0.9452
120.417 0.9384
118.092 0.9316
115.767 0.9248
113.442 0.918
111.117 0.9112
108.793 0.9044
106.468 0.8976
104.143 0.8908
101.818 0.884
99.4931 0.8772
97.1682 0.8704
94.8433 0.8636
92.5185 0.8568
90.1936 0.85
87.8687 0.8432
85.5439 0.8364
83.219 0.8296
80.8941 0.8228
78.5693 0.816
76.2444 0.8092
73.9195 0.8024
71.5947 0.7956
69.2698 0.7888
66.9449 0.782
64.6201 0.7752
62.2952 0.7684
59.9703 0.7616
57.6455 0.7548
55.3206 0.748
52.9957 0.7412
50.6709 0.7344
48.346 0.7276
46.0211 0.7208
43.6963 0.714
41.3714 0.7072
39.0465 0.7004
36.7217 0.6936
34.3968 0.6868
32.0719 0.68
29.7471 0.6732
27.4222 0.6664
25.0973 0.6596
22.7725 0.6528
20.4476 0.646
18.1227 0.6392
15.7979 0.6324
13.473 0.6256
11.1481 0.6188
8.82328 0.612
6.49841 0.6052
4.17355 0.5984
1.84868 0.5916
-0.226105 0.5848
-1.33001 0.578
-2.43391 0.5712
-3.53782 0.5644
-4.64172 0.5576
-5.74563 0.5508
-6.84953 0.544
-7.95344 0.5372
-9.05734 0.5304
-10.1612 0.5236
-11.2652 0.5168
-12.3691 0.51
-13.473 0.5032
-14.5769 0.4964
-15.6808 0.4896
-16.7847 0.4828
-17.8886 0.476
-18.9925 0.4692
-20.0964 0.4624
-21.2003 0.4556
-22.3042 0.4488
-23.4081 0.442
-24.512 0.4352
-25.6159 0.4284
-26.7198 0.4216
-27.8237 0.4148
-28.9276 0.408
-30.0315 0.4012
-31.1354 0.3944
-32.2393 0.3876
-33.3433 0.3808
-34.4472 0.374
-35.5511 0.3672
-36.655 0.3604
-37.7589 0.3536
-38.8628 0.3468
-39.9667 0.34
-41.0706 0.3332
-42.1745 0.3264
-43.2784 0.3196
-44.3823 0.3128
-44.9707 0.306
-45.5006 0.2992
-46.0306 0.2924
-46.5606 0.2856
-47.0905 0.2788
-47.6205 0.272
-48.1505 0.2652
-48.6805 0.2584
-49.2104 0.2516
-49.7404 0.2448
-50.2704 0.238
-50.8003 0.2312
-51.3303 0.2244
-51.8603 0.2176
-52.3903 0.2108
-52.9202 0.204
-53.4502 0.1972
-53.9802 0.1904
-54.5102 0.1836
-55.0401 0.1768
-55.5701 0.17
-56.1001 0.1632
-56.63 0.1564
-57.16 0.1496
-57.69 0.1428
-58.22 0.136
-58.7499 0.1292
-59.2799 0.1224
-59.8099 0.1156
-60.3399 0.1088
-60.8698 0.102
-61.3998 0.0952
-61.9298 0.0884
-62.4597 0.0816
-62.9897 0.0748
-63.5197 0.068
-64.0497 0.0612
-64.5796 0.0544
-65.1096 0.0476
-65.6396 0.0408
-66.1695 0.034
-66.6995 0.0272
-67.2295 0.0204
-67.7595 0.0136
-68.2894 0.0068
-68.8194 -4.16334e-16
-69.3494 -0.0068
-69.8794 -0.0136
-70.4093 -0.0204
-70.9393 -0.0272
-71.4693 -0.034
-71.9992 -0.0408
-72.5292 -0.0476
-73.0592 -0.0544
-73.5892 -0.0612
-74.1191 -0.068
-74.6491 -0.0748
-75.1791 -0.0816
-75.7091 -0.0884
-76.239 -0.0952
-76.769 -0.102
-77.299 -0.1088
-77.8289 -0.1156
-78.3589 -0.1224
-78.8889 -0.1292
-79.4189 -0.136
-79.9488 -0.1428
-80.4788 -0.1496
-81.0088 -0.1564
-81.5388 -0.1632
-82.0687 -0.17
-82.5987 -0.1768
-83.1287 -0.1836
-83.6586 -0.1904
-84.1886 -0.1972
-84.7186 -0.204
-85.2486 -0.2108
-85.7785 -0.2176
-86.3085 -0.2244
-86.8385 -0.2312
-87.3684 -0.238
-87.8984 -0.2448
-88.4284 -0.2516
-88.9584 -0.2584
-89.4883 -0.2652
-90.0183 -0.272
-90.5483 -0.2788
-91.0783 -0.2856
-91.6082 -0.2924
-92.1382 -0.2992
-92.6682 -0.306
-93.1981 -0.3128
-93.7281 -0.3196
-94.2581 -0.3264
-94.7881 -0.3332
-95.318 -0.34
-95.848 -0.3468
-96.378 -0.3536
-96.908 -0.3604
-97.4379 -0.3672
-97.9679 -0.374
-98.4979 -0.3808
-99.0278 -0.3876
-99.5578 -0.3944
-100.088 -0.4012
-100.618 -0.408
-101.148 -0.4148
-101.678 -0.4216
-102.208 -0.4284
-102.738 -0.4352
-103.268 -0.442
-103.798 -0.4488
-104.328 -0.4556
-104.858 -0.4624
-105.388 -0.4692
-105.917 -0.476
-106.447 -0.4828
-106.977 -0.4896
-107.507 -0.4964
-108.037 -0.5032
-108.567 -0.51
-109.097 -0.5168
-109.627 -0.5236
-110.157 -0.5304
-110.687 -0.5372
-111.217 -0.544
-111.747 -0.5508
-112.277 -0.5576
-112.807 -0.5644
-113.337 -0.5712
-113.867 -0.578
-114.397 -0.5848
-114.927 -0.5916
-115.457 -0.5984
-115.987 -0.6052
-116.517 -0.612
-117.047 -0.6188
-117.577 -0.6256
-118.107 -0.6324
-118.637 -0.6392
-119.167 -0.646
-119.697 -0.6528
-120.227 -0.6596
-120.757 -0.6664
-121.287 -0.6732
-121.817 -0.68
-122.347 -0.6868
-122.877 -0.6936
-123.407 -0.7004
-123.937 -0.7072
-124.467 -0.714
-124.996 -0.7208
-125.526 -0.7276
-126.056 -0.7344
-126.586 -0.7412
-127.116 -0.748
-127.646 -0.7548
-128.176 -0.7616
-128.706 -0.7684
-129.236 -0.7752
-129.766 -0.782
-130.296 -0.7888
-130.826 -0.7956
-131.356 -0.8024
-131.886 -0.8092
-132.416 -0.816
-132.946 -0.8228
-133.476 -0.8296
-134.006 -0.8364
-134.536 -0.8432
-135.066 -0.85
-135.596 -0.8568
-136.126 -0.8636
-136.656 -0.8704
-137.186 -0.8772
-137.716 -0.884
-138.246 -0.8908
-138.776 -0.8976
-139.306 -0.9044
-139.836 -0.9112
-140.366 -0.918
-140.896 -0.9248
-141.426 -0.9316
-141.956 -0.9384
-142.486 -0.9452
-143.016 -0.952
-143.546 -0.9588
-144.075 -0.9656
-144.605 -0.9724
-145.135 -0.9792
-145.665 -0.986
-146.195 -0.9928
-146.725 -0.9996
-147.255 -1.0064
-147.785 -1.0132
-148.315 -1.02
-145.99 -1.0132
-143.666 -1.0064
-141.341 -0.9996
-139.016 -0.9928
-136.691 -0.986
-134.366 -0.9792
-132.041 -0.9724
-129.716 -0.9656
-127.391 -0.9588
-125.067 -0.952
-122.742 -0.9452
-120.417 -0.9384
-118.092 -0.9316
-115.767 -0.9248
-113.442 -0.918
-111.117 -0.9112
-108.793 -0.9044
-106.468 -0.8976
-104.143 -0.8908
-101.818 -0.884
-99.4931 -0.8772
-97.1682 -0.8704
-94.8433 -0.8636
-92.5185 -0.8568
-90.1936 -0.85
-87.8687 -0.8432
-85.5439 -0.8364
-83.219 -0.8296
-80.8941 -0.8228
-78.5693 -0.816
-76.2444 -0.8092
-73.9195 -0.8024
-71.5947 -0.7956
-69.2698 -0.7888
-66.9449 -0.782
-64.6201 -0.7752
-62.2952 -0.7684
-59.9703 -0.7616
-57.6455 -0.7548
-55.3206 -0.748
-52.9957 -0.7412
-50.6709 -0.7344
-48.346 -0.7276
-46.0211 -0.7208
-43.6963 -0.714
-41.3714 -0.7072
-39.0465 -0.7004
-36.7217 -0.6936
-34.3968 -0.6868
-32.0719 -0.68
-29.7471 -0.6732
-27.4222 -0.6664
-25.0973 -0.6596
-22.7725 -0.6528
-20.4476 -0.646
-18.1227 -0.6392
-15.7979 -0.6324
-13.473 -0.6256
-11.1481 -0.6188
-8.82328 -0.612
-6.49841 -0.6052
-4.17355 -0.5984
-1.84868 -0.5916
0.226105 -0.5848
1.33001 -0.578
2.43391 -0.5712
3.53782 -0.5644
4.64172 -0.5576
5.74563 -0.5508
6.84953 -0.544
7.95344 -0.5372
9.05734 -0.5304
10.1612 -0.5236
11.2652 -0.5168
12.3691 -0.51
13.473 -0.5032
14.5769 -0.4964
15.6808 -0.4896
16.7847 -0.4828
17.8886 -0.476
18.9925 -0.4692
20.0964 -0.4624
21.2003 -0.4556
22.3042 -0.4488
23.4081 -0.442
24.512 -0.4352
25.6159 -0.4284
26.7198 -0.4216
27.8237 -0.4148
28.9276 -0.408
30.0315 -0.4012
31.1354 -0.3944
32.2393 -0.3876
33.3433 -0.3808
34.4472 -0.374
35.5511 -0.3672
36.655 -0.3604
37.7589 -0.3536
38.8628 -0.3468
39.9667 -0.34
41.0706 -0.3332
42.1745 -0.3264
43.2784 -0.3196
44.3823 -0.3128
44.9707 -0.306
45.5006 -0.2992
46.0306 -0.2924
46.5606 -0.2856
47.0905 -0.2788
47.6205 -0.272
48.1505 -0.2652
48.6805 -0.2584
49.2104 -0.2516
49.7404 -0.2448
50.2704 -0.238
50.8003 -0.2312
51.3303 -0.2244
51.8603 -0.2176
52.3903 -0.2108
52.9202 -0.204
53.4502 -0.1972
53.9802 -0.1904
54.5102 -0.1836
55.0401 -0.1768
55.5701 -0.17
56.1001 -0.1632
56.63 -0.1564
57.16 -0.1496
57.69 -0.1428
58.22 -0.136
58.7499 -0.1292
59.2799 -0.1224
59.8099 -0.1156
60.3399 -0.1088
60.8698 -0.102
61.3998 -0.0952
61.9298 -0.0884
62.4597 -0.0816
62.9897 -0.0748
63.5197 -0.068
64.0497 -0.0612
64.5796 -0.0544
65.1096 -0.0476
65.6396 -0.0408
66.1695 -0.034
66.6995 -0.0272
67.2295 -0.0204
67.7595 -0.0136
68.2894 -0.0068
68.8194 -4.16334e-16
69.3494 0.0068
69.8794 0.0136
70.4093 0.0204
70.9393 0.0272
71.4693 0.034
71.9992 0.0408
72.5292 0.0476
73.0592 0.0544
73.5892 0.0612
74.1191 0.068
74.6491 0.0748
75.1791 0.0816
75.7091 0.0884
76.239 0.0952
76.769 0.102
77.299 0.1088
77.8289 0.1156
78.3589 0.1224
78.8889 0.1292
79.4189 0.136
79.9488 0.1428
80.4788 0.1496
81.0088 0.1564
81.5388 0.1632
82.0687 0.17
82.5987 0.1768
83.1287 0.1836
83.6586 0.1904
84.1886 0.1972
84.7186 0.204
85.2486 0.2108
85.7785 0.2176
86.3085 0.2244
86.8385 0.2312
87.3684 0.238
87.8984 0.2448
88.4284 0.2516
88.9584 0.2584
89.4883 0.2652
90.0183 0.272
90.5483 0.2788
91.0783 0.2856
91.6082 0.2924
92.1382 0.2992
92.6682 0.306
93.1981 0.3128
93.7281 0.3196
94.2581 0.3264
94.7881 0.3332
95.318 0.34
95.848 0.3468
96.378 0.3536
96.908 0.3604
97.4379 0.3672
97.9679 0.374
98.4979 0.3808
99.0278 0.3876
99.5578 0.3944
100.088 0.4012
100.618 0.408
101.148 0.4148
101.678 0.4216
102.208 0.4284
102.738 0.4352
103.268 0.442
103.798 0.4488
104.328 0.4556
104.858 0.4624
105.388 0.4692
105.917 0.476
106.447 0.4828
106.977 0.4896
107.507 0.4964
108.037 0.5032
108.567 0.51
109.097 0.5168
109.627 0.5236
110.157 0.5304
110.687 0.5372
111.217 0.544
111.747 0.5508
112.277 0.5576
112.807 0.5644
113.337 0.5712
113.867 0.578
114.397 0.5848
114.927 0.5916
115.457 0.5984
115.987 0.6052
116.517 0.612
117.047 0.6188
117.577 0.6256
118.107 0.6324
118.637 0.6392
119.167 0.646
119.697 0.6528
120.227 0.6596
120.757 0.6664
121.287 0.6732
121.817 0.68
122.347 0.6868
122.877 0.6936
123.407 0.7004
123.937 0.7072
124.467 0.714
124.996 0.7208
125.526 0.7276
126.056 0.7344
126.586 0.7412
127.116 0.748
127.646 0.7548
128.176 0.7616
128.706 0.7684
129.236 0.7752
129.766 0.782
130.296 0.7888
130.826 0.7956
131.356 0.8024
131.886 0.8092
132.416 0.816
132.946 0.8228
133.476 0.8296
134.006 0.8364
134.536 0.8432
135.066 0.85
135.596 0.8568
136.126 0.8636
136.656 0.8704
137.186 0.8772
137.716 0.884
138.246 0.8908
138.776 0.8976
139.306 0.9044
139.836 0.9112
140.366 0.918
140.896 0.9248
141.426 0.9316
141.956 0.9384
142.486 0.9452
143.016 0.952
143.546 0.9588
144.075 0.9656
144.605 0.9724
145.135 0.9792
145.665 0.986
146.195 0.9928
146.725 0.9996
147.255 1.0064
147.785 1.0132
148.315 1.02
148.389 1.0268
148.463 1.0336
148.537 1.0404
148.611 1.0472
148.685 1.054
148.759 1.0608
148.833 1.0676
148.907 1.0744
148.981 1.0812
149.055 1.088
149.129 1.0948
149.203 1.1016
149.277 1.1084
149.351 1.1152
149.425 1.122
149.499 1.1288
149.573 1.1356
149.647 1.1424
149.721 1.1492
149.794 1.156
149.868 1.1628
149.942 1.1696
150.016 1.1764
150.09 1.1832
150.164 1.19
150.238 1.1968
150.312 1.2036
150.386 1.2104
150.46 1.2172
150.534 1.224
150.608 1.2308
150.682 1.2376
150.756 1.2444
150.83 1.2512
150.904 1.258
150.978 1.2648
151.052 1.2716
151.126 1.2784
151.2 1.2852
151.274 1.292
151.348 1.2988
151.422 1.3056
151.496 1.3124
151.569 1.3192
151.643 1.326
151.717 1.3328
151.791 1.3396
151.865 1.3464
151.939 1.3532
152.013 1.36
152.087 1.3668
149.913 1.36
147.738 1.3532
145.564 1.3464
143.39 1.3396
141.215 1.3328
139.041 1.326
136.867 1.3192
134.692 1.3124
132.518 1.3056
130.344 1.2988
128.169 1.292
125.995 1.2852
123.82 1.2784
121.646 1.2716
119.472 1.2648
117.297 1.258
115.123 1.2512
112.949 1.2444
110.774 1.2376
108.6 1.2308
106.426 1.224
104.251 1.2172
102.077 1.2104
99.9025 1.2036
97.7282 1.1968
95.5538 1.19
93.3794 1.1832
91.2051 1.1764
89.0307 1.1696
86.8563 1.1628
84.682 1.156
82.5076 1.1492
80.3333 1.1424
78.1589 1.1356
75.9845 1.1288
73.8102 1.122
71.6358 1.1152
69.4615 1.1084
67.2871 1.1016
65.1127 1.0948
62.9384 1.088
60.764 1.0812
58.5896 1.0744
56.4153 1.0676
54.2409 1.0608
52.0666 1.054
49.8922 1.0472
47.7178 1.0404
45.5435 1.0336
43.3691 1.0268
41.1948 1.02
39.0204 1.0132
36.846 1.0064
34.6717 0.9996
32.4973 0.9928
30.3229 0.986
28.1486 0.9792
25.9742 0.9724
23.7999 0.9656
21.6255 0.9588
19.4511 0.952
17.2768 0.9452
15.1024 0.9384
12.9281 0.9316
10.7537 0.9248
8.57933 0.918
6.40497 0.9112
4.23061 0.9044
2.05625 0.8976
-0.0490485 0.8908
-0.952007 0.884
-1.85497 0.8772
-2.75792 0.8704
-3.66088 0.8636
-4.56384 0.8568
-5.4668 0.85
-6.36976 0.8432
-7.27272 0.8364
-8.17568 0.8296
-9.07864 0.8228
-9.98159 0.816
-10.8846 0.8092
-11.7875 0.8024
-12.6905 0.7956
-13.5934 0.7888
-14.4964 0.782
-15.3993 0.7752
-16.3023 0.7684
-17.2053 0.7616
-18.1082 0.7548
-19.0112 0.748
-19.9141 0.7412
-20.8171 0.7344
-21.7201 0.7276
-22.623 0.7208
-23.526 0.714
-24.4289 0.7072
-25.3319 0.7004
-26.2348 0.6936
-27.1378 0.6868
-28.0408 0.68
-28.9437 0.6732
-29.8467 0.6664
-30.7496 0.6596
-31.6526 0.6528
-32.5556 0.646
-33.4585 0.6392
-34.3615 0.6324
-35.2644 0.6256
-36.1674 0.6188
-37.0704 0.612
-37.9733 0.6052
-38.8763 0.5984
-39.7792 0.5916
-40.6822 0.5848
-41.5851 0.578
-42.4881 0.5712
-43.3911 0.5644
-44.294 0.5576
-44.843 0.5508
-45.291 0.544
-45.7389 0.5372
-46.1868 0.5304
-46.6348 0.5236
-47.0827 0.5168
-47.5306 0.51
-47.9785 0.5032
-48.4265 0.4964
-48.8744 0.4896
-49.3223 0.4828
-49.7703 0.476
-50.2182 0.4692
-50.6661 0.4624
-51.1141 0.4556
-51.562 0.4488
-52.0099 0.442
-52.4579 0.4352
-52.9058 0.4284
-53.3537 0.4216
-53.8017 0.4148
-54.2496 0.408
-54.6975 0.4012
-55.1455 0.3944
-55.5934 0.3876
-56.0413 0.3808
-56.4893 0.374
-56.9372 0.3672
-57.3851 0.3604
-57.833 0.3536
-58.281 0.3468
-58.7289 0.34
-59.1768 0.3332
-59.6248 0.3264
-60.0727 0.3196
-60.5206 0.3128
-60.9686 0.306
-61.4165 0.2992
-61.8644 0.2924
-62.3124 0.2856
-62.7603 0.2788
-63.2082 0.272
-63.6562 0.2652
-64.1041 0.2584
-64.552 0.2516
-65 0.2448
-65.4479 0.238
-65.8958 0.2312
-66.3438 0.2244
-66.7917 0.2176
-67.2396 0.2108
-67.6875 0.204
-68.1355 0.1972
-68.5834 0.1904
-69.0313 0.1836
-69.4793 0.1768
-69.9272 0.17
-70.3751 0.1632
-70.8231 0.1564
-71.271 0.1496
-71.7189 0.1428
-72.1669 0.136
-72.6148 0.1292
-73.0627 0.1224
-73.5107 0.1156
-73.9586 0.1088
-74.4065 0.102
-74.8545 0.0952
-75.3024 0.0884
-75.7503 0.0816
-76.1983 0.0748
-76.6462 0.068
-77.0941 0.0612
-77.542 0.0544
-77.99 0.0476
-78.4379 0.0408
-78.8858 0.034
-79.3338 0.0272
-79.7817 0.0204
-80.2296 0.0136
-80.6776 0.0068
-81.1255 -7.49401e-16
-81.5734 -0.0068
-82.0214 -0.0136
-82.4693 -0.0204
-82.9172 -0.0272
-83.3652 -0.034
-83.8131 -0.0408
-84.261 -0.0476
-84.709 -0.0544
-85.1569 -0.0612
-85.6048 -0.068
-86.0528 -0.0748
-86.5007 -0.0816
-86.9486 -0.0884
-87.3965 -0.0952
-87.8445 -0.102
-88.2924 -0.1088
-88.7403 -0.1156
-89.1883 -0.1224
-89.6362 -0.1292
-90.0841 -0.136
-90.5321 -0.1428
-90.98 -0.1496
-91.4279 -0.1564
-91.8759 -0.1632
-92.3238 -0.17
-92.7717 -0.1768
-93.2197 -0.1836
-93.6676 -0.1904
-94.1155 -0.1972
-94.5635 -0.204
-95.0114 -0.2108
-95.4593 -0.2176
-95.9073 -0.2244
-96.3552 -0.2312
-96.8031 -0.238
-97.251 -0.2448
-97.699 -0.2516
-98.1469 -0.2584
-98.5948 -0.2652
-99.0428 -0.272
-99.4907 -0.2788
-99.9386 -0.2856
-100.387 -0.2924
-100.835 -0.2992
-101.282 -0.306
-101.73 -0.3128
-102.178 -0.3196
-102.626 -0.3264
-103.074 -0.3332
-103.522 -0.34
-103.97 -0.3468
-104.418 -0.3536
-104.866 -0.3604
-105.314 -0.3672
-105.762 -0.374
-106.21 -0.3808
-106.658 -0.3876
-107.106 -0.3944
-107.553 -0.4012
-108.001 -0.408
-108.449 -0.4148
-108.897 -0.4216
-109.345 -0.4284
-109.793 -0.4352
-110.241 -0.442
-110.689 -0.4488
-111.137 -0.4556
-111.585 -0.4624
-112.033 -0.4692
-112.481 -0.476
-112.929 -0.4828
-113.377 -0.4896
-113.825 -0.4964
-114.272 -0.5032
-114.72 -0.51
-115.168 -0.5168
-115.616 -0.5236
-116.064 -0.5304
-116.512 -0.5372
-116.96 -0.544
-117.408 -0.5508
-117.856 -0.5576
-118.304 -0.5644
-118.752 -0.5712
-119.2 -0.578
-119.648 -0.5848
-120.096 -0.5916
-120.544 -0.5984
-120.991 -0.6052
-121.439 -0.612
-121.887 -0.6188
-122.335 -0.6256
-122.783 -0.6324
-123.231 -0.6392
-123.679 -0.646
-124.127 -0.6528
-124.575 -0.6596
-125.023 -0.6664
-125.471 -0.6732
-125.919 -0.68
-126.367 -0.6868
-126.815 -0.6936
-127.262 -0.7004
-127.71 -0.7072
-128.158 -0.714
-128.606 -0.7208
-129.054 -0.7276
-129.502 -0.7344
-129.95 -0.7412
-130.398 -0.748
-130.846 -0.7548
-131.294 -0.7616
-131.742 -0.7684
-132.19 -0.7752
-132.638 -0.782
-133.086 -0.7888
-133.534 -0.7956
-133.981 -0.8024
-134.429 -0.8092
-134.877 -0.816
-135.325 -0.8228
-135.773 -0.8296
-136.221 -0.8364
-136.669 -0.8432
-137.117 -0.85
-137.565 -0.8568
-138.013 -0.8636
-138.461 -0.8704
-138.909 -0.8772
-139.357 -0.884
-139.805 -0.8908
-140.253 -0.8976
-140.7 -0.9044
-141.148 -0.9112
-141.596 -0.918
-142.044 -0.9248
-142.492 -0.9316
-142.94 -0.9384
-143.388 -0.9452
-143.836 -0.952
-144.284 -0.9588
-144.732 -0.9656
-145.18 -0.9724
-145.628 -0.9792
-146.076 -0.986
-146.524 -0.9928
-146.971 -0.9996
-147.419 -1.0064
-147.867 -1.0132
-148.315 -1.02
-148.389 -1.0268
-148.463 -1.0336
-148.537 -1.0404
-148.611 -1.0472
-148.685 -1.054
-148.759 -1.0608
-148.833 -1.0676
-148.907 -1.0744
-148.981 -1.0812
-149.055 -1.088
-149.129 -1.0948
-149.203 -1.1016
-149.277 -1.1084
-149.351 -1.1152
-149.425 -1.122
-149.499 -1.1288
-149.573 -1.1356
-149.647 -1.1424
-149.721 -1.1492
-149.794 -1.156
-149.868 -1.1628
-149.942 -1.1696
-150.016 -1.1764
-150.09 -1.1832
-150.164 -1.19
-150.238 -1.1968
-150.312 -1.2036
-150.386 -1.2104
-150.46 -1.2172
-150.534 -1.224
-150.608 -1.2308
-150.682 -1.2376
-150.756 -1.2444
-150.83 -1.2512
-150.904 -1.258
-150.978 -1.2648
-151.052 -1.2716
-151.126 -1.2784
-151.2 -1.2852
-151.274 -1.292
-151.348 -1.2988
-151.422 -1.3056
-151.496 -1.3124
-151.569 -1.3192
-151.643 -1.326
-151.717 -1.3328
-151.791 -1.3396
-151.865 -1.3464
-151.939 -1.3532
-152.013 -1.36
-152.087 -1.3668
-149.913 -1.36
-147.738 -1.3532
-145.564 -1.3464
-143.39 -1.3396
-141.215 -1.3328
-139.041 -1.326
-136.867 -1.3192
-134.692 -1.3124
-132.518 -1.3056
-130.344 -1.2988
-128.169 -1.292
-125.995 -1.2852
-123.82 -1.2784
-121.646 -1.2716
-119.472 -1.2648
-117.297 -1.258
-115.123 -1.2512
-112.949 -1.2444
-110.774 -1.2376
-108.6 -1.2308
-106.426 -1.224
-104.251 -1.2172
-102.077 -1.2104
-99.9025 -1.2036
-97.7282 -1.1968
-95.5538 -1.19
-93.3794 -1.1832
-91.2051 -1.1764
-89.0307 -1.1696
-86.8563 -1.1628
-84.682 -1.156
-82.5076 -1.1492
-80.3333 -1.1424
-78.1589 -1.1356
-75.9845 -1.1288
-73.8102 -1.122
-71.6358 -1.1152
-69.4615 -1.1084
-67.2871 -1.1016
-65.1127 -1.0948
-62.9384 -1.088
-60.764 -1.0812
-58.5896 -1.0744
-56.4153 -1.0676
-54.2409 -1.0608
-52.0666 -1.054
-49.8922 -1.0472
-47.7178 -1.0404
-45.5435 -1.0336
-43.3691 -1.0268
-41.1948 -1.02
-39.0204 -1.0132
-36.846 -1.0064
-34.6717 -0.9996
-32.4973 -0.9928
-30.3229 -0.986
-28.1486 -0.9792
-25.9742 -0.9724
-23.7999 -0.9656
-21.6255 -0.9588
-19.4511 -0.952
-17.2768 -0.9452
-15.1024 -0.9384
-12.9281 -0.9316
-10.7537 -0.9248
-8.57933 -0.918
-6.40497 -0.9112
-4.23061 -0.9044
-2.05625 -0.8976
0.0422459 -0.8908
0.819971 -0.884
1.5977 -0.8772
2.37542 -0.8704
3.15315 -0.8636
3.93087 -0.8568
4.7086 -0.85
5.48632 -0.8432
6.26405 -0.8364
7.04177 -0.8296
7.8195 -0.8228
8.59723 -0.816
9.37495 -0.8092
10.1527 -0.8024
10.9304 -0.7956
11.7081 -0.7888
12.4859 -0.782
13.2636 -0.7752
14.0413 -0.7684
14.819 -0.7616
15.5968 -0.7548
16.3745 -0.748
17.1522 -0.7412
17.9299 -0.7344
18.7077 -0.7276
19.4854 -0.7208
20.2631 -0.714
21.0408 -0.7072
21.8186 -0.7004
22.5963 -0.6936
23.374 -0.6868
24.1517 -0.68
24.9295 -0.6732
25.7072 -0.6664
26.4849 -0.6596
27.2626 -0.6528
28.0404 -0.646
28.8181 -0.6392
29.5958 -0.6324
30.3735 -0.6256
31.1513 -0.6188
31.929 -0.612
32.7067 -0.6052
33.4844 -0.5984
34.2622 -0.5916
35.0399 -0.5848
35.8176 -0.578
36.5953 -0.5712
37.3731 -0.5644
38.1508 -0.5576
38.9285 -0.5508
39.7062 -0.544
40.484 -0.5372
41.2617 -0.5304
42.0394 -0.5236
42.8171 -0.5168
43.5949 -0.51
44.3726 -0.5032
45.1503 -0.4964
45.7773 -0.4896
46.1667 -0.4828
46.5561 -0.476
46.9456 -0.4692
47.335 -0.4624
47.7244 -0.4556
48.1138 -0.4488
48.5032 -0.442
48.8926 -0.4352
49.282 -0.4284
49.6714 -0.4216
50.0609 -0.4148
50.4503 -0.408
50.8397 -0.4012
51.2291 -0.3944
51.6185 -0.3876
52.0079 -0.3808
52.3973 -0.374
52.7868 -0.3672
53.1762 -0.3604
53.5656 -0.3536
53.955 -0.3468
54.3444 -0.34
54.7338 -0.3332
55.1232 -0.3264
55.5127 -0.3196
55.9021 -0.3128
56.2915 -0.306
56.6809 -0.2992
57.0703 -0.2924
57.4597 -0.2856
57.8491 -0.2788
58.2385 -0.272
58.628 -0.2652
59.0174 -0.2584
59.4068 -0.2516
59.7962 -0.2448
60.1856 -0.238
60.575 -0.2312
60.9644 -0.2244
61.3539 -0.2176
61.7433 -0.2108
62.1327 -0.204
62.5221 -0.1972
62.9115 -0.1904
63.3009 -0.1836
63.6903 -0.1768
64.0797 -0.17
64.4692 -0.1632
64.8586 -0.1564
65.248 -0.1496
65.6374 -0.1428
66.0268 -0.136
66.4162 -0.1292
66.8056 -0.1224
67.1951 -0.1156
67.5845 -0.1088
67.9739 -0.102
68.3633 -0.0952
68.7527 -0.0884
69.1421 -0.0816
69.5315 -0.0748
69.9209 -0.068
70.3104 -0.0612
70.6998 -0.0544
71.0892 -0.0476
71.4786 -0.0408
71.868 -0.034
72.2574 -0.0272
72.6468 -0.0204
73.0363 -0.0136
73.4257 -0.0068
73.8151 -5.82867e-16
74.2045 0.0068
74.5939 0.0136
74.9833 0.0204
75.3727 0.0272
75.7622 0.034
76.1516 0.0408
76.541 0.0476
76.9304 0.0544
77.3198 0.0612
77.7092 0.068
78.0986 0.0748
78.488 0.0816
78.8775 0.0884
79.2669 0.0952
79.6563 0.102
80.0457 0.1088
80.4351 0.1156
80.8245 0.1224
81.2139 0.1292
81.6034 0.136
81.9928 0.1428
82.3822 0.1496
82.7716 0.1564
83.161 0.1632
83.5504 0.17
83.9398 0.1768
84.3292 0.1836
84.7187 0.1904
85.1081 0.1972
85.4975 0.204
85.8869 0.2108
86.2763 0.2176
86.6657 0.2244
87.0551 0.2312
87.4446 0.238
87.834 0.2448
88.2234 0.2516
88.6128 0.2584
89.0022 0.2652
89.3916 0.272
89.781 0.2788
90.1704 0.2856
90.5599 0.2924
90.9493 0.2992
91.3387 0.306
91.7281 0.3128
92.1175 0.3196
92.5069 0.3264
92.8963 0.3332
93.2858 0.34
93.6752 0.3468
94.0646 0.3536
94.454 0.3604
94.8434 0.3672
95.2328 0.374
95.6222 0.3808
96.0117 0.3876
96.4011 0.3944
96.7905 0.4012
97.1799 0.408
97.5693 0.4148
97.9587 0.4216
98.3481 0.4284
98.7375 0.4352
99.127 0.442
99.5164 0.4488
99.9058 0.4556
100.295 0.4624
100.685 0.4692
101.074 0.476
101.463 0.4828
101.853 0.4896
102.242 0.4964
102.632 0.5032
103.021 0.51
103.411 0.5168
103.8 0.5236
104.189 0.5304
104.579 0.5372
104.968 0.544
105.358 0.5508
105.747 0.5576
106.136 0.5644
106.526 0.5712
106.915 0.578
107.305 0.5848
107.694 0.5916
108.083 0.5984
108.473 0.6052
108.862 0.612
109.252 0.6188
109.641 0.6256
110.031 0.6324
110.42 0.6392
110.809 0.646
111.199 0.6528
111.588 0.6596
111.978 0.6664
112.367 0.6732
112.756 0.68
113.146 0.6868
113.535 0.6936
113.925 0.7004
114.314 0.7072
114.703 0.714
115.093 0.7208
115.482 0.7276
115.872 0.7344
116.261 0.7412
116.651 0.748
117.04 0.7548
117.429 0.7616
117.819 0.7684
118.208 0.7752
118.598 0.782
118.987 0.7888
119.376 0.7956
119.766 0.8024
120.155 0.8092
120.545 0.816
120.934 0.8228
121.324 0.8296
121.713 0.8364
122.102 0.8432
122.492 0.85
122.881 0.8568
123.271 0.8636
123.66 0.8704
124.049 0.8772
124.439 0.884
124.828 0.8908
125.218 0.8976
125.607 0.9044
125.996 0.9112
126.386 0.918
126.775 0.9248
127.165 0.9316
127.554 0.9384
127.944 0.9452
128.333 0.952
128.722 0.9588
129.112 0.9656
129.501 0.9724
129.891 0.9792
130.28 0.986
130.669 0.9928
131.059 0.9996
131.448 1.0064
131.838 1.0132
132.227 1.02
132.617 1.0268
133.006 1.0336
133.395 1.0404
133.785 1.0472
134.174 1.054
134.564 1.0608
134.953 1.0676
135.342 1.0744
135.732 1.0812
136.121 1.088
136.511 1.0948
136.9 1.1016
137.289 1.1084
137.679 1.1152
138.068 1.122
138.458 1.1288
138.847 1.1356
139.237 1.1424
139.626 1.1492
140.015 1.156
140.405 1.1628
140.794 1.1696
141.184 1.1764
141.573 1.1832
141.962 1.19
142.352 1.1968
142.741 1.2036
143.131 1.2104
143.52 1.2172
143.91 1.224
144.299 1.2308
144.688 1.2376
145.078 1.2444
145.467 1.2512
145.857 1.258
146.246 1.2648
146.635 1.2716
147.025 1.2784
147.414 1.2852
147.804 1.292
148.193 1.2988
148.582 1.3056
148.972 1.3124
149.361 1.3192
149.751 1.326
150.14 1.3328
150.53 1.3396
150.919 1.3464
151.308 1.3532
151.698 1.36
152.087 1.3668
149.913 1.36
147.738 1.3532
145.564 1.3464
143.39 1.3396
141.215 1.3328
139.041 1.326
136.867 1.3192
134.692 1.3124
132.518 1.3056
130.344 1.2988
128.169 1.292
125.995 1.2852
123.82 1.2784
121.646 1.2716
119.472 1.2648
117.297 1.258
115.123 1.2512
112.949 1.2444
110.774 1.2376
108.6 1.2308
106.426 1.224
104.251 1.2172
102.077 1.2104
99.9025 1.2036
97.7282 1.1968
95.5538 1.19
93.3794 1.1832
91.2051 1.1764
89.0307 1.1696
86.8563 1.1628
84.682 1.156
82.5076 1.1492
80.3333 1.1424
78.1589 1.1356
75.9845 1.1288
73.8102 1.122
71.6358 1.1152
69.4615 1.1084
67.2871 1.1016
65.1127 1.0948
62.9384 1.088
60.764 1.0812
58.5896 1.0744
56.4153 1.0676
54.2409 1.0608
52.0666 1.054
49.8922 1.0472
47.7178 1.0404
45.5435 1.0336
43.3691 1.0268
41.1948 1.02
39.0204 1.0132
36.846 1.0064
34.6717 0.9996
32.4973 0.9928
30.3229 0.986
28.1486 0.9792
25.9742 0.9724
23.7999 0.9656
21.6255 0.9588
19.4511 0.952
17.2768 0.9452
15.1024 0.9384
12.9281 0.9316
10.7537 0.9248
8.57933 0.918
6.40497 0.9112
4.23061 0.9044
2.05625 0.8976
-0.0422459 0.8908
-0.819971 0.884
-1.5977 0.8772
-2.37542 0.8704
-3.15315 0.8636
-3.93087 0.8568
-4.7086 0.85
-5.48632 0.8432
-6.26405 0.8364
-7.04177 0.8296
-7.8195 0.8228
-8.59723 0.816
-9.37495 0.8092
-10.1527 0.8024
-10.9304 0.7956
-11.7081 0.7888
-12.4859 0.782
-13.2636 0.7752
-14.0413 0.7684
-14.819 0.7616
-15.5968 0.7548
-16.3745 0.748
-17.1522 0.7412
-17.9299 0.7344
-18.7077 0.7276
-19.4854 0.7208
-20.2631 0.714
-21.0408 0.7072
-21.8186 0.7004
-22.5963 0.6936
-23.374 0.6868
-24.1517 0.68
-24.9295 0.6732
-25.7072 0.6664
-26.4849 0.6596
-27.2626 0.6528
-28.0404 0.646
-28.8181 0.6392
-29.5958 0.6324
-30.3735 0.6256
-31.1513 0.6188
-31.929 0.612
-32.7067 0.6052
-33.4844 0.5984
-34.2622 0.5916
-35.0399 0.5848
-35.8176 0.578
-36.5953 0.5712
-37.3731 0.5644
-38.1508 0.5576
-38.9285 0.5508
-39.7062 0.544
-40.484 0.5372
-41.2617 0.5304
-42.0394 0.5236
-42.8171 0.5168
-43.5949 0.51
-44.3726 0.5032
-45.1503 0.4964
-45.7773 0.4896
-46.1667 0.4828
-46.5561 0.476
-46.9456 0.4692
-47.335 0.4624
-47.7244 0.4556
-48.1138 0.4488
-48.5032 0.442
-48.8926 0.4352
-49.282 0.4284
-49.6714 0.4216
-50.0609 0.4148
-50.4503 0.408
-50.8397 0.4012
-51.2291 0.3944
-51.6185 0.3876
-52.0079 0.3808
-52.3973 0.374
-52.7868 0.3672
-53.1762 0.3604
-53.5656 0.3536
-53.955 0.3468
-54.3444 0.34
-54.7338 0.3332
-55.1232 0.3264
-55.5127 0.3196
-55.9021 0.3128
-56.2915 0.306
-56.6809 0.2992
-57.0703 0.2924
-57.4597 0.2856
-57.8491 0.2788
-58.2385 0.272
-58.628 0.2652
-59.0174 0.2584
-59.4068 0.2516
-59.7962 0.2448
-60.1856 0.238
-60.575 0.2312
-60.9644 0.2244
-61.3539 0.2176
-61.7433 0.2108
-62.1327 0.204
-62.5221 0.1972
-62.9115 0.1904
-63.3009 0.1836
-63.6903 0.1768
-64.0797 0.17
-64.4692 0.1632
-64.8586 0.1564
-65.248 0.1496
-65.6374 0.1428
-66.0268 0.136
-66.4162 0.1292
-66.8056 0.1224
-67.1951 0.1156
-67.5845 0.1088
-67.9739 0.102
-68.3633 0.0952
-68.7527 0.0884
-69.1421 0.0816
-69.5315 0.0748
-69.9209 0.068
-70.3104 0.0612
-70.6998 0.0544
-71.0892 0.0476
-71.4786 0.0408
-71.868 0.034
-72.2574 0.0272
-72.6468 0.0204
-73.0363 0.0136
-73.4257 0.0068
-73.8151 -7.49401e-16
-74.2045 -0.0068
-74.5939 -0.0136
-74.9833 -0.0204
-75.3727 -0.0272
-75.7622 -0.034
-76.1516 -0.0408
-76.541 -0.0476
-76.9304 -0.0544
-77.3198 -0.0612
-77.7092 -0.068
-78.0986 -0.0748
-78.488 -0.0816
-78.8775 -0.0884
-79.2669 -0.0952
-79.6563 -0.102
-80.0457 -0.1088
-80.4351 -0.1156
-80.8245 -0.1224
-81.2139 -0.1292
-81.6034 -0.136
-81.9928 -0.1428
-82.3822 -0.1496
-82.7716 -0.1564
-83.161 -0.1632
-83.5504 -0.17
-83.9398 -0.1768
-84.3292 -0.1836
-84.7187 -0.1904
-85.1081 -0.1972
-85.4975 -0.204
-85.8869 -0.2108
-86.2763 -0.2176
-86.6657 -0.2244
-87.0551 -0.2312
-87.4446 -0.238
-87.834 -0.2448
-88.2234 -0.2516
-88.6128 -0.2584
-89.0022 -0.2652
-89.3916 -0.272
-89.781 -0.2788
-90.1704 -0.2856
-90.5599 -0.2924
-90.9493 -0.2992
-91.3387 -0.306
-91.7281 -0.3128
-92.1175 -0.3196
-92.5069 -0.3264
-92.8963 -0.3332
-93.2858 -0.34
-93.6752 -0.3468
-94.0646 -0.3536
-94.454 -0.3604
-94.8434 -0.3672
-95.2328 -0.374
-95.6222 -0.3808
-96.0117 -0.3876
-96.4011 -0.3944
-96.7905 -0.4012
-97.1799 -0.408
-97.5693 -0.4148
-97.9587 -0.4216
-98.3481 -0.4284
-98.7375 -0.4352
-99.127 -0.442
-99.5164 -0.4488
-99.9058 -0.4556
-100.295 -0.4624
-100.685 -0.4692
-101.074 -0.476
-101.463 -0.4828
-101.853 -0.4896
-102.242 -0.4964
-102.632 -0.5032
-103.021 -0.51
-103.411 -0.5168
-103.8 -0.5236
-104.189 -0.5304
-104.579 -0.5372
-104.968 -0.544
-105.358 -0.5508
-105.747 -0.5576
-106.136 -0.5644
-106.526 -0.5712
-106.915 -0.578
-107.305 -0.5848
-107.694 -0.5916
-108.083 -0.5984
-108.473 -0.6052
-108.862 -0.612
-109.252 -0.6188
-109.641 -0.6256
-110.031 -0.6324
-110.42 -0.6392
-110.809 -0.646
-111.199 -0.6528
-111.588 -0.6596
-111.978 -0.6664
-112.367 -0.6732
-112.756 -0.68
-113.146 -0.6868
-113.535 -0.6936
-113.925 -0.7004
-114.314 -0.7072
-114.703 -0.714
-115.093 -0.7208
-115.482 -0.7276
-115.872 -0.7344
-116.261 -0.7412
-116.651 -0.748
-117.04 -0.7548
-117.429 -0.7616
-117.819 -0.7684
-118.208 -0.7752
-118.598 -0.782
-118.987 -0.7888
-119.376 -0.7956
-119.766 -0.8024
-120.155 -0.8092
-120.545 -0.816
-120.934 -0.8228
-121.324 -0.8296
-121.713 -0.8364
-122.102 -0.8432
-122.492 -0.85
-122.881 -0.8568
-123.271 -0.8636
-123.66 -0.8704
-124.049 -0.8772
-124.439 -0.884
-124.828 -0.8908
-125.218 -0.8976
-125.607 -0.9044
-125.996 -0.9112
-126.386 -0.918
-126.775 -0.9248
-127.165 -0.9316
-127.554 -0.9384
-127.944 -0.9452
-128.333 -0.952
-128.722 -0.9588
-129.112 -0.9656
-129.501 -0.9724
-129.891 -0.9792
-130.28 -0.986
-130.669 -0.9928
-131.059 -0.9996
-131.448 -1.0064
-131.838 -1.0132
-132.227 -1.02
-132.617 -1.0268
-133.006 -1.0336
-133.395 -1.0404
-133.785 -1.0472
-134.174 -1.054
-134.564 -1.0608
-134.953 -1.0676
-135.342 -1.0744
-135.732 -1.0812
-136.121 -1.088
-136.511 -1.0948
-136.9 -1.1016
-137.289 -1.1084
-137.679 -1.1152
-138.068 -1.122
-138.458 -1.1288
-138.847 -1.1356
-139.237 -1.1424
-139.626 -1.1492
-140.015 -1.156
-140.405 -1.1628
-140.794 -1.1696
-141.184 -1.1764
-141.573 -1.1832
-141.962 -1.19
-142.352 -1.1968
-142.741 -1.2036
-143.131 -1.2104
-143.52 -1.2172
-143.91 -1.224
-144.299 -1.2308
-144.688 -1.2376
-145.078 -1.2444
-145.467 -1.2512
-145.857 -1.258
-146.246 -1.2648
-146.635 -1.2716
-147.025 -1.2784
-147.414 -1.2852
-147.804 -1.292
-148.193 -1.2988
-148.582 -1.3056
-148.972 -1.3124
-149.361 -1.3192
-149.751 -1.326
-150.14 -1.3328
-150.53 -1.3396
-150.919 -1.3464
-151.308 -1.3532
-151.698 -1.36
-152.087 -1.3668
-149.913 -1.36
-147.738 -1.3532
-145.564 -1.3464
-143.39 -1.3396
-141.215 -1.3328
-139.041 -1.326
-136.867 -1.3192
-134.692 -1.3124
-132.518 -1.3056
-130.344 -1.2988
-128.169 -1.292
-125.995 -1.2852
-123.82 -1.2784
-121.646 -1.2716
-119.472 -1.2648
-117.297 -1.258
-115.123 -1.2512
-112.949 -1.2444
-110.774 -1.2376
-108.6 -1.2308
-106.426 -1.224
-104.251 -1.2172
-102.077 -1.2104
-99.9025 -1.2036
-97.7282 -1.1968
-95.5538 -1.19
-93.3794 -1.1832
-91.2051 -1.1764
-89.0307 -1.1696
-86.8563 -1.1628
-84.682 -1.156
-82.5076 -1.1492
-80.3333 -1.1424
-78.1589 -1.1356
-75.9845 -1.1288
-73.8102 -1.122
-71.6358 -1.1152
-69.4615 -1.1084
-67.2871 -1.1016
-65.1127 -1.0948
-62.9384 -1.088
-60.764 -1.0812
-58.5896 -1.0744
-56.4153 -1.0676
-54.2409 -1.0608
-52.0666 -1.054
-49.8922 -1.0472
-47.7178 -1.0404
-45.5435 -1.0336
-43.3691 -1.0268
-41.1948 -1.02
-39.0204 -1.0132
-36.846 -1.0064
-34.6717 -0.9996
-32.4973 -0.9928
-30.3229 -0.986
-28.1486 -0.9792
-25.9742 -0.9724
-23.7999 -0.9656
-21.6255 -0.9588
-19.4511 -0.952
-17.2768 -0.9452
-15.1024 -0.9384
-12.9281 -0.9316
-10.7537 -0.9248
-8.57933 -0.918
-6.40497 -0.9112
-4.23061 -0.9044
-2.05625 -0.8976
0.0422459 -0.8908
0.819971 -0.884
1.5977 -0.8772
2.37542 -0.8704
3.15315 -0.8636
3.93087 -0.8568
4.7086 -0.85
5.48632 -0.8432
6.26405 -0.8364
7.04177 -0.8296
7.8195 -0.8228
8.59723 -0.816
9.37495 -0.8092
10.1527 -0.8024
10.9304 -0.7956
11.7081 -0.7888
12.4859 -0.782
13.2636 -0.7752
14.0413 -0.7684
14.819 -0.7616
15.5968 -0.7548
16.3745 -0.748
17.1522 -0.7412
17.9299 -0.7344
18.7077 -0.7276
19.4854 -0.7208
20.2631 -0.714
21.0408 -0.7072
21.8186 -0.7004
22.5963 -0.6936
23.374 -0.6868
24.1517 -0.68
24.9295 -0.6732
25.7072 -0.6664
26.4849 -0.6596
27.2626 -0.6528
28.0404 -0.646
28.8181 -0.6392
29.5958 -0.6324
30.3735 -0.6256
31.1513 -0.6188
31.929 -0.612
32.7067 -0.6052
33.4844 -0.5984
34.2622 -0.5916
35.0399 -0.5848
35.8176 -0.578
36.5953 -0.5712
37.3731 -0.5644
38.1508 -0.5576
38.9285 -0.5508
39.7062 -0.544
40.484 -0.5372
41.2617 -0.5304
42.0394 -0.5236
42.8171 -0.5168
43.5949 -0.51
44.3726 -0.5032
45.1503 -0.4964
45.7773 -0.4896
46.1667 -0.4828
46.5561 -0.476
46.9456 -0.4692
47.335 -0.4624
47.7244 -0.4556
48.1138 -0.4488
48.5032 -0.442
48.8926 -0.4352
49.282 -0.4284
49.6714 -0.4216
50.0609 -0.4148
50.4503 -0.408
50.8397 -0.4012
51.2291 -0.3944
51.6185 -0.3876
52.0079 -0.3808
52.3973 -0.374
52.7868 -0.3672
53.1762 -0.3604
53.5656 -0.3536
53.955 -0.3468
54.3444 -0.34
54.7338 -0.3332
55.1232 -0.3264
55.5127 -0.3196
55.9021 -0.3128
56.2915 -0.306
56.6809 -0.2992
57.0703 -0.2924
57.4597 -0.2856
57.8491 -0.2788
58.2385 -0.272
58.628 -0.2652
59.0174 -0.2584
59.4068 -0.2516
59.7962 -0.2448
60.1856 -0.238
60.575 -0.2312
60.9644 -0.2244
61.3539 -0.2176
61.7433 -0.2108
62.1327 -0.204
62.5221 -0.1972
62.9115 -0.1904
63.3009 -0.1836
63.6903 -0.1768
64.0797 -0.17
64.4692 -0.1632
64.8586 -0.1564
65.248 -0.1496
65.6374 -0.1428
66.0268 -0.136
66.4162 -0.1292
66.8056 -0.1224
67.1951 -0.1156
67.5845 -0.1088
67.9739 -0.102
68.3633 -0.0952
68.7527 -0.0884
69.1421 -0.0816
69.5315 -0.0748
69.9209 -0.068
70.3104 -0.0612
70.6998 -0.0544
71.0892 -0.0476
71.4786 -0.0408
71.868 -0.034
72.2574 -0.0272
72.6468 -0.0204
73.0363 -0.0136
73.4257 -0.0068
73.8151 -5.82867e-16
74.2045 0.0068
74.5939 0.0136
74.9833 0.0204
75.3727 0.0272
75.7622 0.034
76.1516 0.0408
76.541 0.0476
76.9304 0.0544
77.3198 0.0612
77.7092 0.068
78.0986 0.0748
78.488 0.0816
78.8775 0.0884
79.2669 0.0952
79.6563 0.102
80.0457 0.1088
80.4351 0.1156
80.8245 0.1224
81.2139 0.1292
81.6034 0.136
81.9928 0.1428
82.3822 0.1496
82.7716 0.1564
83.161 0.1632
83.5504 0.17
83.9398 0.1768
84.3292 0.1836
84.7187 0.1904
85.1081 0.1972
85.4975 0.204
85.8869 0.2108
86.2763 0.2176
86.6657 0.2244
87.0551 0.2312
87.4446 0.238
87.834 0.2448
88.2234 0.2516
88.6128 0.2584
89.0022 0.2652
89.3916 0.272
89.781 0.2788
90.1704 0.2856
90.5599 0.2924
90.9493 0.2992
91.3387 0.306
91.7281 0.3128
92.1175 0.3196
92.5069 0.3264
92.8963 0.3332
93.2858 0.34
93.6752 0.3468
94.0646 0.3536
94.454 0.3604
94.8434 0.3672
95.2328 0.374
95.6222 0.3808
96.0117 0.3876
96.4011 0.3944
96.7905 0.4012
97.1799 0.408
97.5693 0.4148
97.9587 0.4216
98.3481 0.4284
98.7375 0.4352
99.127 0.442
99.5164 0.4488
99.9058 0.4556
100.295 0.4624
100.685 0.4692
101.074 0.476
101.463 0.4828
101.853 0.4896
102.242 0.4964
102.632 0.5032
103.021 0.51
103.411 0.5168
103.8 0.5236
104.189 0.5304
104.579 0.5372
104.968 0.544
105.358 0.5508
105.747 0.5576
106.136 0.5644
106.526 0.5712
106.915 0.578
107.305 0.5848
107.694 0.5916
108.083 0.5984
108.473 0.6052
108.862 0.612
109.252 0.6188
109.641 0.6256
110.031 0.6324
110.42 0.6392
110.809 0.646
111.199 0.6528
111.588 0.6596
111.978 0.6664
112.367 0.6732
112.756 0.68
113.146 0.6868
113.535 0.6936
113.925 0.7004
114.314 0.7072
114.703 0.714
115.093 0.7208
115.482 0.7276
115.872 0.7344
116.261 0.7412
116.651 0.748
117.04 0.7548
117.429 0.7616
117.819 0.7684
118.208 0.7752
118.598 0.782
118.987 0.7888
119.376 0.7956
119.766 0.8024
120.155 0.8092
120.545 0.816
120.934 0.8228
121.324 0.8296
121.713 0.8364
122.102 0.8432
122.492 0.85
122.881 0.8568
123.271 0.8636
123.66 0.8704
124.049 0.8772
124.439 0.884
124.828 0.8908
125.218 0.8976
125.607 0.9044
125.996 0.9112
126.386 0.918
126.775 0.9248
127.165 0.9316
127.554 0.9384
127.944 0.9452
128.333 0.952
128.722 0.9588
129.112 0.9656
129.501 0.9724
129.891 0.9792
130.28 0.986
130.669 0.9928
131.059 0.9996
131.448 1.0064
131.838 1.0132
132.227 1.02
132.617 1.0268
133.006 1.0336
133.395 1.0404
133.785 1.0472
134.174 1.054
134.564 1.0608
134.953 1.0676
135.342 1.0744
135.732 1.0812
136.121 1.088
136.511 1.0948
136.9 1.1016
137.289 1.1084
137.679 1.1152
138.068 1.122
138.458 1.1288
138.847 1.1356
139.237 1.1424
139.626 1.1492
140.015 1.156
140.405 1.1628
140.794 1.1696
141.184 1.1764
141.573 1.1832
141.962 1.19
142.352 1.1968
142.741 1.2036
143.131 1.2104
143.52 1.2172
143.91 1.224
144.299 1.2308
144.688 1.2376
145.078 1.2444
145.467 1.2512
145.857 1.258
146.246 1.2648
146.635 1.2716
147.025 1.2784
147.414 1.2852
147.804 1.292
148.193 1.2988
148.582 1.3056
148.972 1.3124
149.361 1.3192
149.751 1.326
150.14 1.3328
150.53 1.3396
150.919 1.3464
151.308 1.3532
151.698 1.36
152.087 1.3668
152.161 1.3736
152.235 1.3804
152.309 1.3872
152.383 1.394
152.457 1.4008
152.531 1.4076
152.605 1.4144
152.679 1.4212
152.753 1.428
152.827 1.4348
152.901 1.4416
152.975 1.4484
153.049 1.4552
153.123 1.462
153.197 1.4688
153.271 1.4756
153.344 1.4824
153.418 1.4892
153.492 1.496
153.566 1.5028
153.64 1.5096
153.714 1.5164
153.788 1.5232
153.862 1.53
153.936 1.5368
154.01 1.5436
154.084 1.5504
154.158 1.5572
154.232 1.564
154.306 1.5708
154.38 1.5776
154.454 1.5844
154.528 1.5912
154.602 1.598
154.676 1.6048
154.75 1.6116
154.824 1.6184
154.898 1.6252
154.972 1.632
155.046 1.6388
155.12 1.6456
155.193 1.6524
155.267 1.6592
155.341 1.666
155.415 1.6728
155.489 1.6796
155.563 1.6864
155.637 1.6932
155.711 1.7
155.785 1.7068
155.859 1.7136
155.933 1.7204
156.007 1.7272
156.081 1.734
156.155 1.7408
156.229 1.7476
156.303 1.7544
156.377 1.7612
156.451 1.768
156.525 1.7748
156.599 1.7816
156.673 1.7884
156.747 1.7952
156.821 1.802
156.895 1.8088
156.968 1.8156
157.042 1.8224
157.116 1.8292
157.19 1.836
157.264 1.8428
157.338 1.8496
157.412 1.8564
157.486 1.8632
157.56 1.87
157.634 1.8768
157.708 1.8836
157.782 1.8904
157.856 1.8972
157.93 1.904
158.004 1.9108
158.078 1.9176
158.152 1.9244
158.226 1.9312
158.3 1.938
158.374 1.9448
158.448 1.9516
158.522 1.9584
158.596 1.9652
158.67 1.972
158.744 1.9788
158.817 1.9856
158.891 1.9924
158.965 1.9992
159.039 2.006
159.113 2.0128
159.187 2.0196
159.261 2.0264
159.335 2.0332
159.409 2.04
159.483 2.0468
157.5 2.04
155.517 2.0332
153.534 2.0264
151.551 2.0196
149.568 2.0128
147.585 2.006
145.602 1.9992
143.619 1.9924
141.636 1.9856
139.653 1.9788
137.67 1.972
135.687 1.9652
133.704 1.9584
131.72 1.9516
129.737 1.9448
127.754 1.938
125.771 1.9312
123.788 1.9244
121.805 1.9176
119.822 1.9108
117.839 1.904
115.856 1.8972
113.873 1.8904
111.89 1.8836
109.907 1.8768
107.924 1.87
105.941 1.8632
103.958 1.8564
101.975 1.8496
99.9918 1.8428
98.0087 1.836
96.0257 1.8292
94.0426 1.8224
92.0596 1.8156
90.0765 1.8088
88.0935 1.802
86.1104 1.7952
84.1274 1.7884
82.1444 1.7816
80.1613 1.7748
78.1783 1.768
76.1952 1.7612
74.2122 1.7544
72.2291 1.7476
70.2461 1.7408
68.263 1.734
66.28 1.7272
64.297 1.7204
62.3139 1.7136
60.3309 1.7068
58.3478 1.7
56.3648 1.6932
54.3817 1.6864
52.3987 1.6796
50.4156 1.6728
48.4326 1.666
46.4496 1.6592
44.4665 1.6524
42.4835 1.6456
40.5004 1.6388
38.5174 1.632
36.5343 1.6252
34.5513 1.6184
32.5682 1.6116
30.5852 1.6048
28.6021 1.598
26.6191 1.5912
24.6361 1.5844
22.653 1.5776
20.67 1.5708
18.6869 1.564
16.7039 1.5572
14.7208 1.5504
12.7378 1.5436
10.7547 1.5368
8.7717 1.53
6.78866 1.5232
4.80561 1.5164
2.82257 1.5096
0.839526 1.5028
-0.343608 1.496
-0.939478 1.4892
-1.53535 1.4824
-2.13122 1.4756
-2.72709 1.4688
-3.32296 1.462
-3.91883 1.4552
-4.5147 1.4484
-5.11057 1.4416
-5.70644 1.4348
-6.30231 1.428
-6.89818 1.4212
-7.49405 1.4144
-8.08992 1.4076
-8.68579 1.4008
-9.28166 1.394
-9.87753 1.3872
-10.4734 1.3804
-11.0693 1.3736
-11.6651 1.3668
-12.261 1.36
-12.8569 1.3532
-13.4528 1.3464
-14.0486 1.3396
-14.6445 1.3328
-15.2404 1.326
-15.8362 1.3192
-16.4321 1.3124
-17.028 1.3056
-17.6238 1.2988
-18.2197 1.292
-18.8156 1.2852
-19.4115 1.2784
-20.0073 1.2716
-20.6032 1.2648
-21.1991 1.258
-21.7949 1.2512
-22.3908 1.2444
-22.9867 1.2376
-23.5825 1.2308
-24.1784 1.224
-24.7743 1.2172
-25.3702 1.2104
-25.966 1.2036
-26.5619 1.1968
-27.1578 1.19
-27.7536 1.1832
-28.3495 1.1764
-28.9454 1.1696
-29.5413 1.1628
-30.1371 1.156
-30.733 1.1492
-31.3289 1.1424
-31.9247 1.1356
-32.5206 1.1288
-33.1165 1.122
-33.7123 1.1152
-34.3082 1.1084
-34.9041 1.1016
-35.5 1.0948
-36.0958 1.088
-36.6917 1.0812
-37.2876 1.0744
-37.8834 1.0676
-38.4793 1.0608
-39.0752 1.054
-39.671 1.0472
-40.2669 1.0404
-40.8628 1.0336
-41.4587 1.0268
-42.0545 1.02
-42.6504 1.0132
-43.2463 1.0064
-43.8421 0.9996
-44.438 0.9928
-45.0339 0.986
-45.628 0.9792
-45.9366 0.9724
-46.2452 0.9656
-46.5538 0.9588
-46.8623 0.952
-47.1709 0.9452
-47.4795 0.9384
-47.7881 0.9316
-48.0966 0.9248
-48.4052 0.918
-48.7138 0.9112
-49.0224 0.9044
-49.3309 0.8976
-49.6395 0.8908
-49.9481 0.884
-50.2567 0.8772
-50.5653 0.8704
-50.8738 0.8636
-51.1824 0.8568
-51.491 0.85
-51.7996 0.8432
-52.1081 0.8364
-52.4167 0.8296
-52.7253 0.8228
-53.0339 0.816
-53.3425 0.8092
-53.651 0.8024
-53.9596 0.7956
-54.2682 0.7888
-54.5768 0.782
-54.8853 0.7752
-55.1939 0.7684
-55.5025 0.7616
-55.8111 0.7548
-56.1196 0.748
-56.4282 0.7412
-56.7368 0.7344
-57.0454 0.7276
-57.354 0.7208
-57.6625 0.714
-57.9711 0.7072
-58.2797 0.7004
-58.5883 0.6936
-58.8968 0.6868
-59.2054 0.68
-59.514 0.6732
-59.8226 0.6664
-60.1312 0.6596
-60.4397 0.6528
-60.7483 0.646
-61.0569 0.6392
-61.3655 0.6324
-61.674 0.6256
-61.9826 0.6188
-62.2912 0.612
-62.5998 0.6052
-62.9083 0.5984
-63.2169 0.5916
-63.5255 0.5848
-63.8341 0.578
-64.1427 0.5712
-64.4512 0.5644
-64.7598 0.5576
-65.0684 0.5508
-65.377 0.544
-65.6855 0.5372
-65.9941 0.5304
-66.3027 0.5236
-66.6113 0.5168
-66.9199 0.51
-67.2284 0.5032
-67.537 0.4964
-67.8456 0.4896
-68.1542 0.4828
-68.4627 0.476
-68.7713 0.4692
-69.0799 0.4624
-69.3885 0.4556
-69.697 0.4488
-70.0056 0.442
-70.3142 0.4352
-70.6228 0.4284
-70.9314 0.4216
-71.2399 0.4148
-71.5485 0.408
-71.8571 0.4012
-72.1657 0.3944
-72.4742 0.3876
-72.7828 0.3808
-73.0914 0.374
-73.4 0.3672
-73.7086 0.3604
-74.0171 0.3536
-74.3257 0.3468
-74.6343 0.34
-74.9429 0.3332
-75.2514 0.3264
-75.56 0.3196
-75.8686 0.3128
-76.1772 0.306
-76.4857 0.2992
-76.7943 0.2924
-77.1029 0.2856
-77.4115 0.2788
-77.7201 0.272
-78.0286 0.2652
-78.3372 0.2584
-78.6458 0.2516
-78.9544 0.2448
-79.2629 0.238
-79.5715 0.2312
-79.8801 0.2244
-80.1887 0.2176
-80.4973 0.2108
-80.8058 0.204
-81.1144 0.1972
-81.423 0.1904
-81.7316 0.1836
-82.0401 0.1768
-82.3487 0.17
-82.6573 0.1632
-82.9659 0.1564
-83.2744 0.1496
-83.583 0.1428
-83.8916 0.136
-84.2002 0.1292
-84.5088 0.1224
-84.8173 0.1156
-85.1259 0.1088
-85.4345 0.102
-85.7431 0.0952
-86.0516 0.0884
-86.3602 0.0816
-86.6688 0.0748
-86.9774 0.068
-87.286 0.0612
-87.5945 0.0544
-87.9031 0.0476
-88.2117 0.0408
-88.5203 0.034
-88.8288 0.0272
-89.1374 0.0204
-89.446 0.0136
-89.7546 0.0068
-90.0632 -8.1532e-17
-90.3717 -0.0068
-90.6803 -0.0136
-90.9889 -0.0204
-91.2975 -0.0272
-91.606 -0.034
-91.9146 -0.0408
-92.2232 -0.0476
-92.5318 -0.0544
-92.8403 -0.0612
-93.1489 -0.068
-93.4575 -0.0748
-93.7661 -0.0816
-94.0747 -0.0884
-94.3832 -0.0952
-94.6918 -0.102
-95.0004 -0.1088
-95.309 -0.1156
-95.6175 -0.1224
-95.9261 -0.1292
-96.2347 -0.136
-96.5433 -0.1428
-96.8519 -0.1496
-97.1604 -0.1564
-97.469 -0.1632
-97.7776 -0.17
-98.0862 -0.1768
-98.3947 -0.1836
-98.7033 -0.1904
-99.0119 -0.1972
-99.3205 -0.204
-99.629 -0.2108
-99.9376 -0.2176
-100.246 -0.2244
-100.555 -0.2312
-100.863 -0.238
-101.172 -0.2448
-101.481 -0.2516
-101.789 -0.2584
-102.098 -0.2652
-102.406 -0.272
-102.715 -0.2788
-103.023 -0.2856
-103.332 -0.2924
-103.641 -0.2992
-103.949 -0.306
-104.258 -0.3128
-104.566 -0.3196
-104.875 -0.3264
-105.183 -0.3332
-105.492 -0.34
-105.801 -0.3468
-106.109 -0.3536
-106.418 -0.3604
-106.726 -0.3672
-107.035 -0.374
-107.343 -0.3808
-107.652 -0.3876
-107.961 -0.3944
-108.269 -0.4012
-108.578 -0.408
-108.886 -0.4148
-109.195 -0.4216
-109.504 -0.4284
-109.812 -0.4352
-110.121 -0.442
-110.429 -0.4488
-110.738 -0.4556
-111.046 -0.4624
-111.355 -0.4692
-111.664 -0.476
-111.972 -0.4828
-112.281 -0.4896
-112.589 -0.4964
-112.898 -0.5032
-113.206 -0.51
-113.515 -0.5168
-113.824 -0.5236
-114.132 -0.5304
-114.441 -0.5372
-114.749 -0.544
-115.058 -0.5508
-115.366 -0.5576
-115.675 -0.5644
-115.984 -0.5712
-116.292 -0.578
-116.601 -0.5848
-116.909 -0.5916
-117.218 -0.5984
-117.527 -0.6052
-117.835 -0.612
-118.144 -0.6188
-118.452 -0.6256
-118.761 -0.6324
-119.069 -0.6392
-119.378 -0.646
-119.687 -0.6528
-119.995 -0.6596
-120.304 -0.6664
-120.612 -0.6732
-120.921 -0.68
-121.229 -0.6868
-121.538 -0.6936
-121.847 -0.7004
-122.155 -0.7072
-122.464 -0.714
-122.772 -0.7208
-123.081 -0.7276
-123.389 -0.7344
-123.698 -0.7412
-124.007 -0.748
-124.315 -0.7548
-124.624 -0.7616
-124.932 -0.7684
-125.241 -0.7752
-125.55 -0.782
-125.858 -0.7888
-126.167 -0.7956
-126.475 -0.8024
-126.784 -0.8092
-127.092 -0.816
-127.401 -0.8228
-127.71 -0.8296
-128.018 -0.8364
-128.327 -0.8432
-128.635 -0.85
-128.944 -0.8568
-129.252 -0.8636
-129.561 -0.8704
-129.87 -0.8772
-130.178 -0.884
-130.487 -0.8908
-130.795 -0.8976
-131.104 -0.9044
-131.413 -0.9112
-131.721 -0.918
-132.03 -0.9248
-132.338 -0.9316
-132.647 -0.9384
-132.955 -0.9452
-133.264 -0.952
-133.573 -0.9588
-133.881 -0.9656
-134.19 -0.9724
-134.498 -0.9792
-134.807 -0.986
-135.115 -0.9928
-135.424 -0.9996
-135.733 -1.0064
-136.041 -1.0132
-136.35 -1.02
-136.658 -1.0268
-136.967 -1.0336
-137.275 -1.0404
-137.584 -1.0472
-137.893 -1.054
-138.201 -1.0608
-138.51 -1.0676
-138.818 -1.0744
-139.127 -1.0812
-139.436 -1.088
-139.744 -1.0948
-140.053 -1.1016
-140.361 -1.1084
-140.67 -1.1152
-140.978 -1.122
-141.287 -1.1288
-141.596 -1.1356
-141.904 -1.1424
-142.213 -1.1492
-142.521 -1.156
-142.83 -1.1628
-143.138 -1.1696
-143.447 -1.1764
-143.756 -1.1832
-144.064 -1.19
-144.373 -1.1968
-144.681 -1.2036
-144.99 -1.2104
-145.298 -1.2172
-145.607 -1.224
-145.916 -1.2308
-146.224 -1.2376
-146.533 -1.2444
-146.841 -1.2512
-147.15 -1.258
-147.459 -1.2648
-147.767 -1.2716
-148.076 -1.2784
-148.384 -1.2852
-148.693 -1.292
-149.001 -1.2988
-149.31 -1.3056
-149.619 -1.3124
-149.927 -1.3192
-150.236 -1.326
-150.544 -1.3328
-150.853 -1.3396
-151.161 -1.3464
-151.47 -1.3532
-151.779 -1.36
-152.087 -1.3668
-152.161 -1.3736
-152.235 -1.3804
-152.309 -1.3872
-152.383 -1.394
-152.457 -1.4008
-152.531 -1.4076
-152.605 -1.4144
-152.679 -1.4212
-152.753 -1.428
-152.827 -1.4348
-152.901 -1.4416
-152.975 -1.4484
-153.049 -1.4552
-153.123 -1.462
-153.197 -1.4688
-153.271 -1.4756
-153.344 -1.4824
-153.418 -1.4892
-153.492 -1.496
-153.566 -1.5028
-153.64 -1.5096
-153.714 -1.5164
-153.788 -1.5232
-153.862 -1.53
-153.936 -1.5368
-154.01 -1.5436
-154.084 -1.5504
-154.158 -1.5572
-154.232 -1.564
-154.306 -1.5708
-154.38 -1.5776
-154.454 -1.5844
-154.528 -1.5912
-154.602 -1.598
-154.676 -1.6048
-154.75 -1.6116
-154.824 -1.6184
-154.898 -1.6252
-154.972 -1.632
-155.046 -1.6388
-155.12 -1.6456
-155.193 -1.6524
-155.267 -1.6592
-155.341 -1.666
-155.415 -1.6728
-155.489 -1.6796
-155.563 -1.6864
-155.637 -1.6932
-155.711 -1.7
-155.785 -1.7068
-155.859 -1.7136
-155.933 -1.7204
-156.007 -1.7272
-156.081 -1.734
-156.155 -1.7408
-156.229 -1.7476
-156.303 -1.7544
-156.377 -1.7612
-156.451 -1.768
-156.525 -1.7748
-156.599 -1.7816
-156.673 -1.7884
-156.747 -1.7952
-156.821 -1.802
-156.895 -1.8088
-156.968 -1.8156
-157.042 -1.8224
-157.116 -1.8292
-157.19 -1.836
-157.264 -1.8428
-157.338 -1.8496
-157.412 -1.8564
-157.486 -1.8632
-157.56 -1.87
-157.634 -1.8768
-157.708 -1.8836
-157.782 -1.8904
-157.856 -1.8972
-157.93 -1.904
-158.004 -1.9108
-158.078 -1.9176
-158.152 -1.9244
-158.226 -1.9312
-158.3 -1.938
-158.374 -1.9448
-158.448 -1.9516
-158.522 -1.9584
-158.596 -1.9652
-158.67 -1.972
-158.744 -1.9788
-158.817 -1.9856
-158.891 -1.9924
-158.965 -1.9992
-159.039 -2.006
-159.113 -2.0128
-159.187 -2.0196
-159.261 -2.0264
-159.335 -2.0332
-159.409 -2.04
-159.483 -2.0468
-157.5 -2.04
-155.517 -2.0332
-153.534 -2.0264
-151.551 -2.0196
-149.568 -2.0128
-147.585 -2.006
-145.602 -1.9992
-143.619 -1.9924
-141.636 -1.9856
-139.653 -1.9788
-137.67 -1.972
-135.687 -1.9652
-133.704 -1.9584
-131.72 -1.9516
-129.737 -1.9448
-127.754 -1.938
-125.771 -1.9312
-123.788 -1.9244
-121.805 -1.9176
-119.822 -1.9108
-117.839 -1.904
-115.856 -1.8972
-113.873 -1.8904
-111.89 -1.8836
-109.907 -1.8768
-107.924 -1.87
-105.941 -1.8632
-103.958 -1.8564
-101.975 -1.8496
-99.9918 -1.8428
-98.0087 -1.836
-96.0257 -1.8292
-94.0426 -1.8224
-92.0596 -1.8156
-90.0765 -1.8088
-88.0935 -1.802
-86.1104 -1.7952
-84.1274 -1.7884
-82.1444 -1.7816
-80.1613 -1.7748
-78.1783 -1.768
-76.1952 -1.7612
-74.2122 -1.7544
-72.2291 -1.7476
-70.2461 -1.7408
-68.263 -1.734
-66.28 -1.7272
-64.297 -1.7204
-62.3139 -1.7136
-60.3309 -1.7068
-58.3478 -1.7
-56.3648 -1.6932
-54.3817 -1.6864
-52.3987 -1.6796
-50.4156 -1.6728
-48.4326 -1.666
-46.4496 -1.6592
-44.4665 -1.6524
-42.4835 -1.6456
-40.5004 -1.6388
-38.5174 -1.632
-36.5343 -1.6252
-34.5513 -1.6184
-32.5682 -1.6116
-30.5852 -1.6048
-28.6021 -1.598
-26.6191 -1.5912
-24.6361 -1.5844
-22.653 -1.5776
-20.67 -1.5708
-18.6869 -1.564
-16.7039 -1.5572
-14.7208 -1.5504
-12.7378 -1.5436
-10.7547 -1.5368
-8.7717 -1.53
-6.78866 -1.5232
-4.80561 -1.5164
-2.82257 -1.5096
-0.839526 -1.5028
0.289798 -1.496
0.792353 -1.4892
1.29491 -1.4824
1.79746 -1.4756
2.30002 -1.4688
2.80257 -1.462
3.30513 -1.4552
3.80768 -1.4484
4.31024 -1.4416
4.81279 -1.4348
5.31535 -1.428
5.81791 -1.4212
6.32046 -1.4144
6.82302 -1.4076
7.32557 -1.4008
7.82813 -1.394
8.33068 -1.3872
8.83324 -1.3804
9.33579 -1.3736
9.83835 -1.3668
10.3409 -1.36
10.8435 -1.3532
11.346 -1.3464
11.8486 -1.3396
12.3511 -1.3328
12.8537 -1.326
13.3562 -1.3192
13.8588 -1.3124
14.3613 -1.3056
14.8639 -1.2988
15.3665 -1.292
15.869 -1.2852
16.3716 -1.2784
16.8741 -1.2716
17.3767 -1.2648
17.8792 -1.258
18.3818 -1.2512
18.8843 -1.2444
19.3869 -1.2376
19.8895 -1.2308
20.392 -1.224
20.8946 -1.2172
21.3971 -1.2104
21.8997 -1.2036
22.4022 -1.1968
22.9048 -1.19
23.4073 -1.1832
23.9099 -1.1764
24.4124 -1.1696
24.915 -1.1628
25.4176 -1.156
25.9201 -1.1492
26.4227 -1.1424
26.9252 -1.1356
27.4278 -1.1288
27.9303 -1.122
28.4329 -1.1152
28.9354 -1.1084
29.438 -1.1016
29.9406 -1.0948
30.4431 -1.088
30.9457 -1.0812
31.4482 -1.0744
31.9508 -1.0676
32.4533 -1.0608
32.9559 -1.054
33.4584 -1.0472
33.961 -1.0404
34.4636 -1.0336
34.9661 -1.0268
35.4687 -1.02
35.9712 -1.0132
36.4738 -1.0064
36.9763 -0.9996
37.4789 -0.9928
37.9814 -0.986
38.484 -0.9792
38.9866 -0.9724
39.4891 -0.9656
39.9917 -0.9588
40.4942 -0.952
40.9968 -0.9452
41.4993 -0.9384
42.0019 -0.9316
42.5044 -0.9248
43.007 -0.918
43.5095 -0.9112
44.0121 -0.9044
44.5147 -0.8976
45.0172 -0.8908
45.5198 -0.884
46.0223 -0.8772
46.5249 -0.8704
47.0274 -0.8636
47.53 -0.8568
47.9427 -0.85
48.2045 -0.8432
48.4663 -0.8364
48.7282 -0.8296
48.99 -0.8228
49.2518 -0.816
49.5137 -0.8092
49.7755 -0.8024
50.0373 -0.7956
50.2992 -0.7888
50.561 -0.782
50.8228 -0.7752
51.0847 -0.7684
51.3465 -0.7616
51.6083 -0.7548
51.8702 -0.748
52.132 -0.7412
52.3938 -0.7344
52.6557 -0.7276
52.9175 -0.7208
53.1793 -0.714
53.4411 -0.7072
53.703 -0.7004
53.9648 -0.6936
54.2266 -0.6868
54.4885 -0.68
54.7503 -0.6732
55.0121 -0.6664
55.274 -0.6596
55.5358 -0.6528
55.7976 -0.646
56.0595 -0.6392
56.3213 -0.6324
56.5831 -0.6256
56.845 -0.6188
57.1068 -0.612
57.3686 -0.6052
57.6305 -0.5984
57.8923 -0.5916
58.1541 -0.5848
58.416 -0.578
58.6778 -0.5712
58.9396 -0.5644
59.2015 -0.5576
59.4633 -0.5508
59.7251 -0.544
59.9869 -0.5372
60.2488 -0.5304
60.5106 -0.5236
60.7724 -0.5168
61.0343 -0.51
61.2961 -0.5032
61.5579 -0.4964
61.8198 -0.4896
62.0816 -0.4828
62.3434 -0.476
62.6053 -0.4692
62.8671 -0.4624
63.1289 -0.4556
63.3908 -0.4488
63.6526 -0.442
63.9144 -0.4352
64.1763 -0.4284
64.4381 -0.4216
64.6999 -0.4148
64.9618 -0.408
65.2236 -0.4012
65.4854 -0.3944
65.7472 -0.3876
66.0091 -0.3808
66.2709 -0.374
66.5327 -0.3672
66.7946 -0.3604
67.0564 -0.3536
67.3182 -0.3468
67.5801 -0.34
67.8419 -0.3332
68.1037 -0.3264
68.3656 -0.3196
68.6274 -0.3128
68.8892 -0.306
69.1511 -0.2992
69.4129 -0.2924
69.6747 -0.2856
69.9366 -0.2788
70.1984 -0.272
70.4602 -0.2652
70.7221 -0.2584
70.9839 -0.2516
71.2457 -0.2448
71.5076 -0.238
71.7694 -0.2312
72.0312 -0.2244
72.293 -0.2176
72.5549 -0.2108
72.8167 -0.204
73.0785 -0.1972
73.3404 -0.1904
73.6022 -0.1836
73.864 -0.1768
74.1259 -0.17
74.3877 -0.1632
74.6495 -0.1564
74.9114 -0.1496
75.1732 -0.1428
75.435 -0.136
75.6969 -0.1292
75.9587 -0.1224
76.2205 -0.1156
76.4824 -0.1088
76.7442 -0.102
77.006 -0.0952
77.2679 -0.0884
77.5297 -0.0816
77.7915 -0.0748
78.0534 -0.068
78.3152 -0.0612
78.577 -0.0544
78.8388 -0.0476
79.1007 -0.0408
79.3625 -0.034
79.6243 -0.0272
79.8862 -0.0204
80.148 -0.0136
80.4098 -0.0068
80.6717 -2.498e-16
80.9335 0.0068
81.1953 0.0136
81.4572 0.0204
81.719 0.0272
81.9808 0.034
82.2427 0.0408
82.5045 0.0476
82.7663 0.0544
83.0282 0.0612
83.29 0.068
83.5518 0.0748
83.8137 0.0816
84.0755 0.0884
84.3373 0.0952
84.5992 0.102
84.861 0.1088
85.1228 0.1156
85.3846 0.1224
85.6465 0.1292
85.9083 0.136
86.1701 0.1428
86.432 0.1496
86.6938 0.1564
86.9556 0.1632
87.2175 0.17
87.4793 0.1768
87.7411 0.1836
88.003 0.1904
88.2648 0.1972
88.5266 0.204
88.7885 0.2108
89.0503 0.2176
89.3121 0.2244
89.574 0.2312
89.8358 0.238
90.0976 0.2448
90.3595 0.2516
90.6213 0.2584
90.8831 0.2652
91.1449 0.272
91.4068 0.2788
91.6686 0.2856
91.9304 0.2924
92.1923 0.2992
92.4541 0.306
92.7159 0.3128
92.9778 0.3196
93.2396 0.3264
93.5014 0.3332
93.7633 0.34
94.0251 0.3468
94.2869 0.3536
94.5488 0.3604
94.8106 0.3672
95.0724 0.374
95.3343 0.3808
95.5961 0.3876
95.8579 0.3944
96.1198 0.4012
96.3816 0.408
96.6434 0.4148
96.9053 0.4216
97.1671 0.4284
97.4289 0.4352
97.6907 0.442
97.9526 0.4488
98.2144 0.4556
98.4762 0.4624
98.7381 0.4692
98.9999 0.476
99.2617 0.4828
99.5236 0.4896
99.7854 0.4964
100.047 0.5032
100.309 0.51
100.571 0.5168
100.833 0.5236
101.095 0.5304
101.356 0.5372
101.618 0.544
101.88 0.5508
102.142 0.5576
102.404 0.5644
102.666 0.5712
102.927 0.578
103.189 0.5848
103.451 0.5916
103.713 0.5984
103.975 0.6052
104.237 0.612
104.498 0.6188
104.76 0.6256
105.022 0.6324
105.284 0.6392
105.546 0.646
105.808 0.6528
106.069 0.6596
106.331 0.6664
106.593 0.6732
106.855 0.68
107.117 0.6868
107.379 0.6936
107.64 0.7004
107.902 0.7072
108.164 0.714
108.426 0.7208
108.688 0.7276
108.95 0.7344
109.211 0.7412
109.473 0.748
109.735 0.7548
109.997 0.7616
110.259 0.7684
110.521 0.7752
110.782 0.782
111.044 0.7888
111.306 0.7956
111.568 0.8024
111.83 0.8092
112.092 0.816
112.353 0.8228
112.615 0.8296
112.877 0.8364
113.139 0.8432
113.401 0.85
113.662 0.8568
113.924 0.8636
114.186 0.8704
114.448 0.8772
114.71 0.884
114.972 0.8908
115.233 0.8976
115.495 0.9044
115.757 0.9112
116.019 0.918
116.281 0.9248
116.543 0.9316
116.804 0.9384
117.066 0.9452
117.328 0.952
117.59 0.9588
117.852 0.9656
118.114 0.9724
118.375 0.9792
118.637 0.986
118.899 0.9928
119.161 0.9996
119.423 1.0064
119.685 1.0132
119.946 1.02
120.208 1.0268
120.47 1.0336
120.732 1.0404
120.994 1.0472
121.256 1.054
121.517 1.0608
121.779 1.0676
122.041 1.0744
122.303 1.0812
122.565 1.088
122.827 1.0948
123.088 1.1016
123.35 1.1084
123.612 1.1152
123.874 1.122
124.136 1.1288
124.398 1.1356
124.659 1.1424
124.921 1.1492
125.183 1.156
125.445 1.1628
125.707 1.1696
125.969 1.1764
126.23 1.1832
126.492 1.19
126.754 1.1968
127.016 1.2036
127.278 1.2104
127.54 1.2172
127.801 1.224
128.063 1.2308
128.325 1.2376
128.587 1.2444
128.849 1.2512
129.111 1.258
129.372 1.2648
129.634 1.2716
129.896 1.2784
130.158 1.2852
130.42 1.292
130.682 1.2988
130.943 1.3056
131.205 1.3124
131.467 1.3192
131.729 1.326
131.991 1.3328
132.253 1.3396
132.514 1.3464
132.776 1.3532
133.038 1.36
133.3 1.3668
133.562 1.3736
133.824 1.3804
134.085 1.3872
134.347 1.394
134.609 1.4008
134.871 1.4076
135.133 1.4144
135.395 1.4212
135.656 1.428
135.918 1.4348
136.18 1.4416
136.442 1.4484
136.704 1.4552
136.966 1.462
137.227 1.4688
137.489 1.4756
137.751 1.4824
138.013 1.4892
138.275 1.496
138.537 1.5028
138.798 1.5096
139.06 1.5164
139.322 1.5232
139.584 1.53
139.846 1.5368
140.108 1.5436
140.369 1.5504
140.631 1.5572
140.893 1.564
141.155 1.5708
141.417 1.5776
141.679 1.5844
141.94 1.5912
142.202 1.598
142.464 1.6048
142.726 1.6116
142.988 1.6184
143.25 1.6252
143.511 1.632
143.773 1.6388
144.035 1.6456
144.297 1.6524
144.559 1.6592
144.821 1.666
145.082 1.6728
145.344 1.6796
145.606 1.6864
145.868 1.6932
146.13 1.7
146.391 1.7068
146.653 1.7136
146.915 1.7204
147.177 1.7272
147.439 1.734
147.701 1.7408
147.962 1.7476
148.224 1.7544
148.486 1.7612
148.748 1.768
149.01 1.7748
149.272 1.7816
149.533 1.7884
149.795 1.7952
150.057 1.802
150.319 1.8088
150.581 1.8156
150.843 1.8224
151.104 1.8292
151.366 1.836
151.628 1.8428
151.89 1.8496
152.152 1.8564
152.414 1.8632
152.675 1.87
152.937 1.8768
153.199 1.8836
153.461 1.8904
153.723 1.8972
153.985 1.904
154.246 1.9108
154.508 1.9176
154.77 1.9244
155.032 1.9312
155.294 1.938
155.556 1.9448
155.817 1.9516
156.079 1.9584
156.341 1.9652
156.603 1.972
156.865 1.9788
157.127 1.9856
157.388 1.9924
157.65 1.9992
157.912 2.006
158.174 2.0128
158.436 2.0196
158.698 2.0264
158.959 2.0332
159.221 2.04
159.483 2.0468
157.5 2.04
155.517 2.0332
153.534 2.0264
151.551 2.0196
149.568 2.0128
147.585 2.006
145.602 1.9992
143.619 1.9924
141.636 1.9856
139.653 1.9788
137.67 1.972
135.687 1.9652
133.704 1.9584
131.72 1.9516
129.737 1.9448
127.754 1.938
125.771 1.9312
123.788 1.9244
121.805 1.9176
119.822 1.9108
117.839 1.904
115.856 1.8972
113.873 1.8904
111.89 1.8836
109.907 1.8768
107.924 1.87
105.941 1.8632
103.958 1.8564
101.975 1.8496
99.9918 1.8428
98.0087 1.836
96.0257 1.8292
94.0426 1.8224
92.0596 1.8156
90.0765 1.8088
88.0935 1.802
86.1104 1.7952
84.1274 1.7884
82.1444 1.7816
80.1613 1.7748
78.1783 1.768
76.1952 1.7612
74.2122 1.7544
72.2291 1.7476
70.2461 1.7408
68.263 1.734
66.28 1.7272
64.297 1.7204
62.3139 1.7136
60.3309 1.7068
58.3478 1.7
56.3648 1.6932
54.3817 1.6864
52.3987 1.6796
50.4156 1.6728
48.4326 1.666
46.4496 1.6592
44.4665 1.6524
42.4835 1.6456
40.5004 1.6388
38.5174 1.632
36.5343 1.6252
34.5513 1.6184
32.5682 1.6116
30.5852 1.6048
28.6021 1.598
26.6191 1.5912
24.6361 1.5844
22.653 1.5776
20.67 1.5708
18.6869 1.564
16.7039 1.5572
14.7208 1.5504
12.7378 1.5436
10.7547 1.5368
8.7717 1.53
6.78866 1.5232
4.80561 1.5164
2.82257 1.5096
0.839526 1.5028
-0.289798 1.496
-0.792353 1.4892
-1.29491 1.4824
-1.79746 1.4756
-2.30002 1.4688
-2.80257 1.462
-3.30513 1.4552
-3.80768 1.4484
-4.31024 1.4416
-4.81279 1.4348
-5.31535 1.428
-5.81791 1.4212
-6.32046 1.4144
-6.82302 1.4076
-7.32557 1.4008
-7.82813 1.394
-8.33068 1.3872
-8.83324 1.3804
-9.33579 1.3736
-9.83835 1.3668
-10.3409 1.36
-10.8435 1.3532
-11.346 1.3464
-11.8486 1.3396
-12.3511 1.3328
-12.8537 1.326
-13.3562 1.3192
-13.8588 1.3124
-14.3613 1.3056
-14.8639 1.2988
-15.3665 1.292
-15.869 1.2852
-16.3716 1.2784
-16.8741 1.2716
-17.3767 1.2648
-17.8792 1.258
-18.3818 1.2512
-18.8843 1.2444
-19.3869 1.2376
-19.8895 1.2308
-20.392 1.224
-20.8946 1.2172
-21.3971 1.2104
-21.8997 1.2036
-22.4022 1.1968
-22.9048 1.19
-23.4073 1.1832
-23.9099 1.1764
-24.4124 1.1696
-24.915 1.1628
-25.4176 1.156
-25.9201 1.1492
-26.4227 1.1424
-26.9252 1.1356
-27.4278 1.1288
-27.9303 1.122
-28.4329 1.1152
-28.9354 1.1084
-29.438 1.1016
-29.9406 1.0948
-30.4431 1.088
-30.9457 1.0812
-31.4482 1.0744
-31.9508 1.0676
-32.4533 1.0608
-32.9559 1.054
-33.4584 1.0472
-33.961 1.0404
-34.4636 1.0336
-34.9661 1.0268
-35.4687 1.02
-35.9712 1.0132
-36.4738 1.0064
-36.9763 0.9996
-37.4789 0.9928
-37.9814 0.986
-38.484 0.9792
-38.9866 0.9724
-39.4891 0.9656
-39.9917 0.9588
-40.4942 0.952
-40.9968 0.9452
-41.4993 0.9384
-42.0019 0.9316
-42.5044 0.9248
-43.007 0.918
-43.5095 0.9112
-44.0121 0.9044
-44.5147 0.8976
-45.0172 0.8908
-45.5198 0.884
-46.0223 0.8772
-46.5249 0.8704
-47.0274 0.8636
-47.53 0.8568
-47.9427 0.85
-48.2045 0.8432
-48.4663 0.8364
-48.7282 0.8296
-48.99 0.8228
-49.2518 0.816
-49.5137 0.8092
-49.7755 0.8024
-50.0373 0.7956
-50.2992 0.7888
-50.561 0.782
-50.8228 0.7752
-51.0847 0.7684
-51.3465 0.7616
-51.6083 0.7548
-51.8702 0.748
-52.132 0.7412
-52.3938 0.7344
-52.6557 0.7276
-52.9175 0.7208
-53.1793 0.714
-53.4411 0.7072
-53.703 0.7004
-53.9648 0.6936
-54.2266 0.6868
-54.4885 0.68
-54.7503 0.6732
-55.0121 0.6664
-55.274 0.6596
-55.5358 0.6528
-55.7976 0.646
-56.0595 0.6392
-56.3213 0.6324
-56.5831 0.6256
-56.845 0.6188
-57.1068 0.612
-57.3686 0.6052
-57.6305 0.5984
-57.8923 0.5916
-58.1541 0.5848
-58.416 0.578
-58.6778 0.5712
-58.9396 0.5644
-59.2015 0.5576
-59.4633 0.5508
-59.7251 0.544
-59.9869 0.5372
-60.2488 0.5304
-60.5106 0.5236
-60.7724 0.5168
-61.0343 0.51
-61.2961 0.5032
-61.5579 0.4964
-61.8198 0.4896
-62.0816 0.4828
-62.3434 0.476
-62.6053 0.4692
-62.8671 0.4624
-63.1289 0.4556
-63.3908 0.4488
-63.6526 0.442
-63.9144 0.4352
-64.1763 0.4284
-64.4381 0.4216
-64.6999 0.4148
-64.9618 0.408
-65.2236 0.4012
-65.4854 0.3944
-65.7472 0.3876
-66.0091 0.3808
-66.2709 0.374
-66.5327 0.3672
-66.7946 0.3604
-67.0564 0.3536
-67.3182 0.3468
-67.5801 0.34
-67.8419 0.3332
-68.1037 0.3264
-68.3656 0.3196
-68.6274 0.3128
-68.8892 0.306
-69.1511 0.2992
-69.4129 0.2924
-69.6747 0.2856
-69.9366 0.2788
-70.1984 0.272
-70.4602 0.2652
-70.7221 0.2584
-70.9839 0.2516
-71.2457 0.2448
-71.5076 0.238
-71.7694 0.2312
-72.0312 0.2244
-72.293 0.2176
-72.5549 0.2108
-72.8167 0.204
-73.0785 0.1972
-73.3404 0.1904
-73.6022 0.1836
-73.864 0.1768
-74.1259 0.17
-74.3877 0.1632
-74.6495 0.1564
-74.9114 0.1496
-75.1732 0.1428
-75.435 0.136
-75.6969 0.1292
-75.9587 0.1224
-76.2205 0.1156
-76.4824 0.1088
-76.7442 0.102
-77.006 0.0952
-77.2679 0.0884
-77.5297 0.0816
-77.7915 0.0748
-78.0534 0.068
-78.3152 0.0612
-78.577 0.0544
-78.8388 0.0476
-79.1007 0.0408
-79.3625 0.034
-79.6243 0.0272
-79.8862 0.0204
-80.148 0.0136
-80.4098 0.0068
-80.6717 -3.05311e-16
-80.9335 -0.0068
-81.1953 -0.0136
-81.4572 -0.0204
-81.719 -0.0272
-81.9808 -0.034
-82.2427 -0.0408
-82.5045 -0.0476
-82.7663 -0.0544
-83.0282 -0.0612
-83.29 -0.068
-83.5518 -0.0748
-83.8137 -0.0816
-84.0755 -0.0884
-84.3373 -0.0952
-84.5992 -0.102
-84.861 -0.1088
-85.1228 -0.1156
-85.3846 -0.1224
-85.6465 -0.1292
-85.9083 -0.136
-86.1701 -0.1428
-86.432 -0.1496
-86.6938 -0.1564
-86.9556 -0.1632
-87.2175 -0.17
-87.4793 -0.1768
-87.7411 -0.1836
-88.003 -0.1904
-88.2648 -0.1972
-88.5266 -0.204
-88.7885 -0.2108
-89.0503 -0.2176
-89.3121 -0.2244
-89.574 -0.2312
-89.8358 -0.238
-90.0976 -0.2448
-90.3595 -0.2516
-90.6213 -0.2584
-90.8831 -0.2652
-91.1449 -0.272
-91.4068 -0.2788
-91.6686 -0.2856
-91.9304 -0.2924
-92.1923 -0.2992
-92.4541 -0.306
-92.7159 -0.3128
-92.9778 -0.3196
-93.2396 -0.3264
-93.5014 -0.3332
-93.7633 -0.34
-94.0251 -0.3468
-94.2869 -0.3536
-94.5488 -0.3604
-94.8106 -0.3672
-95.0724 -0.374
-95.3343 -0.3808
-95.5961 -0.3876
-95.8579 -0.3944
-96.1198 -0.4012
-96.3816 -0.408
-96.6434 -0.4148
-96.9053 -0.4216
-97.1671 -0.4284
-97.4289 -0.4352
-97.6907 -0.442
-97.9526 -0.4488
-98.2144 -0.4556
-98.4762 -0.4624
-98.7381 -0.4692
-98.9999 -0.476
-99.2617 -0.4828
-99.5236 -0.4896
-99.7854 -0.4964
-100.047 -0.5032
-100.309 -0.51
-100.571 -0.5168
-100.833 -0.5236
-101.095 -0.5304
-101.356 -0.5372
-101.618 -0.544
-101.88 -0.5508
-102.142 -0.5576
-102.404 -0.5644
-102.666 -0.5712
-102.927 -0.578
-103.189 -0.5848
-103.451 -0.5916
-103.713 -0.5984
-103.975 -0.6052
-104.237 -0.612
-104.498 -0.6188
-104.76 -0.6256
-105.022 -0.6324
-105.284 -0.6392
-105.546 -0.646
-105.808 -0.6528
-106.069 -0.6596
-106.331 -0.6664
-106.593 -0.6732
-106.855 -0.68
-107.117 -0.6868
-107.379 -0.6936
-107.64 -0.7004
-107.902 -0.7072
-108.164 -0.714
-108.426 -0.7208
-108.688 -0.7276
-108.95 -0.7344
-109.211 -0.7412
-109.473 -0.748
-109.735 -0.7548
-109.997 -0.7616
-110.259 -0.7684
-110.521 -0.7752
-110.782 -0.782
-111.044 -0.7888
-111.306 -0.7956
-111.568 -0.8024
-111.83 -0.8092
-112.092 -0.816
-112.353 -0.8228
-112.615 -0.8296
-112.877 -0.8364
-113.139 -0.8432
-113.401 -0.85
-113.662 -0.8568
-113.924 -0.8636
-114.186 -0.8704
-114.448 -0.8772
-114.71 -0.884
-114.972 -0.8908
-115.233 -0.8976
-115.495 -0.9044
-115.757 -0.9112
-116.019 -0.918
-116.281 -0.9248
-116.543 -0.9316
-116.804 -0.9384
-117.066 -0.9452
-117.328 -0.952
-117.59 -0.9588
-117.852 -0.9656
-118.114 -0.9724
-118.375 -0.9792
-118.637 -0.986
-118.899 -0.9928
-119.161 -0.9996
-119.423 -1.0064
-119.685 -1.0132
-119.946 -1.02
-120.208 -1.0268
-120.47 -1.0336
-120.732 -1.0404
-120.994 -1.0472
-121.256 -1.054
-121.517 -1.0608
-121.779 -1.0676
-122.041 -1.0744
-122.303 -1.0812
-122.565 -1.088
-122.827 -1.0948
-123.088 -1.1016
-123.35 -1.1084
-123.612 -1.1152
-123.874 -1.122
-124.136 -1.1288
-124.398 -1.1356
-124.659 -1.1424
-124.921 -1.1492
-125.183 -1.156
-125.445 -1.1628
-125.707 -1.1696
-125.969 -1.1764
-126.23 -1.1832
-126.492 -1.19
-126.754 -1.1968
-127.016 -1.2036
-127.278 -1.2104
-127.54 -1.2172
-127.801 -1.224
-128.063 -1.2308
-128.325 -1.2376
-128.587 -1.2444
-128.849 -1.2512
-129.111 -1.258
-129.372 -1.2648
-129.634 -1.2716
-129.896 -1.2784
-130.158 -1.2852
-130.42 -1.292
-130.682 -1.2988
-130.943 -1.3056
-131.205 -1.3124
-131.467 -1.3192
-131.729 -1.326
-131.991 -1.3328
-132.253 -1.3396
-132.514 -1.3464
-132.776 -1.3532
-133.038 -1.36
-133.3 -1.3668
-133.562 -1.3736
-133.824 -1.3804
-134.085 -1.3872
-134.347 -1.394
-134.609 -1.4008
-134.871 -1.4076
-135.133 -1.4144
-135.395 -1.4212
-135.656 -1.428
-135.918 -1.4348
-136.18 -1.4416
-136.442 -1.4484
-136.704 -1.4552
-136.966 -1.462
-137.227 -1.4688
-137.489 -1.4756
-137.751 -1.4824
-138.013 -1.4892
-138.275 -1.496
-138.537 -1.5028
-138.798 -1.5096
-139.06 -1.5164
-139.322 -1.5232
-139.584 -1.53
-139.846 -1.5368
-140.108 -1.5436
-140.369 -1.5504
-140.631 -1.5572
-140.893 -1.564
-141.155 -1.5708
-141.417 -1.5776
-141.679 -1.5844
-141.94 -1.5912
-142.202 -1.598
-142.464 -1.6048
-142.726 -1.6116
-142.988 -1.6184
-143.25 -1.6252
-143.511 -1.632
-143.773 -1.6388
-144.035 -1.6456
-144.297 -1.6524
-144.559 -1.6592
-144.821 -1.666
-145.082 -1.6728
-145.344 -1.6796
-145.606 -1.6864
-145.868 -1.6932
-146.13 -1.7
-146.391 -1.7068
-146.653 -1.7136
-146.915 -1.7204
-147.177 -1.7272
-147.439 -1.734
-147.701 -1.7408
-147.962 -1.7476
-148.224 -1.7544
-148.486 -1.7612
-148.748 -1.768
-149.01 -1.7748
-149.272 -1.7816
-149.533 -1.7884
-149.795 -1.7952
-150.057 -1.802
-150.319 -1.8088
-150.581 -1.8156
-150.843 -1.8224
-151.104 -1.8292
-151.366 -1.836
-151.628 -1.8428
-151.89 -1.8496
-152.152 -1.8564
-152.414 -1.8632
-152.675 -1.87
-152.937 -1.8768
-153.199 -1.8836
-153.461 -1.8904
-153.723 -1.8972
-153.985 -1.904
-154.246 -1.9108
-154.508 -1.9176
-154.77 -1.9244
-155.032 -1.9312
-155.294 -1.938
-155.556 -1.9448
-155.817 -1.9516
-156.079 -1.9584
-156.341 -1.9652
-156.603 -1.972
-156.865 -1.9788
-157.127 -1.9856
-157.388 -1.9924
-157.65 -1.9992
-157.912 -2.006
-158.174 -2.0128
-158.436 -2.0196
-158.698 -2.0264
-158.959 -2.0332
-159.221 -2.04
-159.483 -2.0468
-157.5 -2.04
-155.517 -2.0332
-153.534 -2.0264
-151.551 -2.0196
-149.568 -2.0128
-147.585 -2.006
-145.602 -1.9992
-143.619 -1.9924
-141.636 -1.9856
-139.653 -1.9788
-137.67 -1.972
-135.687 -1.9652
-133.704 -1.9584
-131.72 -1.9516
-129.737 -1.9448
-127.754 -1.938
-125.771 -1.9312
-123.788 -1.9244
-121.805 -1.9176
-119.822 -1.9108
-117.839 -1.904
-115.856 -1.8972
-113.873 -1.8904
-111.89 -1.8836
-109.907 -1.8768
-107.924 -1.87
-105.941 -1.8632
-103.958 -1.8564
-101.975 -1.8496
-99.9918 -1.8428
-98.0087 -1.836
-96.0257 -1.8292
-94.0426 -1.8224
-92.0596 -1.8156
-90.0765 -1.8088
-88.0935 -1.802
-86.1104 -1.7952
-84.1274 -1.7884
-82.1444 -1.7816
-80.1613 -1.7748
-78.1783 -1.768
-76.1952 -1.7612
-74.2122 -1.7544
-72.2291 -1.7476
-70.2461 -1.7408
-68.263 -1.734
-66.28 -1.7272
-64.297 -1.7204
-62.3139 -1.7136
-60.3309 -1.7068
-58.3478 -1.7
-56.3648 -1.6932
-54.3817 -1.6864
-52.3987 -1.6796
-50.4156 -1.6728
-48.4326 -1.666
-46.4496 -1.6592
-44.4665 -1.6524
-42.4835 -1.6456
-40.5004 -1.6388
-38.5174 -1.632
-36.5343 -1.6252
-34.5513 -1.6184
-32.5682 -1.6116
-30.5852 -1.6048
-28.6021 -1.598
-26.6191 -1.5912
-24.6361 -1.5844
-22.653 -1.5776
-20.67 -1.5708
-18.6869 -1.564
-16.7039 -1.5572
-14.7208 -1.5504
-12.7378 -1.5436
-10.7547 -1.5368
-8.7717 -1.53
-6.78866 -1.5232
-4.80561 -1.5164
-2.82257 -1.5096
-0.839526 -1.5028
0.289798 -1.496
0.792353 -1.4892
1.29491 -1.4824
1.79746 -1.4756
2.30002 -1.4688
2.80257 -1.462
3.30513 -1.4552
3.80768 -1.4484
4.31024 -1.4416
4.81279 -1.4348
5.31535 -1.428
5.81791 -1.4212
6.32046 -1.4144
6.82302 -1.4076
7.32557 -1.4008
7.82813 -1.394
8.33068 -1.3872
8.83324 -1.3804
9.33579 -1.3736
9.83835 -1.3668
10.3409 -1.36
10.8435 -1.3532
11.346 -1.3464
11.8486 -1.3396
12.3511 -1.3328
12.8537 -1.326
13.3562 -1.3192
13.8588 -1.3124
14.3613 -1.3056
14.8639 -1.2988
15.3665 -1.292
15.869 -1.2852
16.3716 -1.2784
16.8741 -1.2716
17.3767 -1.2648
17.8792 -1.258
18.3818 -1.2512
18.8843 -1.2444
19.3869 -1.2376
19.8895 -1.2308
20.392 -1.224
20.8946 -1.2172
21.3971 -1.2104
21.8997 -1.2036
22.4022 -1.1968
22.9048 -1.19
23.4073 -1.1832
23.9099 -1.1764
24.4124 -1.1696
24.915 -1.1628
25.4176 -1.156
25.9201 -1.1492
26.4227 -1.1424
26.9252 -1.1356
27.4278 -1.1288
27.9303 -1.122
28.4329 -1.1152
28.9354 -1.1084
29.438 -1.1016
29.9406 -1.0948
30.4431 -1.088
30.9457 -1.0812
31.4482 -1.0744
31.9508 -1.0676
32.4533 -1.0608
32.9559 -1.054
33.4584 -1.0472
33.961 -1.0404
34.4636 -1.0336
34.9661 -1.0268
35.4687 -1.02
35.9712 -1.0132
36.4738 -1.0064
36.9763 -0.9996
37.4789 -0.9928
37.9814 -0.986
38.484 -0.9792
38.9866 -0.9724
39.4891 -0.9656
39.9917 -0.9588
40.4942 -0.952
40.9968 -0.9452
41.4993 -0.9384
42.0019 -0.9316
42.5044 -0.9248
43.007 -0.918
43.5095 -0.9112
44.0121 -0.9044
44.5147 -0.8976
45.0172 -0.8908
45.5198 -0.884
46.0223 -0.8772
46.5249 -0.8704
47.0274 -0.8636
47.53 -0.8568
47.9427 -0.85
48.2045 -0.8432
48.4663 -0.8364
48.7282 -0.8296
48.99 -0.8228
49.2518 -0.816
49.5137 -0.8092
49.7755 -0.8024
50.0373 -0.7956
50.2992 -0.7888
50.561 -0.782
50.8228 -0.7752
51.0847 -0.7684
51.3465 -0.7616
51.6083 -0.7548
51.8702 -0.748
52.132 -0.7412
52.3938 -0.7344
52.6557 -0.7276
52.9175 -0.7208
53.1793 -0.714
53.4411 -0.7072
53.703 -0.7004
53.9648 -0.6936
54.2266 -0.6868
54.4885 -0.68
54.7503 -0.6732
55.0121 -0.6664
55.274 -0.6596
55.5358 -0.6528
55.7976 -0.646
56.0595 -0.6392
56.3213 -0.6324
56.5831 -0.6256
56.845 -0.6188
57.1068 -0.612
57.3686 -0.6052
57.6305 -0.5984
57.8923 -0.5916
58.1541 -0.5848
58.416 -0.578
58.6778 -0.5712
58.9396 -0.5644
59.2015 -0.5576
59.4633 -0.5508
59.7251 -0.544
59.9869 -0.5372
60.2488 -0.5304
60.5106 -0.5236
60.7724 -0.5168
61.0343 -0.51
61.2961 -0.5032
61.5579 -0.4964
61.8198 -0.4896
62.0816 -0.4828
62.3434 -0.476
62.6053 -0.4692
62.8671 -0.4624
63.1289 -0.4556
63.3908 -0.4488
63.6526 -0.442
63.9144 -0.4352
64.1763 -0.4284
64.4381 -0.4216
64.6999 -0.4148
64.9618 -0.408
65.2236 -0.4012
65.4854 -0.3944
65.7472 -0.3876
66.0091 -0.3808
66.2709 -0.374
66.5327 -0.3672
66.7946 -0.3604
67.0564 -0.3536
67.3182 -0.3468
67.5801 -0.34
67.8419 -0.3332
68.1037 -0.3264
68.3656 -0.3196
68.6274 -0.3128
68.8892 -0.306
69.1511 -0.2992
69.4129 -0.2924
69.6747 -0.2856
69.9366 -0.2788
70.1984 -0.272
70.4602 -0.2652
70.7221 -0.2584
70.9839 -0.2516
71.2457 -0.2448
71.5076 -0.238
71.7694 -0.2312
72.0312 -0.2244
72.293 -0.2176
72.5549 -0.2108
72.8167 -0.204
73.0785 -0.1972
73.3404 -0.1904
73.6022 -0.1836
73.864 -0.1768
74.1259 -0.17
74.3877 -0.1632
74.6495 -0.1564
74.9114 -0.1496
75.1732 -0.1428
75.435 -0.136
75.6969 -0.1292
75.9587 -0.1224
76.2205 -0.1156
76.4824 -0.1088
76.7442 -0.102
77.006 -0.0952
77.2679 -0.0884
77.5297 -0.0816
77.7915 -0.0748
78.0534 -0.068
78.3152 -0.0612
78.577 -0.0544
78.8388 -0.0476
79.1007 -0.0408
79.3625 -0.034
79.6243 -0.0272
79.8862 -0.0204
80.148 -0.0136
80.4098 -0.0068
80.6717 -5.82867e-16
80.9335 0.0068
