-0.200858 -2.95405e-05
-0.195754 -2.87954e-05
-0.100868 -1.49435e-05
-0.00830966 -1.43125e-06
0.158664 0.000100909
0.0950818 0.000231726
0.0473587 0.000115311
-0.0049458 -9.36609e-07
-0.102419 -1.5168e-05
-0.195625 -2.87765e-05
-0.101852 -1.5087e-05
-0.00473135 -9.08773e-07
0.0472856 0.000115133
0.0950817 0.000231727
0.0473584 0.000115311
-0.00494561 -9.36581e-07
-0.102332 -1.51554e-05
-0.195622 -2.8776e-05
-0.101824 -1.50829e-05
-0.00473247 -9.08937e-07
0.0472856 0.000115133
0.0950817 0.000231727
0.0473583 0.000115311
-0.00494515 -9.36514e-07
-0.102331 -1.51552e-05
-0.195622 -2.8776e-05
-0.189767 -2.79213e-05
-0.215622 -3.17293e-05
-0.163159 -2.40706e-05
-0.111502 -1.65294e-05
-0.0602187 -9.04274e-06
-0.00462871 -9.27411e-07
0.0472984 0.000115132
0.0950647 0.000231729
0.031395 0.000362726
0 0.000489554
0 0.000366755
0 0.000243984
0 0.000121214
-0.00475927 -9.42049e-07
-0.0602211 -9.03982e-06
-0.111471 -1.65226e-05
-0.162721 -2.40055e-05
-0.213971 -3.14883e-05
-0.16272 -2.40064e-05
-0.111469 -1.65245e-05
-0.0602185 -9.04268e-06
-0.00472947 -9.42087e-07
0 0.000121216
0 0.000243986
0 0.000366756
0 0.000489525
0 0.000366754
0 0.000243984
0 0.000121213
-0.00476073 -9.42263e-07
-0.0602211 -9.03982e-06
-0.111471 -1.65226e-05
-0.162721 -2.40055e-05
-0.213971 -3.14883e-05
-0.16272 -2.40064e-05
-0.111469 -1.65245e-05
-0.0602185 -9.04268e-06
-0.00473089 -9.42294e-07
0 0.000121216
0 0.000243986
0 0.000366755
0 0.000489525
0 0.000366754
0 0.000243984
0 0.000121213
-0.00476073 -9.42263e-07
-0.0602211 -9.03982e-06
-0.111471 -1.65226e-05
-0.162721 -2.40055e-05
-0.213971 -3.14883e-05
-0.265119 -3.90855e-05
-0.316241 -4.67121e-05
-0.36734 -5.43652e-05
-0.418415 -6.20449e-05
-0.469466 -6.97515e-05
-0.520493 -7.74853e-05
-0.571495 -8.52467e-05
-0.622473 -9.30358e-05
-0.571222 -8.5554e-05
-0.519971 -7.80721e-05
-0.46872 -7.05902e-05
-0.417469 -6.31084e-05
-0.366219 -5.56265e-05
-0.314968 -4.81446e-05
-0.263717 -4.06627e-05
-0.212466 -3.31809e-05
-0.161215 -2.5699e-05
-0.109964 -1.82171e-05
-0.0587137 -1.07353e-05
0 -1.84022e-06
0 0.000121575
0 0.000244272
0 0.000366949
0 0.000489622
0 0.000612204
0 0.000734804
0 0.000857402
0 0.000979974
0 0.00110252
0 0.00122504
0 0.00134753
0 0.00146999
0 0.00134722
0 0.00122445
0 0.00110168
0 0.000978911
0 0.00085614
0 0.00073337
0 0.000610599
0 0.000487829
0 0.000365058
0 0.000242288
0 0.000119517
-0.00435055 -2.69123e-06
-0.058791 -1.06482e-05
-0.110035 -1.8138e-05
-0.161279 -2.56278e-05
-0.212522 -3.31176e-05
-0.263766 -4.06074e-05
-0.31501 -4.80972e-05
-0.366254 -5.55869e-05
-0.417498 -6.30767e-05
-0.468741 -7.05665e-05
-0.519985 -7.80563e-05
-0.571229 -8.55461e-05
-0.622473 -9.30358e-05
-0.571222 -8.5554e-05
-0.519971 -7.80721e-05
-0.46872 -7.05902e-05
-0.417469 -6.31084e-05
-0.366219 -5.56265e-05
-0.314968 -4.81446e-05
-0.263717 -4.06627e-05
-0.212466 -3.31809e-05
-0.161215 -2.5699e-05
-0.109964 -1.82171e-05
-0.0587137 -1.07353e-05
-0.0036121 -2.69123e-06
0 0.000119604
0 0.000242367
0 0.000365129
0 0.000487892
0 0.000610655
0 0.000733417
0 0.00085618
0 0.000978943
0 0.00110171
0 0.00122447
0 0.00134723
0 0.00146999
0 0.00134722
0 0.00122445
0 0.00110168
0 0.000978911
0 0.00085614
0 0.00073337
0 0.000610599
0 0.000487829
0 0.000365058
0 0.000242288
0 0.000119517
-0.00435055 -2.69123e-06
-0.058791 -1.06482e-05
-0.110035 -1.8138e-05
-0.161279 -2.56278e-05
-0.212522 -3.31176e-05
-0.263766 -4.06074e-05
-0.31501 -4.80972e-05
-0.366254 -5.55869e-05
-0.417498 -6.30767e-05
-0.468741 -7.05665e-05
-0.519985 -7.80563e-05
-0.571229 -8.55461e-05
-0.622473 -9.30358e-05
-0.571222 -8.5554e-05
-0.519971 -7.80721e-05
-0.46872 -7.05902e-05
-0.417469 -6.31084e-05
-0.366219 -5.56265e-05
-0.314968 -4.81446e-05
-0.263717 -4.06627e-05
-0.212466 -3.31809e-05
-0.161215 -2.5699e-05
-0.109964 -1.82171e-05
-0.0587137 -1.07353e-05
-0.0036121 -2.69123e-06
0 0.000119604
0 0.000242367
0 0.000365129
0 0.000487892
0 0.000610655
0 0.000733417
0 0.00085618
0 0.000978943
0 0.00110171
0 0.00122447
0 0.00134723
0 0.00146999
0 0.00134722
0 0.00122445
0 0.00110168
0 0.000978911
0 0.00085614
0 0.00073337
0 0.000610599
0 0.000487829
0 0.000365058
0 0.000242288
0 0.000119517
-0.00435055 -2.69123e-06
-0.058791 -1.06482e-05
-0.110035 -1.8138e-05
-0.161279 -2.56278e-05
-0.212522 -3.31176e-05
-0.263766 -4.06074e-05
-0.31501 -4.80972e-05
-0.366254 -5.55869e-05
-0.417498 -6.30767e-05
-0.468741 -7.05665e-05
-0.519985 -7.80563e-05
-0.571229 -8.55461e-05
-0.622473 -9.30358e-05
-0.673425 -0.000100853
-0.724353 -0.000108699
-0.775255 -0.000116573
-0.826131 -0.000124477
-0.87698 -0.000132409
-0.927804 -0.000140372
-0.978601 -0.000148364
-1.02937 -0.000156387
-0.97812 -0.000148905
-0.926869 -0.000141424
-0.875618 -0.000133942
-0.824367 -0.00012646
-0.773116 -0.000118978
-0.721866 -0.000111496
-0.670615 -0.000104014
-0.619364 -9.65324e-05
-0.568113 -8.90505e-05
-0.516862 -8.15686e-05
-0.465612 -7.40867e-05
-0.414361 -6.66049e-05
-0.36311 -5.9123e-05
-0.311859 -5.16411e-05
-0.260608 -4.41592e-05
-0.209357 -3.66774e-05
-0.158107 -2.91955e-05
-0.106856 -2.17136e-05
-0.055605 -1.42318e-05
0 -4.54707e-06
0 0.000119588
0 0.000242368
0 0.000365129
0 0.000487892
0 0.000610655
0 0.000733417
0 0.00085618
0 0.000978943
0 0.00110171
0 0.00122447
0 0.00134723
0 0.00146999
0 0.00159243
0 0.00171483
0 0.00183721
0 0.00195956
0 0.00208188
0 0.00220417
0 0.00232643
0 0.00244866
0 0.00232589
0 0.00220312
0 0.00208035
0 0.00195758
0 0.00183481
0 0.00171204
0 0.00158927
0 0.0014665
0 0.00134373
0 0.00122096
0 0.00109818
0 0.000975414
0 0.000852644
0 0.000729873
0 0.000607103
0 0.000484332
0 0.000361562
0 0.000238791
0 0.000116021
-0.00408736 -6.22175e-06
-0.0578744 -1.40995e-05
-0.10647 -2.1217e-05
-0.158256 -2.88016e-05
-0.209656 -3.63298e-05
-0.260897 -4.38347e-05
-0.312128 -5.13382e-05
-0.36336 -5.88417e-05
-0.414592 -6.63452e-05
-0.465823 -7.38487e-05
-0.517055 -8.13522e-05
-0.568286 -8.88558e-05
-0.619518 -9.63593e-05
-0.670749 -0.000103863
-0.721981 -0.000111366
-0.773213 -0.00011887
-0.824444 -0.000126373
-0.875676 -0.000133877
-0.926907 -0.00014138
-0.978139 -0.000148884
-1.02937 -0.000156387
-0.97812 -0.000148905
-0.926869 -0.000141424
-0.875618 -0.000133942
-0.824367 -0.00012646
-0.773116 -0.000118978
-0.721866 -0.000111496
-0.670615 -0.000104014
-0.619364 -9.65324e-05
-0.568113 -8.90505e-05
-0.516862 -8.15686e-05
-0.465612 -7.40867e-05
-0.414361 -6.66049e-05
-0.36311 -5.9123e-05
-0.311859 -5.16411e-05
-0.260608 -4.41592e-05
-0.209357 -3.66774e-05
-0.158107 -2.91955e-05
-0.106856 -2.17136e-05
-0.055605 -1.42318e-05
-0.00204368 -6.22175e-06
0 0.000115944
0 0.000238636
0 0.000361068
0 0.000484664
0 0.000607428
0 0.000730176
0 0.000852925
0 0.000975674
0 0.00109842
0 0.00122117
0 0.00134392
0 0.00146667
0 0.00158942
0 0.00171217
0 0.00183492
0 0.00195767
0 0.00208041
0 0.00220316
0 0.00232591
0 0.00244866
0 0.00232589
0 0.00220312
0 0.00208035
0 0.00195758
0 0.00183481
0 0.00171204
0 0.00158927
0 0.0014665
0 0.00134373
0 0.00122096
0 0.00109818
0 0.000975414
0 0.000852644
0 0.000729873
0 0.000607103
0 0.000484332
0 0.000361562
0 0.000238791
0 0.000116021
-0.00408736 -6.22175e-06
-0.0578744 -1.40995e-05
-0.10647 -2.1217e-05
-0.158256 -2.88016e-05
-0.209656 -3.63298e-05
-0.260897 -4.38347e-05
-0.312128 -5.13382e-05
-0.36336 -5.88417e-05
-0.414592 -6.63452e-05
-0.465823 -7.38487e-05
-0.517055 -8.13522e-05
-0.568286 -8.88558e-05
-0.619518 -9.63593e-05
-0.670749 -0.000103863
-0.721981 -0.000111366
-0.773213 -0.00011887
-0.824444 -0.000126373
-0.875676 -0.000133877
-0.926907 -0.00014138
-0.978139 -0.000148884
-1.02937 -0.000156387
-0.97812 -0.000148905
-0.926869 -0.000141424
-0.875618 -0.000133942
-0.824367 -0.00012646
-0.773116 -0.000118978
-0.721866 -0.000111496
-0.670615 -0.000104014
-0.619364 -9.65324e-05
-0.568113 -8.90505e-05
-0.516862 -8.15686e-05
-0.465612 -7.40867e-05
-0.414361 -6.66049e-05
-0.36311 -5.9123e-05
-0.311859 -5.16411e-05
-0.260608 -4.41592e-05
-0.209357 -3.66774e-05
-0.158107 -2.91955e-05
-0.106856 -2.17136e-05
-0.055605 -1.42318e-05
-0.00204368 -6.22175e-06
0 0.000115944
0 0.000238636
0 0.000361068
0 0.000484664
0 0.000607428
0 0.000730176
0 0.000852925
0 0.000975674
0 0.00109842
0 0.00122117
0 0.00134392
0 0.00146667
0 0.00158942
0 0.00171217
0 0.00183492
0 0.00195767
0 0.00208041
0 0.00220316
0 0.00232591
0 0.00244866
0 0.00232589
0 0.00220312
0 0.00208035
0 0.00195758
0 0.00183481
0 0.00171204
0 0.00158927
0 0.0014665
0 0.00134373
0 0.00122096
0 0.00109818
0 0.000975414
0 0.000852644
0 0.000729873
0 0.000607103
0 0.000484332
0 0.000361562
0 0.000238791
0 0.000116021
-0.00408736 -6.22175e-06
-0.0578744 -1.40995e-05
-0.10647 -2.1217e-05
-0.158256 -2.88016e-05
-0.209656 -3.63298e-05
-0.260897 -4.38347e-05
-0.312128 -5.13382e-05
-0.36336 -5.88417e-05
-0.414592 -6.63452e-05
-0.465823 -7.38487e-05
-0.517055 -8.13522e-05
-0.568286 -8.88558e-05
-0.619518 -9.63593e-05
-0.670749 -0.000103863
-0.721981 -0.000111366
-0.773213 -0.00011887
-0.824444 -0.000126373
-0.875676 -0.000133877
-0.926907 -0.00014138
-0.978139 -0.000148884
-1.02937 -0.000156387
-1.08011 -0.000164441
-1.13083 -0.000172526
-1.18151 -0.000180642
-1.23217 -0.00018879
-1.2828 -0.00019697
-1.3334 -0.000205183
-1.38398 -0.000213428
-1.43452 -0.000221707
-1.48503 -0.00023002
-1.53551 -0.000238367
-1.48426 -0.000230885
-1.43301 -0.000223403
-1.38176 -0.000215921
-1.33051 -0.00020844
-1.27926 -0.000200958
-1.22801 -0.000193476
-1.17676 -0.000185994
-1.12551 -0.000178512
-1.07425 -0.00017103
-1.023 -0.000163548
-0.971753 -0.000156066
-0.920502 -0.000148585
-0.869251 -0.000141103
-0.818001 -0.000133621
-0.76675 -0.000126139
-0.715499 -0.000118657
-0.664248 -0.000111175
-0.612997 -0.000103693
-0.561746 -9.62115e-05
-0.510496 -8.87296e-05
-0.459245 -8.12477e-05
-0.407994 -7.37659e-05
-0.356743 -6.6284e-05
-0.305492 -5.88021e-05
-0.254241 -5.13203e-05
-0.202991 -4.38384e-05
-0.15174 -3.63565e-05
-0.100489 -2.88746e-05
-0.0492382 -2.13928e-05
0 -6.31717e-06
0 0.000116432
0 0.000239181
0 0.00036193
0 0.000484678
0 0.000607427
0 0.000730176
0 0.000852925
0 0.000975674
0 0.00109842
0 0.00122117
0 0.00134392
0 0.00146667
0 0.00158942
0 0.00171217
0 0.00183492
0 0.00195767
0 0.00208041
0 0.00220316
0 0.00232591
0 0.00244866
0 0.00257086
0 0.00269303
0 0.00281516
0 0.00293727
0 0.00305934
0 0.00318138
0 0.00330339
0 0.00342536
0 0.0035473
0 0.00366921
0 0.00354643
0 0.00342366
0 0.00330089
0 0.00317812
0 0.00305535
0 0.00293258
0 0.00280981
0 0.00268704
0 0.00256427
0 0.0024415
0 0.00231873
0 0.00219596
0 0.00207319
0 0.00195042
0 0.00182765
0 0.00170488
0 0.00158211
0 0.00145934
0 0.00133656
0 0.00121379
0 0.00109102
0 0.000968253
0 0.000845483
0 0.000722712
0 0.000599942
0 0.000477171
0 0.000354401
0 0.00023163
0 0.00010886
0 -1.24935e-05
-0.050463 -1.9988e-05
-0.101692 -2.75213e-05
-0.1529 -3.50515e-05
-0.204108 -4.25817e-05
-0.255316 -5.01119e-05
-0.306524 -5.76421e-05
-0.357731 -6.51723e-05
-0.408939 -7.27025e-05
-0.460147 -8.02328e-05
-0.511355 -8.7763e-05
-0.562563 -9.52932e-05
-0.613771 -0.000102823
-0.664979 -0.000110354
-0.716186 -0.000117884
-0.767394 -0.000125414
-0.818602 -0.000132944
-0.86981 -0.000140474
-0.921018 -0.000148005
-0.972226 -0.000155535
-1.02343 -0.000163065
-1.07464 -0.000170595
-1.12585 -0.000178125
-1.17706 -0.000185656
-1.22826 -0.000193186
-1.27947 -0.000200716
-1.33068 -0.000208246
-1.38189 -0.000215776
-1.4331 -0.000223307
-1.4843 -0.000230837
-1.53551 -0.000238367
-1.48426 -0.000230885
-1.43301 -0.000223403
-1.38176 -0.000215921
-1.33051 -0.00020844
-1.27926 -0.000200958
-1.22801 -0.000193476
-1.17676 -0.000185994
-1.12551 -0.000178512
-1.07425 -0.00017103
-1.023 -0.000163548
-0.971753 -0.000156066
-0.920502 -0.000148585
-0.869251 -0.000141103
-0.818001 -0.000133621
-0.76675 -0.000126139
-0.715499 -0.000118657
-0.664248 -0.000111175
-0.612997 -0.000103693
-0.561746 -9.62115e-05
-0.510496 -8.87296e-05
-0.459245 -8.12477e-05
-0.407994 -7.37659e-05
-0.356743 -6.6284e-05
-0.305492 -5.88021e-05
-0.254241 -5.13203e-05
-0.202991 -4.38384e-05
-0.15174 -3.63565e-05
-0.100489 -2.88746e-05
-0.0492382 -2.13928e-05
0 -1.24935e-05
0 0.000110265
0 0.000232984
0 0.000355706
0 0.000478428
0 0.00060115
0 0.000723872
0 0.000846595
0 0.000969317
0 0.00109204
0 0.00121476
0 0.00133748
0 0.00146021
0 0.00158293
0 0.00170565
0 0.00182837
0 0.00195109
0 0.00207382
0 0.00219654
0 0.00231926
0 0.00244198
0 0.00256471
0 0.00268743
0 0.00281015
0 0.00293287
0 0.00305559
0 0.00317832
0 0.00330104
0 0.00342376
0 0.00354648
0 0.00366921
0 0.00354643
0 0.00342366
0 0.00330089
0 0.00317812
0 0.00305535
0 0.00293258
0 0.00280981
0 0.00268704
0 0.00256427
0 0.0024415
0 0.00231873
0 0.00219596
0 0.00207319
0 0.00195042
0 0.00182765
0 0.00170488
0 0.00158211
0 0.00145934
0 0.00133656
0 0.00121379
0 0.00109102
0 0.000968253
0 0.000845483
0 0.000722712
0 0.000599942
0 0.000477171
0 0.000354401
0 0.00023163
0 0.00010886
0 -1.24935e-05
-0.050463 -1.9988e-05
-0.101692 -2.75213e-05
-0.1529 -3.50515e-05
-0.204108 -4.25817e-05
-0.255316 -5.01119e-05
-0.306524 -5.76421e-05
-0.357731 -6.51723e-05
-0.408939 -7.27025e-05
-0.460147 -8.02328e-05
-0.511355 -8.7763e-05
-0.562563 -9.52932e-05
-0.613771 -0.000102823
-0.664979 -0.000110354
-0.716186 -0.000117884
-0.767394 -0.000125414
-0.818602 -0.000132944
-0.86981 -0.000140474
-0.921018 -0.000148005
-0.972226 -0.000155535
-1.02343 -0.000163065
-1.07464 -0.000170595
-1.12585 -0.000178125
-1.17706 -0.000185656
-1.22826 -0.000193186
-1.27947 -0.000200716
-1.33068 -0.000208246
-1.38189 -0.000215776
-1.4331 -0.000223307
-1.4843 -0.000230837
-1.53551 -0.000238367
-1.48426 -0.000230885
-1.43301 -0.000223403
-1.38176 -0.000215921
-1.33051 -0.00020844
-1.27926 -0.000200958
-1.22801 -0.000193476
-1.17676 -0.000185994
-1.12551 -0.000178512
-1.07425 -0.00017103
-1.023 -0.000163548
-0.971753 -0.000156066
-0.920502 -0.000148585
-0.869251 -0.000141103
-0.818001 -0.000133621
-0.76675 -0.000126139
-0.715499 -0.000118657
-0.664248 -0.000111175
-0.612997 -0.000103693
-0.561746 -9.62115e-05
-0.510496 -8.87296e-05
-0.459245 -8.12477e-05
-0.407994 -7.37659e-05
-0.356743 -6.6284e-05
-0.305492 -5.88021e-05
-0.254241 -5.13203e-05
-0.202991 -4.38384e-05
-0.15174 -3.63565e-05
-0.100489 -2.88746e-05
-0.0492382 -2.13928e-05
0 -1.24935e-05
0 0.000110265
0 0.000232984
0 0.000355706
0 0.000478428
0 0.00060115
0 0.000723872
0 0.000846595
0 0.000969317
0 0.00109204
0 0.00121476
0 0.00133748
0 0.00146021
0 0.00158293
0 0.00170565
0 0.00182837
0 0.00195109
0 0.00207382
0 0.00219654
0 0.00231926
0 0.00244198
0 0.00256471
0 0.00268743
0 0.00281015
0 0.00293287
0 0.00305559
0 0.00317832
0 0.00330104
0 0.00342376
0 0.00354648
0 0.00366921
0 0.00354643
0 0.00342366
0 0.00330089
0 0.00317812
0 0.00305535
0 0.00293258
0 0.00280981
0 0.00268704
0 0.00256427
0 0.0024415
0 0.00231873
0 0.00219596
0 0.00207319
0 0.00195042
0 0.00182765
0 0.00170488
0 0.00158211
0 0.00145934
0 0.00133656
0 0.00121379
0 0.00109102
0 0.000968253
0 0.000845483
0 0.000722712
0 0.000599942
0 0.000477171
0 0.000354401
0 0.00023163
0 0.00010886
0 -1.24935e-05
-0.050463 -1.9988e-05
-0.101692 -2.75213e-05
-0.1529 -3.50515e-05
-0.204108 -4.25817e-05
-0.255316 -5.01119e-05
-0.306524 -5.76421e-05
-0.357731 -6.51723e-05
-0.408939 -7.27025e-05
-0.460147 -8.02328e-05
-0.511355 -8.7763e-05
-0.562563 -9.52932e-05
-0.613771 -0.000102823
-0.664979 -0.000110354
-0.716186 -0.000117884
-0.767394 -0.000125414
-0.818602 -0.000132944
-0.86981 -0.000140474
-0.921018 -0.000148005
-0.972226 -0.000155535
-1.02343 -0.000163065
-1.07464 -0.000170595
-1.12585 -0.000178125
-1.17706 -0.000185656
-1.22826 -0.000193186
-1.27947 -0.000200716
-1.33068 -0.000208246
-1.38189 -0.000215776
-1.4331 -0.000223307
-1.4843 -0.000230837
-1.53551 -0.000238367
-1.58596 -0.000246748
-1.6095 -0.000250673
-1.61043 -0.000250828
-1.61132 -0.000250977
-1.61222 -0.000251127
-1.61311 -0.000251276
-1.61401 -0.000251425
-1.6149 -0.000251575
-1.6158 -0.000251724
-1.61669 -0.000251874
-1.56544 -0.000244392
-1.51419 -0.00023691
-1.46294 -0.000229428
-1.41169 -0.000221946
-1.36044 -0.000214464
-1.30919 -0.000206982
-1.25794 -0.0001995
-1.20669 -0.000192019
-1.15543 -0.000184537
-1.10418 -0.000177055
-1.05293 -0.000169573
-1.00168 -0.000162091
-0.950431 -0.000154609
-0.899181 -0.000147127
-0.84793 -0.000139645
-0.796679 -0.000132164
-0.745428 -0.000124682
-0.694177 -0.0001172
-0.642926 -0.000109718
-0.591676 -0.000102236
-0.540425 -9.47542e-05
-0.489174 -8.72723e-05
-0.437923 -7.97905e-05
-0.386672 -7.23086e-05
-0.335422 -6.48267e-05
-0.284171 -5.73448e-05
-0.23292 -4.9863e-05
-0.181669 -4.23811e-05
-0.130418 -3.48992e-05
-0.0791674 -2.74174e-05
-0.0279166 -1.99355e-05
0 1.37915e-05
0 7.89178e-05
0 0.000144044
0 0.00020917
0 0.000274296
0 0.000339423
0 0.000404549
0 0.000469675
0 0.000534801
0 0.000599927
0 0.000665054
0 0.00073018
0 0.000795306
0 0.000860432
0 0.000925558
0 0.000990685
0 0.00105581
0 0.00115522
0 0.00127794
0 0.00140067
0 0.00152339
0 0.00164611
0 0.00176883
0 0.00189156
0 0.00201428
0 0.002137
0 0.00225972
0 0.00238244
0 0.00250517
0 0.00262789
0 0.00275061
0 0.00287333
0 0.00299605
0 0.00311878
0 0.0032415
0 0.00336422
0 0.00348694
0 0.00360967
0 0.00373239
0 0.00385561
0 0.00398573
0 0.00411585
0 0.00424597
0 0.00437609
0 0.00450621
0 0.00463633
0 0.00476645
0 0.00489657
0 0.00502669
0 0.00490391
0 0.00478114
0 0.00465837
0 0.0045356
0 0.00441283
0 0.00429006
0 0.00416729
0 0.00404452
0 0.00392175
0 0.00379898
0 0.00367621
0 0.00355344
0 0.00343067
0 0.0033079
0 0.00318513
0 0.00306236
0 0.00293959
0 0.00281682
0 0.00269405
0 0.00257127
0 0.0024485
0 0.00232573
0 0.00222206
0 0.00215693
0 0.00209181
0 0.00202668
0 0.00196155
0 0.00189643
0 0.0018313
0 0.00176617
0 0.00170105
0 0.00163592
0 0.0015708
0 0.00150567
0 0.00144054
0 0.00137542
0 0.00131029
0 0.00124516
0 0.00118004
0 0.00111491
0 0.00104979
0 0.00098466
0 0.000919534
0 0.000854407
0 0.000789281
0 0.000724155
0 0.000659029
0 0.000593903
0 0.000528776
0 0.00046365
0 0.000398524
0 0.000333398
0 0.000268271
0 0.000203145
0 0.000138019
0 7.28929e-05
0 7.76667e-06
-0.0341317 -1.897e-05
-0.0853348 -2.65055e-05
-0.136538 -3.4041e-05
-0.187741 -4.15765e-05
-0.238944 -4.9112e-05
-0.290147 -5.66475e-05
-0.34135 -6.4183e-05
-0.392554 -7.17185e-05
-0.443757 -7.9254e-05
-0.49496 -8.67895e-05
-0.546163 -9.4325e-05
-0.597366 -0.000101861
-0.648569 -0.000109396
-0.699772 -0.000116932
-0.750976 -0.000124467
-0.802179 -0.000132003
-0.853382 -0.000139538
-0.904585 -0.000147074
-0.955788 -0.000154609
-1.00699 -0.000162145
-1.05819 -0.00016968
-1.1094 -0.000177216
-1.13309 -0.000180702
-1.08184 -0.00017322
-1.03059 -0.000165738
-0.979335 -0.000158256
-0.928084 -0.000150775
-0.876833 -0.000143293
-0.825583 -0.000135811
-0.774332 -0.000128329
-0.723081 -0.000120847
-0.67183 -0.000113365
-0.620579 -0.000105883
-0.569328 -9.84014e-05
-0.518078 -9.09195e-05
-0.466827 -8.34377e-05
-0.415576 -7.59558e-05
-0.364325 -6.84739e-05
-0.313074 -6.0992e-05
-0.261824 -5.35102e-05
-0.210573 -4.60283e-05
-0.159322 -3.85464e-05
-0.108071 -3.10646e-05
-0.0568202 -2.35827e-05
-0.00593211 -1.56929e-05
0 4.27612e-05
0 0.000107887
0 0.000173014
0 0.00023814
0 0.000303266
0 0.000368392
0 0.000433518
0 0.000498645
0 0.000563771
0 0.000628897
0 0.000694023
0 0.000759149
0 0.000824276
0 0.000889402
0 0.000954528
0 0.00101965
0 0.00108478
0 0.00114991
0 0.00121503
0 0.00128016
0 0.00134529
0 0.00141041
0 0.00147554
0 0.00154066
0 0.00160579
0 0.00167092
0 0.00173604
0 0.00180117
0 0.00186629
0 0.00193142
0 0.00199655
0 0.00206167
0 0.0021268
0 0.00219193
0 0.00225705
0 0.00233084
0 0.00245357
0 0.00257629
0 0.00269901
0 0.00282173
0 0.00294445
0 0.00306718
0 0.0031899
0 0.00331262
0 0.00343534
0 0.00355807
0 0.00368079
0 0.00380351
0 0.00392623
0 0.00404895
0 0.00417168
0 0.0042944
0 0.00441712
0 0.00453984
0 0.00466257
0 0.00478529
0 0.00490801
0 0.00503098
0 0.00490821
0 0.00478543
0 0.00466266
0 0.00453989
0 0.00441712
0 0.00429435
0 0.00417158
0 0.00404881
0 0.00392604
0 0.00380327
0 0.0036805
0 0.00355773
0 0.00343496
0 0.00331219
0 0.00318942
0 0.00306665
0 0.00294388
0 0.00282111
0 0.00269834
0 0.00257556
0 0.00245279
0 0.00233038
0 0.00225916
0 0.00219404
0 0.00212891
0 0.00206378
0 0.00199866
0 0.00193353
0 0.0018684
0 0.00180328
0 0.00173815
0 0.00167303
0 0.0016079
0 0.00154277
0 0.00147765
0 0.00141252
0 0.00134739
0 0.00128227
0 0.00121714
0 0.00115202
0 0.00108689
0 0.00102176
0 0.000956637
0 0.000891511
0 0.000826385
0 0.000761259
0 0.000696133
0 0.000631006
0 0.00056588
0 0.000500754
0 0.000435628
0 0.000370502
0 0.000305375
0 0.000240249
0 0.000175123
0 0.000109997
0 4.48706e-05
-0.00496003 -1.46768e-05
-0.0561632 -2.22123e-05
-0.107366 -2.97478e-05
-0.158569 -3.72833e-05
-0.209773 -4.48188e-05
-0.260976 -5.23543e-05
-0.312179 -5.98898e-05
-0.363382 -6.74253e-05
-0.414585 -7.49608e-05
-0.465788 -8.24963e-05
-0.516991 -9.00319e-05
-0.568195 -9.75674e-05
-0.619398 -0.000105103
-0.670601 -0.000112638
-0.721804 -0.000120174
-0.773007 -0.000127709
-0.82421 -0.000135245
-0.875413 -0.00014278
-0.926616 -0.000150316
-0.97782 -0.000157851
-1.02902 -0.000165387
-1.08023 -0.000172922
-1.13133 -0.000180443
-1.08008 -0.000172961
-1.02883 -0.000165479
-0.977577 -0.000157998
-0.926326 -0.000150516
-0.875075 -0.000143034
-0.823824 -0.000135552
-0.772573 -0.00012807
-0.721322 -0.000120588
-0.670072 -0.000113106
-0.618821 -0.000105624
-0.56757 -9.81426e-05
-0.516319 -9.06607e-05
-0.465068 -8.31789e-05
-0.413817 -7.5697e-05
-0.362567 -6.82151e-05
-0.311316 -6.07332e-05
-0.260065 -5.32514e-05
-0.208814 -4.57695e-05
-0.157563 -3.82876e-05
-0.106313 -3.08058e-05
-0.0550617 -2.33239e-05
-0.00435597 -1.5229e-05
0 4.49979e-05
0 0.000110124
0 0.00017525
0 0.000240376
0 0.000305503
0 0.000370629
0 0.000435755
0 0.000500881
0 0.000566007
0 0.000631134
0 0.00069626
0 0.000761386
0 0.000826512
0 0.000891639
0 0.000956765
0 0.00102189
0 0.00108702
0 0.00115214
0 0.00121727
0 0.0012824
0 0.00134752
0 0.00141265
0 0.00147777
0 0.0015429
0 0.00160803
0 0.00167315
0 0.00173828
0 0.00180341
0 0.00186853
0 0.00193366
0 0.00199878
0 0.00206391
0 0.00212904
0 0.00219416
0 0.00225929
0 0.0023311
0 0.00245382
0 0.00257655
0 0.00269927
0 0.00282199
0 0.00294471
0 0.00306744
0 0.00319016
0 0.00331288
0 0.0034356
0 0.00355832
0 0.00368105
0 0.00380377
0 0.00392649
0 0.00404921
0 0.00417193
0 0.00429466
0 0.00441738
0 0.0045401
0 0.00466282
0 0.00478555
0 0.00490827
0 0.00503099
0 0.00490822
0 0.00478545
0 0.00466268
0 0.00453991
0 0.00441714
0 0.00429437
0 0.0041716
0 0.00404883
0 0.00392606
0 0.00380329
0 0.00368052
0 0.00355774
0 0.00343497
0 0.0033122
0 0.00318943
0 0.00306666
0 0.00294389
0 0.00282112
0 0.00269835
0 0.00257558
0 0.00245281
0 0.00233041
0 0.0022593
0 0.00219417
0 0.00212904
0 0.00206392
0 0.00199879
0 0.00193367
0 0.00186854
0 0.00180341
0 0.00173829
0 0.00167316
0 0.00160803
0 0.00154291
0 0.00147778
0 0.00141266
0 0.00134753
0 0.0012824
0 0.00121728
0 0.00115215
0 0.00108702
0 0.0010219
0 0.000956772
0 0.000891646
0 0.00082652
0 0.000761394
0 0.000696268
0 0.000631141
0 0.000566015
0 0.000500889
0 0.000435763
0 0.000370637
0 0.00030551
0 0.000240384
0 0.000175258
0 0.000110132
0 4.50055e-05
-0.00485395 -1.46612e-05
-0.0560571 -2.21967e-05
-0.10726 -2.97322e-05
-0.158463 -3.72677e-05
-0.209666 -4.48032e-05
-0.26087 -5.23387e-05
-0.312073 -5.98742e-05
-0.363276 -6.74097e-05
-0.414479 -7.49452e-05
-0.465682 -8.24807e-05
-0.516885 -9.00162e-05
-0.568088 -9.75517e-05
-0.619292 -0.000105087
-0.670495 -0.000112623
-0.721698 -0.000120158
-0.772901 -0.000127694
-0.824104 -0.000135229
-0.875307 -0.000142765
-0.92651 -0.0001503
-0.977714 -0.000157836
-1.02892 -0.000165371
-1.08012 -0.000172907
-1.13132 -0.000180442
-1.13222 -0.000180575
-1.13313 -0.000180708
-1.13403 -0.000180841
-1.13493 -0.000180973
-1.13583 -0.000181106
-1.13673 -0.000181239
-1.13764 -0.000181372
-1.13854 -0.000181504
-1.13944 -0.000181637
-1.14034 -0.00018177
-1.14124 -0.000181903
-1.14215 -0.000182035
-1.14305 -0.000182168
-1.14395 -0.000182301
-1.14485 -0.000182434
-1.14576 -0.000182566
-1.14666 -0.000182699
-1.14756 -0.000182832
-1.14846 -0.000182965
-1.14936 -0.000183097
-1.15027 -0.00018323
-1.15117 -0.000183363
-1.15207 -0.000183496
-1.15297 -0.000183628
-1.15387 -0.000183761
-1.15478 -0.000183894
-1.15568 -0.000184027
-1.15658 -0.000184159
-1.15748 -0.000184292
-1.15838 -0.000184425
-1.15929 -0.000184558
-1.16019 -0.00018469
-1.16109 -0.000184823
-1.16199 -0.000184956
-1.16289 -0.000185089
-1.1638 -0.000185221
-1.1647 -0.000185354
-1.1656 -0.000185487
-1.1665 -0.00018562
-1.1674 -0.000185752
-1.11615 -0.00017827
-1.0649 -0.000170789
-1.01365 -0.000163307
-0.962401 -0.000155825
-0.91115 -0.000148343
-0.859899 -0.000140861
-0.808648 -0.000133379
-0.757397 -0.000125897
-0.706147 -0.000118415
-0.654896 -0.000110934
-0.603645 -0.000103452
-0.552394 -9.59698e-05
-0.501143 -8.8488e-05
-0.449892 -8.10061e-05
-0.398642 -7.35242e-05
-0.347391 -6.60424e-05
-0.29614 -5.85605e-05
-0.244889 -5.10786e-05
-0.193638 -4.35967e-05
-0.142388 -3.61149e-05
-0.0911367 -2.8633e-05
-0.0398859 -2.11511e-05
0 -8.86561e-07
0 6.42396e-05
0 0.000129366
0 0.000194492
0 0.000259618
0 0.000324744
0 0.000389871
0 0.000454997
0 0.000520123
0 0.000585249
0 0.000650375
0 0.000715502
0 0.000780628
0 0.000845754
0 0.00091088
0 0.000976006
0 0.00104113
0 0.00110626
0 0.00117114
0 0.00123573
0 0.00130033
0 0.00136492
0 0.00142952
0 0.00149412
0 0.00155871
0 0.00162331
0 0.0016879
0 0.0017525
0 0.00181709
0 0.00188169
0 0.00194628
0 0.00201088
0 0.00207547
0 0.00214007
0 0.00220466
0 0.00226926
0 0.00233385
0 0.00239845
0 0.00246304
0 0.00252764
0 0.00259223
0 0.00265683
0 0.00269768
0 0.00272533
0 0.00275298
0 0.00278063
0 0.00280829
0 0.00283594
0 0.00286359
0 0.00289124
0 0.00291889
0 0.00294654
0 0.00297419
0 0.00300185
0 0.0030295
0 0.00305715
0 0.0030848
0 0.00311245
0 0.0031401
0 0.00316775
0 0.00319541
0 0.00322306
0 0.00325071
0 0.00327836
0 0.00330601
0 0.00333366
0 0.00336132
0 0.00338897
0 0.00341662
0 0.00344427
0 0.00347192
0 0.00349957
0 0.00352722
0 0.00355488
0 0.00358253
0 0.00361018
0 0.00363783
0 0.00366548
0 0.00369313
0 0.00372078
0 0.00374844
0 0.00377609
0 0.00380374
0 0.00383139
0 0.00385904
0 0.00388669
0 0.00391434
0 0.003942
0 0.004021
0 0.00414339
0 0.00426578
0 0.00438817
0 0.00451056
0 0.00463295
0 0.00475534
0 0.00487773
0 0.00500012
0 0.00512828
0 0.0052584
0 0.00538851
0 0.00551862
0 0.00564874
0 0.00577885
0 0.00590896
0 0.00603908
0 0.00616919
0 0.0062993
0 0.00642942
0 0.00655953
0 0.00668965
0 0.00681976
0 0.00694987
0 0.00707999
0 0.0072101
0 0.00734021
0 0.00747033
0 0.00760044
0 0.00773055
0 0.00786067
0 0.00799078
0 0.00812089
0 0.00825101
0 0.00838112
0 0.00851123
0 0.00864135
0 0.00877146
0 0.00890158
0 0.00903169
0 0.0091618
0 0.00929192
0 0.00942203
0 0.00955214
0 0.00968226
0 0.00981237
0 0.00994248
0 0.0100726
0 0.0102027
0 0.0103328
0 0.0102101
0 0.0100873
0 0.00996451
0 0.00984174
0 0.00971897
0 0.0095962
0 0.00947343
0 0.00935066
0 0.00922789
0 0.00910943
0 0.00904431
0 0.00897918
0 0.00891405
0 0.00884893
0 0.0087838
0 0.00871868
0 0.00865355
0 0.00858842
0 0.0085233
0 0.00845817
0 0.00839304
0 0.00832792
0 0.00826279
0 0.00819767
0 0.00813254
0 0.00806741
0 0.00800229
0 0.00793716
0 0.00787203
0 0.00780691
0 0.00774178
0 0.00767666
0 0.00761153
0 0.0075464
0 0.00748128
0 0.00741615
0 0.00735103
0 0.0072859
0 0.00722077
0 0.00715565
0 0.00709052
0 0.00702539
0 0.00696027
0 0.00689514
0 0.00683002
0 0.00676489
0 0.00669976
0 0.00663464
0 0.00656951
0 0.00650438
0 0.00643926
0 0.00637407
0 0.00630802
0 0.00624196
0 0.0061759
0 0.00610984
0 0.00604379
0 0.00597773
0 0.00591167
0 0.00584561
0 0.00577956
0 0.0057135
0 0.00564744
0 0.00558138
0 0.00551533
0 0.00544927
0 0.00538321
0 0.00531715
0 0.0052511
0 0.00518504
0 0.00511898
0 0.00505292
0 0.00498687
0 0.00492081
0 0.00485475
0 0.00478529
0 0.0046825
0 0.0045797
0 0.0044769
0 0.00437411
0 0.00427131
0 0.00416851
0 0.00406572
0 0.00396292
0 0.00386012
0 0.00375733
0 0.00365453
0 0.00355174
0 0.00344894
0 0.00334614
0 0.00326865
0 0.00319328
0 0.0031179
0 0.00304253
0 0.00296715
0 0.00289177
0 0.0028164
0 0.00274102
0 0.00266564
0 0.00259027
0 0.00251489
0 0.00243951
0 0.00236414
0 0.00228876
0 0.00221338
0 0.00213801
0 0.00206263
0 0.00198725
0 0.00191188
0 0.0018365
0 0.00176112
0 0.00168575
0 0.00161037
0 0.00153499
0 0.00145962
0 0.00138424
0 0.00130886
0 0.00123349
0 0.00115811
0 0.00108273
0 0.00100736
0 0.000931979
0 0.000856602
0 0.000781225
0 0.000705849
0 0.000630472
0 0.000555095
0 0.000479719
0 0.000404342
0 0.000328965
0 0.000253589
0 0.000178212
0 0.000102835
0 2.74587e-05
-0.00919265 -1.52997e-05
-0.0295897 -1.83015e-05
-0.0499867 -2.13033e-05
-0.0703838 -2.43051e-05
-0.0907808 -2.73069e-05
-0.111178 -3.03087e-05
-0.131575 -3.33106e-05
-0.151972 -3.63124e-05
-0.172369 -3.93142e-05
-0.192766 -4.2316e-05
-0.213163 -4.53178e-05
-0.23356 -4.83196e-05
-0.253957 -5.13214e-05
-0.274354 -5.43232e-05
-0.294751 -5.7325e-05
-0.315148 -6.03268e-05
-0.335545 -6.33286e-05
-0.355942 -6.63304e-05
-0.376339 -6.93323e-05
-0.396736 -7.23341e-05
-0.417133 -7.53359e-05
-0.43753 -7.83377e-05
-0.457927 -8.13395e-05
-0.478325 -8.43413e-05
-0.498722 -8.73431e-05
-0.504534 -8.81985e-05
-0.453283 -8.07166e-05
-0.402032 -7.32347e-05
-0.350781 -6.57529e-05
-0.299531 -5.8271e-05
-0.24828 -5.07891e-05
-0.197029 -4.33073e-05
-0.145778 -3.58254e-05
-0.0945273 -2.83435e-05
-0.0432765 -2.08616e-05
0 -4.41065e-06
0 6.07156e-05
0 0.000125842
0 0.000190968
0 0.000256094
0 0.00032122
0 0.000386347
0 0.000451473
0 0.000516599
0 0.000581725
0 0.000646851
0 0.000711978
0 0.000777104
0 0.00084223
0 0.000907356
0 0.000972482
0 0.00103761
0 0.00110273
0 0.00116786
0 0.00123299
0 0.00129811
0 0.00136324
0 0.00142837
0 0.00149349
0 0.00155862
0 0.00162374
0 0.00168887
0 0.001754
0 0.00181912
0 0.00188425
0 0.00194938
0 0.0020145
0 0.00207963
0 0.00214475
0 0.00220988
0 0.00227501
0 0.00234013
0 0.00240526
0 0.00247039
0 0.00253551
0 0.00260064
0 0.00266576
0 0.00273089
0 0.0027951
0 0.00285929
0 0.00292349
0 0.00298769
0 0.00305189
0 0.00311609
0 0.00318029
0 0.00324448
0 0.00330868
0 0.00337288
0 0.00343708
0 0.00350128
0 0.00356548
0 0.00362967
0 0.00369387
0 0.00375807
0 0.00382227
0 0.00388647
0 0.00395067
0 0.00401486
0 0.00407906
0 0.00414326
0 0.00420746
0 0.00427083
0 0.00429828
0 0.00432574
0 0.0043532
0 0.00438066
0 0.00440812
0 0.00443557
0 0.00446303
0 0.00449049
0 0.00451795
0 0.0045454
0 0.00457286
0 0.00460032
0 0.00462778
0 0.00466584
0 0.00472106
0 0.00477627
0 0.00483149
0 0.00488671
0 0.00494193
0 0.00499714
0 0.00505236
0 0.00510758
0 0.0051628
0 0.00521801
0 0.00527323
0 0.00532845
0 0.00538367
0 0.00543888
0 0.0054941
0 0.00554932
0 0.00560454
0 0.00565976
0 0.00571497
0 0.00577019
0 0.00582541
0 0.00588063
0 0.00593584
0 0.00599106
0 0.00604628
0 0.0061015
0 0.00615671
0 0.00621193
0 0.00626715
0 0.00632237
0 0.00637758
0 0.0064328
0 0.00648802
0 0.00654324
0 0.00659846
0 0.00665367
0 0.00670889
0 0.00676411
0 0.00681933
0 0.00687454
0 0.00692976
0 0.00698498
0 0.0070402
0 0.00709541
0 0.00715129
0 0.00727857
0 0.00740586
0 0.00753314
0 0.00766042
0 0.00778771
0 0.00791499
0 0.00804228
0 0.00816956
0 0.00829684
0 0.00842413
0 0.00855141
0 0.0086787
0 0.00880598
0 0.00893326
0 0.00906055
0 0.00918783
0 0.00931512
0 0.0094424
0 0.00956968
0 0.00969697
0 0.00982425
0 0.00995154
0 0.0100788
0 0.0102061
0 0.0103334
0 0.0102106
0 0.0100879
0 0.00996509
0 0.00984232
0 0.00971955
0 0.00959678
0 0.00947401
0 0.00935124
0 0.00922847
0 0.00911443
0 0.0090493
0 0.00898418
0 0.00891905
0 0.00885392
0 0.0087888
0 0.00872367
0 0.00865854
0 0.00859342
0 0.00852829
0 0.00846317
0 0.00839804
0 0.00833291
0 0.00826779
0 0.00820266
0 0.00813753
0 0.00807241
0 0.00800728
0 0.00794216
0 0.00787703
0 0.0078119
0 0.00774678
0 0.00768165
0 0.00761653
0 0.0075514
0 0.00748627
0 0.00742115
0 0.00735602
0 0.00729089
0 0.00722577
0 0.00716064
0 0.00709552
0 0.00703039
0 0.00696526
0 0.00690014
0 0.00683501
0 0.00676988
0 0.00670476
0 0.00663963
0 0.00657451
0 0.00650938
0 0.00644425
0 0.00637913
0 0.00631307
0 0.00624701
0 0.00618095
0 0.00611489
0 0.00604883
0 0.00598277
0 0.00591671
0 0.00585065
0 0.00578459
0 0.00571853
0 0.00565247
0 0.00558641
0 0.00552035
0 0.0054543
0 0.00538824
0 0.00532218
0 0.00525612
0 0.00519006
0 0.005124
0 0.00505794
0 0.00499188
0 0.00492582
0 0.00485976
0 0.00479282
0 0.00469003
0 0.00458723
0 0.00448443
0 0.00438163
0 0.00427884
0 0.00417604
0 0.00407324
0 0.00397044
0 0.00386765
0 0.00376485
0 0.00366205
0 0.00355925
0 0.00345646
0 0.00336395
0 0.00328891
0 0.00321386
0 0.00313881
0 0.00306377
0 0.00298872
0 0.00291368
0 0.00283863
0 0.00276359
0 0.00268854
0 0.00261349
0 0.00253845
0 0.0024634
0 0.00238836
0 0.00231331
0 0.00223827
0 0.00216322
0 0.00208818
0 0.00201313
0 0.00193808
0 0.00186304
0 0.00178799
0 0.00171295
0 0.0016379
0 0.00156286
0 0.00148781
0 0.00141276
0 0.00133772
0 0.00126267
0 0.00118763
0 0.00111258
0 0.00103754
0 0.00096249
0 0.000887444
0 0.000812399
0 0.000737353
0 0.000662307
0 0.000587262
0 0.000512216
0 0.00043717
0 0.000362125
0 0.000287079
0 0.000212033
0 0.000136987
0 6.19418e-05
0 -1.31039e-05
-0.0199627 -1.68847e-05
-0.0401523 -1.9856e-05
-0.0603418 -2.28273e-05
-0.0805313 -2.57985e-05
-0.100721 -2.87698e-05
-0.12091 -3.17411e-05
-0.1411 -3.47123e-05
-0.161289 -3.76836e-05
-0.181479 -4.06549e-05
-0.201668 -4.36261e-05
-0.221858 -4.65974e-05
-0.242048 -4.95687e-05
-0.262237 -5.254e-05
-0.282427 -5.55112e-05
-0.302616 -5.84825e-05
-0.322806 -6.14538e-05
-0.342995 -6.4425e-05
-0.363185 -6.73963e-05
-0.383374 -7.03676e-05
-0.403564 -7.33388e-05
-0.423753 -7.63101e-05
-0.443943 -7.92814e-05
-0.464132 -8.22526e-05
-0.484322 -8.52239e-05
-0.504511 -8.81951e-05
-0.45326 -8.07132e-05
-0.402009 -7.32314e-05
-0.350758 -6.57495e-05
-0.299508 -5.82676e-05
-0.248257 -5.07857e-05
-0.197006 -4.33039e-05
-0.145755 -3.5822e-05
-0.0945043 -2.83401e-05
-0.0432534 -2.08583e-05
0 -4.38135e-06
0 6.07449e-05
0 0.000125871
0 0.000190997
0 0.000256123
0 0.00032125
0 0.000386376
0 0.000451502
0 0.000516628
0 0.000581754
0 0.000646881
0 0.000712007
0 0.000777133
0 0.000842259
0 0.000907386
0 0.000972512
0 0.00103764
0 0.00110276
0 0.00116789
0 0.00123302
0 0.00129814
0 0.00136327
0 0.0014284
0 0.00149352
0 0.00155865
0 0.00162377
0 0.0016889
0 0.00175403
0 0.00181915
0 0.00188428
0 0.0019494
0 0.00201453
0 0.00207966
0 0.00214478
0 0.00220991
0 0.00227504
0 0.00234016
0 0.00240529
0 0.00247041
0 0.00253554
0 0.00260067
0 0.00266579
0 0.00273092
0 0.00279513
0 0.00285932
0 0.00292352
0 0.00298772
0 0.00305192
0 0.00311612
0 0.00318032
0 0.00324451
0 0.00330871
0 0.00337291
0 0.00343711
0 0.00350131
0 0.00356551
0 0.0036297
0 0.0036939
0 0.0037581
0 0.0038223
0 0.0038865
0 0.0039507
0 0.00401489
0 0.00407909
0 0.00414329
0 0.00420749
0 0.00427087
0 0.00429833
0 0.00432579
0 0.00435324
0 0.0043807
0 0.00440816
0 0.00443562
0 0.00446307
0 0.00449053
0 0.00451799
0 0.00454545
0 0.00457291
0 0.00460036
0 0.00462782
0 0.00466595
0 0.00472117
0 0.00477639
0 0.00483161
0 0.00488683
0 0.00494205
0 0.00499727
0 0.00505249
0 0.00510771
0 0.00516293
0 0.00521815
0 0.00527337
0 0.00532859
0 0.00538381
0 0.00543903
0 0.00549425
0 0.00554947
0 0.00560469
0 0.00565991
0 0.00571513
0 0.00577035
0 0.00582557
0 0.00588079
0 0.00593601
0 0.00599123
0 0.00604644
0 0.00610166
0 0.00615688
0 0.0062121
0 0.00626732
0 0.00632254
0 0.00637776
0 0.00643298
0 0.0064882
0 0.00654342
0 0.00659864
0 0.00665386
0 0.00670908
0 0.0067643
0 0.00681952
0 0.00687474
0 0.00692996
0 0.00698518
0 0.0070404
0 0.00709562
0 0.0071513
0 0.00727858
0 0.00740586
0 0.00753315
0 0.00766043
0 0.00778772
0 0.007915
0 0.00804229
0 0.00816957
0 0.00829685
0 0.00842414
0 0.00855142
0 0.00867871
0 0.00880599
0 0.00893328
0 0.00906056
0 0.00918784
0 0.00931513
0 0.00944241
0 0.0095697
0 0.00969698
0 0.00982426
0 0.00995155
0 0.0100788
0 0.0102061
0 0.0103334
0 0.0102106
0 0.0100879
0 0.00996509
0 0.00984232
0 0.00971955
0 0.00959678
0 0.00947401
0 0.00935124
0 0.00922847
0 0.00911443
0 0.0090493
0 0.00898418
0 0.00891905
0 0.00885392
0 0.0087888
0 0.00872367
0 0.00865854
0 0.00859342
0 0.00852829
0 0.00846317
0 0.00839804
0 0.00833291
0 0.00826779
0 0.00820266
0 0.00813753
0 0.00807241
0 0.00800728
0 0.00794216
0 0.00787703
0 0.0078119
0 0.00774678
0 0.00768165
0 0.00761653
0 0.0075514
0 0.00748627
0 0.00742115
0 0.00735602
0 0.00729089
0 0.00722577
0 0.00716064
0 0.00709552
0 0.00703039
0 0.00696526
0 0.00690014
0 0.00683501
0 0.00676988
0 0.00670476
0 0.00663963
0 0.00657451
0 0.00650938
0 0.00644425
0 0.00637913
0 0.00631307
0 0.00624701
0 0.00618095
0 0.00611489
0 0.00604883
0 0.00598277
0 0.00591671
0 0.00585065
0 0.00578459
0 0.00571853
0 0.00565247
0 0.00558641
0 0.00552036
0 0.0054543
0 0.00538824
0 0.00532218
0 0.00525612
0 0.00519006
0 0.005124
0 0.00505794
0 0.00499188
0 0.00492582
0 0.00485976
0 0.00479282
0 0.00469003
0 0.00458723
0 0.00448443
0 0.00438163
0 0.00427884
0 0.00417604
0 0.00407324
0 0.00397044
0 0.00386765
0 0.00376485
0 0.00366205
0 0.00355925
0 0.00345646
0 0.00336395
0 0.00328891
0 0.00321386
0 0.00313882
0 0.00306377
0 0.00298872
0 0.00291368
0 0.00283863
0 0.00276359
0 0.00268854
0 0.0026135
0 0.00253845
0 0.0024634
0 0.00238836
0 0.00231331
0 0.00223827
0 0.00216322
0 0.00208818
0 0.00201313
0 0.00193808
0 0.00186304
0 0.00178799
0 0.00171295
0 0.0016379
0 0.00156286
0 0.00148781
0 0.00141276
0 0.00133772
0 0.00126267
0 0.00118763
0 0.00111258
0 0.00103754
0 0.000962491
0 0.000887445
0 0.0008124
0 0.000737354
0 0.000662308
0 0.000587263
0 0.000512217
0 0.000437171
0 0.000362126
0 0.00028708
0 0.000212034
0 0.000136989
0 6.1943e-05
0 -1.31027e-05
-0.0199624 -1.68847e-05
-0.0401519 -1.98559e-05
-0.0603414 -2.28272e-05
-0.080531 -2.57985e-05
-0.10072 -2.87698e-05
-0.12091 -3.1741e-05
-0.1411 -3.47123e-05
-0.161289 -3.76836e-05
-0.181479 -4.06548e-05
-0.201668 -4.36261e-05
-0.221858 -4.65974e-05
-0.242047 -4.95686e-05
-0.262237 -5.25399e-05
-0.282426 -5.55112e-05
-0.302616 -5.84824e-05
-0.322805 -6.14537e-05
-0.342995 -6.4425e-05
-0.363184 -6.73962e-05
-0.383374 -7.03675e-05
-0.403563 -7.33388e-05
-0.423753 -7.631e-05
-0.443942 -7.92813e-05
-0.464132 -8.22526e-05
-0.484321 -8.52238e-05
-0.504511 -8.81951e-05
-0.505455 -8.83341e-05
-0.5064 -8.84731e-05
-0.507344 -8.86121e-05
-0.508289 -8.87511e-05
-0.509233 -8.88901e-05
-0.510178 -8.90291e-05
-0.511122 -8.91681e-05
-0.512067 -8.93071e-05
-0.513011 -8.94461e-05
-0.513956 -8.95851e-05
-0.5149 -8.97241e-05
-0.515845 -8.98631e-05
-0.516789 -9.00021e-05
-0.517734 -9.01411e-05
-0.518678 -9.02801e-05
-0.519623 -9.04191e-05
-0.520567 -9.05581e-05
-0.521512 -9.06971e-05
-0.522456 -9.08361e-05
-0.523401 -9.09751e-05
-0.524345 -9.11141e-05
-0.52529 -9.12531e-05
-0.526234 -9.13921e-05
-0.527179 -9.15311e-05
-0.528123 -9.16701e-05
-0.529068 -9.18091e-05
-0.530012 -9.19481e-05
-0.530957 -9.20871e-05
-0.531901 -9.22261e-05
-0.532846 -9.23651e-05
-0.53379 -9.25041e-05
-0.534735 -9.26431e-05
-0.535679 -9.27821e-05
-0.536624 -9.29211e-05
-0.537568 -9.30601e-05
-0.538513 -9.31991e-05
-0.539457 -9.33381e-05
-0.540402 -9.34771e-05
-0.541346 -9.36161e-05
-0.542291 -9.37551e-05
-0.543235 -9.38941e-05
-0.491984 -8.64123e-05
-0.440734 -7.89304e-05
-0.389483 -7.14485e-05
-0.338232 -6.39666e-05
-0.286981 -5.64848e-05
-0.23573 -4.90029e-05
-0.18448 -4.1521e-05
-0.133229 -3.40392e-05
-0.0819779 -2.65573e-05
-0.0307271 -1.90754e-05
0 1.14905e-05
0 7.66167e-05
0 0.000141743
0 0.000206869
0 0.000271995
0 0.000337122
0 0.000402248
0 0.000467374
0 0.0005325
0 0.000597626
0 0.000662753
0 0.000727879
0 0.000793005
0 0.000858131
0 0.000923257
0 0.000988384
0 0.00105351
0 0.00111864
0 0.00118376
0 0.00124889
0 0.00131401
0 0.00137914
0 0.00144427
0 0.00150939
0 0.00157452
0 0.00163965
0 0.00170477
0 0.0017699
0 0.00183502
0 0.00190015
0 0.00196528
0 0.0020304
0 0.00209553
0 0.00216066
0 0.00222578
0 0.00229091
0 0.00235603
0 0.00242116
0 0.00248629
0 0.00255141
0 0.00261654
0 0.00268166
0 0.00274169
0 0.00278974
0 0.00283779
0 0.00288584
0 0.00293389
0 0.00298194
0 0.00302999
0 0.00307804
0 0.00312609
0 0.00317414
0 0.00322219
0 0.00327024
0 0.00331829
0 0.00336634
0 0.00341439
0 0.00346244
0 0.00351049
0 0.00355854
0 0.00360659
0 0.00365464
0 0.00370269
0 0.00375074
0 0.00379879
0 0.00384684
0 0.00389489
0 0.00394294
0 0.00399099
0 0.00403904
0 0.00408709
0 0.00413514
0 0.00418319
0 0.00423124
0 0.00427154
0 0.00429139
0 0.00431124
0 0.00433109
0 0.00435094
0 0.00437079
0 0.00439064
0 0.00441049
0 0.00443034
0 0.00445019
0 0.00447003
0 0.00448988
0 0.00450973
0 0.00452958
0 0.00454943
0 0.00456928
0 0.00458913
0 0.00460898
0 0.00462883
0 0.00465908
0 0.00470225
0 0.00474541
0 0.00478857
0 0.00483173
0 0.0048749
0 0.00491806
0 0.00496122
0 0.00500438
0 0.00504755
0 0.00509071
0 0.00513387
0 0.00517703
0 0.0052202
0 0.00526336
0 0.00530652
0 0.00534968
0 0.00539285
0 0.00543601
0 0.00547917
0 0.00552233
0 0.0055655
0 0.00560866
0 0.00565182
0 0.00569498
0 0.00573814
0 0.00578131
0 0.00582447
0 0.00586763
0 0.00591079
0 0.00595396
0 0.00599712
0 0.00604028
0 0.00608344
0 0.00612661
0 0.00616977
0 0.00621293
0 0.00625609
0 0.00629926
0 0.00634242
0 0.00638558
0 0.00642874
0 0.00647191
0 0.00651507
0 0.00655823
0 0.00660139
0 0.00664456
0 0.00668772
0 0.00673088
0 0.00677404
0 0.00681721
0 0.00686037
0 0.00690353
0 0.00694669
0 0.00698985
0 0.00703302
0 0.00707618
0 0.00711934
0 0.0071625
0 0.00720567
0 0.00724883
0 0.00729199
0 0.00733515
0 0.00737832
0 0.00742148
0 0.00746464
0 0.0075078
0 0.00755097
0 0.00759413
0 0.00763729
0 0.00768045
0 0.00772362
0 0.00776678
0 0.00780994
0 0.0078531
0 0.00789627
0 0.00793943
0 0.00798259
0 0.00802575
0 0.00806892
0 0.00819055
0 0.00831782
0 0.00844509
0 0.00857236
0 0.00869963
0 0.0088269
0 0.00895417
0 0.00908144
0 0.00920871
0 0.00933598
0 0.00946324
0 0.00959051
0 0.00971778
0 0.00984505
0 0.00997232
0 0.0100996
0 0.0102269
0 0.0103546
0 0.0104847
0 0.0106148
0 0.0107449
0 0.010875
0 0.0110052
0 0.0111353
0 0.0112654
0 0.0113955
0 0.0115256
0 0.0116557
0 0.0117858
0 0.0119159
0 0.0120461
0 0.0121762
0 0.0123063
0 0.0124364
0 0.0125665
0 0.0126966
0 0.0128267
0 0.0129568
0 0.013087
0 0.0132171
0 0.0133472
0 0.0134773
0 0.0136074
0 0.0137375
0 0.0138676
0 0.0139977
0 0.0141279
0 0.014258
0 0.0143881
0 0.0145182
0 0.0146483
0 0.0147784
0 0.0149085
0 0.0150387
0 0.0151688
0 0.0152989
0 0.015429
0 0.0155591
0 0.0154363
0 0.0153136
0 0.0151908
0 0.015068
0 0.0149452
0 0.0148225
0 0.0146997
0 0.0145897
0 0.0145246
0 0.0144595
0 0.0143944
0 0.0143292
0 0.0142641
0 0.014199
0 0.0141339
0 0.0140687
0 0.0140036
0 0.0139385
0 0.0138733
0 0.0138082
0 0.0137431
0 0.013678
0 0.0136128
0 0.0135477
0 0.0134826
0 0.0134175
0 0.0133523
0 0.0132872
0 0.0132221
0 0.013157
0 0.0130918
0 0.0130267
0 0.0129616
0 0.0128965
0 0.0128313
0 0.0127662
0 0.0127011
0 0.0126359
0 0.0125708
0 0.0125057
0 0.0124406
0 0.0123754
0 0.0123103
0 0.0122452
0 0.0121801
0 0.0121149
0 0.0120498
0 0.0119847
0 0.0119196
0 0.0118544
0 0.0117893
0 0.0117242
0 0.0116591
0 0.0115939
0 0.0115288
0 0.0114522
0 0.0113773
0 0.0113024
0 0.0112275
0 0.0111526
0 0.0110777
0 0.0110028
0 0.0109279
0 0.010853
0 0.0107781
0 0.0107033
0 0.0106284
0 0.0105535
0 0.0104786
0 0.0104037
0 0.0103288
0 0.0102539
0 0.010179
0 0.0101041
0 0.0100292
0 0.00995432
0 0.00987943
0 0.00980454
0 0.00972965
0 0.00965475
0 0.00957986
0 0.00950497
0 0.00943008
0 0.00935518
0 0.00928029
0 0.0092054
0 0.00913051
0 0.00905561
0 0.00898072
0 0.0089056
0 0.00879945
0 0.0086933
0 0.00858715
0 0.00848099
0 0.00837484
0 0.00829215
0 0.00821924
0 0.00814633
0 0.00807341
0 0.0080005
0 0.00792759
0 0.00785467
0 0.00778176
0 0.00770884
0 0.00763593
0 0.00756302
0 0.0074901
0 0.00741719
0 0.00734428
0 0.00727136
0 0.00719845
0 0.00712554
0 0.00705262
0 0.00697971
0 0.00690679
0 0.00683388
0 0.00676097
0 0.00668805
0 0.00661514
0 0.00654223
0 0.00646931
0 0.0063964
0 0.00632349
0 0.00625057
0 0.00617766
0 0.00610474
0 0.00603183
0 0.00595892
0 0.005886
0 0.00581309
0 0.00574018
0 0.00566726
0 0.00559435
0 0.00552144
0 0.00544852
0 0.00537561
0 0.0053027
0 0.00522978
0 0.00515687
0 0.00508395
0 0.00501104
0 0.00493813
0 0.00486521
0 0.0047923
0 0.00471939
0 0.00464647
0 0.00457356
0 0.00450065
0 0.00442773
0 0.00435482
0 0.0042819
0 0.00420899
0 0.00413608
0 0.00406316
0 0.00399025
0 0.00391734
0 0.00384442
0 0.00377151
0 0.0036986
0 0.00362568
0 0.00355277
0 0.00347985
0 0.00340694
0 0.00333403
0 0.00326111
0 0.0031882
0 0.00311529
0 0.00304237
0 0.00296946
0 0.00289655
0 0.00282363
0 0.00275072
0 0.0026778
0 0.00260489
0 0.00253198
0 0.00245906
0 0.00238615
0 0.00231324
0 0.00224032
0 0.00216741
0 0.0020945
0 0.00202158
0 0.00194867
0 0.00187575
0 0.00180284
0 0.00172993
0 0.00165701
0 0.0015841
0 0.00151119
0 0.00143827
0 0.00136536
0 0.00129245
0 0.00121953
0 0.00114662
0 0.0010737
0 0.00100079
0 0.000927877
0 0.000854964
0 0.00078205
0 0.000709136
0 0.000636223
0 0.000563309
0 0.000490395
0 0.000417482
0 0.000344568
0 0.000271654
0 0.000198741
0 0.000125827
0 5.29136e-05
-0.00107733 -1.41054e-05
-0.0140542 -1.60152e-05
-0.0270311 -1.7925e-05
-0.040008 -1.98348e-05
-0.0529849 -2.17446e-05
-0.0659618 -2.36544e-05
-0.0789387 -2.55642e-05
-0.0919156 -2.7474e-05
-0.104893 -2.93837e-05
-0.117869 -3.12935e-05
-0.130846 -3.32033e-05
-0.143823 -3.51131e-05
-0.1568 -3.70229e-05
-0.169777 -3.89327e-05
-0.182754 -4.08425e-05
-0.195731 -4.27523e-05
-0.208708 -4.46621e-05
-0.221685 -4.65719e-05
-0.234662 -4.84817e-05
-0.247638 -5.03915e-05
-0.260615 -5.23013e-05
-0.273592 -5.42111e-05
-0.286569 -5.61209e-05
-0.299546 -5.80307e-05
-0.312523 -5.99405e-05
-0.3255 -6.18503e-05
-0.338477 -6.37601e-05
-0.351454 -6.56699e-05
-0.364431 -6.75796e-05
-0.377407 -6.94894e-05
-0.390384 -7.13992e-05
-0.401432 -7.30251e-05
-0.350181 -6.55433e-05
-0.298931 -5.80614e-05
-0.24768 -5.05795e-05
-0.196429 -4.30976e-05
-0.145178 -3.56158e-05
-0.0939272 -2.81339e-05
-0.0426764 -2.0652e-05
0 -3.52609e-06
0 6.16001e-05
0 0.000126726
0 0.000191853
0 0.000256979
0 0.000322105
0 0.000387231
0 0.000452357
0 0.000517484
0 0.00058261
0 0.000647736
0 0.000712862
0 0.000777988
0 0.000843115
0 0.000908241
0 0.000973367
0 0.00103849
0 0.00110362
0 0.00116875
0 0.00123387
0 0.001299
0 0.00136412
0 0.00142925
0 0.00149438
0 0.0015595
0 0.00162463
0 0.00168976
0 0.00175488
0 0.00182001
0 0.00188513
0 0.00195026
0 0.00201539
0 0.00208051
0 0.00214564
0 0.00221076
0 0.00227589
0 0.00234102
0 0.00240614
0 0.00247127
0 0.0025364
0 0.00260152
0 0.00266665
0 0.00273177
0 0.0027969
0 0.00286203
0 0.00292715
0 0.00299228
0 0.00305741
0 0.0031105
0 0.00316525
0 0.00322
0 0.00327475
0 0.0033295
0 0.00338426
0 0.00343901
0 0.00349376
0 0.00354851
0 0.00360326
0 0.00365801
0 0.00371276
0 0.00376752
0 0.00382227
0 0.00387702
0 0.00393177
0 0.00398652
0 0.00404127
0 0.00409603
0 0.00415078
0 0.00420553
0 0.00426028
0 0.00431503
0 0.00436978
0 0.00442454
0 0.00447929
0 0.00453404
0 0.00458879
0 0.00464354
0 0.00469829
0 0.00475305
0 0.0048078
0 0.00486255
0 0.0049173
0 0.00497205
0 0.00499683
0 0.00502059
0 0.00504435
0 0.00506811
0 0.00509187
0 0.00513808
0 0.00519493
0 0.00525178
0 0.00530863
0 0.00536548
0 0.00542233
0 0.00547918
0 0.00553604
0 0.00559289
0 0.00564974
0 0.00570659
0 0.00576344
0 0.00582029
0 0.00587714
0 0.00593399
0 0.00599085
0 0.0060477
0 0.00610455
0 0.0061614
0 0.00621825
0 0.0062751
0 0.00633195
0 0.0063888
0 0.00644565
0 0.00650251
0 0.00655936
0 0.00661621
0 0.00667306
0 0.00672991
0 0.00678676
0 0.00684361
0 0.00690046
0 0.00695732
0 0.00701417
0 0.00707102
0 0.00712787
0 0.00718472
0 0.00724157
0 0.00729842
0 0.00735527
0 0.00741213
0 0.00746898
0 0.00752583
0 0.00758268
0 0.00763953
0 0.00769638
0 0.00775323
0 0.00781008
0 0.00786693
0 0.00792379
0 0.00798064
0 0.00803749
0 0.00809434
0 0.00815119
0 0.00820804
0 0.00826489
0 0.00832174
0 0.0083786
0 0.00843545
0 0.0084923
0 0.00854915
0 0.008606
0 0.00866285
0 0.0087197
0 0.00877655
0 0.00883341
0 0.00889026
0 0.00894711
0 0.00900396
0 0.00906081
0 0.00911766
0 0.00917451
0 0.00923136
0 0.00928821
0 0.00934507
0 0.00940192
0 0.00945877
0 0.00951562
0 0.00957247
0 0.00962932
0 0.00968617
0 0.00974302
0 0.00979988
0 0.00985673
0 0.00991358
0 0.00997043
0 0.0100273
0 0.0100841
0 0.010141
0 0.0101978
0 0.0102547
0 0.0103115
0 0.0103684
0 0.0104252
0 0.0104821
0 0.0105389
0 0.0105958
0 0.0106526
0 0.0107095
0 0.0107663
0 0.0108232
0 0.01088
0 0.0109369
0 0.0109938
0 0.0110506
0 0.0111075
0 0.0111643
0 0.0112212
0 0.011278
0 0.0113349
0 0.0113917
0 0.0114486
0 0.0115054
0 0.0115623
0 0.0116191
0 0.0117093
0 0.0118376
0 0.0119659
0 0.0120942
0 0.0122226
0 0.0123509
0 0.0124792
0 0.0126076
0 0.0127359
0 0.0128642
0 0.0129926
0 0.0131209
0 0.0132492
0 0.0133775
0 0.0135059
0 0.0136342
0 0.0137625
0 0.0138909
0 0.0140192
0 0.0141475
0 0.0142759
0 0.0144042
0 0.0145325
0 0.0146608
0 0.0147892
0 0.0149175
0 0.0150458
0 0.0151742
0 0.0153025
0 0.0154308
0 0.0155592
0 0.0154364
0 0.0153136
0 0.0151908
0 0.0150681
0 0.0149453
0 0.0148225
0 0.0146998
0 0.0145902
0 0.0145251
0 0.01446
0 0.0143948
0 0.0143297
0 0.0142646
0 0.0141995
0 0.0141343
0 0.0140692
0 0.0140041
0 0.013939
0 0.0138738
0 0.0138087
0 0.0137436
0 0.0136785
0 0.0136133
0 0.0135482
0 0.0134831
0 0.0134179
0 0.0133528
0 0.0132877
0 0.0132226
0 0.0131574
0 0.0130923
0 0.0130272
0 0.0129621
0 0.0128969
0 0.0128318
0 0.0127667
0 0.0127016
0 0.0126364
0 0.0125713
0 0.0125062
0 0.0124411
0 0.0123759
0 0.0123108
0 0.0122457
0 0.0121805
0 0.0121154
0 0.0120503
0 0.0119852
0 0.01192
0 0.0118549
0 0.0117898
0 0.0117247
0 0.0116595
0 0.0115944
0 0.0115293
0 0.0114527
0 0.0113779
0 0.0113031
0 0.0112282
0 0.0111534
0 0.0110786
0 0.0110037
0 0.0109289
0 0.0108541
0 0.0107792
0 0.0107044
0 0.0106296
0 0.0105547
0 0.0104799
0 0.0104051
0 0.0103302
0 0.0102554
0 0.0101806
0 0.0101057
0 0.0100309
0 0.00995607
0 0.00988124
0 0.00980641
0 0.00973157
0 0.00965674
0 0.00958191
0 0.00950707
0 0.00943224
0 0.00935741
0 0.00928257
0 0.00920774
0 0.00913291
0 0.00905807
0 0.00898324
0 0.00890841
0 0.00880312
0 0.00869701
0 0.00859089
0 0.00848477
0 0.00837866
0 0.00829459
0 0.00822172
0 0.00814885
0 0.00807598
0 0.00800312
0 0.00793025
0 0.00785738
0 0.00778451
0 0.00771165
0 0.00763878
0 0.00756591
0 0.00749304
0 0.00742017
0 0.00734731
0 0.00727444
0 0.00720157
0 0.0071287
0 0.00705584
0 0.00698297
0 0.0069101
0 0.00683723
0 0.00676436
0 0.0066915
0 0.00661863
0 0.00654576
0 0.00647289
0 0.00640002
0 0.00632716
0 0.00625429
0 0.00618142
0 0.00610855
0 0.00603569
0 0.00596282
0 0.00588995
0 0.00581708
0 0.00574421
0 0.00567135
0 0.00559848
0 0.00552561
0 0.00545274
0 0.00537988
0 0.00530701
0 0.00523414
0 0.00516127
0 0.0050884
0 0.00501554
0 0.00494267
0 0.0048698
0 0.00479693
0 0.00472407
0 0.0046512
0 0.00457833
0 0.00450546
0 0.00443259
0 0.00435973
0 0.00428686
0 0.00421399
0 0.00414112
0 0.00406826
0 0.00399539
0 0.00392252
0 0.00384965
0 0.00377678
0 0.00370392
0 0.00363105
0 0.00355818
0 0.00348531
0 0.00341245
0 0.00333958
0 0.00326671
0 0.00319384
0 0.00312097
0 0.00304811
0 0.00297524
0 0.00290237
0 0.0028295
0 0.00275664
0 0.00268377
0 0.0026109
0 0.00253803
0 0.00246516
0 0.0023923
0 0.00231943
0 0.00224656
0 0.00217369
0 0.00210083
0 0.00202796
0 0.00195509
0 0.00188222
0 0.00180935
0 0.00173649
0 0.00166362
0 0.00159075
0 0.00151788
0 0.00144502
0 0.00137215
0 0.00129928
0 0.00122641
0 0.00115354
0 0.00108068
0 0.00100781
0 0.000934941
0 0.000862073
0 0.000789205
0 0.000716338
0 0.00064347
0 0.000570602
0 0.000497734
0 0.000424866
0 0.000351999
0 0.000279131
0 0.000206263
0 0.000133395
0 6.05274e-05
0 -1.23403e-05
-0.0126729 -1.58119e-05
-0.0256315 -1.7719e-05
-0.0385901 -1.96261e-05
-0.0515487 -2.15332e-05
-0.0645073 -2.34403e-05
-0.0774659 -2.53474e-05
-0.0904246 -2.72545e-05
-0.103383 -2.91616e-05
-0.116342 -3.10687e-05
-0.1293 -3.29758e-05
-0.142259 -3.48829e-05
-0.155218 -3.679e-05
-0.168176 -3.86971e-05
-0.181135 -4.06042e-05
-0.194093 -4.25113e-05
-0.207052 -4.44184e-05
-0.220011 -4.63255e-05
-0.232969 -4.82326e-05
-0.245928 -5.01397e-05
-0.258886 -5.20469e-05
-0.271845 -5.3954e-05
-0.284804 -5.58611e-05
-0.297762 -5.77682e-05
-0.310721 -5.96753e-05
-0.323679 -6.15824e-05
-0.336638 -6.34895e-05
-0.349597 -6.53966e-05
-0.362555 -6.73037e-05
-0.375514 -6.92108e-05
-0.388473 -7.11179e-05
-0.401431 -7.3025e-05
-0.35018 -6.55431e-05
-0.298929 -5.80612e-05
-0.247679 -5.05794e-05
-0.196428 -4.30975e-05
-0.145177 -3.56156e-05
-0.0939262 -2.81338e-05
-0.0426754 -2.06519e-05
0 -3.52477e-06
0 6.16014e-05
0 0.000126728
0 0.000191854
0 0.00025698
0 0.000322106
0 0.000387232
0 0.000452359
0 0.000517485
0 0.000582611
0 0.000647737
0 0.000712863
0 0.00077799
0 0.000843116
0 0.000908242
0 0.000973368
0 0.00103849
0 0.00110362
0 0.00116875
0 0.00123387
0 0.001299
0 0.00136413
0 0.00142925
0 0.00149438
0 0.0015595
0 0.00162463
0 0.00168976
0 0.00175488
0 0.00182001
0 0.00188514
0 0.00195026
0 0.00201539
0 0.00208051
0 0.00214564
0 0.00221077
0 0.00227589
0 0.00234102
0 0.00240614
0 0.00247127
0 0.0025364
0 0.00260152
0 0.00266665
0 0.00273178
0 0.0027969
0 0.00286203
0 0.00292715
0 0.00299228
0 0.00305741
0 0.0031105
0 0.00316525
0 0.00322
0 0.00327475
0 0.00332951
0 0.00338426
0 0.00343901
0 0.00349376
0 0.00354851
0 0.00360326
0 0.00365802
0 0.00371277
0 0.00376752
0 0.00382227
0 0.00387702
0 0.00393178
0 0.00398653
0 0.00404128
0 0.00409603
0 0.00415078
0 0.00420553
0 0.00426029
0 0.00431504
0 0.00436979
0 0.00442454
0 0.00447929
0 0.00453405
0 0.0045888
0 0.00464355
0 0.0046983
0 0.00475305
0 0.0048078
0 0.00486256
0 0.00491731
0 0.00497206
0 0.00499684
0 0.0050206
0 0.00504436
0 0.00506812
0 0.00509188
0 0.00513808
0 0.00519493
0 0.00525179
0 0.00530864
0 0.00536549
0 0.00542234
0 0.00547919
0 0.00553604
0 0.00559289
0 0.00564975
0 0.0057066
0 0.00576345
0 0.0058203
0 0.00587715
0 0.005934
0 0.00599085
0 0.0060477
0 0.00610456
0 0.00616141
0 0.00621826
0 0.00627511
0 0.00633196
0 0.00638881
0 0.00644566
0 0.00650252
0 0.00655937
0 0.00661622
0 0.00667307
0 0.00672992
0 0.00678677
0 0.00684362
0 0.00690047
0 0.00695733
0 0.00701418
0 0.00707103
0 0.00712788
0 0.00718473
0 0.00724158
0 0.00729843
0 0.00735529
0 0.00741214
0 0.00746899
0 0.00752584
0 0.00758269
0 0.00763954
0 0.00769639
0 0.00775324
0 0.0078101
0 0.00786695
0 0.0079238
0 0.00798065
0 0.0080375
0 0.00809435
0 0.0081512
0 0.00820806
0 0.00826491
0 0.00832176
0 0.00837861
0 0.00843546
0 0.00849231
0 0.00854916
0 0.00860601
0 0.00866287
0 0.00871972
0 0.00877657
0 0.00883342
0 0.00889027
0 0.00894712
0 0.00900397
0 0.00906083
0 0.00911768
0 0.00917453
0 0.00923138
0 0.00928823
0 0.00934508
0 0.00940193
0 0.00945878
0 0.00951564
0 0.00957249
0 0.00962934
0 0.00968619
0 0.00974304
0 0.00979989
0 0.00985674
0 0.0099136
0 0.00997045
0 0.0100273
0 0.0100841
0 0.010141
0 0.0101979
0 0.0102547
0 0.0103116
0 0.0103684
0 0.0104253
0 0.0104821
0 0.010539
0 0.0105958
0 0.0106527
0 0.0107095
0 0.0107664
0 0.0108232
0 0.0108801
0 0.0109369
0 0.0109938
0 0.0110506
0 0.0111075
0 0.0111643
0 0.0112212
0 0.011278
0 0.0113349
0 0.0113917
0 0.0114486
0 0.0115054
0 0.0115623
0 0.0116191
0 0.0117093
0 0.0118376
0 0.0119659
0 0.0120942
0 0.0122226
0 0.0123509
0 0.0124792
0 0.0126076
0 0.0127359
0 0.0128642
0 0.0129926
0 0.0131209
0 0.0132492
0 0.0133775
0 0.0135059
0 0.0136342
0 0.0137625
0 0.0138909
0 0.0140192
0 0.0141475
0 0.0142759
0 0.0144042
0 0.0145325
0 0.0146608
0 0.0147892
0 0.0149175
0 0.0150458
0 0.0151742
0 0.0153025
0 0.0154308
0 0.0155592
0 0.0154364
0 0.0153136
0 0.0151908
0 0.0150681
0 0.0149453
0 0.0148225
0 0.0146998
0 0.0145902
0 0.0145251
0 0.01446
0 0.0143948
0 0.0143297
0 0.0142646
0 0.0141995
0 0.0141343
0 0.0140692
0 0.0140041
0 0.013939
0 0.0138738
0 0.0138087
0 0.0137436
0 0.0136785
0 0.0136133
0 0.0135482
0 0.0134831
0 0.0134179
0 0.0133528
0 0.0132877
0 0.0132226
0 0.0131574
0 0.0130923
0 0.0130272
0 0.0129621
0 0.0128969
0 0.0128318
0 0.0127667
0 0.0127016
0 0.0126364
0 0.0125713
0 0.0125062
0 0.0124411
0 0.0123759
0 0.0123108
0 0.0122457
0 0.0121805
0 0.0121154
0 0.0120503
0 0.0119852
0 0.01192
0 0.0118549
0 0.0117898
0 0.0117247
0 0.0116595
0 0.0115944
0 0.0115293
0 0.0114527
0 0.0113779
0 0.0113031
0 0.0112282
0 0.0111534
0 0.0110786
0 0.0110037
0 0.0109289
0 0.0108541
0 0.0107792
0 0.0107044
0 0.0106296
0 0.0105547
0 0.0104799
0 0.0104051
0 0.0103302
0 0.0102554
0 0.0101806
0 0.0101057
0 0.0100309
0 0.00995607
0 0.00988124
0 0.00980641
0 0.00973157
0 0.00965674
0 0.00958191
0 0.00950707
0 0.00943224
0 0.00935741
0 0.00928257
0 0.00920774
0 0.00913291
0 0.00905807
0 0.00898324
0 0.00890841
0 0.00880312
0 0.00869701
0 0.00859089
0 0.00848477
0 0.00837866
0 0.00829459
0 0.00822172
0 0.00814885
0 0.00807598
0 0.00800312
0 0.00793025
0 0.00785738
0 0.00778451
0 0.00771165
0 0.00763878
0 0.00756591
0 0.00749304
0 0.00742017
0 0.00734731
0 0.00727444
0 0.00720157
0 0.0071287
0 0.00705584
0 0.00698297
0 0.0069101
0 0.00683723
0 0.00676436
0 0.0066915
0 0.00661863
0 0.00654576
0 0.00647289
0 0.00640003
0 0.00632716
0 0.00625429
0 0.00618142
0 0.00610855
0 0.00603569
0 0.00596282
0 0.00588995
0 0.00581708
0 0.00574421
0 0.00567135
0 0.00559848
0 0.00552561
0 0.00545274
0 0.00537988
0 0.00530701
0 0.00523414
0 0.00516127
0 0.0050884
0 0.00501554
0 0.00494267
0 0.0048698
0 0.00479693
0 0.00472407
0 0.0046512
0 0.00457833
0 0.00450546
0 0.00443259
0 0.00435973
0 0.00428686
0 0.00421399
0 0.00414112
0 0.00406826
0 0.00399539
0 0.00392252
0 0.00384965
0 0.00377678
0 0.00370392
0 0.00363105
0 0.00355818
0 0.00348531
0 0.00341245
0 0.00333958
0 0.00326671
0 0.00319384
0 0.00312097
0 0.00304811
0 0.00297524
0 0.00290237
0 0.0028295
0 0.00275664
0 0.00268377
0 0.0026109
0 0.00253803
0 0.00246516
0 0.0023923
0 0.00231943
0 0.00224656
0 0.00217369
0 0.00210083
0 0.00202796
0 0.00195509
0 0.00188222
0 0.00180935
0 0.00173649
0 0.00166362
0 0.00159075
0 0.00151788
0 0.00144502
0 0.00137215
0 0.00129928
0 0.00122641
0 0.00115354
0 0.00108068
0 0.00100781
0 0.000934941
0 0.000862073
0 0.000789205
0 0.000716338
0 0.00064347
0 0.000570602
0 0.000497734
0 0.000424866
0 0.000351999
0 0.000279131
0 0.000206263
0 0.000133395
0 6.05275e-05
0 -1.23403e-05
-0.0126729 -1.58119e-05
-0.0256315 -1.7719e-05
-0.0385901 -1.96261e-05
-0.0515487 -2.15332e-05
-0.0645073 -2.34403e-05
-0.0774659 -2.53474e-05
-0.0904245 -2.72545e-05
-0.103383 -2.91616e-05
-0.116342 -3.10687e-05
-0.1293 -3.29758e-05
-0.142259 -3.48829e-05
-0.155218 -3.679e-05
-0.168176 -3.86971e-05
-0.181135 -4.06042e-05
-0.194093 -4.25113e-05
-0.207052 -4.44184e-05
-0.220011 -4.63255e-05
-0.232969 -4.82326e-05
-0.245928 -5.01397e-05
-0.258886 -5.20468e-05
-0.271845 -5.3954e-05
-0.284804 -5.58611e-05
-0.297762 -5.77682e-05
-0.310721 -5.96753e-05
-0.323679 -6.15824e-05
-0.336638 -6.34895e-05
-0.349597 -6.53966e-05
-0.362555 -6.73037e-05
-0.375514 -6.92108e-05
-0.388473 -7.11179e-05
-0.401431 -7.3025e-05
-0.402381 -7.31648e-05
-0.403331 -7.33045e-05
-0.40428 -7.34443e-05
-0.40523 -7.35841e-05
-0.40618 -7.37239e-05
-0.40713 -7.38636e-05
-0.408079 -7.40034e-05
-0.409029 -7.41432e-05
-0.409979 -7.42829e-05
-0.410929 -7.44227e-05
-0.411878 -7.45625e-05
-0.412828 -7.47023e-05
-0.413778 -7.4842e-05
-0.414728 -7.49818e-05
-0.415677 -7.51216e-05
-0.416627 -7.52614e-05
-0.417577 -7.54011e-05
-0.418527 -7.55409e-05
-0.419476 -7.56807e-05
-0.420426 -7.58205e-05
-0.421376 -7.59602e-05
-0.422326 -7.61e-05
-0.423275 -7.62398e-05
-0.424225 -7.63796e-05
-0.425175 -7.65193e-05
-0.426125 -7.66591e-05
-0.427074 -7.67989e-05
-0.428024 -7.69386e-05
-0.428974 -7.70784e-05
-0.429924 -7.72182e-05
-0.430873 -7.7358e-05
-0.431823 -7.74977e-05
-0.432773 -7.76375e-05
-0.433723 -7.77773e-05
-0.434672 -7.79171e-05
-0.435622 -7.80568e-05
-0.436572 -7.81966e-05
-0.437522 -7.83364e-05
-0.438471 -7.84762e-05
-0.439421 -7.86159e-05
-0.38817 -7.11341e-05
-0.33692 -6.36522e-05
-0.285669 -5.61703e-05
-0.234418 -4.86884e-05
-0.183167 -4.12066e-05
-0.131916 -3.37247e-05
-0.0806654 -2.62428e-05
-0.0294146 -1.8761e-05
0 1.32812e-05
0 7.84074e-05
0 0.000143534
0 0.00020866
0 0.000273786
0 0.000338912
0 0.000404038
0 0.000469165
0 0.000534291
0 0.000599417
0 0.000664543
0 0.000729669
0 0.000794796
0 0.000859922
0 0.000925048
0 0.000990174
0 0.0010553
0 0.00112043
0 0.00118555
0 0.00125068
0 0.00131581
0 0.00138093
0 0.00144606
0 0.00151118
0 0.00157631
0 0.00164144
0 0.00170656
0 0.00177169
0 0.00183681
0 0.00190194
0 0.00196707
0 0.00203219
0 0.00209732
0 0.00216245
0 0.00222757
0 0.0022927
0 0.00235782
0 0.00242295
0 0.00248808
0 0.0025532
0 0.00261833
0 0.00268346
0 0.00274858
0 0.00281371
0 0.00287883
0 0.00294396
0 0.00300909
0 0.00306962
0 0.00311167
0 0.00315638
0 0.00320109
0 0.0032458
0 0.0032905
0 0.00333521
0 0.00337992
0 0.00342462
0 0.00346933
0 0.00351404
0 0.00355875
0 0.00360345
0 0.00364816
0 0.00369287
0 0.00373757
0 0.00378228
0 0.00382699
0 0.0038717
0 0.0039164
0 0.00396111
0 0.00400582
0 0.00405052
0 0.00409523
0 0.00413994
0 0.00418465
0 0.00422935
0 0.00427406
0 0.00431877
0 0.00436348
0 0.00440818
0 0.00445289
0 0.0044976
0 0.0045423
0 0.00458701
0 0.00463172
0 0.00467643
0 0.00472113
0 0.00476584
0 0.00481055
0 0.00485525
0 0.00489996
0 0.00494467
0 0.00497826
0 0.00499712
0 0.00501597
0 0.00503483
0 0.00505369
0 0.00507255
0 0.00509141
0 0.00513268
0 0.00518089
0 0.0052291
0 0.00527731
0 0.00532552
0 0.00537373
0 0.00542194
0 0.00547015
0 0.00551836
0 0.00556657
0 0.00561478
0 0.00566299
0 0.0057112
0 0.00575941
0 0.00580762
0 0.00585583
0 0.00590404
0 0.00595225
0 0.00600046
0 0.00604867
0 0.00609688
0 0.00614509
0 0.0061933
0 0.00624151
0 0.00628972
0 0.00633793
0 0.00638614
0 0.00643435
0 0.00648256
0 0.00653077
0 0.00657898
0 0.00662719
0 0.0066754
0 0.00672361
0 0.00677182
0 0.00682003
0 0.00686824
0 0.00691645
0 0.00696466
0 0.00701287
0 0.00706108
0 0.00710929
0 0.0071575
0 0.00720571
0 0.00725392
0 0.00730213
0 0.00735034
0 0.00739855
0 0.00744676
0 0.00749497
0 0.00754318
0 0.00759139
0 0.0076396
0 0.00768781
0 0.00773602
0 0.00778423
0 0.00783244
0 0.00788065
0 0.00792887
0 0.00797708
0 0.00802529
0 0.0080735
0 0.00812171
0 0.00816992
0 0.00821813
0 0.00826634
0 0.00831455
0 0.00836276
0 0.00841097
0 0.00845918
0 0.00850739
0 0.0085556
0 0.00860381
0 0.00865202
0 0.00870023
0 0.00874844
0 0.00879665
0 0.00884486
0 0.00889307
0 0.00894128
0 0.00898949
0 0.0090377
0 0.00908591
0 0.00913412
0 0.00918233
0 0.00923054
0 0.00927875
0 0.00932696
0 0.00937517
0 0.00942338
0 0.00947159
0 0.0095198
0 0.00956801
0 0.00961622
0 0.00966443
0 0.00971264
0 0.00976085
0 0.00980906
0 0.00985727
0 0.00990548
0 0.00995369
0 0.0100019
0 0.0100501
0 0.0100983
0 0.0101465
0 0.0101947
0 0.010243
0 0.0102912
0 0.0103394
0 0.0103876
0 0.0104358
0 0.010484
0 0.0105322
0 0.0105804
0 0.0106286
0 0.0106768
0 0.0107251
0 0.0107733
0 0.0108215
0 0.0108697
0 0.0109179
0 0.0109661
0 0.0110143
0 0.0110625
0 0.0111107
0 0.0111589
0 0.0112072
0 0.0112554
0 0.0113036
0 0.0113518
0 0.0114
0 0.0114482
0 0.0114964
0 0.0115446
0 0.0115928
0 0.011641
0 0.0116893
0 0.0117375
0 0.0117857
0 0.0118339
0 0.0118821
0 0.0119303
0 0.0119785
0 0.0120267
0 0.0120749
0 0.0121231
0 0.0121714
0 0.0122196
0 0.0122678
0 0.012316
0 0.0123642
0 0.0124898
0 0.0126181
0 0.0127465
0 0.0128748
0 0.0130031
0 0.0131314
0 0.0132598
0 0.0133881
0 0.0135164
0 0.0136447
0 0.0137731
0 0.0139014
0 0.0140297
0 0.014158
0 0.0142864
0 0.0144147
0 0.014543
0 0.0146713
0 0.0147997
0 0.014928
0 0.0150563
0 0.0151846
0 0.015313
0 0.0154413
0 0.0155698
0 0.0156999
0 0.01583
0 0.0159601
0 0.0160902
0 0.0162203
0 0.0163504
0 0.0164805
0 0.0166107
0 0.0167408
0 0.0168709
0 0.017001
0 0.0171311
0 0.0172612
0 0.0173913
0 0.0175214
0 0.0176516
0 0.0177817
0 0.0179118
0 0.0180419
0 0.018172
0 0.0183021
0 0.0184322
0 0.0185623
0 0.0186925
0 0.0188226
0 0.0189527
0 0.0190828
0 0.0192129
0 0.019343
0 0.0194731
0 0.0196032
0 0.0197334
0 0.0198635
0 0.0199936
0 0.0201237
0 0.0202538
0 0.0203839
0 0.020514
0 0.0206441
0 0.0207743
0 0.0209044
0 0.0207816
0 0.0206588
0 0.0205361
0 0.0204133
0 0.0202905
0 0.0201677
0 0.020045
0 0.0199726
0 0.0199075
0 0.0198423
0 0.0197772
0 0.0197121
0 0.019647
0 0.0195818
0 0.0195167
0 0.0194516
0 0.0193864
0 0.0193213
0 0.0192562
0 0.0191911
0 0.0191259
0 0.0190608
0 0.0189957
0 0.0189306
0 0.0188654
0 0.0188003
0 0.0187352
0 0.0186701
0 0.0186049
0 0.0185398
0 0.0184747
0 0.0184096
0 0.0183444
0 0.0182793
0 0.0182142
0 0.018149
0 0.0180839
0 0.0180188
0 0.0179537
0 0.0178885
0 0.0178234
0 0.0177583
0 0.0176932
0 0.017628
0 0.0175629
0 0.0174978
0 0.0174327
0 0.0173675
0 0.0173024
0 0.0172373
0 0.0171722
0 0.017107
0 0.0170419
0 0.0169768
0 0.0169117
0 0.0168465
0 0.0167814
0 0.0166978
0 0.0166242
0 0.0165507
0 0.0164771
0 0.0164035
0 0.01633
0 0.0162564
0 0.0161828
0 0.0161092
0 0.0160357
0 0.0159621
0 0.0158885
0 0.015815
0 0.0157414
0 0.0156678
0 0.0155943
0 0.0155207
0 0.0154471
0 0.0153736
0 0.0153
0 0.0152264
0 0.0151528
0 0.0150793
0 0.0150057
0 0.0149321
0 0.0148586
0 0.014785
0 0.0147114
0 0.0146379
0 0.0145643
0 0.0144907
0 0.0144172
0 0.0143436
0 0.01427
0 0.0141964
0 0.0141229
0 0.0140493
0 0.0139757
0 0.0139022
0 0.0138286
0 0.013755
0 0.0136815
0 0.0136079
0 0.0135343
0 0.0134608
0 0.0133872
0 0.0133136
0 0.01324
0 0.0131665
0 0.0130851
0 0.0129809
0 0.0128767
0 0.0127724
0 0.0126682
0 0.012564
0 0.0124597
0 0.0123555
0 0.0122513
0 0.012147
0 0.0120628
0 0.0119905
0 0.0119182
0 0.0118459
0 0.0117736
0 0.0117013
0 0.011629
0 0.0115567
0 0.0114845
0 0.0114122
0 0.0113399
0 0.0112676
0 0.0111953
0 0.011123
0 0.0110507
0 0.0109784
0 0.0109061
0 0.0108338
0 0.0107615
0 0.0106892
0 0.0106169
0 0.0105446
0 0.0104723
0 0.0104
0 0.0103278
0 0.0102555
0 0.0101832
0 0.0101109
0 0.0100386
0 0.00996628
0 0.00989399
0 0.0098217
0 0.0097494
0 0.00967711
0 0.00960482
0 0.00953252
0 0.00946023
0 0.00938793
0 0.00931564
0 0.00924335
0 0.00917105
0 0.00909876
0 0.00902647
0 0.00895417
0 0.00888188
0 0.00880959
0 0.00873729
0 0.008665
0 0.0085927
0 0.00852041
0 0.00844812
0 0.00837582
0 0.00830353
0 0.00823124
0 0.00815894
0 0.00808665
0 0.00801435
0 0.00794206
0 0.00786977
0 0.00779747
0 0.00772518
0 0.00765289
0 0.00758059
0 0.0075083
0 0.007436
0 0.00736371
0 0.00729142
0 0.00721912
0 0.00714683
0 0.00707454
0 0.00700224
0 0.00692995
0 0.00685766
0 0.00678536
0 0.00671307
0 0.00664077
0 0.00656848
0 0.00649619
0 0.00642389
0 0.0063516
0 0.00627931
0 0.00620701
0 0.00613472
0 0.00606242
0 0.00599013
0 0.00591784
0 0.00584554
0 0.00577325
0 0.00570096
0 0.00562866
0 0.00555637
0 0.00548408
0 0.00541178
0 0.00533949
0 0.00526719
0 0.0051949
0 0.00512261
0 0.00505031
0 0.00497802
0 0.00490573
0 0.00483343
0 0.00476114
0 0.00468884
0 0.00461655
0 0.00454426
0 0.00447196
0 0.00439967
0 0.00432738
0 0.00425508
0 0.00418279
0 0.00411049
0 0.0040382
0 0.00396591
0 0.00389361
0 0.00382132
0 0.00374903
0 0.00367673
0 0.00360444
0 0.00353215
0 0.00345985
0 0.00338756
0 0.00331526
0 0.00324297
0 0.00317068
0 0.00309838
0 0.00302609
0 0.0029538
0 0.0028815
0 0.00280921
0 0.00273691
0 0.00266462
0 0.00259233
0 0.00252003
0 0.00244774
0 0.00237545
0 0.00230315
0 0.00223086
0 0.00215857
0 0.00208627
0 0.00201398
0 0.00194168
0 0.00186939
0 0.0017971
0 0.0017248
0 0.00165251
0 0.00158022
0 0.00150792
0 0.00143563
0 0.00136333
0 0.00129104
0 0.00121875
0 0.00114645
0 0.00107416
0 0.00100187
0 0.000929572
0 0.000857279
0 0.000784985
0 0.000712691
0 0.000640398
0 0.000568104
0 0.00049581
0 0.000423516
0 0.000351223
0 0.000278929
0 0.000206635
0 0.000134342
0 6.2048e-05
0 -1.02457e-05
-0.00914379 -1.52925e-05
-0.018781 -1.67108e-05
-0.0284181 -1.81291e-05
-0.0380553 -1.95474e-05
-0.0476925 -2.09657e-05
-0.0573297 -2.2384e-05
-0.0669669 -2.38023e-05
-0.076604 -2.52206e-05
-0.0862412 -2.66389e-05
-0.0958784 -2.80571e-05
-0.105516 -2.94754e-05
-0.115153 -3.08937e-05
-0.12479 -3.2312e-05
-0.134427 -3.37303e-05
-0.144064 -3.51486e-05
-0.153701 -3.65669e-05
-0.163339 -3.79852e-05
-0.172976 -3.94035e-05
-0.182613 -4.08218e-05
-0.19225 -4.22401e-05
-0.201887 -4.36584e-05
-0.211525 -4.50767e-05
-0.221162 -4.64949e-05
-0.230799 -4.79132e-05
-0.240436 -4.93315e-05
-0.250073 -5.07498e-05
-0.25971 -5.21681e-05
-0.269348 -5.35864e-05
-0.278985 -5.50047e-05
-0.288622 -5.6423e-05
-0.298259 -5.78413e-05
-0.307896 -5.92596e-05
-0.317533 -6.06779e-05
-0.327171 -6.20962e-05
-0.336808 -6.35144e-05
-0.346445 -6.49327e-05
-0.356082 -6.6351e-05
-0.364988 -6.76617e-05
-0.313737 -6.01798e-05
-0.262487 -5.2698e-05
-0.211236 -4.52161e-05
-0.159985 -3.77342e-05
-0.108734 -3.02524e-05
-0.0574833 -2.27705e-05
-0.00623243 -1.52886e-05
0 4.28277e-05
0 0.000107954
0 0.00017308
0 0.000238206
0 0.000303332
0 0.000368459
0 0.000433585
0 0.000498711
0 0.000563837
0 0.000628964
0 0.00069409
0 0.000759216
0 0.000824342
0 0.000889468
0 0.000954595
0 0.00101972
0 0.00108485
0 0.00114997
0 0.0012151
0 0.00128023
0 0.00134535
0 0.00141048
0 0.0014756
0 0.00154073
0 0.00160586
0 0.00167098
0 0.00173611
0 0.00180124
0 0.00186636
0 0.00193149
0 0.00199661
0 0.00206174
0 0.00212687
0 0.00219199
0 0.00225712
0 0.00232224
0 0.00238737
0 0.0024525
0 0.00251762
0 0.00258275
0 0.00264788
0 0.002713
0 0.00277813
0 0.00284325
0 0.00290838
0 0.00297351
0 0.00303863
0 0.00310376
0 0.00316889
0 0.00323401
0 0.00328071
0 0.00333742
0 0.00339413
0 0.00345084
0 0.00350756
0 0.00356427
0 0.00362098
0 0.00367769
0 0.0037344
0 0.00379111
0 0.00384782
0 0.00390454
0 0.00396125
0 0.00401796
0 0.00407467
0 0.00413138
0 0.00418809
0 0.00424481
0 0.00430152
0 0.00435823
0 0.00441494
0 0.00447165
0 0.00452836
0 0.00458508
0 0.00464179
0 0.0046985
0 0.00475521
0 0.00481192
0 0.00486863
0 0.00492535
0 0.00498206
0 0.00503877
0 0.00509548
0 0.00515219
0 0.0052089
0 0.00526562
0 0.00532233
0 0.00537904
0 0.00543575
0 0.00549246
0 0.00554917
0 0.00560589
0 0.0056626
0 0.00571931
0 0.00577602
0 0.00583273
0 0.00588944
0 0.00594615
0 0.00600287
0 0.00605239
0 0.00607843
0 0.00610446
0 0.0061305
0 0.00615653
0 0.00618257
0 0.0062086
0 0.00623464
0 0.00626068
0 0.00628671
0 0.00633194
0 0.00638992
0 0.0064479
0 0.00650589
0 0.00656387
0 0.00662185
0 0.00667983
0 0.00673782
0 0.0067958
0 0.00685378
0 0.00691176
0 0.00696975
0 0.00702773
0 0.00708571
0 0.00714369
0 0.00720168
0 0.00725966
0 0.00731764
0 0.00737563
0 0.00743361
0 0.00749159
0 0.00754957
0 0.00760756
0 0.00766554
0 0.00772352
0 0.0077815
0 0.00783949
0 0.00789747
0 0.00795545
0 0.00801343
0 0.00807142
0 0.0081294
0 0.00818738
0 0.00824536
0 0.00830335
0 0.00836133
0 0.00841931
0 0.00847729
0 0.00853528
0 0.00859326
0 0.00865124
0 0.00870922
0 0.00876721
0 0.00882519
0 0.00888317
0 0.00894116
0 0.00899914
0 0.00905712
0 0.0091151
0 0.00917309
0 0.00923107
0 0.00928905
0 0.00934703
0 0.00940502
0 0.009463
0 0.00952098
0 0.00957896
0 0.00963695
0 0.00969493
0 0.00975291
0 0.00981089
0 0.00986888
0 0.00992686
0 0.00998484
0 0.0100428
0 0.0101008
0 0.0101588
0 0.0102168
0 0.0102748
0 0.0103327
0 0.0103907
0 0.0104487
0 0.0105067
0 0.0105647
0 0.0106227
0 0.0106806
0 0.0107386
0 0.0107966
0 0.0108546
0 0.0109126
0 0.0109705
0 0.0110285
0 0.0110865
0 0.0111445
0 0.0112025
0 0.0112605
0 0.0113184
0 0.0113764
0 0.0114344
0 0.0114924
0 0.0115504
0 0.0116084
0 0.0116663
0 0.0117243
0 0.0117823
0 0.0118403
0 0.0118983
0 0.0119563
0 0.0120142
0 0.0120722
0 0.0121302
0 0.0121882
0 0.0122462
0 0.0123041
0 0.0123621
0 0.0124201
0 0.0124781
0 0.0125361
0 0.0125941
0 0.012652
0 0.01271
0 0.012768
0 0.012826
0 0.012884
0 0.012942
0 0.0129999
0 0.0130579
0 0.0131159
0 0.0131739
0 0.0132319
0 0.0132898
0 0.0133478
0 0.0134058
0 0.0134638
0 0.0135218
0 0.0135798
0 0.0136377
0 0.0136957
0 0.0137537
0 0.0138117
0 0.0138697
0 0.0139277
0 0.0139856
0 0.0140436
0 0.0141016
0 0.0141596
0 0.0142176
0 0.0142756
0 0.0143335
0 0.0143915
0 0.0144495
0 0.0145075
0 0.0145655
0 0.0146234
0 0.0146814
0 0.0147394
0 0.0147974
0 0.0148554
0 0.0149134
0 0.0149713
0 0.0150293
0 0.0150873
0 0.0151453
0 0.0152033
0 0.0152613
0 0.0153192
0 0.0153772
0 0.0154352
0 0.0154932
0 0.0155512
0 0.0156092
0 0.0156671
0 0.0157251
0 0.0157831
0 0.0158411
0 0.0158991
0 0.015957
0 0.016015
0 0.0161374
0 0.0162663
0 0.0163951
0 0.016524
0 0.0166528
0 0.0167816
0 0.0169105
0 0.0170393
0 0.0171681
0 0.017297
0 0.0174258
0 0.0175546
0 0.0176835
0 0.0178123
0 0.0179411
0 0.01807
0 0.0181988
0 0.0183277
0 0.0184565
0 0.0185853
0 0.0187142
0 0.018843
0 0.0189718
0 0.0191007
0 0.0192295
0 0.0193583
0 0.0194872
0 0.019616
0 0.0197449
0 0.0198737
0 0.0200025
0 0.0201314
0 0.0202602
0 0.020389
0 0.0205179
0 0.0206467
0 0.0207755
0 0.0209044
0 0.0207816
0 0.0206588
0 0.0205361
0 0.0204133
0 0.0202905
0 0.0201678
0 0.020045
0 0.0199727
0 0.0199076
0 0.0198425
0 0.0197773
0 0.0197122
0 0.0196471
0 0.019582
0 0.0195168
0 0.0194517
0 0.0193866
0 0.0193215
0 0.0192563
0 0.0191912
0 0.0191261
0 0.019061
0 0.0189958
0 0.0189307
0 0.0188656
0 0.0188005
0 0.0187353
0 0.0186702
0 0.0186051
0 0.01854
0 0.0184748
0 0.0184097
0 0.0183446
0 0.0182794
0 0.0182143
0 0.0181492
0 0.0180841
0 0.0180189
0 0.0179538
0 0.0178887
0 0.0178236
0 0.0177584
0 0.0176933
0 0.0176282
0 0.0175631
0 0.0174979
0 0.0174328
0 0.0173677
0 0.0173026
0 0.0172374
0 0.0171723
0 0.0171072
0 0.017042
0 0.0169769
0 0.0169118
0 0.0168467
0 0.0167815
0 0.016698
0 0.0166244
0 0.0165509
0 0.0164773
0 0.0164038
0 0.0163302
0 0.0162567
0 0.0161831
0 0.0161096
0 0.016036
0 0.0159625
0 0.0158889
0 0.0158154
0 0.0157418
0 0.0156683
0 0.0155947
0 0.0155212
0 0.0154476
0 0.0153741
0 0.0153006
0 0.015227
0 0.0151535
0 0.0150799
0 0.0150064
0 0.0149328
0 0.0148593
0 0.0147857
0 0.0147122
0 0.0146386
0 0.0145651
0 0.0144915
0 0.014418
0 0.0143444
0 0.0142709
0 0.0141973
0 0.0141238
0 0.0140502
0 0.0139767
0 0.0139031
0 0.0138296
0 0.013756
0 0.0136825
0 0.0136089
0 0.0135354
0 0.0134618
0 0.0133883
0 0.0133147
0 0.0132412
0 0.0131676
0 0.0130868
0 0.0129826
0 0.0128784
0 0.0127742
0 0.0126699
0 0.0125657
0 0.0124615
0 0.0123573
0 0.0122531
0 0.0121488
0 0.0120639
0 0.0119916
0 0.0119194
0 0.0118471
0 0.0117748
0 0.0117025
0 0.0116302
0 0.011558
0 0.0114857
0 0.0114134
0 0.0113411
0 0.0112689
0 0.0111966
0 0.0111243
0 0.011052
0 0.0109798
0 0.0109075
0 0.0108352
0 0.0107629
0 0.0106907
0 0.0106184
0 0.0105461
0 0.0104738
0 0.0104016
0 0.0103293
0 0.010257
0 0.0101847
0 0.0101124
0 0.0100402
0 0.00996789
0 0.00989562
0 0.00982334
0 0.00975107
0 0.00967879
0 0.00960651
0 0.00953424
0 0.00946196
0 0.00938968
0 0.00931741
0 0.00924513
0 0.00917286
0 0.00910058
0 0.0090283
0 0.00895603
0 0.00888375
0 0.00881147
0 0.0087392
0 0.00866692
0 0.00859465
0 0.00852237
0 0.00845009
0 0.00837782
0 0.00830554
0 0.00823326
0 0.00816099
0 0.00808871
0 0.00801643
0 0.00794416
0 0.00787188
0 0.00779961
0 0.00772733
0 0.00765505
0 0.00758278
0 0.0075105
0 0.00743822
0 0.00736595
0 0.00729367
0 0.0072214
0 0.00714912
0 0.00707684
0 0.00700457
0 0.00693229
0 0.00686001
0 0.00678774
0 0.00671546
0 0.00664319
0 0.00657091
0 0.00649863
0 0.00642636
0 0.00635408
0 0.0062818
0 0.00620953
0 0.00613725
0 0.00606498
0 0.0059927
0 0.00592042
0 0.00584815
0 0.00577587
0 0.00570359
0 0.00563132
0 0.00555904
0 0.00548677
0 0.00541449
0 0.00534221
0 0.00526994
0 0.00519766
0 0.00512538
0 0.00505311
0 0.00498083
0 0.00490856
0 0.00483628
0 0.004764
0 0.00469173
0 0.00461945
0 0.00454717
0 0.0044749
0 0.00440262
0 0.00433035
0 0.00425807
0 0.00418579
0 0.00411352
0 0.00404124
0 0.00396896
0 0.00389669
0 0.00382441
0 0.00375214
0 0.00367986
0 0.00360758
0 0.00353531
0 0.00346303
0 0.00339075
0 0.00331848
0 0.0032462
0 0.00317392
0 0.00310165
0 0.00302937
0 0.0029571
0 0.00288482
0 0.00281254
0 0.00274027
0 0.00266799
0 0.00259571
0 0.00252344
0 0.00245116
0 0.00237889
0 0.00230661
0 0.00223433
0 0.00216206
0 0.00208978
0 0.0020175
0 0.00194523
0 0.00187295
0 0.00180068
0 0.0017284
0 0.00165612
0 0.00158385
0 0.00151157
0 0.00143929
0 0.00136702
0 0.00129474
0 0.00122247
0 0.00115019
0 0.00107791
0 0.00100564
0 0.000933361
0 0.000861084
0 0.000788808
0 0.000716532
0 0.000644256
0 0.000571979
0 0.000499703
0 0.000427427
0 0.00035515
0 0.000282874
0 0.000210598
0 0.000138322
0 6.60454e-05
0 -6.23085e-06
-0.00860372 -1.5213e-05
-0.0182357 -1.66306e-05
-0.0278677 -1.80481e-05
-0.0374997 -1.94656e-05
-0.0471318 -2.08832e-05
-0.0567638 -2.23007e-05
-0.0663958 -2.37182e-05
-0.0760278 -2.51358e-05
-0.0856598 -2.65533e-05
-0.0952918 -2.79708e-05
-0.104924 -2.93883e-05
-0.114556 -3.08059e-05
-0.124188 -3.22234e-05
-0.13382 -3.36409e-05
-0.143452 -3.50585e-05
-0.153084 -3.6476e-05
-0.162716 -3.78935e-05
-0.172348 -3.93111e-05
-0.18198 -4.07286e-05
-0.191612 -4.21461e-05
-0.201244 -4.35637e-05
-0.210876 -4.49812e-05
-0.220508 -4.63987e-05
-0.23014 -4.78163e-05
-0.239772 -4.92338e-05
-0.249404 -5.06513e-05
-0.259036 -5.20688e-05
-0.268668 -5.34864e-05
-0.2783 -5.49039e-05
-0.287932 -5.63214e-05
-0.297564 -5.7739e-05
-0.307196 -5.91565e-05
-0.316828 -6.0574e-05
-0.32646 -6.19916e-05
-0.336092 -6.34091e-05
-0.345724 -6.48266e-05
-0.355356 -6.62442e-05
-0.364988 -6.76617e-05
-0.365941 -6.78019e-05
-0.366893 -6.79421e-05
-0.367846 -6.80822e-05
-0.368798 -6.82224e-05
-0.369751 -6.83626e-05
-0.370703 -6.85028e-05
-0.371656 -6.8643e-05
-0.372608 -6.87831e-05
-0.373561 -6.89233e-05
-0.374513 -6.90635e-05
-0.375466 -6.92037e-05
-0.376418 -6.93439e-05
-0.377371 -6.9484e-05
-0.378323 -6.96242e-05
-0.379276 -6.97644e-05
-0.380228 -6.99046e-05
-0.381181 -7.00448e-05
-0.382133 -7.01849e-05
-0.383086 -7.03251e-05
-0.384038 -7.04653e-05
-0.384991 -7.06055e-05
-0.385943 -7.07457e-05
-0.386896 -7.08858e-05
-0.387848 -7.1026e-05
-0.388801 -7.11662e-05
-0.389753 -7.13064e-05
-0.390706 -7.14466e-05
-0.391658 -7.15867e-05
-0.392611 -7.17269e-05
-0.393563 -7.18671e-05
-0.394516 -7.20073e-05
-0.395468 -7.21475e-05
-0.396421 -7.22876e-05
-0.397373 -7.24278e-05
-0.398326 -7.2568e-05
-0.399278 -7.27082e-05
-0.400231 -7.28484e-05
-0.401183 -7.29885e-05
-0.402136 -7.31287e-05
-0.403088 -7.32689e-05
-0.404041 -7.34091e-05
-0.404993 -7.35493e-05
-0.405946 -7.36894e-05
-0.406899 -7.38296e-05
-0.407851 -7.39698e-05
-0.408804 -7.411e-05
-0.409756 -7.42502e-05
-0.410709 -7.43903e-05
-0.411661 -7.45305e-05
-0.412614 -7.46707e-05
-0.413566 -7.48109e-05
-0.414519 -7.49511e-05
-0.415471 -7.50912e-05
-0.416424 -7.52314e-05
-0.417376 -7.53716e-05
-0.418329 -7.55118e-05
-0.419281 -7.5652e-05
-0.420234 -7.57921e-05
-0.421186 -7.59323e-05
-0.422139 -7.60725e-05
-0.423091 -7.62127e-05
-0.424044 -7.63529e-05
-0.424996 -7.6493e-05
-0.425949 -7.66332e-05
-0.426901 -7.67734e-05
-0.427854 -7.69136e-05
-0.428806 -7.70538e-05
-0.429759 -7.71939e-05
-0.430711 -7.73341e-05
-0.431664 -7.74743e-05
-0.432616 -7.76145e-05
-0.433569 -7.77547e-05
-0.434521 -7.78948e-05
-0.435474 -7.8035e-05
-0.436426 -7.81752e-05
-0.437379 -7.83154e-05
-0.438331 -7.84556e-05
-0.439284 -7.85957e-05
-0.440236 -7.87359e-05
-0.441189 -7.88761e-05
-0.389938 -7.13942e-05
-0.338687 -6.39124e-05
-0.287436 -5.64305e-05
-0.236186 -4.89486e-05
-0.184935 -4.14667e-05
-0.133684 -3.39849e-05
-0.0824332 -2.6503e-05
-0.0311824 -1.90211e-05
0 1.10327e-05
0 7.61589e-05
0 0.000141285
0 0.000206411
0 0.000271538
0 0.000336664
0 0.00040179
0 0.000466916
0 0.000532042
0 0.000597169
0 0.000662295
0 0.000727421
0 0.000792547
0 0.000857673
0 0.0009228
0 0.000987926
0 0.00105305
0 0.00111818
0 0.0011833
0 0.00124843
0 0.00131356
0 0.00137868
0 0.00144381
0 0.00150894
0 0.00157406
0 0.00163919
0 0.00170431
0 0.00176944
0 0.00183457
0 0.00189969
0 0.00196482
0 0.00202995
0 0.00209507
0 0.0021602
0 0.00222532
0 0.00229045
0 0.00235558
0 0.0024207
0 0.00248583
0 0.00255095
0 0.00261608
0 0.00268121
0 0.00274633
0 0.00281146
0 0.00287659
0 0.00294171
0 0.00300684
0 0.00307196
0 0.00313709
0 0.00320222
0 0.00324692
0 0.00328544
0 0.00332857
0 0.00337169
0 0.00341482
0 0.00345794
0 0.00350107
0 0.00354419
0 0.00358732
0 0.00363044
0 0.00367357
0 0.00371669
0 0.00375982
0 0.00380294
0 0.00384607
0 0.00388919
0 0.00393232
0 0.00397545
0 0.00401857
0 0.0040617
0 0.00410482
0 0.00414795
0 0.00419107
0 0.0042342
0 0.00427732
0 0.00432045
0 0.00436357
0 0.0044067
0 0.00444982
0 0.00449295
0 0.00453607
0 0.0045792
0 0.00462232
0 0.00466545
0 0.00470857
0 0.0047517
0 0.00479482
0 0.00483795
0 0.00488107
0 0.0049242
0 0.00496732
0 0.00501045
0 0.00505357
0 0.0050967
0 0.00513982
0 0.00518295
0 0.00522608
0 0.0052692
0 0.00531233
0 0.00535545
0 0.00539858
0 0.0054417
0 0.00548483
0 0.00552795
0 0.00557108
0 0.0056142
0 0.00565733
0 0.00570045
0 0.00574358
0 0.0057867
0 0.00582983
0 0.00587295
0 0.00591608
0 0.0059592
0 0.00600233
0 0.00604146
0 0.00606025
0 0.00607904
0 0.00609783
0 0.00611662
0 0.00613541
0 0.0061542
0 0.00617299
0 0.00619178
0 0.00621057
0 0.00622936
0 0.00624815
0 0.00626694
0 0.00628573
0 0.00632627
0 0.00637202
0 0.00641776
0 0.00646351
0 0.00650925
0 0.006555
0 0.00660074
0 0.00664649
0 0.00669224
0 0.00673798
0 0.00678373
0 0.00682947
0 0.00687522
0 0.00692096
0 0.00696671
0 0.00701245
0 0.0070582
0 0.00710395
0 0.00714969
0 0.00719544
0 0.00724118
0 0.00728693
0 0.00733267
0 0.00737842
0 0.00742416
0 0.00746991
0 0.00751566
0 0.0075614
0 0.00760715
0 0.00765289
0 0.00769864
0 0.00774438
0 0.00779013
0 0.00783587
0 0.00788162
0 0.00792737
0 0.00797311
0 0.00801886
0 0.0080646
0 0.00811035
0 0.00815609
0 0.00820184
0 0.00824758
0 0.00829333
0 0.00833908
0 0.00838482
0 0.00843057
0 0.00847631
0 0.00852206
0 0.0085678
0 0.00861355
0 0.00865929
0 0.00870504
0 0.00875079
0 0.00879653
0 0.00884228
0 0.00888802
0 0.00893377
0 0.00897951
0 0.00902526
0 0.009071
0 0.00911675
0 0.0091625
0 0.00920824
0 0.00925399
0 0.00929973
0 0.00934548
0 0.00939122
0 0.00943697
0 0.00948271
0 0.00952846
0 0.00957421
0 0.00961995
0 0.0096657
0 0.00971144
0 0.00975719
0 0.00980293
0 0.00984868
0 0.00989442
0 0.00994017
0 0.00998592
0 0.0100317
0 0.0100774
0 0.0101232
0 0.0101689
0 0.0102146
0 0.0102604
0 0.0103061
0 0.0103519
0 0.0103976
0 0.0104434
0 0.0104891
0 0.0105349
0 0.0105806
0 0.0106264
0 0.0106721
0 0.0107178
0 0.0107636
0 0.0108093
0 0.0108551
0 0.0109008
0 0.0109466
0 0.0109923
0 0.0110381
0 0.0110838
0 0.0111296
0 0.0111753
0 0.011221
0 0.0112668
0 0.0113125
0 0.0113583
0 0.011404
0 0.0114498
0 0.0114955
0 0.0115413
0 0.011587
0 0.0116328
0 0.0116785
0 0.0117242
0 0.01177
0 0.0118157
0 0.0118615
0 0.0119072
0 0.011953
0 0.0119987
0 0.0120445
0 0.0120902
0 0.012136
0 0.0121817
0 0.0122274
0 0.0122732
0 0.0123189
0 0.0123647
0 0.0124104
0 0.0124562
0 0.0125019
0 0.0125477
0 0.0125934
0 0.0126392
0 0.0126849
0 0.0127306
0 0.0127764
0 0.0128221
0 0.0128679
0 0.0129136
0 0.0129594
0 0.0130051
0 0.0130509
0 0.0130966
0 0.0131424
0 0.0131881
0 0.0132339
0 0.0132796
0 0.0133253
0 0.0133711
0 0.0134168
0 0.0134626
0 0.0135083
0 0.0135541
0 0.0135998
0 0.0136456
0 0.0136913
0 0.0137371
0 0.0137828
0 0.0138285
0 0.0138743
0 0.01392
0 0.0139658
0 0.0140115
0 0.0140573
0 0.014103
0 0.0141488
0 0.0141945
0 0.0142403
0 0.014286
0 0.0143317
0 0.0143775
0 0.0144232
0 0.014469
0 0.0145147
0 0.0145605
0 0.0146062
0 0.014652
0 0.0146977
0 0.0147435
0 0.0147892
0 0.0148349
0 0.0148807
0 0.0149264
0 0.0149722
0 0.0150179
0 0.0150637
0 0.0151094
0 0.0151552
0 0.0152009
0 0.0152467
0 0.0152924
0 0.0153381
0 0.0153839
0 0.0154296
0 0.0154754
0 0.0155211
0 0.0155669
0 0.0156126
0 0.0156584
0 0.0157041
0 0.0157499
0 0.0157956
0 0.0158413
0 0.0158871
0 0.0159328
0 0.0159786
0 0.0160243
0 0.0160701
0 0.0161158
0 0.0161616
0 0.0162073
0 0.0162531
0 0.0162988
0 0.0163445
0 0.0163903
0 0.016436
0 0.0164818
0 0.0165275
0 0.0165733
0 0.016619
0 0.0166648
0 0.0167105
0 0.0167563
0 0.016802
0 0.0168477
0 0.0168935
0 0.0169392
0 0.016985
0 0.0170502
0 0.017179
0 0.0173078
0 0.0174367
0 0.0175655
0 0.0176943
0 0.0178232
0 0.017952
0 0.0180808
0 0.0182097
0 0.0183385
0 0.0184673
0 0.0185962
0 0.018725
0 0.0188538
0 0.0189827
0 0.0191115
0 0.0192403
0 0.0193692
0 0.019498
0 0.0196268
0 0.0197557
0 0.0198845
0 0.0200133
0 0.0201422
0 0.020271
0 0.0203998
0 0.0205287
0 0.0206575
0 0.0207863
0 0.0209153
0 0.0210454
0 0.0211755
0 0.0213056
0 0.0214357
0 0.0215658
0 0.0216959
0 0.021826
0 0.0219562
0 0.0220863
0 0.0222164
0 0.0223465
0 0.0224766
0 0.0226067
0 0.0227368
0 0.0228669
0 0.0229971
0 0.0231272
0 0.0232573
0 0.0233874
0 0.0235175
0 0.0236476
0 0.0237777
0 0.0239078
0 0.0240379
0 0.0241681
0 0.0242982
0 0.0244283
0 0.0245584
0 0.0246885
0 0.0248186
0 0.0249487
0 0.0250788
0 0.025209
0 0.0253391
0 0.0254692
0 0.0255993
0 0.0257294
0 0.0258595
0 0.0259896
0 0.0261197
0 0.0262498
0 0.02638
0 0.0265101
0 0.0266402
0 0.0267703
0 0.0269004
0 0.0270305
0 0.0271606
0 0.0272907
0 0.0274209
0 0.027551
0 0.0276811
0 0.0278112
0 0.0279413
0 0.0280714
0 0.0282015
0 0.0283316
0 0.0284618
0 0.0285919
0 0.028722
0 0.0288521
0 0.0289822
0 0.0291123
0 0.0292424
0 0.0293725
0 0.0295026
0 0.0296328
0 0.0297629
0 0.029893
0 0.0300231
0 0.0301532
0 0.0302833
0 0.0304134
0 0.0305435
0 0.0306737
0 0.0308038
0 0.0309339
0 0.031064
0 0.0311941
0 0.0313242
0 0.0312014
0 0.0310787
0 0.0309559
0 0.0308331
0 0.0307104
0 0.0305876
0 0.0304648
0 0.0303898
0 0.0303247
0 0.0302596
0 0.0301944
0 0.0301293
0 0.0300642
0 0.029999
0 0.0299339
0 0.0298688
0 0.0298037
0 0.0297385
0 0.0296734
0 0.0296083
0 0.0295432
0 0.029478
0 0.0294129
0 0.0293478
0 0.0292827
0 0.0292175
0 0.0291524
0 0.0290873
0 0.0290222
0 0.028957
0 0.0288919
0 0.0288268
0 0.0287616
0 0.0286965
0 0.0286314
0 0.0285663
0 0.0285011
0 0.028436
0 0.0283709
0 0.0283058
0 0.0282406
0 0.0281755
0 0.0281104
0 0.0280453
0 0.0279801
0 0.027915
0 0.0278499
0 0.0277848
0 0.0277196
0 0.0276545
0 0.0275894
0 0.0275243
0 0.0274591
0 0.027394
0 0.0273289
0 0.0272637
0 0.0271986
0 0.0271335
0 0.0270684
0 0.0269931
0 0.0269033
0 0.0268306
0 0.0267579
0 0.0266852
0 0.0266125
0 0.0265398
0 0.0264671
0 0.0263944
0 0.0263218
0 0.0262491
0 0.0261764
0 0.0261037
0 0.026031
0 0.0259583
0 0.0258856
0 0.0258129
0 0.0257402
0 0.0256675
0 0.0255948
0 0.0255221
0 0.0254494
0 0.0253768
0 0.0253041
0 0.0252314
0 0.0251587
0 0.025086
0 0.0250133
0 0.0249406
0 0.0248679
0 0.0247952
0 0.0247225
0 0.0246498
0 0.0245771
0 0.0245044
0 0.0244317
0 0.0243591
0 0.0242864
0 0.0242137
0 0.024141
0 0.0240683
0 0.0239956
0 0.0239229
0 0.0238502
0 0.0237775
0 0.0237048
0 0.0236321
0 0.0235594
0 0.0234867
0 0.0234141
0 0.0233414
0 0.0232687
0 0.023196
0 0.0231233
0 0.0230506
0 0.0229779
0 0.0229052
0 0.0228325
0 0.0227598
0 0.0226871
0 0.0226144
0 0.0225417
0 0.0224691
0 0.0223964
0 0.0223237
0 0.022251
0 0.0221783
0 0.0221056
0 0.0220329
0 0.0219602
0 0.0218875
0 0.0218148
0 0.0217421
0 0.0216694
0 0.0215967
0 0.021524
0 0.0214514
0 0.0213787
0 0.0213048
0 0.0212022
0 0.0210996
0 0.020997
0 0.0208944
0 0.0207918
0 0.0206892
0 0.0205867
0 0.0204841
0 0.0203815
0 0.0202789
0 0.0201763
0 0.0200737
0 0.0199711
0 0.0198686
0 0.019766
0 0.0196634
0 0.0195608
0 0.0194582
0 0.0193556
0 0.019253
0 0.0191505
0 0.0190532
0 0.0189813
0 0.0189093
0 0.0188374
0 0.0187655
0 0.0186936
0 0.0186216
0 0.0185497
0 0.0184778
0 0.0184059
0 0.0183339
0 0.018262
0 0.0181901
0 0.0181182
0 0.0180462
0 0.0179743
0 0.0179024
0 0.0178305
0 0.0177585
0 0.0176866
0 0.0176147
0 0.0175428
0 0.0174708
0 0.0173989
0 0.017327
0 0.0172551
0 0.0171831
0 0.0171112
0 0.0170393
0 0.0169673
0 0.0168954
0 0.0168235
0 0.0167516
0 0.0166796
0 0.0166077
0 0.0165358
0 0.0164639
0 0.0163919
0 0.01632
0 0.0162481
0 0.0161762
0 0.0161042
0 0.0160323
0 0.0159604
0 0.0158885
0 0.0158165
0 0.0157446
0 0.0156727
0 0.0156008
0 0.0155288
0 0.0154569
0 0.015385
0 0.0153131
0 0.0152411
0 0.0151692
0 0.0150973
0 0.0150254
0 0.0149534
0 0.0148815
0 0.0148096
0 0.0147377
0 0.0146657
0 0.0145938
0 0.0145219
0 0.0144499
0 0.014378
0 0.0143061
0 0.0142342
0 0.0141622
0 0.0140903
0 0.0140184
0 0.0139465
0 0.0138745
0 0.0138026
0 0.0137307
0 0.0136588
0 0.0135868
0 0.0135149
0 0.013443
0 0.0133711
0 0.0132991
0 0.0132272
0 0.0131553
0 0.0130834
0 0.0130114
0 0.0129395
0 0.0128676
0 0.0127957
0 0.0127237
0 0.0126518
0 0.0125799
0 0.012508
0 0.012436
0 0.0123641
0 0.0122922
0 0.0122202
0 0.0121483
0 0.0120764
0 0.0120045
0 0.0119325
0 0.0118606
0 0.0117887
0 0.0117168
0 0.0116448
0 0.0115729
0 0.011501
0 0.0114291
0 0.0113571
0 0.0112852
0 0.0112133
0 0.0111414
0 0.0110694
0 0.0109975
0 0.0109256
0 0.0108537
0 0.0107817
0 0.0107098
0 0.0106379
0 0.010566
0 0.010494
0 0.0104221
0 0.0103502
0 0.0102783
0 0.0102063
0 0.0101344
0 0.0100625
0 0.00999055
0 0.00991862
0 0.0098467
0 0.00977477
0 0.00970285
0 0.00963092
0 0.00955899
0 0.00948707
0 0.00941514
0 0.00934322
0 0.00927129
0 0.00919936
0 0.00912744
0 0.00905551
0 0.00898359
0 0.00891166
0 0.00883974
0 0.00876781
0 0.00869588
0 0.00862396
0 0.00855203
0 0.00848011
0 0.00840818
0 0.00833626
0 0.00826433
0 0.0081924
0 0.00812048
0 0.00804855
0 0.00797663
0 0.0079047
0 0.00783277
0 0.00776085
0 0.00768892
0 0.007617
0 0.00754507
0 0.00747315
0 0.00740122
0 0.00732929
0 0.00725737
0 0.00718544
0 0.00711352
0 0.00704159
0 0.00696967
0 0.00689774
0 0.00682581
0 0.00675389
0 0.00668196
0 0.00661004
0 0.00653811
0 0.00646618
0 0.00639426
0 0.00632233
0 0.00625041
0 0.00617848
0 0.00610656
0 0.00603463
0 0.0059627
0 0.00589078
0 0.00581885
0 0.00574693
0 0.005675
0 0.00560308
0 0.00553115
0 0.00545922
0 0.0053873
0 0.00531537
0 0.00524345
0 0.00517152
0 0.00509959
0 0.00502767
0 0.00495574
0 0.00488382
0 0.00481189
0 0.00473997
0 0.00466804
0 0.00459611
0 0.00452419
0 0.00445226
0 0.00438034
0 0.00430841
0 0.00423649
0 0.00416456
0 0.00409263
0 0.00402071
0 0.00394878
0 0.00387686
0 0.00380493
0 0.003733
0 0.00366108
0 0.00358915
0 0.00351723
0 0.0034453
0 0.00337338
0 0.00330145
0 0.00322952
0 0.0031576
0 0.00308567
0 0.00301375
0 0.00294182
0 0.0028699
0 0.00279797
0 0.00272604
0 0.00265412
0 0.00258219
0 0.00251027
0 0.00243834
0 0.00236641
0 0.00229449
0 0.00222256
0 0.00215064
0 0.00207871
0 0.00200679
0 0.00193486
0 0.00186293
0 0.00179101
0 0.00171908
0 0.00164716
0 0.00157523
0 0.00150331
0 0.00143138
0 0.00135945
0 0.00128753
0 0.0012156
0 0.00114368
0 0.00107175
0 0.000999825
0 0.000927899
0 0.000855973
0 0.000784047
0 0.000712122
0 0.000640196
0 0.00056827
0 0.000496344
0 0.000424418
0 0.000352493
0 0.000280567
0 0.000208641
0 0.000136715
0 6.47895e-05
0 -7.13632e-06
-0.00585266 -1.48082e-05
-0.0123175 -1.57596e-05
-0.0187822 -1.6711e-05
-0.025247 -1.76624e-05
-0.0317118 -1.86138e-05
-0.0381766 -1.95652e-05
-0.0446414 -2.05167e-05
-0.0511062 -2.14681e-05
-0.057571 -2.24195e-05
-0.0640358 -2.33709e-05
-0.0705006 -2.43223e-05
-0.0769654 -2.52737e-05
-0.0834302 -2.62252e-05
-0.089895 -2.71766e-05
-0.0963598 -2.8128e-05
-0.102825 -2.90794e-05
-0.109289 -3.00308e-05
-0.115754 -3.09822e-05
-0.122219 -3.19337e-05
-0.128684 -3.28851e-05
-0.135149 -3.38365e-05
-0.141613 -3.47879e-05
-0.148078 -3.57393e-05
-0.154543 -3.66907e-05
-0.161008 -3.76422e-05
-0.167473 -3.85936e-05
-0.173937 -3.9545e-05
-0.180402 -4.04964e-05
-0.186867 -4.14478e-05
-0.193332 -4.23992e-05
-0.199797 -4.33507e-05
-0.206261 -4.43021e-05
-0.212726 -4.52535e-05
-0.219191 -4.62049e-05
-0.225656 -4.71563e-05
-0.23212 -4.81077e-05
-0.238585 -4.90592e-05
-0.24505 -5.00106e-05
-0.251515 -5.0962e-05
-0.25798 -5.19134e-05
-0.264444 -5.28648e-05
-0.270909 -5.38162e-05
-0.277374 -5.47677e-05
-0.283839 -5.57191e-05
-0.290304 -5.66705e-05
-0.296768 -5.76219e-05
-0.303233 -5.85733e-05
-0.309698 -5.95247e-05
-0.316163 -6.04761e-05
-0.322628 -6.14276e-05
-0.329092 -6.2379e-05
-0.335557 -6.33304e-05
-0.342022 -6.42818e-05
-0.348487 -6.52332e-05
-0.354952 -6.61846e-05
-0.361416 -6.71361e-05
-0.367421 -6.80198e-05
-0.316171 -6.0538e-05
-0.26492 -5.30561e-05
-0.213669 -4.55742e-05
-0.162418 -3.80923e-05
-0.111167 -3.06105e-05
-0.0599166 -2.31286e-05
-0.00866575 -1.56467e-05
0 3.97327e-05
0 0.000104859
0 0.000169985
0 0.000235111
0 0.000300237
0 0.000365364
0 0.00043049
0 0.000495616
0 0.000560742
0 0.000625869
0 0.000690995
0 0.000756121
0 0.000821247
0 0.000886373
0 0.0009515
0 0.00101663
0 0.00108175
0 0.00114688
0 0.001212
0 0.00127713
0 0.00134226
0 0.00140738
0 0.00147251
0 0.00153764
0 0.00160276
0 0.00166789
0 0.00173301
0 0.00179814
0 0.00186327
0 0.00192839
0 0.00199352
0 0.00205865
0 0.00212377
0 0.0021889
0 0.00225402
0 0.00231915
0 0.00238428
0 0.0024494
0 0.00251453
0 0.00257965
0 0.00264478
0 0.00270991
0 0.00277503
0 0.00284016
0 0.00290529
0 0.00297041
0 0.00303554
0 0.00310066
0 0.00316579
0 0.00323092
0 0.00329604
0 0.00336117
0 0.00341624
0 0.00345662
0 0.0035142
0 0.00357178
0 0.00362935
0 0.00368693
0 0.00374451
0 0.00380208
0 0.00385966
0 0.00391724
0 0.00397481
0 0.00403239
0 0.00408997
0 0.00414754
0 0.00420512
0 0.0042627
0 0.00432028
0 0.00437785
0 0.00443543
0 0.00449301
0 0.00455058
0 0.00460816
0 0.00466574
0 0.00472331
0 0.00478089
0 0.00483847
0 0.00489604
0 0.00495362
0 0.0050112
0 0.00506877
0 0.00512635
0 0.00518393
0 0.0052415
0 0.00529908
0 0.00535666
0 0.00541423
0 0.00547181
0 0.00552939
0 0.00558696
0 0.00564454
0 0.00570212
0 0.00575969
0 0.00581727
0 0.00587485
0 0.00593243
0 0.00599
0 0.00604758
0 0.00610516
0 0.00616273
0 0.00622031
0 0.00627789
0 0.00633546
0 0.00639304
0 0.00645062
0 0.00650819
0 0.00656577
0 0.00662335
0 0.00668092
0 0.0067385
0 0.00679608
0 0.00685365
0 0.00691123
0 0.00696881
0 0.00702638
0 0.00708396
0 0.00714154
0 0.00719911
0 0.00725669
0 0.00731427
0 0.00737185
0 0.00742942
0 0.007487
0 0.00754458
0 0.00760215
0 0.00765973
0 0.00771731
0 0.00777488
0 0.00783246
0 0.00788931
0 0.00791698
0 0.00794466
0 0.00797234
0 0.00800002
0 0.0080277
0 0.00805537
0 0.00808305
0 0.00811073
0 0.00813841
0 0.00816608
0 0.00819376
0 0.00822144
0 0.00824912
0 0.0082768
0 0.00830447
0 0.00833215
0 0.00835983
0 0.00838751
0 0.00841518
0 0.00844286
0 0.00847054
0 0.00850274
0 0.00856108
0 0.00861943
0 0.00867777
0 0.00873611
0 0.00879445
0 0.00885279
0 0.00891113
0 0.00896948
0 0.00902782
0 0.00908616
0 0.0091445
0 0.00920284
0 0.00926118
0 0.00931953
0 0.00937787
0 0.00943621
0 0.00949455
0 0.00955289
0 0.00961123
0 0.00966958
0 0.00972792
0 0.00978626
0 0.0098446
0 0.00990294
0 0.00996128
0 0.0100196
0 0.010078
0 0.0101363
0 0.0101947
0 0.010253
0 0.0103113
0 0.0103697
0 0.010428
0 0.0104864
0 0.0105447
0 0.010603
0 0.0106614
0 0.0107197
0 0.0107781
0 0.0108364
0 0.0108948
0 0.0109531
0 0.0110114
0 0.0110698
0 0.0111281
0 0.0111865
0 0.0112448
0 0.0113031
0 0.0113615
0 0.0114198
0 0.0114782
0 0.0115365
0 0.0115949
0 0.0116532
0 0.0117115
0 0.0117699
0 0.0118282
0 0.0118866
0 0.0119449
0 0.0120032
0 0.0120616
0 0.0121199
0 0.0121783
0 0.0122366
0 0.012295
0 0.0123533
0 0.0124116
0 0.01247
0 0.0125283
0 0.0125867
0 0.012645
0 0.0127033
0 0.0127617
0 0.01282
0 0.0128784
0 0.0129367
0 0.0129951
0 0.0130534
0 0.0131117
0 0.0131701
0 0.0132284
0 0.0132868
0 0.0133451
0 0.0134034
0 0.0134618
0 0.0135201
0 0.0135785
0 0.0136368
0 0.0136952
0 0.0137535
0 0.0138118
0 0.0138702
0 0.0139285
0 0.0139869
0 0.0140452
0 0.0141035
0 0.0141619
0 0.0142202
0 0.0142786
0 0.0143369
0 0.0143953
0 0.0144536
0 0.0145119
0 0.0145703
0 0.0146286
0 0.014687
0 0.0147453
0 0.0148036
0 0.014862
0 0.0149203
0 0.0149787
0 0.015037
0 0.0150954
0 0.0151537
0 0.015212
0 0.0152704
0 0.0153287
0 0.0153871
0 0.0154454
0 0.0155037
0 0.0155621
0 0.0156204
0 0.0156788
0 0.0157371
0 0.0157955
0 0.0158538
0 0.0159121
0 0.0159705
0 0.0160288
0 0.0160872
0 0.0161455
0 0.0162038
0 0.0162622
0 0.0163205
0 0.0163789
0 0.0164372
0 0.0164956
0 0.0165539
0 0.0166122
0 0.0166706
0 0.0167289
0 0.0167873
0 0.0168456
0 0.0169039
0 0.0169623
0 0.0170206
0 0.017079
0 0.0171373
0 0.0171957
0 0.017254
0 0.0173123
0 0.0173707
0 0.017429
0 0.0174874
0 0.0175457
0 0.017604
0 0.0176624
0 0.0177207
0 0.0177791
0 0.0178374
0 0.0178958
0 0.0179541
0 0.0180124
0 0.0180708
0 0.0181291
0 0.0181875
0 0.0182458
0 0.0183041
0 0.0183625
0 0.0184208
0 0.0184792
0 0.0185375
0 0.0185959
0 0.0186542
0 0.0187125
0 0.0187709
0 0.0188292
0 0.0188876
0 0.0189459
0 0.0190042
0 0.0190626
0 0.0191209
0 0.0191793
0 0.0192376
0 0.019296
0 0.0193543
0 0.0194126
0 0.019471
0 0.0195293
0 0.0195877
0 0.019646
0 0.0197043
0 0.0197627
0 0.019821
0 0.0198794
0 0.0199377
0 0.0199961
0 0.0200544
0 0.0201127
0 0.0201711
0 0.0202294
0 0.0202878
0 0.0203461
0 0.0204044
0 0.0204628
0 0.0205211
0 0.0205795
0 0.0206378
0 0.0206962
0 0.0207545
0 0.0208128
0 0.0208712
0 0.0209295
0 0.0209879
0 0.0210462
0 0.0211045
0 0.0211629
0 0.0212212
0 0.0212796
0 0.0213379
0 0.0213963
0 0.0214546
0 0.0215129
0 0.0215713
0 0.0216296
0 0.021688
0 0.0217463
0 0.0218046
0 0.021863
0 0.0219213
0 0.0219797
0 0.022038
0 0.0220964
0 0.0221547
0 0.022213
0 0.0222714
0 0.0223297
0 0.0223881
0 0.0224464
0 0.0225047
0 0.0225631
0 0.0226214
0 0.0226798
0 0.0227381
0 0.0227965
0 0.0228548
0 0.0229131
0 0.0229715
0 0.0230298
0 0.0230882
0 0.0231465
0 0.0232048
0 0.0232632
0 0.0233215
0 0.0233799
0 0.0234382
0 0.0234966
0 0.0235549
0 0.0236132
0 0.0236716
0 0.0237299
0 0.0237883
0 0.0238466
0 0.0239049
0 0.0239633
0 0.0240833
0 0.0242126
0 0.0243419
0 0.0244712
0 0.0246005
0 0.0247298
0 0.0248591
0 0.0249884
0 0.0251177
0 0.025247
0 0.0253763
0 0.0255056
0 0.0256349
0 0.0257642
0 0.0258935
0 0.0260228
0 0.0261521
0 0.0262814
0 0.0264107
0 0.02654
0 0.0266693
0 0.0267986
0 0.0269279
0 0.0270573
0 0.0271866
0 0.0273159
0 0.0274452
0 0.0275745
0 0.0277038
0 0.0278331
0 0.0279624
0 0.0280917
0 0.028221
0 0.0283503
0 0.0284796
0 0.0286089
0 0.0287382
0 0.0288675
0 0.0289968
0 0.0291261
0 0.0292554
0 0.0293847
0 0.029514
0 0.0296433
0 0.0297726
0 0.0299019
0 0.0300312
0 0.0301605
0 0.0302898
0 0.0304191
0 0.0305484
0 0.0306777
0 0.030807
0 0.0309363
0 0.0310656
0 0.0311949
0 0.0313242
