1.83262 0.000100712
4.21634 0.000231709
2.09824 0.000115309
-0.0260439 -1.43125e-06
-0.533948 -2.93432e-05
-0.523669 -2.87783e-05
-0.271875 -1.49409e-05
-0.0170432 -9.36609e-07
2.09415 0.000115084
4.21668 0.000231728
2.09562 0.000115165
-0.0165366 -9.08773e-07
-0.275117 -1.51191e-05
-0.523667 -2.87782e-05
-0.271886 -1.49415e-05
-0.0170426 -9.36581e-07
2.09438 0.000115097
4.21669 0.000231729
2.0957 0.00011517
-0.0165396 -9.08937e-07
-0.275117 -1.51191e-05
-0.523667 -2.87782e-05
-0.271888 -1.49416e-05
-0.0170414 -9.36514e-07
2.09438 0.000115097
4.21669 0.000231729
6.6024 0.000362836
8.90326 0.00048928
6.67247 0.000366687
4.43954 0.000243975
2.20561 0.00012121
-0.0168758 -9.27411e-07
-0.275143 -1.51205e-05
-0.523627 -2.8776e-05
-0.510067 -2.80308e-05
-0.572394 -3.1456e-05
-0.436768 -2.40026e-05
-0.300623 -1.65208e-05
-0.164477 -9.03889e-06
-0.0171421 -9.42049e-07
2.20566 0.000121213
4.43966 0.000243982
6.67365 0.000366752
8.90765 0.000489521
6.67364 0.000366751
4.43962 0.00024398
2.20561 0.00012121
-0.0171428 -9.42087e-07
-0.164426 -9.03608e-06
-0.300589 -1.65189e-05
-0.436751 -2.40017e-05
-0.57292 -3.14849e-05
-0.436775 -2.4003e-05
-0.30063 -1.65212e-05
-0.164485 -9.03929e-06
-0.017146 -9.42263e-07
2.20566 0.000121213
4.43966 0.000243982
6.67365 0.000366752
8.90765 0.000489521
6.67364 0.000366751
4.43962 0.00024398
2.20561 0.00012121
-0.0171466 -9.42294e-07
-0.164434 -9.03648e-06
-0.300596 -1.65193e-05
-0.436758 -2.40021e-05
-0.57292 -3.14849e-05
-0.436775 -2.4003e-05
-0.30063 -1.65212e-05
-0.164485 -9.03929e-06
-0.017146 -9.42263e-07
2.20566 0.000121213
4.43966 0.000243982
6.67365 0.000366752
8.90765 0.000489521
11.1396 0.000612177
13.3709 0.000734802
15.6018 0.000857402
17.8323 0.000979974
20.0622 0.00110252
22.2916 0.00122504
24.5205 0.00134753
26.749 0.00146999
24.5149 0.00134722
22.2809 0.00122445
20.0469 0.00110168
17.8129 0.000978911
15.5789 0.00085614
13.3449 0.00073337
11.1109 0.000610599
8.87685 0.000487829
6.64284 0.000365058
4.40883 0.000242288
2.17481 0.000119517
-0.0334858 -1.84022e-06
-0.157904 -8.67762e-06
-0.295386 -1.6233e-05
-0.433224 -2.38079e-05
-0.571151 -3.13877e-05
-0.710735 -3.90585e-05
-0.849965 -4.671e-05
-0.989264 -5.43652e-05
-1.12901 -6.20449e-05
-1.26924 -6.97515e-05
-1.40997 -7.74853e-05
-1.5512 -8.52467e-05
-1.69294 -9.30358e-05
-1.5568 -8.5554e-05
-1.42065 -7.80721e-05
-1.28451 -7.05902e-05
-1.14836 -6.31084e-05
-1.01222 -5.56265e-05
-0.876071 -4.81446e-05
-0.739926 -4.06627e-05
-0.603781 -3.31809e-05
-0.467636 -2.5699e-05
-0.331491 -1.82171e-05
-0.195346 -1.07353e-05
-0.0489714 -2.69123e-06
2.1764 0.000119604
4.41026 0.000242367
6.64413 0.000365129
8.878 0.000487892
11.1119 0.000610655
13.3457 0.000733417
15.5796 0.00085618
17.8135 0.000978943
20.0473 0.00110171
22.2812 0.00122447
24.5151 0.00134723
26.749 0.00146999
24.5149 0.00134722
22.2809 0.00122445
20.0469 0.00110168
17.8129 0.000978911
15.5789 0.00085614
13.3449 0.00073337
11.1109 0.000610599
8.87685 0.000487829
6.64284 0.000365058
4.40883 0.000242288
2.17481 0.000119517
-0.0489714 -2.69123e-06
-0.193762 -1.06482e-05
-0.330051 -1.8138e-05
-0.46634 -2.56278e-05
-0.602629 -3.31176e-05
-0.738918 -4.06074e-05
-0.875207 -4.80972e-05
-1.0115 -5.55869e-05
-1.14779 -6.30767e-05
-1.28407 -7.05665e-05
-1.42036 -7.80563e-05
-1.55665 -8.55461e-05
-1.69294 -9.30358e-05
-1.5568 -8.5554e-05
-1.42065 -7.80721e-05
-1.28451 -7.05902e-05
-1.14836 -6.31084e-05
-1.01222 -5.56265e-05
-0.876071 -4.81446e-05
-0.739926 -4.06627e-05
-0.603781 -3.31809e-05
-0.467636 -2.5699e-05
-0.331491 -1.82171e-05
-0.195346 -1.07353e-05
-0.0489714 -2.69123e-06
2.1764 0.000119604
4.41026 0.000242367
6.64413 0.000365129
8.878 0.000487892
11.1119 0.000610655
13.3457 0.000733417
15.5796 0.00085618
17.8135 0.000978943
20.0473 0.00110171
22.2812 0.00122447
24.5151 0.00134723
26.749 0.00146999
24.5149 0.00134722
22.2809 0.00122445
20.0469 0.00110168
17.8129 0.000978911
15.5789 0.00085614
13.3449 0.00073337
11.1109 0.000610599
8.87685 0.000487829
6.64284 0.000365058
4.40883 0.000242288
2.17481 0.000119517
-0.0489714 -2.69123e-06
-0.193762 -1.06482e-05
-0.330051 -1.8138e-05
-0.46634 -2.56278e-05
-0.602629 -3.31176e-05
-0.738918 -4.06074e-05
-0.875207 -4.80972e-05
-1.0115 -5.55869e-05
-1.14779 -6.30767e-05
-1.28407 -7.05665e-05
-1.42036 -7.80563e-05
-1.55665 -8.55461e-05
-1.69294 -9.30358e-05
-1.5568 -8.5554e-05
-1.42065 -7.80721e-05
-1.28451 -7.05902e-05
-1.14836 -6.31084e-05
-1.01222 -5.56265e-05
-0.876071 -4.81446e-05
-0.739926 -4.06627e-05
-0.603781 -3.31809e-05
-0.467636 -2.5699e-05
-0.331491 -1.82171e-05
-0.195346 -1.07353e-05
-0.0489714 -2.69123e-06
2.1764 0.000119604
4.41026 0.000242367
6.64413 0.000365129
8.878 0.000487892
11.1119 0.000610655
13.3457 0.000733417
15.5796 0.00085618
17.8135 0.000978943
20.0473 0.00110171
22.2812 0.00122447
24.5151 0.00134723
26.749 0.00146999
28.9769 0.00159243
31.2043 0.00171483
33.4311 0.00183721
35.6575 0.00195956
37.8833 0.00208188
40.1085 0.00220417
42.3333 0.00232643
44.5574 0.00244866
42.3234 0.00232589
40.0894 0.00220312
37.8554 0.00208035
35.6214 0.00195758
33.3874 0.00183481
31.1534 0.00171204
28.9193 0.00158927
26.6853 0.0014665
24.4513 0.00134373
22.2173 0.00122096
19.9833 0.00109818
17.7493 0.000975414
15.5153 0.000852644
13.2813 0.000729873
11.0472 0.000607103
8.81323 0.000484332
6.57921 0.000361562
4.3452 0.000238791
2.11119 0.000116021
-0.0827414 -4.54707e-06
-0.19405 -1.06641e-05
-0.330037 -1.81372e-05
-0.46634 -2.56278e-05
-0.602629 -3.31176e-05
-0.738918 -4.06074e-05
-0.875207 -4.80972e-05
-1.0115 -5.55869e-05
-1.14779 -6.30767e-05
-1.28407 -7.05665e-05
-1.42036 -7.80563e-05
-1.55665 -8.55461e-05
-1.69294 -9.30358e-05
-1.83519 -0.000100853
-1.97795 -0.000108699
-2.12124 -0.000116573
-2.26506 -0.000124477
-2.40941 -0.000132409
-2.5543 -0.000140372
-2.69974 -0.000148364
-2.84573 -0.000156387
-2.70958 -0.000148905
-2.57344 -0.000141424
-2.43729 -0.000133942
-2.30115 -0.00012646
-2.165 -0.000118978
-2.02886 -0.000111496
-1.89271 -0.000104014
-1.75657 -9.65324e-05
-1.62042 -8.90505e-05
-1.48428 -8.15686e-05
-1.34813 -7.40867e-05
-1.21199 -6.66049e-05
-1.07584 -5.9123e-05
-0.939696 -5.16411e-05
-0.803551 -4.41592e-05
-0.667406 -3.66774e-05
-0.53126 -2.91955e-05
-0.395115 -2.17136e-05
-0.25897 -1.42318e-05
-0.113215 -6.22175e-06
2.11359 0.000116153
4.35424 0.000239288
6.58638 0.000361956
8.81955 0.00048468
11.0531 0.000607427
13.2868 0.000730176
15.5204 0.000852925
17.754 0.000975674
19.9876 0.00109842
22.2212 0.00122117
24.4549 0.00134392
26.6885 0.00146667
28.9221 0.00158942
31.1557 0.00171217
33.3893 0.00183492
35.623 0.00195767
37.8566 0.00208041
40.0902 0.00220316
42.3238 0.00232591
44.5574 0.00244866
42.3234 0.00232589
40.0894 0.00220312
37.8554 0.00208035
35.6214 0.00195758
33.3874 0.00183481
31.1534 0.00171204
28.9193 0.00158927
26.6853 0.0014665
24.4513 0.00134373
22.2173 0.00122096
19.9833 0.00109818
17.7493 0.000975414
15.5153 0.000852644
13.2813 0.000729873
11.0472 0.000607103
8.81323 0.000484332
6.57921 0.000361562
4.3452 0.000238791
2.11119 0.000116021
-0.113215 -6.22175e-06
-0.260372 -1.43088e-05
-0.397931 -2.18684e-05
-0.540246 -2.96893e-05
-0.661378 -3.63461e-05
-0.797632 -4.3834e-05
-0.934184 -5.13382e-05
-1.07072 -5.88417e-05
-1.20726 -6.63452e-05
-1.3438 -7.38487e-05
-1.48034 -8.13522e-05
-1.61688 -8.88558e-05
-1.75342 -9.63593e-05
-1.88995 -0.000103863
-2.02649 -0.000111366
-2.16303 -0.00011887
-2.29957 -0.000126373
-2.43611 -0.000133877
-2.57265 -0.00014138
-2.70919 -0.000148884
-2.84573 -0.000156387
-2.70958 -0.000148905
-2.57344 -0.000141424
-2.43729 -0.000133942
-2.30115 -0.00012646
-2.165 -0.000118978
-2.02886 -0.000111496
-1.89271 -0.000104014
-1.75657 -9.65324e-05
-1.62042 -8.90505e-05
-1.48428 -8.15686e-05
-1.34813 -7.40867e-05
-1.21199 -6.66049e-05
-1.07584 -5.9123e-05
-0.939696 -5.16411e-05
-0.803551 -4.41592e-05
-0.667406 -3.66774e-05
-0.53126 -2.91955e-05
-0.395115 -2.17136e-05
-0.25897 -1.42318e-05
-0.113215 -6.22175e-06
2.11359 0.000116153
4.35424 0.000239288
6.58638 0.000361956
8.81955 0.00048468
11.0531 0.000607427
13.2868 0.000730176
15.5204 0.000852925
17.754 0.000975674
19.9876 0.00109842
22.2212 0.00122117
24.4549 0.00134392
26.6885 0.00146667
28.9221 0.00158942
31.1557 0.00171217
33.3893 0.00183492
35.623 0.00195767
37.8566 0.00208041
40.0902 0.00220316
42.3238 0.00232591
44.5574 0.00244866
42.3234 0.00232589
40.0894 0.00220312
37.8554 0.00208035
35.6214 0.00195758
33.3874 0.00183481
31.1534 0.00171204
28.9193 0.00158927
26.6853 0.0014665
24.4513 0.00134373
22.2173 0.00122096
19.9833 0.00109818
17.7493 0.000975414
15.5153 0.000852644
13.2813 0.000729873
11.0472 0.000607103
8.81323 0.000484332
6.57921 0.000361562
4.3452 0.000238791
2.11119 0.000116021
-0.113215 -6.22175e-06
-0.260372 -1.43088e-05
-0.397931 -2.18684e-05
-0.540246 -2.96893e-05
-0.661378 -3.63461e-05
-0.797632 -4.3834e-05
-0.934184 -5.13382e-05
-1.07072 -5.88417e-05
-1.20726 -6.63452e-05
-1.3438 -7.38487e-05
-1.48034 -8.13522e-05
-1.61688 -8.88558e-05
-1.75342 -9.63593e-05
-1.88995 -0.000103863
-2.02649 -0.000111366
-2.16303 -0.00011887
-2.29957 -0.000126373
-2.43611 -0.000133877
-2.57265 -0.00014138
-2.70919 -0.000148884
-2.84573 -0.000156387
-2.70958 -0.000148905
-2.57344 -0.000141424
-2.43729 -0.000133942
-2.30115 -0.00012646
-2.165 -0.000118978
-2.02886 -0.000111496
-1.89271 -0.000104014
-1.75657 -9.65324e-05
-1.62042 -8.90505e-05
-1.48428 -8.15686e-05
-1.34813 -7.40867e-05
-1.21199 -6.66049e-05
-1.07584 -5.9123e-05
-0.939696 -5.16411e-05
-0.803551 -4.41592e-05
-0.667406 -3.66774e-05
-0.53126 -2.91955e-05
-0.395115 -2.17136e-05
-0.25897 -1.42318e-05
-0.113215 -6.22175e-06
2.11359 0.000116153
4.35424 0.000239288
6.58638 0.000361956
8.81955 0.00048468
11.0531 0.000607427
13.2868 0.000730176
15.5204 0.000852925
17.754 0.000975674
19.9876 0.00109842
22.2212 0.00122117
24.4549 0.00134392
26.6885 0.00146667
28.9221 0.00158942
31.1557 0.00171217
33.3893 0.00183492
35.623 0.00195767
37.8566 0.00208041
40.0902 0.00220316
42.3238 0.00232591
44.5574 0.00244866
46.781 0.00257086
49.0041 0.00269303
51.2266 0.00281516
53.4484 0.00293727
55.6698 0.00305934
57.8905 0.00318138
60.1106 0.00330339
62.3301 0.00342536
64.549 0.0035473
66.7673 0.00366921
64.5332 0.00354643
62.2992 0.00342366
60.0652 0.00330089
57.8312 0.00317812
55.5972 0.00305535
53.3632 0.00293258
51.1292 0.00280981
48.8952 0.00268704
46.6611 0.00256427
44.4271 0.0024415
42.1931 0.00231873
39.9591 0.00219596
37.7251 0.00207319
35.4911 0.00195042
33.2571 0.00182765
31.023 0.00170488
28.789 0.00158211
26.555 0.00145934
24.321 0.00133656
22.087 0.00121379
19.853 0.00109102
17.619 0.000968253
15.385 0.000845483
13.1509 0.000722712
10.9169 0.000599942
8.68292 0.000477171
6.44891 0.000354401
4.21489 0.00023163
1.98088 0.00010886
-0.114951 -6.31717e-06
-0.25149 -1.38207e-05
-0.388029 -2.13242e-05
-0.524568 -2.88277e-05
-0.661106 -3.63312e-05
-0.797645 -4.38347e-05
-0.934184 -5.13382e-05
-1.07072 -5.88417e-05
-1.20726 -6.63452e-05
-1.3438 -7.38487e-05
-1.48034 -8.13522e-05
-1.61688 -8.88558e-05
-1.75342 -9.63593e-05
-1.88995 -0.000103863
-2.02649 -0.000111366
-2.16303 -0.00011887
-2.29957 -0.000126373
-2.43611 -0.000133877
-2.57265 -0.00014138
-2.70919 -0.000148884
-2.84573 -0.000156387
-2.99227 -0.000164441
-3.13939 -0.000172526
-3.28708 -0.000180642
-3.43534 -0.00018879
-3.58419 -0.00019697
-3.73364 -0.000205183
-3.88368 -0.000213428
-4.03433 -0.000221707
-4.1856 -0.00023002
-4.33748 -0.000238367
-4.20134 -0.000230885
-4.06519 -0.000223403
-3.92905 -0.000215921
-3.7929 -0.00020844
-3.65676 -0.000200958
-3.52061 -0.000193476
-3.38447 -0.000185994
-3.24832 -0.000178512
-3.11218 -0.00017103
-2.97603 -0.000163548
-2.83989 -0.000156066
-2.70374 -0.000148585
-2.5676 -0.000141103
-2.43145 -0.000133621
-2.29531 -0.000126139
-2.15916 -0.000118657
-2.02302 -0.000111175
-1.88687 -0.000103693
-1.75073 -9.62115e-05
-1.61458 -8.87296e-05
-1.47844 -8.12477e-05
-1.34229 -7.37659e-05
-1.20615 -6.6284e-05
-1.07 -5.88021e-05
-0.933857 -5.13203e-05
-0.797712 -4.38384e-05
-0.661567 -3.63565e-05
-0.525422 -2.88746e-05
-0.389277 -2.13928e-05
-0.22734 -1.24935e-05
2.00644 0.000110264
4.23952 0.000232983
6.47265 0.000355706
8.70579 0.000478428
10.9389 0.00060115
13.1721 0.000723872
15.4052 0.000846595
17.6383 0.000969317
19.8715 0.00109204
22.1046 0.00121476
24.3377 0.00133748
26.5709 0.00146021
28.804 0.00158293
31.0371 0.00170565
33.2703 0.00182837
35.5034 0.00195109
37.7365 0.00207382
39.9697 0.00219654
42.2028 0.00231926
44.4359 0.00244198
46.6691 0.00256471
48.9022 0.00268743
51.1353 0.00281015
53.3685 0.00293287
55.6016 0.00305559
57.8347 0.00317832
60.0679 0.00330104
62.301 0.00342376
64.5341 0.00354648
66.7673 0.00366921
64.5332 0.00354643
62.2992 0.00342366
60.0652 0.00330089
57.8312 0.00317812
55.5972 0.00305535
53.3632 0.00293258
51.1292 0.00280981
48.8952 0.00268704
46.6611 0.00256427
44.4271 0.0024415
42.1931 0.00231873
39.9591 0.00219596
37.7251 0.00207319
35.4911 0.00195042
33.2571 0.00182765
31.023 0.00170488
28.789 0.00158211
26.555 0.00145934
24.321 0.00133656
22.087 0.00121379
19.853 0.00109102
17.619 0.000968253
15.385 0.000845483
13.1509 0.000722712
10.9169 0.000599942
8.68292 0.000477171
6.44891 0.000354401
4.21489 0.00023163
1.98088 0.00010886
-0.22734 -1.24935e-05
-0.363709 -1.99877e-05
-0.500796 -2.75213e-05
-0.63782 -3.50515e-05
-0.774845 -4.25817e-05
-0.91187 -5.01119e-05
-1.04889 -5.76421e-05
-1.18592 -6.51723e-05
-1.32294 -7.27025e-05
-1.45997 -8.02328e-05
-1.59699 -8.7763e-05
-1.73402 -9.52932e-05
-1.87104 -0.000102823
-2.00807 -0.000110354
-2.14509 -0.000117884
-2.28211 -0.000125414
-2.41914 -0.000132944
-2.55616 -0.000140474
-2.69319 -0.000148005
-2.83021 -0.000155535
-2.96724 -0.000163065
-3.10426 -0.000170595
-3.24129 -0.000178125
-3.37831 -0.000185656
-3.51534 -0.000193186
-3.65236 -0.000200716
-3.78938 -0.000208246
-3.92641 -0.000215776
-4.06343 -0.000223307
-4.20046 -0.000230837
-4.33748 -0.000238367
-4.20134 -0.000230885
-4.06519 -0.000223403
-3.92905 -0.000215921
-3.7929 -0.00020844
-3.65676 -0.000200958
-3.52061 -0.000193476
-3.38447 -0.000185994
-3.24832 -0.000178512
-3.11218 -0.00017103
-2.97603 -0.000163548
-2.83989 -0.000156066
-2.70374 -0.000148585
-2.5676 -0.000141103
-2.43145 -0.000133621
-2.29531 -0.000126139
-2.15916 -0.000118657
-2.02302 -0.000111175
-1.88687 -0.000103693
-1.75073 -9.62115e-05
-1.61458 -8.87296e-05
-1.47844 -8.12477e-05
-1.34229 -7.37659e-05
-1.20615 -6.6284e-05
-1.07 -5.88021e-05
-0.933857 -5.13203e-05
-0.797712 -4.38384e-05
-0.661567 -3.63565e-05
-0.525422 -2.88746e-05
-0.389277 -2.13928e-05
-0.22734 -1.24935e-05
2.00644 0.000110264
4.23952 0.000232983
6.47265 0.000355706
8.70579 0.000478428
10.9389 0.00060115
13.1721 0.000723872
15.4052 0.000846595
17.6383 0.000969317
19.8715 0.00109204
22.1046 0.00121476
24.3377 0.00133748
26.5709 0.00146021
28.804 0.00158293
31.0371 0.00170565
33.2703 0.00182837
35.5034 0.00195109
37.7365 0.00207382
39.9697 0.00219654
42.2028 0.00231926
44.4359 0.00244198
46.6691 0.00256471
48.9022 0.00268743
51.1353 0.00281015
53.3685 0.00293287
55.6016 0.00305559
57.8347 0.00317832
60.0679 0.00330104
62.301 0.00342376
64.5341 0.00354648
66.7673 0.00366921
64.5332 0.00354643
62.2992 0.00342366
60.0652 0.00330089
57.8312 0.00317812
55.5972 0.00305535
53.3632 0.00293258
51.1292 0.00280981
48.8952 0.00268704
46.6611 0.00256427
44.4271 0.0024415
42.1931 0.00231873
39.9591 0.00219596
37.7251 0.00207319
35.4911 0.00195042
33.2571 0.00182765
31.023 0.00170488
28.789 0.00158211
26.555 0.00145934
24.321 0.00133656
22.087 0.00121379
19.853 0.00109102
17.619 0.000968253
15.385 0.000845483
13.1509 0.000722712
10.9169 0.000599942
8.68292 0.000477171
6.44891 0.000354401
4.21489 0.00023163
1.98088 0.00010886
-0.22734 -1.24935e-05
-0.363709 -1.99877e-05
-0.500796 -2.75213e-05
-0.63782 -3.50515e-05
-0.774845 -4.25817e-05
-0.91187 -5.01119e-05
-1.04889 -5.76421e-05
-1.18592 -6.51723e-05
-1.32294 -7.27025e-05
-1.45997 -8.02328e-05
-1.59699 -8.7763e-05
-1.73402 -9.52932e-05
-1.87104 -0.000102823
-2.00807 -0.000110354
-2.14509 -0.000117884
-2.28211 -0.000125414
-2.41914 -0.000132944
-2.55616 -0.000140474
-2.69319 -0.000148005
-2.83021 -0.000155535
-2.96724 -0.000163065
-3.10426 -0.000170595
-3.24129 -0.000178125
-3.37831 -0.000185656
-3.51534 -0.000193186
-3.65236 -0.000200716
-3.78938 -0.000208246
-3.92641 -0.000215776
-4.06343 -0.000223307
-4.20046 -0.000230837
-4.33748 -0.000238367
-4.20134 -0.000230885
-4.06519 -0.000223403
-3.92905 -0.000215921
-3.7929 -0.00020844
-3.65676 -0.000200958
-3.52061 -0.000193476
-3.38447 -0.000185994
-3.24832 -0.000178512
-3.11218 -0.00017103
-2.97603 -0.000163548
-2.83989 -0.000156066
-2.70374 -0.000148585
-2.5676 -0.000141103
-2.43145 -0.000133621
-2.29531 -0.000126139
-2.15916 -0.000118657
-2.02302 -0.000111175
-1.88687 -0.000103693
-1.75073 -9.62115e-05
-1.61458 -8.87296e-05
-1.47844 -8.12477e-05
-1.34229 -7.37659e-05
-1.20615 -6.6284e-05
-1.07 -5.88021e-05
-0.933857 -5.13203e-05
-0.797712 -4.38384e-05
-0.661567 -3.63565e-05
-0.525422 -2.88746e-05
-0.389277 -2.13928e-05
-0.22734 -1.24935e-05
2.00644 0.000110264
4.23952 0.000232983
6.47265 0.000355706
8.70579 0.000478428
10.9389 0.00060115
13.1721 0.000723872
15.4052 0.000846595
17.6383 0.000969317
19.8715 0.00109204
22.1046 0.00121476
24.3377 0.00133748
26.5709 0.00146021
28.804 0.00158293
31.0371 0.00170565
33.2703 0.00182837
35.5034 0.00195109
37.7365 0.00207382
39.9697 0.00219654
42.2028 0.00231926
44.4359 0.00244198
46.6691 0.00256471
48.9022 0.00268743
51.1353 0.00281015
53.3685 0.00293287
55.6016 0.00305559
57.8347 0.00317832
60.0679 0.00330104
62.301 0.00342376
64.5341 0.00354648
66.7673 0.00366921
68.9849 0.00379108
70.0213 0.0039174
70.0607 0.0040475
70.1 0.0041776
70.1393 0.00430771
70.1787 0.00443781
70.218 0.00456791
70.2573 0.00469802
70.2967 0.00482812
70.336 0.00495822
68.102 0.00483545
65.868 0.00471268
63.634 0.00458991
61.3999 0.00446714
59.1659 0.00434437
56.9319 0.0042216
54.6979 0.00409883
52.4639 0.00397606
50.2299 0.00385329
47.9959 0.00373052
45.7619 0.00360775
43.5278 0.00348498
41.2938 0.00336221
39.0598 0.00323944
36.8258 0.00311666
34.5918 0.00299389
32.3578 0.00287112
30.1238 0.00274835
27.8898 0.00262558
25.6557 0.00250281
23.4217 0.00238004
21.1877 0.00225727
18.9537 0.0021345
16.7197 0.00201173
14.4857 0.00188896
12.2517 0.00176619
10.0176 0.00164342
7.78364 0.00152065
5.54962 0.00139788
3.31561 0.00127511
1.0816 0.00115234
-0.674841 0.00105581
-1.85992 0.000990685
-3.045 0.000925558
-4.23008 0.000860432
-5.41516 0.000795306
-6.60024 0.00073018
-7.78531 0.000665054
-8.97039 0.000599927
-10.1555 0.000534801
-11.3406 0.000469675
-12.5256 0.000404549
-13.7107 0.000339423
-14.8958 0.000274296
-16.0809 0.00020917
-17.2659 0.000144044
-18.451 7.89178e-05
-19.6361 1.37915e-05
-20.1973 -1.70498e-05
-20.3343 -2.458e-05
-20.4714 -3.21102e-05
-20.6084 -3.96404e-05
-20.7454 -4.71706e-05
-20.8824 -5.47008e-05
-21.0195 -6.2231e-05
-21.1565 -6.97612e-05
-21.2935 -7.72914e-05
-21.4305 -8.48216e-05
-21.5676 -9.23518e-05
-21.7046 -9.9882e-05
-21.8416 -0.000107412
-21.9786 -0.000114942
-22.1157 -0.000122473
-22.2527 -0.000130003
-22.3897 -0.000137533
-22.5267 -0.000145063
-22.6638 -0.000152593
-22.8008 -0.000160124
-22.9378 -0.000167654
-23.0748 -0.000175184
-23.2028 -0.000182217
-23.2052 -0.00018235
-23.2076 -0.000182482
-23.21 -0.000182615
-23.2125 -0.000182748
-23.2149 -0.00018288
-23.2173 -0.000183013
-23.2197 -0.000183146
-23.2221 -0.000183278
-23.2245 -0.000183411
-23.0884 -0.000175929
-22.9522 -0.000168447
-22.8161 -0.000160965
-22.6799 -0.000153483
-22.5438 -0.000146002
-22.4077 -0.00013852
-22.2715 -0.000131038
-22.1354 -0.000123556
-21.9992 -0.000116074
-21.8631 -0.000108592
-21.7269 -0.00010111
-21.5908 -9.36284e-05
-21.4546 -8.61466e-05
-21.3185 -7.86647e-05
-21.1824 -7.11828e-05
-21.0462 -6.37009e-05
-20.9101 -5.62191e-05
-20.7739 -4.87372e-05
-20.6378 -4.12553e-05
-20.5016 -3.37735e-05
-20.3655 -2.62916e-05
-20.2293 -1.88097e-05
-19.7457 7.76667e-06
-18.5607 7.28929e-05
-17.3756 0.000138019
-16.1905 0.000203145
-15.0054 0.000268271
-13.8203 0.000333398
-12.6353 0.000398524
-11.4502 0.00046365
-10.2651 0.000528776
-9.08003 0.000593903
-7.89495 0.000659029
-6.70987 0.000724155
-5.52479 0.000789281
-4.33971 0.000854407
-3.15463 0.000919534
-1.96955 0.00098466
-0.784473 0.00104979
0.400606 0.00111491
1.58568 0.00118004
2.77076 0.00124516
3.95584 0.00131029
5.14092 0.00137542
6.326 0.00144054
7.51108 0.00150567
8.69616 0.0015708
9.88124 0.00163592
11.0663 0.00170105
12.2514 0.00176617
13.4365 0.0018313
14.6216 0.00189643
15.8066 0.00196155
16.9917 0.00202668
18.1768 0.00209181
19.3619 0.00215693
20.5469 0.00222206
22.4306 0.00232557
24.6636 0.00244829
26.8967 0.00257101
29.1297 0.00269372
31.3627 0.00281644
33.5958 0.00293916
35.8288 0.00306187
38.0618 0.00318459
40.2949 0.00330731
42.5279 0.00343003
44.761 0.00355274
46.994 0.00367546
49.227 0.00379818
51.4601 0.00392089
53.6931 0.00404361
55.9261 0.00416633
58.1592 0.00428904
60.3922 0.00441176
62.6253 0.00453448
64.8583 0.00465719
67.0913 0.00477991
69.3244 0.00490263
70.3575 0.00502939
68.1235 0.00490662
65.8895 0.00478385
63.6555 0.00466108
61.4215 0.00453831
59.1874 0.00441554
56.9534 0.00429277
54.7194 0.00417
52.4854 0.00404723
50.2514 0.00392446
48.0174 0.00380169
45.7834 0.00367892
43.5494 0.00355615
41.3153 0.00343338
39.0813 0.00331061
36.8473 0.00318784
34.6133 0.00306507
32.3793 0.0029423
30.1453 0.00281952
27.9113 0.00269675
25.6773 0.00257398
23.4432 0.00245121
21.2167 0.00232885
19.9102 0.00225705
18.7251 0.00219193
17.54 0.0021268
16.3549 0.00206167
15.1698 0.00199655
13.9848 0.00193142
12.7997 0.00186629
11.6146 0.00180117
10.4295 0.00173604
9.24445 0.00167092
8.05938 0.00160579
6.8743 0.00154066
5.68922 0.00147554
4.50414 0.00141041
3.31906 0.00134529
2.13398 0.00128016
0.948902 0.00121503
-0.236177 0.00114991
-1.42126 0.00108478
-2.60634 0.00101965
-3.79141 0.000954528
-4.97649 0.000889402
-6.16157 0.000824276
-7.34665 0.000759149
-8.53173 0.000694023
-9.71681 0.000628897
-10.9019 0.000563771
-12.087 0.000498645
-13.272 0.000433518
-14.4571 0.000368392
-15.6422 0.000303266
-16.8273 0.00023814
-18.0124 0.000173014
-19.1974 0.000107887
-20.3825 4.27612e-05
-21.4099 -1.37002e-05
-21.547 -2.12304e-05
-21.684 -2.87606e-05
-21.821 -3.62908e-05
-21.958 -4.3821e-05
-22.095 -5.13512e-05
-22.2321 -5.88814e-05
-22.3691 -6.64116e-05
-22.5061 -7.39418e-05
-22.6431 -8.1472e-05
-22.7802 -8.90022e-05
-22.9172 -9.65324e-05
-23.0542 -0.000104063
-23.1912 -0.000111593
-23.3283 -0.000119123
-23.4653 -0.000126653
-23.6023 -0.000134183
-23.7393 -0.000141714
-23.8764 -0.000149244
-24.0134 -0.000156774
-24.1504 -0.000164304
-24.2874 -0.000171834
-24.42 -0.000179121
-24.2839 -0.000171639
-24.1477 -0.000164157
-24.0116 -0.000156675
-23.8754 -0.000149193
-23.7393 -0.000141711
-23.6032 -0.00013423
-23.467 -0.000126748
-23.3309 -0.000119266
-23.1947 -0.000111784
-23.0586 -0.000104302
-22.9224 -9.68202e-05
-22.7863 -8.93383e-05
-22.6501 -8.18564e-05
-22.514 -7.43746e-05
-22.3779 -6.68927e-05
-22.2417 -5.94108e-05
-22.1056 -5.19289e-05
-21.9694 -4.44471e-05
-21.8333 -3.69652e-05
-21.6971 -2.94833e-05
-21.561 -2.20014e-05
-21.4183 -1.41609e-05
-20.3441 4.48706e-05
-19.1591 0.000109997
-17.974 0.000175123
-16.7889 0.000240249
-15.6038 0.000305375
-14.4187 0.000370502
-13.2337 0.000435628
-12.0486 0.000500754
-10.8635 0.00056588
-9.67842 0.000631006
-8.49335 0.000696133
-7.30827 0.000761259
-6.12319 0.000826385
-4.93811 0.000891511
-3.75303 0.000956637
-2.56795 0.00102176
-1.38287 0.00108689
-0.197793 0.00115202
0.987286 0.00121714
2.17237 0.00128227
3.35744 0.00134739
4.54252 0.00141252
5.7276 0.00147765
6.91268 0.00154277
8.09776 0.0016079
9.28284 0.00167303
10.4679 0.00173815
11.653 0.00180328
12.8381 0.0018684
14.0232 0.00193353
15.2082 0.00199866
16.3933 0.00206378
17.5784 0.00212891
18.7635 0.00219404
19.9485 0.00225916
21.2351 0.00232987
23.4682 0.00245258
25.7012 0.0025753
27.9343 0.00269802
30.1673 0.00282073
32.4003 0.00294345
34.6334 0.00306617
36.8664 0.00318888
39.0994 0.0033116
41.3325 0.00343432
43.5655 0.00355704
45.7985 0.00367975
48.0316 0.00380247
50.2646 0.00392519
52.4977 0.0040479
54.7307 0.00417062
56.9637 0.00429334
59.1968 0.00441605
61.4298 0.00453877
63.6628 0.00466149
65.8959 0.0047842
68.1289 0.00490692
70.3576 0.00502965
68.1236 0.00490688
65.8896 0.00478411
63.6556 0.00466134
61.4215 0.00453857
59.1875 0.0044158
56.9535 0.00429303
54.7195 0.00417026
52.4855 0.00404749
50.2515 0.00392472
48.0175 0.00380195
45.7835 0.00367918
43.5494 0.00355641
41.3154 0.00343364
39.0814 0.00331087
36.8474 0.0031881
34.6134 0.00306532
32.3794 0.00294255
30.1454 0.00281978
27.9113 0.00269701
25.6773 0.00257424
23.4433 0.00245147
21.2205 0.00232931
19.9462 0.00225929
18.7612 0.00219416
17.5761 0.00212904
16.391 0.00206391
15.2059 0.00199878
14.0208 0.00193366
12.8358 0.00186853
11.6507 0.00180341
10.4656 0.00173828
9.28052 0.00167315
8.09544 0.00160803
6.91037 0.0015429
5.72529 0.00147777
4.54021 0.00141265
3.35513 0.00134752
2.17005 0.0012824
0.984971 0.00121727
-0.200108 0.00115214
-1.38519 0.00108702
-2.57027 0.00102189
-3.75535 0.000956765
-4.94042 0.000891639
-6.1255 0.000826512
-7.31058 0.000761386
-8.49566 0.00069626
-9.68074 0.000631134
-10.8658 0.000566007
-12.0509 0.000500881
-13.236 0.000435755
-14.4211 0.000370629
-15.6061 0.000305503
-16.7912 0.000240376
-17.9763 0.00017525
-19.1614 0.000110124
-20.3465 4.49979e-05
-21.4099 -1.34415e-05
-21.5469 -2.09717e-05
-21.6839 -2.8502e-05
-21.8209 -3.60322e-05
-21.9579 -4.35624e-05
-22.095 -5.10926e-05
-22.232 -5.86228e-05
-22.369 -6.6153e-05
-22.506 -7.36832e-05
-22.6431 -8.12134e-05
-22.7801 -8.87436e-05
-22.9171 -9.62738e-05
-23.0541 -0.000103804
-23.1912 -0.000111334
-23.3282 -0.000118864
-23.4652 -0.000126395
-23.6022 -0.000133925
-23.7393 -0.000141455
-23.8763 -0.000148985
-24.0133 -0.000156515
-24.1503 -0.000164046
-24.2874 -0.000171576
-24.4244 -0.000179105
-24.2882 -0.000171623
-24.1521 -0.000164141
-24.0159 -0.00015666
-23.8798 -0.000149178
-23.7437 -0.000141696
-23.6075 -0.000134214
-23.4714 -0.000126732
-23.3352 -0.00011925
-23.1991 -0.000111768
-23.0629 -0.000104286
-22.9268 -9.68046e-05
-22.7906 -8.93227e-05
-22.6545 -8.18408e-05
-22.5183 -7.4359e-05
-22.3822 -6.68771e-05
-22.2461 -5.93952e-05
-22.1099 -5.19133e-05
-21.9738 -4.44315e-05
-21.8376 -3.69496e-05
-21.7015 -2.94677e-05
-21.5653 -2.19858e-05
-21.4224 -1.4133e-05
-20.3463 4.50055e-05
-19.1612 0.000110132
-17.9762 0.000175258
-16.7911 0.000240384
-15.606 0.00030551
-14.4209 0.000370637
-13.2358 0.000435763
-12.0508 0.000500889
-10.8657 0.000566015
-9.6806 0.000631141
-8.49552 0.000696268
-7.31044 0.000761394
-6.12536 0.00082652
-4.94028 0.000891646
-3.75521 0.000956772
-2.57013 0.0010219
-1.38505 0.00108702
-0.199969 0.00115215
0.98511 0.00121728
2.17019 0.0012824
3.35527 0.00134753
4.54035 0.00141266
5.72543 0.00147778
6.9105 0.00154291
8.09558 0.00160803
9.28066 0.00167316
10.4657 0.00173829
11.6508 0.00180341
12.8359 0.00186854
14.021 0.00193367
15.2061 0.00199879
16.3911 0.00206392
17.5762 0.00212904
18.7613 0.00219417
19.9464 0.0022593
21.2308 0.00232988
23.4638 0.0024526
25.6969 0.00257532
27.9299 0.00269803
30.1629 0.00282075
32.396 0.00294347
34.629 0.00306618
36.8621 0.0031889
39.0951 0.00331162
41.3281 0.00343433
43.5612 0.00355705
45.7942 0.00367977
48.0272 0.00380248
50.2603 0.0039252
52.4933 0.00404792
54.7263 0.00417064
56.9594 0.00429335
59.1924 0.00441607
61.4255 0.00453879
63.6585 0.0046615
65.8915 0.00478422
68.1246 0.00490694
70.3576 0.00502965
70.3969 0.00515977
70.4363 0.00528989
70.4756 0.00542001
70.5149 0.00555013
70.5543 0.00568025
70.5936 0.00581037
70.633 0.00594049
70.6723 0.00607061
70.7116 0.00620073
70.751 0.00633085
70.7903 0.00646097
70.8297 0.00659109
70.869 0.00672121
70.9083 0.00685133
70.9477 0.00698145
70.987 0.00711157
71.0264 0.00724169
71.0657 0.00737181
71.105 0.00750193
71.1444 0.00763205
71.1837 0.00776217
71.223 0.00789229
71.2624 0.00802241
71.3017 0.00815253
71.3411 0.00828265
71.3804 0.00841277
71.4197 0.00854288
71.4591 0.008673
71.4984 0.00880312
71.5378 0.00893324
71.5771 0.00906336
71.6164 0.00919348
71.6558 0.0093236
71.6951 0.00945372
71.7345 0.00958384
71.7738 0.00971396
71.8131 0.00984408
71.8525 0.0099742
71.8918 0.0101043
71.9311 0.0102344
69.6971 0.0101117
67.4631 0.0099889
65.2291 0.00986613
62.9951 0.00974336
60.7611 0.00962059
58.5271 0.00949782
56.2931 0.00937505
54.059 0.00925228
51.825 0.00912951
49.591 0.00900673
47.357 0.00888396
45.123 0.00876119
42.889 0.00863842
40.655 0.00851565
38.421 0.00839288
36.1869 0.00827011
33.9529 0.00814734
31.7189 0.00802457
29.4849 0.0079018
27.2509 0.00777903
25.0169 0.00765626
22.7829 0.00753349
20.7815 0.0074235
19.5964 0.00735837
18.4113 0.00729325
17.2262 0.00722812
16.0411 0.007163
14.8561 0.00709787
13.671 0.00703274
12.4859 0.00696762
11.3008 0.00690249
10.1157 0.00683736
8.93067 0.00677224
7.74559 0.00670711
6.56051 0.00664199
5.37543 0.00657686
4.19035 0.00651173
3.00527 0.00644661
1.82019 0.00638148
0.635114 0.00631636
-0.545482 0.00625098
-1.7209 0.00618533
-2.89632 0.00611967
-4.07173 0.00605401
-5.24715 0.00598835
-6.42257 0.0059227
-7.59799 0.00585704
-8.77341 0.00579138
-9.94882 0.00572573
-11.1242 0.00566007
-12.2997 0.00559441
-13.4751 0.00552875
-14.6505 0.0054631
-15.8259 0.00539744
-17.0013 0.00533178
-18.1767 0.00526613
-19.3522 0.00520047
-20.5276 0.00513481
-21.703 0.00506915
-22.8784 0.0050035
-24.0538 0.00493784
-25.2293 0.00487218
-26.4047 0.00480653
-27.5801 0.00474087
-28.3234 0.00465147
-28.8266 0.00454886
-29.3297 0.00444626
-29.8329 0.00434366
-30.3361 0.00424106
-30.8392 0.00413846
-31.3424 0.00403586
-31.8456 0.00393326
-32.3487 0.00383066
-32.8519 0.00372806
-33.3551 0.00362546
-33.8582 0.00352286
-34.3614 0.00342025
-34.8646 0.00331765
-35.3677 0.00321505
-35.8709 0.00311245
-36.374 0.00300985
-36.8772 0.00290725
-37.3804 0.00280465
-37.8835 0.00270205
-38.3867 0.00259945
-38.8899 0.00249685
-39.393 0.00239425
-39.8962 0.00229164
-40.3994 0.00218904
-40.9025 0.00208644
-41.4057 0.00198384
-41.9089 0.00188124
-42.412 0.00177864
-42.9152 0.00167604
-43.4183 0.00157344
-43.9215 0.00147084
-44.4247 0.00136824
-44.9278 0.00126564
-45.431 0.00116303
-45.9342 0.00106043
-46.4373 0.000957832
-46.9405 0.000855231
-47.4437 0.00075263
-47.9468 0.00065003
-48.45 0.000547429
-48.9532 0.000444828
-49.4563 0.000342227
-49.9595 0.000239626
-50.4627 0.000137025
-50.9658 3.4424e-05
-51.2172 -1.68286e-05
-51.2557 -2.46909e-05
-51.2943 -3.25531e-05
-51.3328 -4.04153e-05
-51.3714 -4.82776e-05
-51.4099 -5.61398e-05
-51.4485 -6.40021e-05
-51.4871 -7.18643e-05
-51.5256 -7.97265e-05
-51.5359 -8.18137e-05
-51.5365 -8.19526e-05
-51.5372 -8.20914e-05
-51.5379 -8.22303e-05
-51.5386 -8.23692e-05
-51.5393 -8.2508e-05
-51.5399 -8.26469e-05
-51.5406 -8.27858e-05
-51.5413 -8.29247e-05
-51.542 -8.30635e-05
-51.5427 -8.32024e-05
-51.5433 -8.33413e-05
-51.544 -8.34801e-05
-51.5447 -8.3619e-05
-51.5454 -8.37579e-05
-51.5461 -8.38967e-05
-51.5468 -8.40356e-05
-51.5474 -8.41745e-05
-51.5481 -8.43134e-05
-51.5488 -8.44522e-05
-51.5495 -8.45911e-05
-51.5502 -8.473e-05
-51.5508 -8.48688e-05
-51.5515 -8.50077e-05
-51.5522 -8.51466e-05
-51.5529 -8.52855e-05
-51.5536 -8.54243e-05
-51.5542 -8.55632e-05
-51.5549 -8.57021e-05
-51.5556 -8.58409e-05
-51.5563 -8.59798e-05
-51.557 -8.61187e-05
-51.5576 -8.62575e-05
-51.5583 -8.63964e-05
-51.559 -8.65353e-05
-51.5597 -8.66742e-05
-51.5604 -8.6813e-05
-51.5611 -8.69519e-05
-51.5617 -8.70908e-05
-51.5624 -8.72296e-05
-51.5631 -8.73685e-05
-51.427 -7.98866e-05
-51.2908 -7.24048e-05
-51.1547 -6.49229e-05
-51.0185 -5.7441e-05
-50.8824 -4.99592e-05
-50.7462 -4.24773e-05
-50.6101 -3.49954e-05
-50.4739 -2.75135e-05
-50.3378 -2.00317e-05
-50.1231 -8.23579e-06
-48.9381 5.68904e-05
-47.753 0.000122017
-46.5679 0.000187143
-45.3828 0.000252269
-44.1978 0.000317395
-43.0127 0.000382521
-41.8276 0.000447648
-40.6425 0.000512774
-39.4574 0.0005779
-38.2724 0.000643026
-37.0873 0.000708152
-35.9022 0.000773279
-34.7171 0.000838405
-33.532 0.000903531
-32.347 0.000968657
-31.1619 0.00103378
-29.9768 0.00109891
-28.7917 0.00116404
-27.6066 0.00122916
-26.4216 0.00129429
-25.2365 0.00135941
-24.0514 0.00142454
-22.8663 0.00148967
-21.6813 0.00155479
-20.4962 0.00161992
-19.3111 0.00168505
-18.126 0.00175017
-16.9409 0.0018153
-15.7559 0.00188042
-14.5708 0.00194555
-13.3857 0.00201068
-12.2006 0.0020758
-11.0155 0.00214093
-9.83046 0.00220606
-8.64538 0.00227118
-7.4603 0.00233631
-6.27523 0.00240143
-5.09015 0.00246656
-3.90507 0.00253169
-2.71999 0.00259681
-1.53491 0.00266194
-0.35089 0.00272701
0.817243 0.0027912
1.98538 0.0028554
3.15351 0.00291959
4.32164 0.00298379
5.48978 0.00304798
6.65791 0.00311218
7.82604 0.00317637
8.99417 0.00324057
10.1623 0.00330476
11.3304 0.00336896
12.4986 0.00343315
13.6667 0.00349735
14.8348 0.00356154
16.003 0.00362574
17.1711 0.00368993
18.3392 0.00375413
19.5074 0.00381832
20.6755 0.00388252
21.8436 0.00394671
23.0118 0.00401091
24.1799 0.0040751
25.348 0.0041393
26.5162 0.00420349
27.6224 0.00426428
28.122 0.00429174
28.6216 0.00431919
29.1212 0.00434665
29.6208 0.00437411
30.1204 0.00440156
30.62 0.00442902
31.1196 0.00445647
31.6193 0.00448393
32.1189 0.00451139
32.6185 0.00453884
33.1181 0.0045663
33.6177 0.00459375
34.1173 0.00462121
34.6169 0.00464867
34.9935 0.00470143
35.3598 0.00475631
35.7262 0.00481118
36.0925 0.00486606
36.4589 0.00492093
36.8252 0.00497581
37.1916 0.00503069
37.5579 0.00508556
37.9242 0.00514044
38.2906 0.00519531
38.6569 0.00525019
39.0233 0.00530506
39.3896 0.00535994
39.756 0.00541482
40.1223 0.00546969
40.4887 0.00552457
40.855 0.00557944
41.2213 0.00563432
41.5877 0.00568919
41.954 0.00574407
42.3204 0.00579895
42.6867 0.00585382
43.0531 0.0059087
43.4194 0.00596357
43.7857 0.00601845
44.1521 0.00607333
44.5184 0.0061282
44.8848 0.00618308
45.2511 0.00623795
45.6175 0.00629283
45.9838 0.0063477
46.3501 0.00640258
46.7165 0.00645746
47.0828 0.00651233
47.4492 0.00656721
47.8155 0.00662208
48.1819 0.00667696
48.5482 0.00673183
48.9146 0.00678671
49.2809 0.00684159
49.6472 0.00689646
50.0136 0.00695134
50.3799 0.00700621
50.7463 0.00706109
51.3304 0.00714858
52.1799 0.00727583
53.0294 0.00740308
53.8789 0.00753033
54.7284 0.00765759
55.5779 0.00778484
56.4274 0.00791209
57.2769 0.00803934
58.1264 0.00816659
58.9759 0.00829384
59.8255 0.00842109
60.675 0.00854834
61.5245 0.00867559
62.374 0.00880284
63.2235 0.00893009
64.073 0.00905734
64.9225 0.00918459
65.772 0.00931184
66.6215 0.00943909
67.471 0.00956634
68.3205 0.00969359
69.17 0.00982085
70.0196 0.0099481
70.8691 0.0100753
71.7186 0.0102026
71.9606 0.010332
69.7266 0.0102092
67.4926 0.0100865
65.2586 0.00996368
63.0246 0.00984091
60.7906 0.00971814
58.5566 0.00959537
56.3226 0.0094726
54.0885 0.00934983
51.8545 0.00922706
49.7837 0.00911326
48.5986 0.00904813
47.4136 0.00898301
46.2285 0.00891788
45.0434 0.00885275
43.8583 0.00878763
42.6732 0.0087225
41.4882 0.00865737
40.3031 0.00859225
39.118 0.00852712
37.9329 0.008462
36.7479 0.00839687
35.5628 0.00833174
34.3777 0.00826662
33.1926 0.00820149
32.0075 0.00813636
30.8225 0.00807124
29.6374 0.00800611
28.4523 0.00794099
27.2672 0.00787586
26.0821 0.00781073
24.8971 0.00774561
23.712 0.00768048
22.5269 0.00761536
21.3418 0.00755023
20.1567 0.0074851
18.9717 0.00741998
17.7866 0.00735485
16.6015 0.00728972
15.4164 0.0072246
14.2314 0.00715947
13.0463 0.00709435
11.8612 0.00702922
10.6761 0.00696409
9.49104 0.00689897
8.30596 0.00683384
7.12088 0.00676871
5.9358 0.00670359
4.75072 0.00663846
3.56564 0.00657334
2.38056 0.00650821
1.19549 0.00644308
0.0104068 0.00637796
-1.15794 0.00631191
-2.32613 0.00624586
-3.49432 0.0061798
-4.66252 0.00611375
-5.83071 0.00604769
-6.99891 0.00598164
-8.1671 0.00591559
-9.33529 0.00584953
-10.5035 0.00578348
-11.6717 0.00571742
-12.8399 0.00565137
-14.0081 0.00558532
-15.1763 0.00551926
-16.3445 0.00545321
-17.5127 0.00538715
-18.6808 0.0053211
-19.849 0.00525505
-21.0172 0.00518899
-22.1854 0.00512294
-23.3536 0.00505688
-24.5218 0.00499083
-25.69 0.00492477
-26.8582 0.00485872
-28.0113 0.00479184
-28.5109 0.00468904
-29.0106 0.00458625
-29.5102 0.00448345
-30.0098 0.00438066
-30.5095 0.00427786
-31.0091 0.00417507
-31.5088 0.00407227
-32.0084 0.00396948
-32.508 0.00386668
-33.0077 0.00376389
-33.5073 0.00366109
-34.0069 0.0035583
-34.5066 0.0034555
-34.9547 0.00336331
-35.3194 0.00328828
-35.6841 0.00321324
-36.0488 0.00313821
-36.4135 0.00306317
-36.7782 0.00298814
-37.1429 0.0029131
-37.5076 0.00283807
-37.8724 0.00276304
-38.2371 0.002688
-38.6018 0.00261297
-38.9665 0.00253793
-39.3312 0.0024629
-39.6959 0.00238786
-40.0606 0.00231283
-40.4253 0.00223779
-40.79 0.00216276
-41.1547 0.00208772
-41.5194 0.00201269
-41.8842 0.00193765
-42.2489 0.00186262
-42.6136 0.00178758
-42.9783 0.00171255
-43.343 0.00163751
-43.7077 0.00156248
-44.0724 0.00148744
-44.4371 0.00141241
-44.8018 0.00133738
-45.1665 0.00126234
-45.5312 0.00118731
-45.896 0.00111227
-46.2607 0.00103724
-46.6254 0.000962201
-46.9901 0.000887166
-47.3548 0.000812132
-47.7195 0.000737097
-48.0842 0.000662062
-48.4489 0.000587027
-48.8136 0.000511993
-49.1783 0.000436958
-49.543 0.000361923
-49.9078 0.000286888
-50.2725 0.000211854
-50.6372 0.000136819
-51.0019 6.17842e-05
-51.3634 -1.25943e-05
-51.3778 -1.55627e-05
-51.3923 -1.85311e-05
-51.4067 -2.14994e-05
-51.4211 -2.44678e-05
-51.4355 -2.74362e-05
-51.45 -3.04045e-05
-51.4644 -3.33729e-05
-51.4788 -3.63413e-05
-51.4933 -3.93096e-05
-51.5077 -4.2278e-05
-51.5221 -4.52464e-05
-51.5365 -4.82147e-05
-51.551 -5.11831e-05
-51.5654 -5.41515e-05
-51.5798 -5.71198e-05
-51.5942 -6.00882e-05
-51.6087 -6.30566e-05
-51.6231 -6.60249e-05
-51.6375 -6.89933e-05
-51.652 -7.19617e-05
-51.6664 -7.493e-05
-51.6808 -7.78984e-05
-51.6952 -8.08668e-05
-51.7097 -8.38352e-05
-51.724 -8.6791e-05
-51.5879 -7.93091e-05
-51.4517 -7.18272e-05
-51.3156 -6.43453e-05
-51.1795 -5.68635e-05
-51.0433 -4.93816e-05
-50.9072 -4.18997e-05
-50.771 -3.44179e-05
-50.6349 -2.6936e-05
-50.4987 -1.94541e-05
-50.2037 -3.24072e-06
-49.0186 6.18855e-05
-47.8335 0.000127012
-46.6485 0.000192138
-45.4634 0.000257264
-44.2783 0.00032239
-43.0932 0.000387517
-41.9082 0.000452643
-40.7231 0.000517769
-39.538 0.000582895
-38.3529 0.000648021
-37.1678 0.000713148
-35.9828 0.000778274
-34.7977 0.0008434
-33.6126 0.000908526
-32.4275 0.000973652
-31.2424 0.00103878
-30.0574 0.0011039
-28.8723 0.00116903
-27.6872 0.00123416
-26.5021 0.00129928
-25.317 0.00136441
-24.132 0.00142954
-22.9469 0.00149466
-21.7618 0.00155979
-20.5767 0.00162491
-19.3917 0.00169004
-18.2066 0.00175517
-17.0215 0.00182029
-15.8364 0.00188542
-14.6513 0.00195055
-13.4663 0.00201567
-12.2812 0.0020808
-11.0961 0.00214592
-9.91102 0.00221105
-8.72594 0.00227618
-7.54086 0.0023413
-6.35578 0.00240643
-5.17071 0.00247156
-3.98563 0.00253668
-2.80055 0.00260181
-1.61547 0.00266693
-0.430389 0.00273206
0.737794 0.00279626
1.90588 0.00286045
3.07398 0.00292464
4.24207 0.00298884
5.41016 0.00305303
6.57825 0.00311722
7.74634 0.00318141
8.91443 0.00324561
10.0825 0.0033098
11.2506 0.00337399
12.4187 0.00343818
13.5868 0.00350238
14.7549 0.00356657
15.923 0.00363076
17.0911 0.00369495
18.2592 0.00375915
19.4272 0.00382334
20.5953 0.00388753
21.7634 0.00395172
22.9315 0.00401592
24.0996 0.00408011
25.2677 0.0041443
26.4358 0.00420849
27.588 0.00427181
28.0876 0.00429927
28.5872 0.00432672
29.0868 0.00435418
29.5863 0.00438163
30.0859 0.00440909
30.5855 0.00443654
31.0851 0.004464
31.5847 0.00449145
32.0843 0.00451891
32.5839 0.00454636
33.0834 0.00457382
33.583 0.00460127
34.0826 0.00462873
34.5322 0.00466648
34.8969 0.00472168
35.2616 0.00477689
35.6263 0.0048321
35.9911 0.0048873
36.3558 0.00494251
36.7205 0.00499772
37.0852 0.00505292
37.4499 0.00510813
37.8146 0.00516334
38.1793 0.00521854
38.5441 0.00527375
38.9088 0.00532896
39.2735 0.00538416
39.6382 0.00543937
40.0029 0.00549458
40.3676 0.00554978
40.7324 0.00560499
41.0971 0.0056602
41.4618 0.0057154
41.8265 0.00577061
42.1912 0.00582582
42.5559 0.00588102
42.9206 0.00593623
43.2854 0.00599144
43.6501 0.00604664
44.0148 0.00610185
44.3795 0.00615706
44.7442 0.00621226
45.1089 0.00626747
45.4737 0.00632268
45.8384 0.00637788
46.2031 0.00643309
46.5678 0.0064883
46.9325 0.0065435
47.2972 0.00659871
47.6619 0.00665392
48.0267 0.00670912
48.3914 0.00676433
48.7561 0.00681954
49.1208 0.00687474
49.4855 0.00692995
49.8502 0.00698516
50.215 0.00704037
50.5797 0.00709557
50.9444 0.00715078
51.7799 0.00727725
52.6208 0.00740453
53.4616 0.00753181
54.3025 0.00765909
55.1434 0.00778637
55.9842 0.00791366
56.8251 0.00804094
57.666 0.00816822
58.5068 0.0082955
59.3477 0.00842278
60.1886 0.00855006
61.0294 0.00867734
61.8703 0.00880462
62.7111 0.0089319
63.552 0.00905919
64.3929 0.00918647
65.2337 0.00931375
66.0746 0.00944103
66.9155 0.00956831
67.7563 0.00969559
68.5972 0.00982287
69.4381 0.00995015
70.2789 0.0100774
71.1198 0.0102047
71.9606 0.010332
69.7266 0.0102092
67.4926 0.0100865
65.2586 0.00996369
63.0246 0.00984092
60.7906 0.00971814
58.5566 0.00959537
56.3226 0.0094726
54.0885 0.00934983
51.8545 0.00922706
49.7842 0.00911329
48.5991 0.00904816
47.414 0.00898303
46.229 0.00891791
45.0439 0.00885278
43.8588 0.00878766
42.6737 0.00872253
41.4886 0.0086574
40.3036 0.00859228
39.1185 0.00852715
37.9334 0.00846203
36.7483 0.0083969
35.5632 0.00833177
34.3782 0.00826665
33.1931 0.00820152
32.008 0.00813639
30.8229 0.00807127
29.6379 0.00800614
28.4528 0.00794102
27.2677 0.00787589
26.0826 0.00781076
24.8975 0.00774564
23.7125 0.00768051
22.5274 0.00761538
21.3423 0.00755026
20.1572 0.00748513
18.9721 0.00742001
17.7871 0.00735488
16.602 0.00728975
15.4169 0.00722463
14.2318 0.0071595
13.0467 0.00709437
11.8617 0.00702925
10.6766 0.00696412
9.49151 0.006899
8.30643 0.00683387
7.12135 0.00676874
5.93627 0.00670362
4.7512 0.00663849
3.56612 0.00657337
2.38104 0.00650824
1.19596 0.00644311
0.0108793 0.00637799
-1.15747 0.00631194
-2.32566 0.00624589
-3.49386 0.00617983
-4.66205 0.00611378
-5.83024 0.00604772
-6.99844 0.00598167
-8.16663 0.00591562
-9.33483 0.00584956
-10.503 0.00578351
-11.6712 0.00571745
-12.8394 0.0056514
-14.0076 0.00558535
-15.1758 0.00551929
-16.344 0.00545324
-17.5122 0.00538718
-18.6804 0.00532113
-19.8486 0.00525507
-21.0168 0.00518902
-22.185 0.00512297
-23.3532 0.00505691
-24.5213 0.00499086
-25.6895 0.0049248
-26.8577 0.00485875
-28.0111 0.00479188
-28.5107 0.00468909
-29.0104 0.00458629
-29.51 0.0044835
-30.0096 0.0043807
-30.5093 0.00427791
-31.0089 0.00417511
-31.5086 0.00407232
-32.0082 0.00396952
-32.5078 0.00386673
-33.0075 0.00376393
-33.5071 0.00366114
-34.0067 0.00355834
-34.5064 0.00345555
-34.9541 0.00336343
-35.3188 0.0032884
-35.6835 0.00321336
-36.0482 0.00313833
-36.4129 0.0030633
-36.7776 0.00298827
-37.1423 0.00291323
-37.507 0.0028382
-37.8717 0.00276317
-38.2364 0.00268814
-38.6011 0.0026131
-38.9658 0.00253807
-39.3305 0.00246304
-39.6952 0.002388
-40.0599 0.00231297
-40.4246 0.00223794
-40.7893 0.00216291
-41.154 0.00208787
-41.5187 0.00201284
-41.8834 0.00193781
-42.2481 0.00186277
-42.6128 0.00178774
-42.9775 0.00171271
-43.3422 0.00163768
-43.7069 0.00156264
-44.0716 0.00148761
-44.4363 0.00141258
-44.801 0.00133754
-45.1657 0.00126251
-45.5304 0.00118748
-45.8951 0.00111245
-46.2598 0.00103741
-46.6245 0.000962381
-46.9892 0.000887348
-47.3539 0.000812315
-47.7186 0.000737282
-48.0833 0.00066225
-48.448 0.000587217
-48.8127 0.000512184
-49.1774 0.000437151
-49.5421 0.000362118
-49.9068 0.000287086
-50.2715 0.000212053
-50.6362 0.00013702
-51.0009 6.19872e-05
-51.3634 -1.25862e-05
-51.3778 -1.55544e-05
-51.3922 -1.85226e-05
-51.4067 -2.14908e-05
-51.4211 -2.4459e-05
-51.4355 -2.74272e-05
-51.4499 -3.03954e-05
-51.4644 -3.33635e-05
-51.4788 -3.63317e-05
-51.4932 -3.92999e-05
-51.5076 -4.22681e-05
-51.5221 -4.52363e-05
-51.5365 -4.82045e-05
-51.5509 -5.11727e-05
-51.5653 -5.41409e-05
-51.5798 -5.71091e-05
-51.5942 -6.00772e-05
-51.6086 -6.30454e-05
-51.6231 -6.60136e-05
-51.6375 -6.89818e-05
-51.6519 -7.195e-05
-51.6663 -7.49182e-05
-51.6808 -7.78864e-05
-51.6952 -8.08546e-05
-51.7096 -8.38228e-05
-51.724 -8.67909e-05
-51.5879 -7.93091e-05
-51.4518 -7.18272e-05
-51.3156 -6.43453e-05
-51.1795 -5.68635e-05
-51.0433 -4.93816e-05
-50.9072 -4.18997e-05
-50.771 -3.44178e-05
-50.6349 -2.6936e-05
-50.4987 -1.94541e-05
-50.2037 -3.24055e-06
-49.0186 6.18857e-05
-47.8335 0.000127012
-46.6485 0.000192138
-45.4634 0.000257264
-44.2783 0.00032239
-43.0932 0.000387517
-41.9082 0.000452643
-40.7231 0.000517769
-39.538 0.000582895
-38.3529 0.000648021
-37.1678 0.000713148
-35.9828 0.000778274
-34.7977 0.0008434
-33.6126 0.000908526
-32.4275 0.000973653
-31.2424 0.00103878
-30.0574 0.0011039
-28.8723 0.00116903
-27.6872 0.00123416
-26.5021 0.00129928
-25.317 0.00136441
-24.132 0.00142954
-22.9469 0.00149466
-21.7618 0.00155979
-20.5767 0.00162491
-19.3917 0.00169004
-18.2066 0.00175517
-17.0215 0.00182029
-15.8364 0.00188542
-14.6513 0.00195055
-13.4663 0.00201567
-12.2812 0.0020808
-11.0961 0.00214592
-9.91102 0.00221105
-8.72594 0.00227618
-7.54087 0.0023413
-6.35579 0.00240643
-5.17071 0.00247156
-3.98563 0.00253668
-2.80055 0.00260181
-1.61547 0.00266693
-0.430392 0.00273206
0.737792 0.00279626
1.90588 0.00286045
3.07397 0.00292464
4.24206 0.00298884
5.41015 0.00305303
6.57824 0.00311722
7.74633 0.00318141
8.91443 0.00324561
10.0825 0.0033098
11.2506 0.00337399
12.4187 0.00343818
13.5868 0.00350238
14.7549 0.00356657
15.923 0.00363076
17.0911 0.00369495
18.2591 0.00375915
19.4272 0.00382334
20.5953 0.00388753
21.7634 0.00395172
22.9315 0.00401592
24.0996 0.00408011
25.2677 0.0041443
26.4358 0.00420849
27.588 0.00427181
28.0876 0.00429927
28.5872 0.00432672
29.0868 0.00435418
29.5863 0.00438163
30.0859 0.00440909
30.5855 0.00443654
31.0851 0.004464
31.5847 0.00449145
32.0843 0.00451891
32.5839 0.00454636
33.0834 0.00457382
33.583 0.00460127
34.0826 0.00462873
34.5322 0.00466648
34.8969 0.00472168
35.2616 0.00477689
35.6263 0.0048321
35.991 0.0048873
36.3558 0.00494251
36.7205 0.00499772
37.0852 0.00505292
37.4499 0.00510813
37.8146 0.00516334
38.1793 0.00521854
38.5441 0.00527375
38.9088 0.00532896
39.2735 0.00538416
39.6382 0.00543937
40.0029 0.00549458
40.3676 0.00554978
40.7323 0.00560499
41.0971 0.0056602
41.4618 0.0057154
41.8265 0.00577061
42.1912 0.00582582
42.5559 0.00588102
42.9206 0.00593623
43.2854 0.00599144
43.6501 0.00604664
44.0148 0.00610185
44.3795 0.00615706
44.7442 0.00621227
45.1089 0.00626747
45.4736 0.00632268
45.8384 0.00637789
46.2031 0.00643309
46.5678 0.0064883
46.9325 0.00654351
47.2972 0.00659871
47.6619 0.00665392
48.0267 0.00670913
48.3914 0.00676433
48.7561 0.00681954
49.1208 0.00687475
49.4855 0.00692995
49.8502 0.00698516
50.215 0.00704037
50.5797 0.00709557
50.9444 0.00715078
51.7799 0.00727725
52.6208 0.00740453
53.4616 0.00753181
54.3025 0.00765909
55.1433 0.00778637
55.9842 0.00791366
56.8251 0.00804094
57.6659 0.00816822
58.5068 0.0082955
59.3477 0.00842278
60.1885 0.00855006
61.0294 0.00867734
61.8703 0.00880462
62.7111 0.0089319
63.552 0.00905919
64.3929 0.00918647
65.2337 0.00931375
66.0746 0.00944103
66.9155 0.00956831
67.7563 0.00969559
68.5972 0.00982287
69.438 0.00995015
70.2789 0.0100774
71.1198 0.0102047
71.9606 0.010332
72 0.0104621
72.0393 0.0105922
72.0787 0.0107223
72.118 0.0108525
72.1573 0.0109826
72.1967 0.0111127
72.236 0.0112428
72.2753 0.0113729
72.3147 0.011503
72.354 0.0116331
72.3934 0.0117632
72.4327 0.0118934
72.472 0.0120235
72.5114 0.0121536
72.5507 0.0122837
72.59 0.0124138
72.6294 0.0125439
72.6687 0.012674
72.708 0.0128042
72.7474 0.0129343
72.7867 0.0130644
72.8261 0.0131945
72.8654 0.0133246
72.9047 0.0134547
72.9441 0.0135848
72.9834 0.0137149
73.0227 0.0138451
73.0621 0.0139752
73.1014 0.0141053
73.1408 0.0142354
73.1801 0.0143655
73.2194 0.0144956
73.2588 0.0146257
73.2981 0.0147559
73.3374 0.014886
73.3768 0.0150161
73.4161 0.0151462
73.4555 0.0152763
73.4948 0.0154064
73.5341 0.0155365
73.5735 0.0156666
71.3394 0.0155439
69.1054 0.0154211
66.8714 0.0152983
64.6374 0.0151756
62.4034 0.0150528
60.1694 0.01493
57.9354 0.0148073
55.7014 0.0146845
53.4673 0.0145617
51.2333 0.0144389
49.4194 0.0143393
48.2343 0.0142741
47.0492 0.014209
45.8641 0.0141439
44.6791 0.0140788
43.494 0.0140136
42.3089 0.0139485
41.1238 0.0138834
39.9387 0.0138182
38.7537 0.0137531
37.5686 0.013688
36.3835 0.0136229
35.1984 0.0135577
34.0133 0.0134926
32.8283 0.0134275
31.6432 0.0133624
30.4581 0.0132972
29.273 0.0132321
28.088 0.013167
26.9029 0.0131019
25.7178 0.0130367
24.5327 0.0129716
23.3476 0.0129065
22.1626 0.0128414
20.9775 0.0127762
19.7924 0.0127111
18.6073 0.012646
17.4222 0.0125808
16.2372 0.0125157
15.0521 0.0124506
13.867 0.0123855
12.6819 0.0123203
11.4968 0.0122552
10.3118 0.0121901
9.12669 0.012125
7.94161 0.0120598
6.75653 0.0119947
5.57145 0.0119296
4.38637 0.0118645
3.20129 0.0117993
2.01622 0.0117342
0.831137 0.0116691
-0.261138 0.0115989
-1.13549 0.0115167
-2.00984 0.0114345
-2.88419 0.0113522
-3.75854 0.01127
-4.63289 0.0111878
-5.50724 0.0111056
-6.38159 0.0110234
-7.25594 0.0109412
-8.13029 0.010859
-9.00464 0.0107768
-9.87899 0.0106946
-10.7533 0.0106124
-11.6277 0.0105302
-12.502 0.010448
-13.3764 0.0103658
-14.2507 0.0102836
-15.1251 0.0102014
-15.9994 0.0101192
-16.8738 0.010037
-17.7481 0.00995481
-18.6225 0.00987261
-19.4968 0.0097904
-20.3712 0.0097082
-21.2455 0.009626
-22.1199 0.0095438
-22.9942 0.00946159
-23.8686 0.00937939
-24.7429 0.00929719
-25.6173 0.00921499
-26.4916 0.00913278
-27.366 0.00905058
-28.0993 0.00896063
-28.4605 0.00885022
-28.8217 0.00873982
-29.1829 0.00862942
-29.5441 0.00851902
-29.9052 0.00840861
-30.2664 0.00829821
-30.6276 0.00818781
-30.9888 0.0080774
-31.35 0.007967
-31.7112 0.0078566
-32.0724 0.00774619
-32.4336 0.00763579
-32.7948 0.00752539
-33.156 0.00741499
-33.5172 0.00730458
-33.8784 0.00719418
-34.2396 0.00708378
-34.6007 0.00697337
-34.9279 0.00687338
-35.2128 0.00678629
-35.4977 0.0066992
-35.7827 0.00661211
-36.0676 0.00652502
-36.3525 0.00643793
-36.6374 0.00635084
-36.9223 0.00626375
-37.2073 0.00617666
-37.4922 0.00608957
-37.7771 0.00600248
-38.062 0.00591539
-38.347 0.0058283
-38.6319 0.00574121
-38.9168 0.00565412
-39.2017 0.00556703
-39.4866 0.00547994
-39.7716 0.00539285
-40.0565 0.00530576
-40.3414 0.00521867
-40.6263 0.00513158
-40.9113 0.00504449
-41.1962 0.0049574
-41.4811 0.00487031
-41.766 0.00478322
-42.0509 0.00469613
-42.3359 0.00460904
-42.6208 0.00452195
-42.9057 0.00443486
-43.1906 0.00434777
-43.4756 0.00426068
-43.7605 0.00417359
-44.0454 0.0040865
-44.3303 0.00399941
-44.6152 0.00391232
-44.9002 0.00382523
-45.1851 0.00373814
-45.47 0.00365105
-45.7549 0.00356396
-46.0398 0.00347687
-46.3248 0.00338978
-46.6097 0.00330269
-46.8946 0.0032156
-47.1795 0.00312851
-47.4645 0.00304142
-47.7494 0.00295433
-48.0343 0.00286724
-48.3192 0.00278015
-48.6041 0.00269306
-48.8891 0.00260597
-49.174 0.00251888
-49.4589 0.00243179
-49.7438 0.0023447
-50.0288 0.00225761
-50.3137 0.00217052
-50.5986 0.00208343
-50.8835 0.00199634
-51.1684 0.00190925
-51.4534 0.00182216
-51.7383 0.00173507
-52.0232 0.00164798
-52.3081 0.00156089
-52.593 0.0014738
-52.878 0.00138671
-53.1629 0.00129962
-53.4478 0.00121253
-53.7327 0.00112544
-54.0177 0.00103835
-54.3026 0.000951256
-54.5875 0.000864166
-54.8724 0.000777076
-55.1573 0.000689986
-55.4423 0.000602896
-55.7272 0.000515806
-56.0121 0.000428716
-56.297 0.000341626
-56.582 0.000254536
-56.8669 0.000167446
-57.1518 8.03559e-05
-57.4367 -6.73409e-06
-57.4649 -1.53506e-05
-57.4747 -1.83336e-05
-57.4844 -2.13167e-05
-57.4942 -2.42997e-05
-57.5039 -2.72828e-05
-57.5137 -3.02659e-05
-57.5235 -3.32489e-05
-57.5332 -3.6232e-05
-57.543 -3.92151e-05
-57.5527 -4.21981e-05
-57.5625 -4.51812e-05
-57.5723 -4.81642e-05
-57.582 -5.11473e-05
-57.5918 -5.41304e-05
-57.6015 -5.71134e-05
-57.6113 -6.00965e-05
-57.6211 -6.30795e-05
-57.6293 -6.55995e-05
-57.6298 -6.57392e-05
-57.6302 -6.58789e-05
-57.6307 -6.60185e-05
-57.6311 -6.61582e-05
-57.6316 -6.62979e-05
-57.632 -6.64376e-05
-57.6325 -6.65772e-05
-57.633 -6.67169e-05
-57.6334 -6.68566e-05
-57.6339 -6.69963e-05
-57.6343 -6.71359e-05
-57.6348 -6.72756e-05
-57.6352 -6.74153e-05
-57.6357 -6.7555e-05
-57.6362 -6.76946e-05
-57.6366 -6.78343e-05
-57.6371 -6.7974e-05
-57.6375 -6.81136e-05
-57.638 -6.82533e-05
-57.6384 -6.8393e-05
-57.6389 -6.85327e-05
-57.6394 -6.86723e-05
-57.6398 -6.8812e-05
-57.6403 -6.89517e-05
-57.6407 -6.90914e-05
-57.6412 -6.9231e-05
-57.6416 -6.93707e-05
-57.6421 -6.95104e-05
-57.6426 -6.96501e-05
-57.643 -6.97897e-05
-57.6435 -6.99294e-05
-57.6439 -7.00691e-05
-57.6444 -7.02088e-05
-57.6448 -7.03484e-05
-57.6453 -7.04881e-05
-57.6458 -7.06278e-05
-57.6462 -7.07675e-05
-57.6467 -7.09071e-05
-57.6471 -7.10468e-05
-57.6476 -7.11865e-05
-57.5114 -6.37046e-05
-57.3753 -5.62227e-05
-57.2391 -4.87409e-05
-57.103 -4.1259e-05
-56.9669 -3.37771e-05
-56.8307 -2.62953e-05
-56.6946 -1.88134e-05
-56.3256 1.46465e-06
-55.1405 6.65909e-05
-53.9554 0.000131717
-52.7703 0.000196843
-51.5853 0.000261969
-50.4002 0.000327096
-49.2151 0.000392222
-48.03 0.000457348
-46.8449 0.000522474
-45.6599 0.0005876
-44.4748 0.000652727
-43.2897 0.000717853
-42.1046 0.000782979
-40.9195 0.000848105
-39.7345 0.000913232
-38.5494 0.000978358
-37.3643 0.00104348
-36.1792 0.00110861
-34.9942 0.00117374
-33.8091 0.00123886
-32.624 0.00130399
-31.4389 0.00136911
-30.2538 0.00143424
-29.0688 0.00149937
-27.8837 0.00156449
-26.6986 0.00162962
-25.5135 0.00169475
-24.3284 0.00175987
-23.1434 0.001825
-21.9583 0.00189012
-20.7732 0.00195525
-19.5881 0.00202038
-18.403 0.0020855
-17.218 0.00215063
-16.0329 0.00221576
-14.8478 0.00228088
-13.6627 0.00234601
-12.4777 0.00241113
-11.2926 0.00247626
-10.1075 0.00254139
-8.92242 0.00260651
-7.73734 0.00267164
-6.55226 0.00273677
-5.36718 0.00280189
-4.1821 0.00286702
-2.99702 0.00293214
-1.81194 0.00299727
-0.626863 0.0030624
0.278162 0.00311602
1.08121 0.00317138
1.88426 0.00322674
2.68732 0.0032821
3.49037 0.00333746
4.29342 0.00339282
5.09647 0.00344818
5.89952 0.00350354
6.70257 0.0035589
7.50562 0.00361426
8.30867 0.00366962
9.11173 0.00372498
9.91478 0.00378034
10.7178 0.0038357
11.5209 0.00389106
12.3239 0.00394642
13.127 0.00400178
13.93 0.00405714
14.7331 0.0041125
15.5361 0.00416786
16.3392 0.00422322
17.1422 0.00427858
17.9453 0.00433394
18.7483 0.0043893
19.5514 0.00444466
20.3544 0.00450002
21.1575 0.00455538
21.9605 0.00461074
22.7636 0.0046661
23.5666 0.00472146
24.3697 0.00477682
25.1728 0.00483218
25.9758 0.00488754
26.7789 0.0049429
27.5786 0.00499803
27.9282 0.00502213
28.2778 0.00504623
28.6274 0.00507033
28.977 0.00509443
29.3266 0.00511853
29.5989 0.0051661
29.839 0.00522343
30.0792 0.00528077
30.3193 0.00533811
30.5594 0.00539545
30.7995 0.00545279
31.0397 0.00551013
31.2798 0.00556747
31.5199 0.00562481
31.76 0.00568215
32.0002 0.00573948
32.2403 0.00579682
32.4804 0.00585416
32.7205 0.0059115
32.9607 0.00596884
33.2008 0.00602618
33.4409 0.00608352
33.681 0.00614086
33.9212 0.00619819
34.1613 0.00625553
34.4014 0.00631287
34.6415 0.00637021
34.8817 0.00642755
35.1218 0.00648489
35.3619 0.00654223
35.602 0.00659957
35.8422 0.0066569
36.0823 0.00671424
36.3224 0.00677158
36.5625 0.00682892
36.8027 0.00688626
37.0428 0.0069436
37.2829 0.00700094
37.523 0.00705828
37.7632 0.00711561
38.0033 0.00717295
38.2434 0.00723029
38.4835 0.00728763
38.7237 0.00734497
38.9638 0.00740231
39.2039 0.00745965
39.444 0.00751699
39.6842 0.00757432
39.9243 0.00763166
40.1644 0.007689
40.4045 0.00774634
40.6447 0.00780368
40.8848 0.00786102
41.1249 0.00791836
41.365 0.0079757
41.6052 0.00803303
41.8453 0.00809037
42.0854 0.00814771
42.3255 0.00820505
42.5657 0.00826239
42.8058 0.00831973
43.0459 0.00837707
43.286 0.00843441
43.5262 0.00849175
43.7663 0.00854908
44.0064 0.00860642
44.2465 0.00866376
44.4867 0.0087211
44.7268 0.00877844
44.9669 0.00883578
45.207 0.00889312
45.4472 0.00895046
45.6873 0.00900779
45.9274 0.00906513
46.1675 0.00912247
46.4077 0.00917981
46.6478 0.00923715
46.8879 0.00929449
47.128 0.00935183
47.3682 0.00940917
47.6083 0.0094665
47.8484 0.00952384
48.0885 0.00958118
48.3287 0.00963852
48.5688 0.00969586
48.8089 0.0097532
49.049 0.00981054
49.2892 0.00986788
49.5293 0.00992521
49.7694 0.00998255
50.0095 0.0100399
50.2497 0.0100972
50.4898 0.0101546
50.7299 0.0102119
50.9701 0.0102692
51.2102 0.0103266
51.4503 0.0103839
51.6904 0.0104413
51.9306 0.0104986
52.1707 0.0105559
52.4108 0.0106133
52.6509 0.0106706
52.8911 0.010728
53.1312 0.0107853
53.3713 0.0108426
53.6114 0.0109
53.8516 0.0109573
54.0917 0.0110147
54.3318 0.011072
54.5719 0.0111293
54.8121 0.0111867
55.0522 0.011244
55.2923 0.0113013
55.5324 0.0113587
55.7726 0.011416
56.0127 0.0114734
56.2528 0.0115307
56.4929 0.011588
56.7331 0.0116454
56.9979 0.0117086
57.5353 0.011837
58.0728 0.0119653
58.6103 0.0120936
59.1478 0.012222
59.6853 0.0123503
60.2227 0.0124787
60.7602 0.012607
61.2977 0.0127354
61.8352 0.0128637
62.3726 0.012992
62.9101 0.0131204
63.4476 0.0132487
63.9851 0.0133771
64.5226 0.0135054
65.06 0.0136338
65.5975 0.0137621
66.135 0.0138904
66.6725 0.0140188
67.2099 0.0141471
67.7474 0.0142755
68.2849 0.0144038
68.8224 0.0145321
69.3598 0.0146605
69.8973 0.0147888
70.4348 0.0149172
70.9723 0.0150455
71.5098 0.0151739
72.0472 0.0153022
72.5847 0.0154305
73.1222 0.0155589
73.5798 0.0156875
71.3458 0.0155647
69.1117 0.015442
66.8777 0.0153192
64.6437 0.0151964
62.4097 0.0150737
60.1757 0.0149509
57.9417 0.0148281
55.8832 0.014715
54.6981 0.0146499
53.513 0.0145847
52.3279 0.0145196
51.1428 0.0144545
49.9578 0.0143894
48.7727 0.0143242
47.5876 0.0142591
46.4025 0.014194
45.2174 0.0141289
44.0324 0.0140637
42.8473 0.0139986
41.6622 0.0139335
40.4771 0.0138684
39.2921 0.0138032
38.107 0.0137381
36.9219 0.013673
35.7368 0.0136079
34.5517 0.0135427
33.3667 0.0134776
32.1816 0.0134125
30.9965 0.0133473
29.8114 0.0132822
28.6263 0.0132171
27.4413 0.013152
26.2562 0.0130868
25.0711 0.0130217
23.886 0.0129566
22.7009 0.0128915
21.5159 0.0128263
20.3308 0.0127612
19.1457 0.0126961
17.9606 0.012631
16.7756 0.0125658
15.5905 0.0125007
14.4054 0.0124356
13.2203 0.0123705
12.0352 0.0123053
10.8502 0.0122402
9.66508 0.0121751
8.48 0.0121099
7.29492 0.0120448
6.10984 0.0119797
4.92476 0.0119146
3.73968 0.0118494
2.55461 0.0117843
1.36953 0.0117192
0.184448 0.0116541
-0.711802 0.0115769
-1.51362 0.0115014
-2.31544 0.0114259
-3.11726 0.0113504
-3.91908 0.0112749
-4.72089 0.0111994
-5.52271 0.0111239
-6.32453 0.0110484
-7.12635 0.0109729
-7.92817 0.0108974
-8.72998 0.0108219
-9.5318 0.0107464
-10.3336 0.0106709
-11.1354 0.0105954
-11.9373 0.0105199
-12.7391 0.0104444
-13.5409 0.0103689
-14.3427 0.0102934
-15.1445 0.0102179
-15.9463 0.0101424
-16.7482 0.0100669
-17.55 0.00999139
-18.3518 0.00991589
-19.1536 0.00984039
-19.9554 0.00976489
-20.7573 0.00968938
-21.5591 0.00961388
-22.3609 0.00953838
-23.1627 0.00946288
-23.9645 0.00938738
-24.7663 0.00931188
-25.5682 0.00923638
-26.37 0.00916088
-27.1718 0.00908538
-27.9736 0.00900988
-28.3365 0.0089044
-28.6845 0.00879791
-29.0324 0.00869142
-29.3804 0.00858493
-29.7283 0.00847843
-30.0029 0.00839439
-30.2428 0.00832099
-30.4826 0.00824758
-30.7224 0.00817418
-30.9623 0.00810078
-31.2021 0.00802738
-31.4419 0.00795398
-31.6818 0.00788058
-31.9216 0.00780718
-32.1614 0.00773378
-32.4012 0.00766038
-32.6411 0.00758697
-32.8809 0.00751357
-33.1207 0.00744017
-33.3606 0.00736677
-33.6004 0.00729337
-33.8402 0.00721997
-34.0801 0.00714657
-34.3199 0.00707317
-34.5597 0.00699976
-34.7996 0.00692636
-35.0394 0.00685296
-35.2792 0.00677956
-35.5191 0.00670616
-35.7589 0.00663276
-35.9987 0.00655936
-36.2385 0.00648596
-36.4784 0.00641255
-36.7182 0.00633915
-36.958 0.00626575
-37.1979 0.00619235
-37.4377 0.00611895
-37.6775 0.00604555
-37.9174 0.00597215
-38.1572 0.00589875
-38.397 0.00582535
-38.6369 0.00575194
-38.8767 0.00567854
-39.1165 0.00560514
-39.3564 0.00553174
-39.5962 0.00545834
-39.836 0.00538494
-40.0758 0.00531154
-40.3157 0.00523814
-40.5555 0.00516473
-40.7953 0.00509133
-41.0352 0.00501793
-41.275 0.00494453
-41.5148 0.00487113
-41.7547 0.00479773
-41.9945 0.00472433
-42.2343 0.00465093
-42.4742 0.00457752
-42.714 0.00450412
-42.9538 0.00443072
-43.1936 0.00435732
-43.4335 0.00428392
-43.6733 0.00421052
-43.9131 0.00413712
-44.153 0.00406372
-44.3928 0.00399031
-44.6326 0.00391691
-44.8725 0.00384351
-45.1123 0.00377011
-45.3521 0.00369671
-45.592 0.00362331
-45.8318 0.00354991
-46.0716 0.00347651
-46.3115 0.00340311
-46.5513 0.0033297
-46.7911 0.0032563
-47.0309 0.0031829
-47.2708 0.0031095
-47.5106 0.0030361
-47.7504 0.0029627
-47.9903 0.0028893
-48.2301 0.0028159
-48.4699 0.00274249
-48.7098 0.00266909
-48.9496 0.00259569
-49.1894 0.00252229
-49.4293 0.00244889
-49.6691 0.00237549
-49.9089 0.00230209
-50.1488 0.00222869
-50.3886 0.00215528
-50.6284 0.00208188
-50.8682 0.00200848
-51.1081 0.00193508
-51.3479 0.00186168
-51.5877 0.00178828
-51.8276 0.00171488
-52.0674 0.00164148
-52.3072 0.00156808
-52.5471 0.00149467
-52.7869 0.00142127
-53.0267 0.00134787
-53.2666 0.00127447
-53.5064 0.00120107
-53.7462 0.00112767
-53.9861 0.00105427
-54.2259 0.000980866
-54.4657 0.000907464
-54.7055 0.000834063
-54.9454 0.000760662
-55.1852 0.000687261
-55.425 0.00061386
-55.6649 0.000540458
-55.9047 0.000467057
-56.1445 0.000393656
-56.3844 0.000320255
-56.6242 0.000246854
-56.864 0.000173452
-57.1039 0.000100051
-57.3437 2.66499e-05
-57.4748 -1.34625e-05
-57.481 -1.53848e-05
-57.4873 -1.73071e-05
-57.4936 -1.92294e-05
-57.4999 -2.11517e-05
-57.5062 -2.3074e-05
-57.5124 -2.49963e-05
-57.5187 -2.69186e-05
-57.525 -2.88409e-05
-57.5313 -3.07632e-05
-57.5376 -3.26855e-05
-57.5438 -3.46077e-05
-57.5501 -3.653e-05
-57.5564 -3.84523e-05
-57.5627 -4.03746e-05
-57.569 -4.22969e-05
-57.5752 -4.42192e-05
-57.5815 -4.61415e-05
-57.5878 -4.80638e-05
-57.5941 -4.99861e-05
-57.6004 -5.19084e-05
-57.6066 -5.38307e-05
-57.6129 -5.5753e-05
-57.6192 -5.76753e-05
-57.6255 -5.95975e-05
-57.6318 -6.15198e-05
-57.6381 -6.34421e-05
-57.6443 -6.53644e-05
-57.6506 -6.72867e-05
-57.6569 -6.9209e-05
-57.6632 -7.11305e-05
-57.527 -6.36487e-05
-57.3909 -5.61668e-05
-57.2547 -4.86849e-05
-57.1186 -4.1203e-05
-56.9824 -3.37212e-05
-56.8463 -2.62393e-05
-56.7102 -1.87574e-05
-56.3334 1.94863e-06
-55.1483 6.70748e-05
-53.9632 0.000132201
-52.7781 0.000197327
-51.5931 0.000262453
-50.408 0.00032758
-49.2229 0.000392706
-48.0378 0.000457832
-46.8527 0.000522958
-45.6677 0.000588084
-44.4826 0.000653211
-43.2975 0.000718337
-42.1124 0.000783463
-40.9274 0.000848589
-39.7423 0.000913715
-38.5572 0.000978842
-37.3721 0.00104397
-36.187 0.00110909
-35.002 0.00117422
-33.8169 0.00123935
-32.6318 0.00130447
-31.4467 0.0013696
-30.2616 0.00143473
-29.0766 0.00149985
-27.8915 0.00156498
-26.7064 0.0016301
-25.5213 0.00169523
-24.3362 0.00176036
-23.1512 0.00182548
-21.9661 0.00189061
-20.781 0.00195573
-19.5959 0.00202086
-18.4109 0.00208599
-17.2258 0.00215111
-16.0407 0.00221624
-14.8556 0.00228137
-13.6705 0.00234649
-12.4855 0.00241162
-11.3004 0.00247674
-10.1153 0.00254187
-8.93022 0.002607
-7.74514 0.00267212
-6.56006 0.00273725
-5.37498 0.00280238
-4.18991 0.0028675
-3.00483 0.00293263
-1.81975 0.00299775
-0.634669 0.00306288
0.272655 0.00311659
1.07507 0.00317201
1.87748 0.00322743
2.6799 0.00328285
3.48231 0.00333827
4.28473 0.00339368
5.08714 0.0034491
5.88956 0.00350452
6.69197 0.00355994
7.49439 0.00361536
8.2968 0.00367078
9.09922 0.0037262
9.90163 0.00378162
10.704 0.00383704
11.5065 0.00389245
12.3089 0.00394787
13.1113 0.00400329
13.9137 0.00405871
14.7161 0.00411413
15.5185 0.00416955
16.3209 0.00422497
17.1234 0.00428039
17.9258 0.00433581
18.7282 0.00439123
19.5306 0.00444664
20.333 0.00450206
21.1354 0.00455748
21.9379 0.0046129
22.7403 0.00466832
23.5427 0.00472374
24.3451 0.00477916
25.1475 0.00483458
25.9499 0.00489
26.7523 0.00494541
27.5548 0.00500083
27.9163 0.0050258
28.2658 0.00504994
28.6152 0.00507407
28.9647 0.00509821
29.3142 0.00512235
29.591 0.00516853
29.831 0.00522591
30.071 0.0052833
30.3109 0.00534068
30.5509 0.00539807
30.7909 0.00545545
31.0309 0.00551284
31.2708 0.00557022
31.5108 0.00562761
31.7508 0.00568499
31.9908 0.00574238
32.2307 0.00579976
32.4707 0.00585715
32.7107 0.00591453
32.9507 0.00597191
33.1906 0.0060293
33.4306 0.00608668
33.6706 0.00614407
33.9106 0.00620145
34.1505 0.00625884
34.3905 0.00631622
34.6305 0.00637361
34.8704 0.00643099
35.1104 0.00648838
35.3504 0.00654576
35.5904 0.00660315
35.8303 0.00666053
36.0703 0.00671791
36.3103 0.0067753
36.5503 0.00683268
36.7902 0.00689007
37.0302 0.00694745
37.2702 0.00700484
37.5102 0.00706222
37.7501 0.00711961
37.9901 0.00717699
38.2301 0.00723438
38.47 0.00729176
38.71 0.00734915
38.95 0.00740653
39.19 0.00746391
39.4299 0.0075213
39.6699 0.00757868
39.9099 0.00763607
40.1499 0.00769345
40.3898 0.00775084
40.6298 0.00780822
40.8698 0.00786561
41.1098 0.00792299
41.3497 0.00798038
41.5897 0.00803776
41.8297 0.00809515
42.0696 0.00815253
42.3096 0.00820991
42.5496 0.0082673
42.7896 0.00832468
43.0295 0.00838207
43.2695 0.00843945
43.5095 0.00849684
43.7495 0.00855422
43.9894 0.00861161
44.2294 0.00866899
44.4694 0.00872638
44.7094 0.00878376
44.9493 0.00884115
45.1893 0.00889853
45.4293 0.00895591
45.6692 0.0090133
45.9092 0.00907068
46.1492 0.00912807
46.3892 0.00918545
46.6291 0.00924284
46.8691 0.00930022
47.1091 0.00935761
47.3491 0.00941499
47.589 0.00947238
47.829 0.00952976
48.069 0.00958715
48.309 0.00964453
48.5489 0.00970191
48.7889 0.0097593
49.0289 0.00981668
49.2688 0.00987407
49.5088 0.00993145
49.7488 0.00998884
49.9888 0.0100462
50.2287 0.0101036
50.4687 0.010161
50.7087 0.0102184
50.9487 0.0102758
51.1886 0.0103331
51.4286 0.0103905
51.6686 0.0104479
51.9086 0.0105053
52.1485 0.0105627
52.3885 0.0106201
52.6285 0.0106775
52.8685 0.0107348
53.1084 0.0107922
53.3484 0.0108496
53.5884 0.010907
53.8283 0.0109644
54.0683 0.0110218
54.3083 0.0110791
54.5483 0.0111365
54.7882 0.0111939
55.0282 0.0112513
55.2682 0.0113087
55.5082 0.0113661
55.7481 0.0114235
55.9881 0.0114808
56.2281 0.0115382
56.4681 0.0115956
56.708 0.011653
56.948 0.0117104
57.4782 0.0118372
58.0149 0.0119655
58.5516 0.0120938
59.0883 0.0122222
59.6251 0.0123505
60.1618 0.0124789
60.6985 0.0126072
61.2352 0.0127356
61.7719 0.0128639
62.3087 0.0129923
62.8454 0.0131206
63.3821 0.013249
63.9188 0.0133773
64.4555 0.0135056
64.9923 0.013634
65.529 0.0137623
66.0657 0.0138907
66.6024 0.014019
67.1391 0.0141474
67.6759 0.0142757
68.2126 0.0144041
68.7493 0.0145324
69.286 0.0146608
69.8227 0.0147891
70.3595 0.0149174
70.8962 0.0150458
71.4329 0.0151741
71.9696 0.0153025
72.5063 0.0154308
73.0431 0.0155592
73.5798 0.0156875
71.3458 0.0155647
69.1117 0.015442
66.8777 0.0153192
64.6437 0.0151964
62.4097 0.0150737
60.1757 0.0149509
57.9417 0.0148281
55.8832 0.014715
54.6981 0.0146499
53.513 0.0145847
52.3279 0.0145196
51.1429 0.0144545
49.9578 0.0143894
48.7727 0.0143242
47.5876 0.0142591
46.4025 0.014194
45.2175 0.0141289
44.0324 0.0140637
42.8473 0.0139986
41.6622 0.0139335
40.4772 0.0138684
39.2921 0.0138032
38.107 0.0137381
36.9219 0.013673
35.7368 0.0136079
34.5518 0.0135427
33.3667 0.0134776
32.1816 0.0134125
30.9965 0.0133473
29.8114 0.0132822
28.6264 0.0132171
27.4413 0.013152
26.2562 0.0130868
25.0711 0.0130217
23.886 0.0129566
22.701 0.0128915
21.5159 0.0128263
20.3308 0.0127612
19.1457 0.0126961
17.9607 0.012631
16.7756 0.0125658
15.5905 0.0125007
14.4054 0.0124356
13.2203 0.0123705
12.0353 0.0123053
10.8502 0.0122402
9.6651 0.0121751
8.48002 0.0121099
7.29494 0.0120448
6.10986 0.0119797
4.92479 0.0119146
3.73971 0.0118494
2.55463 0.0117843
1.36955 0.0117192
0.184469 0.0116541
-0.711787 0.0115769
-1.5136 0.0115014
-2.31542 0.0114259
-3.11724 0.0113504
-3.91905 0.0112749
-4.72087 0.0111994
-5.52269 0.0111239
-6.3245 0.0110484
-7.12632 0.0109729
-7.92814 0.0108974
-8.72995 0.0108219
-9.53177 0.0107464
-10.3336 0.0106709
-11.1354 0.0105954
-11.9372 0.0105199
-12.739 0.0104444
-13.5409 0.0103689
-14.3427 0.0102934
-15.1445 0.0102179
-15.9463 0.0101424
-16.7481 0.0100669
-17.5499 0.00999139
-18.3518 0.00991589
-19.1536 0.00984039
-19.9554 0.00976489
-20.7572 0.00968939
-21.559 0.00961389
-22.3608 0.00953839
-23.1626 0.00946289
-23.9645 0.00938739
-24.7663 0.00931189
-25.5681 0.00923639
-26.3699 0.00916089
-27.1717 0.00908538
-27.9735 0.00900988
-28.3365 0.00890441
-28.6844 0.00879792
-29.0324 0.00869143
-29.3803 0.00858494
-29.7283 0.00847844
-30.0029 0.00839439
-30.2427 0.00832099
-30.4826 0.00824759
-30.7224 0.00817419
-30.9622 0.00810079
-31.2021 0.00802739
-31.4419 0.00795399
-31.6817 0.00788059
-31.9216 0.00780719
-32.1614 0.00773378
-32.4012 0.00766038
-32.6411 0.00758698
-32.8809 0.00751358
-33.1207 0.00744018
-33.3605 0.00736678
-33.6004 0.00729338
-33.8402 0.00721998
-34.08 0.00714658
-34.3199 0.00707317
-34.5597 0.00699977
-34.7995 0.00692637
-35.0394 0.00685297
-35.2792 0.00677957
-35.519 0.00670617
-35.7589 0.00663277
-35.9987 0.00655937
-36.2385 0.00648597
-36.4783 0.00641256
-36.7182 0.00633916
-36.958 0.00626576
-37.1978 0.00619236
-37.4377 0.00611896
-37.6775 0.00604556
-37.9173 0.00597216
-38.1572 0.00589876
-38.397 0.00582536
-38.6368 0.00575195
-38.8767 0.00567855
-39.1165 0.00560515
-39.3563 0.00553175
-39.5961 0.00545835
-39.836 0.00538495
-40.0758 0.00531155
-40.3156 0.00523815
-40.5555 0.00516475
-40.7953 0.00509135
-41.0351 0.00501794
-41.275 0.00494454
-41.5148 0.00487114
-41.7546 0.00479774
-41.9945 0.00472434
-42.2343 0.00465094
-42.4741 0.00457754
-42.7139 0.00450414
-42.9538 0.00443074
-43.1936 0.00435733
-43.4334 0.00428393
-43.6733 0.00421053
-43.9131 0.00413713
-44.1529 0.00406373
-44.3928 0.00399033
-44.6326 0.00391693
-44.8724 0.00384353
-45.1123 0.00377013
-45.3521 0.00369672
-45.5919 0.00362332
-45.8317 0.00354992
-46.0716 0.00347652
-46.3114 0.00340312
-46.5512 0.00332972
-46.7911 0.00325632
-47.0309 0.00318292
-47.2707 0.00310952
-47.5106 0.00303611
-47.7504 0.00296271
-47.9902 0.00288931
-48.2301 0.00281591
-48.4699 0.00274251
-48.7097 0.00266911
-48.9495 0.00259571
-49.1894 0.00252231
-49.4292 0.00244891
-49.669 0.00237551
-49.9089 0.0023021
-50.1487 0.0022287
-50.3885 0.0021553
-50.6284 0.0020819
-50.8682 0.0020085
-51.108 0.0019351
-51.3479 0.0018617
-51.5877 0.0017883
-51.8275 0.0017149
-52.0673 0.00164149
-52.3072 0.00156809
-52.547 0.00149469
-52.7868 0.00142129
-53.0267 0.00134789
-53.2665 0.00127449
-53.5063 0.00120109
-53.7462 0.00112769
-53.986 0.00105429
-54.2258 0.000980885
-54.4657 0.000907484
-54.7055 0.000834082
-54.9453 0.000760681
-55.1851 0.00068728
-55.425 0.000613879
-55.6648 0.000540478
-55.9046 0.000467077
-56.1445 0.000393676
-56.3843 0.000320275
-56.6241 0.000246874
-56.864 0.000173473
-57.1038 0.000100072
-57.3436 2.66706e-05
-57.4747 -1.3462e-05
-57.481 -1.53843e-05
-57.4873 -1.73066e-05
-57.4936 -1.92288e-05
-57.4999 -2.11511e-05
-57.5062 -2.30734e-05
-57.5124 -2.49957e-05
-57.5187 -2.6918e-05
-57.525 -2.88403e-05
-57.5313 -3.07626e-05
-57.5376 -3.26848e-05
-57.5438 -3.46071e-05
-57.5501 -3.65294e-05
-57.5564 -3.84517e-05
-57.5627 -4.0374e-05
-57.569 -4.22963e-05
-57.5752 -4.42185e-05
-57.5815 -4.61408e-05
-57.5878 -4.80631e-05
-57.5941 -4.99854e-05
-57.6004 -5.19077e-05
-57.6066 -5.383e-05
-57.6129 -5.57523e-05
-57.6192 -5.76745e-05
-57.6255 -5.95968e-05
-57.6318 -6.15191e-05
-57.6381 -6.34414e-05
-57.6443 -6.53637e-05
-57.6506 -6.7286e-05
-57.6569 -6.92082e-05
-57.6632 -7.11305e-05
-57.527 -6.36487e-05
-57.3909 -5.61668e-05
-57.2547 -4.86849e-05
-57.1186 -4.1203e-05
-56.9825 -3.37212e-05
-56.8463 -2.62393e-05
-56.7102 -1.87574e-05
-56.3334 1.94864e-06
-55.1483 6.70748e-05
-53.9632 0.000132201
-52.7781 0.000197327
-51.5931 0.000262453
-50.408 0.00032758
-49.2229 0.000392706
-48.0378 0.000457832
-46.8527 0.000522958
-45.6677 0.000588084
-44.4826 0.000653211
-43.2975 0.000718337
-42.1124 0.000783463
-40.9274 0.000848589
-39.7423 0.000913715
-38.5572 0.000978842
-37.3721 0.00104397
-36.187 0.00110909
-35.002 0.00117422
-33.8169 0.00123935
-32.6318 0.00130447
-31.4467 0.0013696
-30.2616 0.00143473
-29.0766 0.00149985
-27.8915 0.00156498
-26.7064 0.0016301
-25.5213 0.00169523
-24.3362 0.00176036
-23.1512 0.00182548
-21.9661 0.00189061
-20.781 0.00195573
-19.5959 0.00202086
-18.4109 0.00208599
-17.2258 0.00215111
-16.0407 0.00221624
-14.8556 0.00228137
-13.6705 0.00234649
-12.4855 0.00241162
-11.3004 0.00247674
-10.1153 0.00254187
-8.93022 0.002607
-7.74514 0.00267212
-6.56006 0.00273725
-5.37498 0.00280238
-4.18991 0.0028675
-3.00483 0.00293263
-1.81975 0.00299775
-0.634669 0.00306288
0.272655 0.00311659
1.07507 0.00317201
1.87748 0.00322743
2.6799 0.00328285
3.48231 0.00333827
4.28473 0.00339368
5.08714 0.0034491
5.88956 0.00350452
6.69197 0.00355994
7.49439 0.00361536
8.2968 0.00367078
9.09922 0.0037262
9.90163 0.00378162
10.704 0.00383704
11.5065 0.00389245
12.3089 0.00394787
13.1113 0.00400329
13.9137 0.00405871
14.7161 0.00411413
15.5185 0.00416955
16.3209 0.00422497
17.1234 0.00428039
17.9258 0.00433581
18.7282 0.00439123
19.5306 0.00444664
20.333 0.00450206
21.1354 0.00455748
21.9379 0.0046129
22.7403 0.00466832
23.5427 0.00472374
24.3451 0.00477916
25.1475 0.00483458
25.9499 0.00489
26.7523 0.00494541
27.5548 0.00500083
27.9163 0.0050258
28.2658 0.00504994
28.6152 0.00507408
28.9647 0.00509821
29.3142 0.00512235
29.591 0.00516853
29.831 0.00522591
30.071 0.0052833
30.3109 0.00534068
30.5509 0.00539807
30.7909 0.00545545
31.0309 0.00551284
31.2708 0.00557022
31.5108 0.00562761
31.7508 0.00568499
31.9908 0.00574238
32.2307 0.00579976
32.4707 0.00585715
32.7107 0.00591453
32.9507 0.00597191
33.1906 0.0060293
33.4306 0.00608668
33.6706 0.00614407
33.9105 0.00620145
34.1505 0.00625884
34.3905 0.00631622
34.6305 0.00637361
34.8704 0.00643099
35.1104 0.00648838
35.3504 0.00654576
35.5904 0.00660315
35.8303 0.00666053
36.0703 0.00671791
36.3103 0.0067753
36.5503 0.00683268
36.7902 0.00689007
37.0302 0.00694745
37.2702 0.00700484
37.5102 0.00706222
37.7501 0.00711961
37.9901 0.00717699
38.2301 0.00723438
38.47 0.00729176
38.71 0.00734915
38.95 0.00740653
39.19 0.00746391
39.4299 0.0075213
39.6699 0.00757868
39.9099 0.00763607
40.1499 0.00769345
40.3898 0.00775084
40.6298 0.00780822
40.8698 0.00786561
41.1098 0.00792299
41.3497 0.00798038
41.5897 0.00803776
41.8297 0.00809515
42.0696 0.00815253
42.3096 0.00820991
42.5496 0.0082673
42.7896 0.00832468
43.0295 0.00838207
43.2695 0.00843945
43.5095 0.00849684
43.7495 0.00855422
43.9894 0.00861161
44.2294 0.00866899
44.4694 0.00872638
44.7094 0.00878376
44.9493 0.00884115
45.1893 0.00889853
45.4293 0.00895591
45.6692 0.0090133
45.9092 0.00907068
46.1492 0.00912807
46.3892 0.00918545
46.6291 0.00924284
46.8691 0.00930022
47.1091 0.00935761
47.3491 0.00941499
47.589 0.00947238
47.829 0.00952976
48.069 0.00958715
48.309 0.00964453
48.5489 0.00970191
48.7889 0.0097593
49.0289 0.00981668
49.2688 0.00987407
49.5088 0.00993145
49.7488 0.00998884
49.9888 0.0100462
50.2287 0.0101036
50.4687 0.010161
50.7087 0.0102184
50.9487 0.0102758
51.1886 0.0103331
51.4286 0.0103905
51.6686 0.0104479
51.9086 0.0105053
52.1485 0.0105627
52.3885 0.0106201
52.6285 0.0106775
52.8685 0.0107348
53.1084 0.0107922
53.3484 0.0108496
53.5884 0.010907
53.8283 0.0109644
54.0683 0.0110218
54.3083 0.0110791
54.5483 0.0111365
54.7882 0.0111939
55.0282 0.0112513
55.2682 0.0113087
55.5082 0.0113661
55.7481 0.0114235
55.9881 0.0114808
56.2281 0.0115382
56.4681 0.0115956
56.708 0.011653
56.948 0.0117104
57.4782 0.0118372
58.0149 0.0119655
58.5516 0.0120938
59.0883 0.0122222
59.6251 0.0123505
60.1618 0.0124789
60.6985 0.0126072
61.2352 0.0127356
61.7719 0.0128639
62.3087 0.0129923
62.8454 0.0131206
63.3821 0.013249
63.9188 0.0133773
64.4555 0.0135056
64.9923 0.013634
65.529 0.0137623
66.0657 0.0138907
66.6024 0.014019
67.1391 0.0141474
67.6759 0.0142757
68.2126 0.0144041
68.7493 0.0145324
69.286 0.0146608
69.8227 0.0147891
70.3595 0.0149174
70.8962 0.0150458
71.4329 0.0151741
71.9696 0.0153025
72.5063 0.0154308
73.0431 0.0155592
73.5798 0.0156875
73.6191 0.0158176
73.6584 0.0159477
73.6978 0.0160779
73.7371 0.016208
73.7765 0.0163381
73.8158 0.0164682
73.8551 0.0165983
73.8945 0.0167284
73.9338 0.0168585
73.9731 0.0169886
74.0125 0.0171188
74.0518 0.0172489
74.0911 0.017379
74.1305 0.0175091
74.1698 0.0176392
74.2092 0.0177693
74.2485 0.0178994
74.2878 0.0180295
74.3272 0.0181597
74.3665 0.0182898
74.4058 0.0184199
74.4452 0.01855
74.4845 0.0186801
74.5239 0.0188102
74.5632 0.0189403
74.6025 0.0190704
74.6419 0.0192006
74.6812 0.0193307
74.7205 0.0194608
74.7599 0.0195909
74.7992 0.019721
74.8385 0.0198511
74.8779 0.0199812
74.9172 0.0201113
74.9566 0.0202415
74.9959 0.0203716
75.0352 0.0205017
75.0746 0.0206318
75.1139 0.0207619
75.1532 0.020892
72.9192 0.0207693
70.6852 0.0206465
68.4512 0.0205237
66.2172 0.0204009
63.9832 0.0202782
61.7492 0.0201554
59.5152 0.0200326
57.2811 0.0199099
55.494 0.0198116
54.309 0.0197465
53.1239 0.0196814
51.9388 0.0196163
50.7537 0.0195511
49.5686 0.019486
48.3836 0.0194209
47.1985 0.0193558
46.0134 0.0192906
44.8283 0.0192255
43.6433 0.0191604
42.4582 0.0190953
41.2731 0.0190301
40.088 0.018965
38.9029 0.0188999
37.7179 0.0188348
36.5328 0.0187696
35.3477 0.0187045
34.1626 0.0186394
32.9775 0.0185742
31.7925 0.0185091
30.6074 0.018444
29.4223 0.0183789
28.2372 0.0183137
27.0521 0.0182486
25.8671 0.0181835
24.682 0.0181184
23.4969 0.0180532
22.3118 0.0179881
21.1268 0.017923
19.9417 0.0178579
18.7566 0.0177927
17.5715 0.0177276
16.3864 0.0176625
15.2014 0.0175974
14.0163 0.0175322
12.8312 0.0174671
11.6461 0.017402
10.461 0.0173369
9.27596 0.0172717
8.09089 0.0172066
6.90581 0.0171415
5.72073 0.0170763
4.53565 0.0170112
3.35057 0.0169461
2.16549 0.016881
0.980412 0.0168158
-0.121153 0.0167461
-0.795893 0.0166579
-1.45031 0.0165724
-2.10473 0.0164868
-2.75915 0.0164013
-3.41357 0.0163157
-4.06799 0.0162302
-4.72241 0.0161447
-5.37683 0.0160591
-6.03125 0.0159736
-6.68566 0.015888
-7.34008 0.0158025
-7.9945 0.0157169
-8.64892 0.0156314
-9.30334 0.0155458
-9.95776 0.0154603
-10.6122 0.0153747
-11.2666 0.0152892
-11.921 0.0152037
-12.5754 0.0151181
-13.2299 0.0150326
-13.8843 0.014947
-14.5387 0.0148615
-15.1931 0.0147759
-15.8475 0.0146904
-16.502 0.0146048
-17.1564 0.0145193
-17.8108 0.0144337
-18.4652 0.0143482
-19.1196 0.0142627
-19.774 0.0141771
-20.4285 0.0140916
-21.0829 0.014006
-21.7373 0.0139205
-22.3917 0.0138349
-23.0461 0.0137494
-23.7006 0.0136638
-24.355 0.0135783
-25.0094 0.0134928
-25.6638 0.0134072
-26.3182 0.0133217
-26.9727 0.0132361
-27.6271 0.0131506
-28.1187 0.0130539
-28.3948 0.0129425
-28.6708 0.0128311
-28.9469 0.0127197
-29.2229 0.0126083
-29.499 0.0124969
-29.775 0.0123855
-29.9955 0.0122966
-30.1988 0.0122145
-30.4021 0.0121325
-30.6054 0.0120504
-30.8087 0.0119684
-31.012 0.0118863
-31.2153 0.0118043
-31.4186 0.0117223
-31.6219 0.0116402
-31.8253 0.0115582
-32.0286 0.0114761
-32.2319 0.0113941
-32.4352 0.0113121
-32.6385 0.01123
-32.8418 0.011148
-33.0451 0.0110659
-33.2484 0.0109839
-33.4517 0.0109018
-33.655 0.0108198
-33.8583 0.0107378
-34.0616 0.0106557
-34.2649 0.0105737
-34.4682 0.0104916
-34.6715 0.0104096
-34.8749 0.0103275
-35.0782 0.0102455
-35.2815 0.0101635
-35.4848 0.0100814
-35.6881 0.00999938
-35.8914 0.00991733
-36.0947 0.00983529
-36.298 0.00975325
-36.5013 0.00967121
-36.7046 0.00958916
-36.9079 0.00950712
-37.1112 0.00942508
-37.3145 0.00934304
-37.5178 0.00926099
-37.7211 0.00917895
-37.9244 0.00909691
-38.1278 0.00901487
-38.3311 0.00893283
-38.5344 0.00885078
-38.7377 0.00876874
-38.941 0.0086867
-39.1443 0.00860466
-39.3476 0.00852261
-39.5509 0.00844057
-39.7542 0.00835853
-39.9575 0.00827649
-40.1608 0.00819445
-40.3641 0.0081124
-40.5674 0.00803036
-40.7707 0.00794832
-40.974 0.00786628
-41.1773 0.00778423
-41.3807 0.00770219
-41.584 0.00762015
-41.7873 0.00753811
-41.9906 0.00745607
-42.1939 0.00737402
-42.3972 0.00729198
-42.6005 0.00720994
-42.8038 0.0071279
-43.0071 0.00704585
-43.2104 0.00696381
-43.4137 0.00688177
-43.617 0.00679973
-43.8203 0.00671769
-44.0236 0.00663564
-44.2269 0.0065536
-44.4302 0.00647156
-44.6336 0.00638952
-44.8369 0.00630747
-45.0402 0.00622543
-45.2435 0.00614339
-45.4468 0.00606135
-45.6501 0.00597931
-45.8534 0.00589726
-46.0567 0.00581522
-46.26 0.00573318
-46.4633 0.00565114
-46.6666 0.00556909
-46.8699 0.00548705
-47.0732 0.00540501
-47.2765 0.00532297
-47.4798 0.00524093
-47.6831 0.00515888
-47.8865 0.00507684
-48.0898 0.0049948
-48.2931 0.00491276
-48.4964 0.00483071
-48.6997 0.00474867
-48.903 0.00466663
-49.1063 0.00458459
-49.3096 0.00450255
-49.5129 0.0044205
-49.7162 0.00433846
-49.9195 0.00425642
-50.1228 0.00417438
-50.3261 0.00409233
-50.5294 0.00401029
-50.7327 0.00392825
-50.936 0.00384621
-51.1394 0.00376416
-51.3427 0.00368212
-51.546 0.00360008
-51.7493 0.00351804
-51.9526 0.003436
-52.1559 0.00335395
-52.3592 0.00327191
-52.5625 0.00318987
-52.7658 0.00310783
-52.9691 0.00302578
-53.1724 0.00294374
-53.3757 0.0028617
-53.579 0.00277966
-53.7823 0.00269762
-53.9856 0.00261557
-54.1889 0.00253353
-54.3923 0.00245149
-54.5956 0.00236945
-54.7989 0.0022874
-55.0022 0.00220536
-55.2055 0.00212332
-55.4088 0.00204128
-55.6121 0.00195924
-55.8154 0.00187719
-56.0187 0.00179515
-56.222 0.00171311
-56.4253 0.00163107
-56.6286 0.00154902
-56.8319 0.00146698
-57.0352 0.00138494
-57.2385 0.0013029
-57.4418 0.00122086
-57.6452 0.00113881
-57.8485 0.00105677
-58.0518 0.000974729
-58.2551 0.000892687
-58.4584 0.000810644
-58.6617 0.000728602
-58.865 0.00064656
-59.0683 0.000564518
-59.2716 0.000482476
-59.4749 0.000400433
-59.6782 0.000318391
-59.8815 0.000236349
-60.0848 0.000154307
-60.2881 7.22643e-05
-60.4914 -9.77792e-06
-60.503 -1.44287e-05
-60.5077 -1.63557e-05
-60.5125 -1.82826e-05
-60.5173 -2.02096e-05
-60.5221 -2.21365e-05
-60.5268 -2.40634e-05
-60.5316 -2.59904e-05
-60.5364 -2.79173e-05
-60.5412 -2.98443e-05
-60.5459 -3.17712e-05
-60.5507 -3.36982e-05
-60.5555 -3.56251e-05
-60.5603 -3.7552e-05
-60.565 -3.9479e-05
-60.5698 -4.14059e-05
-60.5746 -4.33329e-05
-60.5794 -4.52598e-05
-60.5841 -4.71868e-05
-60.5889 -4.91137e-05
-60.5937 -5.10406e-05
-60.5985 -5.29676e-05
-60.6032 -5.48945e-05
-60.608 -5.68215e-05
-60.6128 -5.87484e-05
-60.6172 -6.05298e-05
-60.6176 -6.06698e-05
-60.6179 -6.08099e-05
-60.6183 -6.095e-05
-60.6186 -6.109e-05
-60.6189 -6.12301e-05
-60.6193 -6.13702e-05
-60.6196 -6.15102e-05
-60.62 -6.16503e-05
-60.6203 -6.17904e-05
-60.6207 -6.19305e-05
-60.621 -6.20705e-05
-60.6214 -6.22106e-05
-60.6217 -6.23507e-05
-60.6221 -6.24907e-05
-60.6224 -6.26308e-05
-60.6228 -6.27709e-05
-60.6231 -6.29109e-05
-60.6235 -6.3051e-05
-60.6238 -6.31911e-05
-60.6242 -6.33311e-05
-60.6245 -6.34712e-05
-60.6248 -6.36113e-05
-60.6252 -6.37514e-05
-60.6255 -6.38914e-05
-60.6259 -6.40315e-05
-60.6262 -6.41716e-05
-60.6266 -6.43116e-05
-60.6269 -6.44517e-05
-60.6273 -6.45918e-05
-60.6276 -6.47318e-05
-60.628 -6.48719e-05
-60.6283 -6.5012e-05
-60.6287 -6.5152e-05
-60.629 -6.52921e-05
-60.6294 -6.54322e-05
-60.6297 -6.55722e-05
-60.6301 -6.57123e-05
-60.6304 -6.58524e-05
-60.6307 -6.59925e-05
-60.6311 -6.61325e-05
-60.6314 -6.62726e-05
-60.4953 -5.87907e-05
-60.3592 -5.13089e-05
-60.223 -4.3827e-05
-60.0869 -3.63451e-05
-59.9507 -2.88632e-05
-59.8146 -2.13814e-05
-59.6784 -1.38995e-05
-58.6255 4.39633e-05
-57.4404 0.00010909
-56.2554 0.000174216
-55.0703 0.000239342
-53.8852 0.000304468
-52.7001 0.000369594
-51.515 0.000434721
-50.33 0.000499847
-49.1449 0.000564973
-47.9598 0.000630099
-46.7747 0.000695225
-45.5896 0.000760352
-44.4046 0.000825478
-43.2195 0.000890604
-42.0344 0.00095573
-40.8493 0.00102086
-39.6643 0.00108598
-38.4792 0.00115111
-37.2941 0.00121623
-36.109 0.00128136
-34.9239 0.00134649
-33.7389 0.00141161
-32.5538 0.00147674
-31.3687 0.00154187
-30.1836 0.00160699
-28.9985 0.00167212
-27.8135 0.00173724
-26.6284 0.00180237
-25.4433 0.0018675
-24.2582 0.00193262
-23.0731 0.00199775
-21.8881 0.00206288
-20.703 0.002128
-19.5179 0.00219313
-18.3328 0.00225825
-17.1478 0.00232338
-15.9627 0.00238851
-14.7776 0.00245363
-13.5925 0.00251876
-12.4074 0.00258389
-11.2224 0.00264901
-10.0373 0.00271414
-8.8522 0.00277926
-7.66712 0.00284439
-6.48204 0.00290952
-5.29696 0.00297464
-4.11189 0.00303977
-2.92681 0.00310489
-1.74173 0.00317002
-0.556649 0.00323515
0.159417 0.0032818
0.721848 0.00333849
1.28428 0.00339517
1.84671 0.00345185
2.40914 0.00350854
2.97157 0.00356522
3.534 0.0036219
4.09643 0.00367859
4.65886 0.00373527
5.22129 0.00379195
5.78372 0.00384864
6.34615 0.00390532
6.90858 0.003962
7.47101 0.00401868
8.03344 0.00407537
8.59587 0.00413205
9.15831 0.00418873
9.72074 0.00424542
10.2832 0.0043021
10.8456 0.00435878
11.408 0.00441547
11.9705 0.00447215
12.5329 0.00452883
13.0953 0.00458552
13.6577 0.0046422
14.2202 0.00469888
14.7826 0.00475557
15.345 0.00481225
15.9075 0.00486893
16.4699 0.00492561
17.0323 0.0049823
17.5948 0.00503898
18.1572 0.00509566
18.7196 0.00515235
19.2821 0.00520903
19.8445 0.00526571
20.4069 0.0053224
20.9693 0.00537908
21.5318 0.00543576
22.0942 0.00549245
22.6566 0.00554913
23.2191 0.00560581
23.7815 0.00566249
24.3439 0.00571918
24.9064 0.00577586
25.4688 0.00583254
26.0312 0.00588923
26.5937 0.00594591
27.1561 0.00600259
27.6415 0.00605151
27.8996 0.00607753
28.1578 0.00610355
28.4159 0.00612956
28.6741 0.00615558
28.9322 0.0061816
29.1904 0.00620762
29.4486 0.00623363
29.7067 0.00625965
29.9649 0.00628567
30.1735 0.0063317
30.3525 0.00638965
30.5316 0.00644761
30.7106 0.00650557
30.8896 0.00656353
31.0687 0.00662149
31.2477 0.00667945
31.4268 0.00673741
31.6058 0.00679537
31.7849 0.00685332
31.9639 0.00691128
32.143 0.00696924
32.322 0.0070272
32.5011 0.00708516
32.6801 0.00714312
32.8592 0.00720108
33.0382 0.00725903
33.2172 0.00731699
33.3963 0.00737495
33.5753 0.00743291
33.7544 0.00749087
33.9334 0.00754883
34.1125 0.00760679
34.2915 0.00766475
34.4706 0.0077227
34.6496 0.00778066
34.8287 0.00783862
35.0077 0.00789658
35.1868 0.00795454
35.3658 0.0080125
35.5448 0.00807046
35.7239 0.00812842
35.9029 0.00818637
36.082 0.00824433
36.261 0.00830229
36.4401 0.00836025
36.6191 0.00841821
36.7982 0.00847617
36.9772 0.00853413
37.1563 0.00859209
37.3353 0.00865004
37.5144 0.008708
37.6934 0.00876596
37.8724 0.00882392
38.0515 0.00888188
38.2305 0.00893984
38.4096 0.0089978
38.5886 0.00905575
38.7677 0.00911371
38.9467 0.00917167
39.1258 0.00922963
39.3048 0.00928759
39.4839 0.00934555
39.6629 0.00940351
39.842 0.00946147
40.021 0.00951942
40.2 0.00957738
40.3791 0.00963534
40.5581 0.0096933
40.7372 0.00975126
40.9162 0.00980922
41.0953 0.00986718
41.2743 0.00992514
41.4534 0.00998309
41.6324 0.0100411
41.8115 0.010099
41.9905 0.010157
42.1696 0.0102149
42.3486 0.0102729
42.5276 0.0103308
42.7067 0.0103888
42.8857 0.0104468
43.0648 0.0105047
43.2438 0.0105627
43.4229 0.0106206
43.6019 0.0106786
43.781 0.0107366
43.96 0.0107945
44.1391 0.0108525
44.3181 0.0109104
44.4972 0.0109684
44.6762 0.0110264
44.8552 0.0110843
45.0343 0.0111423
45.2133 0.0112002
45.3924 0.0112582
45.5714 0.0113161
45.7505 0.0113741
45.9295 0.0114321
46.1086 0.01149
46.2876 0.011548
46.4667 0.0116059
46.6457 0.0116639
46.8248 0.0117219
47.0038 0.0117798
47.1828 0.0118378
47.3619 0.0118957
47.5409 0.0119537
47.72 0.0120116
47.899 0.0120696
48.0781 0.0121276
48.2571 0.0121855
48.4362 0.0122435
48.6152 0.0123014
48.7943 0.0123594
48.9733 0.0124174
49.1524 0.0124753
49.3314 0.0125333
49.5104 0.0125912
49.6895 0.0126492
49.8685 0.0127072
50.0476 0.0127651
50.2266 0.0128231
50.4057 0.012881
50.5847 0.012939
50.7638 0.0129969
50.9428 0.0130549
51.1219 0.0131129
51.3009 0.0131708
51.48 0.0132288
51.659 0.0132867
51.838 0.0133447
52.0171 0.0134027
52.1961 0.0134606
52.3752 0.0135186
52.5542 0.0135765
52.7333 0.0136345
52.9123 0.0136925
53.0914 0.0137504
53.2704 0.0138084
53.4495 0.0138663
53.6285 0.0139243
53.8076 0.0139822
53.9866 0.0140402
54.1656 0.0140982
54.3447 0.0141561
54.5237 0.0142141
54.7028 0.014272
54.8818 0.01433
55.0609 0.014388
55.2399 0.0144459
55.419 0.0145039
55.598 0.0145618
55.7771 0.0146198
55.9561 0.0146778
56.1352 0.0147357
56.3142 0.0147937
56.4932 0.0148516
56.6723 0.0149096
56.8513 0.0149675
57.0304 0.0150255
57.2094 0.0150835
57.3885 0.0151414
57.5675 0.0151994
57.7466 0.0152573
57.9256 0.0153153
58.1047 0.0153733
58.2837 0.0154312
58.4628 0.0154892
58.6418 0.0155471
58.8208 0.0156051
58.9999 0.015663
59.1789 0.015721
59.358 0.015779
59.537 0.0158369
59.7161 0.0158949
59.8951 0.0159528
60.0742 0.0160108
60.461 0.016136
60.8589 0.0162648
61.2569 0.0163937
61.6549 0.0165225
62.0529 0.0166513
62.4509 0.0167802
62.8489 0.016909
63.2469 0.0170378
63.6449 0.0171667
64.0429 0.0172955
64.4409 0.0174243
64.8389 0.0175532
65.2369 0.017682
65.6349 0.0178108
66.0329 0.0179397
66.4309 0.0180685
66.8289 0.0181974
67.2269 0.0183262
67.6249 0.018455
68.0228 0.0185839
68.4208 0.0187127
68.8188 0.0188415
69.2168 0.0189704
69.6148 0.0190992
70.0128 0.019228
70.4108 0.0193569
70.8088 0.0194857
71.2068 0.0196145
71.6048 0.0197434
72.0028 0.0198722
72.4008 0.020001
72.7988 0.0201299
73.1968 0.0202587
73.5948 0.0203875
73.9928 0.0205164
74.3908 0.0206452
74.7888 0.020774
75.1566 0.020903
72.9225 0.0207802
70.6885 0.0206574
68.4545 0.0205347
66.2205 0.0204119
63.9865 0.0202891
61.7525 0.0201664
59.5185 0.0200436
58.2058 0.0199714
57.0207 0.0199063
55.8357 0.0198412
54.6506 0.0197761
53.4655 0.0197109
52.2804 0.0196458
51.0954 0.0195807
49.9103 0.0195156
48.7252 0.0194504
47.5401 0.0193853
46.355 0.0193202
45.17 0.0192551
43.9849 0.0191899
42.7998 0.0191248
41.6147 0.0190597
40.4296 0.0189946
39.2446 0.0189294
38.0595 0.0188643
36.8744 0.0187992
35.6893 0.018734
34.5043 0.0186689
33.3192 0.0186038
32.1341 0.0185387
30.949 0.0184735
29.7639 0.0184084
28.5789 0.0183433
27.3938 0.0182782
26.2087 0.018213
25.0236 0.0181479
23.8385 0.0180828
22.6535 0.0180177
21.4684 0.0179525
20.2833 0.0178874
19.0982 0.0178223
17.9131 0.0177572
16.7281 0.017692
15.543 0.0176269
14.3579 0.0175618
13.1728 0.0174967
11.9878 0.0174315
10.8027 0.0173664
9.61759 0.0173013
8.43251 0.0172361
7.24743 0.017171
6.06236 0.0171059
4.87728 0.0170408
3.6922 0.0169756
2.50712 0.0169105
1.32204 0.0168454
0.136961 0.0167803
-0.581277 0.0166967
-1.14353 0.0166232
-1.70579 0.0165496
-2.26804 0.0164761
-2.83029 0.0164025
-3.39255 0.016329
-3.9548 0.0162555
-4.51706 0.0161819
-5.07931 0.0161084
-5.64157 0.0160348
-6.20382 0.0159613
-6.76607 0.0158878
-7.32833 0.0158142
-7.89058 0.0157407
-8.45284 0.0156671
-9.01509 0.0155936
-9.57735 0.0155201
-10.1396 0.0154465
-10.7019 0.015373
-11.2641 0.0152994
-11.8264 0.0152259
-12.3886 0.0151524
-12.9509 0.0150788
-13.5131 0.0150053
-14.0754 0.0149317
-14.6376 0.0148582
-15.1999 0.0147846
-15.7621 0.0147111
-16.3244 0.0146376
-16.8867 0.014564
-17.4489 0.0144905
-18.0112 0.0144169
-18.5734 0.0143434
-19.1357 0.0142699
-19.6979 0.0141963
-20.2602 0.0141228
-20.8224 0.0140492
-21.3847 0.0139757
-21.9469 0.0139022
-22.5092 0.0138286
-23.0715 0.0137551
-23.6337 0.0136815
-24.196 0.013608
-24.7582 0.0135345
-25.3205 0.0134609
-25.8827 0.0133874
-26.445 0.0133138
-27.0072 0.0132403
-27.5695 0.0131667
-28.0605 0.013086
-28.3186 0.0129818
-28.5767 0.0128776
-28.8349 0.0127734
-29.093 0.0126692
-29.3511 0.0125649
-29.6092 0.0124607
-29.8674 0.0123565
-30.1255 0.0122523
-30.3836 0.0121481
-30.5942 0.012063
-30.7732 0.0119908
-30.9522 0.0119185
-31.1312 0.0118462
-31.3102 0.011774
-31.4892 0.0117017
-31.6682 0.0116294
-31.8472 0.0115572
-32.0262 0.0114849
-32.2052 0.0114126
-32.3842 0.0113403
-32.5632 0.0112681
-32.7422 0.0111958
-32.9212 0.0111235
-33.1002 0.0110513
-33.2792 0.010979
-33.4582 0.0109067
-33.6372 0.0108345
-33.8162 0.0107622
-33.9952 0.0106899
-34.1742 0.0106176
-34.3532 0.0105454
-34.5322 0.0104731
-34.7112 0.0104008
-34.8902 0.0103286
-35.0692 0.0102563
-35.2482 0.010184
-35.4272 0.0101118
-35.6062 0.0100395
-35.7852 0.00996722
-35.9642 0.00989495
-36.1432 0.00982268
-36.3222 0.00975041
-36.5011 0.00967814
-36.6801 0.00960587
-36.8591 0.0095336
-37.0381 0.00946133
-37.2171 0.00938906
-37.3961 0.00931679
-37.5751 0.00924452
-37.7541 0.00917225
-37.9331 0.00909998
-38.1121 0.00902771
-38.2911 0.00895544
-38.4701 0.00888317
-38.6491 0.0088109
-38.8281 0.00873863
-39.0071 0.00866636
-39.1861 0.00859409
-39.3651 0.00852182
-39.5441 0.00844955
-39.7231 0.00837728
-39.9021 0.00830501
-40.0811 0.00823274
-40.2601 0.00816047
-40.4391 0.0080882
-40.6181 0.00801593
-40.7971 0.00794367
-40.9761 0.0078714
-41.1551 0.00779913
-41.3341 0.00772686
-41.5131 0.00765459
-41.6921 0.00758232
-41.8711 0.00751005
-42.0501 0.00743778
-42.2291 0.00736551
-42.4081 0.00729324
-42.5871 0.00722097
-42.7661 0.0071487
-42.9451 0.00707643
-43.1241 0.00700416
-43.3031 0.00693189
-43.4821 0.00685962
-43.6611 0.00678735
-43.8401 0.00671508
-44.0191 0.00664281
-44.1981 0.00657054
-44.3771 0.00649827
-44.5561 0.006426
-44.7351 0.00635373
-44.9141 0.00628146
-45.0931 0.00620919
-45.2721 0.00613692
-45.4511 0.00606465
-45.6301 0.00599238
-45.8091 0.00592011
-45.9881 0.00584784
-46.1671 0.00577557
-46.3461 0.0057033
-46.5251 0.00563103
-46.7041 0.00555876
-46.8831 0.00548649
-47.0621 0.00541422
-47.2411 0.00534195
-47.4201 0.00526968
-47.5991 0.00519741
-47.7781 0.00512514
-47.9571 0.00505287
-48.1361 0.0049806
-48.3151 0.00490833
-48.4941 0.00483606
-48.6731 0.00476379
-48.852 0.00469152
-49.031 0.00461925
-49.21 0.00454698
-49.389 0.00447471
-49.568 0.00440244
-49.747 0.00433017
-49.926 0.0042579
-50.105 0.00418563
-50.284 0.00411337
-50.463 0.0040411
-50.642 0.00396883
-50.821 0.00389656
-51 0.00382429
-51.179 0.00375202
-51.358 0.00367975
-51.537 0.00360748
-51.716 0.00353521
-51.895 0.00346294
-52.074 0.00339067
-52.253 0.0033184
-52.432 0.00324613
-52.611 0.00317386
-52.79 0.00310159
-52.969 0.00302932
-53.148 0.00295705
-53.327 0.00288478
-53.506 0.00281251
-53.685 0.00274024
-53.864 0.00266797
-54.043 0.0025957
-54.222 0.00252343
-54.401 0.00245116
-54.58 0.00237889
-54.759 0.00230662
-54.938 0.00223435
-55.117 0.00216208
-55.296 0.00208981
-55.475 0.00201754
-55.654 0.00194527
-55.833 0.001873
-56.012 0.00180073
-56.191 0.00172846
-56.37 0.00165619
-56.549 0.00158392
-56.728 0.00151165
-56.907 0.00143938
-57.086 0.00136711
-57.265 0.00129484
-57.444 0.00122257
-57.623 0.0011503
-57.802 0.00107803
-57.981 0.00100576
-58.16 0.000933493
-58.339 0.000861223
-58.518 0.000788954
-58.697 0.000716684
-58.876 0.000644414
-59.055 0.000572144
-59.234 0.000499874
-59.413 0.000427605
-59.592 0.000355335
-59.771 0.000283065
-59.95 0.000210795
-60.129 0.000138525
-60.308 6.62555e-05
-60.487 -6.01435e-06
-60.5064 -1.38551e-05
-60.5099 -1.52714e-05
-60.5134 -1.66876e-05
-60.5169 -1.81038e-05
-60.5204 -1.95201e-05
-60.5239 -2.09363e-05
-60.5274 -2.23525e-05
-60.5309 -2.37688e-05
-60.5344 -2.5185e-05
-60.5379 -2.66012e-05
-60.5415 -2.80175e-05
-60.545 -2.94337e-05
-60.5485 -3.08499e-05
-60.552 -3.22662e-05
-60.5555 -3.36824e-05
-60.559 -3.50986e-05
-60.5625 -3.65149e-05
-60.566 -3.79311e-05
-60.5695 -3.93474e-05
-60.573 -4.07636e-05
-60.5765 -4.21798e-05
-60.58 -4.35961e-05
-60.5835 -4.50123e-05
-60.5871 -4.64285e-05
-60.5906 -4.78448e-05
-60.5941 -4.9261e-05
-60.5976 -5.06772e-05
-60.6011 -5.20935e-05
-60.6046 -5.35097e-05
-60.6081 -5.49259e-05
-60.6116 -5.63422e-05
-60.6151 -5.77584e-05
-60.6186 -5.91746e-05
-60.6221 -6.05909e-05
-60.6256 -6.20071e-05
-60.6291 -6.34234e-05
-60.6327 -6.48396e-05
-60.6362 -6.62557e-05
-60.5 -5.87738e-05
-60.3639 -5.12919e-05
-60.2277 -4.381e-05
-60.0916 -3.63282e-05
-59.9554 -2.88463e-05
-59.8193 -2.13644e-05
-59.6831 -1.38826e-05
-58.6279 4.41098e-05
-57.4428 0.000109236
-56.2577 0.000174362
-55.0726 0.000239488
-53.8876 0.000304615
-52.7025 0.000369741
-51.5174 0.000434867
-50.3323 0.000499993
-49.1472 0.000565119
-47.9622 0.000630246
-46.7771 0.000695372
-45.592 0.000760498
-44.4069 0.000825624
-43.2219 0.00089075
-42.0368 0.000955877
-40.8517 0.001021
-39.6666 0.00108613
-38.4815 0.00115126
-37.2965 0.00121638
-36.1114 0.00128151
-34.9263 0.00134663
-33.7412 0.00141176
-32.5561 0.00147689
-31.3711 0.00154201
-30.186 0.00160714
-29.0009 0.00167226
-27.8158 0.00173739
-26.6307 0.00180252
-25.4457 0.00186764
-24.2606 0.00193277
-23.0755 0.0019979
-21.8904 0.00206302
-20.7054 0.00212815
-19.5203 0.00219327
-18.3352 0.0022584
-17.1501 0.00232353
-15.965 0.00238865
-14.78 0.00245378
-13.5949 0.00251891
-12.4098 0.00258403
-11.2247 0.00264916
-10.0396 0.00271428
-8.85456 0.00277941
-7.66948 0.00284454
-6.48441 0.00290966
-5.29933 0.00297479
-4.11425 0.00303992
-2.92917 0.00310504
-1.74409 0.00317017
-0.559011 0.00323529
0.158251 0.00328197
0.720521 0.00333868
1.28279 0.00339538
1.84506 0.00345209
2.40733 0.00350879
2.9696 0.00356549
3.53187 0.0036222
4.09414 0.0036789
4.65641 0.00373561
5.21868 0.00379231
5.78095 0.00384901
6.34322 0.00390572
6.90549 0.00396242
7.46776 0.00401913
8.03004 0.00407583
8.59231 0.00413253
9.15458 0.00418924
9.71685 0.00424594
10.2791 0.00430265
10.8414 0.00435935
11.4037 0.00441605
11.9659 0.00447276
12.5282 0.00452946
13.0905 0.00458617
13.6527 0.00464287
14.215 0.00469957
14.7773 0.00475628
15.3395 0.00481298
15.9018 0.00486969
16.4641 0.00492639
17.0264 0.00498309
17.5886 0.0050398
18.1509 0.0050965
18.7132 0.00515321
19.2754 0.00520991
19.8377 0.00526661
20.4 0.00532332
20.9623 0.00538002
21.5245 0.00543673
22.0868 0.00549343
22.6491 0.00555013
23.2113 0.00560684
23.7736 0.00566354
24.3359 0.00572025
24.8981 0.00577695
25.4604 0.00583365
26.0227 0.00589036
26.585 0.00594706
27.1472 0.00600377
27.6373 0.00605319
27.8955 0.00607922
28.1536 0.00610525
28.4117 0.00613129
28.6698 0.00615732
28.9279 0.00618335
29.1861 0.00620938
29.4442 0.00623541
29.7023 0.00626144
29.9604 0.00628747
30.1708 0.0063328
30.3498 0.00639078
30.5288 0.00644875
30.7078 0.00650673
30.8868 0.0065647
31.0658 0.00662268
31.2448 0.00668066
31.4238 0.00673863
31.6028 0.00679661
31.7818 0.00685459
31.9608 0.00691256
32.1398 0.00697054
32.3188 0.00702851
32.4978 0.00708649
32.6768 0.00714447
32.8558 0.00720244
33.0348 0.00726042
33.2138 0.00731839
33.3928 0.00737637
33.5718 0.00743435
33.7508 0.00749232
33.9298 0.0075503
34.1088 0.00760828
34.2878 0.00766625
34.4668 0.00772423
34.6458 0.0077822
34.8248 0.00784018
35.0038 0.00789816
35.1828 0.00795613
35.3618 0.00801411
35.5408 0.00807208
35.7198 0.00813006
35.8988 0.00818804
36.0778 0.00824601
36.2569 0.00830399
36.4359 0.00836196
36.6149 0.00841994
36.7939 0.00847792
36.9729 0.00853589
37.1519 0.00859387
37.3309 0.00865185
37.5099 0.00870982
37.6889 0.0087678
37.8679 0.00882577
38.0469 0.00888375
38.2259 0.00894173
38.4049 0.0089997
38.5839 0.00905768
38.7629 0.00911565
38.9419 0.00917363
39.1209 0.00923161
39.2999 0.00928958
39.4789 0.00934756
39.6579 0.00940554
39.8369 0.00946351
40.0159 0.00952149
40.1949 0.00957946
40.3739 0.00963744
40.5529 0.00969542
40.7319 0.00975339
40.9109 0.00981137
41.0899 0.00986934
41.2689 0.00992732
41.4479 0.0099853
41.6269 0.0100433
41.8059 0.0101012
41.9849 0.0101592
42.1639 0.0102172
42.3429 0.0102752
42.522 0.0103332
42.701 0.0103911
42.88 0.0104491
43.059 0.0105071
43.238 0.0105651
43.417 0.010623
43.596 0.010681
43.775 0.010739
43.954 0.010797
44.133 0.0108549
44.312 0.0109129
44.491 0.0109709
44.67 0.0110289
44.849 0.0110868
45.028 0.0111448
45.207 0.0112028
45.386 0.0112608
45.565 0.0113187
45.744 0.0113767
45.923 0.0114347
46.102 0.0114927
46.281 0.0115507
46.46 0.0116086
46.639 0.0116666
46.818 0.0117246
46.997 0.0117826
47.176 0.0118405
47.355 0.0118985
47.534 0.0119565
47.713 0.0120145
47.892 0.0120724
48.071 0.0121304
48.25 0.0121884
48.429 0.0122464
48.608 0.0123043
48.7871 0.0123623
48.9661 0.0124203
49.1451 0.0124783
49.3241 0.0125362
49.5031 0.0125942
49.6821 0.0126522
49.8611 0.0127102
50.0401 0.0127682
50.2191 0.0128261
50.3981 0.0128841
50.5771 0.0129421
50.7561 0.0130001
50.9351 0.013058
51.1141 0.013116
51.2931 0.013174
51.4721 0.013232
51.6511 0.0132899
51.8301 0.0133479
52.0091 0.0134059
52.1881 0.0134639
52.3671 0.0135218
52.5461 0.0135798
52.7251 0.0136378
52.9041 0.0136958
53.0831 0.0137537
53.2621 0.0138117
53.4411 0.0138697
53.6201 0.0139277
53.7991 0.0139857
53.9781 0.0140436
54.1571 0.0141016
54.3361 0.0141596
54.5151 0.0142176
54.6941 0.0142755
54.8731 0.0143335
55.0522 0.0143915
55.2312 0.0144495
55.4102 0.0145074
55.5892 0.0145654
55.7682 0.0146234
55.9472 0.0146814
56.1262 0.0147393
56.3052 0.0147973
56.4842 0.0148553
56.6632 0.0149133
56.8422 0.0149712
57.0212 0.0150292
57.2002 0.0150872
57.3792 0.0151452
57.5582 0.0152031
57.7372 0.0152611
57.9162 0.0153191
58.0952 0.0153771
58.2742 0.0154351
58.4532 0.015493
58.6322 0.015551
58.8112 0.015609
58.9902 0.015667
59.1692 0.0157249
59.3482 0.0157829
59.5272 0.0158409
59.7062 0.0158989
59.8852 0.0159568
60.0642 0.0160148
60.4387 0.0161361
60.8364 0.0162649
61.2342 0.0163938
61.632 0.0165226
62.0298 0.0166514
62.4276 0.0167803
62.8253 0.0169091
63.2231 0.0170379
63.6209 0.0171668
64.0187 0.0172956
64.4165 0.0174244
64.8142 0.0175533
65.212 0.0176821
65.6098 0.0178109
66.0076 0.0179398
66.4054 0.0180686
66.8032 0.0181974
67.2009 0.0183263
67.5987 0.0184551
67.9965 0.0185839
68.3943 0.0187128
68.7921 0.0188416
69.1898 0.0189705
69.5876 0.0190993
69.9854 0.0192281
70.3832 0.019357
70.781 0.0194858
71.1787 0.0196146
71.5765 0.0197435
71.9743 0.0198723
72.3721 0.0200011
72.7699 0.02013
73.1676 0.0202588
73.5654 0.0203876
73.9632 0.0205165
74.361 0.0206453
74.7588 0.0207741
75.1566 0.020903
75.1959 0.0210331
75.2352 0.0211632
75.2746 0.0212933
75.3139 0.0214234
75.3532 0.0215535
75.3926 0.0216836
75.4319 0.0218138
75.4712 0.0219439
75.5106 0.022074
75.5499 0.0222041
75.5893 0.0223342
75.6286 0.0224643
75.6679 0.0225944
75.7073 0.0227245
75.7466 0.0228547
75.7859 0.0229848
75.8253 0.0231149
75.8646 0.023245
75.904 0.0233751
75.9433 0.0235052
75.9826 0.0236353
76.022 0.0237654
76.0613 0.0238956
76.1006 0.0240257
76.14 0.0241558
76.1793 0.0242859
76.2186 0.024416
76.258 0.0245461
76.2973 0.0246762
76.3367 0.0248063
76.376 0.0249365
76.4153 0.0250666
76.4547 0.0251967
76.494 0.0253268
76.5333 0.0254569
76.5727 0.025587
76.612 0.0257171
76.6513 0.0258472
76.6907 0.0259774
76.73 0.0261075
76.7694 0.0262376
76.8087 0.0263677
76.848 0.0264978
76.8874 0.0266279
76.9267 0.026758
76.966 0.0268881
77.0054 0.0270183
77.0447 0.0271484
77.0841 0.0272785
77.1234 0.0274086
77.1627 0.0275387
77.2021 0.0276688
77.2414 0.0277989
77.2807 0.027929
77.3201 0.0280591
77.3594 0.0281893
77.3987 0.0283194
77.4381 0.0284495
77.4774 0.0285796
77.5168 0.0287097
77.5561 0.0288398
77.5954 0.0289699
77.6348 0.0291
77.6741 0.0292302
77.7134 0.0293603
77.7528 0.0294904
77.7921 0.0296205
77.8314 0.0297506
77.8708 0.0298807
77.9101 0.0300108
77.9495 0.0301409
77.9888 0.0302711
78.0281 0.0304012
78.0675 0.0305313
78.1068 0.0306614
78.1461 0.0307915
78.1855 0.0309216
78.2248 0.0310517
78.2642 0.0311818
78.3035 0.031312
76.0695 0.0311892
73.8355 0.0310664
71.6015 0.0309436
69.3674 0.0308209
67.1334 0.0306981
64.8994 0.0305753
62.6654 0.0304526
60.4314 0.0303298
58.6081 0.0302296
57.423 0.0301645
56.2379 0.0300993
55.0529 0.0300342
53.8678 0.0299691
52.6827 0.029904
51.4976 0.0298388
50.3126 0.0297737
49.1275 0.0297086
47.9424 0.0296435
46.7573 0.0295783
45.5722 0.0295132
44.3872 0.0294481
43.2021 0.029383
42.017 0.0293178
40.8319 0.0292527
39.6468 0.0291876
38.4618 0.0291224
37.2767 0.0290573
36.0916 0.0289922
34.9065 0.0289271
33.7214 0.0288619
32.5364 0.0287968
31.3513 0.0287317
30.1662 0.0286666
28.9811 0.0286014
27.7961 0.0285363
26.611 0.0284712
25.4259 0.0284061
24.2408 0.0283409
23.0557 0.0282758
21.8707 0.0282107
20.6856 0.0281456
19.5005 0.0280804
18.3154 0.0280153
17.1303 0.0279502
15.9453 0.027885
14.7602 0.0278199
13.5751 0.0277548
12.39 0.0276897
11.205 0.0276245
10.0199 0.0275594
8.83479 0.0274943
7.64971 0.0274292
6.46463 0.027364
5.27956 0.0272989
4.09448 0.0272338
2.9094 0.0271687
1.72432 0.0271035
0.53924 0.0270384
-0.274213 0.0269529
-0.724066 0.0268611
-1.15135 0.026774
-1.57863 0.0266869
-2.00591 0.0265997
-2.43319 0.0265126
-2.86047 0.0264255
-3.28775 0.0263384
-3.71503 0.0262512
-4.14231 0.0261641
-4.5696 0.026077
-4.99688 0.0259899
-5.42416 0.0259027
-5.85144 0.0258156
-6.27872 0.0257285
-6.706 0.0256413
-7.13328 0.0255542
-7.56056 0.0254671
-7.98784 0.02538
-8.41513 0.0252928
-8.84241 0.0252057
-9.26969 0.0251186
-9.69697 0.0250315
-10.1242 0.0249443
-10.5515 0.0248572
-10.9788 0.0247701
-11.4061 0.0246829
-11.8334 0.0245958
-12.2607 0.0245087
-12.6879 0.0244216
-13.1152 0.0243344
-13.5425 0.0242473
-13.9698 0.0241602
-14.3971 0.0240731
-14.8243 0.0239859
-15.2516 0.0238988
-15.6789 0.0238117
-16.1062 0.0237245
-16.5335 0.0236374
-16.9607 0.0235503
-17.388 0.0234632
-17.8153 0.023376
-18.2426 0.0232889
-18.6699 0.0232018
-19.0972 0.0231147
-19.5244 0.0230275
-19.9517 0.0229404
-20.379 0.0228533
-20.8063 0.0227661
-21.2336 0.022679
-21.6608 0.0225919
-22.0881 0.0225048
-22.5154 0.0224176
-22.9427 0.0223305
-23.37 0.0222434
-23.7972 0.0221563
-24.2245 0.0220691
-24.6518 0.021982
-25.0791 0.0218949
-25.5064 0.0218077
-25.9336 0.0217206
-26.3609 0.0216335
-26.7882 0.0215464
-27.2155 0.0214592
-27.6428 0.0213721
-28.0305 0.021281
-28.2167 0.0211695
-28.4029 0.0210581
-28.589 0.0209466
-28.7752 0.0208351
-28.9614 0.0207237
-29.1475 0.0206122
-29.3337 0.0205008
-29.5199 0.0203893
-29.706 0.0202778
-29.8922 0.0201664
-30.0784 0.0200549
-30.2645 0.0199434
-30.4507 0.019832
-30.6006 0.0197423
-30.7417 0.0196578
-30.8829 0.0195733
-31.024 0.0194887
-31.1651 0.0194042
-31.3063 0.0193197
-31.4474 0.0192352
-31.5886 0.0191507
-31.7297 0.0190662
-31.8709 0.0189817
-32.012 0.0188972
-32.1532 0.0188127
-32.2943 0.0187282
-32.4355 0.0186437
-32.5766 0.0185592
-32.7178 0.0184747
-32.8589 0.0183902
-33 0.0183057
-33.1412 0.0182211
-33.2823 0.0181366
-33.4235 0.0180521
-33.5646 0.0179676
-33.7058 0.0178831
-33.8469 0.0177986
-33.9881 0.0177141
-34.1292 0.0176296
-34.2704 0.0175451
-34.4115 0.0174606
-34.5527 0.0173761
-34.6938 0.0172916
-34.835 0.0172071
-34.9761 0.0171226
-35.1172 0.0170381
-35.2584 0.0169535
-35.3995 0.016869
-35.5407 0.0167845
-35.6818 0.0167
-35.823 0.0166155
-35.9641 0.016531
-36.1053 0.0164465
-36.2464 0.016362
-36.3876 0.0162775
-36.5287 0.016193
-36.6699 0.0161085
-36.811 0.016024
-36.9522 0.0159395
-37.0933 0.015855
-37.2344 0.0157704
-37.3756 0.0156859
-37.5167 0.0156014
-37.6579 0.0155169
-37.799 0.0154324
-37.9402 0.0153479
-38.0813 0.0152634
-38.2225 0.0151789
-38.3636 0.0150944
-38.5048 0.0150099
-38.6459 0.0149254
-38.7871 0.0148409
-38.9282 0.0147564
-39.0693 0.0146719
-39.2105 0.0145874
-39.3516 0.0145028
-39.4928 0.0144183
-39.6339 0.0143338
-39.7751 0.0142493
-39.9162 0.0141648
-40.0574 0.0140803
-40.1985 0.0139958
-40.3397 0.0139113
-40.4808 0.0138268
-40.622 0.0137423
-40.7631 0.0136578
-40.9043 0.0135733
-41.0454 0.0134888
-41.1865 0.0134043
-41.3277 0.0133197
-41.4688 0.0132352
-41.61 0.0131507
-41.7511 0.0130662
-41.8923 0.0129817
-42.0334 0.0128972
-42.1746 0.0128127
-42.3157 0.0127282
-42.4569 0.0126437
-42.598 0.0125592
-42.7392 0.0124747
-42.8803 0.0123902
-43.0214 0.0123057
-43.1626 0.0122212
-43.3037 0.0121367
-43.4449 0.0120521
-43.586 0.0119676
-43.7272 0.0118831
-43.8683 0.0117986
-44.0095 0.0117141
-44.1506 0.0116296
-44.2918 0.0115451
-44.4329 0.0114606
-44.5741 0.0113761
-44.7152 0.0112916
-44.8564 0.0112071
-44.9975 0.0111226
-45.1386 0.0110381
-45.2798 0.0109536
-45.4209 0.0108691
-45.5621 0.0107845
-45.7032 0.0107
-45.8444 0.0106155
-45.9855 0.010531
-46.1267 0.0104465
-46.2678 0.010362
-46.409 0.0102775
-46.5501 0.010193
-46.6913 0.0101085
-46.8324 0.010024
-46.9736 0.00993947
-47.1147 0.00985497
-47.2558 0.00977046
-47.397 0.00968595
-47.5381 0.00960145
-47.6793 0.00951694
-47.8204 0.00943243
-47.9616 0.00934793
-48.1027 0.00926342
-48.2439 0.00917891
-48.385 0.00909441
-48.5262 0.0090099
-48.6673 0.00892539
-48.8085 0.00884089
-48.9496 0.00875638
-49.0907 0.00867187
-49.2319 0.00858737
-49.373 0.00850286
-49.5142 0.00841835
-49.6553 0.00833384
-49.7965 0.00824934
-49.9376 0.00816483
-50.0788 0.00808032
-50.2199 0.00799582
-50.3611 0.00791131
-50.5022 0.0078268
-50.6434 0.0077423
-50.7845 0.00765779
-50.9257 0.00757328
-51.0668 0.00748878
-51.2079 0.00740427
-51.3491 0.00731976
-51.4902 0.00723526
-51.6314 0.00715075
-51.7725 0.00706624
-51.9137 0.00698173
-52.0548 0.00689723
-52.196 0.00681272
-52.3371 0.00672821
-52.4783 0.00664371
-52.6194 0.0065592
-52.7606 0.00647469
-52.9017 0.00639019
-53.0428 0.00630568
-53.184 0.00622117
-53.3251 0.00613667
-53.4663 0.00605216
-53.6074 0.00596765
-53.7486 0.00588315
-53.8897 0.00579864
-54.0309 0.00571413
-54.172 0.00562963
-54.3132 0.00554512
-54.4543 0.00546061
-54.5955 0.0053761
-54.7366 0.0052916
-54.8778 0.00520709
-55.0189 0.00512258
-55.16 0.00503808
-55.3012 0.00495357
-55.4423 0.00486906
-55.5835 0.00478456
-55.7246 0.00470005
-55.8658 0.00461554
-56.0069 0.00453104
-56.1481 0.00444653
-56.2892 0.00436202
-56.4304 0.00427752
-56.5715 0.00419301
-56.7127 0.0041085
-56.8538 0.004024
-56.995 0.00393949
-57.1361 0.00385498
-57.2772 0.00377047
-57.4184 0.00368597
-57.5595 0.00360146
-57.7007 0.00351695
-57.8418 0.00343245
-57.983 0.00334794
-58.1241 0.00326343
-58.2653 0.00317893
-58.4064 0.00309442
-58.5476 0.00300991
-58.6887 0.00292541
-58.8299 0.0028409
-58.971 0.00275639
-59.1121 0.00267189
-59.2533 0.00258738
-59.3944 0.00250287
-59.5356 0.00241836
-59.6767 0.00233386
-59.8179 0.00224935
-59.959 0.00216484
-60.1002 0.00208034
-60.2413 0.00199583
-60.3825 0.00191132
-60.5236 0.00182682
-60.6648 0.00174231
-60.8059 0.0016578
-60.9471 0.0015733
-61.0882 0.00148879
-61.2293 0.00140428
-61.3705 0.00131978
-61.5116 0.00123527
-61.6528 0.00115076
-61.7939 0.00106626
-61.9351 0.000981749
-62.0762 0.000897242
-62.2174 0.000812735
-62.3585 0.000728228
-62.4997 0.000643721
-62.6408 0.000559214
-62.782 0.000474707
-62.9231 0.000390201
-63.0642 0.000305694
-63.2054 0.000221187
-63.3465 0.00013668
-63.4877 5.21732e-05
-63.5964 -1.28993e-05
-63.5987 -1.43189e-05
-63.6011 -1.57384e-05
-63.6035 -1.71579e-05
-63.6059 -1.85774e-05
-63.6082 -1.99969e-05
-63.6106 -2.14165e-05
-63.613 -2.2836e-05
-63.6153 -2.42555e-05
-63.6177 -2.5675e-05
-63.6201 -2.70946e-05
-63.6225 -2.85141e-05
-63.6248 -2.99336e-05
-63.6272 -3.13531e-05
-63.6296 -3.27727e-05
-63.6319 -3.41922e-05
-63.6343 -3.56117e-05
-63.6367 -3.70312e-05
-63.6391 -3.84508e-05
-63.6414 -3.98703e-05
-63.6438 -4.12898e-05
-63.6462 -4.27093e-05
-63.6485 -4.41289e-05
-63.6509 -4.55484e-05
-63.6533 -4.69679e-05
-63.6556 -4.83874e-05
-63.658 -4.98069e-05
-63.6604 -5.12265e-05
-63.6628 -5.2646e-05
-63.6651 -5.40655e-05
-63.6673 -5.53781e-05
-63.6676 -5.55186e-05
-63.6678 -5.56591e-05
-63.668 -5.57995e-05
-63.6683 -5.594e-05
-63.6685 -5.60805e-05
-63.6687 -5.62209e-05
-63.669 -5.63614e-05
-63.6692 -5.65019e-05
-63.6694 -5.66424e-05
-63.6697 -5.67828e-05
-63.6699 -5.69233e-05
-63.6701 -5.70638e-05
-63.6704 -5.72043e-05
-63.6706 -5.73447e-05
-63.6708 -5.74852e-05
-63.6711 -5.76257e-05
-63.6713 -5.77661e-05
-63.6715 -5.79066e-05
-63.6718 -5.80471e-05
-63.672 -5.81876e-05
-63.6723 -5.8328e-05
-63.6725 -5.84685e-05
-63.6727 -5.8609e-05
-63.673 -5.87495e-05
-63.6732 -5.88899e-05
-63.6734 -5.90304e-05
-63.6737 -5.91709e-05
-63.6739 -5.93113e-05
-63.6741 -5.94518e-05
-63.6744 -5.95923e-05
-63.6746 -5.97328e-05
-63.6748 -5.98732e-05
-63.6751 -6.00137e-05
-63.6753 -6.01542e-05
-63.6755 -6.02947e-05
-63.6758 -6.04351e-05
-63.676 -6.05756e-05
-63.6762 -6.07161e-05
-63.6765 -6.08565e-05
-63.6767 -6.0997e-05
-63.6769 -6.11375e-05
-63.6772 -6.1278e-05
-63.6774 -6.14184e-05
-63.6776 -6.15589e-05
-63.6779 -6.16994e-05
-63.6781 -6.18399e-05
-63.6784 -6.19803e-05
-63.6786 -6.21208e-05
-63.6788 -6.22613e-05
-63.6791 -6.24017e-05
-63.6793 -6.25422e-05
-63.6795 -6.26827e-05
-63.6798 -6.28232e-05
-63.68 -6.29636e-05
-63.6802 -6.31041e-05
-63.6805 -6.32446e-05
-63.6807 -6.33851e-05
-63.6809 -6.35255e-05
-63.6812 -6.3666e-05
-63.6814 -6.38065e-05
-63.6816 -6.39469e-05
-63.6819 -6.40874e-05
-63.6821 -6.42279e-05
-63.6823 -6.43684e-05
-63.6826 -6.45088e-05
-63.6828 -6.46493e-05
-63.683 -6.47898e-05
-63.6833 -6.49302e-05
-63.6835 -6.50707e-05
-63.6837 -6.52112e-05
-63.684 -6.53517e-05
-63.6842 -6.54921e-05
-63.6845 -6.56326e-05
-63.6847 -6.57731e-05
-63.6849 -6.59136e-05
-63.6852 -6.6054e-05
-63.6854 -6.61945e-05
-63.6856 -6.6335e-05
-63.6859 -6.64754e-05
-63.6861 -6.66159e-05
-63.5499 -5.9134e-05
-63.4138 -5.16522e-05
-63.2777 -4.41703e-05
-63.1415 -3.66884e-05
-63.0054 -2.92066e-05
-62.8692 -2.17247e-05
-62.7331 -1.42428e-05
-61.728 4.0994e-05
-60.5429 0.00010612
-59.3578 0.000171246
-58.1727 0.000236373
-56.9876 0.000301499
-55.8026 0.000366625
-54.6175 0.000431751
-53.4324 0.000496877
-52.2473 0.000562004
-51.0622 0.00062713
-49.8772 0.000692256
-48.6921 0.000757382
-47.507 0.000822508
-46.3219 0.000887635
-45.1368 0.000952761
-43.9518 0.00101789
-42.7667 0.00108301
-41.5816 0.00114814
-40.3965 0.00121327
-39.2115 0.00127839
-38.0264 0.00134352
-36.8413 0.00140864
-35.6562 0.00147377
-34.4711 0.0015389
-33.2861 0.00160402
-32.101 0.00166915
-30.9159 0.00173428
-29.7308 0.0017994
-28.5457 0.00186453
-27.3607 0.00192965
-26.1756 0.00199478
-24.9905 0.00205991
-23.8054 0.00212503
-22.6203 0.00219016
-21.4353 0.00225528
-20.2502 0.00232041
-19.0651 0.00238554
-17.88 0.00245066
-16.695 0.00251579
-15.5099 0.00258092
-14.3248 0.00264604
-13.1397 0.00271117
-11.9546 0.00277629
-10.7696 0.00284142
-9.58448 0.00290655
-8.3994 0.00297167
-7.21432 0.0030368
-6.02924 0.00310193
-4.84416 0.00316705
-3.65909 0.00323218
-2.47401 0.0032973
-1.28893 0.00336243
-0.288046 0.00341743
0.15228 0.00345786
0.508621 0.00351542
0.864962 0.00357298
1.2213 0.00363054
1.57764 0.0036881
1.93399 0.00374566
2.29033 0.00380322
2.64667 0.00386078
3.00301 0.00391834
3.35935 0.0039759
3.71569 0.00403346
4.07203 0.00409102
4.42837 0.00414858
4.78471 0.00420614
5.14106 0.0042637
5.4974 0.00432126
5.85374 0.00437882
6.21008 0.00443638
6.56642 0.00449394
6.92276 0.0045515
7.2791 0.00460906
7.63544 0.00466662
7.99178 0.00472418
8.34812 0.00478174
8.70447 0.0048393
9.06081 0.00489686
9.41715 0.00495442
9.77349 0.00501198
10.1298 0.00506954
10.4862 0.0051271
10.8425 0.00518466
11.1989 0.00524222
11.5552 0.00529978
11.9115 0.00535734
12.2679 0.0054149
12.6242 0.00547246
12.9806 0.00553002
13.3369 0.00558758
13.6932 0.00564514
14.0496 0.0057027
14.4059 0.00576026
14.7623 0.00581782
15.1186 0.00587538
15.4749 0.00593294
15.8313 0.0059905
16.1876 0.00604806
16.544 0.00610562
16.9003 0.00616318
17.2567 0.00622074
17.613 0.0062783
17.9693 0.00633586
18.3257 0.00639342
18.682 0.00645098
19.0384 0.00650854
19.3947 0.0065661
19.751 0.00662366
20.1074 0.00668122
20.4637 0.00673878
20.8201 0.00679634
21.1764 0.0068539
21.5327 0.00691146
21.8891 0.00696902
22.2454 0.00702658
22.6018 0.00708414
22.9581 0.0071417
23.3145 0.00719926
23.6708 0.00725682
24.0271 0.00731438
24.3835 0.00737194
24.7398 0.0074295
25.0962 0.00748705
25.4525 0.00754461
25.8088 0.00760217
26.1652 0.00765973
26.5215 0.00771729
26.8779 0.00777485
27.2342 0.00783241
27.5831 0.00788876
27.7543 0.00791643
27.9256 0.0079441
28.0969 0.00797176
28.2682 0.00799943
28.4394 0.0080271
28.6107 0.00805476
28.782 0.00808243
28.9533 0.0081101
29.1245 0.00813776
29.2958 0.00816543
29.4671 0.0081931
29.6384 0.00822076
29.8097 0.00824843
29.9809 0.00827609
30.1522 0.00830376
30.3235 0.00833143
30.4948 0.00835909
30.666 0.00838676
30.8373 0.00841443
31.0086 0.00844209
31.1799 0.00846976
31.3423 0.00850275
31.4623 0.00856108
31.5824 0.00861941
31.7025 0.00867773
31.8226 0.00873606
31.9427 0.00879439
32.0628 0.00885271
32.1829 0.00891104
32.303 0.00896937
32.423 0.00902769
32.5431 0.00908602
32.6632 0.00914435
32.7833 0.00920267
32.9034 0.009261
33.0235 0.00931933
33.1436 0.00937765
33.2637 0.00943598
33.3837 0.00949431
33.5038 0.00955263
33.6239 0.00961096
33.744 0.00966929
33.8641 0.00972761
33.9842 0.00978594
34.1043 0.00984426
34.2243 0.00990259
34.3444 0.00996092
34.4645 0.0100192
34.5846 0.0100776
34.7047 0.0101359
34.8248 0.0101942
34.9449 0.0102526
35.065 0.0103109
35.185 0.0103692
35.3051 0.0104275
35.4252 0.0104859
35.5453 0.0105442
35.6654 0.0106025
35.7855 0.0106608
35.9056 0.0107192
36.0257 0.0107775
36.1457 0.0108358
36.2658 0.0108941
36.3859 0.0109525
36.506 0.0110108
36.6261 0.0110691
36.7462 0.0111275
36.8663 0.0111858
36.9863 0.0112441
37.1064 0.0113024
37.2265 0.0113608
37.3466 0.0114191
37.4667 0.0114774
37.5868 0.0115357
37.7069 0.0115941
37.827 0.0116524
37.947 0.0117107
38.0671 0.011769
38.1872 0.0118274
38.3073 0.0118857
38.4274 0.011944
38.5475 0.0120023
38.6676 0.0120607
38.7877 0.012119
38.9077 0.0121773
39.0278 0.0122357
39.1479 0.012294
39.268 0.0123523
39.3881 0.0124106
39.5082 0.012469
39.6283 0.0125273
39.7484 0.0125856
39.8684 0.0126439
39.9885 0.0127023
40.1086 0.0127606
40.2287 0.0128189
40.3488 0.0128772
40.4689 0.0129356
40.589 0.0129939
40.709 0.0130522
40.8291 0.0131106
40.9492 0.0131689
41.0693 0.0132272
41.1894 0.0132855
41.3095 0.0133439
41.4296 0.0134022
41.5497 0.0134605
41.6697 0.0135188
41.7898 0.0135772
41.9099 0.0136355
42.03 0.0136938
42.1501 0.0137521
42.2702 0.0138105
42.3903 0.0138688
42.5104 0.0139271
42.6304 0.0139855
42.7505 0.0140438
42.8706 0.0141021
42.9907 0.0141604
43.1108 0.0142188
43.2309 0.0142771
43.351 0.0143354
43.4711 0.0143937
43.5911 0.0144521
43.7112 0.0145104
43.8313 0.0145687
43.9514 0.014627
44.0715 0.0146854
44.1916 0.0147437
44.3117 0.014802
44.4317 0.0148604
44.5518 0.0149187
44.6719 0.014977
44.792 0.0150353
44.9121 0.0150937
45.0322 0.015152
45.1523 0.0152103
45.2724 0.0152686
45.3924 0.015327
45.5125 0.0153853
45.6326 0.0154436
45.7527 0.0155019
45.8728 0.0155603
45.9929 0.0156186
46.113 0.0156769
46.2331 0.0157353
46.3531 0.0157936
46.4732 0.0158519
46.5933 0.0159102
46.7134 0.0159686
46.8335 0.0160269
46.9536 0.0160852
47.0737 0.0161435
47.1937 0.0162019
47.3138 0.0162602
47.4339 0.0163185
47.554 0.0163768
47.6741 0.0164352
47.7942 0.0164935
47.9143 0.0165518
48.0344 0.0166102
48.1544 0.0166685
48.2745 0.0167268
48.3946 0.0167851
48.5147 0.0168435
48.6348 0.0169018
48.7549 0.0169601
48.875 0.0170184
48.9951 0.0170768
49.1151 0.0171351
49.2352 0.0171934
49.3553 0.0172517
49.4754 0.0173101
49.5955 0.0173684
49.7156 0.0174267
49.8357 0.0174851
49.9558 0.0175434
50.0758 0.0176017
50.1959 0.01766
50.316 0.0177184
50.4361 0.0177767
50.5562 0.017835
50.6763 0.0178933
50.7964 0.0179517
50.9164 0.01801
51.0365 0.0180683
51.1566 0.0181266
51.2767 0.018185
51.3968 0.0182433
51.5169 0.0183016
51.637 0.01836
51.7571 0.0184183
51.8771 0.0184766
51.9972 0.0185349
52.1173 0.0185933
52.2374 0.0186516
52.3575 0.0187099
52.4776 0.0187682
52.5977 0.0188266
52.7178 0.0188849
52.8378 0.0189432
52.9579 0.0190015
53.078 0.0190599
53.1981 0.0191182
53.3182 0.0191765
53.4383 0.0192349
53.5584 0.0192932
53.6784 0.0193515
53.7985 0.0194098
53.9186 0.0194682
54.0387 0.0195265
54.1588 0.0195848
54.2789 0.0196431
54.399 0.0197015
54.5191 0.0197598
54.6391 0.0198181
54.7592 0.0198764
54.8793 0.0199348
54.9994 0.0199931
55.1195 0.0200514
55.2396 0.0201097
55.3597 0.0201681
55.4798 0.0202264
55.5998 0.0202847
55.7199 0.0203431
55.84 0.0204014
55.9601 0.0204597
56.0802 0.020518
56.2003 0.0205764
56.3204 0.0206347
56.4405 0.020693
56.5605 0.0207513
56.6806 0.0208097
56.8007 0.020868
56.9208 0.0209263
57.0409 0.0209846
57.161 0.021043
57.2811 0.0211013
57.4011 0.0211596
57.5212 0.021218
57.6413 0.0212763
57.7614 0.0213346
57.8815 0.0213929
58.0016 0.0214513
58.1217 0.0215096
58.2418 0.0215679
58.3618 0.0216262
58.4819 0.0216846
58.602 0.0217429
58.7221 0.0218012
58.8422 0.0218595
58.9623 0.0219179
59.0824 0.0219762
59.2025 0.0220345
59.3225 0.0220929
59.4426 0.0221512
59.5627 0.0222095
59.6828 0.0222678
59.8029 0.0223262
59.923 0.0223845
60.0431 0.0224428
60.1632 0.0225011
60.2832 0.0225595
60.4033 0.0226178
60.5234 0.0226761
60.6435 0.0227344
60.7636 0.0227928
60.8837 0.0228511
61.0038 0.0229094
61.1238 0.0229678
61.2439 0.0230261
61.364 0.0230844
61.4841 0.0231427
61.6042 0.0232011
61.7243 0.0232594
61.8444 0.0233177
61.9645 0.023376
62.0845 0.0234344
62.2046 0.0234927
62.3247 0.023551
62.4448 0.0236093
62.5649 0.0236677
62.685 0.023726
62.8051 0.0237843
62.9252 0.0238427
63.0452 0.023901
63.1653 0.0239593
63.4177 0.0240819
63.6839 0.0242112
63.9501 0.0243405
64.2163 0.0244698
64.4826 0.0245991
64.7488 0.0247284
65.015 0.0248577
65.2812 0.024987
65.5474 0.0251163
65.8136 0.0252456
66.0798 0.0253749
66.3461 0.0255042
66.6123 0.0256335
66.8785 0.0257628
67.1447 0.0258921
67.4109 0.0260214
67.6771 0.0261507
67.9433 0.02628
68.2096 0.0264093
68.4758 0.0265386
68.742 0.0266679
69.0082 0.0267972
69.2744 0.0269265
69.5406 0.0270558
69.8068 0.0271851
70.0731 0.0273144
70.3393 0.0274437
70.6055 0.027573
70.8717 0.0277023
71.1379 0.0278316
71.4041 0.0279609
71.6703 0.0280902
71.9366 0.0282195
72.2028 0.0283488
72.469 0.0284781
72.7352 0.0286074
73.0014 0.0287367
73.2676 0.028866
73.5338 0.0289953
73.8001 0.0291246
74.0663 0.0292539
74.3325 0.0293832
74.5987 0.0295125
74.8649 0.0296418
75.1311 0.0297711
75.3973 0.0299004
75.6636 0.0300297
75.9298 0.030159
76.196 0.0302883
76.4622 0.0304176
76.7284 0.0305469
76.9946 0.0306762
77.2608 0.0308055
77.5271 0.0309348
77.7933 0.0310641
78.0595 0.0311934
78.3068 0.0313228
76.0728 0.0312
73.8387 0.0310773
71.6047 0.0309545
69.3707 0.0308317
67.1367 0.030709
64.9027 0.0305862
62.6687 0.0304634
61.3062 0.0303885
60.1212 0.0303234
58.9361 0.0302583
57.751 0.0301932
56.5659 0.030128
55.3808 0.0300629
54.1958 0.0299978
53.0107 0.0299327
51.8256 0.0298675
50.6405 0.0298024
49.4555 0.0297373
48.2704 0.0296722
47.0853 0.029607
45.9002 0.0295419
44.7151 0.0294768
43.5301 0.0294117
42.345 0.0293465
41.1599 0.0292814
39.9748 0.0292163
38.7897 0.0291511
37.6047 0.029086
36.4196 0.0290209
35.2345 0.0289558
34.0494 0.0288906
32.8643 0.0288255
31.6793 0.0287604
30.4942 0.0286953
29.3091 0.0286301
28.124 0.028565
26.939 0.0284999
25.7539 0.0284348
24.5688 0.0283696
23.3837 0.0283045
22.1986 0.0282394
21.0136 0.0281743
19.8285 0.0281091
18.6434 0.028044
17.4583 0.0279789
16.2732 0.0279137
15.0882 0.0278486
13.9031 0.0277835
12.718 0.0277184
11.5329 0.0276532
10.3478 0.0275881
9.16277 0.027523
7.97769 0.0274579
6.79261 0.0273927
5.60753 0.0273276
4.42245 0.0272625
3.23738 0.0271974
2.0523 0.0271322
0.867217 0.0270671
-0.134919 0.0269919
-0.575491 0.0269021
-0.931767 0.0268294
-1.28804 0.0267567
-1.64432 0.026684
-2.00059 0.0266114
-2.35687 0.0265387
-2.71314 0.026466
-3.06942 0.0263933
-3.4257 0.0263207
-3.78197 0.026248
-4.13825 0.0261753
-4.49452 0.0261026
-4.8508 0.0260299
-5.20707 0.0259573
-5.56335 0.0258846
-5.91962 0.0258119
-6.2759 0.0257392
-6.63218 0.0256666
-6.98845 0.0255939
-7.34473 0.0255212
-7.701 0.0254485
-8.05728 0.0253759
-8.41355 0.0253032
-8.76983 0.0252305
-9.1261 0.0251578
-9.48238 0.0250852
-9.83865 0.0250125
-10.1949 0.0249398
-10.5512 0.0248671
-10.9075 0.0247945
-11.2638 0.0247218
-11.62 0.0246491
-11.9763 0.0245764
-12.3326 0.0245038
-12.6889 0.0244311
-13.0451 0.0243584
-13.4014 0.0242857
-13.7577 0.0242131
-14.114 0.0241404
-14.4702 0.0240677
-14.8265 0.023995
-15.1828 0.0239224
-15.5391 0.0238497
-15.8953 0.023777
-16.2516 0.0237043
-16.6079 0.0236317
-16.9642 0.023559
-17.3204 0.0234863
-17.6767 0.0234136
-18.033 0.023341
-18.3893 0.0232683
-18.7455 0.0231956
-19.1018 0.0231229
-19.4581 0.0230502
-19.8144 0.0229776
-20.1706 0.0229049
-20.5269 0.0228322
-20.8832 0.0227595
-21.2395 0.0226869
-21.5957 0.0226142
-21.952 0.0225415
-22.3083 0.0224688
-22.6646 0.0223962
-23.0208 0.0223235
-23.3771 0.0222508
-23.7334 0.0221781
-24.0897 0.0221055
-24.446 0.0220328
-24.8022 0.0219601
-25.1585 0.0218874
-25.5148 0.0218148
-25.8711 0.0217421
-26.2273 0.0216694
-26.5836 0.0215967
-26.9399 0.0215241
-27.2962 0.0214514
-27.6524 0.0213787
-28.0042 0.0213053
-28.1755 0.0212027
-28.3467 0.0211002
-28.518 0.0209976
-28.6892 0.020895
-28.8605 0.0207924
-29.0318 0.0206899
-29.203 0.0205873
-29.3743 0.0204847
-29.5456 0.0203821
-29.7168 0.0202796
-29.8881 0.020177
-30.0594 0.0200744
-30.2306 0.0199718
-30.4019 0.0198693
-30.5732 0.0197667
-30.7444 0.0196641
-30.9157 0.0195615
-31.087 0.019459
-31.2582 0.0193564
-31.4295 0.0192538
-31.6008 0.0191512
-31.7645 0.0190532
-31.8845 0.0189813
-32.0046 0.0189094
-32.1247 0.0188375
-32.2447 0.0187655
-32.3648 0.0186936
-32.4849 0.0186217
-32.6049 0.0185498
-32.725 0.0184779
-32.8451 0.018406
-32.9651 0.0183341
-33.0852 0.0182622
-33.2053 0.0181903
-33.3253 0.0181183
-33.4454 0.0180464
-33.5655 0.0179745
-33.6856 0.0179026
-33.8056 0.0178307
-33.9257 0.0177588
-34.0458 0.0176869
-34.1658 0.017615
-34.2859 0.0175431
-34.406 0.0174712
-34.526 0.0173992
-34.6461 0.0173273
-34.7662 0.0172554
-34.8862 0.0171835
-35.0063 0.0171116
-35.1264 0.0170397
-35.2464 0.0169678
-35.3665 0.0168959
-35.4866 0.016824
-35.6066 0.016752
-35.7267 0.0166801
-35.8468 0.0166082
-35.9668 0.0165363
-36.0869 0.0164644
-36.207 0.0163925
-36.327 0.0163206
-36.4471 0.0162487
-36.5672 0.0161768
-36.6872 0.0161048
-36.8073 0.0160329
-36.9274 0.015961
-37.0474 0.0158891
-37.1675 0.0158172
-37.2876 0.0157453
-37.4076 0.0156734
-37.5277 0.0156015
-37.6478 0.0155296
-37.7678 0.0154577
-37.8879 0.0153857
-38.008 0.0153138
-38.128 0.0152419
-38.2481 0.01517
-38.3682 0.0150981
-38.4882 0.0150262
-38.6083 0.0149543
-38.7284 0.0148824
-38.8484 0.0148105
-38.9685 0.0147385
-39.0886 0.0146666
-39.2086 0.0145947
-39.3287 0.0145228
-39.4488 0.0144509
-39.5688 0.014379
-39.6889 0.0143071
-39.809 0.0142352
-39.929 0.0141633
-40.0491 0.0140913
-40.1692 0.0140194
-40.2892 0.0139475
-40.4093 0.0138756
-40.5294 0.0138037
-40.6494 0.0137318
-40.7695 0.0136599
-40.8896 0.013588
-41.0096 0.0135161
-41.1297 0.0134442
-41.2498 0.0133722
-41.3699 0.0133003
-41.4899 0.0132284
-41.61 0.0131565
-41.7301 0.0130846
-41.8501 0.0130127
-41.9702 0.0129408
-42.0903 0.0128689
-42.2103 0.012797
-42.3304 0.012725
-42.4505 0.0126531
-42.5705 0.0125812
-42.6906 0.0125093
-42.8107 0.0124374
-42.9307 0.0123655
-43.0508 0.0122936
-43.1709 0.0122217
-43.2909 0.0121498
-43.411 0.0120778
-43.5311 0.0120059
-43.6511 0.011934
-43.7712 0.0118621
-43.8913 0.0117902
-44.0113 0.0117183
-44.1314 0.0116464
-44.2515 0.0115745
-44.3715 0.0115026
-44.4916 0.0114306
-44.6117 0.0113587
-44.7317 0.0112868
-44.8518 0.0112149
-44.9719 0.011143
-45.0919 0.0110711
-45.212 0.0109992
-45.3321 0.0109273
-45.4521 0.0108554
-45.5722 0.0107835
-45.6923 0.0107115
-45.8123 0.0106396
-45.9324 0.0105677
-46.0525 0.0104958
-46.1725 0.0104239
-46.2926 0.010352
-46.4127 0.0102801
-46.5327 0.0102082
-46.6528 0.0101363
-46.7729 0.0100643
-46.8929 0.00999244
-47.013 0.00992052
-47.1331 0.00984861
-47.2531 0.0097767
-47.3732 0.00970479
-47.4933 0.00963288
-47.6133 0.00956097
-47.7334 0.00948906
-47.8535 0.00941715
-47.9735 0.00934524
-48.0936 0.00927333
-48.2137 0.00920142
-48.3337 0.00912951
-48.4538 0.0090576
-48.5739 0.00898568
-48.694 0.00891377
-48.814 0.00884186
-48.9341 0.00876995
-49.0542 0.00869804
-49.1742 0.00862613
-49.2943 0.00855422
-49.4144 0.00848231
-49.5344 0.0084104
-49.6545 0.00833849
-49.7746 0.00826658
-49.8946 0.00819467
-50.0147 0.00812276
-50.1348 0.00805085
-50.2548 0.00797893
-50.3749 0.00790702
-50.495 0.00783511
-50.615 0.0077632
-50.7351 0.00769129
-50.8552 0.00761938
-50.9752 0.00754747
-51.0953 0.00747556
-51.2154 0.00740365
-51.3354 0.00733174
-51.4555 0.00725983
-51.5756 0.00718792
-51.6956 0.00711601
-51.8157 0.0070441
-51.9358 0.00697218
-52.0558 0.00690027
-52.1759 0.00682836
-52.296 0.00675645
-52.416 0.00668454
-52.5361 0.00661263
-52.6562 0.00654072
-52.7762 0.00646881
-52.8963 0.0063969
-53.0164 0.00632499
-53.1364 0.00625308
-53.2565 0.00618117
-53.3766 0.00610926
-53.4966 0.00603734
-53.6167 0.00596543
-53.7368 0.00589352
-53.8568 0.00582161
-53.9769 0.0057497
-54.097 0.00567779
-54.217 0.00560588
-54.3371 0.00553397
-54.4572 0.00546206
-54.5772 0.00539015
-54.6973 0.00531824
-54.8174 0.00524633
-54.9374 0.00517442
-55.0575 0.00510251
-55.1776 0.00503059
-55.2976 0.00495868
-55.4177 0.00488677
-55.5378 0.00481486
-55.6578 0.00474295
-55.7779 0.00467104
-55.898 0.00459913
-56.018 0.00452722
-56.1381 0.00445531
-56.2582 0.0043834
-56.3783 0.00431149
-56.4983 0.00423958
-56.6184 0.00416767
-56.7385 0.00409575
-56.8585 0.00402384
-56.9786 0.00395193
-57.0987 0.00388002
-57.2187 0.00380811
-57.3388 0.0037362
-57.4589 0.00366429
-57.5789 0.00359238
-57.699 0.00352047
-57.8191 0.00344856
-57.9391 0.00337665
-58.0592 0.00330474
-58.1793 0.00323283
-58.2993 0.00316092
-58.4194 0.003089
-58.5395 0.00301709
-58.6595 0.00294518
-58.7796 0.00287327
-58.8997 0.00280136
-59.0197 0.00272945
-59.1398 0.00265754
-59.2599 0.00258563
-59.3799 0.00251372
-59.5 0.00244181
-59.6201 0.0023699
-59.7401 0.00229799
-59.8602 0.00222608
-59.9803 0.00215417
-60.1003 0.00208225
-60.2204 0.00201034
-60.3405 0.00193843
-60.4605 0.00186652
-60.5806 0.00179461
-60.7007 0.0017227
-60.8207 0.00165079
-60.9408 0.00157888
-61.0609 0.00150697
-61.1809 0.00143506
-61.301 0.00136315
-61.4211 0.00129124
-61.5411 0.00121933
-61.6612 0.00114741
-61.7813 0.0010755
-61.9013 0.00100359
-62.0214 0.000931683
-62.1415 0.000859772
-62.2615 0.000787861
-62.3816 0.00071595
-62.5017 0.00064404
-62.6217 0.000572129
-62.7418 0.000500218
-62.8619 0.000428308
-62.9819 0.000356397
-63.102 0.000284486
-63.2221 0.000212575
-63.3421 0.000140665
-63.4622 6.87539e-05
-63.5823 -3.15688e-06
-63.5994 -1.33932e-05
-63.601 -1.43435e-05
-63.6025 -1.52938e-05
-63.6041 -1.6244e-05
-63.6057 -1.71943e-05
-63.6073 -1.81446e-05
-63.6089 -1.90948e-05
-63.6105 -2.00451e-05
-63.6121 -2.09954e-05
-63.6137 -2.19456e-05
-63.6152 -2.28959e-05
-63.6168 -2.38462e-05
-63.6184 -2.47965e-05
-63.62 -2.57467e-05
-63.6216 -2.6697e-05
-63.6232 -2.76473e-05
-63.6248 -2.85975e-05
-63.6263 -2.95478e-05
-63.6279 -3.04981e-05
-63.6295 -3.14483e-05
-63.6311 -3.23986e-05
-63.6327 -3.33489e-05
-63.6343 -3.42991e-05
-63.6359 -3.52494e-05
-63.6375 -3.61997e-05
-63.639 -3.715e-05
-63.6406 -3.81002e-05
-63.6422 -3.90505e-05
-63.6438 -4.00008e-05
-63.6454 -4.0951e-05
-63.647 -4.19013e-05
-63.6486 -4.28516e-05
-63.6501 -4.38018e-05
-63.6517 -4.47521e-05
-63.6533 -4.57024e-05
-63.6549 -4.66527e-05
-63.6565 -4.76029e-05
-63.6581 -4.85532e-05
-63.6597 -4.95035e-05
-63.6613 -5.04537e-05
-63.6628 -5.1404e-05
-63.6644 -5.23543e-05
-63.666 -5.33045e-05
-63.6676 -5.42548e-05
-63.6692 -5.52051e-05
-63.6708 -5.61554e-05
-63.6724 -5.71056e-05
-63.6739 -5.80559e-05
-63.6755 -5.90062e-05
-63.6771 -5.99564e-05
-63.6787 -6.09067e-05
-63.6803 -6.1857e-05
-63.6819 -6.28072e-05
-63.6835 -6.37575e-05
-63.6851 -6.47078e-05
-63.6866 -6.5658e-05
-63.6882 -6.66083e-05
