-7.4773564382566455 -1.1115121773801901
-7.449418415809169 -1.1132158424719092
-7.425774451831862 -1.1126346329123178
-7.434383419339363 -1.1183546385032798
-7.399986933713997 -1.1149108198273116
-7.374199126004922 -1.117044093479895
-7.348406105654057 -1.1166049284090824
-7.322617429171349 -1.1183094622744327
-7.296826435958957 -1.1188706900404963
-7.271035442746566 -1.1194319178065603
-7.245245607899017 -1.120564798622267
-7.219454614686625 -1.1211260263883307
-7.193664779839075 -1.1222589072040374
-7.1678761033563685 -1.1239634410693881
-7.142078159954924 -1.1210947505375903
-7.116294116931585 -1.1250858966015153
-7.090501965354351 -1.1250754713179354
-7.064709813777117 -1.1250650460343554
-7.038920268520778 -1.126340840112473
-7.013126668987492 -1.1256158485168386
-6.978738291916022 -1.1261736011883754
-6.987354209612576 -1.1353235250772002
-6.952951932163 -1.1290214411530132
-6.927159780585766 -1.1290110158694328
-6.90136647064369 -1.1284289375362093
-6.875578952525824 -1.130705124451204
-6.8497891176782755 -1.1318380052669108
-6.823996966101042 -1.1318275799833308
-6.7982082896183344 -1.1335321138486815
-6.772414979676258 -1.132950035515458
-6.746623986463867 -1.1335112632815211
-6.720832993251475 -1.1340724910475843
-6.69504547513361 -1.136348677962579
-6.669253323556376 -1.1363382526789991
-6.643462330343985 -1.1368994804450622
-6.617670178766751 -1.1368890551614823
-6.59187918555436 -1.137450282927546
-6.566084717247441 -1.1362965515446783
-6.540293724035049 -1.136857779310742
-6.5145038891875 -1.1379906601264495
-6.488712895975108 -1.1385518878925122
-6.462919586033032 -1.1379698095592891
-6.43712859282064 -1.1385310373253523
-6.411335282878564 -1.1379489589921287
-6.385544289666173 -1.138510186758192
-6.3597509797240965 -1.1379281084249688
-6.333958828146863 -1.1379176831413884
-6.308167834934471 -1.1384789109074515
-6.2823756833572375 -1.1384684856238716
-6.256583531780003 -1.1384580603402911
-6.230789063473085 -1.137304328957424
-6.204999228625535 -1.1384372097731312
-6.179208235413144 -1.1389984375391943
-6.153416083835911 -1.1389880122556144
-6.127622773893834 -1.1384059339223908
-6.101829463951758 -1.1378238555891673
-6.076036154009682 -1.1372417772559433
-6.0502451607972905 -1.1378030050220073
-6.024454167584898 -1.13836423278807
-6.002957232842677 -1.1366405859028228
-5.990078532526693 -1.145210169005687
-5.972866389335904 -1.136628423071979
-5.947076554488355 -1.1377613038876866
-5.9212844029111205 -1.1377508786041066
-5.895493409698729 -1.1383121063701693
-5.869701258121495 -1.1383016810865893
-5.843906789814577 -1.1371479497037222
-5.818114638237343 -1.1371375244201418
-5.792324803389794 -1.138270405235849
-5.766531493447718 -1.137688326902626
-5.7407393418704835 -1.1376779016190454
-5.714948348658092 -1.1382391293851086
-5.689156197080858 -1.1382287041015286
-5.663361728773941 -1.137074972718661
-5.637570735561549 -1.1376362004847251
-5.611782059078841 -1.1393407343500758
-5.585987590771922 -1.1381870029672078
-5.560193122465004 -1.1370332715843407
-5.534403287617455 -1.138166152400048
-5.50646092130182 -1.1377261185556031
-5.482812034273934 -1.134715383535026
-5.48712462658158 -1.1415769576780128
-5.457018724331857 -1.1341333052018025
-5.457033783074807 -1.1415647948471694
-5.429514509517799 -1.137780764417036
-5.407591875696055 -1.1381148947557788
-5.3911228235515605 -1.1426814585550853
-5.3710506775652895 -1.1369568195047532
-5.343103677790285 -1.1342301734617341
-5.353861701671344 -1.139808134563918
-5.319466374410822 -1.1369359689375928
-5.293669589374218 -1.1346389314554386
-5.267877437796985 -1.1346285061718581
-5.242084127854909 -1.1340464278386346
-5.216291976277675 -1.1340360025550546
-5.1904986663356 -1.1334539242218302
-5.164707673123207 -1.1340151519878942
-5.138916679910816 -1.1345763797539578
-5.113124528333581 -1.1345659544703774
-5.087331218391506 -1.133983876137154
-5.061539066814271 -1.133973450853574
-5.03574807360188 -1.134534678619637
-5.009954763659804 -1.1339526002864135
-4.984159136988044 -1.1322272158539028
-4.960089705604184 -1.1338181141282295
-4.930858600483319 -1.1338062988068384
-4.906778048796974 -1.1299093278045877
-4.9067942659047645 -1.1379124704995982
-4.882712555853577 -1.1334438464477034
-4.85519606237219 -1.1310317833367145
-4.831556731854253 -1.1327371859756965
-4.803618709406775 -1.134440851067416
-4.779544644563547 -1.1337451371431683
-4.7520262976984124 -1.1304184291527501
-4.7240885648421464 -1.13226500750688
-4.700443152908787 -1.1309692316352337
-4.674648684601869 -1.1298155002523662
-4.657460867072766 -1.1332384683611744
-4.631662923671321 -1.1303697778293766
-4.605870772094088 -1.1303593525457962
-4.580079778881696 -1.1309205803118598
-4.554287627304462 -1.1309101550282798
-4.528495475727228 -1.1308997297446994
-4.502703324149994 -1.1308893044611194
-4.476908855843075 -1.129735573078252
-4.4511190209955265 -1.130868453893959
-4.425326869418292 -1.130858028610379
-4.399533559476216 -1.130275950277155
-4.373742566263825 -1.1308371780432187
-4.347950414686591 -1.1308267527596387
-4.322158263109357 -1.1308163274760583
-4.296366111532123 -1.1308059021924783
-4.270571643225205 -1.1296521708096112
-4.244781808377655 -1.130785051625318
-4.218989656800422 -1.130774626341738
-4.193197505223187 -1.130764201058158
-4.167405353645954 -1.1307537757745775
-4.14161320206872 -1.1307433504909976
-4.115821050491486 -1.1307329252074176
-4.090028898914253 -1.1307224999238372
-4.064236747337018 -1.1307120746402572
-4.038444595759785 -1.1307016493566772
-4.01265244418255 -1.1306912240730968
-4.004155838064746 -1.1804215642975652
-3.986860292605317 -1.1306807987895168
-3.9783671615820397 -1.182126098162916
-3.969761089986646 -1.1778352251960624
-3.9610681410280826 -1.130670373505937
-3.96113416782409 -1.1632545973356236
-3.943975309416043 -1.180968891685522
-3.935275989450849 -1.1306599482223565
-3.9353454913413825 -1.164959131200974
-3.9267260985503025 -1.1540942481632183
-3.918180841109126 -1.179815160302655
-3.9094826795087733 -1.130077869889133
-3.913848556599162 -1.1632354843157266
-3.90092468005433 -1.1495105984824893
-3.9009385804324372 -1.1563704350782126
-3.892386372802207 -1.1786614289197874
-3.8836893695666967 -1.1294957915559094
-3.8794242702175827 -1.146071992448311
-3.8665976963194994 -1.1803659627851381
-3.857892584530094 -1.1271987540737542
-3.849313734508491 -1.1363417277735255
-3.840800911282897 -1.178068925302984
-3.8320911660341217 -1.1226151043930252
-3.8235146327422047 -1.1329013841920836
-3.8150099180705057 -1.178630153069047
-3.8041380848436965 -1.1168872798393774
-3.797721322800129 -1.13231930585886
-3.7892177664932713 -1.178619727785467
-3.780486012312494 -1.1123044989322796
-3.7718643027917293 -1.100296309795237
-3.771925696128368 -1.130593921426349
-3.763425614916038 -1.1786093025018871
-3.7546510012360974 -1.0911429108118857
-3.7460709928496536 -1.0997142314620134
-3.746132386186292 -1.1300118430931254
-3.7376346217036467 -1.1791705302679502
-3.7288484243752826 -1.0859876080815127
-3.7203402346090577 -1.1300014178095454
-3.71184131176157 -1.1785884519347267
-3.707351489633062 -1.0842639611962654
-3.694435721642127 -1.0745406467105336
-3.694550399761509 -1.1311342986252521
-3.686051476914021 -1.179721332750434
-3.668633144781313 -1.069385343980161
-3.6687582481842744 -1.1311238733416722
-3.6602593253367867 -1.1797109074668534
-3.651416368131154 -1.0585169858478786
-3.6429649382421987 -1.1305417950084486
-3.632053141428332 -1.049076891566074
-3.6344648570298687 -1.1785571760839863
-3.6171727866649643 -1.1305313697248682
-3.6083923811608125 -1.0402067127866494
-3.6086727054526344 -1.1785467508004063
-3.591381793452573 -1.1310925974909318
-3.58257474555705 -1.0276199204109095
-3.5828793955105586 -1.1779646724671824
-3.5655931169698664 -1.1327971313562825
-3.5567686936017093 -1.0207496585316058
-3.557089560663009 -1.1790975532828895
-3.539544966762498 -1.006451382101462
-3.539796331933263 -1.1305000938741278
-3.5309626416463686 -1.013879396652302
-3.531296250720933 -1.1785154749496655
-3.5223351403013927 -0.9990129422670411
-3.514005338720872 -1.1310613216401914
-3.5051507978668175 -1.0041508695247805
-3.5055029407788574 -1.177933396616442
-3.4965348801702625 -0.9950009456359556
-3.488212028778795 -1.130479243306968
-3.4797119475664653 -1.1784946243825056
-3.4707149278368154 -0.9812708471609286
-3.47933663735758 -0.9932790362979718
-3.4624198772015617 -1.1304688180233875
-3.453919795989232 -1.1784841990989252
-3.449217993094594 -0.9795472002756813
-3.436294116549763 -0.965822314442444
-3.4366190378880103 -1.1261709948674803
-3.440933367742919 -1.1338900485849328
-3.428125327682313 -1.1773304677160576
-3.410486906229581 -0.9583803995134972
-3.4151360035238962 -1.1313071845779558
-3.4023331761050794 -1.1773200424324776
-3.388975491926831 -0.9495110895077039
-3.385044580834702 -1.1310091952222907
-3.3765433412575296 -1.1784529232481848
-3.3631572771406466 -0.9366384706071422
-3.3592477957980993 -1.1287121577401364
-3.3507488729506116 -1.1772991918653172
-3.3394962272819173 -0.9276253785653068
-3.3334579609505503 -1.1298450385558436
-3.3249578797382195 -1.1778604196313813
-3.320128656710936 -0.9160415853473383
-3.3119621845731703 -1.1286930447202394
-3.2970166717874267 -1.17799203883658
-3.2921663086017725 -0.9057405363965414
-3.2904756751145294 -1.1321142752817843
-3.2818643908773444 -1.1252509635915342
-3.2819790689967254 -1.1818446155062527
-3.2642004853980824 -0.8937245282968134
-3.264186585019975 -0.8868646917010896
-3.260384831607756 -1.1321021124509405
-3.256186917419491 -1.1818341902226723
-3.238366632686528 -0.873134593226063
-3.2388774715819544 -1.1252335881189006
-3.2389666656748064 -1.1692508729414596
-3.238387483253688 -0.8834243481196482
-3.2108424939971822 -0.8669496199874265
-3.210947268097163 -1.1307959112957142
-3.213199998124101 -1.1818168147500392
-3.18890561228788 -0.8602524178155526
-3.189023765501788 -1.1307013018472245
-3.1916909005510367 -1.1740908108435335
-3.1673808767894442 -0.8448090977388583
-3.1615114421338335 -1.1303471897149528
-3.161598319497001 -1.1732211684382247
-3.143734016900032 -0.8427987555551566
-3.135719985575504 -1.130679756261159
-3.13580269282524 -1.1714957840057136
-3.126496389682713 -0.8216406425292895
-3.122225498509388 -0.8353585781734731
-3.1142171431725875 -1.1260406788227286
-3.110012857977691 -1.1726286648214208
-3.105013355318599 -0.8267768322397651
-3.1013320718499724 -1.1314661701525532
-3.092077315942924 -0.8070495893852703
-3.0842160729410874 -1.170331627339266
-3.0835025201982695 -0.8181933487587945
-3.075527178259473 -1.125167561322893
-3.066260838704004 -0.795034450059174
-3.0584216046341694 -1.169177895956399
-3.0461776882517313 -0.783879107037228
-3.0497431352361355 -1.1291587073868185
-3.0490643334385847 -0.7941700202956554
-3.032628294692093 -1.1685958176231745
-3.02323569336882 -0.7761525239483007
-3.01965634600631 -1.1311473302297272
-3.0068367222972805 -1.1688712188644168
-2.9974140034881094 -0.7615649458988083
-3.0017300708902814 -0.7701414791907262
-2.9809478472557193 -1.121127763935594
-2.985270285664525 -1.1328483890005516
-2.985334574913269 -1.1645751332557725
-2.971595788701925 -0.7486923269982471
-2.971607951532768 -0.754694684019505
-2.9638492238194693 -1.168568016866961
-2.952229086904576 -0.7375372735675107
-2.953019670909402 -1.127690479949284
-2.9380501220531823 -1.1651276732855195
-2.931431225344644 -0.7272391205288196
-2.9371801900566634 -0.7358162330031586
-2.929375127749675 -1.1268234438648698
-2.9113515499868985 -0.7177987366558043
-2.912257970475948 -1.1651172480019391
-2.9035679174294912 -1.1193815289359225
-2.903592243091179 -1.131386242978439
-2.885525226646819 -0.7009245464077372
-2.8864611854393462 -1.162820210519785
-2.8855402853897676 -0.7083560360531045
-2.8777734491225732 -1.1182277975530554
-2.8863951586433387 -1.1302359866900981
-2.85970469513095 -0.6869086214078883
-2.868328142198979 -0.6997742901193964
-2.860669033862112 -1.162809785236205
-2.8360410389513246 -0.6766093100043544
-2.8347969551107637 -1.1233552995272144
-2.834871090460667 -1.1599410947044062
-2.808995536614792 -1.1187716498464854
-2.809076622153749 -1.158787363321539
-2.7994482935850797 -0.6500126740441876
-2.8080873785784792 -0.6705956589258848
-2.799462193963187 -0.6568725106399109
-2.7800763791459415 -0.6362851818900557
-2.7832057017672422 -1.1199045306621922
-2.7832925791304106 -1.1627785093854641
-2.773654983643004 -0.6494305957109641
-2.774678978163541 -1.1547718915959268
-2.7564277817092657 -0.6334173601318886
-2.7574158669196933 -1.1210374114778998
-2.747813601559975 -0.6251249158175296
-2.7488856682214644 -1.1541898132627028
-2.7284425558944685 -0.6118261634506303
-2.73161908188309 -1.118740373995745
-2.7306101461055023 -0.6208305677561492
-2.7230911999145464 -1.1530360818798353
-2.7090906232488576 -0.6079596864028509
-2.7058269303058564 -1.1187299487121647
-2.696174276075501 -0.5979505453922977
-2.697295573242786 -1.1513106974473246
-2.6789615537022904 -0.5890829729337679
-2.68003362036378 -1.1181478703789411
-2.6715034216655517 -1.1513002721637442
-2.6595913768104147 -0.5762129603541013
-2.654239152056862 -1.1169941389960735
-2.6457066366289492 -1.14900323468159
-2.63592192880658 -0.5630553837023491
-2.6445390048679753 -0.572776960640818
-2.619843824796339 -1.114121973369749
-2.6199098515923467 -1.1467061971994356
-2.610097343013763 -0.5470386730287478
-2.5940458813948943 -1.1112532828379502
-2.5941188583799555 -1.1472674249654988
-2.581405804236411 -0.5304491509406606
-2.5928991002010804 -0.5453167636907634
-2.5770121263898096 -1.1907061065493607
-2.577027185132758 -1.198137596194728
-2.56825372981766 -1.1112428575543702
-2.5683162815191407 -1.1421121222351262
-2.5683962086932546 -1.1815561826605358
-2.5584557007996036 -0.5187209965042281
-2.567072197678579 -0.528156746917875
-2.5483066872343505 -1.1672567478655497
-2.5490772894456492 -1.1939818175275995
-2.542455786416215 -1.108374167022572
-2.542522971577065 -1.1415300439019027
-2.536950078321066 -0.5127099517466533
-2.5240319936004462 -0.5018433311616346
-2.525351371155754 -1.152956154705721
-2.533971922311676 -1.1643926907931205
-2.525428981600184 -1.1912569090318443
-2.5166578430147694 -1.1055054764907736
-2.508244639165607 -1.1963948362895833
-2.5025257919394867 -0.49554645987923784
-2.499517228852989 -1.1322233063725602
-2.503839377670583 -1.1438010181751068
-2.4996362508405285 -1.1909606572234421
-2.4896053904891833 -0.48353653319493173
-2.490861057978167 -1.103208439008619
-2.4824478541290053 -1.1940977988074286
-2.4779968372227117 -1.1189236852320287
-2.4737311586911765 -1.1352140595996085
-2.4637819630612094 -0.46809147557097374
-2.472403672581974 -0.4800996647080167
-2.465066010488828 -1.10176888110093
-2.4566502003187702 -1.1913720215380412
-2.4465721366001034 -0.4606530357365535
-2.447845179561721 -1.0888997372948952
-2.4478776137773037 -1.1049060226849165
-2.4479378487491 -1.134631981266385
-2.4293507264905765 -0.4474980654056966
-2.4284663149335284 -1.0717423268429013
-2.430853125690957 -1.1889320707934756
-2.4263395570831836 -1.0828886925373206
-2.422079670375859 -1.1020373321531187
-2.422143380442182 -1.1334782498835178
-2.412135108205261 -0.437201360323058
-2.4047957085648512 -1.058013097141506
-2.4134208931801426 -1.0717362454274794
-2.405058078201618 -1.1874925128857867
-2.39628520206894 -1.1008836007702507
-2.4006429706054337 -1.130039643849339
-2.390634698368512 -0.43376275428887933
-2.387570533769586 -1.0430002543993077
-2.3777177720127342 -0.42346778675350416
-2.3792641890771202 -1.186624608027741
-2.3669501916217266 -0.41317368799176046
-2.3703447797919006 -1.0277015851322868
-2.3704884170323383 -1.0985865632880964
-2.3683975684921012 -1.1274541735214678
-2.3534674040405177 -1.1843275705455862
-2.3445210627727153 -1.0121136142459186
-2.353141903519849 -1.0236930635957282
-2.344692790360577 -1.0968611788555857
-2.34904997971465 -1.1257313954098517
-2.334670038563127 -0.39343862617458036
-2.338994793701617 -0.40630255733882503
-2.327304575713768 -1.0013881693760466
-2.327546673965795 -1.1208636567515644
-2.3276764108281256 -1.1848887983116498
-2.3188902134997633 -1.0917058761252127
-2.308850665412101 -0.37999435422437533
-2.3100715819558184 -0.9825166685487543
-2.314398074641571 -0.9962380792874639
-2.30887614943863 -0.3925707213165348
-2.301754811979772 -1.1209961447303948
-2.3018819425212076 -1.1837350669287827
-2.2928594387650296 -0.9739349226150462
-2.29309806192253 -1.0916954508416327
-2.2873444637511424 -0.37369748294197835
-2.2756368702906586 -0.9602082992345455
-2.275957737351958 -1.1185561939858292
-2.2760863158494464 -1.1820096824962711
-2.267300118521084 -1.0888267603098345
-2.259379509321083 -0.36211021462948345
-2.258416618545974 -0.9476249819533329
-2.2498047551263687 -0.9404758437382605
-2.250162110680198 -1.1168308095533181
-2.2502930059073707 -1.1814276041630476
-2.2400020926489432 -0.3456673704895443
-2.2390354371880967 -0.9293242654020515
-2.241509125308693 -1.0893879880758976
-2.2243618505490685 -1.1128188129222331
-2.224495062505926 -1.1785589136312497
-2.222787632728469 -0.33594231845654887
-2.222805008201102 -0.34451711420120334
-2.215362514089734 -0.914451729601369
-2.2239795901511305 -0.9241733065398374
-2.215710023542405 -1.0859476444944558
-2.204593775333885 -0.9035859777899817
-2.1969781056786024 -0.32735709742831464
-2.1965524065990802 -1.177975966524394
-2.189912080140961 -1.083078953962658
-2.189963048194019 -1.108231688146977
-2.1797555372042323 -0.3136304740478142
-2.1809223001915754 -0.8894280083013537
-2.189537928296918 -0.8984350189277677
-2.1750572094041223 -1.1771097992136121
-2.163691333572099 -0.8715569003109367
-2.1641164534692 -1.0813535695301468
-2.168458004897901 -1.1025064699142241
-2.155670352058518 -0.3074468908469885
-2.147107024125802 -1.1728111072840732
-2.155718308362986 -1.179674418974323
-2.136733866963575 -0.2964635070858721
-2.135702632662775 -0.8482507444807477
-2.1421723898978753 -0.8589718454824606
-2.146491932394574 -0.8692633379233092
-2.138317351702913 -1.077913225948705
-2.138369478120813 -1.103637613182668
-2.119520565407944 -0.28731010810252066
-2.121313714183726 -1.1722290289508492
-2.1098696487248522 -0.82808954919723
-2.1163402747335844 -0.8392393899861752
-2.12065807968302 -0.8486734028525584
-2.1125217250311516 -1.0761878415161942
-2.112570376354526 -1.100197269601226
-2.093708721628392 -0.27758158097499885
-2.0955192458768072 -1.1710752975679816
-2.0879296394304756 -0.8198488837913185
-2.08672030653518 -1.0716041918354644
-2.0867782247772926 -1.1001868443176456
-2.0807883201780877 -0.26557165429069274
-2.077570382646356 -0.7989222120609296
-2.0775894956662526 -0.8083544873800494
-2.0697224608402047 -1.1687782600858274
-2.063576176987299 -0.2569899083569849
-2.060922363133736 -1.0687355013036665
-2.0609715936395307 -1.0930307559135206
-2.065496166713306 -1.2045048381412904
-2.051753905407434 -0.7869070727348333
-2.051771280880068 -0.7954818684794878
-2.043924517438759 -1.1659095695540287
-2.043983594045714 -1.1950638750858535
-2.036329119168217 -0.24611749594775478
-2.0420792422450766 -0.25526626147173736
-2.0351302115565017 -1.0687250760200861
-2.0351765461501907 -1.0915911980058312
-2.023767231636584 -0.7646013097415205
-2.0316806010563217 -0.7806107806348581
-2.026766238213134 -1.1839096904287498
-2.0246559870617897 -1.2032021120805904
-2.016247706263207 -0.23581963250027393
-2.018131497087894 -1.165470404483216
-2.0093774443839036 -1.0881508544243894
-1.997941197887715 -0.7478700327558643
-2.008711384599618 -0.759450350879306
-2.000725617377241 -1.061279685996612
-2.0009653988995834 -1.1796118672728421
-2.005300579321653 -1.1976206758838798
-1.9947449796967742 -0.23123772036680812
-2.0009410732378967 -1.1676071532303262
-1.9818257366113121 -0.2197994467321458
-1.979998995255106 -0.7325710738976332
-1.983584134441827 -1.0875687760911654
-1.9815743714405478 -1.1564520997995904
-1.9817863522066767 -0.20036324304426256
-1.9785892652421042 -0.7440035557080848
-1.975203364808248 -1.1944644212799964
-1.9663268150221906 -1.0566925612213562
-1.9603189557679323 -0.21321674892492726
-1.954892595664476 -0.7174121323897082
-1.9613632216732082 -0.7285619731786534
-1.9577780824864872 -1.0806985142118617
-1.9474002918648913 -0.2020643018150865
-1.9492965351116327 -1.137860344081698
-1.9536432991821248 -1.1615856831891713
-1.9493845708396424 -1.181305975854613
-1.9494077381364878 -1.1927390368474857
-1.9380939887223647 -0.7007702522107511
-1.940533505080115 -1.0561104828881327
-1.9298354265796415 -1.0801155671050064
-1.9321411517981124 -1.1572895975805275
-1.923375225854489 -1.0741106037628533
-1.9263377439385092 -1.121844791772938
-1.9320959755692648 -1.134995128644426
-1.9235489805808248 -1.1598585612093967
-1.921436991882218 -1.178293503286772
-1.9129803493514705 -0.18704450888383461
-1.9130003311449996 -0.19690552399018712
-1.9139884163554272 -0.6845255753361978
-1.9183068004872838 -0.6942454147274024
-1.9147320865841433 -1.0515268332074037
-1.9053655484698204 -0.6719457331495111
-1.91055038950367 -1.1092620536741464
-1.895758070468312 -0.17346079876574527
-1.8975824950948343 -1.0738143519544516
-1.9019755937590154 -1.1204058130476701
-1.8977435078079052 -1.1532741258549152
-1.8957847128596832 -0.18660881890754854
-1.8889306680881716 -1.0469431835266747
-1.8890430294778681 -1.102393529342106
-1.8891982503667286 -1.1789950379943514
-1.8824252911341723 -0.6650766296350496
-1.8881742558461915 -0.6736537421093887
-1.889063880045029 -1.1126832842356913
-1.8742599773612473 -0.17116549883085375
-1.8717909227000211 -1.0740897531956934
-1.871815827544129 -1.0863802937630315
-1.8719490395009863 -1.1521203944720481
-1.8601615188663904 -0.6384857854990942
-1.8666338824223851 -0.6504931058625052
-1.8631304079570414 -1.0429311868955888
-1.8631790592804158 -1.066940614980621
-1.871837836476132 -1.0972417017062603
-1.86123879816967 -1.1701231216676635
-1.8527398753221815 -0.15800879095273368
-1.85032005116675 -1.085228299927427
-1.8461499377346992 -1.1486800508906058
-1.8364909124977124 -0.6247565557976988
-1.8451074093766868 -0.634192306211345
-1.837330147825912 -1.0389191902645038
-1.8373706905953906 -1.0589270470020306
-1.8373996497164464 -1.0732183732431213
-1.84619163886902 -1.1692595606777762
-1.8312226691952213 -0.14628121569872254
-1.8355404741446568 -0.15571522856510578
-1.8289847083200214 -1.1632502534674651
-1.8192761629860268 -0.6148885905022927
-1.8203566277926226 -1.1480979725573823
-1.8097118340748927 -0.1376977322177515
-1.8106495304146825 -0.6004508759042644
-1.8093851751893828 -1.037192937058361
-1.8158818644070642 -1.061204971464288
-1.820201406903763 -1.0714964639051365
-1.8031896608306814 -1.1618106955597757
-1.7977297081468002 -0.58872677574478
-1.7945586843911787 -1.145229282025584
-1.7882079491436178 -0.1325441670346421
-1.7934501292371578 -0.5981573135166369
-1.785723835739442 -1.0280369317541147
-1.7857840707112382 -1.0577628903355831
-1.7762136603846823 -0.5775708535404129
-1.781683459169722 -1.155513824277379
-1.764525179944096 -0.11281258031198882
-1.7709923308583022 -0.12224746195200353
-1.7771519359068932 -1.0406098237517473
-1.7621308398151942 -1.0526084563788418
-1.7601598820361283 -1.1406421572503278
-1.747516329783119 -0.5581230662041074
-1.7590119424774721 -0.5741339850534974
-1.751292599168809 -1.0074435215888375
-1.7513319835734453 -1.0268797252767207
-1.7515839279266316 -1.1512142635742084
-1.7408742657777356 -0.10880145245453487
-1.7417737360777323 -0.5526900455028085
-1.7340723474241244 -0.994860204307624
-1.7343538300807877 -1.1337718953710245
-1.7245586969748378 -0.5426791669449915
-1.7341024649100225 -1.0097231835983582
-1.7255340401720005 -1.024011034744922
-1.7255763204887424 -1.0448763710569142
-1.7257854053427657 -1.1480597465175883
-1.7179154746046121 -0.09278590014577559
-1.7159416209134415 -0.5329575900065235
-1.7073257032168882 -0.5238076661176987
-1.7125620914862178 -0.9865625473514747
-1.7125898922424314 -1.0002822205429218
-1.7056947255190184 -1.1331886586729587
-1.6978317449699185 -0.08134473059900737
-1.6975800902079436 -1.0178544704040415
-1.6997789562697178 -1.0422935070499381
-1.6999770366577404 -1.1400461785389974
-1.6978572289964475 -0.0939210976911673
-1.6901147183909408 -0.5157975732336342
-1.691049518818625 -0.9771215842960383
-1.68149532559986 -0.504932690195879
-1.6827475179943176 -1.1228896368606353
-1.6763290184034858 -0.07676281846554178
-1.6739288864503727 -1.013700429284177
-1.6757014163319636 -1.0398828339767598
-1.674180251621138 -1.1377491410568432
-1.6642843407739134 -0.49692259731181476
-1.665234199944547 -0.9656780980195856
-1.6548077579995776 -0.06303445753777792
-1.6599595856354243 -0.48405866614756987
-1.6569426244038192 -1.1165910280309752
-1.648130943048927 -1.0108317387523786
-1.6481755400953535 -1.032840381163658
-1.6483799914900077 -1.1337371444257573
-1.6384435378733046 -0.4729027439432023
-1.6480243734834418 -0.9582396581851651
-1.6333073481628286 -0.05959585150359947
-1.6307832711715963 -0.9353665860103668
-1.63940961415173 -0.9496613873459843
-1.6311371516308996 -1.1100065926764937
-1.620390421807052 -0.049300883968224296
-1.620603792610991 -1.0031604675846683
-1.6223735424169607 -1.0279709049581071
-1.622583206453406 -1.1314401069436026
-1.6169344403002403 -0.4651767400366966
-1.613967288756852 -1.1222901830547782
-1.6040123013026725 -0.45230933377792515
-1.6049772192162557 -0.9284963241310631
-1.6135931369128098 -0.9376462480198879
-1.5988865368757778 -0.04414731878511491
-1.5925317473512681 -0.4437299045739018
-1.6006553599898723 -0.9170615255909278
-1.5965199975030888 -0.9976628680434152
-1.5965732822858314 -1.0239589083270217
-1.596736611728586 -1.1045619883267725
-1.5859696105199994 -0.03385235124973973
-1.5881786122741452 -1.123994716920129
-1.582451077311708 -0.4188589426374565
-1.5738849693033696 -0.43429009988330746
-1.57915842524765 -0.9153378787056796
-1.5685645995829791 -0.9907917373904793
-1.5793356550685118 -1.0028007953011541
-1.570773022154702 -1.0199469116959358
-1.5709372203710891 -1.1009787314829193
-1.560148499821711 -0.019550599725068673
-1.568771367707317 -0.0321304419117554
-1.5647947012039207 -0.8981824953921598
-1.562374877048489 -1.1182677611401128
-1.5666897860858188 -1.1262726413823862
-1.5523393832377738 -0.4085570249130277
-1.5566589257344727 -0.4188485173538763
-1.5480146280992848 -0.3956930937487828
-1.5447121299340693 -0.8873129788950356
-1.5449096311396708 -0.9847798238592731
-1.5449704452938881 -1.0147916089655633
-1.5451453583850654 -1.1011112194617502
-1.5343447645960548 -0.013823643945052532
-1.534377488402848 -1.0906742074375956
-1.536580408741571 -1.1171140297572452
-1.5308424484955516 -0.4068333780277802
-1.5253439801806667 -0.8754433591522448
-1.5171175626623156 0.0021895916340224364
-1.5178948254714566 -0.3813896046768488
-1.5265211684515911 -0.395684406012466
-1.5275150454862291 -0.8861627226066944
-1.5191113981470163 -0.9817682200650639
-1.5191736602572856 -1.012494571483409
-1.5085306040868182 -0.002951810718243575
-1.5128814224342583 -1.089379300339581
-1.5086339881489863 -1.114673210239048
-1.5049790574805204 -0.3716662901911172
-1.5016672923965668 -0.8587129509402207
-1.505985097346004 -0.8681469638066039
-1.4913057188827636 0.011918118761544027
-1.4933096900598315 -0.977041657121924
-1.4933687666667854 -1.0061959626537484
-1.4863235916963066 -0.3579390876281956
-1.48922645399095 -1.0833673868083744
-1.484981626026574 -1.1099475160695393
-1.4827280272260026 0.0022034920121292156
-1.4758496567928034 -0.8461261585644813
-1.4844655744893575 -0.8552760824533052
-1.4698093633229643 0.013355939121969751
-1.470542608268099 -0.3485004413024435
-1.467504796469333 -0.9707430482922639
-1.4654133687466757 -0.9993248320008135
-1.4677190939651474 -1.076498862476334
-1.4576239443650571 -0.33734799419260275
-1.4586375136020155 -0.8375444126307732
-1.4570305719746237 -1.1052200843527677
-1.44829099883116 0.02565516742562446
-1.4500146457164078 -0.8249645704440864
-1.4404022446643196 -0.3240501105993352
-1.4416964277843096 -0.9627294803136734
-1.450312345480862 -0.9718794042024978
-1.4417728798638958 -1.0004585815901527
-1.441922308928545 -1.0742018249941798
-1.4355327684587688 -1.1030676976802877
-1.422466413038343 0.041671878099226234
-1.4310846474645817 0.03137864811111424
-1.42318459924053 -0.31275301267982036
-1.428493964494919 -0.8115220360411446
-1.43281871963341 -0.8243859672053897
-1.4245537864840542 -0.9884469173585828
-1.4247191430652836 -1.0700503901952098
-1.4176228262870172 -0.9622624276092837
-1.405953922212266 -0.29502481795181445
-1.406969808178907 -0.796364542489272
-1.4075802664507648 -1.0976256996514608
-1.3966568859884773 0.05025709912746068
-1.4052751204147142 0.039963869139348684
-1.4059770895091095 -0.306457878944687
-1.4069952922054351 -0.8089409095814315
-1.3965430766427253 -0.9542793535851646
-1.3987532367617134 -0.9842920074650865
-1.398910832298501 -1.0620654048691011
-1.3887394622917916 -0.28529976591881967
-1.3794482178922127 0.057123885912237604
-1.3887614712237947 -0.29616117386204843
-1.3811597019466166 -0.7874934949362158
-1.3897796739201204 -0.7986442044987931
-1.379626316486707 -1.0914691353105803
-1.3903912905568205 -1.100477014710626
-1.37946211827032 0.05026404931651407
-1.3743884802613255 -0.27443256615137934
-1.372890714520313 -0.949553659415656
-1.3815019987574981 -0.9564169711059061
-1.3729474743975824 -0.9775646588481932
-1.377262383434914 -0.9855695390904675
-1.3748277322095017 -1.0569107971576337
-1.3665278164419092 0.06913381259654372
-1.3668127741930984 -0.7786270808425282
-1.3543024338969473 -0.261848090505324
-1.3559739543642948 -1.0867434411410725
-1.3645887136960048 -1.0953217119802534
-1.3450169813215815 0.07771729607751476
-1.345680724376182 -0.24983990136828127
-1.3467302029232488 -0.767757564345404
-1.3492418274924276 -0.9465429243950785
-1.3514528563850465 -0.9769843180622335
-1.355911402662814 -1.0558741764603165
-1.3386905717357073 -1.0430050326542816
-1.3284535224424445 -0.2338266657892063
-1.3323780625279404 -0.7563187115283199
-1.3299443379944016 -0.9695441406805492
-1.33017601096285 -1.0838747506092738
-1.3235113588430422 0.08372834083508973
-1.3278291637924777 0.0742943279687065
-1.3284824815634994 -0.24811799203029694
-1.321279768974474 -0.9363847887066925
-1.3105780995429903 -0.7464774755016486
-1.31288625732763 -1.0369922503494437
-1.2998529153052072 0.09145521351522712
-1.3026335701089966 -0.22009656731417926
-1.306959483612328 -0.23353215152806772
-1.3062940030104641 -0.9658188393479172
-1.3043745924668783 -1.0792911009285448
-1.2954795088433464 -0.9323727920756071
-1.2853913094323097 -0.1966518420897374
-1.2854179518236801 -0.20979986223154068
-1.2940512449928682 -0.22752458186501978
-1.2864720638301161 -0.7300041374072375
-1.2950902982563548 -0.7402973673953495
-1.2870813637371316 -1.0306936415197831
-1.295698439798528 -1.0404152184582515
-1.2761840464837934 0.1043269636421571
-1.2848040184572955 0.09317625407957952
-1.2804940324705445 -0.9619497559792431
-1.2764229592325051 -1.0742778426869514
-1.2739617235339633 -0.9203593902967742
-1.2696850405364266 -0.9312190606927395
-1.2595817823824404 -0.18806662106150274
-1.2639030624264044 -0.1992155930768169
-1.2623701982306734 -0.7155887502915437
-1.2612811036060023 -1.0266816448886981
-1.2589805910293208 0.1086213117035375
-1.2542579375675231 -0.9549935723877663
-1.2527624885561952 -1.0655505771699378
-1.2613784062527493 -1.0747005010587622
-1.2417626560143197 0.12006132288546345
-1.2423670328707565 -0.17819865576609684
-1.2434272262926136 -0.701404109452423
-1.2438674049326632 -0.9186322683170001
-1.2524891144534287 -0.9306404574540423
-1.2354785267451884 -1.0215263421583251
-1.229440550005032 -0.16318755057116174
-1.2262011827237167 -0.6859625269229916
-1.2267363472808305 -0.9500662358583456
-1.2269703369789617 -1.0655401518863578
-1.2142345788845094 0.12818991649288835
-1.2245702050258486 0.1189249669752297
-1.226224350020562 -0.6973955879158644
-1.2180752533554297 -0.9186218430334196
-1.2079279773374391 -0.15374658751572534
-1.2165635872363118 -0.17261461324849137
-1.2095265208197254 -0.9426277960239251
-1.2096724747898477 -1.0146560802790214
-1.199313218005729 -0.14516831667654406
-1.2079453528100732 -0.1623213832603796
-1.2032644004825972 -0.6808083825574613
-1.201165443388465 -1.0592415430566977
-1.1918681754917077 0.1347157965045951
-1.1896185730498434 -0.6643678551472065
-1.2008770105427473 -0.9168999336954358
-1.1820894911665167 -0.13087004024640003
-1.1803171929578955 -0.670509360745138
-1.183657917162904 -0.9048882694638658
-1.183734369242492 -0.9426173707403451
-1.1817214207378956 -1.0099286485622498
-1.192481182166219 -1.016364089238899
-1.177083733337275 -1.0547729190048025
-1.1664735747283288 0.1506751681185059
-1.1648732936987791 -0.12028750863893966
-1.1638090459999741 -0.6557826341189721
-1.1665164342274927 -0.9311773595584192
-1.1562567968198056 -0.11085175822529325
-1.1648889316241497 -0.12800482480912856
-1.1578576570317764 -0.9008762728327808
-1.1665361264298095 -0.9408954614023608
-1.1559118936880281 -1.0013434275340154
-1.1623781758286018 -1.0103495693867976
-1.1474092061548031 -1.048072589247855
-1.1413833922454905 0.15783096693142085
-1.1433329202749735 -0.0971268723920562
-1.1401349645367684 -0.6403384452686456
-1.1487505926421128 -0.6493454558950595
-1.1407213867381518 -0.9297378016507298
-1.1390620291016482 -0.11084480803623964
-1.1320545009885396 -0.8954351435775856
-1.132255477288668 -0.9946169476907543
-1.119149737463605 0.16955883177664255
-1.1218070264116963 -0.08111189926571782
-1.1229213733899268 -0.6310421330228835
-1.1216066292939892 -1.0429172865174825
-1.1323689970432067 -1.0506389465558292
-1.11753555605595 -0.0945440083850797
-1.1143042973285304 -0.6213205560844155
-1.1149153347828111 -0.9228675397714265
-1.104596041585749 -0.07310180638165375
-1.106244394756251 -0.8865640960245293
-1.1064563755223808 -0.9911766041093124
-1.0954994024796676 0.17328413310927426
-1.104616892152908 -0.08339156127523894
-1.0970921541377425 -0.6127388101507074
-1.0979505024858387 -1.0363337199366322
-1.106562945087866 -1.043768684676526
-1.0847306637238176 0.18414988492066175
-1.0873757898410634 -0.060518489100440664
-1.0891098620098915 -0.916283104416945
-1.0977223046119188 -0.9237180691568383
-1.0787540803202997 -0.04851029996339773
-1.0873943236785397 -0.06966493789473871
-1.0777196605161822 -0.5987254914717537
-1.080445292989964 -0.8831237524430875
-1.0806468484725133 -0.982591383081078
-1.0798915945953755 -0.6098735947134359
-1.0704289121991461 -1.0314063834072111
-1.0807603682270521 -1.0386133819461533
-1.058919399126685 0.19359258552336156
-1.0615396203998255 -0.038785247930402944
-1.07018218048775 -0.06108319196103085
-1.0633101810611833 -0.912556934310681
-1.0615569958724595 -0.047360043675057195
-1.0583460085297797 -0.584140519743156
-1.0583685966442022 -0.5952877542112065
-1.0546357659400964 -0.874538531414853
-1.0569976718534164 -0.9794377347980896
-1.0443228437496667 -0.02791688979812057
-1.048495853093824 -1.0265956362991624
-1.0331055282086598 0.20432150548775962
-1.0438722398260367 0.19445614651324883
-1.0357022925937435 -0.01648035371072165
-1.0443448526816698 -0.038778297741349554
-1.039702126393987 -0.5761298476766707
-1.0375041291058408 -0.9056866724313772
-1.0288331890792825 -0.8693832286844805
-1.0307683533847225 -0.975825721547029
-1.0205432352493328 -1.021096472965371
-1.009446215897194 0.2124771179551297
-1.0098742317063997 0.0012513161118110627
-1.0185109999701147 -0.01818836267059898
-1.0110186961705292 -0.5635418969360886
-1.019633455502241 -0.5721201677752699
-1.0116998146977653 -0.8996738901265389
-1.0066956785793053 -0.5515354453463093
-1.0073350959722198 -0.8670879287495896
-1.0032353532043334 -0.9652676024786182
-0.9947378783128986 -1.014569202915854
-0.9814786551462404 0.22535060562932307
-0.9922462355372481 0.21505650686757938
-0.9840728132104282 0.005834965792540059
-0.9858254192167326 -0.8590760983182617
-0.9841777610651352 -0.8945178923772612
-0.980894839265753 -0.5472376221904021
-0.9774295908402042 -0.9585402538617254
-0.9860466669015988 -0.9682618308001938
-0.9668444529118485 0.0224198544212586
-0.9658181416616269 -0.5317969084346024
-0.9686202262149965 -0.8539242706824159
-0.9710829098695903 -1.0085572893846477
-0.9578207907908283 0.23279165178463845
-0.966829394168899 0.029851344066625707
-0.964395090452939 -0.8902225017875225
-0.9496160926132671 0.03900474304997714
-0.9493340307741818 -0.8824991042019119
-0.9494834598388309 -0.956242347605939
-0.9421431914247904 -0.5159239797970434
-0.9507675072664501 -0.5292183882957844
-0.9428176493541827 -0.8487689679520429
-0.9401580436764068 -0.9505220524237659
-0.9414104677438342 -1.0028859351170587
-0.932007788646434 0.24309183196180406
-0.932412057976375 0.04358491763617933
-0.9235297163661045 -0.8764863218970735
-0.9151877519547398 0.05816902059114515
-0.9206193246999863 -0.5009093995075817
-0.9249440798384771 -0.5137733306718264
-0.9170173892230515 -0.8447569713209575
-0.9172258948946546 -0.9476545202568098
-0.9194742810534375 -0.996531724774971
-0.9040483364493745 0.251963748288492
-0.9022743006934899 0.06674902897758983
-0.9019725466520878 -0.49146959481698715
-0.8998098794916327 -0.8384618375858241
-0.8998735895579557 -0.8699027553162233
-0.9000137517038649 -0.9390727743231018
-0.8893556367904498 0.07790147608743036
-0.8915136704915358 -0.9870881553986399
-0.9001353800122995 -0.9990963445356822
-0.8846920599356061 0.25797392427243504
-0.8818902649734461 -0.48074299158227385
-0.8721330683160797 0.09162809946793082
-0.8718550607539441 -0.831876533457711
-0.8740721710619841 -0.8653191056354943
-0.874207699748526 -0.9322025124437985
-0.882822459080236 -0.9407807832829793
-0.8631777497207516 0.268272366902337
-0.8646763842353948 -0.4713037660741004
-0.8657136999516162 -0.983219072029965
-0.846318328624422 0.10278575921956157
-0.8549452507869777 0.08820513135912233
-0.8474572908555515 -0.4592921018425309
-0.8482009610842667 -0.826293359713737
-0.8461080854055574 -0.8541605771102321
-0.8462549081493105 -0.9266176011525615
-0.8373693810357263 0.2762859348809277
-0.8399093855435407 -0.977206289725127
-0.8485232761016199 -0.9853558207770752
-0.8266058549216648 0.28457924796891887
-0.8302408037966042 -0.4485666569726596
-0.8247970682205139 0.11651412014732543
-0.8223957779025586 -0.8198518376216659
-0.8224508002325646 -0.8470053574797378
-0.8310644011994341 -0.8550119752692755
-0.8204471186467046 -0.918889859698792
-0.8312138302640832 -0.928755218673303
-0.8130286606058146 -0.43998491103895176
-0.8158268067187198 -0.9723089258859991
-0.8029508864783565 0.2905911615001253
-0.8015573735731483 0.12972868834931517
-0.8044104261795759 -0.42969168105083977
-0.7965879883999527 -0.8121240961678973
-0.79879727974531 -0.8417080102605865
-0.796797652436398 -0.9155932981533927
-0.7872000205360496 -0.4219674146915975
-0.7904501026921551 -0.965181593889082
-0.7754135424298099 0.303292979504699
-0.7857491685711473 0.2940280299870406
-0.7817667102435397 0.13796848498159453
-0.7688416753338672 0.15226502386447538
-0.7682617978938424 -0.4101265513560157
-0.7708488320142521 -0.838266797905513
-0.7688384898305518 -0.9068642950891161
-0.7621822358558514 -0.8041070530947796
-0.7624984694577819 -0.9601683356474886
-0.749601235304322 0.3132501678520785
-0.7599361664267548 0.30432821016420575
-0.753637557597095 -0.8301137917590375
-0.7430333066488419 0.16027859184306625
-0.7420012035744108 -0.39107990576457685
-0.7484770422249305 -0.4048021852769186
-0.745179756701507 -0.8989945091465674
-0.7537921993035326 -0.9064294738864611
-0.734410438763236 0.17285843402975254
-0.7363785006301953 -0.798380097314763
-0.7449897848673803 -0.8052434090050131
-0.7349703923279716 -0.9520397420400635
-0.7272334418737074 0.3204620315233575
-0.7278286097296487 -0.8218143972556253
-0.7171959788427618 0.18258348606274755
-0.7161786449200669 -0.37606358792785155
-0.724091724748595 -0.39193014555877825
-0.7172246483726052 -0.8922662917560433
-0.7236874554186539 -0.8995574744598944
-0.7082927866653339 0.33350336626319077
-0.7105767925430122 -0.7936535343716231
-0.7087315173493298 -0.9437115911294425
-0.7194930163249165 -0.951004511380557
-0.7040166828502166 0.3223578693424036
-0.7020202410446235 -0.813800829277034
-0.7106384754708621 -0.824094059265146
-0.6956642931552732 0.201456724437304
-0.6913957187116306 0.1865954826938332
-0.6925112240547051 -0.36390640411297603
-0.701130616845786 -0.3747712871507316
-0.691422940285424 -0.8875397288129034
-0.6867906392813214 0.3377994518718348
-0.6838918312636242 -0.35304152107522046
-0.684761763260143 -0.7823529613575817
-0.693381156051224 -0.7932178443953373
-0.6849627395602713 -0.8815347654707499
-0.6833555083416698 -0.9369272509623114
-0.693686964369574 -0.9441342495012537
-0.6740665806717772 -0.8077871781985644
-0.6635648450120612 0.3441541834781012
-0.6713119890769388 0.19803665224060118
-0.6645274461959598 -0.34302977374377197
-0.6569552152222613 0.21176211725625937
-0.6666993802751531 -0.3541778769854542
-0.6589591863993291 -0.7771976586272087
-0.6589846704258591 -0.7897740257193682
-0.657009079187425 -0.8755211143922799
-0.6571220197595444 -0.931257286732533
-0.6475388674197227 -0.798344188004654
-0.6547189918943257 -0.8060644000869483
-0.637751842867667 0.3544543636552664
-0.6480867739900997 0.3455324059673939
-0.6397430720314716 0.22034386318996701
-0.6408608941042306 -0.33130132971612935
-0.6451798574185084 -0.34130699563215616
-0.6353071138681283 -0.7726148777201114
-0.6312038960057169 -0.8690795923002093
-0.6334653137689727 -0.9243878936268615
-0.6236429590892296 -0.3198613185342034
-0.6228867785202166 -0.795247299598935
-0.6115053226810669 0.36655542469353563
-0.622280722034759 0.3524026678466974
-0.6139219613331832 0.23464561471463785
-0.6236638096563904 -0.3301510734277886
-0.6092919770587617 -0.3089941187667633
-0.6073493992183341 -0.7646004409678888
-0.6075509547008835 -0.8640680716058793
-0.60766331609058 -0.9195184174213107
-0.5967086597775513 0.24379901369798906
-0.5987925581287339 -0.7846048226108888
-0.6074107925549725 -0.7948980525990008
-0.5878503542377587 0.3725673382247421
-0.5964677198903665 0.36270284802386276
-0.5892125912922292 -0.2996966481561587
-0.5904523312646326 -0.9115083245372466
-0.5794965165867616 0.2523807596316969
-0.5815468223575202 -0.7594451382375158
-0.5817430493617959 -0.8562831648471454
-0.5698372017585633 -0.28425419685309583
-0.5729876645382337 -0.7783062137812291
-0.5620469086033122 0.37815138074234733
-0.5622823462574971 0.26196289840228104
-0.5720100046113874 -0.295831039882011
-0.5689519214278835 -0.9080697185030682
-0.5557407704021777 -0.7525748763582121
-0.5559369974064534 -0.8494129029678421
-0.5426793380323325 0.3897351739603159
-0.5461773102646745 -0.2758127578609042
-0.5547978614205977 -0.2872492939483031
-0.5450319770269143 -0.7712921698658823
-0.5474422446723981 -0.9000578880717402
-0.5448486657906297 0.37987329008033166
-0.5386143462097142 0.27440590874197834
-0.5289605336145176 -0.2649443997286216
-0.5277842141172275 -0.7451320926556335
-0.5301235319161233 -0.8388840615708195
-0.5190252383626568 0.39531834770428964
-0.5276365225998401 0.3884550360140395
-0.5181938219971425 -0.2550790407541108
-0.5213720855330273 -0.7628507308736905
-0.5199197276938303 -0.8946732291026047
-0.5106433103642338 0.28899435556510266
-0.5041263497618136 -0.7376910465003179
-0.5043232717849939 -0.8348720649397336
-0.493214552947947 0.4044752217821679
-0.4988158261425806 -0.2383503700893499
-0.49884362689879324 -0.25207004328079674
-0.4955683503073711 -0.7571237750936748
-0.4958368013595589 -0.8896043693485842
-0.48483320413194697 0.2978654031181587
-0.4849632305854854 -0.8270040165444492
-0.4751582513783763 -0.2310522371964452
-0.47832145617131516 -0.7313924376706578
-0.487127345701996 -0.8342934617010369
-0.478624658168771 -0.8810226234148761
-0.46568601247220087 0.4128324766094502
-0.47732757913667534 -0.2409141210764294
-0.4697530314332923 -0.7456802888172216
-0.47836315730563505 -0.7519719474578286
-0.46762511521810523 0.30444636337811403
-0.45959069667235397 -0.8219346355262489
-0.4504083385679447 0.3153147215103962
-0.45722647402934946 -0.22089815578500693
-0.4525154042159727 -0.7245221757913545
-0.4528151311189017 -0.8724374023866421
-0.46143249677150777 -0.882301892587521
-0.44159897394273706 0.41993070468970583
-0.4396410477681485 0.32546590700972877
-0.44610646113509133 -0.7438128598959317
-0.43428042486948825 -0.21117078702232717
-0.4353380119704511 -0.7330900213469553
-0.4355013414132056 -0.8136931013467061
-0.4441161007449175 -0.8222713721858874
-0.4235087902015344 -0.1988759025868312
-0.42670819389578973 -0.7170802608624072
-0.42701052711961473 -0.8662817068193929
-0.41578481343350226 0.4308025379165148
-0.4188556386302711 0.32961878976475134
-0.42702906095708925 -0.8754281556136905
-0.41169607513161743 -0.7335092046242397
-0.4075468122667285 -0.8072507104810038
-0.4183135238841036 -0.8171160694555148
-0.3987707506307352 0.3416316123611629
-0.40415946387681956 -0.1962956449007498
-0.4009021419404508 -0.7102099989831039
-0.3994910218896379 -0.8623833457793306
-0.3899845533023729 0.43481453454760044
-0.39124137915619883 -0.1854290243157306
-0.3837374917081924 -0.725066028084784
-0.3838869207728415 -0.7988092714888115
-0.39250052173971106 -0.8068158892783492
-0.372769803790689 0.44468249984300634
-0.37295890685118316 0.35136013948868494
-0.3740199690466728 -0.17227405398487394
-0.3750937732554256 -0.702196431004513
-0.373249366835374 -0.852683227549565
-0.37404776980288545 -0.185993727176321
-0.36652303178771816 -0.7153409760517897
-0.35808839818897553 -0.7956547544321915
-0.35268983884173366 0.4542657969784327
-0.34714127124742155 0.3639469318644244
-0.3557652974978698 0.35079543662809453
-0.3482156546385955 -0.16626127168003601
-0.35252998449350414 -0.1739803253974881
-0.34714445675073513 -0.6983264788622063
-0.34958889615906585 -0.843955962032551
-0.3407285634807984 -0.7141872446689221
-0.3408745174509207 -0.7862155289240185
-0.32813018745663846 -0.15396262255880244
-0.32546073567770506 0.45627758711818633
-0.325625802667723 0.37481702754397017
-0.32348514443926923 -0.6901708663948363
-0.3235112076482203 -0.703033060011818
-0.32378284420372516 -0.8370857001532477
-0.32242176551409684 -0.16539336682199024
-0.31506846549558 -0.7793452670447147
-0.32367974973276503 -0.7862085787349649
-0.303951638104639 0.46400359102469224
-0.30411728427707807 0.38225720492565407
-0.30517950483740996 -0.1419486415975484
-0.30520383049909583 -0.15395335564006451
-0.29656011204632904 -0.13108375855979282
-0.297676775754244 -0.6821572984162454
-0.29771558097646 -0.7013076755793068
-0.2979773714308056 -0.8305012647987657
-0.2867406532786916 0.4720136839087561
-0.2847517408445732 0.39284060530674614
-0.2875408517117073 -0.7714453346571475
-0.2879974791325175 -0.14822987495457496
-0.2804993835087224 -0.6907251439718463
-0.2707517433613038 -0.12307019058120216
-0.275068389945897 -0.13193255039794138
-0.2697306447528742 -0.679859392160459
-0.2750400100072632 -0.8250612939084136
-0.2592167462623145 0.47808432653746435
-0.2697045815439232 0.3937041662966332
-0.26345114894311017 -0.7630323045627112
-0.2720676458220854 -0.7724680549763578
-0.25248664652892216 0.40514417747855935
-0.25353033325177776 -0.10991522025034506
-0.2492571253487661 -0.12248984979524158
-0.24606583020840667 -0.668988427707282
-0.2460947893294616 -0.6832797539483726
-0.24420781300145755 -0.8127583009190216
-0.2506784390101906 -0.8239081417079672
-0.23513086609769473 0.4846109015680763
-0.23548880083394508 -0.7527312556119143
-0.24195942684267813 -0.76388109640086
-0.22495370426677574 0.41567371389448726
-0.22556914350745494 -0.10018582434919176
-0.232039769516188 -0.11133566513813742
-0.22026093661790647 -0.6626898188776222
-0.22028642064443637 -0.6752661859697817
-0.22055284455815105 -0.8067463873878153
-0.21147155378622884 0.49276651403544635
-0.2118338323906368 -0.7467193420807081
-0.21615337488733743 -0.7570108345215567
-0.20301056738732548 0.4254578425344364
-0.20191243751688326 -0.09331643124351996
-0.19114572589950818 -0.08345107226900916
-0.1944502512031967 -0.6535329447997438
-0.19447689359456888 -0.6666809649415468
-0.19905243472140377 -0.8033077813536364
-0.183512970362802 0.5012096905749015
-0.18603588898919376 -0.7438506515489094
-0.1750499568254238 0.43490141191076814
-0.17455417667294704 -0.7346995692952427
-0.1753913848626727 -0.794294689311801
-0.1674890199089365 -0.07658167916333713
-0.1761202859396498 -0.09330600595993976
-0.16864651597754232 -0.6478059890197272
-0.1686627330853323 -0.6558091317147381
-0.15770691840746132 0.5080799524542052
-0.14708152730083945 0.448203639372194
-0.15162550298572164 -0.7335469962772174
-0.1560255518389546 -0.7835683756682978
-0.16034683188291865 -0.7947173476836118
-0.14453862688091767 -0.06471061146449397
-0.14457268280728286 -0.6472246057054092
-0.14301190201885205 -0.7255403784876806
-0.13189970808727835 0.5155218673831524
-0.13452224609010166 -0.7787006370100105
-0.12170030565138745 0.4575604182627211
-0.13203523677382023 0.44863846057484835
-0.1244560556110681 -0.05384109496736955
-0.12563874611499237 -0.6374988586535084
-0.12448038127275573 -0.06584580900988568
-0.1170523667219161 -0.6429260875305964
-0.1154868366376327 -0.7188980828093288
-0.12582176776006548 -0.7278200404972013
-0.10609018103741086 0.5241070884113869
-0.10657321917662443 -0.7749735981301147
-0.10621875953489912 0.4606535999009447
-0.09865232038541194 -0.04811413918735297
-0.08900429961442491 0.4703786519339397
-0.09003524432401555 -0.03839256224888499
-0.09295988387769505 -0.6331410901170156
-0.09312599339607175 -0.715116137435911
-0.08028412908207016 0.5309773502906906
-0.08291014217942027 -0.7649601132514034
-0.07230600706765067 -0.6231859868263527
-0.07419055082948667 -0.704647241419474
-0.06319477256455741 0.47896387296217413
-0.06423614255772847 -0.034952218667442914
-0.052323518520170253 0.5404209196670221
-0.05710756531860639 -0.7598048105210304
-0.048204373141178536 -0.6088849303205872
-0.04822754043802213 -0.6203179913134595
-0.04666606463068845 -0.6982907722659444
-0.037380612055322615 0.4898357061889832
-0.0459988464815595 0.4795424762008713
-0.03841358390338634 -0.019935900830717612
-0.04703442465051921 -0.03151535018052787
-0.037743759433363166 -0.7500788897144035
-0.030823108683421196 0.5438595257012007
-0.02241917175299868 -0.6123044233348691
-0.031035089449551023 -0.6214543472236931
-0.02041867567045408 -0.6857609714404427
-0.026889301679187127 -0.6969108122293883
-0.009426951682474538 0.49584935726745316
-0.010455579662380643 -0.011778550816084365
-0.02122142250612491 -0.021215170003362482
-0.014099795456056441 -0.7494976801548117
-0.005731767835740698 0.5515869775637591
0.003397884668345341 -0.6000034574839506
0.003378771648447909 -0.6094357328030704
0.0032339760431678854 -0.6808923640085236
-0.005381941653386235 -0.690042287897348
0.004836226292949775 -0.7387429576135529
0.009944962756664566 0.5095768494215852
0.008914597229495058 0.0010914617635822132
0.013184330037978142 -0.013198126930245024
0.022959191759190034 0.5678906731270247
0.018637911715225996 0.5567417011117107
0.02920741171821284 -0.5914182364557161
0.029181348509261795 -0.6042804300726978
0.029040027998508577 -0.6740221021292199
0.04219383996452386 0.5138772788983874
0.031429734668043 0.5052981392855746
0.03902629130342916 0.011393379488011001
0.030397631593610086 -0.004044727946893589
0.04875655597821371 0.5704735371340012
0.05500651348449992 -0.5879778928742747
0.05486229706164103 -0.6591486975549057
0.05483912976479566 -0.6705817585477785
0.05474066875320638 -0.7191722677674861
0.046118959232440915 -0.7311804569045284
0.06584533331330355 0.518174233280663
0.06771898844562152 0.028554554625741968
0.06482539306971446 0.014833723069452853
0.06362127281621 -0.5793996220350934
0.05498392537007568 -0.5991251273423253
0.07283548595377809 0.5735701938667514
0.08521203511065245 0.5293292867113988
0.08084094537847441 -0.5671021312787017
0.07649128539587835 -0.5922566030102849
0.08065908209824357 -0.656851660072751
0.07633490614217564 -0.6694297647121739
0.08053629542496665 -0.717446883334975
0.09165138526864425 0.5250444951599666
0.0906743045242191 0.042855147785570535
0.09064766213284692 0.02970712764376704
0.09865126817379455 0.5852423413630615
0.09801370416462696 -0.5779565890328777
0.10886700355396073 0.5353412002426053
0.10664468060413057 -0.5613751754986855
0.10646050059421519 -0.652268010392022
0.10634524329241124 -0.7091474888315623
0.11758196144452526 0.5933674598759598
0.11431768931910469 0.043150530820340816
0.12381859775512716 -0.5716579802032176
0.1304664535847202 0.5876561420213135
0.134673924282934 0.5426402019091416
0.13368439111645358 0.054305584251076455
0.1324530492891558 -0.5533616075200951
0.1279834985453867 -0.6376821698897925
0.12796091043096247 -0.6488294043578431
0.13215882461922845 -0.6985614821295754
0.14553098835800426 0.5970944987558552
0.14660131747223026 0.06460055178645185
0.14949027938876824 -0.6310994720825744
0.16047389482285368 0.5465092852778162
0.15948175533547726 0.05688844825805317
0.14965592556120732 -0.549353085983536
0.15535623894985306 -0.5647854015942293
0.15798225204720317 -0.6831164245056172
0.16918479843647027 0.602534759237418
0.16909212924909056 0.556802515265928
0.17026149855732875 0.0731849040410546
0.16670242257955792 -0.6225177261488664
0.15795097619646192 -0.6985510568459949
0.1754700860704439 -0.5384812527567273
0.17528648524294965 -0.6290882611252415
0.184038510808465 -0.5527691039032911
0.17542722657128173 -0.5596324155935413
0.18377440362443664 -0.6831059992220372
0.19786475356539768 0.6134077508290693
0.1949039730286426 0.5665310423934498
0.19488080573179722 0.5550979814005774
0.19607710702261727 0.08477130357991824
0.19466013722935038 -0.6145032893966438
0.18376050324632942 -0.6899658358177605
0.20128192984999593 -0.5287527256292053
0.20125181236409695 -0.5436157049199395
0.20109253719829034 -0.6222179992459378
0.20099002190975135 -0.6728092941393984
0.20123327852662065 -0.5527621537142375
0.22295261931855315 0.6194202435426968
0.22285357912454273 0.570543907798167
0.21208252363900648 0.5585348498874926
0.21973584015166203 0.09264108952246652
0.21831105139571072 -0.6104921615391905
0.22708682344049258 -0.5224541167995451
0.2270451223061727 -0.543033626586716
0.22679144040572296 -0.6682256444586694
0.21817783943885338 -0.6762322622482066
0.23910572745232805 0.10536818883972221
0.23853262644663076 -0.5310242790848305
0.23553246150524032 -0.5973371912083334
0.24660411266733462 0.6237171979249725
0.24650217656121853 0.5734117295563336
0.24411246989168411 -0.6059085118584606
0.2528975088552041 -0.5132972427216673
0.2528453824373038 -0.5390216299556305
0.252596565669192 -0.6618127050190805
0.2637189532113755 0.5842800876886158
0.26276417099016313 0.11309506151985937
0.26146130013385793 -0.5298717060668057
0.2613269298121583 -0.5961834598254658
0.2724119021699387 0.6314449393787415
0.2679985321210179 0.5748495499167594
0.27998239559637383 0.12467798596419643
0.278708773452335 -0.5038545421189673
0.2806913148798209 -0.5861717124940171
0.2762570942637428 -0.6530568568495847
0.2895134215182935 0.5854338190714832
0.2892930426070581 0.476676826376784
0.28726271862982955 -0.5252880563860762
0.30037164395820603 0.6404597689678403
0.2971945387871635 0.13325973189790408
0.2977714044785955 -0.6427584142196829
0.30673830672234814 0.6003037485512709
0.30224732622899886 0.505407604763166
0.30451887968462365 -0.49498349456591106
0.3043462833231292 -0.5801597989628109
0.3042090170893239 -0.6479006853455804
0.3153159983791074 0.590589121801856
0.31081343423733543 0.48997644751731495
0.3144092882988474 0.14312769719330998
0.3152233291917277 -0.515844487009745
0.32618551487623293 0.6511886889322384
0.32377785355164334 0.5237091900880787
0.32370777247868965 -0.5715771842554715
0.321422897827377 -0.638461459837407
0.3325420419480043 0.6060307043312872
0.32375121116027294 0.5105611699462754
0.3316211418984256 0.15156652986460672
0.3303219198913734 -0.48959953061568106
0.34111625851023674 0.5946011184329415
0.3410059242590133 0.5401511654543863
0.33239029615367066 0.5311441548279726
0.33887656008777256 -0.5106900530530041
0.34078959962472765 -0.6273064064066716
0.34810953873578754 0.6515405422530677
0.3496348735600421 0.5557321861517018
0.3488437103727957 0.16529315324510718
0.34521687005175394 -0.5638511803489659
0.33861766554553263 -0.6384545096483538
0.3583365102549241 0.6071844357141545
0.3561356170546741 -0.4789563586087293
0.3475208577229605 -0.4875346294479104
0.3670497305982252 0.6643532157730436
0.36978462999074324 0.5997575795281564
0.3690169236915519 0.5744616424902155
0.35820677339259354 0.5431592941540687
0.36469129977943204 -0.4995323933013731
0.3560765404477202 -0.5081106641405542
0.36673118026660844 -0.5535527377190637
0.36444543684166675 -0.6208657530882318
0.36702308820685303 0.6512051956312402
0.3755474950808697 0.6151945285982187
0.3711358625792123 0.5594566187107021
0.37464281213908457 0.16873349682654903
0.38541676353672294 0.1821716873613326
0.38366184080073573 -0.47174240988073435
0.37332690967830295 -0.48066436756860686
0.39284304054030094 0.6649352941062674
0.3842352313976427 0.6597869415649481
0.3927619550013439 0.6249195806312138
0.3927083806273899 0.5984806270851962
0.3883740689789512 0.5809005582613914
0.3904950350050882 -0.49380543752135697
0.3861812843325989 -0.5012386647139873
0.39211327068969304 -0.5437672190413043
0.3817783395672585 -0.5526891767291768
0.39025409511790165 -0.6127092718472304
0.3816393357861916 -0.6212875426864113
0.40133617156357637 0.613489994732868
0.40909258254719205 0.19847335578612424
0.4047678274087012 0.18560942462187935
0.4056001125478499 -0.4643592240492884
0.4186537259550107 0.6740921681841454
0.4185680069566846 0.6317898425105174
0.4099022795719147 0.5980588374870168
0.4141453699890256 -0.4900801361887246
0.41448453921483263 -0.5348403962210939
0.418222524642486 -0.5994070443858044
0.4117562425019141 -0.6084131862385866
0.42140252572563597 0.6163563685349818
0.4386447864023246 0.6398010937594236
0.4320339982476824 0.20591411235022927
0.43356419820427483 -0.453200695524026
0.44445775077187654 0.6799620372265727
0.4401025885562788 0.6520922135091828
0.4421106140102946 -0.4783499546138188
0.4334946963137405 -0.4874998785026432
0.43987323231751496 -0.521796455160366
0.44402249518240744 -0.5955379610171294
0.45211425278784745 0.21564032274806655
0.4533467529799875 -0.5903893188845999
0.46162211141292353 0.6649630948624811
0.4615699849950232 0.639238707628518
0.45295522566331136 0.6306604367893369
0.4550698206828141 -0.447189650766451
0.47241575501288224 0.6881193872412061
0.4702380291094794 0.6741130187513057
0.4616047359402895 0.6563882991178267
0.46646291808863083 0.2253642164162193
0.467903344769951 -0.4780537028054168
0.46783558042668005 -0.5114954062095687
0.4765815245767744 -0.4381774274982475
0.47629859396405827 -0.5778036848737023
0.4676687758893987 -0.5938134453582504
0.489089258552033 0.6430227380586513
0.4787543274296002 0.6341007803707788
0.4886948353232494 0.2362346016869754
0.4851230173322154 -0.4657562120490253
0.49778950520910214 0.6937890039615318
0.4917477058649631 0.6821248491826333
0.4958014036303702 -0.49947939810984065
0.5023907620354322 -0.42973511973242373
0.5003721954613489 -0.5773366321693125
0.5132950294778222 0.7087154037273784
0.5148939204695626 0.6492070162783826
0.512359649867717 0.2471055661401529
0.503740257076636 0.2362406831023971
0.5109232774633448 -0.46174421541793986
0.5218651917631085 0.69528503215528
0.5209848344830092 0.2608287144261263
0.5194754850935741 -0.4840352092595146
0.5151542050496118 -0.49518418127482855
0.5193078117826602 -0.566781988195429
0.5326721565587515 0.7250153346049069
0.5303516621885418 -0.4201486370936811
0.5390796516835827 0.705010084188275
0.5389811906719917 0.6564195749685671
0.5388821504779795 -0.45315812561607393
0.5386693009382188 -0.5581993734880897
0.5467949407152961 0.2696997619791828
0.5381784438363226 0.26026401156553613
0.5470024038585421 -0.47647826870173304
0.536666777717203 -0.48574321821939214
0.5451077823225798 -0.5629129048267545
0.55634855475164 0.7416028295545203
0.5520197453362048 0.7267381127165228
0.5557283662151082 -0.41302130509676415
0.5648845452740794 0.711308693017935
0.564794192816386 0.6667197551457323
0.5597066544292844 0.27742229079116165
0.5625365397388666 -0.4474320386096893
0.5644796967617189 -0.5491854126726221
0.5735688064963256 0.7541861468357334
0.5710936704196765 -0.46729350699027816
0.5624797798615972 -0.47544303804222676
0.5709155718251821 -0.5551851633729854
0.5783528532947635 0.2865762689569342
0.579821370323506 -0.40297906381084414
0.5908052753488029 0.7747726068119574
0.5906836470403682 0.7147490365993769
0.5884430798442715 0.6697304901663099
0.5840531666834074 -0.4359902898804999
0.5883257954039962 -0.448850745950218
0.5902822736225328 -0.5440301099422495
0.5993760168165103 0.7616280617646807
0.598443533118509 0.30144735680156387
0.5970372782000339 -0.39253944546579466
0.5969086997025457 -0.45599293397623674
0.5882893069114665 -0.4668578170139921
0.6078992653256847 0.7250457416820155
0.6078100712328318 0.6810284568594564
0.5984087821732427 0.28429776531225514
0.5970117941735058 -0.40511581255795414
0.6053508626727648 -0.5325909675339553
0.6122935223547063 0.7722088558248777
0.6077845872063037 0.6684520897672969
0.6141648607573398 -0.42568837215607113
0.6098418431661141 -0.43769482374585067
0.6273632697697806 0.7842196512828156
0.6156452510257182 0.30488422528847914
0.6228373066581945 -0.38864177944463796
0.6184166389107677 -0.44883858311937463
0.6139355045185777 -0.5388756759855087
0.633839687602725 0.7982277573199794
0.6336972087271295 0.7279144322138137
0.6336091729991189 0.6844688004408983
0.6285691275705485 0.3186091111217162
0.6311603897226323 -0.5240057465057208
0.6399639625236269 -0.4222480285746293
0.639939636861941 -0.4342527426171454
0.6313248775302291 -0.44283101345632647
0.650083437785403 0.3289075537516182
0.6486551739349267 -0.3759406564589691
0.6400299893196344 -0.3896638047449428
0.659634155909643 0.7993814887028467
0.6595125276012066 0.7393579184902663
0.6572629830775849 0.6899090609224613
0.6569623874010233 -0.5191362703001701
0.6682535487007222 0.8102463717406023
0.667301372800404 0.3403475649335441
0.6679158853492098 -0.4170918570706248
0.6571448298636753 -0.42910091498129943
0.6780683740089923 0.3503558371704658
0.6744612258902674 -0.3690703945796656
0.6741762681390764 -0.5096970447919968
0.6811698958740795 0.8202555127511557
0.685312787732336 0.7433699151213519
0.6852247520043271 0.6999242833484364
0.6894197702804856 -0.4119382918875154
0.6983837766121326 0.829694738259329
0.7017395595600906 0.36437089339668293
0.697421175428234 0.35465105400547814
0.7002661194807658 -0.36277178575000546
0.6999857951889457 -0.5011118237637624
0.7068108808394005 0.7456652150562431
0.71103196232451 0.7073661982773837
0.7110305143684581 -0.3540497328747818
0.7198920054115661 0.8369920023786019
0.7189537298893551 0.37395303216726705
0.7195531836952114 -0.39091787948226897
0.7130764762710573 -0.4050688987818436
0.7283205575948877 0.7536770454875706
0.7240765404859015 -0.4921843059246469
0.7388290117706884 0.848232630012058
0.7368356975501662 0.7130931540574
0.7361719544955658 0.3855359566116039
0.7346892474975029 -0.346179946932234
0.7432090209121505 -0.3844772261638296
0.7388790531318712 -0.3999135960514708
0.7447325023526599 -0.4812002271446256
0.7541254511853861 0.7599756543172305
0.7555482128028625 0.40140714770189944
0.7629232321621711 0.858875107000104
0.7543084728304592 0.850296836160923
0.7647902266966451 0.7195355449231026
0.7533701973082483 0.38725786594958844
0.7605010912770549 -0.33645141980471193
0.760424639197467 -0.37418052108119104
0.7689907472058035 -0.389611678327042
0.7645096128136135 -0.47964877119317606
0.7801342169881167 0.8668851998841682
0.7799291864110422 0.7657026100972469
0.7749175209211074 0.41384842049433334
0.7748931952594198 0.40184370645181744
0.7776356240234143 -0.36617042819712675
0.779579360228686 -0.46763797573523846
0.7884489598256898 0.7274053308656508
0.7863129350566052 -0.3267228926771901
0.7973567854624868 0.8806118232646687
0.796429224815066 0.4228606437625373
0.7965718774453876 -0.3553013750459395
0.786188990018486 -0.3878897689890579
0.8057317632718544 0.7708579128276197
0.8034104001280138 -0.37473479865820103
0.8053940999203437 -0.4564803159836075
0.794626519529336 -0.4667744147453512
0.8142538534161883 0.7337039396953109
0.81364918696854 0.4353010477813395
0.8138430972431312 -0.31756532358040656
0.8253176856155981 0.8901983059034111
0.8228243052926842 -0.3402848834544878
0.8163580231521106 -0.34929102530726985
0.8315378152271968 0.7777281747069232
0.8308694387132274 0.4478843650625528
0.8292132665800391 -0.36943658266541734
0.8307744527961614 -0.44755227688031307
0.8204395216737303 -0.4564742345681858
0.840059905371529 0.7405742015746144
0.8352017232231894 0.46446404104948113
0.8308509048757511 0.43873791626825475
0.83578206400915 -0.3098391459191747
0.8489839481161177 0.9017838366686428
0.8446626680721554 0.8906348646533289
0.846487092698677 -0.3304143118381868
0.8378705958197035 -0.33985006225183323
0.8573427088176952 0.7840267835365833
0.8523721652796592 0.4524662771960184
0.8550167122144838 -0.3638525401478121
0.8565957951674221 -0.43313619474571396
0.8462629491017051 -0.44102917694422783
0.865861613458712 0.7453007645177545
0.8658902829885555 -0.30125218734367687
0.8747900000714583 0.9086540985479465
0.8661717656452197 0.8983608685598347
0.8653238425807039 0.4799108362207025
0.8652960418244895 0.46619116302925545
0.8751815273881345 -0.31239565712599026
0.8679927151772144 -0.32440326708061184
0.8722300137701158 -0.3546991411644609
0.8831449960872977 0.7890391730045451
0.8846957570198413 0.49363832837483445
0.8806837603887558 -0.42558064422574326
0.893819617699716 0.753458114532388
0.885260459880433 -0.2883821747640103
0.8914504720061327 -0.41571528525123247
0.9006021334422201 0.9185255389378791
0.8981287349128344 -0.30209663531366715
0.8895105004865975 -0.3123898653017789
0.8980323010397182 -0.34968675169649876
0.8894201480289023 -0.35697880317398156
0.908949310495375 0.7950519553093832
0.9083686801182047 0.508510864175517
0.9040329205137141 0.4902162290396579
0.9067701366359184 -0.2803703443326826
0.9199653601450439 0.927965633219684
0.9174769028727088 0.7606133341628817
0.9151080467703352 -0.40841715235832776
0.9064932874386233 -0.4169954231975086
0.9169428966804372 0.4970812782771713
0.9196395700331639 -0.2935131518326961
0.9238366154477955 -0.3436739693916606
0.9347518873561906 0.800207258039756
0.9341747320735472 0.5153811260548207
0.9255611311066758 0.5073745082652833
0.932584297145155 -0.26949851110587386
0.9323155565017576 -0.4021220186231944
0.9436264100037732 0.9369787252615195
0.9350099131247997 0.9275429748478731
0.9432783213686822 0.7651969838436108
0.9449460771502913 0.5275330972279062
0.9411585137073892 -0.2809280970042196
0.9496391923086112 -0.33851866666128805
0.9495358082464413 -0.3895387013419813
0.9584059870258645 0.8057904317837297
0.9605396950652647 -0.26262738045293865
0.958119291727412 -0.39639506284317804
0.9694330411415351 0.9441348136656449
0.9690832149591788 0.7714955926732707
0.9686166835189685 0.5412623269293015
0.9599958427718356 0.5296828775794914
0.9583694985333366 -0.27291800412015554
0.9689998126905372 -0.3303647917411814
0.980199173576489 0.953714346115334
0.9668313537058726 -0.3397979358339325
0.9753430185666243 -0.38209678641303424
0.9863694934998719 0.8166631337841703
0.9858401207669694 0.5554176900970346
0.9820461863174366 -0.256187595908131
0.975324484729148 -0.39124323520733206
0.9948892669145195 0.7783658545525743
0.9858123200107567 0.5416980169055876
0.9926565186811089 -0.32349539863550935
0.9925516866628872 -0.3752299996282573
1.003858485887955 0.9618699585827041
1.001416652800522 -0.2431746700660533
1.0121709119958435 0.8212467834648995
1.0035561526641316 0.8126685126257185
1.011672235931261 0.5751501455933198
1.0030487888632322 0.5622844768818115
1.0030244632015446 0.5502797628392955
1.0117608508416928 -0.22967948798103177
1.001391168773992 -0.25575103715821323
1.0097670153569922 -0.36507620780802963
1.016764986960153 0.9670200486712867
1.0206976355995447 0.7863794225311652
1.0120840346326751 0.7783728047416277
1.0243464848525913 -0.24145044399838467
1.0270674838670022 -0.31290591683899515
1.0291319796070794 -0.3547786339517591
1.0382532339660564 0.9644562976842071
1.0379700137621306 0.8246871270463413
1.0315567268130898 -0.2188672526253561
1.035681664016293 -0.3046134725246361
1.0490190768098024 0.9738929168714854
1.0421939911593458 0.787817242891591
1.0460939159919444 0.591027418099037
1.037466125055758 0.5760180504513652
1.0444232642982278 -0.23343919274947833
1.0551068632381763 0.7961114247532135
1.0530640868388925 -0.21199872829331578
1.052798242107599 -0.3431931031865274
1.0637749073526308 0.8309857358760014
1.0590151862158805 0.6034660845705759
1.063838617418952 -0.19827471123371043
1.0614755531407915 -0.30374556766659055
1.0683718782290441 0.9781881337064976
1.067993092925633 0.7912575864730329
1.0675882444132707 0.5914648456225866
1.0809864713609975 -0.22141970955522372
1.0786850900106852 -0.29645004109458095
1.078609506704728 -0.3337504025838274
1.0898809758021101 0.9859141376130034
1.0895786425782851 0.8367126916560177
1.0912216672705152 0.7989842853984439
1.0891294866107088 0.6150542216567029
1.0874987985040505 -0.1896903589791077
1.0788823016250752 -0.1991261093927541
1.0915194828714511 -0.32688535334631385
1.1070954357225826 0.9956391896459984
1.1080696205549038 0.6278383125241965
1.1068750568113472 -0.17381916788881213
1.1046501275406228 -0.21112039815169004
1.1044995401111315 -0.2854352946053609
1.1001794184320097 -0.2960126135710315
1.1065918366074196 -0.313588338526678
1.1153800610742568 0.8412963413367468
1.115317509372776 0.8104270766559911
1.1066969582168546 0.798990540568592
1.10470572905305 -0.18368105176879612
1.113274153791071 -0.19796890291536018
1.1285952663769105 0.9987919691553551
1.1242809365220001 0.9910729154379028
1.1321589758140504 0.6360798467037395
1.1235476915768654 0.6292165350134893
1.1305523237778683 -0.1568029331519658
1.126154012471897 -0.20596683296858065
1.130309067160999 -0.27685007357712665
1.1302824247696268 -0.28999809371892993
1.1302488321892028 -0.3065760321585953
1.1411861130295975 0.8481666032160505
1.1411166111390631 0.8138674202374331
1.1305326315755497 -0.16652103499590742
1.1412246286606038 -0.19352729772341015
1.1493792275587342 0.6486631639849526
1.160416359448531 1.0041212003667896
1.158325279235326 0.82073420702221
1.1563688010167876 -0.1447877938258697
1.1561139607514956 -0.2705514647474665
1.1517585089446882 -0.2985642017272676
1.1669886898904131 0.8533219059464232
1.162607754057074 0.8127328018744626
1.1665980313473678 0.6605319149541112
1.1649835603485012 -0.13620952298668842
1.164880465877543 -0.1870866444049708
1.1562622314513024 -0.1973798743930828
1.1646777520301512 -0.28712592809260484
1.1845043246698683 1.0116767508867601
1.1841246705928245 0.8243174638660626
1.18220033699866 -0.12534116485440627
1.181917985568365 -0.26468159570503924
1.192791266751227 0.8584772086767959
1.194569935966479 0.6755491015644681
1.183802355575473 0.6652550028027245
1.192417114907185 -0.17472781823018324
1.1820821837847521 -0.18364977591805576
1.190488437444861 -0.27796905401472704
1.199411611415817 -0.11718815870793109
1.2060082096011424 1.0168303160698695
1.2099298537745344 0.8307589859581336
1.2077318564863901 -0.2539526757406414
1.2077040557301757 -0.26767234893208846
1.2185984770714082 0.8659191236057431
1.2099837177396981 0.8573408527665621
1.2203829381108732 0.6858492817416335
1.2096118826253405 0.6738402238309591
1.2187852634022196 -0.10260318697933357
1.2182266419570524 -0.1661425972019488
1.2078951859291446 -0.1733495957408906
1.22751904472147 1.0254137995508405
1.2268570392141331 0.6987140816795101
1.2281167609800647 -0.09388171328653127
1.2340098262784575 0.8343701304355633
1.2292218410395587 -0.25565894715325554
1.2443975788376953 0.8693594671871849
1.2354318349587867 0.6875703223059861
1.2401649137041648 -0.15875941137050287
1.2490159794636923 1.0271374464360882
1.250498976052965 0.6982948984022258
1.2527906271386033 -0.08003774754751247
1.2424480508082123 -0.09273261536303279
1.250734992889571 -0.24593215757299713
1.2598179632905157 0.8422693678042252
1.259353227315808 -0.23563892758488514
1.2701966806039823 0.8727998107686269
1.269867704988787 0.7104503446698379
1.2704486249571704 -0.06356701577399626
1.2681243659012224 -0.14988749504381515
1.2791184066188865 1.032866139763368
1.268274953330712 -0.07557259859014409
1.278717612383474 -0.22562718025343664
1.2765329362910158 -0.24306346704119863
1.287341638633924 0.8482256798230046
1.287088246324684 0.7231765752134619
1.276754183975882 -0.13387773455926677
1.2960038909241671 0.8802417256975741
1.2923948894216952 -0.05223942390000924
1.2939315762214054 -0.14244558011486763
1.3049279336687558 1.0414513607916025
1.2940949056641617 -0.06184250011511683
1.3023806893806782 -0.21561369537472452
1.3023482551650946 -0.2316199807647461
1.3131453738595802 0.8539526356030208
1.312889375229446 0.72761731163178
1.3113339808375332 -0.0399698207771948
1.3218053094201387 0.8848253753783032
1.321505292926 0.7367672355206047
1.3197480534603265 -0.13043044078877153
1.3196113664089423 -0.19788550064671906
1.3307345648065176 1.0486074491957278
1.3306998138612495 -0.029243507133691837
1.3283593376975115 -0.12356712909852141
1.3238625653799491 -0.22132153813484434
1.3389572176391322 0.8636811627305426
1.3408670716727684 0.7454927634903551
1.3371721774172442 -0.017236186770280604
1.347609044645795 0.8905523311583195
1.3455807478070376 -0.11041215876766475
1.3454203142763887 -0.1895861061433064
1.3453699254057518 -0.21445301380280401
1.3565365624849104 1.0534769254012788
1.356548435724541 -0.0013649956799850482
1.3455610556047208 -0.12013026061160636
1.3647551610405752 0.8665498532623408
1.3616623269118068 0.7545046971673484
1.355909887105259 0.7442126255440787
1.35867084970673 -0.014655060310567513
1.3626385388825994 -0.17800318169896956
1.3734104631417665 0.8951359808390487
1.3713798495733247 -0.1069718151862229
1.3711794524556175 -0.20586779277456957
1.378030601315027 1.0537714396624173
1.3802190420932198 0.012364234021410514
1.380196164387586 0.0010740862909488502
1.3715860385152431 -0.005217572349657917
1.3798480757524931 -0.17070765512695996
1.388406364798147 0.8707038943822055
1.3903388069462074 0.7636627296100686
1.3883927540112495 -0.19671439379121813
1.3995396988880912 1.061497443568923
1.3992118816377381 0.8997196305197779
1.3974372666994323 0.02394715846574713
1.3914612624783338 -0.09667395173874182
1.392766739655535 -0.1595552080171192
1.4075532668666817 0.7733877816430638
1.4089201373805195 0.0336698937690576
1.4142106792062243 0.8767166766870437
1.416823081516677 0.0445344872156026
1.4160040017367343 -0.14754111121938118
1.4141918557775383 -0.19327405020977628
1.4210366336303117 1.0632210904541708
1.425014458498552 0.9048749332501506
1.4230162791456937 -0.08122657738509953
1.4143992030842991 -0.09094815432356773
1.4333651106462337 0.7831163087705855
1.4247515096793641 0.7751096909810481
1.4425451520209566 1.0706612678358547
1.4421663667175455 0.8837307206023898
1.4426465089446516 0.05997954483956058
1.431878928553644 0.049685446077816886
1.440107952392891 -0.1320967486143283
1.4314827677776005 -0.14581989690030217
1.4400036995570904 -0.18354552308225447
1.4508173249505773 0.9101731492429341
1.4512699560126805 0.07284521355106888
1.4488223311010344 -0.07435631550579602
1.4591885380742084 0.7985613663945434
1.4591700042367321 0.7894149176002454
1.468340778692717 1.0723866522683656
1.467971260308044 0.8900293294320499
1.4659235608581795 -0.1205103490754651
1.4573061952055734 -0.1303748392763442
1.4658074347827465 -0.1778185673022381
1.4766172954904952 0.9140422326116088
1.4749562003067282 0.09429175942265311
1.4663275405969091 0.07885365198774852
1.4746353332454287 -0.06405613532863041
1.4828377146933036 0.8017150146775318
1.4832443007529292 -0.058336129737667663
1.4831388895522845 -0.11035655725523741
1.4941421971886885 1.0769703019490948
1.4937749955337 0.8957562852120662
1.4921735561393081 0.10544594407975727
1.4917582823433655 -0.09949167421748162
1.4916192785622968 -0.16809004017471651
1.5045674807688165 0.9183409245411477
1.492147492930357 0.09258375046277578
1.5064822578530314 0.8025820507619458
1.5093943870664148 0.11831508788579215
1.506901006743501 -0.051466736631995635
1.5199424573198197 1.0809822985801802
1.519572938935145 0.8986249757438645
1.521557217909896 0.8171652849432798
1.5180114631278112 0.12803666482426035
1.517570415714129 -0.08962023382754891
1.508949574966996 -0.10119968317735917
1.5174264888824815 -0.160648125245769
1.5282247659418093 0.9254961441716414
1.53522823977797 0.13890502295654272
1.5348726217714023 -0.036592463284049526
1.5262520706154791 -0.04802899937144889
1.5347880611379185 -0.07832313590803408
1.5453824659850123 0.9072101967720989
1.5452121863532042 0.8231771984744863
1.5389309529961767 -0.15520873353783804
1.5540238677080946 0.9289364877530833
1.5629398018987874 1.0861445514996064
1.5610806263269996 0.16864140682159112
1.5524473331578114 0.15091668718811224
1.5606844655509544 -0.026863936156527934
1.552072022948927 -0.034298900896421625
1.5577399021219893 -0.06573750189713645
1.562163002435586 -0.1457670754634961
1.5733326512633318 0.9115088887016379
1.5727481403639398 0.8351930328194879
1.5697000191180787 0.1795062898593467
1.5692262478976051 -0.05429980744489504
1.5755219608151591 0.9312317876879746
1.586939963065083 0.2018077089845014
1.5869081080319205 0.18608725011930183
1.5821976174009666 -0.017137146576269524
1.5885909225564791 -0.044145146851035655
1.5862530527136353 -0.13718254945416697
1.5973536629967863 1.0981631659202293
1.59702932084096 0.9381003120200148
1.596982986247271 0.9152341900342699
1.595116628813459 0.842747888320553
1.5864198572509185 -0.054864510305485226
1.6142067130864816 0.9295324664644139
1.6140503338327807 0.8523593047625247
1.6084623818338332 0.21610772296190883
1.6084328435303572 0.2015305701959964
1.6122907776374226 -0.01598167764613878
1.6122623976987888 -0.029987177362407413
1.6079445927493534 -0.03942119022879065
1.607760412739438 -0.13031402512212686
1.6231492896685466 1.0998885503527402
1.6249786373456505 0.9419702641623211
1.6227844047432427 0.919817839714999
1.616621903782546 0.000026345291146201433
1.6231307558310703 1.0907421015584424
1.6299836422377431 0.2298360838896727
1.629270379086135 -0.12215928142838828
1.6420074693001556 0.8600879149899255
1.6385914513803996 0.2349844364309921
1.6380910377685538 -0.011969681015053135
1.6294658531532633 -0.02569282930102701
1.6489449163403087 1.1016139347852513
1.6443340450857864 0.9475517003590316
1.6485916150634274 0.9272597546439463
1.6472143192660073 0.24756427861767838
1.646737072951007 0.012043222164505485
1.6515431286814443 0.262428995455676
1.6581747674032456 -0.0005285114682851422
1.6550830916393177 -0.11200201451363401
1.6464660155779231 -0.12172359145210221
1.6678204714445481 0.8703880951670908
1.6552823303921826 -0.013677689974930684
1.6747417013769112 1.1039109722674058
1.6744312595991921 0.9507079549629149
1.6743953502890818 0.9329867104239626
1.673062651538089 0.2752998768089743
1.6644253040919547 0.25557437150174245
1.672539649811819 0.017198524894878275
1.681112708009211 0.005197285946888952
1.676582922293644 -0.10884923500427712
1.6944744464644063 0.9421412677721562
1.6914789149823832 0.8781149678472282
1.6828641556506713 0.8695366970080471
1.6902950661136184 0.2938855511114453
1.7005465949674096 1.1102095810970658
1.7002326780951637 0.955291604643644
1.700190976960842 0.9347120948564735
1.6902695820870885 0.2813091840192856
1.6983526519562133 0.02749870507204366
1.6980978116909213 -0.09826496584955357
1.7075245847770403 0.31104209278980743
1.7174019617867895 0.9427221877405377
1.712986275008186 0.8849834921792685
1.7075025758450372 0.30018068484657867
1.715564795147003 0.036080451005751524
1.7263433800040122 1.1125066185792205
1.7260329382262931 0.9593036012747295
1.7247506283459372 0.3264836753192386
1.7195959047979858 -0.09596966591466227
1.7366429809987575 0.8918528852849403
1.733372917049122 0.33877769098110333
1.7327752007905292 0.043804717364993806
1.743203380282763 0.9473058374212668
1.7411078982831576 -0.08681452938404743
1.7521436401351433 1.116518615210306
1.7518320399925802 0.9627439448561714
1.7506006981652841 0.3550767530850001
1.7413951727640313 0.05495542692757094
1.7581503410245567 0.8987214096169807
1.7592166158618365 0.3642266769738247
1.7505763725035965 0.34307203904248395
1.7604708353947682 -0.07751734836465362
1.7690001653193654 0.9496028749034215
1.7586177412384014 0.0686820503080714
1.7776273770731307 0.9643264160262714
1.7721254336637173 0.37052007316169466
1.7757847082003426 0.05496932730567794
1.7865412841253487 1.1205340869359181
1.7882602975512274 0.9081658477669439
1.7850863778835002 0.40253785658352736
1.7850504685733916 0.3848166120445753
1.784435376842163 0.0812688426838113
1.784397729984791 0.06269011857039364
1.781975589099675 -0.07193504339431134
1.7948085340043906 0.9576164428820122
1.8034348769845234 0.9719112442176295
1.7973546199276242 0.09270711631847383
1.8123392275267935 1.1234027774677164
1.811925691278116 0.919322638744943
1.8033074568518774 0.909029408756831
1.8130585720938228 0.4176979564562955
1.8065792583487745 0.4022607177950226
1.8102182615006583 0.07670604357024246
1.8099379372088382 -0.06163399444351425
1.8206134275948873 0.9639150517116723
1.8160008187931051 0.10186109448424663
1.8292351371156527 0.9759232408487151
1.828148590893635 0.4397126802829967
1.819529198102554 0.4288477972452409
1.8274234545023944 0.08185787120608845
1.8402842001633246 1.125129030673859
1.837732901598299 0.9267645536738902
1.833412200736758 0.9159014081833979
1.8332152787135776 0.11158614651724141
1.8357509393532325 -0.05133381426634909
1.8464160044557012 0.969070354442045
1.843240636831922 0.4627277969465742
1.8453607340844247 0.44829442621670434
1.8467904458909547 0.0931558378992352
1.8550377139764666 0.9810785435790879
1.853305958537323 0.12645723436187128
1.8446193805853923 0.08243647444478541
1.8639362726945272 1.1297118115809565
1.8635421390569568 0.9352068614397138
1.8549265109516124 0.9261998508133
1.8626203702337473 0.48031394718580067
1.859405907796539 -0.04532190073514264
1.8722174229516746 0.9736540041227741
1.8668773610289637 0.4597361749458937
1.8705273686468508 0.13961220469272817
1.8704506269760532 0.10174019015383795
1.8618349988707105 0.09273317952742421
1.889738849555341 1.1348671143113291
1.8893484806035072 0.9422200365814283
1.888438005837509 0.49290073956154057
1.879815137951903 0.48032089737485417
1.8877476203915364 0.15219552197394104
1.887365823339536 -0.036221323188597054
1.8980408503796493 0.9890990617467321
1.8980153663531194 0.9765226946545723
1.8970863577496448 0.5180569488403867
1.8877279281892178 0.14247742012999964
1.8962616019819726 0.11103997749412686
1.897062032087959 0.5060522347978705
1.9049701888659065 0.1659221453544415
1.9155310011325745 1.1348775395949093
1.915154532558848 0.9490902984607319
1.9143019760349613 0.5283536539230252
1.9049435464745343 0.15277412521263822
1.9156311996914272 0.12362416354897165
1.910307934058931 -0.028437574794705877
1.9259852438337574 0.990539488428053
1.9195146178250262 0.9793896476391073
1.928688867375536 0.5569420982294175
1.92722411503253 0.5412210601817968
1.9325114713549176 0.1805675837278038
1.922173065137958 0.16993066689100011
1.9303870302342556 -0.019283017446512396
1.9413335779933884 1.1400328423252821
1.9431113784350095 0.9566759954257217
1.9323446668176345 0.9468106364512108
1.93713855971723 0.13049268788101198
1.9496349996352737 0.9939789632358631
1.949615886615378 0.9845466879167433
1.9487853390234946 0.5746714513222656
1.9401740547863095 0.5678081396320154
1.9401358287465164 0.5489435889937757
1.939419959274014 0.1956620043140167
1.9574093652739428 0.5878229465585956
1.956504682332156 0.14136191478692583
1.9518903359831085 -0.014415278788224572
1.967130363029991 1.1423298798074368
1.9667701115640543 0.96454578136827
1.961743966513593 0.6055459286448113
1.9652294863238797 0.20424722534225115
1.9565938764250088 0.1853791996094849
1.9754259928476667 0.9934177354697997
1.9755513858418396 -0.00540218674638937
1.9789630598934344 0.6175575928763808
1.974615716640523 0.5935464272440852
1.978149887774185 0.21625715202655726
1.9801654425996755 0.1502320935663506
1.9907783812842456 1.1449118750407816
1.9925715300600277 0.9691294310489991
1.9918834613437397 0.6295675195606869
2.0012418909041667 1.005147048271074
1.9969136606711508 0.9905681579578983
2.0011897644862664 0.9794226610371111
1.9953759313430818 0.23169873455598844
2.0016840966826894 0.1626742351324162
1.9992054855115153 0.0001809869975846201
2.0112970769171987 0.6638745215019893
2.009118192648952 0.6492964999624453
2.0004599946356567 0.6192812397616284
2.0004426191630244 0.610706444016974
2.010451760173577 0.24671070852455545
2.0039455144459452 0.2179825364590684
1.999518244018919 0.1545273104013627
2.0099661157134694 0.0070451674614664394
2.0187216163735133 1.1457806486724586
2.009088654345476 0.6347193471965329
2.0248838277430003 1.0047278649937898
2.024829095004204 0.9777172583981286
2.0253439881765764 0.17111567412460804
2.034980425299141 0.6838919347494647
2.0292025014660666 0.6610234960340352
2.0341174434916755 0.2580104127649654
2.029793267535606 0.2454323081255425
2.0250045872778024 0.0036213305790264716
2.0445179380641782 1.147849024934756
2.044211434726922 0.9965896279990533
2.0435946054484315 0.6921843790638239
2.044279546579647 0.18164173544600937
2.0336193466095142 0.012199601418207306
2.052836619342214 1.0103127762850268
2.052785651289156 0.9851600421007074
2.0479193605869223 0.7050483102280688
2.043561592050427 0.6758922671489806
2.051328428317621 0.2660205056490297
2.050834964894829 0.02249630650084611
2.0522423781781462 0.7170547618178482
2.055647970814322 0.27631199808987805
2.0703198199060857 1.1526613358353423
2.0694568380986204 0.7267798138508432
2.0662192083645703 0.18971090493702758
2.0786334043788166 1.0126098137671815
2.0785974950687063 0.9948885692282292
2.06998968592605 0.9897402166869099
2.0780889729029645 0.7439328804346788
2.0771796565018103 0.2951852364644345
2.0728601140051115 0.2848937440235857
2.0766479670392232 0.032796486678011494
2.068026257518458 0.02078829754096878
2.08730608195264 0.2012096452164549
2.0961177633075323 1.1555300263671406
2.0953208082960746 0.762232728212328
2.0909983698872683 0.7505121031473704
2.104438297969317 1.0189084225968414
2.102253332285647 1.0013292225466683
2.103941359451996 0.7736692642997271
2.102997002514364 0.3076291155777635
2.0943778993144946 0.2969071458024186
2.1003064105770583 0.04052335935814888
2.1131246442482787 0.21425376003190966
2.1027876280691284 0.2043028268546785
2.1219122316144503 1.1566837577500082
2.121185936858369 0.7982572956234564
2.121162769561524 0.7868242346305839
2.1202314442283665 0.3272151827171108
2.1302397164652866 1.0234920722775706
2.1302148116211796 1.0112015317102327
2.1215983147422044 1.0017657812965863
2.129808804743975 0.8108371378101428
2.1211396022646784 0.7753911736377115
2.120208276931521 0.3157821217242385
2.125397751424739 0.0482508112207074
2.1405758059525617 0.8208454100470646
2.137450537608208 0.3392268469486803
2.1350634372595696 0.22189418973569497
2.1477124917455796 1.1606957543810936
2.1383830213062094 0.799407551911797
2.146074563858658 0.35237834218501063
2.145828990512104 0.23118789566056241
2.1454774267824845 0.05769119509372289
2.156036501501889 1.0257891097597251
2.1560087007456765 1.0120694365682783
2.1556855169546924 0.8525782357177074
2.1556565578336357 0.8382869094766169
2.155619490158685 0.8199940118880209
2.165456613990166 0.37110779852352427
2.158981644113277 0.357814258798415
2.1735023265931286 1.1595628735653864
2.172918510712641 0.8714497365450005
2.173795972080635 0.2437755568099338
2.1673253460719053 0.23262571602098836
2.1712852162850886 0.06541893654749176
2.1839840804593162 1.028801582327566
2.177516060771479 1.0189379609003186
2.181542536963091 0.8846012317813304
2.172883759767375 0.8543001450556917
2.189133301774266 0.3878382067355488
2.180504642064447 0.3724000993006442
2.1993060618187847 1.1652898293454028
2.1987651054374595 0.8983278551618308
2.1901063282417432 0.8680267684361921
2.197756169659872 0.4004180489222351
2.197464261719629 0.256361480412042
2.193147035952615 0.24721329407048054
2.1992475643942537 0.07571998549828884
2.2033360131049253 1.0326680593753456
2.2076115377376215 1.0212367359297365
2.2074065071605453 0.9200541461428151
2.207384498228542 0.9091927381995863
2.2117318414814537 0.9332039038318819
2.2106788878398617 0.41357128170582835
2.2146726402246823 0.263085353934408
2.2250958966663354 1.1641569485296956
2.224652242931759 0.9452138305161881
2.214953254107714 0.4015683052105756
2.214299936336692 0.07915598521157219
2.2334395986249635 1.038968405752269
2.23340716440938 1.0229621203622474
2.233284377736103 0.9623668971000234
2.2322044921119293 0.4294433415697556
2.22358538891206 0.41872137179441115
2.2340410795692946 0.27509788693960923
2.2315201880813777 0.09173930249278528
2.2419060872568685 0.9743750862370663
2.2404778234063904 0.26952687602647884
2.2508944192502014 1.1673114655863157
2.241857435933495 0.9503656581520341
2.249434879548984 0.4470286230353506
2.2592375420264083 1.041837096284067
2.2592074245405094 1.026974116993333
2.2591651442237683 1.0061087806813406
2.254847339274331 0.9966747678149577
2.259130393278502 0.988959189192032
2.257702708610445 0.28439680550626645
2.257320448212507 0.0957512991238707
2.2683849175125807 0.46470034747729727
2.2788376543394673 1.168180239217993
2.2666348599089296 0.4496080119478003
2.274916010166077 0.2935502044896179
2.28529785506462 1.174185202560146
2.2850493858059604 1.0515656234115888
2.2821233562144733 1.0218385064652784
2.276372074772768 1.0121180878916522
2.2763442740165533 0.9983984147002052
2.2809800501151844 0.10404982485365188
2.2964859218933586 1.0384222367291544
2.2896341938515334 0.4856314209940865
2.283871328761405 0.4701944719240243
2.3044213002450995 1.065293115565721
2.3007405959588922 0.30956691516321966
2.2921177280732863 0.29698707297653293
2.31108826909459 1.1733381482692606
2.3109075641792014 1.0841602725248555
2.3097460138336476 0.5109351769947125
2.3054186523742643 0.49678502646876943
2.308947610866136 0.11692331252784504
2.319532748794492 1.0978834208108292
2.322281548565119 1.0401476211616656
2.328069318499354 1.0678751107990658
2.328042096925561 1.0544412641324405
2.3280015541560832 1.0344334073949137
2.3269625008925967 0.5216606218645837
2.3243935372637256 0.31457843585754963
2.336883895766352 1.1750635327017717
2.33679006821413 1.1287596356806384
2.336759950728233 1.1138966563899042
2.3312820433892955 0.5319521143054324
2.3269416503254376 0.5113708669709985
2.3373148074876635 0.3270171023290884
2.3326025793094445 0.12293522605905171
2.3482659887061636 1.135052452686087
2.34635179080437 0.5439629097633701
2.354024799519344 1.1484886160823966
2.3538655243535355 1.0698863217563985
2.3538319317731115 1.0533083833167333
2.353802972652055 1.039017057075643
2.3519762312958487 0.137520197787649
2.3626748889787432 1.1745023049357081
2.3569189740776686 1.1624952741635077
2.3539709355541784 1.1219067492739682
2.3585626937888033 0.5594024651543276
2.35925099417806 0.3333713126711759
2.370057148118315 0.5748417309540743
2.3712386802573952 1.15792784159057
2.379665784484665 1.073898318387484
2.3710475500584262 1.0636050883993721
2.381753447521584 1.0434586622675927
2.3808308099247437 0.588137008226447
2.3799146012527767 0.3481283015788452
2.3760607214226556 0.143360789158689
2.379874290156268 1.176795867323336
2.395901426113449 0.6005765434716175
2.394993268077135 0.1524005525510168
2.405472994804848 1.0813402333164312
2.405430135305684 1.060189070479617
2.4011001675254064 1.044752700591976
2.4045231356342142 0.6125847326086602
2.3958840506408147 0.5920017477269631
2.404009690417892 0.35919951835412433
2.3953905872180225 0.34847754857877966
2.4148657119646053 0.6252796004241807
2.4212267566592604 0.3702107897488174
2.416493098731463 0.1555533320603737
2.4312744133008195 1.0859238829971602
2.431232712166498 1.0653443732099898
2.431200277950916 1.0493380878199685
2.4274993022799727 0.637175080662074
2.421207064456942 0.360492687904876
2.4294129209993453 0.16727743221985802
2.438991439879798 0.6514710403625336
2.438443533309421 0.38107914788109975
2.4476131494005635 0.6634792294995763
2.438426157836787 0.3725043521364455
2.4570769901616334 1.091079185727533
2.4570306555679444 1.0682130637417881
2.4591464089522894 1.0516359940757547
2.45838015060915 0.6734875017364981
2.4552154978601592 0.17243273495023081
2.4648507766178813 0.6846373425254437
2.4642773860209743 0.40166908295185033
2.4556417761221034 0.3828010572190841
2.4756200945561524 0.6957889208616528
2.4728591319546815 0.393955241876188
2.4741494345524497 0.18215848200213092
2.4828772502927627 1.0950911823586184
2.482832074063916 1.0727967134225173
2.482793848024123 1.0539321627842777
2.4907054798965955 0.7155170324897796
2.4820907205648854 0.7069387616505984
2.490077356560894 0.40553816632052486
2.4993295061470455 0.7286685277261096
2.4982499101140813 0.19588788545825286
2.4982325346414473 0.1873130897135984
2.5086786687887343 1.0996748320393476
2.5086253840059917 1.073378791755741
2.5085894746958814 1.0556575472167888
2.5072978978967892 0.41826439686414884
2.512254541056718 0.7429650666089902
2.5251957930741824 0.7652647481868815
2.516532382419097 0.7326770492626683
2.5245169912766307 0.43027606109571836
2.524047853515526 0.19875657599005114
2.5344789289198637 1.103686828670433
2.5344325943261747 1.0808207066846882
2.525814359899936 1.0705274766965762
2.534390893191853 1.0602411968975178
2.525164517223441 0.7498301158465037
2.524497299074314 0.42055795925177697
2.532670721401132 0.21133641817673743
2.542432261926658 0.7858512081631054
2.5516864386512843 1.1099819624055664
2.551056288177108 0.7990027033994355
2.5510157454076285 0.7789948466619085
2.546013346836432 0.4317138814561441
2.5602259042682522 1.081402785017912
2.5601888365932996 1.0631098874293161
2.5589343274691582 0.4440096346652722
2.5601913849959512 0.21580643226644325
2.570427623433826 0.8124443690287457
2.567552561895397 0.454302864653384
2.5774942281538884 1.1177097038593355
2.576898249442559 0.8235942098176914
2.5682522142601076 0.7995813066381325
2.586022689304855 1.0836998225000664
2.585985621629902 1.0654069249114706
2.5855234340578494 0.837317358103665
2.5847676009982905 0.4643137432112008
2.5842793502172885 0.22336198278641373
2.6032973841971234 1.1231508331145301
2.5941659941457757 0.859615302134293
2.6019849568308704 0.47546792786830516
2.60149844359713 0.23537364701798347
2.6118229494359823 1.0877118191311521
2.6117858817610315 1.0694189215425562
2.6092374791081116 0.8724835771666963
2.602739052343166 0.8476140631863036
2.6205060522933863 1.130017619899307
2.6149157835647543 0.49262273199940376
2.6286296649319904 0.8962149976895918
2.6243054889759225 0.8836368930501687
2.6234888417621462 0.48062149305141444
2.62946426680082 0.24738965511771105
2.6229953783393522 0.23709729390323098
2.637619734472585 1.0900088566133066
2.6375838251624763 1.0722876120743543
2.6372478993582273 0.9065082276777037
2.646303995694831 1.1328863104311053
2.6458730839735196 0.9202313759636773
2.6364370439686624 0.5063510929271675
2.6450048895242624 0.4917774152557818
2.6536161737614474 0.498640726946032
2.6488135931255367 0.24996991280379244
2.6634165195091874 1.0923058940954613
2.66337597673971 1.0722980373579345
2.6545179607911286 0.9436726260935926
2.661738048852788 0.2639806251618515
2.6678049847140013 1.1366107429901055
2.6674331495996437 0.9531101140545025
2.663087543893992 0.9299564279966723
2.680365713880791 0.9711223977600666
2.6708265794049754 0.5063649933052743
2.6893140822870673 1.1443367468966112
2.6892167796403185 1.0963178907265467
2.6891739201411564 1.0751667278897327
2.684714794680966 0.9959910429668276
2.6889839483070297 0.9814156277481786
2.6880653649871355 0.5280947593807853
2.6794413387366873 0.5149432641444553
2.683244829696168 0.2705633229690698
2.7090977954276187 1.007719776585681
2.7052833000021365 0.5395347705627114
2.7047516105395495 0.27714602077628836
2.7129638380885854 1.1477762217044214
2.715012406312079 1.0980432751590578
2.7149695468129167 1.0768921123222436
2.71056949795968 1.0268707329311634
2.7105034711636726 0.9942865091014769
2.7052612910701334 0.5286733626194825
2.7234933745045122 1.0405956187644003
2.722494284828084 0.5475448634467754
2.72368554723184 0.2868717678281887
2.732115663207699 1.052889634426265
2.738049966294474 1.1529312348435834
2.7365145536960913 1.1023393607677016
2.740774440403415 1.0831907211519036
2.7407466396472006 1.0694710479604567
2.7397099031133987 0.557841568529414
2.7499301561164486 0.2980296013345458
2.7526337796582307 0.5715664543626511
2.7684426796791346 1.1604893337662072
2.7666262477700236 1.1126412784921304
2.766596709466546 1.098064125726218
2.7665619585212795 1.0809145342369093
2.7752392695544703 1.1203620697568461
2.774142877231295 0.5792924582691568
2.7735967082081796 0.30975804536218865
2.7867221402355593 1.1300848050601566
2.7925301815545342 1.1678162230663202
2.7924838469608453 1.1449501010805753
2.7881040694923484 1.1049326500582583
2.7923610602875683 1.0843548778183511
2.7913671832529285 0.5938765612241226
2.791339382496716 0.5801568880326756
2.796531173719618 0.3137688836284318
2.809611429518151 1.1118011743902986
2.808579326443718 0.6024583071578303
2.8080233113194452 0.3280648433288913
2.8181555285944863 1.0855086092012187
2.835405897825069 1.112954905773166
2.83439145981448 0.612329747547763
2.833836313463838 0.3383650235060567
2.8295150334198755 0.3272160514907425
2.843952313631087 1.0878056466833732
2.8516036030052696 0.6209114934814708
2.861204999591356 1.1163952493546078
2.859638021551021 0.3430915864491968
2.8697479403028474 1.0895310311158841
2.8645161854928886 0.6290627620806825
2.8795841953606995 0.6402160779641548
2.876849295968178 0.35124459259567175
2.886999467898274 1.1175489807374752
2.89554472533945 1.0918280685980388
2.895779873402425 0.3593125458036057
2.9032495890875864 0.651372868942154
2.9127997280294035 1.1215609773685606
2.9213391936463697 1.0929817999809061
2.920462601052007 0.6603833546630944
2.9220333437780805 0.3748435251397362
2.9155635865429783 0.3641224241380234
2.9385930379714793 1.1221430557017844
2.937679088110956 0.6711087995329658
2.9471359786829723 1.0952788374630608
2.945698447913758 0.3858574028553243
2.9413765886873726 0.3744226043151886
2.9548921000753765 0.6801192852539062
2.9643921397377664 1.1255833992832262
2.9646326162790153 0.3956974805171536
2.972932763719575 1.0975758749452153
2.972107718360693 0.6904159903365449
2.9901958749634225 1.1313103550632426
2.9901773411259462 1.1221639062689448
2.9910384695496663 0.6985696915019253
2.9887186701983612 0.40230980350521217
2.9800995669984917 0.3915878337298675
2.9987249152968083 1.0975863002287955
3.001643415516824 0.4164634291256819
3.0159868681758137 1.1307491272971792
3.0073790590331555 1.1256007747558598
3.0172952412651206 0.7157298820295405
3.0065172355905325 0.7002909058210042
3.0059125691428843 0.4018880139070329
3.0245217003334126 1.0998833377109502
3.0231536714547307 0.4247610860818314
3.0274303544522674 0.4139014156858658
3.043931840812345 1.1324753805033218
3.0409623725392727 0.727744152582005
3.032347613207561 0.7191658817428239
3.050318485370015 1.1021803751931047
3.0489629089133885 0.43320339384765494
3.058177990824589 0.7380408576646436
3.067581596613863 1.135914855311132
3.0761141120417754 1.1039057596256158
3.075390134015377 0.7466226035983513
3.076500079207209 0.44581946389478233
3.0661568078579115 0.43278160424947565
3.0933749065559386 1.1364969336443557
3.0943210589590784 0.7548620527211783
3.1019085803486934 1.1050594910084832
3.096282402309953 0.44994335856962775
3.1092016453954123 0.4613816322042903
3.119175166687068 1.1405089302754412
3.116272014801213 0.7685048394462218
3.1276995735610846 1.1044982632424196
3.126409155126833 0.46767676593942364
3.135641322919458 0.7809461122386557
3.1449719517236722 1.142805967757596
3.1534998336922157 1.1085102598735052
3.1500699153943525 0.4765469447188482
3.1614647503474327 0.7963911698626136
3.1571434703034686 0.7852421978472996
3.1707641033009057 1.1428163930411758
3.165151825640269 0.49456009719804394
3.179295460363976 1.1102356443060161
3.173721408743134 0.4808438991011238
3.1872696439379293 0.8026897786922736
3.1965655217968773 1.147400042721905
3.205093403765421 1.1131043348378144
3.204489026908984 0.8148443561862541
3.1995448361711087 0.4962889567250818
3.2124617625268854 0.506583924260457
3.222358831738953 1.1479821210551288
3.2210823136828086 0.5180204603478561
3.2308855553426543 1.1131147601213946
3.230306372921536 0.827288235299583
3.2481544584107116 1.1497075054876397
3.249669599624358 0.8367283295813878
3.2468883656381475 0.5248907222271597
3.2425682439590293 0.5143134032614893
3.2566823403792586 1.1154117976035491
3.2739547185418427 1.1537195021187254
3.273939659798895 1.1462880124733583
3.2733384684457736 0.8496000797083179
3.264720234019535 0.8393068497202059
3.272690942498963 0.5300460249575324
3.282477967051019 1.11713718203606
3.2834614188020765 0.5417692563433851
3.2997480284839184 1.154301580451949
3.29916363342101 0.8659026169067412
3.2905436614475096 0.8547519073441638
3.3082712769930946 1.117719260369284
3.3092752897201016 0.5524981763077832
3.298498152819146 0.5374879398864797
3.3180969909308793 0.8753425374338197
3.325541338425994 1.154883658785173
3.334065745300011 1.1188729917521513
3.332932864484304 0.5597963092006879
3.3243111549635404 0.5477881200636451
3.3378744489012852 0.8770654893001621
3.3513404401922813 1.1583240023666148
3.3598625303366134 1.1211700292343058
3.361122831284968 0.8945674553744791
3.350787900162535 0.8856454976866065
3.3609099817452072 0.5773859345344411
3.354440224510107 0.5666648335327281
3.377134908499201 1.159477733749482
3.3856581570083754 1.122895413666817
3.3852214534628526 0.907382213951171
3.385198286166009 0.8959491529582986
3.381697707612769 0.5826821233887509
3.393180578293858 0.5924048586920614
3.40292995598854 1.1609172916571712
3.4114526253152934 1.1240491450496843
3.4110191072730877 0.9101079912205583
3.4024000040732165 0.8993860214452137
3.4217927690795164 0.923403268492931
3.414687938319659 0.5992733830241016
3.4287307953020907 1.1652151148130785
3.437244776892527 1.1240595703332645
3.4319000815104505 0.6078551289578093
3.44114557049876 0.9276984853279432
3.456213580366569 0.9388518012114156
3.455129698383688 0.6160963156278997
3.463120330738402 1.1652290151911855
3.4630415619291295 1.126356607815419
3.4770068084671326 0.9468633420515325
3.474918276656579 0.6233071367708207
3.488912482315637 1.1652394404747656
3.4888360302360492 1.1275103391982863
3.4970928548315107 0.9594478176975879
3.498592358119785 0.638751325621147
3.5147220093655047 1.173824661503
3.514701158798344 1.1635349066094147
3.5146316569078095 1.1292357236307975
3.5185950022155197 0.9637439033062318
3.520520552092769 0.6411611299206933
3.5404991021997887 1.166403597141213
3.5404249668498853 1.129817801964021
3.5401191585315352 0.9789013968581046
3.539454257112091 0.6507725463626649
3.558823565230334 0.6632138191550988
3.5680118889136807 1.166986370493342
3.566218276791961 1.130399880297245
3.561630572834286 0.9877707068638976
3.5566559750193 0.6542094148495801
3.5831489373260865 1.0000699351675521
3.57817723542321 0.6679377757773438
3.5920923826817823 1.1708547588431113
3.5920150618285635 1.1326969177793995
3.5997002333743815 0.682523616279573
3.608954989281429 1.006940197046856
3.617894090768967 1.1755813217862514
3.6135780233667933 1.1670047884943337
3.6178095301354833 1.1338506491622668
3.6175720653428254 1.016661773985324
3.6272323647811397 0.6926529955607507
3.616889788450747 0.6799581277452301
3.643682767251674 1.1738767879209006
3.643602840077559 1.1344327274954906
3.6390800045510456 1.0238161248421862
3.651322183386222 0.701123190960151
3.6716242647936763 1.1738880819781123
3.669397308384477 1.135586458878358
3.6691992279964545 1.0378337873892984
3.6685412767660636 0.7131348551917205
3.695268228770983 1.1744692915377046
3.695190618326553 1.1361685372115817
3.6950159948265852 1.0499918399778056
3.686398629173979 1.0401273497769263
3.6900457408797606 0.7185742468996518
3.707256146523287 0.726298513258894
3.722779393774095 1.1742517506203325
3.720982769903788 1.136178962495162
3.7208229155555585 1.0572908416443418
3.730920671476543 0.7370265644496604
3.738043167300244 1.069874158925555
3.746858323749663 1.1773484073530828
3.7467795549403906 1.1384759999773166
3.738017683273714 1.0572977918333954
3.7567362799418315 0.748612963988524
3.7726504753268965 1.177358832636663
3.7725740232473086 1.139629731360184
3.772461661857612 1.0841793855447523
3.7638445857962157 1.0744578086062841
3.782116632817651 0.7575410030918183
3.771781701695218 0.7486190454039456
3.7984414685392877 1.1767976048705994
3.798370808283911 1.1419267688423384
3.798263080353582 1.0887630352254815
3.8062094631713243 0.7674974964202921
3.7975947038396125 0.758919225581111
3.822087170063858 1.1782362940046571
3.824165276590829 1.1430805002252058
3.8197866574871764 1.1036347022525325
3.832018990221192 0.7760827174485265
3.8413009677020326 1.1139331448824345
3.85003272188281 1.1802483737356215
3.8499574281680644 1.143090925508786
3.8578331507304284 0.7869545506753355
3.849220708128401 0.7795195859354417
3.8642389083079944 1.1196589422976086
3.8758237150952013 1.1796871459695581
3.8757518964749824 1.1442446568916533
3.8843203212130035 1.1299568057450895
3.8836496279693495 0.7989696900014317
3.8750337102727954 0.7898197661126071
3.9016181834021193 1.1808408773524252
3.9015521566061117 1.148256653522739
3.9101240564386597 1.1356837615251058
3.9051575671775715 0.8061240408582938
3.9274091766145105 1.180279649586362
3.9273408330888184 1.1465521196573882
3.9266689814803204 0.8149933508640867
3.9445634015631885 1.1602787430378884
3.9532048032862707 1.1820050340188728
3.953129509571527 1.1448475857920375
3.952480825259874 0.8247218779916083
3.9703671367888446 1.1660056988179048
3.9810710071135293 1.1448588798492491
3.9782903523097417 0.8333070990198428
3.9961685552848163 1.170589348498634
3.995504812230214 0.8430321510528379
4.0047242380095724 1.1500133138059902
3.99548743675758 0.8344573553081835
4.009090694282383 1.1834567547574055
4.014863695064877 0.8503285463984792
4.030514072857123 1.148880432990283
4.038519532281818 0.8567691997169183
4.029904772950106 0.8481909288777373
4.056308541164039 1.1500341643731504
4.064337167885581 0.8693559920926582
4.082099534376434 1.149472936607087
4.092299226403535 0.8795141277810443
4.0815307772388945 0.868791289232068
4.107892844318508 1.1500550149403108
4.114234891829751 0.885611094250792
4.133684995895742 1.1500654402238908
4.141765749035184 0.8951116551773617
4.159477147472975 1.150075865507471
4.16929428951093 0.9034689100046439
4.15895588329397 0.8928319931678406
4.185273932509579 1.1523729029896257
4.1933801696755495 0.9099954850352562
4.211068400816497 1.153526634372493
4.210591154501497 0.9180055779193202
4.236861710758573 1.1541087127057168
4.236404156645891 0.9283057580964856
4.262653862335807 1.154119137989297
4.263931538756795 0.9360913598741243
4.288447172277882 1.1547012163225205
4.288026685840151 0.9471911593018855
4.3142393238551175 1.1547116416061007
4.309531729136269 0.9529163775346384
4.331044880986282 0.9626431671148968
4.340032633797193 1.1552937199393245
4.354699270247169 0.9683692541212814
4.365824785374427 1.1553041452229044
4.382656405714542 0.9760978643486822
4.39161693695166 1.1553145705064846
4.404158553098554 0.9803939499573261
4.41741140525858 1.156468301889352
4.427394425141941 0.991722063095492
4.443211665389709 1.1604802985204376
4.4514789152687495 0.9975626544665317
4.477601200826021 1.1604941988985444
4.472989750389079 1.0061461379475027
4.494495952050038 1.0124430092298995
4.5119716232424345 1.1510758239575316
4.520595070310463 1.1639414926690396
4.528907496418354 1.0233183175512352
4.5377672499141965 1.1528012083900425
4.546383746793172 1.162236958803689
4.556861156791198 1.0293319686297048
4.566431567117755 1.1559568838115048
4.572175898370405 1.1622473840872691
4.580510333410295 1.0324856169126932
4.58052307542356 1.0387738004587732
4.597965733217954 1.161114503271562
4.610620869119387 1.0422158815874784
4.623756726430345 1.1605532755054985
4.632137496063926 1.0536576303166676
4.649548878007581 1.1605637007890785
4.657934281100529 1.0559546677988223
4.675342187949656 1.1611457791223023
4.6772949014824565 1.064108542718929
4.701133181162048 1.160584551356239
4.709549860105737 1.0714101507063604
4.726928807833808 1.1623099357887498
4.7324808505226485 1.073706029823673
4.752720959411041 1.16232036107233
4.75255936751555 1.0825747606470446
4.7783636819236275 1.0885875429518827
4.787110494847354 1.1623342614504368
4.804169733878968 1.0954578048311862
4.812900329694903 1.1612013806347296
4.829975785834309 1.10232806671049
4.838694798001821 1.162355112017597
4.8557772043302805 1.106911716391219
4.8644857912142125 1.1617938842515336
4.872990505885914 1.1160651153745704
4.890277363609027 1.1615184830102918
4.8987861325576745 1.1177904998070813
4.91607472782805 1.1641013470172683
4.933191653428807 1.1256932122702703
4.941863404310757 1.1623968131519175
4.961150178933993 1.1341078061572433
4.967652080793464 1.1606922792865668
4.9848607488897265 1.1675590660713437
4.984793563728877 1.1344031891920136
5.002008602831774 1.1444140677498304
5.0106517421021195 1.1669978383052801
5.036443314496932 1.1667224370640385
5.036406826004402 1.1487153660002644
5.062234886891744 1.166447035822797
5.057910710935676 1.1538689311833738
5.08802819683382 1.1670291141560205
5.096612838679633 1.1607444057044675
