1.1.0.0135              0.00000000000000000000 0.054    Newton...              0.01349999999999999985              0.01349999999999999985 0
1.2.0.0135              0.01349999999999999985 0.054    Newton...              0.02699999999999999969              0.02699999999999999969 0
1.3.0.0135              0.02699999999999999969 0.054    Newton...              0.04050000000000000128              0.04050000000000000128 0
1.4.0.0135              0.04050000000000000128 0.054    Newton...              0.05399999999999999939              0.05399999999999999939 0
2.1.-0.0135              0.05399999999999999939 -0.054    Newton...              0.04050000000000000128              0.04050000000000000128 0
2.2.-0.0135              0.04050000000000000128 -0.054    Newton...              0.02700000000000000316              0.02700000000000000316 0
2.3.-0.0135              0.02700000000000000316 -0.054    Newton...              0.01350000000000000332              0.01350000000000000332 0
2.4.-0.0135              0.01350000000000000332 -0.054    Newton...              0.00000000000000000347              0.00000000000000000347 0
2.5.-0.0135              0.00000000000000000347 -0.054    Newton...             -0.01349999999999999638             -0.01349999999999999638 0
2.6.-0.0135             -0.01349999999999999638 -0.054    Newton...             -0.02699999999999999623             -0.02699999999999999623 0
2.7.-0.0135             -0.02699999999999999623 -0.054    Newton...             -0.04049999999999999434             -0.04049999999999999434 0
2.8.-0.0135             -0.04049999999999999434 -0.054    Newton...             -0.05399999999999999245             -0.05399999999999999245 0
2.9.-0.0135             -0.05399999999999999245 -0.054    Newton...             -0.06749999999999999056             -0.06749999999999999056 0
3.1.0.0135             -0.06749999999999999056 0.054    Newton...             -0.05399999999999999245             -0.05399999999999999245 0
3.2.0.0135             -0.05399999999999999245 0.054    Newton...             -0.04049999999999999434             -0.04049999999999999434 0
3.3.0.0135             -0.04049999999999999434 0.054    Newton...             -0.02699999999999999623             -0.02699999999999999623 0
3.4.0.0135             -0.02699999999999999623 0.054    Newton...             -0.01349999999999999638             -0.01349999999999999638 0
3.5.0.0135             -0.01349999999999999638 0.054    Newton...              0.00000000000000000347              0.00000000000000000347 0
3.6.0.0135              0.00000000000000000347 0.054    Newton...              0.01350000000000000332              0.01350000000000000332 0
3.7.0.0135              0.01350000000000000332 0.054    Newton...              0.02700000000000000316              0.02700000000000000316 0
3.8.0.0135              0.02700000000000000316 0.054    Newton...              0.04050000000000000128              0.04050000000000000128 0
3.9.0.0135              0.04050000000000000128 0.054    Newton...              0.05399999999999999939              0.05399999999999999939 0
4.1.-0.0135              0.05399999999999999939 -0.054    Newton...              0.04050000000000000128              0.04050000000000000128 0
4.2.-0.0135              0.04050000000000000128 -0.054    Newton...              0.02700000000000000316              0.02700000000000000316 0
4.3.-0.0135              0.02700000000000000316 -0.054    Newton...              0.01350000000000000332              0.01350000000000000332 0
4.4.-0.0135              0.01350000000000000332 -0.054    Newton...              0.00000000000000000347              0.00000000000000000347 0
4.5.-0.0135              0.00000000000000000347 -0.054    Newton...             -0.01349999999999999638             -0.01349999999999999638 0
4.6.-0.0135             -0.01349999999999999638 -0.054    Newton...             -0.02699999999999999623             -0.02699999999999999623 0
4.7.-0.0135             -0.02699999999999999623 -0.054    Newton...             -0.04049999999999999434             -0.04049999999999999434 0
4.8.-0.0135             -0.04049999999999999434 -0.054    Newton...             -0.05399999999999999245             -0.05399999999999999245 0
4.9.-0.0135             -0.05399999999999999245 -0.054    Newton...             -0.06749999999999999056             -0.06749999999999999056 0
5.1.0.0135             -0.06749999999999999056 0.081    Newton...             -0.05399999999999999245             -0.05399999999999999245 0
5.2.0.0135             -0.05399999999999999245 0.081    Newton...             -0.04049999999999999434             -0.04049999999999999434 0
5.3.0.0135             -0.04049999999999999434 0.081    Newton...             -0.02699999999999999623             -0.02699999999999999623 0
5.4.0.0135             -0.02699999999999999623 0.081    Newton...             -0.01349999999999999638             -0.01349999999999999638 0
5.5.0.0135             -0.01349999999999999638 0.081    Newton...              0.00000000000000000347              0.00000000000000000347 0
5.6.0.0135              0.00000000000000000347 0.081    Newton...              0.01350000000000000332              0.01350000000000000332 0
5.7.0.0135              0.01350000000000000332 0.081    Newton...              0.02700000000000000316              0.02700000000000000316 0
5.8.0.0135              0.02700000000000000316 0.081    Newton...              0.04050000000000000128              0.04050000000000000128 0
5.9.0.0135              0.04050000000000000128 0.081    Newton...              0.05399999999999999939              0.05399999999999999939 0
5.10.0.0135              0.05399999999999999939 0.081    Newton...              0.06750000000000000444              0.06750000000000000444 0
5.11.0.0135              0.06750000000000000444 0.081    Newton...              0.08100000000000000255              0.08100000000000000255 0
6.1.-0.0135              0.08100000000000000255 -0.081    Newton...              0.06750000000000000444              0.06750000000000000444 0
6.2.-0.0135              0.06750000000000000444 -0.081    Newton...              0.05400000000000000633              0.05400000000000000633 0
6.3.-0.0135              0.05400000000000000633 -0.081    Newton...              0.04050000000000000822              0.04050000000000000822 0
6.4.-0.0135              0.04050000000000000822 -0.081    Newton...              0.02700000000000001010              0.02700000000000001010 0
6.5.-0.0135              0.02700000000000001010 -0.081    Newton...              0.01350000000000001026              0.01350000000000001026 0
6.6.-0.0135              0.01350000000000001026 -0.081    Newton...              0.00000000000000001041              0.00000000000000001041 0
6.7.-0.0135              0.00000000000000001041 -0.081    Newton...             -0.01349999999999998944             -0.01349999999999998944 0
6.8.-0.0135             -0.01349999999999998944 -0.081    Newton...             -0.02699999999999998929             -0.02699999999999998929 0
6.9.-0.0135             -0.02699999999999998929 -0.081    Newton...             -0.04049999999999998740             -0.04049999999999998740 0
6.10.-0.0135             -0.04049999999999998740 -0.081    Newton...             -0.05399999999999998551             -0.05399999999999998551 0
6.11.-0.0135             -0.05399999999999998551 -0.081    Newton...             -0.06749999999999999056             -0.06749999999999999056 0
6.12.-0.0135             -0.06749999999999999056 -0.081    Newton...             -0.08099999999999998868             -0.08099999999999998868 0
6.13.-0.0135             -0.08099999999999998868 -0.081    Newton...             -0.09449999999999998679             -0.09449999999999998679 0
7.1.0.0135             -0.09449999999999998679 0.081    Newton...             -0.08099999999999998868             -0.08099999999999998868 0
7.2.0.0135             -0.08099999999999998868 0.081    Newton...             -0.06749999999999999056             -0.06749999999999999056 0
7.3.0.0135             -0.06749999999999999056 0.081    Newton...             -0.05399999999999999245             -0.05399999999999999245 0
7.4.0.0135             -0.05399999999999999245 0.081    Newton...             -0.04049999999999999434             -0.04049999999999999434 0
7.5.0.0135             -0.04049999999999999434 0.081    Newton...             -0.02699999999999999623             -0.02699999999999999623 0
7.6.0.0135             -0.02699999999999999623 0.081    Newton...             -0.01349999999999999638             -0.01349999999999999638 0
7.7.0.0135             -0.01349999999999999638 0.081    Newton...              0.00000000000000000347              0.00000000000000000347 0
7.8.0.0135              0.00000000000000000347 0.081    Newton...              0.01350000000000000332              0.01350000000000000332 0
7.9.0.0135              0.01350000000000000332 0.081    Newton...              0.02700000000000000316              0.02700000000000000316 0
7.10.0.0135              0.02700000000000000316 0.081    Newton...              0.04050000000000000128              0.04050000000000000128 0
7.11.0.0135              0.04050000000000000128 0.081    Newton...              0.05399999999999999939              0.05399999999999999939 0
7.12.0.0135              0.05399999999999999939 0.081    Newton...              0.06750000000000000444              0.06750000000000000444 0
7.13.0.0135              0.06750000000000000444 0.081    Newton...              0.08100000000000000255              0.08100000000000000255 0
8.1.-0.0135              0.08100000000000000255 -0.081    Newton...              0.06750000000000000444              0.06750000000000000444 0
8.2.-0.0135              0.06750000000000000444 -0.081    Newton...              0.05400000000000000633              0.05400000000000000633 0
8.3.-0.0135              0.05400000000000000633 -0.081    Newton...              0.04050000000000000822              0.04050000000000000822 0
8.4.-0.0135              0.04050000000000000822 -0.081    Newton...              0.02700000000000001010              0.02700000000000001010 0
8.5.-0.0135              0.02700000000000001010 -0.081    Newton...              0.01350000000000001026              0.01350000000000001026 0
8.6.-0.0135              0.01350000000000001026 -0.081    Newton...              0.00000000000000001041              0.00000000000000001041 0
8.7.-0.0135              0.00000000000000001041 -0.081    Newton...             -0.01349999999999998944             -0.01349999999999998944 0
8.8.-0.0135             -0.01349999999999998944 -0.081    Newton...             -0.02699999999999998929             -0.02699999999999998929 0
8.9.-0.0135             -0.02699999999999998929 -0.081    Newton...             -0.04049999999999998740             -0.04049999999999998740 0
8.10.-0.0135             -0.04049999999999998740 -0.081    Newton...             -0.05399999999999998551             -0.05399999999999998551 0
8.11.-0.0135             -0.05399999999999998551 -0.081    Newton...             -0.06749999999999999056             -0.06749999999999999056 0
8.12.-0.0135             -0.06749999999999999056 -0.081    Newton...             -0.08099999999999998868             -0.08099999999999998868 0
8.13.-0.0135             -0.08099999999999998868 -0.081    Newton...             -0.09449999999999998679             -0.09449999999999998679 0
9.1.0.0135             -0.09449999999999998679 0.135    Newton...             -0.08099999999999998868             -0.08099999999999998868 0
9.2.0.0135             -0.08099999999999998868 0.135    Newton...             -0.06749999999999999056             -0.06749999999999999056 0
9.3.0.0135             -0.06749999999999999056 0.135    Newton...             -0.05399999999999999245             -0.05399999999999999245 0
9.4.0.0135             -0.05399999999999999245 0.135    Newton...             -0.04049999999999999434             -0.04049999999999999434 0
9.5.0.0135             -0.04049999999999999434 0.135    Newton...             -0.02699999999999999623             -0.02699999999999999623 0
9.6.0.0135             -0.02699999999999999623 0.135    Newton...             -0.01349999999999999638             -0.01349999999999999638 0
9.7.0.0135             -0.01349999999999999638 0.135    Newton...              0.00000000000000000347              0.00000000000000000347 0
9.8.0.0135              0.00000000000000000347 0.135    Newton...              0.01350000000000000332              0.01350000000000000332 0
9.9.0.0135              0.01350000000000000332 0.135    Newton...              0.02700000000000000316              0.02700000000000000316 0
9.10.0.0135              0.02700000000000000316 0.135    Newton...              0.04050000000000000128              0.04050000000000000128 0
9.11.0.0135              0.04050000000000000128 0.135    Newton...              0.05399999999999999939              0.05399999999999999939 0
9.12.0.0135              0.05399999999999999939 0.135    Newton...              0.06750000000000000444              0.06750000000000000444 0
9.13.0.0135              0.06750000000000000444 0.135    Newton...              0.08100000000000000255              0.08100000000000000255 0
9.14.0.0135              0.08100000000000000255 0.135    Newton...              0.09450000000000000067              0.09450000000000000067 0
9.15.0.0135              0.09450000000000000067 0.135    Newton...              0.10799999999999999878              0.10799999999999999878 0
9.16.0.0135              0.10799999999999999878 0.135    Newton...              0.12149999999999999689              0.12149999999999999689 0
9.17.0.0135              0.12149999999999999689 0.135    Newton...              0.13500000000000000888              0.13500000000000000888 0
10.1.-0.0135              0.13500000000000000888 -0.135    Newton...              0.12150000000000001077              0.12150000000000001077 0
10.2.-0.0135              0.12150000000000001077 -0.135    Newton...              0.10800000000000001266              0.10800000000000001266 0
10.3.-0.0135              0.10800000000000001266 -0.135    Newton...              0.09450000000000001454              0.09450000000000001454 0
10.4.-0.0135              0.09450000000000001454 -0.135    Newton...              0.08100000000000001643              0.08100000000000001643 0
10.5.-0.0135              0.08100000000000001643 -0.135    Newton...              0.06750000000000001832              0.06750000000000001832 0
10.6.-0.0135              0.06750000000000001832 -0.135    Newton...              0.05400000000000002021              0.05400000000000002021 0
10.7.-0.0135              0.05400000000000002021 -0.135    Newton...              0.04050000000000002209              0.04050000000000002209 0
10.8.-0.0135              0.04050000000000002209 -0.135    Newton...              0.02700000000000002398              0.02700000000000002398 0
10.9.-0.0135              0.02700000000000002398 -0.135    Newton...              0.01350000000000002413              0.01350000000000002413 0
10.10.-0.0135              0.01350000000000002413 -0.135    Newton...              0.00000000000000002429              0.00000000000000002429 0
10.11.-0.0135              0.00000000000000002429 -0.135    Newton...             -0.01349999999999997556             -0.01349999999999997556 0
10.12.-0.0135             -0.01349999999999997556 -0.135    Newton...             -0.02699999999999997541             -0.02699999999999997541 0
10.13.-0.0135             -0.02699999999999997541 -0.135    Newton...             -0.04049999999999997352             -0.04049999999999997352 0
10.14.-0.0135             -0.04049999999999997352 -0.135    Newton...             -0.05399999999999997163             -0.05399999999999997163 0
10.15.-0.0135             -0.05399999999999997163 -0.135    Newton...             -0.06749999999999997669             -0.06749999999999997669 0
10.16.-0.0135             -0.06749999999999997669 -0.135    Newton...             -0.08099999999999997480             -0.08099999999999997480 0
10.17.-0.0135             -0.08099999999999997480 -0.135    Newton...             -0.09449999999999997291             -0.09449999999999997291 0
10.18.-0.0135             -0.09449999999999997291 -0.135    Newton...             -0.10799999999999997102             -0.10799999999999997102 0
10.19.-0.0135             -0.10799999999999997102 -0.135    Newton...             -0.12149999999999996914             -0.12149999999999996914 0
10.20.-0.0135             -0.12149999999999996914 -0.135    Newton...             -0.13499999999999998113             -0.13499999999999998113 0
10.21.-0.0135             -0.13499999999999998113 -0.135    Newton...             -0.14849999999999999312             -0.14849999999999999312 0
11.1.0.0135             -0.14849999999999999312 0.135    Newton...             -0.13499999999999998113             -0.13499999999999998113 0
11.2.0.0135             -0.13499999999999998113 0.135    Newton...             -0.12149999999999998301             -0.12149999999999998301 0
11.3.0.0135             -0.12149999999999998301 0.135    Newton...             -0.10799999999999998490             -0.10799999999999998490 0
11.4.0.0135             -0.10799999999999998490 0.135    Newton...             -0.09449999999999998679             -0.09449999999999998679 0
11.5.0.0135             -0.09449999999999998679 0.135    Newton...             -0.08099999999999998868             -0.08099999999999998868 0
11.6.0.0135             -0.08099999999999998868 0.135    Newton...             -0.06749999999999999056             -0.06749999999999999056 0
11.7.0.0135             -0.06749999999999999056 0.135    Newton...             -0.05399999999999999245             -0.05399999999999999245 0
11.8.0.0135             -0.05399999999999999245 0.135    Newton...             -0.04049999999999999434             -0.04049999999999999434 0
11.9.0.0135             -0.04049999999999999434 0.135    Newton...             -0.02699999999999999623             -0.02699999999999999623 0
11.10.0.0135             -0.02699999999999999623 0.135    Newton...             -0.01349999999999999638             -0.01349999999999999638 0
11.11.0.0135             -0.01349999999999999638 0.135    Newton...              0.00000000000000000347              0.00000000000000000347 0
11.12.0.0135              0.00000000000000000347 0.135    Newton...              0.01350000000000000332              0.01350000000000000332 0
11.13.0.0135              0.01350000000000000332 0.135    Newton...              0.02700000000000000316              0.02700000000000000316 0
11.14.0.0135              0.02700000000000000316 0.135    Newton...              0.04050000000000000128              0.04050000000000000128 0
11.15.0.0135              0.04050000000000000128 0.135    Newton...              0.05399999999999999939              0.05399999999999999939 0
11.16.0.0135              0.05399999999999999939 0.135    Newton...              0.06750000000000000444              0.06750000000000000444 0
11.17.0.0135              0.06750000000000000444 0.135    Newton...              0.08100000000000000255              0.08100000000000000255 0
11.18.0.0135              0.08100000000000000255 0.135    Newton...              0.09450000000000000067              0.09450000000000000067 0
11.19.0.0135              0.09450000000000000067 0.135    Newton...              0.10799999999999999878              0.10799999999999999878 0
11.20.0.0135              0.10799999999999999878 0.135    Newton...              0.12149999999999999689              0.12149999999999999689 0
11.21.0.0135              0.12149999999999999689 0.135    Newton...              0.13500000000000000888              0.13500000000000000888 0
12.1.-0.0135              0.13500000000000000888 -0.135    Newton...              0.12150000000000001077              0.12150000000000001077 0
12.2.-0.0135              0.12150000000000001077 -0.135    Newton...              0.10800000000000001266              0.10800000000000001266 0
12.3.-0.0135              0.10800000000000001266 -0.135    Newton...              0.09450000000000001454              0.09450000000000001454 0
12.4.-0.0135              0.09450000000000001454 -0.135    Newton...              0.08100000000000001643              0.08100000000000001643 0
12.5.-0.0135              0.08100000000000001643 -0.135    Newton...              0.06750000000000001832              0.06750000000000001832 0
12.6.-0.0135              0.06750000000000001832 -0.135    Newton...              0.05400000000000002021              0.05400000000000002021 0
12.7.-0.0135              0.05400000000000002021 -0.135    Newton...              0.04050000000000002209              0.04050000000000002209 0
12.8.-0.0135              0.04050000000000002209 -0.135    Newton...              0.02700000000000002398              0.02700000000000002398 0
12.9.-0.0135              0.02700000000000002398 -0.135    Newton...              0.01350000000000002413              0.01350000000000002413 0
12.10.-0.0135              0.01350000000000002413 -0.135    Newton...              0.00000000000000002429              0.00000000000000002429 0
12.11.-0.0135              0.00000000000000002429 -0.135    Newton...             -0.01349999999999997556             -0.01349999999999997556 0
12.12.-0.0135             -0.01349999999999997556 -0.135    Newton...             -0.02699999999999997541             -0.02699999999999997541 0
12.13.-0.0135             -0.02699999999999997541 -0.135    Newton...             -0.04049999999999997352             -0.04049999999999997352 0
12.14.-0.0135             -0.04049999999999997352 -0.135    Newton...             -0.05399999999999997163             -0.05399999999999997163 0
12.15.-0.0135             -0.05399999999999997163 -0.135    Newton...             -0.06749999999999997669             -0.06749999999999997669 0
12.16.-0.0135             -0.06749999999999997669 -0.135    Newton...             -0.08099999999999997480             -0.08099999999999997480 0
12.17.-0.0135             -0.08099999999999997480 -0.135    Newton...             -0.09449999999999997291             -0.09449999999999997291 0
12.18.-0.0135             -0.09449999999999997291 -0.135    Newton...             -0.10799999999999997102             -0.10799999999999997102 0
12.19.-0.0135             -0.10799999999999997102 -0.135    Newton...             -0.12149999999999996914             -0.12149999999999996914 0
12.20.-0.0135             -0.12149999999999996914 -0.135    Newton...             -0.13499999999999998113             -0.13499999999999998113 0
12.21.-0.0135             -0.13499999999999998113 -0.135    Newton...             -0.14849999999999999312             -0.14849999999999999312 0
13.1.0.0135             -0.14849999999999999312 0.20249999999999999    Newton...             -0.13499999999999998113             -0.13499999999999998113 0
13.2.0.0135             -0.13499999999999998113 0.20249999999999999    Newton...             -0.12149999999999998301             -0.12149999999999998301 0
13.3.0.0135             -0.12149999999999998301 0.20249999999999999    Newton...             -0.10799999999999998490             -0.10799999999999998490 0
13.4.0.0135             -0.10799999999999998490 0.20249999999999999    Newton...             -0.09449999999999998679             -0.09449999999999998679 0
13.5.0.0135             -0.09449999999999998679 0.20249999999999999    Newton...             -0.08099999999999998868             -0.08099999999999998868 0
13.6.0.0135             -0.08099999999999998868 0.20249999999999999    Newton...             -0.06749999999999999056             -0.06749999999999999056 0
13.7.0.0135             -0.06749999999999999056 0.20249999999999999    Newton...             -0.05399999999999999245             -0.05399999999999999245 0
13.8.0.0135             -0.05399999999999999245 0.20249999999999999    Newton...             -0.04049999999999999434             -0.04049999999999999434 0
13.9.0.0135             -0.04049999999999999434 0.20249999999999999    Newton...             -0.02699999999999999623             -0.02699999999999999623 0
13.10.0.0135             -0.02699999999999999623 0.20249999999999999    Newton...             -0.01349999999999999638             -0.01349999999999999638 0
13.11.0.0135             -0.01349999999999999638 0.20249999999999999    Newton...              0.00000000000000000347              0.00000000000000000347 0
13.12.0.0135              0.00000000000000000347 0.20249999999999999    Newton...              0.01350000000000000332              0.01350000000000000332 0
13.13.0.0135              0.01350000000000000332 0.20249999999999999    Newton...              0.02700000000000000316              0.02700000000000000316 0
13.14.0.0135              0.02700000000000000316 0.20249999999999999    Newton...              0.04050000000000000128              0.04050000000000000128 0
13.15.0.0135              0.04050000000000000128 0.20249999999999999    Newton...              0.05399999999999999939              0.05399999999999999939 0
13.16.0.0135              0.05399999999999999939 0.20249999999999999    Newton...              0.06750000000000000444              0.06750000000000000444 0
13.17.0.0135              0.06750000000000000444 0.20249999999999999    Newton...              0.08100000000000000255              0.08100000000000000255 0
13.18.0.0135              0.08100000000000000255 0.20249999999999999    Newton...              0.09450000000000000067              0.09450000000000000067 0
13.19.0.0135              0.09450000000000000067 0.20249999999999999    Newton...              0.10799999999999999878              0.10799999999999999878 0
13.20.0.0135              0.10799999999999999878 0.20249999999999999    Newton...              0.12149999999999999689              0.12149999999999999689 0
13.21.0.0135              0.12149999999999999689 0.20249999999999999    Newton...              0.13500000000000000888              0.13500000000000000888 0
13.22.0.0135              0.13500000000000000888 0.20249999999999999    Newton...              0.14850000000000002087              0.14850000000000002087 0
13.23.0.0135              0.14850000000000002087 0.20249999999999999    Newton...              0.16200000000000003286              0.16200000000000003286 0
13.24.0.0135              0.16200000000000003286 0.20249999999999999    Newton...              0.17550000000000004485              0.17550000000000004485 0
13.25.0.0135              0.17550000000000004485 0.20249999999999999    Newton...              0.18900000000000005684              0.18900000000000005684 0
13.26.0.0135              0.18900000000000005684 0.20249999999999999    Newton...              0.20250000000000006883              0.20250000000000006883 0
14.1.-0.0135              0.20250000000000006883 -0.20249999999999999    Newton...              0.18900000000000005684              0.18900000000000005684 0
14.2.-0.0135              0.18900000000000005684 -0.20249999999999999    Newton...              0.17550000000000004485              0.17550000000000004485 0
14.3.-0.0135              0.17550000000000004485 -0.20249999999999999    Newton...              0.16200000000000003286              0.16200000000000003286 0
14.4.-0.0135              0.16200000000000003286 -0.20249999999999999    Newton...              0.14850000000000002087              0.14850000000000002087 0
14.5.-0.0135              0.14850000000000002087 -0.20249999999999999    Newton...              0.13500000000000000888              0.13500000000000000888 0
14.6.-0.0135              0.13500000000000000888 -0.20249999999999999    Newton...              0.12150000000000001077              0.12150000000000001077 0
14.7.-0.0135              0.12150000000000001077 -0.20249999999999999    Newton...              0.10800000000000001266              0.10800000000000001266 0
14.8.-0.0135              0.10800000000000001266 -0.20249999999999999    Newton...              0.09450000000000001454              0.09450000000000001454 0
14.9.-0.0135              0.09450000000000001454 -0.20249999999999999    Newton...              0.08100000000000001643              0.08100000000000001643 0
14.10.-0.0135              0.08100000000000001643 -0.20249999999999999    Newton...              0.06750000000000001832              0.06750000000000001832 0
14.11.-0.0135              0.06750000000000001832 -0.20249999999999999    Newton...              0.05400000000000002021              0.05400000000000002021 0
14.12.-0.0135              0.05400000000000002021 -0.20249999999999999    Newton...              0.04050000000000002209              0.04050000000000002209 0
14.13.-0.0135              0.04050000000000002209 -0.20249999999999999    Newton...              0.02700000000000002398              0.02700000000000002398 0
14.14.-0.0135              0.02700000000000002398 -0.20249999999999999    Newton...              0.01350000000000002413              0.01350000000000002413 0
14.15.-0.0135              0.01350000000000002413 -0.20249999999999999    Newton...              0.00000000000000002429              0.00000000000000002429 0
14.16.-0.0135              0.00000000000000002429 -0.20249999999999999    Newton...             -0.01349999999999997556             -0.01349999999999997556 0
14.17.-0.0135             -0.01349999999999997556 -0.20249999999999999    Newton...             -0.02699999999999997541             -0.02699999999999997541 0
14.18.-0.0135             -0.02699999999999997541 -0.20249999999999999    Newton...             -0.04049999999999997352             -0.04049999999999997352 0
14.19.-0.0135             -0.04049999999999997352 -0.20249999999999999    Newton...             -0.05399999999999997163             -0.05399999999999997163 0
14.20.-0.0135             -0.05399999999999997163 -0.20249999999999999    Newton...             -0.06749999999999997669             -0.06749999999999997669 0
14.21.-0.0135             -0.06749999999999997669 -0.20249999999999999    Newton...             -0.08099999999999997480             -0.08099999999999997480 0
14.22.-0.0135             -0.08099999999999997480 -0.20249999999999999    Newton...             -0.09449999999999997291             -0.09449999999999997291 0
14.23.-0.0135             -0.09449999999999997291 -0.20249999999999999    Newton...             -0.10799999999999997102             -0.10799999999999997102 0
14.24.-0.0135             -0.10799999999999997102 -0.20249999999999999    Newton...             -0.12149999999999996914             -0.12149999999999996914 0
14.25.-0.0135             -0.12149999999999996914 -0.20249999999999999    Newton...             -0.13499999999999998113             -0.13499999999999998113 0
14.26.-0.0135             -0.13499999999999998113 -0.20249999999999999    Newton...             -0.14849999999999996536             -0.14849999999999996536 0
14.27.-0.0135             -0.14849999999999996536 -0.20249999999999999    Newton...             -0.16199999999999997735             -0.16199999999999997735 0
14.28.-0.0135             -0.16199999999999997735 -0.20249999999999999    Newton...             -0.17549999999999998934             -0.17549999999999998934 0
14.29.-0.0135             -0.17549999999999998934 -0.20249999999999999    Newton...             -0.18900000000000000133             -0.18900000000000000133 0
14.30.-0.0135             -0.18900000000000000133 -0.20249999999999999    Newton...             -0.20250000000000001332             -0.20250000000000001332 0
15.1.0.0135             -0.20250000000000001332 0.20249999999999999    Newton...             -0.18900000000000000133             -0.18900000000000000133 0
15.2.0.0135             -0.18900000000000000133 0.20249999999999999    Newton...             -0.17549999999999998934             -0.17549999999999998934 0
15.3.0.0135             -0.17549999999999998934 0.20249999999999999    Newton...             -0.16199999999999997735             -0.16199999999999997735 0
15.4.0.0135             -0.16199999999999997735 0.20249999999999999    Newton...             -0.14849999999999996536             -0.14849999999999996536 0
15.5.0.0135             -0.14849999999999996536 0.20249999999999999    Newton...             -0.13499999999999995337             -0.13499999999999995337 0
15.6.0.0135             -0.13499999999999995337 0.20249999999999999    Newton...             -0.12149999999999995526             -0.12149999999999995526 0
15.7.0.0135             -0.12149999999999995526 0.20249999999999999    Newton...             -0.10799999999999995715             -0.10799999999999995715 0
15.8.0.0135             -0.10799999999999995715 0.20249999999999999    Newton...             -0.09449999999999995903             -0.09449999999999995903 0
15.9.0.0135             -0.09449999999999995903 0.20249999999999999    Newton...             -0.08099999999999996092             -0.08099999999999996092 0
15.10.0.0135             -0.08099999999999996092 0.20249999999999999    Newton...             -0.06749999999999996281             -0.06749999999999996281 0
15.11.0.0135             -0.06749999999999996281 0.20249999999999999    Newton...             -0.05399999999999996469             -0.05399999999999996469 0
15.12.0.0135             -0.05399999999999996469 0.20249999999999999    Newton...             -0.04049999999999996658             -0.04049999999999996658 0
15.13.0.0135             -0.04049999999999996658 0.20249999999999999    Newton...             -0.02699999999999996847             -0.02699999999999996847 0
15.14.0.0135             -0.02699999999999996847 0.20249999999999999    Newton...             -0.01349999999999996862             -0.01349999999999996862 0
15.15.0.0135             -0.01349999999999996862 0.20249999999999999    Newton...              0.00000000000000002949              0.00000000000000002949 0
15.16.0.0135              0.00000000000000002949 0.20249999999999999    Newton...              0.01350000000000002934              0.01350000000000002934 0
15.17.0.0135              0.01350000000000002934 0.20249999999999999    Newton...              0.02700000000000003092              0.02700000000000003092 0
15.18.0.0135              0.02700000000000003092 0.20249999999999999    Newton...              0.04050000000000002903              0.04050000000000002903 0
15.19.0.0135              0.04050000000000002903 0.20249999999999999    Newton...              0.05400000000000002714              0.05400000000000002714 0
15.20.0.0135              0.05400000000000002714 0.20249999999999999    Newton...              0.06750000000000003220              0.06750000000000003220 0
15.21.0.0135              0.06750000000000003220 0.20249999999999999    Newton...              0.08100000000000003031              0.08100000000000003031 0
15.22.0.0135              0.08100000000000003031 0.20249999999999999    Newton...              0.09450000000000002842              0.09450000000000002842 0
15.23.0.0135              0.09450000000000002842 0.20249999999999999    Newton...              0.10800000000000002653              0.10800000000000002653 0
15.24.0.0135              0.10800000000000002653 0.20249999999999999    Newton...              0.12150000000000002465              0.12150000000000002465 0
15.25.0.0135              0.12150000000000002465 0.20249999999999999    Newton...              0.13500000000000000888              0.13500000000000000888 0
15.26.0.0135              0.13500000000000000888 0.20249999999999999    Newton...              0.14850000000000002087              0.14850000000000002087 0
15.27.0.0135              0.14850000000000002087 0.20249999999999999    Newton...              0.16200000000000003286              0.16200000000000003286 0
15.28.0.0135              0.16200000000000003286 0.20249999999999999    Newton...              0.17550000000000004485              0.17550000000000004485 0
15.29.0.0135              0.17550000000000004485 0.20249999999999999    Newton...              0.18900000000000005684              0.18900000000000005684 0
15.30.0.0135              0.18900000000000005684 0.20249999999999999    Newton...              0.20250000000000006883              0.20250000000000006883 0
16.1.-0.0135              0.20250000000000006883 -0.20249999999999999    Newton...              0.18900000000000005684              0.18900000000000005684 0
16.2.-0.0135              0.18900000000000005684 -0.20249999999999999    Newton...              0.17550000000000004485              0.17550000000000004485 0
16.3.-0.0135              0.17550000000000004485 -0.20249999999999999    Newton...              0.16200000000000003286              0.16200000000000003286 0
16.4.-0.0135              0.16200000000000003286 -0.20249999999999999    Newton...              0.14850000000000002087              0.14850000000000002087 0
16.5.-0.0135              0.14850000000000002087 -0.20249999999999999    Newton...              0.13500000000000000888              0.13500000000000000888 0
16.6.-0.0135              0.13500000000000000888 -0.20249999999999999    Newton...              0.12150000000000001077              0.12150000000000001077 0
16.7.-0.0135              0.12150000000000001077 -0.20249999999999999    Newton...              0.10800000000000001266              0.10800000000000001266 0
16.8.-0.0135              0.10800000000000001266 -0.20249999999999999    Newton...              0.09450000000000001454              0.09450000000000001454 0
16.9.-0.0135              0.09450000000000001454 -0.20249999999999999    Newton...              0.08100000000000001643              0.08100000000000001643 0
16.10.-0.0135              0.08100000000000001643 -0.20249999999999999    Newton...              0.06750000000000001832              0.06750000000000001832 0
16.11.-0.0135              0.06750000000000001832 -0.20249999999999999    Newton...              0.05400000000000002021              0.05400000000000002021 0
16.12.-0.0135              0.05400000000000002021 -0.20249999999999999    Newton...              0.04050000000000002209              0.04050000000000002209 0
16.13.-0.0135              0.04050000000000002209 -0.20249999999999999    Newton...              0.02700000000000002398              0.02700000000000002398 0
16.14.-0.0135              0.02700000000000002398 -0.20249999999999999    Newton...              0.01350000000000002413              0.01350000000000002413 0
16.15.-0.0135              0.01350000000000002413 -0.20249999999999999    Newton...              0.00000000000000002429              0.00000000000000002429 0
16.16.-0.0135              0.00000000000000002429 -0.20249999999999999    Newton...             -0.01349999999999997556             -0.01349999999999997556 0
16.17.-0.0135             -0.01349999999999997556 -0.20249999999999999    Newton...             -0.02699999999999997541             -0.02699999999999997541 0
16.18.-0.0135             -0.02699999999999997541 -0.20249999999999999    Newton...             -0.04049999999999997352             -0.04049999999999997352 0
16.19.-0.0135             -0.04049999999999997352 -0.20249999999999999    Newton...             -0.05399999999999997163             -0.05399999999999997163 0
16.20.-0.0135             -0.05399999999999997163 -0.20249999999999999    Newton...             -0.06749999999999997669             -0.06749999999999997669 0
16.21.-0.0135             -0.06749999999999997669 -0.20249999999999999    Newton...             -0.08099999999999997480             -0.08099999999999997480 0
16.22.-0.0135             -0.08099999999999997480 -0.20249999999999999    Newton...             -0.09449999999999997291             -0.09449999999999997291 0
16.23.-0.0135             -0.09449999999999997291 -0.20249999999999999    Newton...             -0.10799999999999997102             -0.10799999999999997102 0
16.24.-0.0135             -0.10799999999999997102 -0.20249999999999999    Newton...             -0.12149999999999996914             -0.12149999999999996914 0
16.25.-0.0135             -0.12149999999999996914 -0.20249999999999999    Newton...             -0.13499999999999998113             -0.13499999999999998113 0
16.26.-0.0135             -0.13499999999999998113 -0.20249999999999999    Newton...             -0.14849999999999999312             -0.14849999999999999312 0
16.27.-0.0135             -0.14849999999999999312 -0.20249999999999999    Newton...             -0.16200000000000000511             -0.16200000000000000511 0
16.28.-0.0135             -0.16200000000000000511 -0.20249999999999999    Newton...             -0.17550000000000001710             -0.17550000000000001710 0
16.29.-0.0135             -0.17550000000000001710 -0.20249999999999999    Newton...             -0.18900000000000000133             -0.18900000000000000133 0
16.30.-0.0135             -0.18900000000000000133 -0.20249999999999999    Newton...             -0.20250000000000001332             -0.20250000000000001332 0
17.1.0.0135             -0.20250000000000001332 0.27    Newton...             -0.18900000000000000133             -0.18900000000000000133 0
17.2.0.0135             -0.18900000000000000133 0.27    Newton...             -0.17549999999999998934             -0.17549999999999998934 0
17.3.0.0135             -0.17549999999999998934 0.27    Newton...             -0.16199999999999997735             -0.16199999999999997735 0
17.4.0.0135             -0.16199999999999997735 0.27    Newton...             -0.14849999999999996536             -0.14849999999999996536 0
17.5.0.0135             -0.14849999999999996536 0.27    Newton...             -0.13499999999999995337             -0.13499999999999995337 0
17.6.0.0135             -0.13499999999999995337 0.27    Newton...             -0.12149999999999995526             -0.12149999999999995526 0
17.7.0.0135             -0.12149999999999995526 0.27    Newton...             -0.10799999999999995715             -0.10799999999999995715 0
17.8.0.0135             -0.10799999999999995715 0.27    Newton...             -0.09449999999999995903             -0.09449999999999995903 0
17.9.0.0135             -0.09449999999999995903 0.27    Newton...             -0.08099999999999996092             -0.08099999999999996092 0
17.10.0.0135             -0.08099999999999996092 0.27    Newton...             -0.06749999999999996281             -0.06749999999999996281 0
17.11.0.0135             -0.06749999999999996281 0.27    Newton...             -0.05399999999999996469             -0.05399999999999996469 0
17.12.0.0135             -0.05399999999999996469 0.27    Newton...             -0.04049999999999996658             -0.04049999999999996658 0
17.13.0.0135             -0.04049999999999996658 0.27    Newton...             -0.02699999999999996847             -0.02699999999999996847 0
17.14.0.0135             -0.02699999999999996847 0.27    Newton...             -0.01349999999999996862             -0.01349999999999996862 0
17.15.0.0135             -0.01349999999999996862 0.27    Newton...              0.00000000000000002949              0.00000000000000002949 0
17.16.0.0135              0.00000000000000002949 0.27    Newton...              0.01350000000000002934              0.01350000000000002934 0
17.17.0.0135              0.01350000000000002934 0.27    Newton...              0.02700000000000003092              0.02700000000000003092 0
17.18.0.0135              0.02700000000000003092 0.27    Newton...              0.04050000000000002903              0.04050000000000002903 0
17.19.0.0135              0.04050000000000002903 0.27    Newton...              0.05400000000000002714              0.05400000000000002714 0
17.20.0.0135              0.05400000000000002714 0.27    Newton...              0.06750000000000003220              0.06750000000000003220 0
17.21.0.0135              0.06750000000000003220 0.27    Newton...              0.08100000000000003031              0.08100000000000003031 0
17.22.0.0135              0.08100000000000003031 0.27    Newton...              0.09450000000000002842              0.09450000000000002842 0
17.23.0.0135              0.09450000000000002842 0.27    Newton...              0.10800000000000002653              0.10800000000000002653 0
17.24.0.0135              0.10800000000000002653 0.27    Newton...              0.12150000000000002465              0.12150000000000002465 0
17.25.0.0135              0.12150000000000002465 0.27    Newton...              0.13500000000000000888              0.13500000000000000888 0
17.26.0.0135              0.13500000000000000888 0.27    Newton...              0.14850000000000002087              0.14850000000000002087 0
17.27.0.0135              0.14850000000000002087 0.27    Newton...              0.16200000000000003286              0.16200000000000003286 0
17.28.0.0135              0.16200000000000003286 0.27    Newton...              0.17550000000000004485              0.17550000000000004485 0
17.29.0.0135              0.17550000000000004485 0.27    Newton...              0.18900000000000005684              0.18900000000000005684 0
17.30.0.0135              0.18900000000000005684 0.27    Newton...              0.20250000000000006883              0.20250000000000006883 0
17.31.0.0135              0.20250000000000006883 0.27    Newton...              0.21600000000000008082              0.21600000000000008082 0
17.32.0.0135              0.21600000000000008082 0.27    Newton...              0.22950000000000009281              0.22950000000000009281 0
17.33.0.0135              0.22950000000000009281 0.27    Newton...              0.24300000000000010481              0.24300000000000010481 0
17.34.0.0135              0.24300000000000010481 0.27    Newton...              0.25650000000000011680              0.25650000000000011680 0
17.35.0.0135              0.25650000000000011680 0.27    Newton...              0.27000000000000012879              0.27000000000000012879 0
18.1.-0.0135              0.27000000000000012879 -0.27    Newton...              0.25650000000000011680              0.25650000000000011680 0
18.2.-0.0135              0.25650000000000011680 -0.27    Newton...              0.24300000000000010481              0.24300000000000010481 0
18.3.-0.0135              0.24300000000000010481 -0.27    Newton...              0.22950000000000009281              0.22950000000000009281 0
18.4.-0.0135              0.22950000000000009281 -0.27    Newton...              0.21600000000000008082              0.21600000000000008082 0
18.5.-0.0135              0.21600000000000008082 -0.27    Newton...              0.20250000000000006883              0.20250000000000006883 0
18.6.-0.0135              0.20250000000000006883 -0.27    Newton...              0.18900000000000005684              0.18900000000000005684 0
18.7.-0.0135              0.18900000000000005684 -0.27    Newton...              0.17550000000000004485              0.17550000000000004485 0
18.8.-0.0135              0.17550000000000004485 -0.27    Newton...              0.16200000000000003286              0.16200000000000003286 0
18.9.-0.0135              0.16200000000000003286 -0.27    Newton...              0.14850000000000002087              0.14850000000000002087 0
18.10.-0.0135              0.14850000000000002087 -0.27    Newton...              0.13500000000000000888              0.13500000000000000888 0
18.11.-0.0135              0.13500000000000000888 -0.27    Newton...              0.12150000000000001077              0.12150000000000001077 0
18.12.-0.0135              0.12150000000000001077 -0.27    Newton...              0.10800000000000001266              0.10800000000000001266 0
18.13.-0.0135              0.10800000000000001266 -0.27    Newton...              0.09450000000000001454              0.09450000000000001454 0
18.14.-0.0135              0.09450000000000001454 -0.27    Newton...              0.08100000000000001643              0.08100000000000001643 0
18.15.-0.0135              0.08100000000000001643 -0.27    Newton...              0.06750000000000001832              0.06750000000000001832 0
18.16.-0.0135              0.06750000000000001832 -0.27    Newton...              0.05400000000000002021              0.05400000000000002021 0
18.17.-0.0135              0.05400000000000002021 -0.27    Newton...              0.04050000000000002209              0.04050000000000002209 0
18.18.-0.0135              0.04050000000000002209 -0.27    Newton...              0.02700000000000002398              0.02700000000000002398 0
18.19.-0.0135              0.02700000000000002398 -0.27    Newton...              0.01350000000000002413              0.01350000000000002413 0
18.20.-0.0135              0.01350000000000002413 -0.27    Newton...              0.00000000000000002429              0.00000000000000002429 0
18.21.-0.0135              0.00000000000000002429 -0.27    Newton...             -0.01349999999999997556             -0.01349999999999997556 0
18.22.-0.0135             -0.01349999999999997556 -0.27    Newton...             -0.02699999999999997541             -0.02699999999999997541 0
18.23.-0.0135             -0.02699999999999997541 -0.27    Newton...             -0.04049999999999997352             -0.04049999999999997352 0
18.24.-0.0135             -0.04049999999999997352 -0.27    Newton...             -0.05399999999999997163             -0.05399999999999997163 0
18.25.-0.0135             -0.05399999999999997163 -0.27    Newton...             -0.06749999999999997669             -0.06749999999999997669 0
18.26.-0.0135             -0.06749999999999997669 -0.27    Newton...             -0.08099999999999997480             -0.08099999999999997480 0
18.27.-0.0135             -0.08099999999999997480 -0.27    Newton...             -0.09449999999999997291             -0.09449999999999997291 0
18.28.-0.0135             -0.09449999999999997291 -0.27    Newton...             -0.10799999999999997102             -0.10799999999999997102 0
18.29.-0.0135             -0.10799999999999997102 -0.27    Newton...             -0.12149999999999996914             -0.12149999999999996914 0
18.30.-0.0135             -0.12149999999999996914 -0.27    Newton...             -0.13499999999999998113             -0.13499999999999998113 0
18.31.-0.0135             -0.13499999999999998113 -0.27    Newton...             -0.14849999999999999312             -0.14849999999999999312 0
18.32.-0.0135             -0.14849999999999999312 -0.27    Newton...             -0.16200000000000000511             -0.16200000000000000511 0
18.33.-0.0135             -0.16200000000000000511 -0.27    Newton...             -0.17550000000000001710             -0.17550000000000001710 0
18.34.-0.0135             -0.17550000000000001710 -0.27    Newton...             -0.18900000000000002909             -0.18900000000000002909 0
18.35.-0.0135             -0.18900000000000002909 -0.27    Newton...             -0.20250000000000004108             -0.20250000000000004108 0
18.36.-0.0135             -0.20250000000000004108 -0.27    Newton...             -0.21600000000000005307             -0.21600000000000005307 0
18.37.-0.0135             -0.21600000000000005307 -0.27    Newton...             -0.22950000000000006506             -0.22950000000000006506 0
18.38.-0.0135             -0.22950000000000006506 -0.27    Newton...             -0.24300000000000007705             -0.24300000000000007705 0
18.39.-0.0135             -0.24300000000000007705 -0.27    Newton...             -0.25650000000000006128             -0.25650000000000006128 0
18.40.-0.0135             -0.25650000000000006128 -0.27    Newton...             -0.27000000000000007327             -0.27000000000000007327 0
19.1.0.0135             -0.27000000000000007327 0.27    Newton...             -0.25650000000000006128             -0.25650000000000006128 0
19.2.0.0135             -0.25650000000000006128 0.27    Newton...             -0.24300000000000004929             -0.24300000000000004929 0
19.3.0.0135             -0.24300000000000004929 0.27    Newton...             -0.22950000000000003730             -0.22950000000000003730 0
19.4.0.0135             -0.22950000000000003730 0.27    Newton...             -0.21600000000000002531             -0.21600000000000002531 0
19.5.0.0135             -0.21600000000000002531 0.27    Newton...             -0.20250000000000001332             -0.20250000000000001332 0
19.6.0.0135             -0.20250000000000001332 0.27    Newton...             -0.18900000000000000133             -0.18900000000000000133 0
19.7.0.0135             -0.18900000000000000133 0.27    Newton...             -0.17549999999999998934             -0.17549999999999998934 0
19.8.0.0135             -0.17549999999999998934 0.27    Newton...             -0.16199999999999997735             -0.16199999999999997735 0
19.9.0.0135             -0.16199999999999997735 0.27    Newton...             -0.14849999999999996536             -0.14849999999999996536 0
19.10.0.0135             -0.14849999999999996536 0.27    Newton...             -0.13499999999999995337             -0.13499999999999995337 0
19.11.0.0135             -0.13499999999999995337 0.27    Newton...             -0.12149999999999995526             -0.12149999999999995526 0
19.12.0.0135             -0.12149999999999995526 0.27    Newton...             -0.10799999999999995715             -0.10799999999999995715 0
19.13.0.0135             -0.10799999999999995715 0.27    Newton...             -0.09449999999999995903             -0.09449999999999995903 0
19.14.0.0135             -0.09449999999999995903 0.27    Newton...             -0.08099999999999996092             -0.08099999999999996092 0
19.15.0.0135             -0.08099999999999996092 0.27    Newton...             -0.06749999999999996281             -0.06749999999999996281 0
19.16.0.0135             -0.06749999999999996281 0.27    Newton...             -0.05399999999999996469             -0.05399999999999996469 0
19.17.0.0135             -0.05399999999999996469 0.27    Newton...             -0.04049999999999996658             -0.04049999999999996658 0
19.18.0.0135             -0.04049999999999996658 0.27    Newton...             -0.02699999999999996847             -0.02699999999999996847 0
19.19.0.0135             -0.02699999999999996847 0.27    Newton...             -0.01349999999999996862             -0.01349999999999996862 0
19.20.0.0135             -0.01349999999999996862 0.27    Newton...              0.00000000000000003123              0.00000000000000003123 0
19.21.0.0135              0.00000000000000003123 0.27    Newton...              0.01350000000000003107              0.01350000000000003107 0
19.22.0.0135              0.01350000000000003107 0.27    Newton...              0.02700000000000003092              0.02700000000000003092 0
19.23.0.0135              0.02700000000000003092 0.27    Newton...              0.04050000000000002903              0.04050000000000002903 0
19.24.0.0135              0.04050000000000002903 0.27    Newton...              0.05400000000000002714              0.05400000000000002714 0
19.25.0.0135              0.05400000000000002714 0.27    Newton...              0.06750000000000003220              0.06750000000000003220 0
19.26.0.0135              0.06750000000000003220 0.27    Newton...              0.08100000000000003031              0.08100000000000003031 0
19.27.0.0135              0.08100000000000003031 0.27    Newton...              0.09450000000000002842              0.09450000000000002842 0
19.28.0.0135              0.09450000000000002842 0.27    Newton...              0.10800000000000002653              0.10800000000000002653 0
19.29.0.0135              0.10800000000000002653 0.27    Newton...              0.12150000000000002465              0.12150000000000002465 0
19.30.0.0135              0.12150000000000002465 0.27    Newton...              0.13500000000000003664              0.13500000000000003664 0
19.31.0.0135              0.13500000000000003664 0.27    Newton...              0.14850000000000002087              0.14850000000000002087 0
19.32.0.0135              0.14850000000000002087 0.27    Newton...              0.16200000000000003286              0.16200000000000003286 0
19.33.0.0135              0.16200000000000003286 0.27    Newton...              0.17550000000000004485              0.17550000000000004485 0
19.34.0.0135              0.17550000000000004485 0.27    Newton...              0.18900000000000005684              0.18900000000000005684 0
19.35.0.0135              0.18900000000000005684 0.27    Newton...              0.20250000000000006883              0.20250000000000006883 0
19.36.0.0135              0.20250000000000006883 0.27    Newton...              0.21600000000000008082              0.21600000000000008082 0
19.37.0.0135              0.21600000000000008082 0.27    Newton...              0.22950000000000009281              0.22950000000000009281 0
19.38.0.0135              0.22950000000000009281 0.27    Newton...              0.24300000000000010481              0.24300000000000010481 0
19.39.0.0135              0.24300000000000010481 0.27    Newton...              0.25650000000000011680              0.25650000000000011680 0
19.40.0.0135              0.25650000000000011680 0.27    Newton...              0.27000000000000012879              0.27000000000000012879 0
20.1.-0.0135              0.27000000000000012879 -0.27    Newton...              0.25650000000000011680              0.25650000000000011680 0
20.2.-0.0135              0.25650000000000011680 -0.27    Newton...              0.24300000000000010481              0.24300000000000010481 0
20.3.-0.0135              0.24300000000000010481 -0.27    Newton...              0.22950000000000009281              0.22950000000000009281 0
20.4.-0.0135              0.22950000000000009281 -0.27    Newton...              0.21600000000000008082              0.21600000000000008082 0
20.5.-0.0135              0.21600000000000008082 -0.27    Newton...              0.20250000000000006883              0.20250000000000006883 0
20.6.-0.0135              0.20250000000000006883 -0.27    Newton...              0.18900000000000005684              0.18900000000000005684 0
20.7.-0.0135              0.18900000000000005684 -0.27    Newton...              0.17550000000000004485              0.17550000000000004485 0
20.8.-0.0135              0.17550000000000004485 -0.27    Newton...              0.16200000000000003286              0.16200000000000003286 0
20.9.-0.0135              0.16200000000000003286 -0.27    Newton...              0.14850000000000002087              0.14850000000000002087 0
20.10.-0.0135              0.14850000000000002087 -0.27    Newton...              0.13500000000000000888              0.13500000000000000888 0
20.11.-0.0135              0.13500000000000000888 -0.27    Newton...              0.12150000000000001077              0.12150000000000001077 0
20.12.-0.0135              0.12150000000000001077 -0.27    Newton...              0.10800000000000001266              0.10800000000000001266 0
20.13.-0.0135              0.10800000000000001266 -0.27    Newton...              0.09450000000000001454              0.09450000000000001454 0
20.14.-0.0135              0.09450000000000001454 -0.27    Newton...              0.08100000000000001643              0.08100000000000001643 0
20.15.-0.0135              0.08100000000000001643 -0.27    Newton...              0.06750000000000001832              0.06750000000000001832 0
20.16.-0.0135              0.06750000000000001832 -0.27    Newton...              0.05400000000000002021              0.05400000000000002021 0
20.17.-0.0135              0.05400000000000002021 -0.27    Newton...              0.04050000000000002209              0.04050000000000002209 0
20.18.-0.0135              0.04050000000000002209 -0.27    Newton...              0.02700000000000002398              0.02700000000000002398 0
20.19.-0.0135              0.02700000000000002398 -0.27    Newton...              0.01350000000000002413              0.01350000000000002413 0
20.20.-0.0135              0.01350000000000002413 -0.27    Newton...              0.00000000000000002426              0.00000000000000002426 0
20.21.-0.0135              0.00000000000000002426 -0.27    Newton...             -0.01349999999999997383             -0.01349999999999997383 0
20.22.-0.0135             -0.01349999999999997383 -0.27    Newton...             -0.02699999999999997541             -0.02699999999999997541 0
20.23.-0.0135             -0.02699999999999997541 -0.27    Newton...             -0.04049999999999997352             -0.04049999999999997352 0
20.24.-0.0135             -0.04049999999999997352 -0.27    Newton...             -0.05399999999999997163             -0.05399999999999997163 0
20.25.-0.0135             -0.05399999999999997163 -0.27    Newton...             -0.06749999999999997669             -0.06749999999999997669 0
20.26.-0.0135             -0.06749999999999997669 -0.27    Newton...             -0.08099999999999997480             -0.08099999999999997480 0
20.27.-0.0135             -0.08099999999999997480 -0.27    Newton...             -0.09449999999999997291             -0.09449999999999997291 0
20.28.-0.0135             -0.09449999999999997291 -0.27    Newton...             -0.10799999999999997102             -0.10799999999999997102 0
20.29.-0.0135             -0.10799999999999997102 -0.27    Newton...             -0.12149999999999996914             -0.12149999999999996914 0
20.30.-0.0135             -0.12149999999999996914 -0.27    Newton...             -0.13499999999999998113             -0.13499999999999998113 0
20.31.-0.0135             -0.13499999999999998113 -0.27    Newton...             -0.14849999999999999312             -0.14849999999999999312 0
20.32.-0.0135             -0.14849999999999999312 -0.27    Newton...             -0.16200000000000000511             -0.16200000000000000511 0
20.33.-0.0135             -0.16200000000000000511 -0.27    Newton...             -0.17549999999999998934             -0.17549999999999998934 0
20.34.-0.0135             -0.17549999999999998934 -0.27    Newton...             -0.18900000000000000133             -0.18900000000000000133 0
20.35.-0.0135             -0.18900000000000000133 -0.27    Newton...             -0.20250000000000001332             -0.20250000000000001332 0
20.36.-0.0135             -0.20250000000000001332 -0.27    Newton...             -0.21600000000000002531             -0.21600000000000002531 0
20.37.-0.0135             -0.21600000000000002531 -0.27    Newton...             -0.22950000000000003730             -0.22950000000000003730 0
20.38.-0.0135             -0.22950000000000003730 -0.27    Newton...             -0.24300000000000004929             -0.24300000000000004929 0
20.39.-0.0135             -0.24300000000000004929 -0.27    Newton...             -0.25650000000000006128             -0.25650000000000006128 0
20.40.-0.0135             -0.25650000000000006128 -0.27    Newton...             -0.27000000000000007327             -0.27000000000000007327 0
21.1.0.0135             -0.27000000000000007327 0.40499999999999997    Newton...             -0.25650000000000006128             -0.25650000000000006128 0
21.2.0.0135             -0.25650000000000006128 0.40499999999999997    Newton...             -0.24300000000000004929             -0.24300000000000004929 0
21.3.0.0135             -0.24300000000000004929 0.40499999999999997    Newton...             -0.22950000000000003730             -0.22950000000000003730 0
21.4.0.0135             -0.22950000000000003730 0.40499999999999997    Newton...             -0.21600000000000002531             -0.21600000000000002531 0
21.5.0.0135             -0.21600000000000002531 0.40499999999999997    Newton...             -0.20250000000000001332             -0.20250000000000001332 0
21.6.0.0135             -0.20250000000000001332 0.40499999999999997    Newton...             -0.18900000000000000133             -0.18900000000000000133 0
21.7.0.0135             -0.18900000000000000133 0.40499999999999997    Newton...             -0.17549999999999998934             -0.17549999999999998934 0
21.8.0.0135             -0.17549999999999998934 0.40499999999999997    Newton...             -0.16199999999999997735             -0.16199999999999997735 0
21.9.0.0135             -0.16199999999999997735 0.40499999999999997    Newton...             -0.14849999999999996536             -0.14849999999999996536 0
21.10.0.0135             -0.14849999999999996536 0.40499999999999997    Newton...             -0.13499999999999995337             -0.13499999999999995337 0
21.11.0.0135             -0.13499999999999995337 0.40499999999999997    Newton...             -0.12149999999999995526             -0.12149999999999995526 0
21.12.0.0135             -0.12149999999999995526 0.40499999999999997    Newton...             -0.10799999999999995715             -0.10799999999999995715 0
21.13.0.0135             -0.10799999999999995715 0.40499999999999997    Newton...             -0.09449999999999995903             -0.09449999999999995903 0
21.14.0.0135             -0.09449999999999995903 0.40499999999999997    Newton...             -0.08099999999999996092             -0.08099999999999996092 0
21.15.0.0135             -0.08099999999999996092 0.40499999999999997    Newton...             -0.06749999999999996281             -0.06749999999999996281 0
21.16.0.0135             -0.06749999999999996281 0.40499999999999997    Newton...             -0.05399999999999996469             -0.05399999999999996469 0
21.17.0.0135             -0.05399999999999996469 0.40499999999999997    Newton...             -0.04049999999999996658             -0.04049999999999996658 0
21.18.0.0135             -0.04049999999999996658 0.40499999999999997    Newton...             -0.02699999999999996847             -0.02699999999999996847 0
21.19.0.0135             -0.02699999999999996847 0.40499999999999997    Newton...             -0.01349999999999996862             -0.01349999999999996862 0
21.20.0.0135             -0.01349999999999996862 0.40499999999999997    Newton...              0.00000000000000003123              0.00000000000000003123 0
21.21.0.0135              0.00000000000000003123 0.40499999999999997    Newton...              0.01350000000000003107              0.01350000000000003107 0
21.22.0.0135              0.01350000000000003107 0.40499999999999997    Newton...              0.02700000000000003092              0.02700000000000003092 0
21.23.0.0135              0.02700000000000003092 0.40499999999999997    Newton...              0.04050000000000002903              0.04050000000000002903 0
21.24.0.0135              0.04050000000000002903 0.40499999999999997    Newton...              0.05400000000000002714              0.05400000000000002714 0
21.25.0.0135              0.05400000000000002714 0.40499999999999997    Newton...              0.06750000000000003220              0.06750000000000003220 0
21.26.0.0135              0.06750000000000003220 0.40499999999999997    Newton...              0.08100000000000003031              0.08100000000000003031 0
21.27.0.0135              0.08100000000000003031 0.40499999999999997    Newton...              0.09450000000000002842              0.09450000000000002842 0
21.28.0.0135              0.09450000000000002842 0.40499999999999997    Newton...              0.10800000000000002653              0.10800000000000002653 0
21.29.0.0135              0.10800000000000002653 0.40499999999999997    Newton...              0.12150000000000002465              0.12150000000000002465 0
21.30.0.0135              0.12150000000000002465 0.40499999999999997    Newton...              0.13500000000000003664              0.13500000000000003664 0
21.31.0.0135              0.13500000000000003664 0.40499999999999997    Newton...              0.14850000000000002087              0.14850000000000002087 0
21.32.0.0135              0.14850000000000002087 0.40499999999999997    Newton...              0.16200000000000003286              0.16200000000000003286 0
21.33.0.0135              0.16200000000000003286 0.40499999999999997    Newton...              0.17550000000000004485              0.17550000000000004485 0
21.34.0.0135              0.17550000000000004485 0.40499999999999997    Newton...              0.18900000000000005684              0.18900000000000005684 0
21.35.0.0135              0.18900000000000005684 0.40499999999999997    Newton...              0.20250000000000006883              0.20250000000000006883 0
21.36.0.0135              0.20250000000000006883 0.40499999999999997    Newton...              0.21600000000000008082              0.21600000000000008082 0
21.37.0.0135              0.21600000000000008082 0.40499999999999997    Newton...              0.22950000000000009281              0.22950000000000009281 0
21.38.0.0135              0.22950000000000009281 0.40499999999999997    Newton...              0.24300000000000010481              0.24300000000000010481 0
21.39.0.0135              0.24300000000000010481 0.40499999999999997    Newton...              0.25650000000000011680              0.25650000000000011680 0
21.40.0.0135              0.25650000000000011680 0.40499999999999997    Newton...              0.27000000000000012879              0.27000000000000012879 0
21.41.0.0135              0.27000000000000012879 0.40499999999999997    Newton...              0.28350000000000014078              0.28350000000000014078 0
21.42.0.0135              0.28350000000000014078 0.40499999999999997    Newton...              0.29700000000000015277              0.29700000000000015277 0
21.43.0.0135              0.29700000000000015277 0.40499999999999997    Newton...              0.31050000000000016476              0.31050000000000016476 0
21.44.0.0135              0.31050000000000016476 0.40499999999999997    Newton...              0.32400000000000017675              0.32400000000000017675 0
21.45.0.0135              0.32400000000000017675 0.40499999999999997    Newton...              0.33750000000000018874              0.33750000000000018874 0
21.46.0.0135              0.33750000000000018874 0.40499999999999997    Newton...              0.35100000000000020073              0.35100000000000020073 0
21.47.0.0135              0.35100000000000020073 0.40499999999999997    Newton...              0.36450000000000021272              0.36450000000000021272 0
21.48.0.0135              0.36450000000000021272 0.40499999999999997    Newton...              0.37800000000000022471              0.37800000000000022471 0
21.49.0.0135              0.37800000000000022471 0.40499999999999997    Newton...              0.39150000000000023670              0.39150000000000023670 0
21.50.0.0135              0.39150000000000023670 0.40499999999999997    Newton...              0.40500000000000024869              0.40500000000000024869 0
22.1.-0.0135              0.40500000000000024869 -0.40499999999999997    Newton...              0.39150000000000023670              0.39150000000000023670 0
22.2.-0.0135              0.39150000000000023670 -0.40499999999999997    Newton...              0.37800000000000022471              0.37800000000000022471 0
22.3.-0.0135              0.37800000000000022471 -0.40499999999999997    Newton...              0.36450000000000021272              0.36450000000000021272 0
22.4.-0.0135              0.36450000000000021272 -0.40499999999999997    Newton...              0.35100000000000020073              0.35100000000000020073 0
22.5.-0.0135              0.35100000000000020073 -0.40499999999999997    Newton...              0.33750000000000018874              0.33750000000000018874 0
22.6.-0.0135              0.33750000000000018874 -0.40499999999999997    Newton...              0.32400000000000017675              0.32400000000000017675 0
22.7.-0.0135              0.32400000000000017675 -0.40499999999999997    Newton...              0.31050000000000016476              0.31050000000000016476 0
22.8.-0.0135              0.31050000000000016476 -0.40499999999999997    Newton...              0.29700000000000015277              0.29700000000000015277 0
22.9.-0.0135              0.29700000000000015277 -0.40499999999999997    Newton...              0.28350000000000014078              0.28350000000000014078 0
22.10.-0.0135              0.28350000000000014078 -0.40499999999999997    Newton...              0.27000000000000012879              0.27000000000000012879 0
22.11.-0.0135              0.27000000000000012879 -0.40499999999999997    Newton...              0.25650000000000011680              0.25650000000000011680 0
22.12.-0.0135              0.25650000000000011680 -0.40499999999999997    Newton...              0.24300000000000010481              0.24300000000000010481 0
22.13.-0.0135              0.24300000000000010481 -0.40499999999999997    Newton...              0.22950000000000009281              0.22950000000000009281 0
22.14.-0.0135              0.22950000000000009281 -0.40499999999999997    Newton...              0.21600000000000008082              0.21600000000000008082 0
22.15.-0.0135              0.21600000000000008082 -0.40499999999999997    Newton...              0.20250000000000006883              0.20250000000000006883 0
22.16.-0.0135              0.20250000000000006883 -0.40499999999999997    Newton...              0.18900000000000005684              0.18900000000000005684 0
22.17.-0.0135              0.18900000000000005684 -0.40499999999999997    Newton...              0.17550000000000004485              0.17550000000000004485 0
22.18.-0.0135              0.17550000000000004485 -0.40499999999999997    Newton...              0.16200000000000003286              0.16200000000000003286 0
22.19.-0.0135              0.16200000000000003286 -0.40499999999999997    Newton...              0.14850000000000002087              0.14850000000000002087 0
22.20.-0.0135              0.14850000000000002087 -0.40499999999999997    Newton...              0.13500000000000000888              0.13500000000000000888 0
22.21.-0.0135              0.13500000000000000888 -0.40499999999999997    Newton...              0.12150000000000001077              0.12150000000000001077 0
22.22.-0.0135              0.12150000000000001077 -0.40499999999999997    Newton...              0.10800000000000001266              0.10800000000000001266 0
22.23.-0.0135              0.10800000000000001266 -0.40499999999999997    Newton...              0.09450000000000001454              0.09450000000000001454 0
22.24.-0.0135              0.09450000000000001454 -0.40499999999999997    Newton...              0.08100000000000001643              0.08100000000000001643 0
22.25.-0.0135              0.08100000000000001643 -0.40499999999999997    Newton...              0.06750000000000001832              0.06750000000000001832 0
22.26.-0.0135              0.06750000000000001832 -0.40499999999999997    Newton...              0.05400000000000002021              0.05400000000000002021 0
22.27.-0.0135              0.05400000000000002021 -0.40499999999999997    Newton...              0.04050000000000002209              0.04050000000000002209 0
22.28.-0.0135              0.04050000000000002209 -0.40499999999999997    Newton...              0.02700000000000002398              0.02700000000000002398 0
22.29.-0.0135              0.02700000000000002398 -0.40499999999999997    Newton...              0.01350000000000002587              0.01350000000000002587 0
22.30.-0.0135              0.01350000000000002587 -0.40499999999999997    Newton...              0.00000000000000002602              0.00000000000000002602 0
22.31.-0.0135              0.00000000000000002602 -0.40499999999999997    Newton...             -0.01349999999999997209             -0.01349999999999997209 0
22.32.-0.0135             -0.01349999999999997209 -0.40499999999999997    Newton...             -0.02699999999999997194             -0.02699999999999997194 0
22.33.-0.0135             -0.02699999999999997194 -0.40499999999999997    Newton...             -0.04049999999999997352             -0.04049999999999997352 0
22.34.-0.0135             -0.04049999999999997352 -0.40499999999999997    Newton...             -0.05399999999999997163             -0.05399999999999997163 0
22.35.-0.0135             -0.05399999999999997163 -0.40499999999999997    Newton...             -0.06749999999999997669             -0.06749999999999997669 0
22.36.-0.0135             -0.06749999999999997669 -0.40499999999999997    Newton...             -0.08099999999999997480             -0.08099999999999997480 0
22.37.-0.0135             -0.08099999999999997480 -0.40499999999999997    Newton...             -0.09449999999999997291             -0.09449999999999997291 0
22.38.-0.0135             -0.09449999999999997291 -0.40499999999999997    Newton...             -0.10799999999999997102             -0.10799999999999997102 0
22.39.-0.0135             -0.10799999999999997102 -0.40499999999999997    Newton...             -0.12149999999999996914             -0.12149999999999996914 0
22.40.-0.0135             -0.12149999999999996914 -0.40499999999999997    Newton...             -0.13499999999999998113             -0.13499999999999998113 0
22.41.-0.0135             -0.13499999999999998113 -0.40499999999999997    Newton...             -0.14849999999999999312             -0.14849999999999999312 0
22.42.-0.0135             -0.14849999999999999312 -0.40499999999999997    Newton...             -0.16200000000000000511             -0.16200000000000000511 0
22.43.-0.0135             -0.16200000000000000511 -0.40499999999999997    Newton...             -0.17550000000000001710             -0.17550000000000001710 0
22.44.-0.0135             -0.17550000000000001710 -0.40499999999999997    Newton...             -0.18900000000000002909             -0.18900000000000002909 0
22.45.-0.0135             -0.18900000000000002909 -0.40499999999999997    Newton...             -0.20250000000000001332             -0.20250000000000001332 0
22.46.-0.0135             -0.20250000000000001332 -0.40499999999999997    Newton...             -0.21600000000000002531             -0.21600000000000002531 0
22.47.-0.0135             -0.21600000000000002531 -0.40499999999999997    Newton...             -0.22950000000000003730             -0.22950000000000003730 0
22.48.-0.0135             -0.22950000000000003730 -0.40499999999999997    Newton...             -0.24300000000000004929             -0.24300000000000004929 0
22.49.-0.0135             -0.24300000000000004929 -0.40499999999999997    Newton...             -0.25650000000000006128             -0.25650000000000006128 0
22.50.-0.0135             -0.25650000000000006128 -0.40499999999999997    Newton...             -0.27000000000000007327             -0.27000000000000007327 0
22.51.-0.0135             -0.27000000000000007327 -0.40499999999999997    Newton...             -0.28350000000000008527             -0.28350000000000008527 0
22.52.-0.0135             -0.28350000000000008527 -0.40499999999999997    Newton...             -0.29700000000000009726             -0.29700000000000009726 0
22.53.-0.0135             -0.29700000000000009726 -0.40499999999999997    Newton...             -0.31050000000000010925             -0.31050000000000010925 0
22.54.-0.0135             -0.31050000000000010925 -0.40499999999999997    Newton...             -0.32400000000000012124             -0.32400000000000012124 0
22.55.-0.0135             -0.32400000000000012124 -0.40499999999999997    Newton...             -0.33750000000000013323             -0.33750000000000013323 0
22.56.-0.0135             -0.33750000000000013323 -0.40499999999999997    Newton...             -0.35100000000000014522             -0.35100000000000014522 0
22.57.-0.0135             -0.35100000000000014522 -0.40499999999999997    Newton...             -0.36450000000000015721             -0.36450000000000015721 0
22.58.-0.0135             -0.36450000000000015721 -0.40499999999999997    Newton...             -0.37800000000000016920             -0.37800000000000016920 0
22.59.-0.0135             -0.37800000000000016920 -0.40499999999999997    Newton...             -0.39150000000000018119             -0.39150000000000018119 0
22.60.-0.0135             -0.39150000000000018119 -0.40499999999999997    Newton...             -0.40500000000000019318             -0.40500000000000019318 0
23.1.0.0135             -0.40500000000000019318 0.40499999999999997    Newton...             -0.39150000000000018119             -0.39150000000000018119 0
23.2.0.0135             -0.39150000000000018119 0.40499999999999997    Newton...             -0.37800000000000016920             -0.37800000000000016920 0
23.3.0.0135             -0.37800000000000016920 0.40499999999999997    Newton...             -0.36450000000000015721             -0.36450000000000015721 0
23.4.0.0135             -0.36450000000000015721 0.40499999999999997    Newton...             -0.35100000000000014522             -0.35100000000000014522 0
23.5.0.0135             -0.35100000000000014522 0.40499999999999997    Newton...             -0.33750000000000013323             -0.33750000000000013323 0
23.6.0.0135             -0.33750000000000013323 0.40499999999999997    Newton...             -0.32400000000000012124             -0.32400000000000012124 0
23.7.0.0135             -0.32400000000000012124 0.40499999999999997    Newton...             -0.31050000000000010925             -0.31050000000000010925 0
23.8.0.0135             -0.31050000000000010925 0.40499999999999997    Newton...             -0.29700000000000009726             -0.29700000000000009726 0
23.9.0.0135             -0.29700000000000009726 0.40499999999999997    Newton...             -0.28350000000000008527             -0.28350000000000008527 0
23.10.0.0135             -0.28350000000000008527 0.40499999999999997    Newton...             -0.27000000000000007327             -0.27000000000000007327 0
23.11.0.0135             -0.27000000000000007327 0.40499999999999997    Newton...             -0.25650000000000006128             -0.25650000000000006128 0
23.12.0.0135             -0.25650000000000006128 0.40499999999999997    Newton...             -0.24300000000000004929             -0.24300000000000004929 0
23.13.0.0135             -0.24300000000000004929 0.40499999999999997    Newton...             -0.22950000000000003730             -0.22950000000000003730 0
23.14.0.0135             -0.22950000000000003730 0.40499999999999997    Newton...             -0.21600000000000002531             -0.21600000000000002531 0
23.15.0.0135             -0.21600000000000002531 0.40499999999999997    Newton...             -0.20250000000000001332             -0.20250000000000001332 0
23.16.0.0135             -0.20250000000000001332 0.40499999999999997    Newton...             -0.18900000000000000133             -0.18900000000000000133 0
23.17.0.0135             -0.18900000000000000133 0.40499999999999997    Newton...             -0.17549999999999998934             -0.17549999999999998934 0
23.18.0.0135             -0.17549999999999998934 0.40499999999999997    Newton...             -0.16199999999999997735             -0.16199999999999997735 0
23.19.0.0135             -0.16199999999999997735 0.40499999999999997    Newton...             -0.14849999999999996536             -0.14849999999999996536 0
23.20.0.0135             -0.14849999999999996536 0.40499999999999997    Newton...             -0.13499999999999995337             -0.13499999999999995337 0
23.21.0.0135             -0.13499999999999995337 0.40499999999999997    Newton...             -0.12149999999999995526             -0.12149999999999995526 0
23.22.0.0135             -0.12149999999999995526 0.40499999999999997    Newton...             -0.10799999999999995715             -0.10799999999999995715 0
23.23.0.0135             -0.10799999999999995715 0.40499999999999997    Newton...             -0.09449999999999995903             -0.09449999999999995903 0
23.24.0.0135             -0.09449999999999995903 0.40499999999999997    Newton...             -0.08099999999999996092             -0.08099999999999996092 0
23.25.0.0135             -0.08099999999999996092 0.40499999999999997    Newton...             -0.06749999999999996281             -0.06749999999999996281 0
23.26.0.0135             -0.06749999999999996281 0.40499999999999997    Newton...             -0.05399999999999996469             -0.05399999999999996469 0
23.27.0.0135             -0.05399999999999996469 0.40499999999999997    Newton...             -0.04049999999999996658             -0.04049999999999996658 0
23.28.0.0135             -0.04049999999999996658 0.40499999999999997    Newton...             -0.02699999999999996847             -0.02699999999999996847 0
23.29.0.0135             -0.02699999999999996847 0.40499999999999997    Newton...             -0.01349999999999996862             -0.01349999999999996862 0
23.30.0.0135             -0.01349999999999996862 0.40499999999999997    Newton...              0.00000000000000003123              0.00000000000000003123 0
23.31.0.0135              0.00000000000000003123 0.40499999999999997    Newton...              0.01350000000000003107              0.01350000000000003107 0
23.32.0.0135              0.01350000000000003107 0.40499999999999997    Newton...              0.02700000000000003092              0.02700000000000003092 0
23.33.0.0135              0.02700000000000003092 0.40499999999999997    Newton...              0.04050000000000002903              0.04050000000000002903 0
23.34.0.0135              0.04050000000000002903 0.40499999999999997    Newton...              0.05400000000000002714              0.05400000000000002714 0
23.35.0.0135              0.05400000000000002714 0.40499999999999997    Newton...              0.06750000000000003220              0.06750000000000003220 0
23.36.0.0135              0.06750000000000003220 0.40499999999999997    Newton...              0.08100000000000003031              0.08100000000000003031 0
23.37.0.0135              0.08100000000000003031 0.40499999999999997    Newton...              0.09450000000000002842              0.09450000000000002842 0
23.38.0.0135              0.09450000000000002842 0.40499999999999997    Newton...              0.10800000000000002653              0.10800000000000002653 0
23.39.0.0135              0.10800000000000002653 0.40499999999999997    Newton...              0.12150000000000002465              0.12150000000000002465 0
23.40.0.0135              0.12150000000000002465 0.40499999999999997    Newton...              0.13500000000000003664              0.13500000000000003664 0
23.41.0.0135              0.13500000000000003664 0.40499999999999997    Newton...              0.14850000000000004863              0.14850000000000004863 0
23.42.0.0135              0.14850000000000004863 0.40499999999999997    Newton...              0.16200000000000006062              0.16200000000000006062 0
23.43.0.0135              0.16200000000000006062 0.40499999999999997    Newton...              0.17550000000000007261              0.17550000000000007261 0
23.44.0.0135              0.17550000000000007261 0.40499999999999997    Newton...              0.18900000000000005684              0.18900000000000005684 0
23.45.0.0135              0.18900000000000005684 0.40499999999999997    Newton...              0.20250000000000006883              0.20250000000000006883 0
23.46.0.0135              0.20250000000000006883 0.40499999999999997    Newton...              0.21600000000000008082              0.21600000000000008082 0
23.47.0.0135              0.21600000000000008082 0.40499999999999997    Newton...              0.22950000000000009281              0.22950000000000009281 0
23.48.0.0135              0.22950000000000009281 0.40499999999999997    Newton...              0.24300000000000010481              0.24300000000000010481 0
23.49.0.0135              0.24300000000000010481 0.40499999999999997    Newton...              0.25650000000000011680              0.25650000000000011680 0
23.50.0.0135              0.25650000000000011680 0.40499999999999997    Newton...              0.27000000000000012879              0.27000000000000012879 0
23.51.0.0135              0.27000000000000012879 0.40499999999999997    Newton...              0.28350000000000014078              0.28350000000000014078 0
23.52.0.0135              0.28350000000000014078 0.40499999999999997    Newton...              0.29700000000000015277              0.29700000000000015277 0
23.53.0.0135              0.29700000000000015277 0.40499999999999997    Newton...              0.31050000000000016476              0.31050000000000016476 0
23.54.0.0135              0.31050000000000016476 0.40499999999999997    Newton...              0.32400000000000017675              0.32400000000000017675 0
23.55.0.0135              0.32400000000000017675 0.40499999999999997    Newton...              0.33750000000000018874              0.33750000000000018874 0
23.56.0.0135              0.33750000000000018874 0.40499999999999997    Newton...              0.35100000000000020073              0.35100000000000020073 0
23.57.0.0135              0.35100000000000020073 0.40499999999999997    Newton...              0.36450000000000021272              0.36450000000000021272 0
23.58.0.0135              0.36450000000000021272 0.40499999999999997    Newton...              0.37800000000000022471              0.37800000000000022471 0
23.59.0.0135              0.37800000000000022471 0.40499999999999997    Newton...              0.39150000000000023670              0.39150000000000023670 0
23.60.0.0135              0.39150000000000023670 0.40499999999999997    Newton...              0.40500000000000024869              0.40500000000000024869 0
24.1.-0.0135              0.40500000000000024869 -0.40499999999999997    Newton...              0.39150000000000023670              0.39150000000000023670 0
24.2.-0.0135              0.39150000000000023670 -0.40499999999999997    Newton...              0.37800000000000022471              0.37800000000000022471 0
24.3.-0.0135              0.37800000000000022471 -0.40499999999999997    Newton...              0.36450000000000021272              0.36450000000000021272 0
24.4.-0.0135              0.36450000000000021272 -0.40499999999999997    Newton...              0.35100000000000020073              0.35100000000000020073 0
24.5.-0.0135              0.35100000000000020073 -0.40499999999999997    Newton...              0.33750000000000018874              0.33750000000000018874 0
24.6.-0.0135              0.33750000000000018874 -0.40499999999999997    Newton...              0.32400000000000017675              0.32400000000000017675 0
24.7.-0.0135              0.32400000000000017675 -0.40499999999999997    Newton...              0.31050000000000016476              0.31050000000000016476 0
24.8.-0.0135              0.31050000000000016476 -0.40499999999999997    Newton...              0.29700000000000015277              0.29700000000000015277 0
24.9.-0.0135              0.29700000000000015277 -0.40499999999999997    Newton...              0.28350000000000014078              0.28350000000000014078 0
24.10.-0.0135              0.28350000000000014078 -0.40499999999999997    Newton...              0.27000000000000012879              0.27000000000000012879 0
24.11.-0.0135              0.27000000000000012879 -0.40499999999999997    Newton...              0.25650000000000011680              0.25650000000000011680 0
24.12.-0.0135              0.25650000000000011680 -0.40499999999999997    Newton...              0.24300000000000010481              0.24300000000000010481 0
24.13.-0.0135              0.24300000000000010481 -0.40499999999999997    Newton...              0.22950000000000009281              0.22950000000000009281 0
24.14.-0.0135              0.22950000000000009281 -0.40499999999999997    Newton...              0.21600000000000008082              0.21600000000000008082 0
24.15.-0.0135              0.21600000000000008082 -0.40499999999999997    Newton...              0.20250000000000006883              0.20250000000000006883 0
24.16.-0.0135              0.20250000000000006883 -0.40499999999999997    Newton...              0.18900000000000005684              0.18900000000000005684 0
24.17.-0.0135              0.18900000000000005684 -0.40499999999999997    Newton...              0.17550000000000004485              0.17550000000000004485 0
24.18.-0.0135              0.17550000000000004485 -0.40499999999999997    Newton...              0.16200000000000003286              0.16200000000000003286 0
24.19.-0.0135              0.16200000000000003286 -0.40499999999999997    Newton...              0.14850000000000002087              0.14850000000000002087 0
24.20.-0.0135              0.14850000000000002087 -0.40499999999999997    Newton...              0.13500000000000000888              0.13500000000000000888 0
24.21.-0.0135              0.13500000000000000888 -0.40499999999999997    Newton...              0.12150000000000001077              0.12150000000000001077 0
24.22.-0.0135              0.12150000000000001077 -0.40499999999999997    Newton...              0.10800000000000001266              0.10800000000000001266 0
24.23.-0.0135              0.10800000000000001266 -0.40499999999999997    Newton...              0.09450000000000001454              0.09450000000000001454 0
24.24.-0.0135              0.09450000000000001454 -0.40499999999999997    Newton...              0.08100000000000001643              0.08100000000000001643 0
24.25.-0.0135              0.08100000000000001643 -0.40499999999999997    Newton...              0.06750000000000001832              0.06750000000000001832 0
24.26.-0.0135              0.06750000000000001832 -0.40499999999999997    Newton...              0.05400000000000002021              0.05400000000000002021 0
24.27.-0.0135              0.05400000000000002021 -0.40499999999999997    Newton...              0.04050000000000002209              0.04050000000000002209 0
24.28.-0.0135              0.04050000000000002209 -0.40499999999999997    Newton...              0.02700000000000002398              0.02700000000000002398 0
24.29.-0.0135              0.02700000000000002398 -0.40499999999999997    Newton...              0.01350000000000002413              0.01350000000000002413 0
24.30.-0.0135              0.01350000000000002413 -0.40499999999999997    Newton...              0.00000000000000002429              0.00000000000000002429 0
24.31.-0.0135              0.00000000000000002429 -0.40499999999999997    Newton...             -0.01349999999999997556             -0.01349999999999997556 0
24.32.-0.0135             -0.01349999999999997556 -0.40499999999999997    Newton...             -0.02699999999999997541             -0.02699999999999997541 0
24.33.-0.0135             -0.02699999999999997541 -0.40499999999999997    Newton...             -0.04049999999999997352             -0.04049999999999997352 0
24.34.-0.0135             -0.04049999999999997352 -0.40499999999999997    Newton...             -0.05399999999999997163             -0.05399999999999997163 0
24.35.-0.0135             -0.05399999999999997163 -0.40499999999999997    Newton...             -0.06749999999999997669             -0.06749999999999997669 0
24.36.-0.0135             -0.06749999999999997669 -0.40499999999999997    Newton...             -0.08099999999999997480             -0.08099999999999997480 0
24.37.-0.0135             -0.08099999999999997480 -0.40499999999999997    Newton...             -0.09449999999999997291             -0.09449999999999997291 0
24.38.-0.0135             -0.09449999999999997291 -0.40499999999999997    Newton...             -0.10799999999999997102             -0.10799999999999997102 0
24.39.-0.0135             -0.10799999999999997102 -0.40499999999999997    Newton...             -0.12149999999999996914             -0.12149999999999996914 0
24.40.-0.0135             -0.12149999999999996914 -0.40499999999999997    Newton...             -0.13499999999999998113             -0.13499999999999998113 0
24.41.-0.0135             -0.13499999999999998113 -0.40499999999999997    Newton...             -0.14849999999999999312             -0.14849999999999999312 0
24.42.-0.0135             -0.14849999999999999312 -0.40499999999999997    Newton...             -0.16200000000000000511             -0.16200000000000000511 0
24.43.-0.0135             -0.16200000000000000511 -0.40499999999999997    Newton...             -0.17550000000000001710             -0.17550000000000001710 0
24.44.-0.0135             -0.17550000000000001710 -0.40499999999999997    Newton...             -0.18900000000000002909             -0.18900000000000002909 0
24.45.-0.0135             -0.18900000000000002909 -0.40499999999999997    Newton...             -0.20250000000000004108             -0.20250000000000004108 0
24.46.-0.0135             -0.20250000000000004108 -0.40499999999999997    Newton...             -0.21600000000000005307             -0.21600000000000005307 0
24.47.-0.0135             -0.21600000000000005307 -0.40499999999999997    Newton...             -0.22950000000000006506             -0.22950000000000006506 0
24.48.-0.0135             -0.22950000000000006506 -0.40499999999999997    Newton...             -0.24300000000000007705             -0.24300000000000007705 0
24.49.-0.0135             -0.24300000000000007705 -0.40499999999999997    Newton...             -0.25650000000000006128             -0.25650000000000006128 0
24.50.-0.0135             -0.25650000000000006128 -0.40499999999999997    Newton...             -0.27000000000000007327             -0.27000000000000007327 0
24.51.-0.0135             -0.27000000000000007327 -0.40499999999999997    Newton...             -0.28350000000000008527             -0.28350000000000008527 0
24.52.-0.0135             -0.28350000000000008527 -0.40499999999999997    Newton...             -0.29700000000000009726             -0.29700000000000009726 0
24.53.-0.0135             -0.29700000000000009726 -0.40499999999999997    Newton...             -0.31050000000000010925             -0.31050000000000010925 0
24.54.-0.0135             -0.31050000000000010925 -0.40499999999999997    Newton...             -0.32400000000000012124             -0.32400000000000012124 0
24.55.-0.0135             -0.32400000000000012124 -0.40499999999999997    Newton...             -0.33750000000000013323             -0.33750000000000013323 0
24.56.-0.0135             -0.33750000000000013323 -0.40499999999999997    Newton...             -0.35100000000000014522             -0.35100000000000014522 0
24.57.-0.0135             -0.35100000000000014522 -0.40499999999999997    Newton...             -0.36450000000000015721             -0.36450000000000015721 0
24.58.-0.0135             -0.36450000000000015721 -0.40499999999999997    Newton...             -0.37800000000000016920             -0.37800000000000016920 0
24.59.-0.0135             -0.37800000000000016920 -0.40499999999999997    Newton...             -0.39150000000000018119             -0.39150000000000018119 0
24.60.-0.0135             -0.39150000000000018119 -0.40499999999999997    Newton...             -0.40500000000000019318             -0.40500000000000019318 0
25.1.0.0135             -0.40500000000000019318 0.54    Newton...             -0.39150000000000018119             -0.39150000000000018119 0
25.2.0.0135             -0.39150000000000018119 0.54    Newton...             -0.37800000000000016920             -0.37800000000000016920 0
25.3.0.0135             -0.37800000000000016920 0.54    Newton...             -0.36450000000000015721             -0.36450000000000015721 0
25.4.0.0135             -0.36450000000000015721 0.54    Newton...             -0.35100000000000014522             -0.35100000000000014522 0
25.5.0.0135             -0.35100000000000014522 0.54    Newton...             -0.33750000000000013323             -0.33750000000000013323 0
25.6.0.0135             -0.33750000000000013323 0.54    Newton...             -0.32400000000000012124             -0.32400000000000012124 0
25.7.0.0135             -0.32400000000000012124 0.54    Newton...             -0.31050000000000010925             -0.31050000000000010925 0
25.8.0.0135             -0.31050000000000010925 0.54    Newton...             -0.29700000000000009726             -0.29700000000000009726 0
25.9.0.0135             -0.29700000000000009726 0.54    Newton...             -0.28350000000000008527             -0.28350000000000008527 0
25.10.0.0135             -0.28350000000000008527 0.54    Newton...             -0.27000000000000007327             -0.27000000000000007327 0
25.11.0.0135             -0.27000000000000007327 0.54    Newton...             -0.25650000000000006128             -0.25650000000000006128 0
25.12.0.0135             -0.25650000000000006128 0.54    Newton...             -0.24300000000000004929             -0.24300000000000004929 0
25.13.0.0135             -0.24300000000000004929 0.54    Newton...             -0.22950000000000003730             -0.22950000000000003730 0
25.14.0.0135             -0.22950000000000003730 0.54    Newton...             -0.21600000000000002531             -0.21600000000000002531 0
25.15.0.0135             -0.21600000000000002531 0.54    Newton...             -0.20250000000000001332             -0.20250000000000001332 0
25.16.0.0135             -0.20250000000000001332 0.54    Newton...             -0.18900000000000000133             -0.18900000000000000133 0
25.17.0.0135             -0.18900000000000000133 0.54    Newton...             -0.17549999999999998934             -0.17549999999999998934 0
25.18.0.0135             -0.17549999999999998934 0.54    Newton...             -0.16199999999999997735             -0.16199999999999997735 0
25.19.0.0135             -0.16199999999999997735 0.54    Newton...             -0.14849999999999996536             -0.14849999999999996536 0
25.20.0.0135             -0.14849999999999996536 0.54    Newton...             -0.13499999999999995337             -0.13499999999999995337 0
25.21.0.0135             -0.13499999999999995337 0.54    Newton...             -0.12149999999999995526             -0.12149999999999995526 0
25.22.0.0135             -0.12149999999999995526 0.54    Newton...             -0.10799999999999995715             -0.10799999999999995715 0
25.23.0.0135             -0.10799999999999995715 0.54    Newton...             -0.09449999999999995903             -0.09449999999999995903 0
25.24.0.0135             -0.09449999999999995903 0.54    Newton...             -0.08099999999999996092             -0.08099999999999996092 0
25.25.0.0135             -0.08099999999999996092 0.54    Newton...             -0.06749999999999996281             -0.06749999999999996281 0
25.26.0.0135             -0.06749999999999996281 0.54    Newton...             -0.05399999999999996469             -0.05399999999999996469 0
25.27.0.0135             -0.05399999999999996469 0.54    Newton...             -0.04049999999999996658             -0.04049999999999996658 0
25.28.0.0135             -0.04049999999999996658 0.54    Newton...             -0.02699999999999996847             -0.02699999999999996847 0
25.29.0.0135             -0.02699999999999996847 0.54    Newton...             -0.01349999999999996862             -0.01349999999999996862 0
25.30.0.0135             -0.01349999999999996862 0.54    Newton...              0.00000000000000003123              0.00000000000000003123 0
25.31.0.0135              0.00000000000000003123 0.54    Newton...              0.01350000000000003107              0.01350000000000003107 0
25.32.0.0135              0.01350000000000003107 0.54    Newton...              0.02700000000000003092              0.02700000000000003092 0
25.33.0.0135              0.02700000000000003092 0.54    Newton...              0.04050000000000002903              0.04050000000000002903 0
25.34.0.0135              0.04050000000000002903 0.54    Newton...              0.05400000000000002714              0.05400000000000002714 0
25.35.0.0135              0.05400000000000002714 0.54    Newton...              0.06750000000000003220              0.06750000000000003220 0
25.36.0.0135              0.06750000000000003220 0.54    Newton...              0.08100000000000003031              0.08100000000000003031 0
25.37.0.0135              0.08100000000000003031 0.54    Newton...              0.09450000000000002842              0.09450000000000002842 0
25.38.0.0135              0.09450000000000002842 0.54    Newton...              0.10800000000000002653              0.10800000000000002653 0
25.39.0.0135              0.10800000000000002653 0.54    Newton...              0.12150000000000002465              0.12150000000000002465 0
25.40.0.0135              0.12150000000000002465 0.54    Newton...              0.13500000000000003664              0.13500000000000003664 0
25.41.0.0135              0.13500000000000003664 0.54    Newton...              0.14850000000000004863              0.14850000000000004863 0
25.42.0.0135              0.14850000000000004863 0.54    Newton...              0.16200000000000006062              0.16200000000000006062 0
25.43.0.0135              0.16200000000000006062 0.54    Newton...              0.17550000000000007261              0.17550000000000007261 0
25.44.0.0135              0.17550000000000007261 0.54    Newton...              0.18900000000000005684              0.18900000000000005684 0
25.45.0.0135              0.18900000000000005684 0.54    Newton...              0.20250000000000006883              0.20250000000000006883 0
25.46.0.0135              0.20250000000000006883 0.54    Newton...              0.21600000000000008082              0.21600000000000008082 0
25.47.0.0135              0.21600000000000008082 0.54    Newton...              0.22950000000000009281              0.22950000000000009281 0
25.48.0.0135              0.22950000000000009281 0.54    Newton...              0.24300000000000010481              0.24300000000000010481 0
25.49.0.0135              0.24300000000000010481 0.54    Newton...              0.25650000000000011680              0.25650000000000011680 0
25.50.0.0135              0.25650000000000011680 0.54    Newton...              0.27000000000000012879              0.27000000000000012879 0
25.51.0.0135              0.27000000000000012879 0.54    Newton...              0.28350000000000014078              0.28350000000000014078 0
25.52.0.0135              0.28350000000000014078 0.54    Newton...              0.29700000000000015277              0.29700000000000015277 0
25.53.0.0135              0.29700000000000015277 0.54    Newton...              0.31050000000000016476              0.31050000000000016476 0
25.54.0.0135              0.31050000000000016476 0.54    Newton...              0.32400000000000017675              0.32400000000000017675 0
25.55.0.0135              0.32400000000000017675 0.54    Newton...              0.33750000000000018874              0.33750000000000018874 0
25.56.0.0135              0.33750000000000018874 0.54    Newton...              0.35100000000000020073              0.35100000000000020073 0
25.57.0.0135              0.35100000000000020073 0.54    Newton...              0.36450000000000021272              0.36450000000000021272 0
25.58.0.0135              0.36450000000000021272 0.54    Newton...              0.37800000000000022471              0.37800000000000022471 0
25.59.0.0135              0.37800000000000022471 0.54    Newton...              0.39150000000000023670              0.39150000000000023670 0
25.60.0.0135              0.39150000000000023670 0.54    Newton...              0.40500000000000024869              0.40500000000000024869 0
25.61.0.0135              0.40500000000000024869 0.54    Newton...              0.41850000000000026068              0.41850000000000026068 0
25.62.0.0135              0.41850000000000026068 0.54    Newton...              0.43200000000000027267              0.43200000000000027267 0
25.63.0.0135              0.43200000000000027267 0.54    Newton...              0.44550000000000028466              0.44550000000000028466 0
25.64.0.0135              0.44550000000000028466 0.54    Newton...              0.45900000000000029665              0.45900000000000029665 0
25.65.0.0135              0.45900000000000029665 0.54    Newton...              0.47250000000000030864              0.47250000000000030864 0
25.66.0.0135              0.47250000000000030864 0.54    Newton...              0.48600000000000032063              0.48600000000000032063 0
25.67.0.0135              0.48600000000000032063 0.54    Newton...              0.49950000000000033262              0.49950000000000033262 0
25.68.0.0135              0.49950000000000033262 0.54    Newton...              0.51300000000000034461              0.51300000000000034461 0
25.69.0.0135              0.51300000000000034461 0.54    Newton...              0.52650000000000030109              0.52650000000000030109 0
25.70.0.0135              0.52650000000000030109 0.54    Newton...              0.54000000000000025757              0.54000000000000025757 0
26.1.-0.0135              0.54000000000000025757 -0.54    Newton...              0.52650000000000030109              0.52650000000000030109 1
26.2.-0.0135              0.52650000000000030109 -0.54    Newton...              0.51300000000000034461              0.51300000000000034461 1
26.3.-0.0135              0.51300000000000034461 -0.54    Newton...              0.49950000000000033262              0.49950000000000033262 1
26.4.-0.0135              0.49950000000000033262 -0.54    Newton...              0.48600000000000032063              0.48600000000000032063 1
26.5.-0.0135              0.48600000000000032063 -0.54    Newton...              0.47250000000000030864              0.47250000000000030864 1
26.6.-0.0135              0.47250000000000030864 -0.54    Newton...              0.45900000000000029665              0.45900000000000029665 1
26.7.-0.0135              0.45900000000000029665 -0.54    Newton...              0.44550000000000028466              0.44550000000000028466 1
26.8.-0.0135              0.44550000000000028466 -0.54    Newton...              0.43200000000000027267              0.43200000000000027267 1
26.9.-0.0135              0.43200000000000027267 -0.54    Newton...              0.41850000000000026068              0.41850000000000026068 1
26.10.-0.0135              0.41850000000000026068 -0.54    Newton...              0.40500000000000024869              0.40500000000000024869 1
26.11.-0.0135              0.40500000000000024869 -0.54    Newton...              0.39150000000000023670              0.39150000000000023670 1
26.12.-0.0135              0.39150000000000023670 -0.54    Newton...              0.37800000000000022471              0.37800000000000022471 1
26.13.-0.0135              0.37800000000000022471 -0.54    Newton...              0.36450000000000021272              0.36450000000000021272 1
26.14.-0.0135              0.36450000000000021272 -0.54    Newton...              0.35100000000000020073              0.35100000000000020073 1
26.15.-0.0135              0.35100000000000020073 -0.54    Newton...              0.33750000000000018874              0.33750000000000018874 1
26.16.-0.0135              0.33750000000000018874 -0.54    Newton...              0.32400000000000017675              0.32400000000000017675 1
26.17.-0.0135              0.32400000000000017675 -0.54    Newton...              0.31050000000000016476              0.31050000000000016476 1
26.18.-0.0135              0.31050000000000016476 -0.54    Newton...              0.29700000000000015277              0.29700000000000015277 1
26.19.-0.0135              0.29700000000000015277 -0.54    Newton...              0.28350000000000014078              0.28350000000000014078 1
26.20.-0.0135              0.28350000000000014078 -0.54    Newton...              0.27000000000000012879              0.27000000000000012879 1
26.21.-0.0135              0.27000000000000012879 -0.54    Newton...              0.25650000000000011680              0.25650000000000011680 1
26.22.-0.0135              0.25650000000000011680 -0.54    Newton...              0.24300000000000010481              0.24300000000000010481 1
26.23.-0.0135              0.24300000000000010481 -0.54    Newton...              0.22950000000000009281              0.22950000000000009281 1
26.24.-0.0135              0.22950000000000009281 -0.54    Newton...              0.21600000000000008082              0.21600000000000008082 1
26.25.-0.0135              0.21600000000000008082 -0.54    Newton...              0.20250000000000006883              0.20250000000000006883 1
26.26.-0.0135              0.20250000000000006883 -0.54    Newton...              0.18900000000000005684              0.18900000000000005684 1
26.27.-0.0135              0.18900000000000005684 -0.54    Newton...              0.17550000000000004485              0.17550000000000004485 1
26.28.-0.0135              0.17550000000000004485 -0.54    Newton...              0.16200000000000003286              0.16200000000000003286 1
26.29.-0.0135              0.16200000000000003286 -0.54    Newton...              0.14850000000000002087              0.14850000000000002087 1
26.30.-0.0135              0.14850000000000002087 -0.54    Newton...              0.13500000000000000888              0.13500000000000000888 1
26.31.-0.0135              0.13500000000000000888 -0.54    Newton...              0.12150000000000001077              0.12150000000000001077 1
26.32.-0.0135              0.12150000000000001077 -0.54    Newton...              0.10800000000000001266              0.10800000000000001266 1
26.33.-0.0135              0.10800000000000001266 -0.54    Newton...              0.09450000000000001454              0.09450000000000001454 1
26.34.-0.0135              0.09450000000000001454 -0.54    Newton...              0.08100000000000001643              0.08100000000000001643 1
26.35.-0.0135              0.08100000000000001643 -0.54    Newton...              0.06750000000000001832              0.06750000000000001832 1
26.36.-0.0135              0.06750000000000001832 -0.54    Newton...              0.05400000000000002021              0.05400000000000002021 1
26.37.-0.0135              0.05400000000000002021 -0.54    Newton...              0.04050000000000002209              0.04050000000000002209 1
26.38.-0.0135              0.04050000000000002209 -0.54    Newton...              0.02700000000000002051              0.02700000000000002051 1
26.39.-0.0135              0.02700000000000002051 -0.54    Newton...              0.01350000000000002066              0.01350000000000002066 1
26.40.-0.0135              0.01350000000000002066 -0.54    Newton...              0.00000000000000002082              0.00000000000000002082 1
26.41.-0.0135              0.00000000000000002082 -0.54    Newton...             -0.01349999999999997903             -0.01349999999999997903 1
26.42.-0.0135             -0.01349999999999997903 -0.54    Newton...             -0.02699999999999997888             -0.02699999999999997888 1
26.43.-0.0135             -0.02699999999999997888 -0.54    Newton...             -0.04049999999999998046             -0.04049999999999998046 1
26.44.-0.0135             -0.04049999999999998046 -0.54    Newton...             -0.05399999999999997857             -0.05399999999999997857 1
26.45.-0.0135             -0.05399999999999997857 -0.54    Newton...             -0.06749999999999997669             -0.06749999999999997669 1
26.46.-0.0135             -0.06749999999999997669 -0.54    Newton...             -0.08099999999999997480             -0.08099999999999997480 1
26.47.-0.0135             -0.08099999999999997480 -0.54    Newton...             -0.09449999999999997291             -0.09449999999999997291 1
26.48.-0.0135             -0.09449999999999997291 -0.54    Newton...             -0.10799999999999997102             -0.10799999999999997102 1
26.49.-0.0135             -0.10799999999999997102 -0.54    Newton...             -0.12149999999999996914             -0.12149999999999996914 1
26.50.-0.0135             -0.12149999999999996914 -0.54    Newton...             -0.13499999999999998113             -0.13499999999999998113 1
26.51.-0.0135             -0.13499999999999998113 -0.54    Newton...             -0.14849999999999999312             -0.14849999999999999312 1
26.52.-0.0135             -0.14849999999999999312 -0.54    Newton...             -0.16200000000000000511             -0.16200000000000000511 1
26.53.-0.0135             -0.16200000000000000511 -0.54    Newton...             -0.17550000000000001710             -0.17550000000000001710 1
26.54.-0.0135             -0.17550000000000001710 -0.54    Newton...             -0.18900000000000002909             -0.18900000000000002909 1
26.55.-0.0135             -0.18900000000000002909 -0.54    Newton...             -0.20250000000000004108             -0.20250000000000004108 1
26.56.-0.0135             -0.20250000000000004108 -0.54    Newton...             -0.21600000000000005307             -0.21600000000000005307 1
26.57.-0.0135             -0.21600000000000005307 -0.54    Newton...             -0.22950000000000003730             -0.22950000000000003730 1
26.58.-0.0135             -0.22950000000000003730 -0.54    Newton...             -0.24300000000000004929             -0.24300000000000004929 1
26.59.-0.0135             -0.24300000000000004929 -0.54    Newton...             -0.25650000000000006128             -0.25650000000000006128 1
26.60.-0.0135             -0.25650000000000006128 -0.54    Newton...             -0.27000000000000007327             -0.27000000000000007327 1
26.61.-0.0135             -0.27000000000000007327 -0.54    Newton...             -0.28350000000000008527             -0.28350000000000008527 1
26.62.-0.0135             -0.28350000000000008527 -0.54    Newton...             -0.29700000000000009726             -0.29700000000000009726 1
26.63.-0.0135             -0.29700000000000009726 -0.54    Newton...             -0.31050000000000010925             -0.31050000000000010925 1
26.64.-0.0135             -0.31050000000000010925 -0.54    Newton...             -0.32400000000000012124             -0.32400000000000012124 1
26.65.-0.0135             -0.32400000000000012124 -0.54    Newton...             -0.33750000000000013323             -0.33750000000000013323 1
26.66.-0.0135             -0.33750000000000013323 -0.54    Newton...             -0.35100000000000014522             -0.35100000000000014522 1
26.67.-0.0135             -0.35100000000000014522 -0.54    Newton...             -0.36450000000000015721             -0.36450000000000015721 1
26.68.-0.0135             -0.36450000000000015721 -0.54    Newton...             -0.37800000000000016920             -0.37800000000000016920 1
26.69.-0.0135             -0.37800000000000016920 -0.54    Newton...             -0.39150000000000018119             -0.39150000000000018119 1
26.70.-0.0135             -0.39150000000000018119 -0.54    Newton...             -0.40500000000000019318             -0.40500000000000019318 1
26.71.-0.0135             -0.40500000000000019318 -0.54    Newton...             -0.41850000000000020517             -0.41850000000000020517 1
26.72.-0.0135             -0.41850000000000020517 -0.54    Newton...             -0.43200000000000021716             -0.43200000000000021716 1
26.73.-0.0135             -0.43200000000000021716 -0.54    Newton...             -0.44550000000000022915             -0.44550000000000022915 1
26.74.-0.0135             -0.44550000000000022915 -0.54    Newton...             -0.45900000000000024114             -0.45900000000000024114 1
26.75.-0.0135             -0.45900000000000024114 -0.54    Newton...             -0.47250000000000025313             -0.47250000000000025313 1
26.76.-0.0135             -0.47250000000000025313 -0.54    Newton...             -0.48600000000000026512             -0.48600000000000026512 1
26.77.-0.0135             -0.48600000000000026512 -0.54    Newton...             -0.49950000000000027711             -0.49950000000000027711 1
26.78.-0.0135             -0.49950000000000027711 -0.54    Newton...             -0.51300000000000023359             -0.51300000000000023359 1
26.79.-0.0135             -0.51300000000000023359 -0.54    Newton...             -0.52650000000000019007             -0.52650000000000019007 1
26.80.-0.0135             -0.52650000000000019007 -0.54    Newton...             -0.54000000000000014655             -0.54000000000000014655 1
27.1.0.0135             -0.54000000000000014655 0.54    Newton...             -0.52650000000000019007             -0.52650000000000019007 1
27.2.0.0135             -0.52650000000000019007 0.54    Newton...             -0.51300000000000023359             -0.51300000000000023359 1
27.3.0.0135             -0.51300000000000023359 0.54    Newton...             -0.49950000000000022160             -0.49950000000000022160 1
27.4.0.0135             -0.49950000000000022160 0.54    Newton...             -0.48600000000000020961             -0.48600000000000020961 1
27.5.0.0135             -0.48600000000000020961 0.54    Newton...             -0.47250000000000019762             -0.47250000000000019762 1
27.6.0.0135             -0.47250000000000019762 0.54    Newton...             -0.45900000000000018563             -0.45900000000000018563 1
27.7.0.0135             -0.45900000000000018563 0.54    Newton...             -0.44550000000000017364             -0.44550000000000017364 1
27.8.0.0135             -0.44550000000000017364 0.54    Newton...             -0.43200000000000016165             -0.43200000000000016165 1
27.9.0.0135             -0.43200000000000016165 0.54    Newton...             -0.41850000000000014966             -0.41850000000000014966 1
27.10.0.0135             -0.41850000000000014966 0.54    Newton...             -0.40500000000000013767             -0.40500000000000013767 1
27.11.0.0135             -0.40500000000000013767 0.54    Newton...             -0.39150000000000012568             -0.39150000000000012568 1
27.12.0.0135             -0.39150000000000012568 0.54    Newton...             -0.37800000000000011369             -0.37800000000000011369 1
27.13.0.0135             -0.37800000000000011369 0.54    Newton...             -0.36450000000000010170             -0.36450000000000010170 1
27.14.0.0135             -0.36450000000000010170 0.54    Newton...             -0.35100000000000008971             -0.35100000000000008971 1
27.15.0.0135             -0.35100000000000008971 0.54    Newton...             -0.33750000000000007772             -0.33750000000000007772 1
27.16.0.0135             -0.33750000000000007772 0.54    Newton...             -0.32400000000000006573             -0.32400000000000006573 1
27.17.0.0135             -0.32400000000000006573 0.54    Newton...             -0.31050000000000005373             -0.31050000000000005373 1
27.18.0.0135             -0.31050000000000005373 0.54    Newton...             -0.29700000000000004174             -0.29700000000000004174 1
27.19.0.0135             -0.29700000000000004174 0.54    Newton...             -0.28350000000000002975             -0.28350000000000002975 1
27.20.0.0135             -0.28350000000000002975 0.54    Newton...             -0.27000000000000001776             -0.27000000000000001776 1
27.21.0.0135             -0.27000000000000001776 0.54    Newton...             -0.25650000000000000577             -0.25650000000000000577 1
27.22.0.0135             -0.25650000000000000577 0.54    Newton...             -0.24299999999999999378             -0.24299999999999999378 1
27.23.0.0135             -0.24299999999999999378 0.54    Newton...             -0.22949999999999998179             -0.22949999999999998179 1
27.24.0.0135             -0.22949999999999998179 0.54    Newton...             -0.21599999999999996980             -0.21599999999999996980 1
27.25.0.0135             -0.21599999999999996980 0.54    Newton...             -0.20249999999999995781             -0.20249999999999995781 1
27.26.0.0135             -0.20249999999999995781 0.54    Newton...             -0.18899999999999994582             -0.18899999999999994582 1
27.27.0.0135             -0.18899999999999994582 0.54    Newton...             -0.17549999999999993383             -0.17549999999999993383 1
27.28.0.0135             -0.17549999999999993383 0.54    Newton...             -0.16199999999999992184             -0.16199999999999992184 1
27.29.0.0135             -0.16199999999999992184 0.54    Newton...             -0.14849999999999990985             -0.14849999999999990985 1
27.30.0.0135             -0.14849999999999990985 0.54    Newton...             -0.13499999999999989786             -0.13499999999999989786 1
27.31.0.0135             -0.13499999999999989786 0.54    Newton...             -0.12149999999999989975             -0.12149999999999989975 1
27.32.0.0135             -0.12149999999999989975 0.54    Newton...             -0.10799999999999990163             -0.10799999999999990163 1
27.33.0.0135             -0.10799999999999990163 0.54    Newton...             -0.09449999999999990352             -0.09449999999999990352 1
27.34.0.0135             -0.09449999999999990352 0.54    Newton...             -0.08099999999999990541             -0.08099999999999990541 1
27.35.0.0135             -0.08099999999999990541 0.54    Newton...             -0.06749999999999990730             -0.06749999999999990730 1
27.36.0.0135             -0.06749999999999990730 0.54    Newton...             -0.05399999999999990918             -0.05399999999999990918 1
27.37.0.0135             -0.05399999999999990918 0.54    Newton...             -0.04049999999999991107             -0.04049999999999991107 1
27.38.0.0135             -0.04049999999999991107 0.54    Newton...             -0.02699999999999991296             -0.02699999999999991296 1
27.39.0.0135             -0.02699999999999991296 0.54    Newton...             -0.01349999999999991311             -0.01349999999999991311 1
27.40.0.0135             -0.01349999999999991311 0.54    Newton...              0.00000000000000008674              0.00000000000000008674 1
27.41.0.0135              0.00000000000000008674 0.54    Newton...              0.01350000000000008832              0.01350000000000008832 1
27.42.0.0135              0.01350000000000008832 0.54    Newton...              0.02700000000000008643              0.02700000000000008643 1
27.43.0.0135              0.02700000000000008643 0.54    Newton...              0.04050000000000008454              0.04050000000000008454 1
27.44.0.0135              0.04050000000000008454 0.54    Newton...              0.05400000000000008266              0.05400000000000008266 1
27.45.0.0135              0.05400000000000008266 0.54    Newton...              0.06750000000000008771              0.06750000000000008771 1
27.46.0.0135              0.06750000000000008771 0.54    Newton...              0.08100000000000008582              0.08100000000000008582 1
27.47.0.0135              0.08100000000000008582 0.54    Newton...              0.09450000000000008393              0.09450000000000008393 1
27.48.0.0135              0.09450000000000008393 0.54    Newton...              0.10800000000000008205              0.10800000000000008205 1
27.49.0.0135              0.10800000000000008205 0.54    Newton...              0.12150000000000008016              0.12150000000000008016 1
27.50.0.0135              0.12150000000000008016 0.54    Newton...              0.13500000000000009215              0.13500000000000009215 1
27.51.0.0135              0.13500000000000009215 0.54    Newton...              0.14850000000000010414              0.14850000000000010414 1
27.52.0.0135              0.14850000000000010414 0.54    Newton...              0.16200000000000011613              0.16200000000000011613 1
27.53.0.0135              0.16200000000000011613 0.54    Newton...              0.17550000000000010036              0.17550000000000010036 1
27.54.0.0135              0.17550000000000010036 0.54    Newton...              0.18900000000000011235              0.18900000000000011235 1
27.55.0.0135              0.18900000000000011235 0.54    Newton...              0.20250000000000012434              0.20250000000000012434 1
27.56.0.0135              0.20250000000000012434 0.54    Newton...              0.21600000000000013634              0.21600000000000013634 1
27.57.0.0135              0.21600000000000013634 0.54    Newton...              0.22950000000000014833              0.22950000000000014833 1
27.58.0.0135              0.22950000000000014833 0.54    Newton...              0.24300000000000016032              0.24300000000000016032 1
27.59.0.0135              0.24300000000000016032 0.54    Newton...              0.25650000000000017231              0.25650000000000017231 1
27.60.0.0135              0.25650000000000017231 0.54    Newton...              0.27000000000000018430              0.27000000000000018430 1
27.61.0.0135              0.27000000000000018430 0.54    Newton...              0.28350000000000019629              0.28350000000000019629 1
27.62.0.0135              0.28350000000000019629 0.54    Newton...              0.29700000000000020828              0.29700000000000020828 1
27.63.0.0135              0.29700000000000020828 0.54    Newton...              0.31050000000000022027              0.31050000000000022027 1
27.64.0.0135              0.31050000000000022027 0.54    Newton...              0.32400000000000023226              0.32400000000000023226 1
27.65.0.0135              0.32400000000000023226 0.54    Newton...              0.33750000000000024425              0.33750000000000024425 1
27.66.0.0135              0.33750000000000024425 0.54    Newton...              0.35100000000000025624              0.35100000000000025624 1
27.67.0.0135              0.35100000000000025624 0.54    Newton...              0.36450000000000026823              0.36450000000000026823 1
27.68.0.0135              0.36450000000000026823 0.54    Newton...              0.37800000000000028022              0.37800000000000028022 1
27.69.0.0135              0.37800000000000028022 0.54    Newton...              0.39150000000000029221              0.39150000000000029221 1
27.70.0.0135              0.39150000000000029221 0.54    Newton...              0.40500000000000030420              0.40500000000000030420 1
27.71.0.0135              0.40500000000000030420 0.54    Newton...              0.41850000000000031619              0.41850000000000031619 1
27.72.0.0135              0.41850000000000031619 0.54    Newton...              0.43200000000000032818              0.43200000000000032818 1
27.73.0.0135              0.43200000000000032818 0.54    Newton...              0.44550000000000034017              0.44550000000000034017 1
27.74.0.0135              0.44550000000000034017 0.54    Newton...              0.45900000000000035216              0.45900000000000035216 1
27.75.0.0135              0.45900000000000035216 0.54    Newton...              0.47250000000000036415              0.47250000000000036415 1
27.76.0.0135              0.47250000000000036415 0.54    Newton...              0.48600000000000037614              0.48600000000000037614 1
27.77.0.0135              0.48600000000000037614 0.54    Newton...              0.49950000000000038813              0.49950000000000038813 1
27.78.0.0135              0.49950000000000038813 0.54    Newton...              0.51300000000000034461              0.51300000000000034461 1
27.79.0.0135              0.51300000000000034461 0.54    Newton...              0.52650000000000030109              0.52650000000000030109 1
27.80.0.0135              0.52650000000000030109 0.54    Newton...              0.54000000000000025757              0.54000000000000025757 1
28.1.-0.0135              0.54000000000000025757 -0.54    Newton...              0.52650000000000030109              0.52650000000000030109 1
28.2.-0.0135              0.52650000000000030109 -0.54    Newton...              0.51300000000000034461              0.51300000000000034461 1
28.3.-0.0135              0.51300000000000034461 -0.54    Newton...              0.49950000000000033262              0.49950000000000033262 1
28.4.-0.0135              0.49950000000000033262 -0.54    Newton...              0.48600000000000032063              0.48600000000000032063 1
28.5.-0.0135              0.48600000000000032063 -0.54    Newton...              0.47250000000000030864              0.47250000000000030864 1
28.6.-0.0135              0.47250000000000030864 -0.54    Newton...              0.45900000000000029665              0.45900000000000029665 1
28.7.-0.0135              0.45900000000000029665 -0.54    Newton...              0.44550000000000028466              0.44550000000000028466 1
28.8.-0.0135              0.44550000000000028466 -0.54    Newton...              0.43200000000000027267              0.43200000000000027267 1
28.9.-0.0135              0.43200000000000027267 -0.54    Newton...              0.41850000000000026068              0.41850000000000026068 1
28.10.-0.0135              0.41850000000000026068 -0.54    Newton...              0.40500000000000024869              0.40500000000000024869 1
28.11.-0.0135              0.40500000000000024869 -0.54    Newton...              0.39150000000000023670              0.39150000000000023670 1
28.12.-0.0135              0.39150000000000023670 -0.54    Newton...              0.37800000000000022471              0.37800000000000022471 1
28.13.-0.0135              0.37800000000000022471 -0.54    Newton...              0.36450000000000021272              0.36450000000000021272 1
28.14.-0.0135              0.36450000000000021272 -0.54    Newton...              0.35100000000000020073              0.35100000000000020073 1
28.15.-0.0135              0.35100000000000020073 -0.54    Newton...              0.33750000000000018874              0.33750000000000018874 1
28.16.-0.0135              0.33750000000000018874 -0.54    Newton...              0.32400000000000017675              0.32400000000000017675 1
28.17.-0.0135              0.32400000000000017675 -0.54    Newton...              0.31050000000000016476              0.31050000000000016476 1
28.18.-0.0135              0.31050000000000016476 -0.54    Newton...              0.29700000000000015277              0.29700000000000015277 1
28.19.-0.0135              0.29700000000000015277 -0.54    Newton...              0.28350000000000014078              0.28350000000000014078 1
28.20.-0.0135              0.28350000000000014078 -0.54    Newton...              0.27000000000000012879              0.27000000000000012879 1
28.21.-0.0135              0.27000000000000012879 -0.54    Newton...              0.25650000000000011680              0.25650000000000011680 1
28.22.-0.0135              0.25650000000000011680 -0.54    Newton...              0.24300000000000010481              0.24300000000000010481 1
28.23.-0.0135              0.24300000000000010481 -0.54    Newton...              0.22950000000000009281              0.22950000000000009281 1
28.24.-0.0135              0.22950000000000009281 -0.54    Newton...              0.21600000000000008082              0.21600000000000008082 1
28.25.-0.0135              0.21600000000000008082 -0.54    Newton...              0.20250000000000006883              0.20250000000000006883 1
28.26.-0.0135              0.20250000000000006883 -0.54    Newton...              0.18900000000000005684              0.18900000000000005684 1
28.27.-0.0135              0.18900000000000005684 -0.54    Newton...              0.17550000000000004485              0.17550000000000004485 1
28.28.-0.0135              0.17550000000000004485 -0.54    Newton...              0.16200000000000003286              0.16200000000000003286 1
28.29.-0.0135              0.16200000000000003286 -0.54    Newton...              0.14850000000000002087              0.14850000000000002087 1
28.30.-0.0135              0.14850000000000002087 -0.54    Newton...              0.13500000000000000888              0.13500000000000000888 1
28.31.-0.0135              0.13500000000000000888 -0.54    Newton...              0.12150000000000001077              0.12150000000000001077 1
28.32.-0.0135              0.12150000000000001077 -0.54    Newton...              0.10800000000000001266              0.10800000000000001266 1
28.33.-0.0135              0.10800000000000001266 -0.54    Newton...              0.09450000000000001454              0.09450000000000001454 1
28.34.-0.0135              0.09450000000000001454 -0.54    Newton...              0.08100000000000001643              0.08100000000000001643 1
28.35.-0.0135              0.08100000000000001643 -0.54    Newton...              0.06750000000000001832              0.06750000000000001832 1
28.36.-0.0135              0.06750000000000001832 -0.54    Newton...              0.05400000000000002021              0.05400000000000002021 1
28.37.-0.0135              0.05400000000000002021 -0.54    Newton...              0.04050000000000002209              0.04050000000000002209 1
28.38.-0.0135              0.04050000000000002209 -0.54    Newton...              0.02700000000000002398              0.02700000000000002398 1
28.39.-0.0135              0.02700000000000002398 -0.54    Newton...              0.01350000000000002413              0.01350000000000002413 1
28.40.-0.0135              0.01350000000000002413 -0.54    Newton...              0.00000000000000002602              0.00000000000000002602 1
28.41.-0.0135              0.00000000000000002602 -0.54    Newton...             -0.01349999999999997383             -0.01349999999999997383 1
28.42.-0.0135             -0.01349999999999997383 -0.54    Newton...             -0.02699999999999997541             -0.02699999999999997541 1
28.43.-0.0135             -0.02699999999999997541 -0.54    Newton...             -0.04049999999999997352             -0.04049999999999997352 1
28.44.-0.0135             -0.04049999999999997352 -0.54    Newton...             -0.05399999999999997163             -0.05399999999999997163 1
28.45.-0.0135             -0.05399999999999997163 -0.54    Newton...             -0.06749999999999997669             -0.06749999999999997669 1
28.46.-0.0135             -0.06749999999999997669 -0.54    Newton...             -0.08099999999999997480             -0.08099999999999997480 1
28.47.-0.0135             -0.08099999999999997480 -0.54    Newton...             -0.09449999999999997291             -0.09449999999999997291 1
28.48.-0.0135             -0.09449999999999997291 -0.54    Newton...             -0.10799999999999997102             -0.10799999999999997102 1
28.49.-0.0135             -0.10799999999999997102 -0.54    Newton...             -0.12149999999999996914             -0.12149999999999996914 1
28.50.-0.0135             -0.12149999999999996914 -0.54    Newton...             -0.13499999999999998113             -0.13499999999999998113 1
28.51.-0.0135             -0.13499999999999998113 -0.54    Newton...             -0.14849999999999999312             -0.14849999999999999312 1
28.52.-0.0135             -0.14849999999999999312 -0.54    Newton...             -0.16200000000000000511             -0.16200000000000000511 1
28.53.-0.0135             -0.16200000000000000511 -0.54    Newton...             -0.17550000000000001710             -0.17550000000000001710 1
28.54.-0.0135             -0.17550000000000001710 -0.54    Newton...             -0.18900000000000002909             -0.18900000000000002909 1
28.55.-0.0135             -0.18900000000000002909 -0.54    Newton...             -0.20250000000000004108             -0.20250000000000004108 1
28.56.-0.0135             -0.20250000000000004108 -0.54    Newton...             -0.21600000000000005307             -0.21600000000000005307 1
28.57.-0.0135             -0.21600000000000005307 -0.54    Newton...             -0.22950000000000006506             -0.22950000000000006506 1
28.58.-0.0135             -0.22950000000000006506 -0.54    Newton...             -0.24300000000000007705             -0.24300000000000007705 1
28.59.-0.0135             -0.24300000000000007705 -0.54    Newton...             -0.25650000000000006128             -0.25650000000000006128 1
28.60.-0.0135             -0.25650000000000006128 -0.54    Newton...             -0.27000000000000007327             -0.27000000000000007327 1
28.61.-0.0135             -0.27000000000000007327 -0.54    Newton...             -0.28350000000000008527             -0.28350000000000008527 1
28.62.-0.0135             -0.28350000000000008527 -0.54    Newton...             -0.29700000000000009726             -0.29700000000000009726 1
28.63.-0.0135             -0.29700000000000009726 -0.54    Newton...             -0.31050000000000010925             -0.31050000000000010925 1
28.64.-0.0135             -0.31050000000000010925 -0.54    Newton...             -0.32400000000000012124             -0.32400000000000012124 1
28.65.-0.0135             -0.32400000000000012124 -0.54    Newton...             -0.33750000000000013323             -0.33750000000000013323 1
28.66.-0.0135             -0.33750000000000013323 -0.54    Newton...             -0.35100000000000014522             -0.35100000000000014522 1
28.67.-0.0135             -0.35100000000000014522 -0.54    Newton...             -0.36450000000000015721             -0.36450000000000015721 1
28.68.-0.0135             -0.36450000000000015721 -0.54    Newton...             -0.37800000000000016920             -0.37800000000000016920 1
28.69.-0.0135             -0.37800000000000016920 -0.54    Newton...             -0.39150000000000018119             -0.39150000000000018119 1
28.70.-0.0135             -0.39150000000000018119 -0.54    Newton...             -0.40500000000000019318             -0.40500000000000019318 1
28.71.-0.0135             -0.40500000000000019318 -0.54    Newton...             -0.41850000000000020517             -0.41850000000000020517 1
28.72.-0.0135             -0.41850000000000020517 -0.54    Newton...             -0.43200000000000021716             -0.43200000000000021716 1
28.73.-0.0135             -0.43200000000000021716 -0.54    Newton...             -0.44550000000000022915             -0.44550000000000022915 1
28.74.-0.0135             -0.44550000000000022915 -0.54    Newton...             -0.45900000000000024114             -0.45900000000000024114 1
28.75.-0.0135             -0.45900000000000024114 -0.54    Newton...             -0.47250000000000025313             -0.47250000000000025313 1
28.76.-0.0135             -0.47250000000000025313 -0.54    Newton...             -0.48600000000000026512             -0.48600000000000026512 1
28.77.-0.0135             -0.48600000000000026512 -0.54    Newton...             -0.49950000000000027711             -0.49950000000000027711 1
28.78.-0.0135             -0.49950000000000027711 -0.54    Newton...             -0.51300000000000023359             -0.51300000000000023359 1
28.79.-0.0135             -0.51300000000000023359 -0.54    Newton...             -0.52650000000000019007             -0.52650000000000019007 1
28.80.-0.0135             -0.52650000000000019007 -0.54    Newton...             -0.54000000000000014655             -0.54000000000000014655 1
29.1.0.0135             -0.54000000000000014655 0.8099999999999999    Newton...             -0.52650000000000019007             -0.52650000000000019007 1
29.2.0.0135             -0.52650000000000019007 0.8099999999999999    Newton...             -0.51300000000000023359             -0.51300000000000023359 1
29.3.0.0135             -0.51300000000000023359 0.8099999999999999    Newton...             -0.49950000000000022160             -0.49950000000000022160 1
29.4.0.0135             -0.49950000000000022160 0.8099999999999999    Newton...             -0.48600000000000020961             -0.48600000000000020961 1
29.5.0.0135             -0.48600000000000020961 0.8099999999999999    Newton...             -0.47250000000000019762             -0.47250000000000019762 1
29.6.0.0135             -0.47250000000000019762 0.8099999999999999    Newton...             -0.45900000000000018563             -0.45900000000000018563 1
29.7.0.0135             -0.45900000000000018563 0.8099999999999999    Newton...             -0.44550000000000017364             -0.44550000000000017364 1
29.8.0.0135             -0.44550000000000017364 0.8099999999999999    Newton...             -0.43200000000000016165             -0.43200000000000016165 1
29.9.0.0135             -0.43200000000000016165 0.8099999999999999    Newton...             -0.41850000000000014966             -0.41850000000000014966 1
29.10.0.0135             -0.41850000000000014966 0.8099999999999999    Newton...             -0.40500000000000013767             -0.40500000000000013767 1
29.11.0.0135             -0.40500000000000013767 0.8099999999999999    Newton...             -0.39150000000000012568             -0.39150000000000012568 1
29.12.0.0135             -0.39150000000000012568 0.8099999999999999    Newton...             -0.37800000000000011369             -0.37800000000000011369 1
29.13.0.0135             -0.37800000000000011369 0.8099999999999999    Newton...             -0.36450000000000010170             -0.36450000000000010170 1
29.14.0.0135             -0.36450000000000010170 0.8099999999999999    Newton...             -0.35100000000000008971             -0.35100000000000008971 1
29.15.0.0135             -0.35100000000000008971 0.8099999999999999    Newton...             -0.33750000000000007772             -0.33750000000000007772 1
29.16.0.0135             -0.33750000000000007772 0.8099999999999999    Newton...             -0.32400000000000006573             -0.32400000000000006573 1
29.17.0.0135             -0.32400000000000006573 0.8099999999999999    Newton...             -0.31050000000000005373             -0.31050000000000005373 1
29.18.0.0135             -0.31050000000000005373 0.8099999999999999    Newton...             -0.29700000000000004174             -0.29700000000000004174 1
29.19.0.0135             -0.29700000000000004174 0.8099999999999999    Newton...             -0.28350000000000002975             -0.28350000000000002975 1
29.20.0.0135             -0.28350000000000002975 0.8099999999999999    Newton...             -0.27000000000000001776             -0.27000000000000001776 1
29.21.0.0135             -0.27000000000000001776 0.8099999999999999    Newton...             -0.25650000000000000577             -0.25650000000000000577 1
29.22.0.0135             -0.25650000000000000577 0.8099999999999999    Newton...             -0.24299999999999999378             -0.24299999999999999378 1
29.23.0.0135             -0.24299999999999999378 0.8099999999999999    Newton...             -0.22949999999999998179             -0.22949999999999998179 1
29.24.0.0135             -0.22949999999999998179 0.8099999999999999    Newton...             -0.21599999999999996980             -0.21599999999999996980 1
29.25.0.0135             -0.21599999999999996980 0.8099999999999999    Newton...             -0.20249999999999995781             -0.20249999999999995781 1
29.26.0.0135             -0.20249999999999995781 0.8099999999999999    Newton...             -0.18899999999999994582             -0.18899999999999994582 1
29.27.0.0135             -0.18899999999999994582 0.8099999999999999    Newton...             -0.17549999999999993383             -0.17549999999999993383 1
29.28.0.0135             -0.17549999999999993383 0.8099999999999999    Newton...             -0.16199999999999992184             -0.16199999999999992184 1
29.29.0.0135             -0.16199999999999992184 0.8099999999999999    Newton...             -0.14849999999999990985             -0.14849999999999990985 1
29.30.0.0135             -0.14849999999999990985 0.8099999999999999    Newton...             -0.13499999999999989786             -0.13499999999999989786 1
29.31.0.0135             -0.13499999999999989786 0.8099999999999999    Newton...             -0.12149999999999989975             -0.12149999999999989975 1
29.32.0.0135             -0.12149999999999989975 0.8099999999999999    Newton...             -0.10799999999999990163             -0.10799999999999990163 1
29.33.0.0135             -0.10799999999999990163 0.8099999999999999    Newton...             -0.09449999999999990352             -0.09449999999999990352 1
29.34.0.0135             -0.09449999999999990352 0.8099999999999999    Newton...             -0.08099999999999990541             -0.08099999999999990541 1
29.35.0.0135             -0.08099999999999990541 0.8099999999999999    Newton...             -0.06749999999999990730             -0.06749999999999990730 1
29.36.0.0135             -0.06749999999999990730 0.8099999999999999    Newton...             -0.05399999999999990918             -0.05399999999999990918 1
29.37.0.0135             -0.05399999999999990918 0.8099999999999999    Newton...             -0.04049999999999991107             -0.04049999999999991107 1
29.38.0.0135             -0.04049999999999991107 0.8099999999999999    Newton...             -0.02699999999999991296             -0.02699999999999991296 1
29.39.0.0135             -0.02699999999999991296 0.8099999999999999    Newton...             -0.01349999999999991311             -0.01349999999999991311 1
29.40.0.0135             -0.01349999999999991311 0.8099999999999999    Newton...              0.00000000000000008674              0.00000000000000008674 1
29.41.0.0135              0.00000000000000008674 0.8099999999999999    Newton...              0.01350000000000008832              0.01350000000000008832 1
29.42.0.0135              0.01350000000000008832 0.8099999999999999    Newton...              0.02700000000000008643              0.02700000000000008643 1
29.43.0.0135              0.02700000000000008643 0.8099999999999999    Newton...              0.04050000000000008454              0.04050000000000008454 1
29.44.0.0135              0.04050000000000008454 0.8099999999999999    Newton...              0.05400000000000008266              0.05400000000000008266 1
29.45.0.0135              0.05400000000000008266 0.8099999999999999    Newton...              0.06750000000000008771              0.06750000000000008771 1
29.46.0.0135              0.06750000000000008771 0.8099999999999999    Newton...              0.08100000000000008582              0.08100000000000008582 1
29.47.0.0135              0.08100000000000008582 0.8099999999999999    Newton...              0.09450000000000008393              0.09450000000000008393 1
29.48.0.0135              0.09450000000000008393 0.8099999999999999    Newton...              0.10800000000000008205              0.10800000000000008205 1
29.49.0.0135              0.10800000000000008205 0.8099999999999999    Newton...              0.12150000000000008016              0.12150000000000008016 1
29.50.0.0135              0.12150000000000008016 0.8099999999999999    Newton...              0.13500000000000009215              0.13500000000000009215 1
29.51.0.0135              0.13500000000000009215 0.8099999999999999    Newton...              0.14850000000000010414              0.14850000000000010414 1
29.52.0.0135              0.14850000000000010414 0.8099999999999999    Newton...              0.16200000000000011613              0.16200000000000011613 1
29.53.0.0135              0.16200000000000011613 0.8099999999999999    Newton...              0.17550000000000010036              0.17550000000000010036 1
29.54.0.0135              0.17550000000000010036 0.8099999999999999    Newton...              0.18900000000000011235              0.18900000000000011235 1
29.55.0.0135              0.18900000000000011235 0.8099999999999999    Newton...              0.20250000000000012434              0.20250000000000012434 1
29.56.0.0135              0.20250000000000012434 0.8099999999999999    Newton...              0.21600000000000013634              0.21600000000000013634 1
29.57.0.0135              0.21600000000000013634 0.8099999999999999    Newton...              0.22950000000000014833              0.22950000000000014833 1
29.58.0.0135              0.22950000000000014833 0.8099999999999999    Newton...              0.24300000000000016032              0.24300000000000016032 1
29.59.0.0135              0.24300000000000016032 0.8099999999999999    Newton...              0.25650000000000017231              0.25650000000000017231 1
29.60.0.0135              0.25650000000000017231 0.8099999999999999    Newton...              0.27000000000000018430              0.27000000000000018430 1
29.61.0.0135              0.27000000000000018430 0.8099999999999999    Newton...              0.28350000000000019629              0.28350000000000019629 1
29.62.0.0135              0.28350000000000019629 0.8099999999999999    Newton...              0.29700000000000020828              0.29700000000000020828 1
29.63.0.0135              0.29700000000000020828 0.8099999999999999    Newton...              0.31050000000000022027              0.31050000000000022027 1
29.64.0.0135              0.31050000000000022027 0.8099999999999999    Newton...              0.32400000000000023226              0.32400000000000023226 1
29.65.0.0135              0.32400000000000023226 0.8099999999999999    Newton...              0.33750000000000024425              0.33750000000000024425 1
29.66.0.0135              0.33750000000000024425 0.8099999999999999    Newton...              0.35100000000000025624              0.35100000000000025624 1
29.67.0.0135              0.35100000000000025624 0.8099999999999999    Newton...              0.36450000000000026823              0.36450000000000026823 1
29.68.0.0135              0.36450000000000026823 0.8099999999999999    Newton...              0.37800000000000028022              0.37800000000000028022 1
29.69.0.0135              0.37800000000000028022 0.8099999999999999    Newton...              0.39150000000000029221              0.39150000000000029221 1
29.70.0.0135              0.39150000000000029221 0.8099999999999999    Newton...              0.40500000000000030420              0.40500000000000030420 1
29.71.0.0135              0.40500000000000030420 0.8099999999999999    Newton...              0.41850000000000031619              0.41850000000000031619 1
29.72.0.0135              0.41850000000000031619 0.8099999999999999    Newton...              0.43200000000000032818              0.43200000000000032818 1
29.73.0.0135              0.43200000000000032818 0.8099999999999999    Newton...              0.44550000000000034017              0.44550000000000034017 1
29.74.0.0135              0.44550000000000034017 0.8099999999999999    Newton...              0.45900000000000035216              0.45900000000000035216 1
29.75.0.0135              0.45900000000000035216 0.8099999999999999    Newton...              0.47250000000000036415              0.47250000000000036415 1
29.76.0.0135              0.47250000000000036415 0.8099999999999999    Newton...              0.48600000000000037614              0.48600000000000037614 1
29.77.0.0135              0.48600000000000037614 0.8099999999999999    Newton...              0.49950000000000038813              0.49950000000000038813 1
29.78.0.0135              0.49950000000000038813 0.8099999999999999    Newton...              0.51300000000000034461              0.51300000000000034461 1
29.79.0.0135              0.51300000000000034461 0.8099999999999999    Newton...              0.52650000000000030109              0.52650000000000030109 1
29.80.0.0135              0.52650000000000030109 0.8099999999999999    Newton...              0.54000000000000025757              0.54000000000000025757 1
29.81.0.0135              0.54000000000000025757 0.8099999999999999    Newton...              0.55350000000000021405              0.55350000000000021405 1
29.82.0.0135              0.55350000000000021405 0.8099999999999999    Newton...              0.56700000000000017053              0.56700000000000017053 1
29.83.0.0135              0.56700000000000017053 0.8099999999999999    Newton...              0.58050000000000012701              0.58050000000000012701 1
29.84.0.0135              0.58050000000000012701 0.8099999999999999    Newton...              0.59400000000000008349              0.59400000000000008349 1
29.85.0.0135              0.59400000000000008349 0.8099999999999999    Newton...              0.60750000000000003997              0.60750000000000003997 1
29.86.0.0135              0.60750000000000003997 0.8099999999999999    Newton...              0.62099999999999999645              0.62099999999999999645 1
29.87.0.0135              0.62099999999999999645 0.8099999999999999    Newton...              0.63449999999999995293              0.63449999999999995293 1
29.88.0.0135              0.63449999999999995293 0.8099999999999999    Newton...              0.64799999999999990941              0.64799999999999990941 1
29.89.0.0135              0.64799999999999990941 0.8099999999999999    Newton...              0.66149999999999986589              0.66149999999999986589 1
29.90.0.0135              0.66149999999999986589 0.8099999999999999    Newton...              0.67499999999999982236              0.67499999999999982236 1
29.91.0.0135              0.67499999999999982236 0.8099999999999999    Newton...              0.68849999999999977884              0.68849999999999977884 1
29.92.0.0135              0.68849999999999977884 0.8099999999999999    Newton...              0.70199999999999973532              0.70199999999999973532 1
29.93.0.0135              0.70199999999999973532 0.8099999999999999    Newton...              0.71549999999999969180              0.71549999999999969180 1
29.94.0.0135              0.71549999999999969180 0.8099999999999999    Newton...              0.72899999999999964828              0.72899999999999964828 1
29.95.0.0135              0.72899999999999964828 0.8099999999999999    Newton...              0.74249999999999960476              0.74249999999999960476 1
29.96.0.0135              0.74249999999999960476 0.8099999999999999    Newton...              0.75599999999999956124              0.75599999999999956124 1
29.97.0.0135              0.75599999999999956124 0.8099999999999999    Newton...              0.76949999999999951772              0.76949999999999951772 1
29.98.0.0135              0.76949999999999951772 0.8099999999999999    Newton...              0.78299999999999947420              0.78299999999999947420 1
29.99.0.0135              0.78299999999999947420 0.8099999999999999    Newton...              0.79649999999999943068              0.79649999999999943068 1
29.100.0.0135              0.79649999999999943068 0.8099999999999999    Newton...              0.80999999999999938716              0.80999999999999938716 1
29.101.0.0135              0.80999999999999938716 0.8099999999999999    Newton...              0.82349999999999934364              0.82349999999999934364 1
30.1.-0.0135              0.82349999999999934364 -0.8099999999999999    Newton...              0.80999999999999938716              0.80999999999999938716 1
30.2.-0.0135              0.80999999999999938716 -0.8099999999999999    Newton...              0.79649999999999943068              0.79649999999999943068 1
30.3.-0.0135              0.79649999999999943068 -0.8099999999999999    Newton...              0.78299999999999947420              0.78299999999999947420 1
30.4.-0.0135              0.78299999999999947420 -0.8099999999999999    Newton...              0.76949999999999951772              0.76949999999999951772 1
30.5.-0.0135              0.76949999999999951772 -0.8099999999999999    Newton...              0.75599999999999956124              0.75599999999999956124 1
30.6.-0.0135              0.75599999999999956124 -0.8099999999999999    Newton...              0.74249999999999960476              0.74249999999999960476 1
30.7.-0.0135              0.74249999999999960476 -0.8099999999999999    Newton...              0.72899999999999964828              0.72899999999999964828 1
30.8.-0.0135              0.72899999999999964828 -0.8099999999999999    Newton...              0.71549999999999969180              0.71549999999999969180 1
30.9.-0.0135              0.71549999999999969180 -0.8099999999999999    Newton...              0.70199999999999973532              0.70199999999999973532 1
30.10.-0.0135              0.70199999999999973532 -0.8099999999999999    Newton...              0.68849999999999977884              0.68849999999999977884 1
30.11.-0.0135              0.68849999999999977884 -0.8099999999999999    Newton...              0.67499999999999982236              0.67499999999999982236 1
30.12.-0.0135              0.67499999999999982236 -0.8099999999999999    Newton...              0.66149999999999986589              0.66149999999999986589 1
30.13.-0.0135              0.66149999999999986589 -0.8099999999999999    Newton...              0.64799999999999990941              0.64799999999999990941 1
30.14.-0.0135              0.64799999999999990941 -0.8099999999999999    Newton...              0.63449999999999995293              0.63449999999999995293 1
30.15.-0.0135              0.63449999999999995293 -0.8099999999999999    Newton...              0.62099999999999999645              0.62099999999999999645 1
30.16.-0.0135              0.62099999999999999645 -0.8099999999999999    Newton...              0.60750000000000003997              0.60750000000000003997 1
30.17.-0.0135              0.60750000000000003997 -0.8099999999999999    Newton...              0.59400000000000008349              0.59400000000000008349 1
30.18.-0.0135              0.59400000000000008349 -0.8099999999999999    Newton...              0.58050000000000012701              0.58050000000000012701 1
30.19.-0.0135              0.58050000000000012701 -0.8099999999999999    Newton...              0.56700000000000017053              0.56700000000000017053 1
30.20.-0.0135              0.56700000000000017053 -0.8099999999999999    Newton...              0.55350000000000021405              0.55350000000000021405 1
30.21.-0.0135              0.55350000000000021405 -0.8099999999999999    Newton...              0.54000000000000025757              0.54000000000000025757 1
30.22.-0.0135              0.54000000000000025757 -0.8099999999999999    Newton...              0.52650000000000030109              0.52650000000000030109 1
30.23.-0.0135              0.52650000000000030109 -0.8099999999999999    Newton...              0.51300000000000034461              0.51300000000000034461 1
30.24.-0.0135              0.51300000000000034461 -0.8099999999999999    Newton...              0.49950000000000033262              0.49950000000000033262 1
30.25.-0.0135              0.49950000000000033262 -0.8099999999999999    Newton...              0.48600000000000032063              0.48600000000000032063 1
30.26.-0.0135              0.48600000000000032063 -0.8099999999999999    Newton...              0.47250000000000030864              0.47250000000000030864 1
30.27.-0.0135              0.47250000000000030864 -0.8099999999999999    Newton...              0.45900000000000029665              0.45900000000000029665 1
30.28.-0.0135              0.45900000000000029665 -0.8099999999999999    Newton...              0.44550000000000028466              0.44550000000000028466 1
30.29.-0.0135              0.44550000000000028466 -0.8099999999999999    Newton...              0.43200000000000027267              0.43200000000000027267 1
30.30.-0.0135              0.43200000000000027267 -0.8099999999999999    Newton...              0.41850000000000026068              0.41850000000000026068 1
30.31.-0.0135              0.41850000000000026068 -0.8099999999999999    Newton...              0.40500000000000024869              0.40500000000000024869 1
30.32.-0.0135              0.40500000000000024869 -0.8099999999999999    Newton...              0.39150000000000023670              0.39150000000000023670 1
30.33.-0.0135              0.39150000000000023670 -0.8099999999999999    Newton...              0.37800000000000022471              0.37800000000000022471 1
30.34.-0.0135              0.37800000000000022471 -0.8099999999999999    Newton...              0.36450000000000021272              0.36450000000000021272 1
30.35.-0.0135              0.36450000000000021272 -0.8099999999999999    Newton...              0.35100000000000020073              0.35100000000000020073 1
30.36.-0.0135              0.35100000000000020073 -0.8099999999999999    Newton...              0.33750000000000018874              0.33750000000000018874 1
30.37.-0.0135              0.33750000000000018874 -0.8099999999999999    Newton...              0.32400000000000017675              0.32400000000000017675 1
30.38.-0.0135              0.32400000000000017675 -0.8099999999999999    Newton...              0.31050000000000016476              0.31050000000000016476 1
30.39.-0.0135              0.31050000000000016476 -0.8099999999999999    Newton...              0.29700000000000015277              0.29700000000000015277 1
30.40.-0.0135              0.29700000000000015277 -0.8099999999999999    Newton...              0.28350000000000014078              0.28350000000000014078 1
30.41.-0.0135              0.28350000000000014078 -0.8099999999999999    Newton...              0.27000000000000012879              0.27000000000000012879 1
30.42.-0.0135              0.27000000000000012879 -0.8099999999999999    Newton...              0.25650000000000011680              0.25650000000000011680 1
30.43.-0.0135              0.25650000000000011680 -0.8099999999999999    Newton...              0.24300000000000010481              0.24300000000000010481 1
30.44.-0.0135              0.24300000000000010481 -0.8099999999999999    Newton...              0.22950000000000009281              0.22950000000000009281 1
30.45.-0.0135              0.22950000000000009281 -0.8099999999999999    Newton...              0.21600000000000008082              0.21600000000000008082 1
30.46.-0.0135              0.21600000000000008082 -0.8099999999999999    Newton...              0.20250000000000006883              0.20250000000000006883 1
30.47.-0.0135              0.20250000000000006883 -0.8099999999999999    Newton...              0.18900000000000005684              0.18900000000000005684 1
30.48.-0.0135              0.18900000000000005684 -0.8099999999999999    Newton...              0.17550000000000004485              0.17550000000000004485 1
30.49.-0.0135              0.17550000000000004485 -0.8099999999999999    Newton...              0.16200000000000003286              0.16200000000000003286 1
30.50.-0.0135              0.16200000000000003286 -0.8099999999999999    Newton...              0.14850000000000002087              0.14850000000000002087 1
30.51.-0.0135              0.14850000000000002087 -0.8099999999999999    Newton...              0.13500000000000000888              0.13500000000000000888 1
30.52.-0.0135              0.13500000000000000888 -0.8099999999999999    Newton...              0.12150000000000001077              0.12150000000000001077 1
30.53.-0.0135              0.12150000000000001077 -0.8099999999999999    Newton...              0.10800000000000001266              0.10800000000000001266 1
30.54.-0.0135              0.10800000000000001266 -0.8099999999999999    Newton...              0.09450000000000001454              0.09450000000000001454 1
30.55.-0.0135              0.09450000000000001454 -0.8099999999999999    Newton...              0.08100000000000001643              0.08100000000000001643 1
30.56.-0.0135              0.08100000000000001643 -0.8099999999999999    Newton...              0.06750000000000001832              0.06750000000000001832 1
30.57.-0.0135              0.06750000000000001832 -0.8099999999999999    Newton...              0.05400000000000002021              0.05400000000000002021 1
30.58.-0.0135              0.05400000000000002021 -0.8099999999999999    Newton...              0.04050000000000002209              0.04050000000000002209 1
30.59.-0.0135              0.04050000000000002209 -0.8099999999999999    Newton...              0.02700000000000002398              0.02700000000000002398 1
30.60.-0.0135              0.02700000000000002398 -0.8099999999999999    Newton...              0.01350000000000002413              0.01350000000000002413 1
30.61.-0.0135              0.01350000000000002413 -0.8099999999999999    Newton...              0.00000000000000002429              0.00000000000000002429 1
30.62.-0.0135              0.00000000000000002429 -0.8099999999999999    Newton...             -0.01349999999999997556             -0.01349999999999997556 1
30.63.-0.0135             -0.01349999999999997556 -0.8099999999999999    Newton...             -0.02699999999999997541             -0.02699999999999997541 1
30.64.-0.0135             -0.02699999999999997541 -0.8099999999999999    Newton...             -0.04049999999999997352             -0.04049999999999997352 1
30.65.-0.0135             -0.04049999999999997352 -0.8099999999999999    Newton...             -0.05399999999999997163             -0.05399999999999997163 1
30.66.-0.0135             -0.05399999999999997163 -0.8099999999999999    Newton...             -0.06749999999999997669             -0.06749999999999997669 1
30.67.-0.0135             -0.06749999999999997669 -0.8099999999999999    Newton...             -0.08099999999999997480             -0.08099999999999997480 1
30.68.-0.0135             -0.08099999999999997480 -0.8099999999999999    Newton...             -0.09449999999999997291             -0.09449999999999997291 1
30.69.-0.0135             -0.09449999999999997291 -0.8099999999999999    Newton...             -0.10799999999999997102             -0.10799999999999997102 1
30.70.-0.0135             -0.10799999999999997102 -0.8099999999999999    Newton...             -0.12149999999999996914             -0.12149999999999996914 1
30.71.-0.0135             -0.12149999999999996914 -0.8099999999999999    Newton...             -0.13499999999999998113             -0.13499999999999998113 1
30.72.-0.0135             -0.13499999999999998113 -0.8099999999999999    Newton...             -0.14849999999999999312             -0.14849999999999999312 1
30.73.-0.0135             -0.14849999999999999312 -0.8099999999999999    Newton...             -0.16200000000000000511             -0.16200000000000000511 1
30.74.-0.0135             -0.16200000000000000511 -0.8099999999999999    Newton...             -0.17550000000000001710             -0.17550000000000001710 1
30.75.-0.0135             -0.17550000000000001710 -0.8099999999999999    Newton...             -0.18900000000000002909             -0.18900000000000002909 1
30.76.-0.0135             -0.18900000000000002909 -0.8099999999999999    Newton...             -0.20250000000000004108             -0.20250000000000004108 1
30.77.-0.0135             -0.20250000000000004108 -0.8099999999999999    Newton...             -0.21600000000000005307             -0.21600000000000005307 1
30.78.-0.0135             -0.21600000000000005307 -0.8099999999999999    Newton...             -0.22950000000000006506             -0.22950000000000006506 1
30.79.-0.0135             -0.22950000000000006506 -0.8099999999999999    Newton...             -0.24300000000000007705             -0.24300000000000007705 1
30.80.-0.0135             -0.24300000000000007705 -0.8099999999999999    Newton...             -0.25650000000000006128             -0.25650000000000006128 1
30.81.-0.0135             -0.25650000000000006128 -0.8099999999999999    Newton...             -0.27000000000000007327             -0.27000000000000007327 1
30.82.-0.0135             -0.27000000000000007327 -0.8099999999999999    Newton...             -0.28350000000000008527             -0.28350000000000008527 1
30.83.-0.0135             -0.28350000000000008527 -0.8099999999999999    Newton...             -0.29700000000000009726             -0.29700000000000009726 1
30.84.-0.0135             -0.29700000000000009726 -0.8099999999999999    Newton...             -0.31050000000000010925             -0.31050000000000010925 1
30.85.-0.0135             -0.31050000000000010925 -0.8099999999999999    Newton...             -0.32400000000000012124             -0.32400000000000012124 1
30.86.-0.0135             -0.32400000000000012124 -0.8099999999999999    Newton...             -0.33750000000000013323             -0.33750000000000013323 1
30.87.-0.0135             -0.33750000000000013323 -0.8099999999999999    Newton...             -0.35100000000000014522             -0.35100000000000014522 1
30.88.-0.0135             -0.35100000000000014522 -0.8099999999999999    Newton...             -0.36450000000000015721             -0.36450000000000015721 1
30.89.-0.0135             -0.36450000000000015721 -0.8099999999999999    Newton...             -0.37800000000000016920             -0.37800000000000016920 1
30.90.-0.0135             -0.37800000000000016920 -0.8099999999999999    Newton...             -0.39150000000000018119             -0.39150000000000018119 1
30.91.-0.0135             -0.39150000000000018119 -0.8099999999999999    Newton...             -0.40500000000000019318             -0.40500000000000019318 1
30.92.-0.0135             -0.40500000000000019318 -0.8099999999999999    Newton...             -0.41850000000000020517             -0.41850000000000020517 1
30.93.-0.0135             -0.41850000000000020517 -0.8099999999999999    Newton...             -0.43200000000000021716             -0.43200000000000021716 1
30.94.-0.0135             -0.43200000000000021716 -0.8099999999999999    Newton...             -0.44550000000000022915             -0.44550000000000022915 1
30.95.-0.0135             -0.44550000000000022915 -0.8099999999999999    Newton...             -0.45900000000000024114             -0.45900000000000024114 1
30.96.-0.0135             -0.45900000000000024114 -0.8099999999999999    Newton...             -0.47250000000000025313             -0.47250000000000025313 1
30.97.-0.0135             -0.47250000000000025313 -0.8099999999999999    Newton...             -0.48600000000000026512             -0.48600000000000026512 1
30.98.-0.0135             -0.48600000000000026512 -0.8099999999999999    Newton...             -0.49950000000000027711             -0.49950000000000027711 1
30.99.-0.0135             -0.49950000000000027711 -0.8099999999999999    Newton...             -0.51300000000000023359             -0.51300000000000023359 1
30.100.-0.0135             -0.51300000000000023359 -0.8099999999999999    Newton...             -0.52650000000000019007             -0.52650000000000019007 1
30.101.-0.0135             -0.52650000000000019007 -0.8099999999999999    Newton...             -0.54000000000000014655             -0.54000000000000014655 1
30.102.-0.0135             -0.54000000000000014655 -0.8099999999999999    Newton...             -0.55350000000000010303             -0.55350000000000010303 1
30.103.-0.0135             -0.55350000000000010303 -0.8099999999999999    Newton...             -0.56700000000000005951             -0.56700000000000005951 1
30.104.-0.0135             -0.56700000000000005951 -0.8099999999999999    Newton...             -0.58050000000000001599             -0.58050000000000001599 1
30.105.-0.0135             -0.58050000000000001599 -0.8099999999999999    Newton...             -0.59399999999999997247             -0.59399999999999997247 1
30.106.-0.0135             -0.59399999999999997247 -0.8099999999999999    Newton...             -0.60749999999999992895             -0.60749999999999992895 1
30.107.-0.0135             -0.60749999999999992895 -0.8099999999999999    Newton...             -0.62099999999999988542             -0.62099999999999988542 1
30.108.-0.0135             -0.62099999999999988542 -0.8099999999999999    Newton...             -0.63449999999999984190             -0.63449999999999984190 1
30.109.-0.0135             -0.63449999999999984190 -0.8099999999999999    Newton...             -0.64799999999999979838             -0.64799999999999979838 1
30.110.-0.0135             -0.64799999999999979838 -0.8099999999999999    Newton...             -0.66149999999999975486             -0.66149999999999975486 1
30.111.-0.0135             -0.66149999999999975486 -0.8099999999999999    Newton...             -0.67499999999999971134             -0.67499999999999971134 1
30.112.-0.0135             -0.67499999999999971134 -0.8099999999999999    Newton...             -0.68849999999999966782             -0.68849999999999966782 1
30.113.-0.0135             -0.68849999999999966782 -0.8099999999999999    Newton...             -0.70199999999999962430             -0.70199999999999962430 1
30.114.-0.0135             -0.70199999999999962430 -0.8099999999999999    Newton...             -0.71549999999999958078             -0.71549999999999958078 1
30.115.-0.0135             -0.71549999999999958078 -0.8099999999999999    Newton...             -0.72899999999999953726             -0.72899999999999953726 1
30.116.-0.0135             -0.72899999999999953726 -0.8099999999999999    Newton...             -0.74249999999999949374             -0.74249999999999949374 1
30.117.-0.0135             -0.74249999999999949374 -0.8099999999999999    Newton...             -0.75599999999999945022             -0.75599999999999945022 1
30.118.-0.0135             -0.75599999999999945022 -0.8099999999999999    Newton...             -0.76949999999999940670             -0.76949999999999940670 1
30.119.-0.0135             -0.76949999999999940670 -0.8099999999999999    Newton...             -0.78299999999999936318             -0.78299999999999936318 1
30.120.-0.0135             -0.78299999999999936318 -0.8099999999999999    Newton...             -0.79649999999999931966             -0.79649999999999931966 1
30.121.-0.0135             -0.79649999999999931966 -0.8099999999999999    Newton...             -0.80999999999999927613             -0.80999999999999927613 1
30.122.-0.0135             -0.80999999999999927613 -0.8099999999999999    Newton...             -0.82349999999999923261             -0.82349999999999923261 1
31.1.0.0135             -0.82349999999999923261 0.8099999999999999    Newton...             -0.80999999999999927613             -0.80999999999999927613 1
31.2.0.0135             -0.80999999999999927613 0.8099999999999999    Newton...             -0.79649999999999931966             -0.79649999999999931966 1
31.3.0.0135             -0.79649999999999931966 0.8099999999999999    Newton...             -0.78299999999999936318             -0.78299999999999936318 1
31.4.0.0135             -0.78299999999999936318 0.8099999999999999    Newton...             -0.76949999999999940670             -0.76949999999999940670 1
31.5.0.0135             -0.76949999999999940670 0.8099999999999999    Newton...             -0.75599999999999945022             -0.75599999999999945022 1
31.6.0.0135             -0.75599999999999945022 0.8099999999999999    Newton...             -0.74249999999999949374             -0.74249999999999949374 1
31.7.0.0135             -0.74249999999999949374 0.8099999999999999    Newton...             -0.72899999999999953726             -0.72899999999999953726 1
31.8.0.0135             -0.72899999999999953726 0.8099999999999999    Newton...             -0.71549999999999958078             -0.71549999999999958078 1
31.9.0.0135             -0.71549999999999958078 0.8099999999999999    Newton...             -0.70199999999999962430             -0.70199999999999962430 1
31.10.0.0135             -0.70199999999999962430 0.8099999999999999    Newton...             -0.68849999999999966782             -0.68849999999999966782 1
31.11.0.0135             -0.68849999999999966782 0.8099999999999999    Newton...             -0.67499999999999971134             -0.67499999999999971134 1
31.12.0.0135             -0.67499999999999971134 0.8099999999999999    Newton...             -0.66149999999999975486             -0.66149999999999975486 1
31.13.0.0135             -0.66149999999999975486 0.8099999999999999    Newton...             -0.64799999999999979838             -0.64799999999999979838 1
31.14.0.0135             -0.64799999999999979838 0.8099999999999999    Newton...             -0.63449999999999984190             -0.63449999999999984190 1
31.15.0.0135             -0.63449999999999984190 0.8099999999999999    Newton...             -0.62099999999999988542             -0.62099999999999988542 1
31.16.0.0135             -0.62099999999999988542 0.8099999999999999    Newton...             -0.60749999999999992895             -0.60749999999999992895 1
31.17.0.0135             -0.60749999999999992895 0.8099999999999999    Newton...             -0.59399999999999997247             -0.59399999999999997247 1
31.18.0.0135             -0.59399999999999997247 0.8099999999999999    Newton...             -0.58050000000000001599             -0.58050000000000001599 1
31.19.0.0135             -0.58050000000000001599 0.8099999999999999    Newton...             -0.56700000000000005951             -0.56700000000000005951 1
31.20.0.0135             -0.56700000000000005951 0.8099999999999999    Newton...             -0.55350000000000010303             -0.55350000000000010303 1
31.21.0.0135             -0.55350000000000010303 0.8099999999999999    Newton...             -0.54000000000000014655             -0.54000000000000014655 1
31.22.0.0135             -0.54000000000000014655 0.8099999999999999    Newton...             -0.52650000000000019007             -0.52650000000000019007 1
31.23.0.0135             -0.52650000000000019007 0.8099999999999999    Newton...             -0.51300000000000023359             -0.51300000000000023359 1
31.24.0.0135             -0.51300000000000023359 0.8099999999999999    Newton...             -0.49950000000000022160             -0.49950000000000022160 1
31.25.0.0135             -0.49950000000000022160 0.8099999999999999    Newton...             -0.48600000000000020961             -0.48600000000000020961 1
31.26.0.0135             -0.48600000000000020961 0.8099999999999999    Newton...             -0.47250000000000019762             -0.47250000000000019762 1
31.27.0.0135             -0.47250000000000019762 0.8099999999999999    Newton...             -0.45900000000000018563             -0.45900000000000018563 1
31.28.0.0135             -0.45900000000000018563 0.8099999999999999    Newton...             -0.44550000000000017364             -0.44550000000000017364 1
31.29.0.0135             -0.44550000000000017364 0.8099999999999999    Newton...             -0.43200000000000016165             -0.43200000000000016165 1
31.30.0.0135             -0.43200000000000016165 0.8099999999999999    Newton...             -0.41850000000000014966             -0.41850000000000014966 1
31.31.0.0135             -0.41850000000000014966 0.8099999999999999    Newton...             -0.40500000000000013767             -0.40500000000000013767 1
31.32.0.0135             -0.40500000000000013767 0.8099999999999999    Newton...             -0.39150000000000012568             -0.39150000000000012568 1
31.33.0.0135             -0.39150000000000012568 0.8099999999999999    Newton...             -0.37800000000000011369             -0.37800000000000011369 1
31.34.0.0135             -0.37800000000000011369 0.8099999999999999    Newton...             -0.36450000000000010170             -0.36450000000000010170 1
31.35.0.0135             -0.36450000000000010170 0.8099999999999999    Newton...             -0.35100000000000008971             -0.35100000000000008971 1
31.36.0.0135             -0.35100000000000008971 0.8099999999999999    Newton...             -0.33750000000000007772             -0.33750000000000007772 1
31.37.0.0135             -0.33750000000000007772 0.8099999999999999    Newton...             -0.32400000000000006573             -0.32400000000000006573 1
31.38.0.0135             -0.32400000000000006573 0.8099999999999999    Newton...             -0.31050000000000005373             -0.31050000000000005373 1
31.39.0.0135             -0.31050000000000005373 0.8099999999999999    Newton...             -0.29700000000000004174             -0.29700000000000004174 1
31.40.0.0135             -0.29700000000000004174 0.8099999999999999    Newton...             -0.28350000000000002975             -0.28350000000000002975 1
31.41.0.0135             -0.28350000000000002975 0.8099999999999999    Newton...             -0.27000000000000001776             -0.27000000000000001776 1
31.42.0.0135             -0.27000000000000001776 0.8099999999999999    Newton...             -0.25650000000000000577             -0.25650000000000000577 1
31.43.0.0135             -0.25650000000000000577 0.8099999999999999    Newton...             -0.24299999999999999378             -0.24299999999999999378 1
31.44.0.0135             -0.24299999999999999378 0.8099999999999999    Newton...             -0.22949999999999998179             -0.22949999999999998179 1
31.45.0.0135             -0.22949999999999998179 0.8099999999999999    Newton...             -0.21599999999999996980             -0.21599999999999996980 1
31.46.0.0135             -0.21599999999999996980 0.8099999999999999    Newton...             -0.20249999999999995781             -0.20249999999999995781 1
31.47.0.0135             -0.20249999999999995781 0.8099999999999999    Newton...             -0.18899999999999994582             -0.18899999999999994582 1
31.48.0.0135             -0.18899999999999994582 0.8099999999999999    Newton...             -0.17549999999999993383             -0.17549999999999993383 1
31.49.0.0135             -0.17549999999999993383 0.8099999999999999    Newton...             -0.16199999999999992184             -0.16199999999999992184 1
31.50.0.0135             -0.16199999999999992184 0.8099999999999999    Newton...             -0.14849999999999990985             -0.14849999999999990985 1
31.51.0.0135             -0.14849999999999990985 0.8099999999999999    Newton...             -0.13499999999999989786             -0.13499999999999989786 1
31.52.0.0135             -0.13499999999999989786 0.8099999999999999    Newton...             -0.12149999999999989975             -0.12149999999999989975 1
31.53.0.0135             -0.12149999999999989975 0.8099999999999999    Newton...             -0.10799999999999990163             -0.10799999999999990163 1
31.54.0.0135             -0.10799999999999990163 0.8099999999999999    Newton...             -0.09449999999999990352             -0.09449999999999990352 1
31.55.0.0135             -0.09449999999999990352 0.8099999999999999    Newton...             -0.08099999999999990541             -0.08099999999999990541 1
31.56.0.0135             -0.08099999999999990541 0.8099999999999999    Newton...             -0.06749999999999990730             -0.06749999999999990730 1
31.57.0.0135             -0.06749999999999990730 0.8099999999999999    Newton...             -0.05399999999999990918             -0.05399999999999990918 1
31.58.0.0135             -0.05399999999999990918 0.8099999999999999    Newton...             -0.04049999999999991107             -0.04049999999999991107 1
31.59.0.0135             -0.04049999999999991107 0.8099999999999999    Newton...             -0.02699999999999991296             -0.02699999999999991296 1
31.60.0.0135             -0.02699999999999991296 0.8099999999999999    Newton...             -0.01349999999999991311             -0.01349999999999991311 1
31.61.0.0135             -0.01349999999999991311 0.8099999999999999    Newton...              0.00000000000000008674              0.00000000000000008674 1
31.62.0.0135              0.00000000000000008674 0.8099999999999999    Newton...              0.01350000000000008658              0.01350000000000008658 1
31.63.0.0135              0.01350000000000008658 0.8099999999999999    Newton...              0.02700000000000008643              0.02700000000000008643 1
31.64.0.0135              0.02700000000000008643 0.8099999999999999    Newton...              0.04050000000000008454              0.04050000000000008454 1
31.65.0.0135              0.04050000000000008454 0.8099999999999999    Newton...              0.05400000000000008266              0.05400000000000008266 1
31.66.0.0135              0.05400000000000008266 0.8099999999999999    Newton...              0.06750000000000008771              0.06750000000000008771 1
31.67.0.0135              0.06750000000000008771 0.8099999999999999    Newton...              0.08100000000000008582              0.08100000000000008582 1
31.68.0.0135              0.08100000000000008582 0.8099999999999999    Newton...              0.09450000000000008393              0.09450000000000008393 1
31.69.0.0135              0.09450000000000008393 0.8099999999999999    Newton...              0.10800000000000008205              0.10800000000000008205 1
31.70.0.0135              0.10800000000000008205 0.8099999999999999    Newton...              0.12150000000000008016              0.12150000000000008016 1
31.71.0.0135              0.12150000000000008016 0.8099999999999999    Newton...              0.13500000000000009215              0.13500000000000009215 1
31.72.0.0135              0.13500000000000009215 0.8099999999999999    Newton...              0.14850000000000010414              0.14850000000000010414 1
31.73.0.0135              0.14850000000000010414 0.8099999999999999    Newton...              0.16200000000000011613              0.16200000000000011613 1
31.74.0.0135              0.16200000000000011613 0.8099999999999999    Newton...              0.17550000000000010036              0.17550000000000010036 1
31.75.0.0135              0.17550000000000010036 0.8099999999999999    Newton...              0.18900000000000011235              0.18900000000000011235 1
31.76.0.0135              0.18900000000000011235 0.8099999999999999    Newton...              0.20250000000000012434              0.20250000000000012434 1
31.77.0.0135              0.20250000000000012434 0.8099999999999999    Newton...              0.21600000000000013634              0.21600000000000013634 1
31.78.0.0135              0.21600000000000013634 0.8099999999999999    Newton...              0.22950000000000014833              0.22950000000000014833 1
31.79.0.0135              0.22950000000000014833 0.8099999999999999    Newton...              0.24300000000000016032              0.24300000000000016032 1
31.80.0.0135              0.24300000000000016032 0.8099999999999999    Newton...              0.25650000000000017231              0.25650000000000017231 1
31.81.0.0135              0.25650000000000017231 0.8099999999999999    Newton...              0.27000000000000018430              0.27000000000000018430 1
31.82.0.0135              0.27000000000000018430 0.8099999999999999    Newton...              0.28350000000000019629              0.28350000000000019629 1
31.83.0.0135              0.28350000000000019629 0.8099999999999999    Newton...              0.29700000000000020828              0.29700000000000020828 1
31.84.0.0135              0.29700000000000020828 0.8099999999999999    Newton...              0.31050000000000022027              0.31050000000000022027 1
31.85.0.0135              0.31050000000000022027 0.8099999999999999    Newton...              0.32400000000000023226              0.32400000000000023226 1
31.86.0.0135              0.32400000000000023226 0.8099999999999999    Newton...              0.33750000000000024425              0.33750000000000024425 1
31.87.0.0135              0.33750000000000024425 0.8099999999999999    Newton...              0.35100000000000025624              0.35100000000000025624 1
31.88.0.0135              0.35100000000000025624 0.8099999999999999    Newton...              0.36450000000000026823              0.36450000000000026823 1
31.89.0.0135              0.36450000000000026823 0.8099999999999999    Newton...              0.37800000000000028022              0.37800000000000028022 1
31.90.0.0135              0.37800000000000028022 0.8099999999999999    Newton...              0.39150000000000029221              0.39150000000000029221 1
31.91.0.0135              0.39150000000000029221 0.8099999999999999    Newton...              0.40500000000000030420              0.40500000000000030420 1
31.92.0.0135              0.40500000000000030420 0.8099999999999999    Newton...              0.41850000000000031619              0.41850000000000031619 1
31.93.0.0135              0.41850000000000031619 0.8099999999999999    Newton...              0.43200000000000032818              0.43200000000000032818 1
31.94.0.0135              0.43200000000000032818 0.8099999999999999    Newton...              0.44550000000000034017              0.44550000000000034017 1
31.95.0.0135              0.44550000000000034017 0.8099999999999999    Newton...              0.45900000000000035216              0.45900000000000035216 1
31.96.0.0135              0.45900000000000035216 0.8099999999999999    Newton...              0.47250000000000036415              0.47250000000000036415 1
31.97.0.0135              0.47250000000000036415 0.8099999999999999    Newton...              0.48600000000000037614              0.48600000000000037614 1
31.98.0.0135              0.48600000000000037614 0.8099999999999999    Newton...              0.49950000000000038813              0.49950000000000038813 1
31.99.0.0135              0.49950000000000038813 0.8099999999999999    Newton...              0.51300000000000034461              0.51300000000000034461 1
31.100.0.0135              0.51300000000000034461 0.8099999999999999    Newton...              0.52650000000000030109              0.52650000000000030109 1
31.101.0.0135              0.52650000000000030109 0.8099999999999999    Newton...              0.54000000000000025757              0.54000000000000025757 1
31.102.0.0135              0.54000000000000025757 0.8099999999999999    Newton...              0.55350000000000021405              0.55350000000000021405 1
31.103.0.0135              0.55350000000000021405 0.8099999999999999    Newton...              0.56700000000000017053              0.56700000000000017053 1
31.104.0.0135              0.56700000000000017053 0.8099999999999999    Newton...              0.58050000000000012701              0.58050000000000012701 1
31.105.0.0135              0.58050000000000012701 0.8099999999999999    Newton...              0.59400000000000008349              0.59400000000000008349 1
31.106.0.0135              0.59400000000000008349 0.8099999999999999    Newton...              0.60750000000000003997              0.60750000000000003997 1
31.107.0.0135              0.60750000000000003997 0.8099999999999999    Newton...              0.62099999999999999645              0.62099999999999999645 1
31.108.0.0135              0.62099999999999999645 0.8099999999999999    Newton...              0.63449999999999995293              0.63449999999999995293 1
31.109.0.0135              0.63449999999999995293 0.8099999999999999    Newton...              0.64799999999999990941              0.64799999999999990941 1
31.110.0.0135              0.64799999999999990941 0.8099999999999999    Newton...              0.66149999999999986589              0.66149999999999986589 1
31.111.0.0135              0.66149999999999986589 0.8099999999999999    Newton...              0.67499999999999982236              0.67499999999999982236 1
31.112.0.0135              0.67499999999999982236 0.8099999999999999    Newton...              0.68849999999999977884              0.68849999999999977884 1
31.113.0.0135              0.68849999999999977884 0.8099999999999999    Newton...              0.70199999999999973532              0.70199999999999973532 1
31.114.0.0135              0.70199999999999973532 0.8099999999999999    Newton...              0.71549999999999969180              0.71549999999999969180 1
31.115.0.0135              0.71549999999999969180 0.8099999999999999    Newton...              0.72899999999999964828              0.72899999999999964828 1
31.116.0.0135              0.72899999999999964828 0.8099999999999999    Newton...              0.74249999999999960476              0.74249999999999960476 1
31.117.0.0135              0.74249999999999960476 0.8099999999999999    Newton...              0.75599999999999956124              0.75599999999999956124 1
31.118.0.0135              0.75599999999999956124 0.8099999999999999    Newton...              0.76949999999999951772              0.76949999999999951772 1
31.119.0.0135              0.76949999999999951772 0.8099999999999999    Newton...              0.78299999999999947420              0.78299999999999947420 1
31.120.0.0135              0.78299999999999947420 0.8099999999999999    Newton...              0.79649999999999943068              0.79649999999999943068 1
31.121.0.0135              0.79649999999999943068 0.8099999999999999    Newton...              0.80999999999999938716              0.80999999999999938716 1
31.122.0.0135              0.80999999999999938716 0.8099999999999999    Newton...              0.82349999999999934364              0.82349999999999934364 1
32.1.-0.0135              0.82349999999999934364 -0.8099999999999999    Newton...              0.80999999999999938716              0.80999999999999938716 1
32.2.-0.0135              0.80999999999999938716 -0.8099999999999999    Newton...              0.79649999999999943068              0.79649999999999943068 1
32.3.-0.0135              0.79649999999999943068 -0.8099999999999999    Newton...              0.78299999999999947420              0.78299999999999947420 1
32.4.-0.0135              0.78299999999999947420 -0.8099999999999999    Newton...              0.76949999999999951772              0.76949999999999951772 1
32.5.-0.0135              0.76949999999999951772 -0.8099999999999999    Newton...              0.75599999999999956124              0.75599999999999956124 1
32.6.-0.0135              0.75599999999999956124 -0.8099999999999999    Newton...              0.74249999999999960476              0.74249999999999960476 1
32.7.-0.0135              0.74249999999999960476 -0.8099999999999999    Newton...              0.72899999999999964828              0.72899999999999964828 1
32.8.-0.0135              0.72899999999999964828 -0.8099999999999999    Newton...              0.71549999999999969180              0.71549999999999969180 1
32.9.-0.0135              0.71549999999999969180 -0.8099999999999999    Newton...              0.70199999999999973532              0.70199999999999973532 1
32.10.-0.0135              0.70199999999999973532 -0.8099999999999999    Newton...              0.68849999999999977884              0.68849999999999977884 1
32.11.-0.0135              0.68849999999999977884 -0.8099999999999999    Newton...              0.67499999999999982236              0.67499999999999982236 1
32.12.-0.0135              0.67499999999999982236 -0.8099999999999999    Newton...              0.66149999999999986589              0.66149999999999986589 1
32.13.-0.0135              0.66149999999999986589 -0.8099999999999999    Newton...              0.64799999999999990941              0.64799999999999990941 1
32.14.-0.0135              0.64799999999999990941 -0.8099999999999999    Newton...              0.63449999999999995293              0.63449999999999995293 1
32.15.-0.0135              0.63449999999999995293 -0.8099999999999999    Newton...              0.62099999999999999645              0.62099999999999999645 1
32.16.-0.0135              0.62099999999999999645 -0.8099999999999999    Newton...              0.60750000000000003997              0.60750000000000003997 1
32.17.-0.0135              0.60750000000000003997 -0.8099999999999999    Newton...              0.59400000000000008349              0.59400000000000008349 1
32.18.-0.0135              0.59400000000000008349 -0.8099999999999999    Newton...              0.58050000000000012701              0.58050000000000012701 1
32.19.-0.0135              0.58050000000000012701 -0.8099999999999999    Newton...              0.56700000000000017053              0.56700000000000017053 1
32.20.-0.0135              0.56700000000000017053 -0.8099999999999999    Newton...              0.55350000000000021405              0.55350000000000021405 1
32.21.-0.0135              0.55350000000000021405 -0.8099999999999999    Newton...              0.54000000000000025757              0.54000000000000025757 1
32.22.-0.0135              0.54000000000000025757 -0.8099999999999999    Newton...              0.52650000000000030109              0.52650000000000030109 1
32.23.-0.0135              0.52650000000000030109 -0.8099999999999999    Newton...              0.51300000000000034461              0.51300000000000034461 1
32.24.-0.0135              0.51300000000000034461 -0.8099999999999999    Newton...              0.49950000000000033262              0.49950000000000033262 1
32.25.-0.0135              0.49950000000000033262 -0.8099999999999999    Newton...              0.48600000000000032063              0.48600000000000032063 1
32.26.-0.0135              0.48600000000000032063 -0.8099999999999999    Newton...              0.47250000000000030864              0.47250000000000030864 1
32.27.-0.0135              0.47250000000000030864 -0.8099999999999999    Newton...              0.45900000000000029665              0.45900000000000029665 1
32.28.-0.0135              0.45900000000000029665 -0.8099999999999999    Newton...              0.44550000000000028466              0.44550000000000028466 1
32.29.-0.0135              0.44550000000000028466 -0.8099999999999999    Newton...              0.43200000000000027267              0.43200000000000027267 1
32.30.-0.0135              0.43200000000000027267 -0.8099999999999999    Newton...              0.41850000000000026068              0.41850000000000026068 1
32.31.-0.0135              0.41850000000000026068 -0.8099999999999999    Newton...              0.40500000000000024869              0.40500000000000024869 1
32.32.-0.0135              0.40500000000000024869 -0.8099999999999999    Newton...              0.39150000000000023670              0.39150000000000023670 1
32.33.-0.0135              0.39150000000000023670 -0.8099999999999999    Newton...              0.37800000000000022471              0.37800000000000022471 1
32.34.-0.0135              0.37800000000000022471 -0.8099999999999999    Newton...              0.36450000000000021272              0.36450000000000021272 1
32.35.-0.0135              0.36450000000000021272 -0.8099999999999999    Newton...              0.35100000000000020073              0.35100000000000020073 1
32.36.-0.0135              0.35100000000000020073 -0.8099999999999999    Newton...              0.33750000000000018874              0.33750000000000018874 1
32.37.-0.0135              0.33750000000000018874 -0.8099999999999999    Newton...              0.32400000000000017675              0.32400000000000017675 1
32.38.-0.0135              0.32400000000000017675 -0.8099999999999999    Newton...              0.31050000000000016476              0.31050000000000016476 1
32.39.-0.0135              0.31050000000000016476 -0.8099999999999999    Newton...              0.29700000000000015277              0.29700000000000015277 1
32.40.-0.0135              0.29700000000000015277 -0.8099999999999999    Newton...              0.28350000000000014078              0.28350000000000014078 1
32.41.-0.0135              0.28350000000000014078 -0.8099999999999999    Newton...              0.27000000000000012879              0.27000000000000012879 1
32.42.-0.0135              0.27000000000000012879 -0.8099999999999999    Newton...              0.25650000000000011680              0.25650000000000011680 1
32.43.-0.0135              0.25650000000000011680 -0.8099999999999999    Newton...              0.24300000000000010481              0.24300000000000010481 1
32.44.-0.0135              0.24300000000000010481 -0.8099999999999999    Newton...              0.22950000000000009281              0.22950000000000009281 1
32.45.-0.0135              0.22950000000000009281 -0.8099999999999999    Newton...              0.21600000000000008082              0.21600000000000008082 1
32.46.-0.0135              0.21600000000000008082 -0.8099999999999999    Newton...              0.20250000000000006883              0.20250000000000006883 1
32.47.-0.0135              0.20250000000000006883 -0.8099999999999999    Newton...              0.18900000000000005684              0.18900000000000005684 1
32.48.-0.0135              0.18900000000000005684 -0.8099999999999999    Newton...              0.17550000000000004485              0.17550000000000004485 1
32.49.-0.0135              0.17550000000000004485 -0.8099999999999999    Newton...              0.16200000000000003286              0.16200000000000003286 1
32.50.-0.0135              0.16200000000000003286 -0.8099999999999999    Newton...              0.14850000000000002087              0.14850000000000002087 1
32.51.-0.0135              0.14850000000000002087 -0.8099999999999999    Newton...              0.13500000000000000888              0.13500000000000000888 1
32.52.-0.0135              0.13500000000000000888 -0.8099999999999999    Newton...              0.12150000000000001077              0.12150000000000001077 1
32.53.-0.0135              0.12150000000000001077 -0.8099999999999999    Newton...              0.10800000000000001266              0.10800000000000001266 1
32.54.-0.0135              0.10800000000000001266 -0.8099999999999999    Newton...              0.09450000000000001454              0.09450000000000001454 1
32.55.-0.0135              0.09450000000000001454 -0.8099999999999999    Newton...              0.08100000000000001643              0.08100000000000001643 1
32.56.-0.0135              0.08100000000000001643 -0.8099999999999999    Newton...              0.06750000000000001832              0.06750000000000001832 1
32.57.-0.0135              0.06750000000000001832 -0.8099999999999999    Newton...              0.05400000000000002021              0.05400000000000002021 1
32.58.-0.0135              0.05400000000000002021 -0.8099999999999999    Newton...              0.04050000000000002209              0.04050000000000002209 1
32.59.-0.0135              0.04050000000000002209 -0.8099999999999999    Newton...              0.02700000000000002398              0.02700000000000002398 1
32.60.-0.0135              0.02700000000000002398 -0.8099999999999999    Newton...              0.01350000000000002413              0.01350000000000002413 1
32.61.-0.0135              0.01350000000000002413 -0.8099999999999999    Newton...              0.00000000000000002429              0.00000000000000002429 1
32.62.-0.0135              0.00000000000000002429 -0.8099999999999999    Newton...             -0.01349999999999997556             -0.01349999999999997556 1
32.63.-0.0135             -0.01349999999999997556 -0.8099999999999999    Newton...             -0.02699999999999997541             -0.02699999999999997541 1
32.64.-0.0135             -0.02699999999999997541 -0.8099999999999999    Newton...             -0.04049999999999997352             -0.04049999999999997352 1
32.65.-0.0135             -0.04049999999999997352 -0.8099999999999999    Newton...             -0.05399999999999997163             -0.05399999999999997163 1
32.66.-0.0135             -0.05399999999999997163 -0.8099999999999999    Newton...             -0.06749999999999997669             -0.06749999999999997669 1
32.67.-0.0135             -0.06749999999999997669 -0.8099999999999999    Newton...             -0.08099999999999997480             -0.08099999999999997480 1
32.68.-0.0135             -0.08099999999999997480 -0.8099999999999999    Newton...             -0.09449999999999997291             -0.09449999999999997291 1
32.69.-0.0135             -0.09449999999999997291 -0.8099999999999999    Newton...             -0.10799999999999997102             -0.10799999999999997102 1
32.70.-0.0135             -0.10799999999999997102 -0.8099999999999999    Newton...             -0.12149999999999996914             -0.12149999999999996914 1
32.71.-0.0135             -0.12149999999999996914 -0.8099999999999999    Newton...             -0.13499999999999998113             -0.13499999999999998113 1
32.72.-0.0135             -0.13499999999999998113 -0.8099999999999999    Newton...             -0.14849999999999999312             -0.14849999999999999312 1
32.73.-0.0135             -0.14849999999999999312 -0.8099999999999999    Newton...             -0.16200000000000000511             -0.16200000000000000511 1
32.74.-0.0135             -0.16200000000000000511 -0.8099999999999999    Newton...             -0.17550000000000001710             -0.17550000000000001710 1
32.75.-0.0135             -0.17550000000000001710 -0.8099999999999999    Newton...             -0.18900000000000002909             -0.18900000000000002909 1
32.76.-0.0135             -0.18900000000000002909 -0.8099999999999999    Newton...             -0.20250000000000004108             -0.20250000000000004108 1
32.77.-0.0135             -0.20250000000000004108 -0.8099999999999999    Newton...             -0.21600000000000005307             -0.21600000000000005307 1
32.78.-0.0135             -0.21600000000000005307 -0.8099999999999999    Newton...             -0.22950000000000006506             -0.22950000000000006506 1
32.79.-0.0135             -0.22950000000000006506 -0.8099999999999999    Newton...             -0.24300000000000007705             -0.24300000000000007705 1
32.80.-0.0135             -0.24300000000000007705 -0.8099999999999999    Newton...             -0.25650000000000006128             -0.25650000000000006128 1
32.81.-0.0135             -0.25650000000000006128 -0.8099999999999999    Newton...             -0.27000000000000007327             -0.27000000000000007327 1
32.82.-0.0135             -0.27000000000000007327 -0.8099999999999999    Newton...             -0.28350000000000008527             -0.28350000000000008527 1
32.83.-0.0135             -0.28350000000000008527 -0.8099999999999999    Newton...             -0.29700000000000009726             -0.29700000000000009726 1
32.84.-0.0135             -0.29700000000000009726 -0.8099999999999999    Newton...             -0.31050000000000010925             -0.31050000000000010925 1
32.85.-0.0135             -0.31050000000000010925 -0.8099999999999999    Newton...             -0.32400000000000012124             -0.32400000000000012124 1
32.86.-0.0135             -0.32400000000000012124 -0.8099999999999999    Newton...             -0.33750000000000013323             -0.33750000000000013323 1
32.87.-0.0135             -0.33750000000000013323 -0.8099999999999999    Newton...             -0.35100000000000014522             -0.35100000000000014522 1
32.88.-0.0135             -0.35100000000000014522 -0.8099999999999999    Newton...             -0.36450000000000015721             -0.36450000000000015721 1
32.89.-0.0135             -0.36450000000000015721 -0.8099999999999999    Newton...             -0.37800000000000016920             -0.37800000000000016920 1
32.90.-0.0135             -0.37800000000000016920 -0.8099999999999999    Newton...             -0.39150000000000018119             -0.39150000000000018119 1
32.91.-0.0135             -0.39150000000000018119 -0.8099999999999999    Newton...             -0.40500000000000019318             -0.40500000000000019318 1
32.92.-0.0135             -0.40500000000000019318 -0.8099999999999999    Newton...             -0.41850000000000020517             -0.41850000000000020517 1
32.93.-0.0135             -0.41850000000000020517 -0.8099999999999999    Newton...             -0.43200000000000021716             -0.43200000000000021716 1
32.94.-0.0135             -0.43200000000000021716 -0.8099999999999999    Newton...             -0.44550000000000022915             -0.44550000000000022915 1
32.95.-0.0135             -0.44550000000000022915 -0.8099999999999999    Newton...             -0.45900000000000024114             -0.45900000000000024114 1
32.96.-0.0135             -0.45900000000000024114 -0.8099999999999999    Newton...             -0.47250000000000025313             -0.47250000000000025313 1
32.97.-0.0135             -0.47250000000000025313 -0.8099999999999999    Newton...             -0.48600000000000026512             -0.48600000000000026512 1
32.98.-0.0135             -0.48600000000000026512 -0.8099999999999999    Newton...             -0.49950000000000027711             -0.49950000000000027711 1
32.99.-0.0135             -0.49950000000000027711 -0.8099999999999999    Newton...             -0.51300000000000023359             -0.51300000000000023359 1
32.100.-0.0135             -0.51300000000000023359 -0.8099999999999999    Newton...             -0.52650000000000019007             -0.52650000000000019007 1
32.101.-0.0135             -0.52650000000000019007 -0.8099999999999999    Newton...             -0.54000000000000014655             -0.54000000000000014655 1
32.102.-0.0135             -0.54000000000000014655 -0.8099999999999999    Newton...             -0.55350000000000010303             -0.55350000000000010303 1
32.103.-0.0135             -0.55350000000000010303 -0.8099999999999999    Newton...             -0.56700000000000005951             -0.56700000000000005951 1
32.104.-0.0135             -0.56700000000000005951 -0.8099999999999999    Newton...             -0.58050000000000001599             -0.58050000000000001599 1
32.105.-0.0135             -0.58050000000000001599 -0.8099999999999999    Newton...             -0.59399999999999997247             -0.59399999999999997247 1
32.106.-0.0135             -0.59399999999999997247 -0.8099999999999999    Newton...             -0.60749999999999992895             -0.60749999999999992895 1
32.107.-0.0135             -0.60749999999999992895 -0.8099999999999999    Newton...             -0.62099999999999988542             -0.62099999999999988542 1
32.108.-0.0135             -0.62099999999999988542 -0.8099999999999999    Newton...             -0.63449999999999984190             -0.63449999999999984190 1
32.109.-0.0135             -0.63449999999999984190 -0.8099999999999999    Newton...             -0.64799999999999979838             -0.64799999999999979838 1
32.110.-0.0135             -0.64799999999999979838 -0.8099999999999999    Newton...             -0.66149999999999975486             -0.66149999999999975486 1
32.111.-0.0135             -0.66149999999999975486 -0.8099999999999999    Newton...             -0.67499999999999971134             -0.67499999999999971134 1
32.112.-0.0135             -0.67499999999999971134 -0.8099999999999999    Newton...             -0.68849999999999966782             -0.68849999999999966782 1
32.113.-0.0135             -0.68849999999999966782 -0.8099999999999999    Newton...             -0.70199999999999962430             -0.70199999999999962430 1
32.114.-0.0135             -0.70199999999999962430 -0.8099999999999999    Newton...             -0.71549999999999958078             -0.71549999999999958078 1
32.115.-0.0135             -0.71549999999999958078 -0.8099999999999999    Newton...             -0.72899999999999953726             -0.72899999999999953726 1
32.116.-0.0135             -0.72899999999999953726 -0.8099999999999999    Newton...             -0.74249999999999949374             -0.74249999999999949374 1
32.117.-0.0135             -0.74249999999999949374 -0.8099999999999999    Newton...             -0.75599999999999945022             -0.75599999999999945022 1
32.118.-0.0135             -0.75599999999999945022 -0.8099999999999999    Newton...             -0.76949999999999940670             -0.76949999999999940670 1
32.119.-0.0135             -0.76949999999999940670 -0.8099999999999999    Newton...             -0.78299999999999936318             -0.78299999999999936318 1
32.120.-0.0135             -0.78299999999999936318 -0.8099999999999999    Newton...             -0.79649999999999931966             -0.79649999999999931966 1
32.121.-0.0135             -0.79649999999999931966 -0.8099999999999999    Newton...             -0.80999999999999927613             -0.80999999999999927613 1
32.122.-0.0135             -0.80999999999999927613 -0.8099999999999999    Newton...             -0.82349999999999923261             -0.82349999999999923261 1
33.1.0.0135             -0.82349999999999923261 1.08    Newton...             -0.80999999999999927613             -0.80999999999999927613 1
33.2.0.0135             -0.80999999999999927613 1.08    Newton...             -0.79649999999999931966             -0.79649999999999931966 1
33.3.0.0135             -0.79649999999999931966 1.08    Newton...             -0.78299999999999936318             -0.78299999999999936318 1
33.4.0.0135             -0.78299999999999936318 1.08    Newton...             -0.76949999999999940670             -0.76949999999999940670 1
33.5.0.0135             -0.76949999999999940670 1.08    Newton...             -0.75599999999999945022             -0.75599999999999945022 1
33.6.0.0135             -0.75599999999999945022 1.08    Newton...             -0.74249999999999949374             -0.74249999999999949374 1
33.7.0.0135             -0.74249999999999949374 1.08    Newton...             -0.72899999999999953726             -0.72899999999999953726 1
33.8.0.0135             -0.72899999999999953726 1.08    Newton...             -0.71549999999999958078             -0.71549999999999958078 1
33.9.0.0135             -0.71549999999999958078 1.08    Newton...             -0.70199999999999962430             -0.70199999999999962430 1
33.10.0.0135             -0.70199999999999962430 1.08    Newton...             -0.68849999999999966782             -0.68849999999999966782 1
33.11.0.0135             -0.68849999999999966782 1.08    Newton...             -0.67499999999999971134             -0.67499999999999971134 1
33.12.0.0135             -0.67499999999999971134 1.08    Newton...             -0.66149999999999975486             -0.66149999999999975486 1
33.13.0.0135             -0.66149999999999975486 1.08    Newton...             -0.64799999999999979838             -0.64799999999999979838 1
33.14.0.0135             -0.64799999999999979838 1.08    Newton...             -0.63449999999999984190             -0.63449999999999984190 1
33.15.0.0135             -0.63449999999999984190 1.08    Newton...             -0.62099999999999988542             -0.62099999999999988542 1
33.16.0.0135             -0.62099999999999988542 1.08    Newton...             -0.60749999999999992895             -0.60749999999999992895 1
33.17.0.0135             -0.60749999999999992895 1.08    Newton...             -0.59399999999999997247             -0.59399999999999997247 1
33.18.0.0135             -0.59399999999999997247 1.08    Newton...             -0.58050000000000001599             -0.58050000000000001599 1
33.19.0.0135             -0.58050000000000001599 1.08    Newton...             -0.56700000000000005951             -0.56700000000000005951 1
33.20.0.0135             -0.56700000000000005951 1.08    Newton...             -0.55350000000000010303             -0.55350000000000010303 1
33.21.0.0135             -0.55350000000000010303 1.08    Newton...             -0.54000000000000014655             -0.54000000000000014655 1
33.22.0.0135             -0.54000000000000014655 1.08    Newton...             -0.52650000000000019007             -0.52650000000000019007 1
33.23.0.0135             -0.52650000000000019007 1.08    Newton...             -0.51300000000000023359             -0.51300000000000023359 1
33.24.0.0135             -0.51300000000000023359 1.08    Newton...             -0.49950000000000022160             -0.49950000000000022160 1
33.25.0.0135             -0.49950000000000022160 1.08    Newton...             -0.48600000000000020961             -0.48600000000000020961 1
33.26.0.0135             -0.48600000000000020961 1.08    Newton...             -0.47250000000000019762             -0.47250000000000019762 1
33.27.0.0135             -0.47250000000000019762 1.08    Newton...             -0.45900000000000018563             -0.45900000000000018563 1
33.28.0.0135             -0.45900000000000018563 1.08    Newton...             -0.44550000000000017364             -0.44550000000000017364 1
33.29.0.0135             -0.44550000000000017364 1.08    Newton...             -0.43200000000000016165             -0.43200000000000016165 1
33.30.0.0135             -0.43200000000000016165 1.08    Newton...             -0.41850000000000014966             -0.41850000000000014966 1
33.31.0.0135             -0.41850000000000014966 1.08    Newton...             -0.40500000000000013767             -0.40500000000000013767 1
33.32.0.0135             -0.40500000000000013767 1.08    Newton...             -0.39150000000000012568             -0.39150000000000012568 1
33.33.0.0135             -0.39150000000000012568 1.08    Newton...             -0.37800000000000011369             -0.37800000000000011369 1
33.34.0.0135             -0.37800000000000011369 1.08    Newton...             -0.36450000000000010170             -0.36450000000000010170 1
33.35.0.0135             -0.36450000000000010170 1.08    Newton...             -0.35100000000000008971             -0.35100000000000008971 1
33.36.0.0135             -0.35100000000000008971 1.08    Newton...             -0.33750000000000007772             -0.33750000000000007772 1
33.37.0.0135             -0.33750000000000007772 1.08    Newton...             -0.32400000000000006573             -0.32400000000000006573 1
33.38.0.0135             -0.32400000000000006573 1.08    Newton...             -0.31050000000000005373             -0.31050000000000005373 1
33.39.0.0135             -0.31050000000000005373 1.08    Newton...             -0.29700000000000004174             -0.29700000000000004174 1
33.40.0.0135             -0.29700000000000004174 1.08    Newton...             -0.28350000000000002975             -0.28350000000000002975 1
33.41.0.0135             -0.28350000000000002975 1.08    Newton...             -0.27000000000000001776             -0.27000000000000001776 1
33.42.0.0135             -0.27000000000000001776 1.08    Newton...             -0.25650000000000000577             -0.25650000000000000577 1
33.43.0.0135             -0.25650000000000000577 1.08    Newton...             -0.24299999999999999378             -0.24299999999999999378 1
33.44.0.0135             -0.24299999999999999378 1.08    Newton...             -0.22949999999999998179             -0.22949999999999998179 1
33.45.0.0135             -0.22949999999999998179 1.08    Newton...             -0.21599999999999996980             -0.21599999999999996980 1
33.46.0.0135             -0.21599999999999996980 1.08    Newton...             -0.20249999999999995781             -0.20249999999999995781 1
33.47.0.0135             -0.20249999999999995781 1.08    Newton...             -0.18899999999999994582             -0.18899999999999994582 1
33.48.0.0135             -0.18899999999999994582 1.08    Newton...             -0.17549999999999993383             -0.17549999999999993383 1
33.49.0.0135             -0.17549999999999993383 1.08    Newton...             -0.16199999999999992184             -0.16199999999999992184 1
33.50.0.0135             -0.16199999999999992184 1.08    Newton...             -0.14849999999999990985             -0.14849999999999990985 1
33.51.0.0135             -0.14849999999999990985 1.08    Newton...             -0.13499999999999989786             -0.13499999999999989786 1
33.52.0.0135             -0.13499999999999989786 1.08    Newton...             -0.12149999999999989975             -0.12149999999999989975 1
33.53.0.0135             -0.12149999999999989975 1.08    Newton...             -0.10799999999999990163             -0.10799999999999990163 1
33.54.0.0135             -0.10799999999999990163 1.08    Newton...             -0.09449999999999990352             -0.09449999999999990352 1
33.55.0.0135             -0.09449999999999990352 1.08    Newton...             -0.08099999999999990541             -0.08099999999999990541 1
33.56.0.0135             -0.08099999999999990541 1.08    Newton...             -0.06749999999999990730             -0.06749999999999990730 1
33.57.0.0135             -0.06749999999999990730 1.08    Newton...             -0.05399999999999990918             -0.05399999999999990918 1
33.58.0.0135             -0.05399999999999990918 1.08    Newton...             -0.04049999999999991107             -0.04049999999999991107 1
33.59.0.0135             -0.04049999999999991107 1.08    Newton...             -0.02699999999999991296             -0.02699999999999991296 1
33.60.0.0135             -0.02699999999999991296 1.08    Newton...             -0.01349999999999991311             -0.01349999999999991311 1
33.61.0.0135             -0.01349999999999991311 1.08    Newton...              0.00000000000000008674              0.00000000000000008674 1
33.62.0.0135              0.00000000000000008674 1.08    Newton...              0.01350000000000008658              0.01350000000000008658 1
33.63.0.0135              0.01350000000000008658 1.08    Newton...              0.02700000000000008643              0.02700000000000008643 1
33.64.0.0135              0.02700000000000008643 1.08    Newton...              0.04050000000000008454              0.04050000000000008454 1
33.65.0.0135              0.04050000000000008454 1.08    Newton...              0.05400000000000008266              0.05400000000000008266 1
33.66.0.0135              0.05400000000000008266 1.08    Newton...              0.06750000000000008771              0.06750000000000008771 1
33.67.0.0135              0.06750000000000008771 1.08    Newton...              0.08100000000000008582              0.08100000000000008582 1
33.68.0.0135              0.08100000000000008582 1.08    Newton...              0.09450000000000008393              0.09450000000000008393 1
33.69.0.0135              0.09450000000000008393 1.08    Newton...              0.10800000000000008205              0.10800000000000008205 1
33.70.0.0135              0.10800000000000008205 1.08    Newton...              0.12150000000000008016              0.12150000000000008016 1
33.71.0.0135              0.12150000000000008016 1.08    Newton...              0.13500000000000009215              0.13500000000000009215 1
33.72.0.0135              0.13500000000000009215 1.08    Newton...              0.14850000000000010414              0.14850000000000010414 1
33.73.0.0135              0.14850000000000010414 1.08    Newton...              0.16200000000000011613              0.16200000000000011613 1
33.74.0.0135              0.16200000000000011613 1.08    Newton...              0.17550000000000010036              0.17550000000000010036 1
33.75.0.0135              0.17550000000000010036 1.08    Newton...              0.18900000000000011235              0.18900000000000011235 1
33.76.0.0135              0.18900000000000011235 1.08    Newton...              0.20250000000000012434              0.20250000000000012434 1
33.77.0.0135              0.20250000000000012434 1.08    Newton...              0.21600000000000013634              0.21600000000000013634 1
33.78.0.0135              0.21600000000000013634 1.08    Newton...              0.22950000000000014833              0.22950000000000014833 1
33.79.0.0135              0.22950000000000014833 1.08    Newton...              0.24300000000000016032              0.24300000000000016032 1
33.80.0.0135              0.24300000000000016032 1.08    Newton...              0.25650000000000017231              0.25650000000000017231 1
33.81.0.0135              0.25650000000000017231 1.08    Newton...              0.27000000000000018430              0.27000000000000018430 1
33.82.0.0135              0.27000000000000018430 1.08    Newton...              0.28350000000000019629              0.28350000000000019629 1
33.83.0.0135              0.28350000000000019629 1.08    Newton...              0.29700000000000020828              0.29700000000000020828 1
33.84.0.0135              0.29700000000000020828 1.08    Newton...              0.31050000000000022027              0.31050000000000022027 1
33.85.0.0135              0.31050000000000022027 1.08    Newton...              0.32400000000000023226              0.32400000000000023226 1
33.86.0.0135              0.32400000000000023226 1.08    Newton...              0.33750000000000024425              0.33750000000000024425 1
33.87.0.0135              0.33750000000000024425 1.08    Newton...              0.35100000000000025624              0.35100000000000025624 1
33.88.0.0135              0.35100000000000025624 1.08    Newton...              0.36450000000000026823              0.36450000000000026823 1
33.89.0.0135              0.36450000000000026823 1.08    Newton...              0.37800000000000028022              0.37800000000000028022 1
33.90.0.0135              0.37800000000000028022 1.08    Newton...              0.39150000000000029221              0.39150000000000029221 1
33.91.0.0135              0.39150000000000029221 1.08    Newton...              0.40500000000000030420              0.40500000000000030420 1
33.92.0.0135              0.40500000000000030420 1.08    Newton...              0.41850000000000031619              0.41850000000000031619 1
33.93.0.0135              0.41850000000000031619 1.08    Newton...              0.43200000000000032818              0.43200000000000032818 1
33.94.0.0135              0.43200000000000032818 1.08    Newton...              0.44550000000000034017              0.44550000000000034017 1
33.95.0.0135              0.44550000000000034017 1.08    Newton...              0.45900000000000035216              0.45900000000000035216 1
33.96.0.0135              0.45900000000000035216 1.08    Newton...              0.47250000000000036415              0.47250000000000036415 1
33.97.0.0135              0.47250000000000036415 1.08    Newton...              0.48600000000000037614              0.48600000000000037614 1
33.98.0.0135              0.48600000000000037614 1.08    Newton...              0.49950000000000038813              0.49950000000000038813 1
33.99.0.0135              0.49950000000000038813 1.08    Newton...              0.51300000000000034461              0.51300000000000034461 1
33.100.0.0135              0.51300000000000034461 1.08    Newton...              0.52650000000000030109              0.52650000000000030109 1
33.101.0.0135              0.52650000000000030109 1.08    Newton...              0.54000000000000025757              0.54000000000000025757 1
33.102.0.0135              0.54000000000000025757 1.08    Newton...              0.55350000000000021405              0.55350000000000021405 1
33.103.0.0135              0.55350000000000021405 1.08    Newton...              0.56700000000000017053              0.56700000000000017053 1
33.104.0.0135              0.56700000000000017053 1.08    Newton...              0.58050000000000012701              0.58050000000000012701 1
33.105.0.0135              0.58050000000000012701 1.08    Newton...              0.59400000000000008349              0.59400000000000008349 1
33.106.0.0135              0.59400000000000008349 1.08    Newton...              0.60750000000000003997              0.60750000000000003997 1
33.107.0.0135              0.60750000000000003997 1.08    Newton...              0.62099999999999999645              0.62099999999999999645 1
33.108.0.0135              0.62099999999999999645 1.08    Newton...              0.63449999999999995293              0.63449999999999995293 1
33.109.0.0135              0.63449999999999995293 1.08    Newton...              0.64799999999999990941              0.64799999999999990941 1
33.110.0.0135              0.64799999999999990941 1.08    Newton...              0.66149999999999986589              0.66149999999999986589 1
33.111.0.0135              0.66149999999999986589 1.08    Newton...              0.67499999999999982236              0.67499999999999982236 1
33.112.0.0135              0.67499999999999982236 1.08    Newton...              0.68849999999999977884              0.68849999999999977884 1
33.113.0.0135              0.68849999999999977884 1.08    Newton...              0.70199999999999973532              0.70199999999999973532 1
33.114.0.0135              0.70199999999999973532 1.08    Newton...              0.71549999999999969180              0.71549999999999969180 1
33.115.0.0135              0.71549999999999969180 1.08    Newton...              0.72899999999999964828              0.72899999999999964828 1
33.116.0.0135              0.72899999999999964828 1.08    Newton...              0.74249999999999960476              0.74249999999999960476 1
33.117.0.0135              0.74249999999999960476 1.08    Newton...              0.75599999999999956124              0.75599999999999956124 1
33.118.0.0135              0.75599999999999956124 1.08    Newton...              0.76949999999999951772              0.76949999999999951772 1
33.119.0.0135              0.76949999999999951772 1.08    Newton...              0.78299999999999947420              0.78299999999999947420 1
33.120.0.0135              0.78299999999999947420 1.08    Newton...              0.79649999999999943068              0.79649999999999943068 1
33.121.0.0135              0.79649999999999943068 1.08    Newton...              0.80999999999999938716              0.80999999999999938716 1
33.122.0.0135              0.80999999999999938716 1.08    Newton...              0.82349999999999934364              0.82349999999999934364 1
33.123.0.0135              0.82349999999999934364 1.08    Newton...              0.83699999999999930012              0.83699999999999930012 1
33.124.0.0135              0.83699999999999930012 1.08    Newton...              0.85049999999999925659              0.85049999999999925659 1
33.125.0.0135              0.85049999999999925659 1.08    Newton...              0.86399999999999921307              0.86399999999999921307 1
33.126.0.0135              0.86399999999999921307 1.08    Newton...              0.87749999999999916955              0.87749999999999916955 1
33.127.0.0135              0.87749999999999916955 1.08    Newton...              0.89099999999999912603              0.89099999999999912603 1
33.128.0.0135              0.89099999999999912603 1.08    Newton...              0.90449999999999908251              0.90449999999999908251 1
33.129.0.0135              0.90449999999999908251 1.08    Newton...              0.91799999999999903899              0.91799999999999903899 1
33.130.0.0135              0.91799999999999903899 1.08    Newton...              0.93149999999999899547              0.93149999999999899547 1
33.131.0.0135              0.93149999999999899547 1.08    Newton...              0.94499999999999895195              0.94499999999999895195 1
33.132.0.0135              0.94499999999999895195 1.08    Newton...              0.95849999999999890843              0.95849999999999890843 1
33.133.0.0135              0.95849999999999890843 1.08    Newton...              0.97199999999999886491              0.97199999999999886491 1
33.134.0.0135              0.97199999999999886491 1.08    Newton...              0.98549999999999882139              0.98549999999999882139 1
33.135.0.0135              0.98549999999999882139 1.08    Newton...              0.99899999999999877787              0.99899999999999877787 1
33.136.0.0135              0.99899999999999877787 1.08    Newton...              1.01249999999999884537              1.01249999999999884537 1
33.137.0.0135              1.01249999999999884537 1.08    Newton...              1.02599999999999891287              1.02599999999999891287 1
33.138.0.0135              1.02599999999999891287 1.08    Newton...              1.03949999999999898037              1.03949999999999898037 1
33.139.0.0135              1.03949999999999898037 1.08    Newton...              1.05299999999999904787              1.05299999999999904787 1
33.140.0.0135              1.05299999999999904787 1.08    Newton...              1.06649999999999911537              1.06649999999999911537 1
33.141.0.0135              1.06649999999999911537 1.08    Newton...              1.07999999999999918288              1.07999999999999918288 1
33.142.0.0135              1.07999999999999918288 1.08    Newton...              1.09349999999999925038              1.09349999999999925038 1
34.1.-0.0135              1.09349999999999925038 -1.08    Newton...              1.07999999999999918288              1.07999999999999918288 1
34.2.-0.0135              1.07999999999999918288 -1.08    Newton...              1.06649999999999911537              1.06649999999999911537 1
34.3.-0.0135              1.06649999999999911537 -1.08    Newton...              1.05299999999999904787              1.05299999999999904787 1
34.4.-0.0135              1.05299999999999904787 -1.08    Newton...              1.03949999999999898037              1.03949999999999898037 1
34.5.-0.0135              1.03949999999999898037 -1.08    Newton...              1.02599999999999891287              1.02599999999999891287 1
34.6.-0.0135              1.02599999999999891287 -1.08    Newton...              1.01249999999999884537              1.01249999999999884537 1
34.7.-0.0135              1.01249999999999884537 -1.08    Newton...              0.99899999999999888889              0.99899999999999888889 1
34.8.-0.0135              0.99899999999999888889 -1.08    Newton...              0.98549999999999893241              0.98549999999999893241 1
34.9.-0.0135              0.98549999999999893241 -1.08    Newton...              0.97199999999999897593              0.97199999999999897593 1
34.10.-0.0135              0.97199999999999897593 -1.08    Newton...              0.95849999999999901945              0.95849999999999901945 1
34.11.-0.0135              0.95849999999999901945 -1.08    Newton...              0.94499999999999906297              0.94499999999999906297 1
34.12.-0.0135              0.94499999999999906297 -1.08    Newton...              0.93149999999999910649              0.93149999999999910649 1
34.13.-0.0135              0.93149999999999910649 -1.08    Newton...              0.91799999999999915001              0.91799999999999915001 1
34.14.-0.0135              0.91799999999999915001 -1.08    Newton...              0.90449999999999919353              0.90449999999999919353 1
34.15.-0.0135              0.90449999999999919353 -1.08    Newton...              0.89099999999999923705              0.89099999999999923705 1
34.16.-0.0135              0.89099999999999923705 -1.08    Newton...              0.87749999999999928058              0.87749999999999928058 1
34.17.-0.0135              0.87749999999999928058 -1.08    Newton...              0.86399999999999932410              0.86399999999999932410 1
34.18.-0.0135              0.86399999999999932410 -1.08    Newton...              0.85049999999999936762              0.85049999999999936762 1
34.19.-0.0135              0.85049999999999936762 -1.08    Newton...              0.83699999999999941114              0.83699999999999941114 1
34.20.-0.0135              0.83699999999999941114 -1.08    Newton...              0.82349999999999945466              0.82349999999999945466 1
34.21.-0.0135              0.82349999999999945466 -1.08    Newton...              0.80999999999999949818              0.80999999999999949818 1
34.22.-0.0135              0.80999999999999949818 -1.08    Newton...              0.79649999999999954170              0.79649999999999954170 1
34.23.-0.0135              0.79649999999999954170 -1.08    Newton...              0.78299999999999958522              0.78299999999999958522 1
34.24.-0.0135              0.78299999999999958522 -1.08    Newton...              0.76949999999999962874              0.76949999999999962874 1
34.25.-0.0135              0.76949999999999962874 -1.08    Newton...              0.75599999999999967226              0.75599999999999967226 1
34.26.-0.0135              0.75599999999999967226 -1.08    Newton...              0.74249999999999971578              0.74249999999999971578 1
34.27.-0.0135              0.74249999999999971578 -1.08    Newton...              0.72899999999999975930              0.72899999999999975930 1
34.28.-0.0135              0.72899999999999975930 -1.08    Newton...              0.71549999999999980282              0.71549999999999980282 1
34.29.-0.0135              0.71549999999999980282 -1.08    Newton...              0.70199999999999984635              0.70199999999999984635 1
34.30.-0.0135              0.70199999999999984635 -1.08    Newton...              0.68849999999999988987              0.68849999999999988987 1
34.31.-0.0135              0.68849999999999988987 -1.08    Newton...              0.67499999999999993339              0.67499999999999993339 1
34.32.-0.0135              0.67499999999999993339 -1.08    Newton...              0.66149999999999997691              0.66149999999999997691 1
34.33.-0.0135              0.66149999999999997691 -1.08    Newton...              0.64800000000000002043              0.64800000000000002043 1
34.34.-0.0135              0.64800000000000002043 -1.08    Newton...              0.63450000000000006395              0.63450000000000006395 1
34.35.-0.0135              0.63450000000000006395 -1.08    Newton...              0.62100000000000010747              0.62100000000000010747 1
34.36.-0.0135              0.62100000000000010747 -1.08    Newton...              0.60750000000000015099              0.60750000000000015099 1
34.37.-0.0135              0.60750000000000015099 -1.08    Newton...              0.59400000000000019451              0.59400000000000019451 1
34.38.-0.0135              0.59400000000000019451 -1.08    Newton...              0.58050000000000023803              0.58050000000000023803 1
34.39.-0.0135              0.58050000000000023803 -1.08    Newton...              0.56700000000000028155              0.56700000000000028155 1
34.40.-0.0135              0.56700000000000028155 -1.08    Newton...              0.55350000000000032507              0.55350000000000032507 1
34.41.-0.0135              0.55350000000000032507 -1.08    Newton...              0.54000000000000036859              0.54000000000000036859 1
34.42.-0.0135              0.54000000000000036859 -1.08    Newton...              0.52650000000000041211              0.52650000000000041211 1
34.43.-0.0135              0.52650000000000041211 -1.08    Newton...              0.51300000000000045564              0.51300000000000045564 1
34.44.-0.0135              0.51300000000000045564 -1.08    Newton...              0.49950000000000044365              0.49950000000000044365 1
34.45.-0.0135              0.49950000000000044365 -1.08    Newton...              0.48600000000000043165              0.48600000000000043165 1
34.46.-0.0135              0.48600000000000043165 -1.08    Newton...              0.47250000000000041966              0.47250000000000041966 1
34.47.-0.0135              0.47250000000000041966 -1.08    Newton...              0.45900000000000040767              0.45900000000000040767 1
34.48.-0.0135              0.45900000000000040767 -1.08    Newton...              0.44550000000000039568              0.44550000000000039568 1
34.49.-0.0135              0.44550000000000039568 -1.08    Newton...              0.43200000000000038369              0.43200000000000038369 1
34.50.-0.0135              0.43200000000000038369 -1.08    Newton...              0.41850000000000037170              0.41850000000000037170 1
34.51.-0.0135              0.41850000000000037170 -1.08    Newton...              0.40500000000000035971              0.40500000000000035971 1
34.52.-0.0135              0.40500000000000035971 -1.08    Newton...              0.39150000000000034772              0.39150000000000034772 1
34.53.-0.0135              0.39150000000000034772 -1.08    Newton...              0.37800000000000033573              0.37800000000000033573 1
34.54.-0.0135              0.37800000000000033573 -1.08    Newton...              0.36450000000000032374              0.36450000000000032374 1
34.55.-0.0135              0.36450000000000032374 -1.08    Newton...              0.35100000000000031175              0.35100000000000031175 1
34.56.-0.0135              0.35100000000000031175 -1.08    Newton...              0.33750000000000029976              0.33750000000000029976 1
34.57.-0.0135              0.33750000000000029976 -1.08    Newton...              0.32400000000000028777              0.32400000000000028777 1
34.58.-0.0135              0.32400000000000028777 -1.08    Newton...              0.31050000000000027578              0.31050000000000027578 1
34.59.-0.0135              0.31050000000000027578 -1.08    Newton...              0.29700000000000026379              0.29700000000000026379 1
34.60.-0.0135              0.29700000000000026379 -1.08    Newton...              0.28350000000000025180              0.28350000000000025180 1
34.61.-0.0135              0.28350000000000025180 -1.08    Newton...              0.27000000000000023981              0.27000000000000023981 1
34.62.-0.0135              0.27000000000000023981 -1.08    Newton...              0.25650000000000022782              0.25650000000000022782 1
34.63.-0.0135              0.25650000000000022782 -1.08    Newton...              0.24300000000000021583              0.24300000000000021583 1
34.64.-0.0135              0.24300000000000021583 -1.08    Newton...              0.22950000000000020384              0.22950000000000020384 1
34.65.-0.0135              0.22950000000000020384 -1.08    Newton...              0.21600000000000019185              0.21600000000000019185 1
34.66.-0.0135              0.21600000000000019185 -1.08    Newton...              0.20250000000000017986              0.20250000000000017986 1
34.67.-0.0135              0.20250000000000017986 -1.08    Newton...              0.18900000000000016787              0.18900000000000016787 1
34.68.-0.0135              0.18900000000000016787 -1.08    Newton...              0.17550000000000015588              0.17550000000000015588 1
34.69.-0.0135              0.17550000000000015588 -1.08    Newton...              0.16200000000000014388              0.16200000000000014388 1
34.70.-0.0135              0.16200000000000014388 -1.08    Newton...              0.14850000000000013189              0.14850000000000013189 1
34.71.-0.0135              0.14850000000000013189 -1.08    Newton...              0.13500000000000011990              0.13500000000000011990 1
34.72.-0.0135              0.13500000000000011990 -1.08    Newton...              0.12150000000000012179              0.12150000000000012179 1
34.73.-0.0135              0.12150000000000012179 -1.08    Newton...              0.10800000000000012368              0.10800000000000012368 1
34.74.-0.0135              0.10800000000000012368 -1.08    Newton...              0.09450000000000012557              0.09450000000000012557 1
34.75.-0.0135              0.09450000000000012557 -1.08    Newton...              0.08100000000000012745              0.08100000000000012745 1
34.76.-0.0135              0.08100000000000012745 -1.08    Newton...              0.06750000000000012934              0.06750000000000012934 1
34.77.-0.0135              0.06750000000000012934 -1.08    Newton...              0.05400000000000013123              0.05400000000000013123 1
34.78.-0.0135              0.05400000000000013123 -1.08    Newton...              0.04050000000000013312              0.04050000000000013312 1
34.79.-0.0135              0.04050000000000013312 -1.08    Newton...              0.02700000000000013500              0.02700000000000013500 1
34.80.-0.0135              0.02700000000000013500 -1.08    Newton...              0.01350000000000013516              0.01350000000000013516 1
34.81.-0.0135              0.01350000000000013516 -1.08    Newton...              0.00000000000000013357              0.00000000000000013357 1
34.82.-0.0135              0.00000000000000013357 -1.08    Newton...             -0.01349999999999986801             -0.01349999999999986801 1
34.83.-0.0135             -0.01349999999999986801 -1.08    Newton...             -0.02699999999999987133             -0.02699999999999987133 1
34.84.-0.0135             -0.02699999999999987133 -1.08    Newton...             -0.04049999999999986944             -0.04049999999999986944 1
34.85.-0.0135             -0.04049999999999986944 -1.08    Newton...             -0.05399999999999986755             -0.05399999999999986755 1
34.86.-0.0135             -0.05399999999999986755 -1.08    Newton...             -0.06749999999999986566             -0.06749999999999986566 1
34.87.-0.0135             -0.06749999999999986566 -1.08    Newton...             -0.08099999999999986378             -0.08099999999999986378 1
34.88.-0.0135             -0.08099999999999986378 -1.08    Newton...             -0.09449999999999986189             -0.09449999999999986189 1
34.89.-0.0135             -0.09449999999999986189 -1.08    Newton...             -0.10799999999999986000             -0.10799999999999986000 1
34.90.-0.0135             -0.10799999999999986000 -1.08    Newton...             -0.12149999999999985811             -0.12149999999999985811 1
34.91.-0.0135             -0.12149999999999985811 -1.08    Newton...             -0.13499999999999987010             -0.13499999999999987010 1
34.92.-0.0135             -0.13499999999999987010 -1.08    Newton...             -0.14849999999999988209             -0.14849999999999988209 1
34.93.-0.0135             -0.14849999999999988209 -1.08    Newton...             -0.16199999999999989408             -0.16199999999999989408 1
34.94.-0.0135             -0.16199999999999989408 -1.08    Newton...             -0.17549999999999990608             -0.17549999999999990608 1
34.95.-0.0135             -0.17549999999999990608 -1.08    Newton...             -0.18899999999999991807             -0.18899999999999991807 1
34.96.-0.0135             -0.18899999999999991807 -1.08    Newton...             -0.20249999999999993006             -0.20249999999999993006 1
34.97.-0.0135             -0.20249999999999993006 -1.08    Newton...             -0.21599999999999994205             -0.21599999999999994205 1
34.98.-0.0135             -0.21599999999999994205 -1.08    Newton...             -0.22949999999999995404             -0.22949999999999995404 1
34.99.-0.0135             -0.22949999999999995404 -1.08    Newton...             -0.24299999999999996603             -0.24299999999999996603 1
34.100.-0.0135             -0.24299999999999996603 -1.08    Newton...             -0.25649999999999995026             -0.25649999999999995026 1
34.101.-0.0135             -0.25649999999999995026 -1.08    Newton...             -0.26999999999999996225             -0.26999999999999996225 1
34.102.-0.0135             -0.26999999999999996225 -1.08    Newton...             -0.28349999999999997424             -0.28349999999999997424 1
34.103.-0.0135             -0.28349999999999997424 -1.08    Newton...             -0.29699999999999998623             -0.29699999999999998623 1
34.104.-0.0135             -0.29699999999999998623 -1.08    Newton...             -0.31049999999999999822             -0.31049999999999999822 1
34.105.-0.0135             -0.31049999999999999822 -1.08    Newton...             -0.32400000000000001021             -0.32400000000000001021 1
34.106.-0.0135             -0.32400000000000001021 -1.08    Newton...             -0.33750000000000002220             -0.33750000000000002220 1
34.107.-0.0135             -0.33750000000000002220 -1.08    Newton...             -0.35100000000000003419             -0.35100000000000003419 1
34.108.-0.0135             -0.35100000000000003419 -1.08    Newton...             -0.36450000000000004619             -0.36450000000000004619 1
34.109.-0.0135             -0.36450000000000004619 -1.08    Newton...             -0.37800000000000005818             -0.37800000000000005818 1
34.110.-0.0135             -0.37800000000000005818 -1.08    Newton...             -0.39150000000000007017             -0.39150000000000007017 1
34.111.-0.0135             -0.39150000000000007017 -1.08    Newton...             -0.40500000000000008216             -0.40500000000000008216 1
34.112.-0.0135             -0.40500000000000008216 -1.08    Newton...             -0.41850000000000009415             -0.41850000000000009415 1
34.113.-0.0135             -0.41850000000000009415 -1.08    Newton...             -0.43200000000000010614             -0.43200000000000010614 1
34.114.-0.0135             -0.43200000000000010614 -1.08    Newton...             -0.44550000000000011813             -0.44550000000000011813 1
34.115.-0.0135             -0.44550000000000011813 -1.08    Newton...             -0.45900000000000013012             -0.45900000000000013012 1
34.116.-0.0135             -0.45900000000000013012 -1.08    Newton...             -0.47250000000000014211             -0.47250000000000014211 1
34.117.-0.0135             -0.47250000000000014211 -1.08    Newton...             -0.48600000000000015410             -0.48600000000000015410 1
34.118.-0.0135             -0.48600000000000015410 -1.08    Newton...             -0.49950000000000016609             -0.49950000000000016609 1
34.119.-0.0135             -0.49950000000000016609 -1.08    Newton...             -0.51300000000000012257             -0.51300000000000012257 1
34.120.-0.0135             -0.51300000000000012257 -1.08    Newton...             -0.52650000000000007905             -0.52650000000000007905 1
34.121.-0.0135             -0.52650000000000007905 -1.08    Newton...             -0.54000000000000003553             -0.54000000000000003553 1
34.122.-0.0135             -0.54000000000000003553 -1.08    Newton...             -0.55349999999999999201             -0.55349999999999999201 1
34.123.-0.0135             -0.55349999999999999201 -1.08    Newton...             -0.56699999999999994849             -0.56699999999999994849 1
34.124.-0.0135             -0.56699999999999994849 -1.08    Newton...             -0.58049999999999990496             -0.58049999999999990496 1
34.125.-0.0135             -0.58049999999999990496 -1.08    Newton...             -0.59399999999999986144             -0.59399999999999986144 1
34.126.-0.0135             -0.59399999999999986144 -1.08    Newton...             -0.60749999999999981792             -0.60749999999999981792 1
34.127.-0.0135             -0.60749999999999981792 -1.08    Newton...             -0.62099999999999977440             -0.62099999999999977440 1
34.128.-0.0135             -0.62099999999999977440 -1.08    Newton...             -0.63449999999999973088             -0.63449999999999973088 1
34.129.-0.0135             -0.63449999999999973088 -1.08    Newton...             -0.64799999999999968736             -0.64799999999999968736 1
34.130.-0.0135             -0.64799999999999968736 -1.08    Newton...             -0.66149999999999964384             -0.66149999999999964384 1
34.131.-0.0135             -0.66149999999999964384 -1.08    Newton...             -0.67499999999999960032             -0.67499999999999960032 1
34.132.-0.0135             -0.67499999999999960032 -1.08    Newton...             -0.68849999999999955680             -0.68849999999999955680 1
34.133.-0.0135             -0.68849999999999955680 -1.08    Newton...             -0.70199999999999951328             -0.70199999999999951328 1
34.134.-0.0135             -0.70199999999999951328 -1.08    Newton...             -0.71549999999999946976             -0.71549999999999946976 1
34.135.-0.0135             -0.71549999999999946976 -1.08    Newton...             -0.72899999999999942624             -0.72899999999999942624 1
34.136.-0.0135             -0.72899999999999942624 -1.08    Newton...             -0.74249999999999938272             -0.74249999999999938272 1
34.137.-0.0135             -0.74249999999999938272 -1.08    Newton...             -0.75599999999999933920             -0.75599999999999933920 1
34.138.-0.0135             -0.75599999999999933920 -1.08    Newton...             -0.76949999999999929567             -0.76949999999999929567 1
34.139.-0.0135             -0.76949999999999929567 -1.08    Newton...             -0.78299999999999925215             -0.78299999999999925215 1
34.140.-0.0135             -0.78299999999999925215 -1.08    Newton...             -0.79649999999999920863             -0.79649999999999920863 1
34.141.-0.0135             -0.79649999999999920863 -1.08    Newton...             -0.80999999999999916511             -0.80999999999999916511 1
34.142.-0.0135             -0.80999999999999916511 -1.08    Newton...             -0.82349999999999912159             -0.82349999999999912159 1
34.143.-0.0135             -0.82349999999999912159 -1.08    Newton...             -0.83699999999999907807             -0.83699999999999907807 1
34.144.-0.0135             -0.83699999999999907807 -1.08    Newton...             -0.85049999999999903455             -0.85049999999999903455 1
34.145.-0.0135             -0.85049999999999903455 -1.08    Newton...             -0.86399999999999899103             -0.86399999999999899103 1
34.146.-0.0135             -0.86399999999999899103 -1.08    Newton...             -0.87749999999999894751             -0.87749999999999894751 1
34.147.-0.0135             -0.87749999999999894751 -1.08    Newton...             -0.89099999999999890399             -0.89099999999999890399 1
34.148.-0.0135             -0.89099999999999890399 -1.08    Newton...             -0.90449999999999886047             -0.90449999999999886047 1
34.149.-0.0135             -0.90449999999999886047 -1.08    Newton...             -0.91799999999999881695             -0.91799999999999881695 1
34.150.-0.0135             -0.91799999999999881695 -1.08    Newton...             -0.93149999999999877343             -0.93149999999999877343 1
34.151.-0.0135             -0.93149999999999877343 -1.08    Newton...             -0.94499999999999872990             -0.94499999999999872990 1
34.152.-0.0135             -0.94499999999999872990 -1.08    Newton...             -0.95849999999999868638             -0.95849999999999868638 1
34.153.-0.0135             -0.95849999999999868638 -1.08    Newton...             -0.97199999999999864286             -0.97199999999999864286 1
34.154.-0.0135             -0.97199999999999864286 -1.08    Newton...             -0.98549999999999859934             -0.98549999999999859934 1
34.155.-0.0135             -0.98549999999999859934 -1.08    Newton...             -0.99899999999999855582             -0.99899999999999855582 1
34.156.-0.0135             -0.99899999999999855582 -1.08    Newton...             -1.01249999999999862332             -1.01249999999999862332 1
34.157.-0.0135             -1.01249999999999862332 -1.08    Newton...             -1.02599999999999869083             -1.02599999999999869083 1
34.158.-0.0135             -1.02599999999999869083 -1.08    Newton...             -1.03949999999999875833             -1.03949999999999875833 1
34.159.-0.0135             -1.03949999999999875833 -1.08    Newton...             -1.05299999999999882583             -1.05299999999999882583 1
34.160.-0.0135             -1.05299999999999882583 -1.08    Newton...             -1.06649999999999889333             -1.06649999999999889333 1
34.161.-0.0135             -1.06649999999999889333 -1.08    Newton...             -1.07999999999999896083             -1.07999999999999896083 1
34.162.-0.0135             -1.07999999999999896083 -1.08    Newton...             -1.09349999999999902833             -1.09349999999999902833 1
35.1.0.0135             -1.09349999999999902833 1.08    Newton...             -1.07999999999999896083             -1.07999999999999896083 1
35.2.0.0135             -1.07999999999999896083 1.08    Newton...             -1.06649999999999889333             -1.06649999999999889333 1
35.3.0.0135             -1.06649999999999889333 1.08    Newton...             -1.05299999999999882583             -1.05299999999999882583 1
35.4.0.0135             -1.05299999999999882583 1.08    Newton...             -1.03949999999999875833             -1.03949999999999875833 1
35.5.0.0135             -1.03949999999999875833 1.08    Newton...             -1.02599999999999869083             -1.02599999999999869083 1
35.6.0.0135             -1.02599999999999869083 1.08    Newton...             -1.01249999999999862332             -1.01249999999999862332 1
35.7.0.0135             -1.01249999999999862332 1.08    Newton...             -0.99899999999999866684             -0.99899999999999866684 1
35.8.0.0135             -0.99899999999999866684 1.08    Newton...             -0.98549999999999871036             -0.98549999999999871036 1
35.9.0.0135             -0.98549999999999871036 1.08    Newton...             -0.97199999999999875389             -0.97199999999999875389 1
35.10.0.0135             -0.97199999999999875389 1.08    Newton...             -0.95849999999999879741             -0.95849999999999879741 1
35.11.0.0135             -0.95849999999999879741 1.08    Newton...             -0.94499999999999884093             -0.94499999999999884093 1
35.12.0.0135             -0.94499999999999884093 1.08    Newton...             -0.93149999999999888445             -0.93149999999999888445 1
35.13.0.0135             -0.93149999999999888445 1.08    Newton...             -0.91799999999999892797             -0.91799999999999892797 1
35.14.0.0135             -0.91799999999999892797 1.08    Newton...             -0.90449999999999897149             -0.90449999999999897149 1
35.15.0.0135             -0.90449999999999897149 1.08    Newton...             -0.89099999999999901501             -0.89099999999999901501 1
35.16.0.0135             -0.89099999999999901501 1.08    Newton...             -0.87749999999999905853             -0.87749999999999905853 1
35.17.0.0135             -0.87749999999999905853 1.08    Newton...             -0.86399999999999910205             -0.86399999999999910205 1
35.18.0.0135             -0.86399999999999910205 1.08    Newton...             -0.85049999999999914557             -0.85049999999999914557 1
35.19.0.0135             -0.85049999999999914557 1.08    Newton...             -0.83699999999999918909             -0.83699999999999918909 1
35.20.0.0135             -0.83699999999999918909 1.08    Newton...             -0.82349999999999923261             -0.82349999999999923261 1
35.21.0.0135             -0.82349999999999923261 1.08    Newton...             -0.80999999999999927613             -0.80999999999999927613 1
35.22.0.0135             -0.80999999999999927613 1.08    Newton...             -0.79649999999999931966             -0.79649999999999931966 1
35.23.0.0135             -0.79649999999999931966 1.08    Newton...             -0.78299999999999936318             -0.78299999999999936318 1
35.24.0.0135             -0.78299999999999936318 1.08    Newton...             -0.76949999999999940670             -0.76949999999999940670 1
35.25.0.0135             -0.76949999999999940670 1.08    Newton...             -0.75599999999999945022             -0.75599999999999945022 1
35.26.0.0135             -0.75599999999999945022 1.08    Newton...             -0.74249999999999949374             -0.74249999999999949374 1
35.27.0.0135             -0.74249999999999949374 1.08    Newton...             -0.72899999999999953726             -0.72899999999999953726 1
35.28.0.0135             -0.72899999999999953726 1.08    Newton...             -0.71549999999999958078             -0.71549999999999958078 1
35.29.0.0135             -0.71549999999999958078 1.08    Newton...             -0.70199999999999962430             -0.70199999999999962430 1
35.30.0.0135             -0.70199999999999962430 1.08    Newton...             -0.68849999999999966782             -0.68849999999999966782 1
35.31.0.0135             -0.68849999999999966782 1.08    Newton...             -0.67499999999999971134             -0.67499999999999971134 1
35.32.0.0135             -0.67499999999999971134 1.08    Newton...             -0.66149999999999975486             -0.66149999999999975486 1
35.33.0.0135             -0.66149999999999975486 1.08    Newton...             -0.64799999999999979838             -0.64799999999999979838 1
35.34.0.0135             -0.64799999999999979838 1.08    Newton...             -0.63449999999999984190             -0.63449999999999984190 1
35.35.0.0135             -0.63449999999999984190 1.08    Newton...             -0.62099999999999988542             -0.62099999999999988542 1
35.36.0.0135             -0.62099999999999988542 1.08    Newton...             -0.60749999999999992895             -0.60749999999999992895 1
35.37.0.0135             -0.60749999999999992895 1.08    Newton...             -0.59399999999999997247             -0.59399999999999997247 1
35.38.0.0135             -0.59399999999999997247 1.08    Newton...             -0.58050000000000001599             -0.58050000000000001599 1
35.39.0.0135             -0.58050000000000001599 1.08    Newton...             -0.56700000000000005951             -0.56700000000000005951 1
35.40.0.0135             -0.56700000000000005951 1.08    Newton...             -0.55350000000000010303             -0.55350000000000010303 1
35.41.0.0135             -0.55350000000000010303 1.08    Newton...             -0.54000000000000014655             -0.54000000000000014655 1
35.42.0.0135             -0.54000000000000014655 1.08    Newton...             -0.52650000000000019007             -0.52650000000000019007 1
35.43.0.0135             -0.52650000000000019007 1.08    Newton...             -0.51300000000000023359             -0.51300000000000023359 1
35.44.0.0135             -0.51300000000000023359 1.08    Newton...             -0.49950000000000022160             -0.49950000000000022160 1
35.45.0.0135             -0.49950000000000022160 1.08    Newton...             -0.48600000000000020961             -0.48600000000000020961 1
35.46.0.0135             -0.48600000000000020961 1.08    Newton...             -0.47250000000000019762             -0.47250000000000019762 1
35.47.0.0135             -0.47250000000000019762 1.08    Newton...             -0.45900000000000018563             -0.45900000000000018563 1
35.48.0.0135             -0.45900000000000018563 1.08    Newton...             -0.44550000000000017364             -0.44550000000000017364 1
35.49.0.0135             -0.44550000000000017364 1.08    Newton...             -0.43200000000000016165             -0.43200000000000016165 1
35.50.0.0135             -0.43200000000000016165 1.08    Newton...             -0.41850000000000014966             -0.41850000000000014966 1
35.51.0.0135             -0.41850000000000014966 1.08    Newton...             -0.40500000000000013767             -0.40500000000000013767 1
35.52.0.0135             -0.40500000000000013767 1.08    Newton...             -0.39150000000000012568             -0.39150000000000012568 1
35.53.0.0135             -0.39150000000000012568 1.08    Newton...             -0.37800000000000011369             -0.37800000000000011369 1
35.54.0.0135             -0.37800000000000011369 1.08    Newton...             -0.36450000000000010170             -0.36450000000000010170 1
35.55.0.0135             -0.36450000000000010170 1.08    Newton...             -0.35100000000000008971             -0.35100000000000008971 1
35.56.0.0135             -0.35100000000000008971 1.08    Newton...             -0.33750000000000007772             -0.33750000000000007772 1
35.57.0.0135             -0.33750000000000007772 1.08    Newton...             -0.32400000000000006573             -0.32400000000000006573 1
35.58.0.0135             -0.32400000000000006573 1.08    Newton...             -0.31050000000000005373             -0.31050000000000005373 1
35.59.0.0135             -0.31050000000000005373 1.08    Newton...             -0.29700000000000004174             -0.29700000000000004174 1
35.60.0.0135             -0.29700000000000004174 1.08    Newton...             -0.28350000000000002975             -0.28350000000000002975 1
35.61.0.0135             -0.28350000000000002975 1.08    Newton...             -0.27000000000000001776             -0.27000000000000001776 1
35.62.0.0135             -0.27000000000000001776 1.08    Newton...             -0.25650000000000000577             -0.25650000000000000577 1
35.63.0.0135             -0.25650000000000000577 1.08    Newton...             -0.24299999999999999378             -0.24299999999999999378 1
35.64.0.0135             -0.24299999999999999378 1.08    Newton...             -0.22949999999999998179             -0.22949999999999998179 1
35.65.0.0135             -0.22949999999999998179 1.08    Newton...             -0.21599999999999996980             -0.21599999999999996980 1
35.66.0.0135             -0.21599999999999996980 1.08    Newton...             -0.20249999999999995781             -0.20249999999999995781 1
35.67.0.0135             -0.20249999999999995781 1.08    Newton...             -0.18899999999999994582             -0.18899999999999994582 1
35.68.0.0135             -0.18899999999999994582 1.08    Newton...             -0.17549999999999993383             -0.17549999999999993383 1
35.69.0.0135             -0.17549999999999993383 1.08    Newton...             -0.16199999999999992184             -0.16199999999999992184 1
35.70.0.0135             -0.16199999999999992184 1.08    Newton...             -0.14849999999999990985             -0.14849999999999990985 1
35.71.0.0135             -0.14849999999999990985 1.08    Newton...             -0.13499999999999989786             -0.13499999999999989786 1
35.72.0.0135             -0.13499999999999989786 1.08    Newton...             -0.12149999999999989975             -0.12149999999999989975 1
35.73.0.0135             -0.12149999999999989975 1.08    Newton...             -0.10799999999999990163             -0.10799999999999990163 1
35.74.0.0135             -0.10799999999999990163 1.08    Newton...             -0.09449999999999990352             -0.09449999999999990352 1
35.75.0.0135             -0.09449999999999990352 1.08    Newton...             -0.08099999999999990541             -0.08099999999999990541 1
35.76.0.0135             -0.08099999999999990541 1.08    Newton...             -0.06749999999999990730             -0.06749999999999990730 1
35.77.0.0135             -0.06749999999999990730 1.08    Newton...             -0.05399999999999990918             -0.05399999999999990918 1
35.78.0.0135             -0.05399999999999990918 1.08    Newton...             -0.04049999999999991107             -0.04049999999999991107 1
35.79.0.0135             -0.04049999999999991107 1.08    Newton...             -0.02699999999999991296             -0.02699999999999991296 1
35.80.0.0135             -0.02699999999999991296 1.08    Newton...             -0.01349999999999991311             -0.01349999999999991311 1
35.81.0.0135             -0.01349999999999991311 1.08    Newton...              0.00000000000000008500              0.00000000000000008500 1
35.82.0.0135              0.00000000000000008500 1.08    Newton...              0.01350000000000008311              0.01350000000000008311 1
35.83.0.0135              0.01350000000000008311 1.08    Newton...              0.02700000000000007949              0.02700000000000007949 1
35.84.0.0135              0.02700000000000007949 1.08    Newton...              0.04050000000000007760              0.04050000000000007760 1
35.85.0.0135              0.04050000000000007760 1.08    Newton...              0.05400000000000007572              0.05400000000000007572 1
35.86.0.0135              0.05400000000000007572 1.08    Newton...              0.06750000000000007383              0.06750000000000007383 1
35.87.0.0135              0.06750000000000007383 1.08    Newton...              0.08100000000000007194              0.08100000000000007194 1
35.88.0.0135              0.08100000000000007194 1.08    Newton...              0.09450000000000007006              0.09450000000000007006 1
35.89.0.0135              0.09450000000000007006 1.08    Newton...              0.10800000000000006817              0.10800000000000006817 1
35.90.0.0135              0.10800000000000006817 1.08    Newton...              0.12150000000000006628              0.12150000000000006628 1
35.91.0.0135              0.12150000000000006628 1.08    Newton...              0.13500000000000006439              0.13500000000000006439 1
35.92.0.0135              0.13500000000000006439 1.08    Newton...              0.14850000000000007638              0.14850000000000007638 1
35.93.0.0135              0.14850000000000007638 1.08    Newton...              0.16200000000000008837              0.16200000000000008837 1
35.94.0.0135              0.16200000000000008837 1.08    Newton...              0.17550000000000010036              0.17550000000000010036 1
35.95.0.0135              0.17550000000000010036 1.08    Newton...              0.18900000000000011235              0.18900000000000011235 1
35.96.0.0135              0.18900000000000011235 1.08    Newton...              0.20250000000000012434              0.20250000000000012434 1
35.97.0.0135              0.20250000000000012434 1.08    Newton...              0.21600000000000013634              0.21600000000000013634 1
35.98.0.0135              0.21600000000000013634 1.08    Newton...              0.22950000000000014833              0.22950000000000014833 1
35.99.0.0135              0.22950000000000014833 1.08    Newton...              0.24300000000000016032              0.24300000000000016032 1
35.100.0.0135              0.24300000000000016032 1.08    Newton...              0.25650000000000017231              0.25650000000000017231 1
35.101.0.0135              0.25650000000000017231 1.08    Newton...              0.27000000000000018430              0.27000000000000018430 1
35.102.0.0135              0.27000000000000018430 1.08    Newton...              0.28350000000000019629              0.28350000000000019629 1
35.103.0.0135              0.28350000000000019629 1.08    Newton...              0.29700000000000020828              0.29700000000000020828 1
35.104.0.0135              0.29700000000000020828 1.08    Newton...              0.31050000000000022027              0.31050000000000022027 1
35.105.0.0135              0.31050000000000022027 1.08    Newton...              0.32400000000000023226              0.32400000000000023226 1
35.106.0.0135              0.32400000000000023226 1.08    Newton...              0.33750000000000024425              0.33750000000000024425 1
35.107.0.0135              0.33750000000000024425 1.08    Newton...              0.35100000000000025624              0.35100000000000025624 1
35.108.0.0135              0.35100000000000025624 1.08    Newton...              0.36450000000000026823              0.36450000000000026823 1
35.109.0.0135              0.36450000000000026823 1.08    Newton...              0.37800000000000028022              0.37800000000000028022 1
35.110.0.0135              0.37800000000000028022 1.08    Newton...              0.39150000000000029221              0.39150000000000029221 1
35.111.0.0135              0.39150000000000029221 1.08    Newton...              0.40500000000000030420              0.40500000000000030420 1
35.112.0.0135              0.40500000000000030420 1.08    Newton...              0.41850000000000031619              0.41850000000000031619 1
35.113.0.0135              0.41850000000000031619 1.08    Newton...              0.43200000000000032818              0.43200000000000032818 1
35.114.0.0135              0.43200000000000032818 1.08    Newton...              0.44550000000000034017              0.44550000000000034017 1
35.115.0.0135              0.44550000000000034017 1.08    Newton...              0.45900000000000035216              0.45900000000000035216 1
35.116.0.0135              0.45900000000000035216 1.08    Newton...              0.47250000000000036415              0.47250000000000036415 1
35.117.0.0135              0.47250000000000036415 1.08    Newton...              0.48600000000000037614              0.48600000000000037614 1
35.118.0.0135              0.48600000000000037614 1.08    Newton...              0.49950000000000038813              0.49950000000000038813 1
35.119.0.0135              0.49950000000000038813 1.08    Newton...              0.51300000000000034461              0.51300000000000034461 1
35.120.0.0135              0.51300000000000034461 1.08    Newton...              0.52650000000000030109              0.52650000000000030109 1
35.121.0.0135              0.52650000000000030109 1.08    Newton...              0.54000000000000025757              0.54000000000000025757 1
35.122.0.0135              0.54000000000000025757 1.08    Newton...              0.55350000000000021405              0.55350000000000021405 1
35.123.0.0135              0.55350000000000021405 1.08    Newton...              0.56700000000000017053              0.56700000000000017053 1
35.124.0.0135              0.56700000000000017053 1.08    Newton...              0.58050000000000012701              0.58050000000000012701 1
35.125.0.0135              0.58050000000000012701 1.08    Newton...              0.59400000000000008349              0.59400000000000008349 1
35.126.0.0135              0.59400000000000008349 1.08    Newton...              0.60750000000000003997              0.60750000000000003997 1
35.127.0.0135              0.60750000000000003997 1.08    Newton...              0.62099999999999999645              0.62099999999999999645 1
35.128.0.0135              0.62099999999999999645 1.08    Newton...              0.63449999999999995293              0.63449999999999995293 1
35.129.0.0135              0.63449999999999995293 1.08    Newton...              0.64799999999999990941              0.64799999999999990941 1
35.130.0.0135              0.64799999999999990941 1.08    Newton...              0.66149999999999986589              0.66149999999999986589 1
35.131.0.0135              0.66149999999999986589 1.08    Newton...              0.67499999999999982236              0.67499999999999982236 1
35.132.0.0135              0.67499999999999982236 1.08    Newton...              0.68849999999999977884              0.68849999999999977884 1
35.133.0.0135              0.68849999999999977884 1.08    Newton...              0.70199999999999973532              0.70199999999999973532 1
35.134.0.0135              0.70199999999999973532 1.08    Newton...              0.71549999999999969180              0.71549999999999969180 1
35.135.0.0135              0.71549999999999969180 1.08    Newton...              0.72899999999999964828              0.72899999999999964828 1
35.136.0.0135              0.72899999999999964828 1.08    Newton...              0.74249999999999960476              0.74249999999999960476 1
35.137.0.0135              0.74249999999999960476 1.08    Newton...              0.75599999999999956124              0.75599999999999956124 1
35.138.0.0135              0.75599999999999956124 1.08    Newton...              0.76949999999999951772              0.76949999999999951772 1
35.139.0.0135              0.76949999999999951772 1.08    Newton...              0.78299999999999947420              0.78299999999999947420 1
35.140.0.0135              0.78299999999999947420 1.08    Newton...              0.79649999999999943068              0.79649999999999943068 1
35.141.0.0135              0.79649999999999943068 1.08    Newton...              0.80999999999999938716              0.80999999999999938716 1
35.142.0.0135              0.80999999999999938716 1.08    Newton...              0.82349999999999934364              0.82349999999999934364 1
35.143.0.0135              0.82349999999999934364 1.08    Newton...              0.83699999999999930012              0.83699999999999930012 1
35.144.0.0135              0.83699999999999930012 1.08    Newton...              0.85049999999999925659              0.85049999999999925659 1
35.145.0.0135              0.85049999999999925659 1.08    Newton...              0.86399999999999921307              0.86399999999999921307 1
35.146.0.0135              0.86399999999999921307 1.08    Newton...              0.87749999999999916955              0.87749999999999916955 1
35.147.0.0135              0.87749999999999916955 1.08    Newton...              0.89099999999999912603              0.89099999999999912603 1
35.148.0.0135              0.89099999999999912603 1.08    Newton...              0.90449999999999908251              0.90449999999999908251 1
35.149.0.0135              0.90449999999999908251 1.08    Newton...              0.91799999999999903899              0.91799999999999903899 1
35.150.0.0135              0.91799999999999903899 1.08    Newton...              0.93149999999999899547              0.93149999999999899547 1
35.151.0.0135              0.93149999999999899547 1.08    Newton...              0.94499999999999895195              0.94499999999999895195 1
35.152.0.0135              0.94499999999999895195 1.08    Newton...              0.95849999999999890843              0.95849999999999890843 1
35.153.0.0135              0.95849999999999890843 1.08    Newton...              0.97199999999999886491              0.97199999999999886491 1
35.154.0.0135              0.97199999999999886491 1.08    Newton...              0.98549999999999882139              0.98549999999999882139 1
35.155.0.0135              0.98549999999999882139 1.08    Newton...              0.99899999999999877787              0.99899999999999877787 1
35.156.0.0135              0.99899999999999877787 1.08    Newton...              1.01249999999999884537              1.01249999999999884537 1
35.157.0.0135              1.01249999999999884537 1.08    Newton...              1.02599999999999891287              1.02599999999999891287 1
35.158.0.0135              1.02599999999999891287 1.08    Newton...              1.03949999999999898037              1.03949999999999898037 1
35.159.0.0135              1.03949999999999898037 1.08    Newton...              1.05299999999999904787              1.05299999999999904787 1
35.160.0.0135              1.05299999999999904787 1.08    Newton...              1.06649999999999911537              1.06649999999999911537 1
35.161.0.0135              1.06649999999999911537 1.08    Newton...              1.07999999999999918288              1.07999999999999918288 1
35.162.0.0135              1.07999999999999918288 1.08    Newton...              1.09349999999999925038              1.09349999999999925038 1
36.1.-0.0135              1.09349999999999925038 -1.08    Newton...              1.07999999999999918288              1.07999999999999918288 1
36.2.-0.0135              1.07999999999999918288 -1.08    Newton...              1.06649999999999911537              1.06649999999999911537 1
36.3.-0.0135              1.06649999999999911537 -1.08    Newton...              1.05299999999999904787              1.05299999999999904787 1
36.4.-0.0135              1.05299999999999904787 -1.08    Newton...              1.03949999999999898037              1.03949999999999898037 1
36.5.-0.0135              1.03949999999999898037 -1.08    Newton...              1.02599999999999891287              1.02599999999999891287 1
36.6.-0.0135              1.02599999999999891287 -1.08    Newton...              1.01249999999999884537              1.01249999999999884537 1
36.7.-0.0135              1.01249999999999884537 -1.08    Newton...              0.99899999999999888889              0.99899999999999888889 1
36.8.-0.0135              0.99899999999999888889 -1.08    Newton...              0.98549999999999893241              0.98549999999999893241 1
36.9.-0.0135              0.98549999999999893241 -1.08    Newton...              0.97199999999999897593              0.97199999999999897593 1
36.10.-0.0135              0.97199999999999897593 -1.08    Newton...              0.95849999999999901945              0.95849999999999901945 1
36.11.-0.0135              0.95849999999999901945 -1.08    Newton...              0.94499999999999906297              0.94499999999999906297 1
36.12.-0.0135              0.94499999999999906297 -1.08    Newton...              0.93149999999999910649              0.93149999999999910649 1
36.13.-0.0135              0.93149999999999910649 -1.08    Newton...              0.91799999999999915001              0.91799999999999915001 1
36.14.-0.0135              0.91799999999999915001 -1.08    Newton...              0.90449999999999919353              0.90449999999999919353 1
36.15.-0.0135              0.90449999999999919353 -1.08    Newton...              0.89099999999999923705              0.89099999999999923705 1
36.16.-0.0135              0.89099999999999923705 -1.08    Newton...              0.87749999999999928058              0.87749999999999928058 1
36.17.-0.0135              0.87749999999999928058 -1.08    Newton...              0.86399999999999932410              0.86399999999999932410 1
36.18.-0.0135              0.86399999999999932410 -1.08    Newton...              0.85049999999999936762              0.85049999999999936762 1
36.19.-0.0135              0.85049999999999936762 -1.08    Newton...              0.83699999999999941114              0.83699999999999941114 1
36.20.-0.0135              0.83699999999999941114 -1.08    Newton...              0.82349999999999945466              0.82349999999999945466 1
36.21.-0.0135              0.82349999999999945466 -1.08    Newton...              0.80999999999999949818              0.80999999999999949818 1
36.22.-0.0135              0.80999999999999949818 -1.08    Newton...              0.79649999999999954170              0.79649999999999954170 1
36.23.-0.0135              0.79649999999999954170 -1.08    Newton...              0.78299999999999958522              0.78299999999999958522 1
36.24.-0.0135              0.78299999999999958522 -1.08    Newton...              0.76949999999999962874              0.76949999999999962874 1
36.25.-0.0135              0.76949999999999962874 -1.08    Newton...              0.75599999999999967226              0.75599999999999967226 1
36.26.-0.0135              0.75599999999999967226 -1.08    Newton...              0.74249999999999971578              0.74249999999999971578 1
36.27.-0.0135              0.74249999999999971578 -1.08    Newton...              0.72899999999999975930              0.72899999999999975930 1
36.28.-0.0135              0.72899999999999975930 -1.08    Newton...              0.71549999999999980282              0.71549999999999980282 1
36.29.-0.0135              0.71549999999999980282 -1.08    Newton...              0.70199999999999984635              0.70199999999999984635 1
36.30.-0.0135              0.70199999999999984635 -1.08    Newton...              0.68849999999999988987              0.68849999999999988987 1
36.31.-0.0135              0.68849999999999988987 -1.08    Newton...              0.67499999999999993339              0.67499999999999993339 1
36.32.-0.0135              0.67499999999999993339 -1.08    Newton...              0.66149999999999997691              0.66149999999999997691 1
36.33.-0.0135              0.66149999999999997691 -1.08    Newton...              0.64800000000000002043              0.64800000000000002043 1
36.34.-0.0135              0.64800000000000002043 -1.08    Newton...              0.63450000000000006395              0.63450000000000006395 1
36.35.-0.0135              0.63450000000000006395 -1.08    Newton...              0.62100000000000010747              0.62100000000000010747 1
36.36.-0.0135              0.62100000000000010747 -1.08    Newton...              0.60750000000000015099              0.60750000000000015099 1
36.37.-0.0135              0.60750000000000015099 -1.08    Newton...              0.59400000000000019451              0.59400000000000019451 1
36.38.-0.0135              0.59400000000000019451 -1.08    Newton...              0.58050000000000023803              0.58050000000000023803 1
36.39.-0.0135              0.58050000000000023803 -1.08    Newton...              0.56700000000000028155              0.56700000000000028155 1
36.40.-0.0135              0.56700000000000028155 -1.08    Newton...              0.55350000000000032507              0.55350000000000032507 1
36.41.-0.0135              0.55350000000000032507 -1.08    Newton...              0.54000000000000036859              0.54000000000000036859 1
36.42.-0.0135              0.54000000000000036859 -1.08    Newton...              0.52650000000000041211              0.52650000000000041211 1
36.43.-0.0135              0.52650000000000041211 -1.08    Newton...              0.51300000000000045564              0.51300000000000045564 1
36.44.-0.0135              0.51300000000000045564 -1.08    Newton...              0.49950000000000044365              0.49950000000000044365 1
36.45.-0.0135              0.49950000000000044365 -1.08    Newton...              0.48600000000000043165              0.48600000000000043165 1
36.46.-0.0135              0.48600000000000043165 -1.08    Newton...              0.47250000000000041966              0.47250000000000041966 1
36.47.-0.0135              0.47250000000000041966 -1.08    Newton...              0.45900000000000040767              0.45900000000000040767 1
36.48.-0.0135              0.45900000000000040767 -1.08    Newton...              0.44550000000000039568              0.44550000000000039568 1
36.49.-0.0135              0.44550000000000039568 -1.08    Newton...              0.43200000000000038369              0.43200000000000038369 1
36.50.-0.0135              0.43200000000000038369 -1.08    Newton...              0.41850000000000037170              0.41850000000000037170 1
36.51.-0.0135              0.41850000000000037170 -1.08    Newton...              0.40500000000000035971              0.40500000000000035971 1
36.52.-0.0135              0.40500000000000035971 -1.08    Newton...              0.39150000000000034772              0.39150000000000034772 1
36.53.-0.0135              0.39150000000000034772 -1.08    Newton...              0.37800000000000033573              0.37800000000000033573 1
36.54.-0.0135              0.37800000000000033573 -1.08    Newton...              0.36450000000000032374              0.36450000000000032374 1
36.55.-0.0135              0.36450000000000032374 -1.08    Newton...              0.35100000000000031175              0.35100000000000031175 1
36.56.-0.0135              0.35100000000000031175 -1.08    Newton...              0.33750000000000029976              0.33750000000000029976 1
36.57.-0.0135              0.33750000000000029976 -1.08    Newton...              0.32400000000000028777              0.32400000000000028777 1
36.58.-0.0135              0.32400000000000028777 -1.08    Newton...              0.31050000000000027578              0.31050000000000027578 1
36.59.-0.0135              0.31050000000000027578 -1.08    Newton...              0.29700000000000026379              0.29700000000000026379 1
36.60.-0.0135              0.29700000000000026379 -1.08    Newton...              0.28350000000000025180              0.28350000000000025180 1
36.61.-0.0135              0.28350000000000025180 -1.08    Newton...              0.27000000000000023981              0.27000000000000023981 1
36.62.-0.0135              0.27000000000000023981 -1.08    Newton...              0.25650000000000022782              0.25650000000000022782 1
36.63.-0.0135              0.25650000000000022782 -1.08    Newton...              0.24300000000000021583              0.24300000000000021583 1
36.64.-0.0135              0.24300000000000021583 -1.08    Newton...              0.22950000000000020384              0.22950000000000020384 1
36.65.-0.0135              0.22950000000000020384 -1.08    Newton...              0.21600000000000019185              0.21600000000000019185 1
36.66.-0.0135              0.21600000000000019185 -1.08    Newton...              0.20250000000000017986              0.20250000000000017986 1
36.67.-0.0135              0.20250000000000017986 -1.08    Newton...              0.18900000000000016787              0.18900000000000016787 1
36.68.-0.0135              0.18900000000000016787 -1.08    Newton...              0.17550000000000015588              0.17550000000000015588 1
36.69.-0.0135              0.17550000000000015588 -1.08    Newton...              0.16200000000000014388              0.16200000000000014388 1
36.70.-0.0135              0.16200000000000014388 -1.08    Newton...              0.14850000000000013189              0.14850000000000013189 1
36.71.-0.0135              0.14850000000000013189 -1.08    Newton...              0.13500000000000011990              0.13500000000000011990 1
36.72.-0.0135              0.13500000000000011990 -1.08    Newton...              0.12150000000000012179              0.12150000000000012179 1
36.73.-0.0135              0.12150000000000012179 -1.08    Newton...              0.10800000000000012368              0.10800000000000012368 1
36.74.-0.0135              0.10800000000000012368 -1.08    Newton...              0.09450000000000012557              0.09450000000000012557 1
36.75.-0.0135              0.09450000000000012557 -1.08    Newton...              0.08100000000000012745              0.08100000000000012745 1
36.76.-0.0135              0.08100000000000012745 -1.08    Newton...              0.06750000000000012934              0.06750000000000012934 1
36.77.-0.0135              0.06750000000000012934 -1.08    Newton...              0.05400000000000013123              0.05400000000000013123 1
36.78.-0.0135              0.05400000000000013123 -1.08    Newton...              0.04050000000000013312              0.04050000000000013312 1
36.79.-0.0135              0.04050000000000013312 -1.08    Newton...              0.02700000000000013500              0.02700000000000013500 1
36.80.-0.0135              0.02700000000000013500 -1.08    Newton...              0.01350000000000013516              0.01350000000000013516 1
36.81.-0.0135              0.01350000000000013516 -1.08    Newton...              0.00000000000000013531              0.00000000000000013531 1
36.82.-0.0135              0.00000000000000013531 -1.08    Newton...             -0.01349999999999986454             -0.01349999999999986454 1
36.83.-0.0135             -0.01349999999999986454 -1.08    Newton...             -0.02699999999999986439             -0.02699999999999986439 1
36.84.-0.0135             -0.02699999999999986439 -1.08    Newton...             -0.04049999999999986250             -0.04049999999999986250 1
36.85.-0.0135             -0.04049999999999986250 -1.08    Newton...             -0.05399999999999986061             -0.05399999999999986061 1
36.86.-0.0135             -0.05399999999999986061 -1.08    Newton...             -0.06749999999999986566             -0.06749999999999986566 1
36.87.-0.0135             -0.06749999999999986566 -1.08    Newton...             -0.08099999999999986378             -0.08099999999999986378 1
36.88.-0.0135             -0.08099999999999986378 -1.08    Newton...             -0.09449999999999986189             -0.09449999999999986189 1
36.89.-0.0135             -0.09449999999999986189 -1.08    Newton...             -0.10799999999999986000             -0.10799999999999986000 1
36.90.-0.0135             -0.10799999999999986000 -1.08    Newton...             -0.12149999999999985811             -0.12149999999999985811 1
36.91.-0.0135             -0.12149999999999985811 -1.08    Newton...             -0.13499999999999987010             -0.13499999999999987010 1
36.92.-0.0135             -0.13499999999999987010 -1.08    Newton...             -0.14849999999999988209             -0.14849999999999988209 1
36.93.-0.0135             -0.14849999999999988209 -1.08    Newton...             -0.16199999999999989408             -0.16199999999999989408 1
36.94.-0.0135             -0.16199999999999989408 -1.08    Newton...             -0.17549999999999990608             -0.17549999999999990608 1
36.95.-0.0135             -0.17549999999999990608 -1.08    Newton...             -0.18899999999999991807             -0.18899999999999991807 1
36.96.-0.0135             -0.18899999999999991807 -1.08    Newton...             -0.20249999999999993006             -0.20249999999999993006 1
36.97.-0.0135             -0.20249999999999993006 -1.08    Newton...             -0.21599999999999994205             -0.21599999999999994205 1
36.98.-0.0135             -0.21599999999999994205 -1.08    Newton...             -0.22949999999999995404             -0.22949999999999995404 1
36.99.-0.0135             -0.22949999999999995404 -1.08    Newton...             -0.24299999999999996603             -0.24299999999999996603 1
36.100.-0.0135             -0.24299999999999996603 -1.08    Newton...             -0.25649999999999995026             -0.25649999999999995026 1
36.101.-0.0135             -0.25649999999999995026 -1.08    Newton...             -0.26999999999999996225             -0.26999999999999996225 1
36.102.-0.0135             -0.26999999999999996225 -1.08    Newton...             -0.28349999999999997424             -0.28349999999999997424 1
36.103.-0.0135             -0.28349999999999997424 -1.08    Newton...             -0.29699999999999998623             -0.29699999999999998623 1
36.104.-0.0135             -0.29699999999999998623 -1.08    Newton...             -0.31049999999999999822             -0.31049999999999999822 1
36.105.-0.0135             -0.31049999999999999822 -1.08    Newton...             -0.32400000000000001021             -0.32400000000000001021 1
36.106.-0.0135             -0.32400000000000001021 -1.08    Newton...             -0.33750000000000002220             -0.33750000000000002220 1
36.107.-0.0135             -0.33750000000000002220 -1.08    Newton...             -0.35100000000000003419             -0.35100000000000003419 1
36.108.-0.0135             -0.35100000000000003419 -1.08    Newton...             -0.36450000000000004619             -0.36450000000000004619 1
36.109.-0.0135             -0.36450000000000004619 -1.08    Newton...             -0.37800000000000005818             -0.37800000000000005818 1
36.110.-0.0135             -0.37800000000000005818 -1.08    Newton...             -0.39150000000000007017             -0.39150000000000007017 1
36.111.-0.0135             -0.39150000000000007017 -1.08    Newton...             -0.40500000000000008216             -0.40500000000000008216 1
36.112.-0.0135             -0.40500000000000008216 -1.08    Newton...             -0.41850000000000009415             -0.41850000000000009415 1
36.113.-0.0135             -0.41850000000000009415 -1.08    Newton...             -0.43200000000000010614             -0.43200000000000010614 1
36.114.-0.0135             -0.43200000000000010614 -1.08    Newton...             -0.44550000000000011813             -0.44550000000000011813 1
36.115.-0.0135             -0.44550000000000011813 -1.08    Newton...             -0.45900000000000013012             -0.45900000000000013012 1
36.116.-0.0135             -0.45900000000000013012 -1.08    Newton...             -0.47250000000000014211             -0.47250000000000014211 1
36.117.-0.0135             -0.47250000000000014211 -1.08    Newton...             -0.48600000000000015410             -0.48600000000000015410 1
36.118.-0.0135             -0.48600000000000015410 -1.08    Newton...             -0.49950000000000016609             -0.49950000000000016609 1
36.119.-0.0135             -0.49950000000000016609 -1.08    Newton...             -0.51300000000000012257             -0.51300000000000012257 1
36.120.-0.0135             -0.51300000000000012257 -1.08    Newton...             -0.52650000000000007905             -0.52650000000000007905 1
36.121.-0.0135             -0.52650000000000007905 -1.08    Newton...             -0.54000000000000003553             -0.54000000000000003553 1
36.122.-0.0135             -0.54000000000000003553 -1.08    Newton...             -0.55349999999999999201             -0.55349999999999999201 1
36.123.-0.0135             -0.55349999999999999201 -1.08    Newton...             -0.56699999999999994849             -0.56699999999999994849 1
36.124.-0.0135             -0.56699999999999994849 -1.08    Newton...             -0.58049999999999990496             -0.58049999999999990496 1
36.125.-0.0135             -0.58049999999999990496 -1.08    Newton...             -0.59399999999999986144             -0.59399999999999986144 1
36.126.-0.0135             -0.59399999999999986144 -1.08    Newton...             -0.60749999999999981792             -0.60749999999999981792 1
36.127.-0.0135             -0.60749999999999981792 -1.08    Newton...             -0.62099999999999977440             -0.62099999999999977440 1
36.128.-0.0135             -0.62099999999999977440 -1.08    Newton...             -0.63449999999999973088             -0.63449999999999973088 1
36.129.-0.0135             -0.63449999999999973088 -1.08    Newton...             -0.64799999999999968736             -0.64799999999999968736 1
36.130.-0.0135             -0.64799999999999968736 -1.08    Newton...             -0.66149999999999964384             -0.66149999999999964384 1
36.131.-0.0135             -0.66149999999999964384 -1.08    Newton...             -0.67499999999999960032             -0.67499999999999960032 1
36.132.-0.0135             -0.67499999999999960032 -1.08    Newton...             -0.68849999999999955680             -0.68849999999999955680 1
36.133.-0.0135             -0.68849999999999955680 -1.08    Newton...             -0.70199999999999951328             -0.70199999999999951328 1
36.134.-0.0135             -0.70199999999999951328 -1.08    Newton...             -0.71549999999999946976             -0.71549999999999946976 1
36.135.-0.0135             -0.71549999999999946976 -1.08    Newton...             -0.72899999999999942624             -0.72899999999999942624 1
36.136.-0.0135             -0.72899999999999942624 -1.08    Newton...             -0.74249999999999938272             -0.74249999999999938272 1
36.137.-0.0135             -0.74249999999999938272 -1.08    Newton...             -0.75599999999999933920             -0.75599999999999933920 1
36.138.-0.0135             -0.75599999999999933920 -1.08    Newton...             -0.76949999999999929567             -0.76949999999999929567 1
36.139.-0.0135             -0.76949999999999929567 -1.08    Newton...             -0.78299999999999925215             -0.78299999999999925215 1
36.140.-0.0135             -0.78299999999999925215 -1.08    Newton...             -0.79649999999999920863             -0.79649999999999920863 1
36.141.-0.0135             -0.79649999999999920863 -1.08    Newton...             -0.80999999999999916511             -0.80999999999999916511 1
36.142.-0.0135             -0.80999999999999916511 -1.08    Newton...             -0.82349999999999912159             -0.82349999999999912159 1
36.143.-0.0135             -0.82349999999999912159 -1.08    Newton...             -0.83699999999999907807             -0.83699999999999907807 1
36.144.-0.0135             -0.83699999999999907807 -1.08    Newton...             -0.85049999999999903455             -0.85049999999999903455 2
36.145.-0.0135             -0.85049999999999903455 -1.08    Newton...             -0.86399999999999899103             -0.86399999999999899103 2
36.146.-0.0135             -0.86399999999999899103 -1.08    Newton...             -0.87749999999999894751             -0.87749999999999894751 2
36.147.-0.0135             -0.87749999999999894751 -1.08    Newton...             -0.89099999999999890399             -0.89099999999999890399 2
36.148.-0.0135             -0.89099999999999890399 -1.08    Newton...             -0.90449999999999886047             -0.90449999999999886047 2
36.149.-0.0135             -0.90449999999999886047 -1.08    Newton...             -0.91799999999999881695             -0.91799999999999881695 2
36.150.-0.0135             -0.91799999999999881695 -1.08    Newton...             -0.93149999999999877343             -0.93149999999999877343 2
36.151.-0.0135             -0.93149999999999877343 -1.08    Newton...             -0.94499999999999872990             -0.94499999999999872990 2
36.152.-0.0135             -0.94499999999999872990 -1.08    Newton...             -0.95849999999999868638             -0.95849999999999868638 2
36.153.-0.0135             -0.95849999999999868638 -1.08    Newton...             -0.97199999999999864286             -0.97199999999999864286 2
36.154.-0.0135             -0.97199999999999864286 -1.08    Newton...             -0.98549999999999859934             -0.98549999999999859934 2
36.155.-0.0135             -0.98549999999999859934 -1.08    Newton...             -0.99899999999999855582             -0.99899999999999855582 2
36.156.-0.0135             -0.99899999999999855582 -1.08    Newton...             -1.01249999999999862332             -1.01249999999999862332 2
36.157.-0.0135             -1.01249999999999862332 -1.08    Newton...             -1.02599999999999869083             -1.02599999999999869083 2
36.158.-0.0135             -1.02599999999999869083 -1.08    Newton...             -1.03949999999999875833             -1.03949999999999875833 2
36.159.-0.0135             -1.03949999999999875833 -1.08    Newton...             -1.05299999999999882583             -1.05299999999999882583 2
36.160.-0.0135             -1.05299999999999882583 -1.08    Newton...             -1.06649999999999889333             -1.06649999999999889333 2
36.161.-0.0135             -1.06649999999999889333 -1.08    Newton...             -1.07999999999999896083             -1.07999999999999896083 2
36.162.-0.0135             -1.07999999999999896083 -1.08    Newton...             -1.09349999999999902833             -1.09349999999999902833 2
37.1.0.0135             -1.09349999999999902833 1.6199999999999999    Newton...             -1.07999999999999896083             -1.07999999999999896083 2
37.2.0.0135             -1.07999999999999896083 1.6199999999999999    Newton...             -1.06649999999999889333             -1.06649999999999889333 2
37.3.0.0135             -1.06649999999999889333 1.6199999999999999    Newton...             -1.05299999999999882583             -1.05299999999999882583 2
37.4.0.0135             -1.05299999999999882583 1.6199999999999999    Newton...             -1.03949999999999875833             -1.03949999999999875833 2
37.5.0.0135             -1.03949999999999875833 1.6199999999999999    Newton...             -1.02599999999999869083             -1.02599999999999869083 2
37.6.0.0135             -1.02599999999999869083 1.6199999999999999    Newton...             -1.01249999999999862332             -1.01249999999999862332 2
37.7.0.0135             -1.01249999999999862332 1.6199999999999999    Newton...             -0.99899999999999866684             -0.99899999999999866684 2
37.8.0.0135             -0.99899999999999866684 1.6199999999999999    Newton...             -0.98549999999999871036             -0.98549999999999871036 2
37.9.0.0135             -0.98549999999999871036 1.6199999999999999    Newton...             -0.97199999999999875389             -0.97199999999999875389 2
37.10.0.0135             -0.97199999999999875389 1.6199999999999999    Newton...             -0.95849999999999879741             -0.95849999999999879741 2
37.11.0.0135             -0.95849999999999879741 1.6199999999999999    Newton...             -0.94499999999999884093             -0.94499999999999884093 2
37.12.0.0135             -0.94499999999999884093 1.6199999999999999    Newton...             -0.93149999999999888445             -0.93149999999999888445 2
37.13.0.0135             -0.93149999999999888445 1.6199999999999999    Newton...             -0.91799999999999892797             -0.91799999999999892797 2
37.14.0.0135             -0.91799999999999892797 1.6199999999999999    Newton...             -0.90449999999999897149             -0.90449999999999897149 2
37.15.0.0135             -0.90449999999999897149 1.6199999999999999    Newton...             -0.89099999999999901501             -0.89099999999999901501 2
37.16.0.0135             -0.89099999999999901501 1.6199999999999999    Newton...             -0.87749999999999905853             -0.87749999999999905853 2
37.17.0.0135             -0.87749999999999905853 1.6199999999999999    Newton...             -0.86399999999999910205             -0.86399999999999910205 2
37.18.0.0135             -0.86399999999999910205 1.6199999999999999    Newton...             -0.85049999999999914557             -0.85049999999999914557 2
37.19.0.0135             -0.85049999999999914557 1.6199999999999999    Newton...             -0.83699999999999918909             -0.83699999999999918909 2
37.20.0.0135             -0.83699999999999918909 1.6199999999999999    Newton...             -0.82349999999999923261             -0.82349999999999923261 2
37.21.0.0135             -0.82349999999999923261 1.6199999999999999    Newton...             -0.80999999999999927613             -0.80999999999999927613 2
37.22.0.0135             -0.80999999999999927613 1.6199999999999999    Newton...             -0.79649999999999931966             -0.79649999999999931966 2
37.23.0.0135             -0.79649999999999931966 1.6199999999999999    Newton...             -0.78299999999999936318             -0.78299999999999936318 2
37.24.0.0135             -0.78299999999999936318 1.6199999999999999    Newton...             -0.76949999999999940670             -0.76949999999999940670 2
37.25.0.0135             -0.76949999999999940670 1.6199999999999999    Newton...             -0.75599999999999945022             -0.75599999999999945022 2
37.26.0.0135             -0.75599999999999945022 1.6199999999999999    Newton...             -0.74249999999999949374             -0.74249999999999949374 2
37.27.0.0135             -0.74249999999999949374 1.6199999999999999    Newton...             -0.72899999999999953726             -0.72899999999999953726 2
37.28.0.0135             -0.72899999999999953726 1.6199999999999999    Newton...             -0.71549999999999958078             -0.71549999999999958078 2
37.29.0.0135             -0.71549999999999958078 1.6199999999999999    Newton...             -0.70199999999999962430             -0.70199999999999962430 2
37.30.0.0135             -0.70199999999999962430 1.6199999999999999    Newton...             -0.68849999999999966782             -0.68849999999999966782 2
37.31.0.0135             -0.68849999999999966782 1.6199999999999999    Newton...             -0.67499999999999971134             -0.67499999999999971134 2
37.32.0.0135             -0.67499999999999971134 1.6199999999999999    Newton...             -0.66149999999999975486             -0.66149999999999975486 2
37.33.0.0135             -0.66149999999999975486 1.6199999999999999    Newton...             -0.64799999999999979838             -0.64799999999999979838 2
37.34.0.0135             -0.64799999999999979838 1.6199999999999999    Newton...             -0.63449999999999984190             -0.63449999999999984190 2
37.35.0.0135             -0.63449999999999984190 1.6199999999999999    Newton...             -0.62099999999999988542             -0.62099999999999988542 2
37.36.0.0135             -0.62099999999999988542 1.6199999999999999    Newton...             -0.60749999999999992895             -0.60749999999999992895 2
37.37.0.0135             -0.60749999999999992895 1.6199999999999999    Newton...             -0.59399999999999997247             -0.59399999999999997247 2
37.38.0.0135             -0.59399999999999997247 1.6199999999999999    Newton...             -0.58050000000000001599             -0.58050000000000001599 2
37.39.0.0135             -0.58050000000000001599 1.6199999999999999    Newton...             -0.56700000000000005951             -0.56700000000000005951 2
37.40.0.0135             -0.56700000000000005951 1.6199999999999999    Newton...             -0.55350000000000010303             -0.55350000000000010303 2
37.41.0.0135             -0.55350000000000010303 1.6199999999999999    Newton...             -0.54000000000000014655             -0.54000000000000014655 2
37.42.0.0135             -0.54000000000000014655 1.6199999999999999    Newton...             -0.52650000000000019007             -0.52650000000000019007 2
37.43.0.0135             -0.52650000000000019007 1.6199999999999999    Newton...             -0.51300000000000023359             -0.51300000000000023359 2
37.44.0.0135             -0.51300000000000023359 1.6199999999999999    Newton...             -0.49950000000000022160             -0.49950000000000022160 2
37.45.0.0135             -0.49950000000000022160 1.6199999999999999    Newton...             -0.48600000000000020961             -0.48600000000000020961 2
37.46.0.0135             -0.48600000000000020961 1.6199999999999999    Newton...             -0.47250000000000019762             -0.47250000000000019762 2
37.47.0.0135             -0.47250000000000019762 1.6199999999999999    Newton...             -0.45900000000000018563             -0.45900000000000018563 2
37.48.0.0135             -0.45900000000000018563 1.6199999999999999    Newton...             -0.44550000000000017364             -0.44550000000000017364 2
37.49.0.0135             -0.44550000000000017364 1.6199999999999999    Newton...             -0.43200000000000016165             -0.43200000000000016165 2
37.50.0.0135             -0.43200000000000016165 1.6199999999999999    Newton...             -0.41850000000000014966             -0.41850000000000014966 2
37.51.0.0135             -0.41850000000000014966 1.6199999999999999    Newton...             -0.40500000000000013767             -0.40500000000000013767 2
37.52.0.0135             -0.40500000000000013767 1.6199999999999999    Newton...             -0.39150000000000012568             -0.39150000000000012568 2
37.53.0.0135             -0.39150000000000012568 1.6199999999999999    Newton...             -0.37800000000000011369             -0.37800000000000011369 2
37.54.0.0135             -0.37800000000000011369 1.6199999999999999    Newton...             -0.36450000000000010170             -0.36450000000000010170 2
37.55.0.0135             -0.36450000000000010170 1.6199999999999999    Newton...             -0.35100000000000008971             -0.35100000000000008971 2
37.56.0.0135             -0.35100000000000008971 1.6199999999999999    Newton...             -0.33750000000000007772             -0.33750000000000007772 2
37.57.0.0135             -0.33750000000000007772 1.6199999999999999    Newton...             -0.32400000000000006573             -0.32400000000000006573 2
37.58.0.0135             -0.32400000000000006573 1.6199999999999999    Newton...             -0.31050000000000005373             -0.31050000000000005373 2
37.59.0.0135             -0.31050000000000005373 1.6199999999999999    Newton...             -0.29700000000000004174             -0.29700000000000004174 2
37.60.0.0135             -0.29700000000000004174 1.6199999999999999    Newton...             -0.28350000000000002975             -0.28350000000000002975 2
37.61.0.0135             -0.28350000000000002975 1.6199999999999999    Newton...             -0.27000000000000001776             -0.27000000000000001776 2
37.62.0.0135             -0.27000000000000001776 1.6199999999999999    Newton...             -0.25650000000000000577             -0.25650000000000000577 2
37.63.0.0135             -0.25650000000000000577 1.6199999999999999    Newton...             -0.24299999999999999378             -0.24299999999999999378 2
37.64.0.0135             -0.24299999999999999378 1.6199999999999999    Newton...             -0.22949999999999998179             -0.22949999999999998179 2
37.65.0.0135             -0.22949999999999998179 1.6199999999999999    Newton...             -0.21599999999999996980             -0.21599999999999996980 2
37.66.0.0135             -0.21599999999999996980 1.6199999999999999    Newton...             -0.20249999999999995781             -0.20249999999999995781 2
37.67.0.0135             -0.20249999999999995781 1.6199999999999999    Newton...             -0.18899999999999994582             -0.18899999999999994582 2
37.68.0.0135             -0.18899999999999994582 1.6199999999999999    Newton...             -0.17549999999999993383             -0.17549999999999993383 2
37.69.0.0135             -0.17549999999999993383 1.6199999999999999    Newton...             -0.16199999999999992184             -0.16199999999999992184 2
37.70.0.0135             -0.16199999999999992184 1.6199999999999999    Newton...             -0.14849999999999990985             -0.14849999999999990985 2
37.71.0.0135             -0.14849999999999990985 1.6199999999999999    Newton...             -0.13499999999999989786             -0.13499999999999989786 2
37.72.0.0135             -0.13499999999999989786 1.6199999999999999    Newton...             -0.12149999999999989975             -0.12149999999999989975 2
37.73.0.0135             -0.12149999999999989975 1.6199999999999999    Newton...             -0.10799999999999990163             -0.10799999999999990163 2
37.74.0.0135             -0.10799999999999990163 1.6199999999999999    Newton...             -0.09449999999999990352             -0.09449999999999990352 2
37.75.0.0135             -0.09449999999999990352 1.6199999999999999    Newton...             -0.08099999999999990541             -0.08099999999999990541 2
37.76.0.0135             -0.08099999999999990541 1.6199999999999999    Newton...             -0.06749999999999990730             -0.06749999999999990730 2
37.77.0.0135             -0.06749999999999990730 1.6199999999999999    Newton...             -0.05399999999999990918             -0.05399999999999990918 2
37.78.0.0135             -0.05399999999999990918 1.6199999999999999    Newton...             -0.04049999999999991107             -0.04049999999999991107 2
37.79.0.0135             -0.04049999999999991107 1.6199999999999999    Newton...             -0.02699999999999991296             -0.02699999999999991296 2
37.80.0.0135             -0.02699999999999991296 1.6199999999999999    Newton...             -0.01349999999999991311             -0.01349999999999991311 2
37.81.0.0135             -0.01349999999999991311 1.6199999999999999    Newton...              0.00000000000000008500              0.00000000000000008500 2
37.82.0.0135              0.00000000000000008500 1.6199999999999999    Newton...              0.01350000000000008311              0.01350000000000008311 2
37.83.0.0135              0.01350000000000008311 1.6199999999999999    Newton...              0.02700000000000007949              0.02700000000000007949 2
37.84.0.0135              0.02700000000000007949 1.6199999999999999    Newton...              0.04050000000000007760              0.04050000000000007760 2
37.85.0.0135              0.04050000000000007760 1.6199999999999999    Newton...              0.05400000000000007572              0.05400000000000007572 2
37.86.0.0135              0.05400000000000007572 1.6199999999999999    Newton...              0.06750000000000007383              0.06750000000000007383 2
37.87.0.0135              0.06750000000000007383 1.6199999999999999    Newton...              0.08100000000000007194              0.08100000000000007194 2
37.88.0.0135              0.08100000000000007194 1.6199999999999999    Newton...              0.09450000000000007006              0.09450000000000007006 2
37.89.0.0135              0.09450000000000007006 1.6199999999999999    Newton...              0.10800000000000006817              0.10800000000000006817 2
37.90.0.0135              0.10800000000000006817 1.6199999999999999    Newton...              0.12150000000000006628              0.12150000000000006628 2
37.91.0.0135              0.12150000000000006628 1.6199999999999999    Newton...              0.13500000000000006439              0.13500000000000006439 2
37.92.0.0135              0.13500000000000006439 1.6199999999999999    Newton...              0.14850000000000007638              0.14850000000000007638 2
37.93.0.0135              0.14850000000000007638 1.6199999999999999    Newton...              0.16200000000000008837              0.16200000000000008837 2
37.94.0.0135              0.16200000000000008837 1.6199999999999999    Newton...              0.17550000000000010036              0.17550000000000010036 2
37.95.0.0135              0.17550000000000010036 1.6199999999999999    Newton...              0.18900000000000011235              0.18900000000000011235 2
37.96.0.0135              0.18900000000000011235 1.6199999999999999    Newton...              0.20250000000000012434              0.20250000000000012434 2
37.97.0.0135              0.20250000000000012434 1.6199999999999999    Newton...              0.21600000000000013634              0.21600000000000013634 2
37.98.0.0135              0.21600000000000013634 1.6199999999999999    Newton...              0.22950000000000014833              0.22950000000000014833 2
37.99.0.0135              0.22950000000000014833 1.6199999999999999    Newton...              0.24300000000000016032              0.24300000000000016032 2
37.100.0.0135              0.24300000000000016032 1.6199999999999999    Newton...              0.25650000000000017231              0.25650000000000017231 2
37.101.0.0135              0.25650000000000017231 1.6199999999999999    Newton...              0.27000000000000018430              0.27000000000000018430 2
37.102.0.0135              0.27000000000000018430 1.6199999999999999    Newton...              0.28350000000000019629              0.28350000000000019629 2
37.103.0.0135              0.28350000000000019629 1.6199999999999999    Newton...              0.29700000000000020828              0.29700000000000020828 2
37.104.0.0135              0.29700000000000020828 1.6199999999999999    Newton...              0.31050000000000022027              0.31050000000000022027 2
37.105.0.0135              0.31050000000000022027 1.6199999999999999    Newton...              0.32400000000000023226              0.32400000000000023226 2
37.106.0.0135              0.32400000000000023226 1.6199999999999999    Newton...              0.33750000000000024425              0.33750000000000024425 2
37.107.0.0135              0.33750000000000024425 1.6199999999999999    Newton...              0.35100000000000025624              0.35100000000000025624 2
37.108.0.0135              0.35100000000000025624 1.6199999999999999    Newton...              0.36450000000000026823              0.36450000000000026823 2
37.109.0.0135              0.36450000000000026823 1.6199999999999999    Newton...              0.37800000000000028022              0.37800000000000028022 2
37.110.0.0135              0.37800000000000028022 1.6199999999999999    Newton...              0.39150000000000029221              0.39150000000000029221 2
37.111.0.0135              0.39150000000000029221 1.6199999999999999    Newton...              0.40500000000000030420              0.40500000000000030420 2
37.112.0.0135              0.40500000000000030420 1.6199999999999999    Newton...              0.41850000000000031619              0.41850000000000031619 2
37.113.0.0135              0.41850000000000031619 1.6199999999999999    Newton...              0.43200000000000032818              0.43200000000000032818 2
37.114.0.0135              0.43200000000000032818 1.6199999999999999    Newton...              0.44550000000000034017              0.44550000000000034017 2
37.115.0.0135              0.44550000000000034017 1.6199999999999999    Newton...              0.45900000000000035216              0.45900000000000035216 2
37.116.0.0135              0.45900000000000035216 1.6199999999999999    Newton...              0.47250000000000036415              0.47250000000000036415 2
37.117.0.0135              0.47250000000000036415 1.6199999999999999    Newton...              0.48600000000000037614              0.48600000000000037614 2
37.118.0.0135              0.48600000000000037614 1.6199999999999999    Newton...              0.49950000000000038813              0.49950000000000038813 2
37.119.0.0135              0.49950000000000038813 1.6199999999999999    Newton...              0.51300000000000034461              0.51300000000000034461 2
37.120.0.0135              0.51300000000000034461 1.6199999999999999    Newton...              0.52650000000000030109              0.52650000000000030109 2
37.121.0.0135              0.52650000000000030109 1.6199999999999999    Newton...              0.54000000000000025757              0.54000000000000025757 2
37.122.0.0135              0.54000000000000025757 1.6199999999999999    Newton...              0.55350000000000021405              0.55350000000000021405 2
37.123.0.0135              0.55350000000000021405 1.6199999999999999    Newton...              0.56700000000000017053              0.56700000000000017053 2
37.124.0.0135              0.56700000000000017053 1.6199999999999999    Newton...              0.58050000000000012701              0.58050000000000012701 2
37.125.0.0135              0.58050000000000012701 1.6199999999999999    Newton...              0.59400000000000008349              0.59400000000000008349 2
37.126.0.0135              0.59400000000000008349 1.6199999999999999    Newton...              0.60750000000000003997              0.60750000000000003997 2
37.127.0.0135              0.60750000000000003997 1.6199999999999999    Newton...              0.62099999999999999645              0.62099999999999999645 2
37.128.0.0135              0.62099999999999999645 1.6199999999999999    Newton...              0.63449999999999995293              0.63449999999999995293 2
37.129.0.0135              0.63449999999999995293 1.6199999999999999    Newton...              0.64799999999999990941              0.64799999999999990941 2
37.130.0.0135              0.64799999999999990941 1.6199999999999999    Newton...              0.66149999999999986589              0.66149999999999986589 2
37.131.0.0135              0.66149999999999986589 1.6199999999999999    Newton...              0.67499999999999982236              0.67499999999999982236 2
37.132.0.0135              0.67499999999999982236 1.6199999999999999    Newton...              0.68849999999999977884              0.68849999999999977884 2
37.133.0.0135              0.68849999999999977884 1.6199999999999999    Newton...              0.70199999999999973532              0.70199999999999973532 2
37.134.0.0135              0.70199999999999973532 1.6199999999999999    Newton...              0.71549999999999969180              0.71549999999999969180 2
37.135.0.0135              0.71549999999999969180 1.6199999999999999    Newton...              0.72899999999999964828              0.72899999999999964828 2
37.136.0.0135              0.72899999999999964828 1.6199999999999999    Newton...              0.74249999999999960476              0.74249999999999960476 2
37.137.0.0135              0.74249999999999960476 1.6199999999999999    Newton...              0.75599999999999956124              0.75599999999999956124 2
37.138.0.0135              0.75599999999999956124 1.6199999999999999    Newton...              0.76949999999999951772              0.76949999999999951772 2
37.139.0.0135              0.76949999999999951772 1.6199999999999999    Newton...              0.78299999999999947420              0.78299999999999947420 2
37.140.0.0135              0.78299999999999947420 1.6199999999999999    Newton...              0.79649999999999943068              0.79649999999999943068 2
37.141.0.0135              0.79649999999999943068 1.6199999999999999    Newton...              0.80999999999999938716              0.80999999999999938716 2
37.142.0.0135              0.80999999999999938716 1.6199999999999999    Newton...              0.82349999999999934364              0.82349999999999934364 2
37.143.0.0135              0.82349999999999934364 1.6199999999999999    Newton...              0.83699999999999930012              0.83699999999999930012 2
37.144.0.0135              0.83699999999999930012 1.6199999999999999    Newton...              0.85049999999999925659              0.85049999999999925659 2
37.145.0.0135              0.85049999999999925659 1.6199999999999999    Newton...              0.86399999999999921307              0.86399999999999921307 2
37.146.0.0135              0.86399999999999921307 1.6199999999999999    Newton...              0.87749999999999916955              0.87749999999999916955 2
37.147.0.0135              0.87749999999999916955 1.6199999999999999    Newton...              0.89099999999999912603              0.89099999999999912603 2
37.148.0.0135              0.89099999999999912603 1.6199999999999999    Newton...              0.90449999999999908251              0.90449999999999908251 2
37.149.0.0135              0.90449999999999908251 1.6199999999999999    Newton...              0.91799999999999903899              0.91799999999999903899 2
37.150.0.0135              0.91799999999999903899 1.6199999999999999    Newton...              0.93149999999999899547              0.93149999999999899547 2
37.151.0.0135              0.93149999999999899547 1.6199999999999999    Newton...              0.94499999999999895195              0.94499999999999895195 2
37.152.0.0135              0.94499999999999895195 1.6199999999999999    Newton...              0.95849999999999890843              0.95849999999999890843 2
37.153.0.0135              0.95849999999999890843 1.6199999999999999    Newton...              0.97199999999999886491              0.97199999999999886491 2
37.154.0.0135              0.97199999999999886491 1.6199999999999999    Newton...              0.98549999999999882139              0.98549999999999882139 2
37.155.0.0135              0.98549999999999882139 1.6199999999999999    Newton...              0.99899999999999877787              0.99899999999999877787 2
37.156.0.0135              0.99899999999999877787 1.6199999999999999    Newton...              1.01249999999999884537              1.01249999999999884537 2
37.157.0.0135              1.01249999999999884537 1.6199999999999999    Newton...              1.02599999999999891287              1.02599999999999891287 2
37.158.0.0135              1.02599999999999891287 1.6199999999999999    Newton...              1.03949999999999898037              1.03949999999999898037 2
37.159.0.0135              1.03949999999999898037 1.6199999999999999    Newton...              1.05299999999999904787              1.05299999999999904787 2
37.160.0.0135              1.05299999999999904787 1.6199999999999999    Newton...              1.06649999999999911537              1.06649999999999911537 2
37.161.0.0135              1.06649999999999911537 1.6199999999999999    Newton...              1.07999999999999918288              1.07999999999999918288 2
37.162.0.0135              1.07999999999999918288 1.6199999999999999    Newton...              1.09349999999999925038              1.09349999999999925038 2
37.163.0.0135              1.09349999999999925038 1.6199999999999999    Newton...              1.10699999999999931788              1.10699999999999931788 2
37.164.0.0135              1.10699999999999931788 1.6199999999999999    Newton...              1.12049999999999938538              1.12049999999999938538 2
37.165.0.0135              1.12049999999999938538 1.6199999999999999    Newton...              1.13399999999999945288              1.13399999999999945288 2
37.166.0.0135              1.13399999999999945288 1.6199999999999999    Newton...              1.14749999999999952038              1.14749999999999952038 2
37.167.0.0135              1.14749999999999952038 1.6199999999999999    Newton...              1.16099999999999958789              1.16099999999999958789 2
37.168.0.0135              1.16099999999999958789 1.6199999999999999    Newton...              1.17449999999999965539              1.17449999999999965539 2
37.169.0.0135              1.17449999999999965539 1.6199999999999999    Newton...              1.18799999999999972289              1.18799999999999972289 2
37.170.0.0135              1.18799999999999972289 1.6199999999999999    Newton...              1.20149999999999979039              1.20149999999999979039 2
37.171.0.0135              1.20149999999999979039 1.6199999999999999    Newton...              1.21499999999999985789              1.21499999999999985789 2
37.172.0.0135              1.21499999999999985789 1.6199999999999999    Newton...              1.22849999999999992539              1.22849999999999992539 2
37.173.0.0135              1.22849999999999992539 1.6199999999999999    Newton...              1.24199999999999999289              1.24199999999999999289 2
37.174.0.0135              1.24199999999999999289 1.6199999999999999    Newton...              1.25550000000000006040              1.25550000000000006040 2
37.175.0.0135              1.25550000000000006040 1.6199999999999999    Newton...              1.26900000000000012790              1.26900000000000012790 2
37.176.0.0135              1.26900000000000012790 1.6199999999999999    Newton...              1.28250000000000019540              1.28250000000000019540 2
37.177.0.0135              1.28250000000000019540 1.6199999999999999    Newton...              1.29600000000000026290              1.29600000000000026290 2
37.178.0.0135              1.29600000000000026290 1.6199999999999999    Newton...              1.30950000000000033040              1.30950000000000033040 2
37.179.0.0135              1.30950000000000033040 1.6199999999999999    Newton...              1.32300000000000039790              1.32300000000000039790 2
37.180.0.0135              1.32300000000000039790 1.6199999999999999    Newton...              1.33650000000000046541              1.33650000000000046541 2
37.181.0.0135              1.33650000000000046541 1.6199999999999999    Newton...              1.35000000000000053291              1.35000000000000053291 2
37.182.0.0135              1.35000000000000053291 1.6199999999999999    Newton...              1.36350000000000060041              1.36350000000000060041 2
37.183.0.0135              1.36350000000000060041 1.6199999999999999    Newton...              1.37700000000000066791              1.37700000000000066791 2
37.184.0.0135              1.37700000000000066791 1.6199999999999999    Newton...              1.39050000000000073541              1.39050000000000073541 2
37.185.0.0135              1.39050000000000073541 1.6199999999999999    Newton...              1.40400000000000080291              1.40400000000000080291 2
37.186.0.0135              1.40400000000000080291 1.6199999999999999    Newton...              1.41750000000000087041              1.41750000000000087041 2
37.187.0.0135              1.41750000000000087041 1.6199999999999999    Newton...              1.43100000000000093792              1.43100000000000093792 2
37.188.0.0135              1.43100000000000093792 1.6199999999999999    Newton...              1.44450000000000100542              1.44450000000000100542 2
37.189.0.0135              1.44450000000000100542 1.6199999999999999    Newton...              1.45800000000000107292              1.45800000000000107292 2
37.190.0.0135              1.45800000000000107292 1.6199999999999999    Newton...              1.47150000000000114042              1.47150000000000114042 2
37.191.0.0135              1.47150000000000114042 1.6199999999999999    Newton...              1.48500000000000120792              1.48500000000000120792 2
37.192.0.0135              1.48500000000000120792 1.6199999999999999    Newton...              1.49850000000000127542              1.49850000000000127542 2
37.193.0.0135              1.49850000000000127542 1.6199999999999999    Newton...              1.51200000000000134293              1.51200000000000134293 2
37.194.0.0135              1.51200000000000134293 1.6199999999999999    Newton...              1.52550000000000141043              1.52550000000000141043 2
37.195.0.0135              1.52550000000000141043 1.6199999999999999    Newton...              1.53900000000000147793              1.53900000000000147793 2
37.196.0.0135              1.53900000000000147793 1.6199999999999999    Newton...              1.55250000000000154543              1.55250000000000154543 2
37.197.0.0135              1.55250000000000154543 1.6199999999999999    Newton...              1.56600000000000161293              1.56600000000000161293 2
37.198.0.0135              1.56600000000000161293 1.6199999999999999    Newton...              1.57950000000000168043              1.57950000000000168043 2
37.199.0.0135              1.57950000000000168043 1.6199999999999999    Newton...              1.59300000000000174794              1.59300000000000174794 2
37.200.0.0135              1.59300000000000174794 1.6199999999999999    Newton...              1.60650000000000181544              1.60650000000000181544 2
37.201.0.0135              1.60650000000000181544 1.6199999999999999    Newton...              1.62000000000000188294              1.62000000000000188294 2
38.1.-0.0135              1.62000000000000188294 -1.6199999999999999    Newton...              1.60650000000000181544              1.60650000000000181544 2
38.2.-0.0135              1.60650000000000181544 -1.6199999999999999    Newton...              1.59300000000000174794              1.59300000000000174794 2
38.3.-0.0135              1.59300000000000174794 -1.6199999999999999    Newton...              1.57950000000000168043              1.57950000000000168043 2
38.4.-0.0135              1.57950000000000168043 -1.6199999999999999    Newton...              1.56600000000000161293              1.56600000000000161293 2
38.5.-0.0135              1.56600000000000161293 -1.6199999999999999    Newton...              1.55250000000000154543              1.55250000000000154543 2
38.6.-0.0135              1.55250000000000154543 -1.6199999999999999    Newton...              1.53900000000000147793              1.53900000000000147793 2
38.7.-0.0135              1.53900000000000147793 -1.6199999999999999    Newton...              1.52550000000000141043              1.52550000000000141043 2
38.8.-0.0135              1.52550000000000141043 -1.6199999999999999    Newton...              1.51200000000000134293              1.51200000000000134293 2
38.9.-0.0135              1.51200000000000134293 -1.6199999999999999    Newton...              1.49850000000000127542              1.49850000000000127542 2
38.10.-0.0135              1.49850000000000127542 -1.6199999999999999    Newton...              1.48500000000000120792              1.48500000000000120792 2
38.11.-0.0135              1.48500000000000120792 -1.6199999999999999    Newton...              1.47150000000000114042              1.47150000000000114042 2
38.12.-0.0135              1.47150000000000114042 -1.6199999999999999    Newton...              1.45800000000000107292              1.45800000000000107292 2
38.13.-0.0135              1.45800000000000107292 -1.6199999999999999    Newton...              1.44450000000000100542              1.44450000000000100542 2
38.14.-0.0135              1.44450000000000100542 -1.6199999999999999    Newton...              1.43100000000000093792              1.43100000000000093792 2
38.15.-0.0135              1.43100000000000093792 -1.6199999999999999    Newton...              1.41750000000000087041              1.41750000000000087041 2
38.16.-0.0135              1.41750000000000087041 -1.6199999999999999    Newton...              1.40400000000000080291              1.40400000000000080291 2
38.17.-0.0135              1.40400000000000080291 -1.6199999999999999    Newton...              1.39050000000000073541              1.39050000000000073541 2
38.18.-0.0135              1.39050000000000073541 -1.6199999999999999    Newton...              1.37700000000000066791              1.37700000000000066791 2
38.19.-0.0135              1.37700000000000066791 -1.6199999999999999    Newton...              1.36350000000000060041              1.36350000000000060041 2
38.20.-0.0135              1.36350000000000060041 -1.6199999999999999    Newton...              1.35000000000000053291              1.35000000000000053291 2
38.21.-0.0135              1.35000000000000053291 -1.6199999999999999    Newton...              1.33650000000000046541              1.33650000000000046541 2
38.22.-0.0135              1.33650000000000046541 -1.6199999999999999    Newton...              1.32300000000000039790              1.32300000000000039790 2
38.23.-0.0135              1.32300000000000039790 -1.6199999999999999    Newton...              1.30950000000000033040              1.30950000000000033040 2
38.24.-0.0135              1.30950000000000033040 -1.6199999999999999    Newton...              1.29600000000000026290              1.29600000000000026290 2
38.25.-0.0135              1.29600000000000026290 -1.6199999999999999    Newton...              1.28250000000000019540              1.28250000000000019540 2
38.26.-0.0135              1.28250000000000019540 -1.6199999999999999    Newton...              1.26900000000000012790              1.26900000000000012790 2
38.27.-0.0135              1.26900000000000012790 -1.6199999999999999    Newton...              1.25550000000000006040              1.25550000000000006040 2
38.28.-0.0135              1.25550000000000006040 -1.6199999999999999    Newton...              1.24199999999999999289              1.24199999999999999289 2
38.29.-0.0135              1.24199999999999999289 -1.6199999999999999    Newton...              1.22849999999999992539              1.22849999999999992539 2
38.30.-0.0135              1.22849999999999992539 -1.6199999999999999    Newton...              1.21499999999999985789              1.21499999999999985789 2
38.31.-0.0135              1.21499999999999985789 -1.6199999999999999    Newton...              1.20149999999999979039              1.20149999999999979039 2
38.32.-0.0135              1.20149999999999979039 -1.6199999999999999    Newton...              1.18799999999999972289              1.18799999999999972289 2
38.33.-0.0135              1.18799999999999972289 -1.6199999999999999    Newton...              1.17449999999999965539              1.17449999999999965539 2
38.34.-0.0135              1.17449999999999965539 -1.6199999999999999    Newton...              1.16099999999999958789              1.16099999999999958789 2
38.35.-0.0135              1.16099999999999958789 -1.6199999999999999    Newton...              1.14749999999999952038              1.14749999999999952038 2
38.36.-0.0135              1.14749999999999952038 -1.6199999999999999    Newton...              1.13399999999999945288              1.13399999999999945288 2
38.37.-0.0135              1.13399999999999945288 -1.6199999999999999    Newton...              1.12049999999999938538              1.12049999999999938538 2
38.38.-0.0135              1.12049999999999938538 -1.6199999999999999    Newton...              1.10699999999999931788              1.10699999999999931788 2
38.39.-0.0135              1.10699999999999931788 -1.6199999999999999    Newton...              1.09349999999999925038              1.09349999999999925038 2
38.40.-0.0135              1.09349999999999925038 -1.6199999999999999    Newton...              1.07999999999999918288              1.07999999999999918288 2
38.41.-0.0135              1.07999999999999918288 -1.6199999999999999    Newton...              1.06649999999999911537              1.06649999999999911537 2
38.42.-0.0135              1.06649999999999911537 -1.6199999999999999    Newton...              1.05299999999999904787              1.05299999999999904787 2
38.43.-0.0135              1.05299999999999904787 -1.6199999999999999    Newton...              1.03949999999999898037              1.03949999999999898037 2
38.44.-0.0135              1.03949999999999898037 -1.6199999999999999    Newton...              1.02599999999999891287              1.02599999999999891287 2
38.45.-0.0135              1.02599999999999891287 -1.6199999999999999    Newton...              1.01249999999999884537              1.01249999999999884537 2
38.46.-0.0135              1.01249999999999884537 -1.6199999999999999    Newton...              0.99899999999999888889              0.99899999999999888889 2
38.47.-0.0135              0.99899999999999888889 -1.6199999999999999    Newton...              0.98549999999999893241              0.98549999999999893241 2
38.48.-0.0135              0.98549999999999893241 -1.6199999999999999    Newton...              0.97199999999999897593              0.97199999999999897593 2
38.49.-0.0135              0.97199999999999897593 -1.6199999999999999    Newton...              0.95849999999999901945              0.95849999999999901945 2
38.50.-0.0135              0.95849999999999901945 -1.6199999999999999    Newton...              0.94499999999999906297              0.94499999999999906297 2
38.51.-0.0135              0.94499999999999906297 -1.6199999999999999    Newton...              0.93149999999999910649              0.93149999999999910649 2
38.52.-0.0135              0.93149999999999910649 -1.6199999999999999    Newton...              0.91799999999999915001              0.91799999999999915001 2
38.53.-0.0135              0.91799999999999915001 -1.6199999999999999    Newton...              0.90449999999999919353              0.90449999999999919353 2
38.54.-0.0135              0.90449999999999919353 -1.6199999999999999    Newton...              0.89099999999999923705              0.89099999999999923705 2
38.55.-0.0135              0.89099999999999923705 -1.6199999999999999    Newton...              0.87749999999999928058              0.87749999999999928058 2
38.56.-0.0135              0.87749999999999928058 -1.6199999999999999    Newton...              0.86399999999999932410              0.86399999999999932410 2
38.57.-0.0135              0.86399999999999932410 -1.6199999999999999    Newton...              0.85049999999999936762              0.85049999999999936762 2
38.58.-0.0135              0.85049999999999936762 -1.6199999999999999    Newton...              0.83699999999999941114              0.83699999999999941114 2
38.59.-0.0135              0.83699999999999941114 -1.6199999999999999    Newton...              0.82349999999999945466              0.82349999999999945466 2
38.60.-0.0135              0.82349999999999945466 -1.6199999999999999    Newton...              0.80999999999999949818              0.80999999999999949818 2
38.61.-0.0135              0.80999999999999949818 -1.6199999999999999    Newton...              0.79649999999999954170              0.79649999999999954170 2
38.62.-0.0135              0.79649999999999954170 -1.6199999999999999    Newton...              0.78299999999999958522              0.78299999999999958522 2
38.63.-0.0135              0.78299999999999958522 -1.6199999999999999    Newton...              0.76949999999999962874              0.76949999999999962874 2
38.64.-0.0135              0.76949999999999962874 -1.6199999999999999    Newton...              0.75599999999999967226              0.75599999999999967226 2
38.65.-0.0135              0.75599999999999967226 -1.6199999999999999    Newton...              0.74249999999999971578              0.74249999999999971578 2
38.66.-0.0135              0.74249999999999971578 -1.6199999999999999    Newton...              0.72899999999999975930              0.72899999999999975930 2
38.67.-0.0135              0.72899999999999975930 -1.6199999999999999    Newton...              0.71549999999999980282              0.71549999999999980282 2
38.68.-0.0135              0.71549999999999980282 -1.6199999999999999    Newton...              0.70199999999999984635              0.70199999999999984635 2
38.69.-0.0135              0.70199999999999984635 -1.6199999999999999    Newton...              0.68849999999999988987              0.68849999999999988987 2
38.70.-0.0135              0.68849999999999988987 -1.6199999999999999    Newton...              0.67499999999999993339              0.67499999999999993339 2
38.71.-0.0135              0.67499999999999993339 -1.6199999999999999    Newton...              0.66149999999999997691              0.66149999999999997691 2
38.72.-0.0135              0.66149999999999997691 -1.6199999999999999    Newton...              0.64800000000000002043              0.64800000000000002043 2
38.73.-0.0135              0.64800000000000002043 -1.6199999999999999    Newton...              0.63450000000000006395              0.63450000000000006395 2
38.74.-0.0135              0.63450000000000006395 -1.6199999999999999    Newton...              0.62100000000000010747              0.62100000000000010747 2
38.75.-0.0135              0.62100000000000010747 -1.6199999999999999    Newton...              0.60750000000000015099              0.60750000000000015099 2
38.76.-0.0135              0.60750000000000015099 -1.6199999999999999    Newton...              0.59400000000000019451              0.59400000000000019451 2
38.77.-0.0135              0.59400000000000019451 -1.6199999999999999    Newton...              0.58050000000000023803              0.58050000000000023803 2
38.78.-0.0135              0.58050000000000023803 -1.6199999999999999    Newton...              0.56700000000000028155              0.56700000000000028155 2
38.79.-0.0135              0.56700000000000028155 -1.6199999999999999    Newton...              0.55350000000000032507              0.55350000000000032507 2
38.80.-0.0135              0.55350000000000032507 -1.6199999999999999    Newton...              0.54000000000000036859              0.54000000000000036859 2
38.81.-0.0135              0.54000000000000036859 -1.6199999999999999    Newton...              0.52650000000000041211              0.52650000000000041211 2
38.82.-0.0135              0.52650000000000041211 -1.6199999999999999    Newton...              0.51300000000000045564              0.51300000000000045564 2
38.83.-0.0135              0.51300000000000045564 -1.6199999999999999    Newton...              0.49950000000000044365              0.49950000000000044365 2
38.84.-0.0135              0.49950000000000044365 -1.6199999999999999    Newton...              0.48600000000000043165              0.48600000000000043165 2
38.85.-0.0135              0.48600000000000043165 -1.6199999999999999    Newton...              0.47250000000000041966              0.47250000000000041966 2
38.86.-0.0135              0.47250000000000041966 -1.6199999999999999    Newton...              0.45900000000000040767              0.45900000000000040767 2
38.87.-0.0135              0.45900000000000040767 -1.6199999999999999    Newton...              0.44550000000000039568              0.44550000000000039568 2
38.88.-0.0135              0.44550000000000039568 -1.6199999999999999    Newton...              0.43200000000000038369              0.43200000000000038369 2
38.89.-0.0135              0.43200000000000038369 -1.6199999999999999    Newton...              0.41850000000000037170              0.41850000000000037170 2
38.90.-0.0135              0.41850000000000037170 -1.6199999999999999    Newton...              0.40500000000000035971              0.40500000000000035971 2
38.91.-0.0135              0.40500000000000035971 -1.6199999999999999    Newton...              0.39150000000000034772              0.39150000000000034772 2
38.92.-0.0135              0.39150000000000034772 -1.6199999999999999    Newton...              0.37800000000000033573              0.37800000000000033573 2
38.93.-0.0135              0.37800000000000033573 -1.6199999999999999    Newton...              0.36450000000000032374              0.36450000000000032374 2
38.94.-0.0135              0.36450000000000032374 -1.6199999999999999    Newton...              0.35100000000000031175              0.35100000000000031175 2
38.95.-0.0135              0.35100000000000031175 -1.6199999999999999    Newton...              0.33750000000000029976              0.33750000000000029976 2
38.96.-0.0135              0.33750000000000029976 -1.6199999999999999    Newton...              0.32400000000000028777              0.32400000000000028777 2
38.97.-0.0135              0.32400000000000028777 -1.6199999999999999    Newton...              0.31050000000000027578              0.31050000000000027578 2
38.98.-0.0135              0.31050000000000027578 -1.6199999999999999    Newton...              0.29700000000000026379              0.29700000000000026379 2
38.99.-0.0135              0.29700000000000026379 -1.6199999999999999    Newton...              0.28350000000000025180              0.28350000000000025180 2
38.100.-0.0135              0.28350000000000025180 -1.6199999999999999    Newton...              0.27000000000000023981              0.27000000000000023981 2
38.101.-0.0135              0.27000000000000023981 -1.6199999999999999    Newton...              0.25650000000000022782              0.25650000000000022782 2
38.102.-0.0135              0.25650000000000022782 -1.6199999999999999    Newton...              0.24300000000000021583              0.24300000000000021583 2
38.103.-0.0135              0.24300000000000021583 -1.6199999999999999    Newton...              0.22950000000000020384              0.22950000000000020384 2
38.104.-0.0135              0.22950000000000020384 -1.6199999999999999    Newton...              0.21600000000000019185              0.21600000000000019185 2
38.105.-0.0135              0.21600000000000019185 -1.6199999999999999    Newton...              0.20250000000000017986              0.20250000000000017986 2
38.106.-0.0135              0.20250000000000017986 -1.6199999999999999    Newton...              0.18900000000000016787              0.18900000000000016787 2
38.107.-0.0135              0.18900000000000016787 -1.6199999999999999    Newton...              0.17550000000000015588              0.17550000000000015588 2
38.108.-0.0135              0.17550000000000015588 -1.6199999999999999    Newton...              0.16200000000000014388              0.16200000000000014388 2
38.109.-0.0135              0.16200000000000014388 -1.6199999999999999    Newton...              0.14850000000000013189              0.14850000000000013189 2
38.110.-0.0135              0.14850000000000013189 -1.6199999999999999    Newton...              0.13500000000000011990              0.13500000000000011990 2
38.111.-0.0135              0.13500000000000011990 -1.6199999999999999    Newton...              0.12150000000000012179              0.12150000000000012179 2
38.112.-0.0135              0.12150000000000012179 -1.6199999999999999    Newton...              0.10800000000000012368              0.10800000000000012368 2
38.113.-0.0135              0.10800000000000012368 -1.6199999999999999    Newton...              0.09450000000000012557              0.09450000000000012557 2
38.114.-0.0135              0.09450000000000012557 -1.6199999999999999    Newton...              0.08100000000000012745              0.08100000000000012745 2
38.115.-0.0135              0.08100000000000012745 -1.6199999999999999    Newton...              0.06750000000000012934              0.06750000000000012934 2
38.116.-0.0135              0.06750000000000012934 -1.6199999999999999    Newton...              0.05400000000000013123              0.05400000000000013123 2
38.117.-0.0135              0.05400000000000013123 -1.6199999999999999    Newton...              0.04050000000000013312              0.04050000000000013312 2
38.118.-0.0135              0.04050000000000013312 -1.6199999999999999    Newton...              0.02700000000000013500              0.02700000000000013500 2
38.119.-0.0135              0.02700000000000013500 -1.6199999999999999    Newton...              0.01350000000000013516              0.01350000000000013516 2
38.120.-0.0135              0.01350000000000013516 -1.6199999999999999    Newton...              0.00000000000000013531              0.00000000000000013531 2
38.121.-0.0135              0.00000000000000013531 -1.6199999999999999    Newton...             -0.01349999999999986454             -0.01349999999999986454 2
38.122.-0.0135             -0.01349999999999986454 -1.6199999999999999    Newton...             -0.02699999999999986439             -0.02699999999999986439 2
38.123.-0.0135             -0.02699999999999986439 -1.6199999999999999    Newton...             -0.04049999999999986250             -0.04049999999999986250 2
38.124.-0.0135             -0.04049999999999986250 -1.6199999999999999    Newton...             -0.05399999999999986061             -0.05399999999999986061 2
38.125.-0.0135             -0.05399999999999986061 -1.6199999999999999    Newton...             -0.06749999999999986566             -0.06749999999999986566 2
38.126.-0.0135             -0.06749999999999986566 -1.6199999999999999    Newton...             -0.08099999999999986378             -0.08099999999999986378 2
38.127.-0.0135             -0.08099999999999986378 -1.6199999999999999    Newton...             -0.09449999999999986189             -0.09449999999999986189 2
38.128.-0.0135             -0.09449999999999986189 -1.6199999999999999    Newton...             -0.10799999999999986000             -0.10799999999999986000 2
38.129.-0.0135             -0.10799999999999986000 -1.6199999999999999    Newton...             -0.12149999999999985811             -0.12149999999999985811 2
38.130.-0.0135             -0.12149999999999985811 -1.6199999999999999    Newton...             -0.13499999999999987010             -0.13499999999999987010 2
38.131.-0.0135             -0.13499999999999987010 -1.6199999999999999    Newton...             -0.14849999999999988209             -0.14849999999999988209 2
38.132.-0.0135             -0.14849999999999988209 -1.6199999999999999    Newton...             -0.16199999999999989408             -0.16199999999999989408 2
38.133.-0.0135             -0.16199999999999989408 -1.6199999999999999    Newton...             -0.17549999999999990608             -0.17549999999999990608 2
38.134.-0.0135             -0.17549999999999990608 -1.6199999999999999    Newton...             -0.18899999999999991807             -0.18899999999999991807 2
38.135.-0.0135             -0.18899999999999991807 -1.6199999999999999    Newton...             -0.20249999999999993006             -0.20249999999999993006 2
38.136.-0.0135             -0.20249999999999993006 -1.6199999999999999    Newton...             -0.21599999999999994205             -0.21599999999999994205 2
38.137.-0.0135             -0.21599999999999994205 -1.6199999999999999    Newton...             -0.22949999999999995404             -0.22949999999999995404 2
38.138.-0.0135             -0.22949999999999995404 -1.6199999999999999    Newton...             -0.24299999999999996603             -0.24299999999999996603 2
38.139.-0.0135             -0.24299999999999996603 -1.6199999999999999    Newton...             -0.25649999999999995026             -0.25649999999999995026 2
38.140.-0.0135             -0.25649999999999995026 -1.6199999999999999    Newton...             -0.26999999999999996225             -0.26999999999999996225 2
38.141.-0.0135             -0.26999999999999996225 -1.6199999999999999    Newton...             -0.28349999999999997424             -0.28349999999999997424 2
38.142.-0.0135             -0.28349999999999997424 -1.6199999999999999    Newton...             -0.29699999999999998623             -0.29699999999999998623 2
38.143.-0.0135             -0.29699999999999998623 -1.6199999999999999    Newton...             -0.31049999999999999822             -0.31049999999999999822 2
38.144.-0.0135             -0.31049999999999999822 -1.6199999999999999    Newton...             -0.32400000000000001021             -0.32400000000000001021 2
38.145.-0.0135             -0.32400000000000001021 -1.6199999999999999    Newton...             -0.33750000000000002220             -0.33750000000000002220 2
38.146.-0.0135             -0.33750000000000002220 -1.6199999999999999    Newton...             -0.35100000000000003419             -0.35100000000000003419 2
38.147.-0.0135             -0.35100000000000003419 -1.6199999999999999    Newton...             -0.36450000000000004619             -0.36450000000000004619 2
38.148.-0.0135             -0.36450000000000004619 -1.6199999999999999    Newton...             -0.37800000000000005818             -0.37800000000000005818 2
38.149.-0.0135             -0.37800000000000005818 -1.6199999999999999    Newton...             -0.39150000000000007017             -0.39150000000000007017 2
38.150.-0.0135             -0.39150000000000007017 -1.6199999999999999    Newton...             -0.40500000000000008216             -0.40500000000000008216 2
38.151.-0.0135             -0.40500000000000008216 -1.6199999999999999    Newton...             -0.41850000000000009415             -0.41850000000000009415 2
38.152.-0.0135             -0.41850000000000009415 -1.6199999999999999    Newton...             -0.43200000000000010614             -0.43200000000000010614 2
38.153.-0.0135             -0.43200000000000010614 -1.6199999999999999    Newton...             -0.44550000000000011813             -0.44550000000000011813 2
38.154.-0.0135             -0.44550000000000011813 -1.6199999999999999    Newton...             -0.45900000000000013012             -0.45900000000000013012 2
38.155.-0.0135             -0.45900000000000013012 -1.6199999999999999    Newton...             -0.47250000000000014211             -0.47250000000000014211 2
38.156.-0.0135             -0.47250000000000014211 -1.6199999999999999    Newton...             -0.48600000000000015410             -0.48600000000000015410 2
38.157.-0.0135             -0.48600000000000015410 -1.6199999999999999    Newton...             -0.49950000000000016609             -0.49950000000000016609 2
38.158.-0.0135             -0.49950000000000016609 -1.6199999999999999    Newton...             -0.51300000000000012257             -0.51300000000000012257 2
38.159.-0.0135             -0.51300000000000012257 -1.6199999999999999    Newton...             -0.52650000000000007905             -0.52650000000000007905 2
38.160.-0.0135             -0.52650000000000007905 -1.6199999999999999    Newton...             -0.54000000000000003553             -0.54000000000000003553 2
38.161.-0.0135             -0.54000000000000003553 -1.6199999999999999    Newton...             -0.55349999999999999201             -0.55349999999999999201 2
38.162.-0.0135             -0.55349999999999999201 -1.6199999999999999    Newton...             -0.56699999999999994849             -0.56699999999999994849 2
38.163.-0.0135             -0.56699999999999994849 -1.6199999999999999    Newton...             -0.58049999999999990496             -0.58049999999999990496 2
38.164.-0.0135             -0.58049999999999990496 -1.6199999999999999    Newton...             -0.59399999999999986144             -0.59399999999999986144 2
38.165.-0.0135             -0.59399999999999986144 -1.6199999999999999    Newton...             -0.60749999999999981792             -0.60749999999999981792 2
38.166.-0.0135             -0.60749999999999981792 -1.6199999999999999    Newton...             -0.62099999999999977440             -0.62099999999999977440 2
38.167.-0.0135             -0.62099999999999977440 -1.6199999999999999    Newton...             -0.63449999999999973088             -0.63449999999999973088 2
38.168.-0.0135             -0.63449999999999973088 -1.6199999999999999    Newton...             -0.64799999999999968736             -0.64799999999999968736 2
38.169.-0.0135             -0.64799999999999968736 -1.6199999999999999    Newton...             -0.66149999999999964384             -0.66149999999999964384 2
38.170.-0.0135             -0.66149999999999964384 -1.6199999999999999    Newton...             -0.67499999999999960032             -0.67499999999999960032 2
38.171.-0.0135             -0.67499999999999960032 -1.6199999999999999    Newton...             -0.68849999999999955680             -0.68849999999999955680 2
38.172.-0.0135             -0.68849999999999955680 -1.6199999999999999    Newton...             -0.70199999999999951328             -0.70199999999999951328 2
38.173.-0.0135             -0.70199999999999951328 -1.6199999999999999    Newton...             -0.71549999999999946976             -0.71549999999999946976 2
38.174.-0.0135             -0.71549999999999946976 -1.6199999999999999    Newton...             -0.72899999999999942624             -0.72899999999999942624 2
38.175.-0.0135             -0.72899999999999942624 -1.6199999999999999    Newton...             -0.74249999999999938272             -0.74249999999999938272 2
38.176.-0.0135             -0.74249999999999938272 -1.6199999999999999    Newton...             -0.75599999999999933920             -0.75599999999999933920 2
38.177.-0.0135             -0.75599999999999933920 -1.6199999999999999    Newton...             -0.76949999999999929567             -0.76949999999999929567 2
38.178.-0.0135             -0.76949999999999929567 -1.6199999999999999    Newton...             -0.78299999999999925215             -0.78299999999999925215 2
38.179.-0.0135             -0.78299999999999925215 -1.6199999999999999    Newton...             -0.79649999999999920863             -0.79649999999999920863 2
38.180.-0.0135             -0.79649999999999920863 -1.6199999999999999    Newton...             -0.80999999999999916511             -0.80999999999999916511 2
38.181.-0.0135             -0.80999999999999916511 -1.6199999999999999    Newton...             -0.82349999999999912159             -0.82349999999999912159 2
38.182.-0.0135             -0.82349999999999912159 -1.6199999999999999    Newton...             -0.83699999999999907807             -0.83699999999999907807 2
38.183.-0.0135             -0.83699999999999907807 -1.6199999999999999    Newton...             -0.85049999999999903455             -0.85049999999999903455 2
38.184.-0.0135             -0.85049999999999903455 -1.6199999999999999    Newton...             -0.86399999999999899103             -0.86399999999999899103 2
38.185.-0.0135             -0.86399999999999899103 -1.6199999999999999    Newton...             -0.87749999999999894751             -0.87749999999999894751 2
38.186.-0.0135             -0.87749999999999894751 -1.6199999999999999    Newton...             -0.89099999999999890399             -0.89099999999999890399 2
38.187.-0.0135             -0.89099999999999890399 -1.6199999999999999    Newton...             -0.90449999999999886047             -0.90449999999999886047 2
38.188.-0.0135             -0.90449999999999886047 -1.6199999999999999    Newton...             -0.91799999999999881695             -0.91799999999999881695 2
38.189.-0.0135             -0.91799999999999881695 -1.6199999999999999    Newton...             -0.93149999999999877343             -0.93149999999999877343 2
38.190.-0.0135             -0.93149999999999877343 -1.6199999999999999    Newton...             -0.94499999999999872990             -0.94499999999999872990 2
38.191.-0.0135             -0.94499999999999872990 -1.6199999999999999    Newton...             -0.95849999999999868638             -0.95849999999999868638 2
38.192.-0.0135             -0.95849999999999868638 -1.6199999999999999    Newton...             -0.97199999999999864286             -0.97199999999999864286 2
38.193.-0.0135             -0.97199999999999864286 -1.6199999999999999    Newton...             -0.98549999999999859934             -0.98549999999999859934 2
38.194.-0.0135             -0.98549999999999859934 -1.6199999999999999    Newton...             -0.99899999999999855582             -0.99899999999999855582 2
38.195.-0.0135             -0.99899999999999855582 -1.6199999999999999    Newton...             -1.01249999999999862332             -1.01249999999999862332 2
38.196.-0.0135             -1.01249999999999862332 -1.6199999999999999    Newton...             -1.02599999999999869083             -1.02599999999999869083 2
38.197.-0.0135             -1.02599999999999869083 -1.6199999999999999    Newton...             -1.03949999999999875833             -1.03949999999999875833 2
38.198.-0.0135             -1.03949999999999875833 -1.6199999999999999    Newton...             -1.05299999999999882583             -1.05299999999999882583 2
38.199.-0.0135             -1.05299999999999882583 -1.6199999999999999    Newton...             -1.06649999999999889333             -1.06649999999999889333 2
38.200.-0.0135             -1.06649999999999889333 -1.6199999999999999    Newton...             -1.07999999999999896083             -1.07999999999999896083 2
38.201.-0.0135             -1.07999999999999896083 -1.6199999999999999    Newton...             -1.09349999999999902833             -1.09349999999999902833 2
38.202.-0.0135             -1.09349999999999902833 -1.6199999999999999    Newton...             -1.10699999999999909583             -1.10699999999999909583 2
38.203.-0.0135             -1.10699999999999909583 -1.6199999999999999    Newton...             -1.12049999999999916334             -1.12049999999999916334 2
38.204.-0.0135             -1.12049999999999916334 -1.6199999999999999    Newton...             -1.13399999999999923084             -1.13399999999999923084 2
38.205.-0.0135             -1.13399999999999923084 -1.6199999999999999    Newton...             -1.14749999999999929834             -1.14749999999999929834 2
38.206.-0.0135             -1.14749999999999929834 -1.6199999999999999    Newton...             -1.16099999999999936584             -1.16099999999999936584 2
38.207.-0.0135             -1.16099999999999936584 -1.6199999999999999    Newton...             -1.17449999999999943334             -1.17449999999999943334 2
38.208.-0.0135             -1.17449999999999943334 -1.6199999999999999    Newton...             -1.18799999999999950084             -1.18799999999999950084 2
38.209.-0.0135             -1.18799999999999950084 -1.6199999999999999    Newton...             -1.20149999999999956835             -1.20149999999999956835 2
38.210.-0.0135             -1.20149999999999956835 -1.6199999999999999    Newton...             -1.21499999999999963585             -1.21499999999999963585 2
38.211.-0.0135             -1.21499999999999963585 -1.6199999999999999    Newton...             -1.22849999999999970335             -1.22849999999999970335 2
38.212.-0.0135             -1.22849999999999970335 -1.6199999999999999    Newton...             -1.24199999999999977085             -1.24199999999999977085 2
38.213.-0.0135             -1.24199999999999977085 -1.6199999999999999    Newton...             -1.25549999999999983835             -1.25549999999999983835 2
38.214.-0.0135             -1.25549999999999983835 -1.6199999999999999    Newton...             -1.26899999999999990585             -1.26899999999999990585 2
38.215.-0.0135             -1.26899999999999990585 -1.6199999999999999    Newton...             -1.28249999999999997335             -1.28249999999999997335 2
38.216.-0.0135             -1.28249999999999997335 -1.6199999999999999    Newton...             -1.29600000000000004086             -1.29600000000000004086 2
38.217.-0.0135             -1.29600000000000004086 -1.6199999999999999    Newton...             -1.30950000000000010836             -1.30950000000000010836 2
38.218.-0.0135             -1.30950000000000010836 -1.6199999999999999    Newton...             -1.32300000000000017586             -1.32300000000000017586 2
38.219.-0.0135             -1.32300000000000017586 -1.6199999999999999    Newton...             -1.33650000000000024336             -1.33650000000000024336 2
38.220.-0.0135             -1.33650000000000024336 -1.6199999999999999    Newton...             -1.35000000000000031086             -1.35000000000000031086 2
38.221.-0.0135             -1.35000000000000031086 -1.6199999999999999    Newton...             -1.36350000000000037836             -1.36350000000000037836 2
38.222.-0.0135             -1.36350000000000037836 -1.6199999999999999    Newton...             -1.37700000000000044587             -1.37700000000000044587 2
38.223.-0.0135             -1.37700000000000044587 -1.6199999999999999    Newton...             -1.39050000000000051337             -1.39050000000000051337 2
38.224.-0.0135             -1.39050000000000051337 -1.6199999999999999    Newton...             -1.40400000000000058087             -1.40400000000000058087 2
38.225.-0.0135             -1.40400000000000058087 -1.6199999999999999    Newton...             -1.41750000000000064837             -1.41750000000000064837 2
38.226.-0.0135             -1.41750000000000064837 -1.6199999999999999    Newton...             -1.43100000000000071587             -1.43100000000000071587 2
38.227.-0.0135             -1.43100000000000071587 -1.6199999999999999    Newton...             -1.44450000000000078337             -1.44450000000000078337 2
38.228.-0.0135             -1.44450000000000078337 -1.6199999999999999    Newton...             -1.45800000000000085087             -1.45800000000000085087 2
38.229.-0.0135             -1.45800000000000085087 -1.6199999999999999    Newton...             -1.47150000000000091838             -1.47150000000000091838 2
38.230.-0.0135             -1.47150000000000091838 -1.6199999999999999    Newton...             -1.48500000000000098588             -1.48500000000000098588 2
38.231.-0.0135             -1.48500000000000098588 -1.6199999999999999    Newton...             -1.49850000000000105338             -1.49850000000000105338 2
38.232.-0.0135             -1.49850000000000105338 -1.6199999999999999    Newton...             -1.51200000000000112088             -1.51200000000000112088 2
38.233.-0.0135             -1.51200000000000112088 -1.6199999999999999    Newton...             -1.52550000000000118838             -1.52550000000000118838 2
38.234.-0.0135             -1.52550000000000118838 -1.6199999999999999    Newton...             -1.53900000000000125588             -1.53900000000000125588 2
38.235.-0.0135             -1.53900000000000125588 -1.6199999999999999    Newton...             -1.55250000000000132339             -1.55250000000000132339 2
38.236.-0.0135             -1.55250000000000132339 -1.6199999999999999    Newton...             -1.56600000000000139089             -1.56600000000000139089 2
38.237.-0.0135             -1.56600000000000139089 -1.6199999999999999    Newton...             -1.57950000000000145839             -1.57950000000000145839 2
38.238.-0.0135             -1.57950000000000145839 -1.6199999999999999    Newton...             -1.59300000000000152589             -1.59300000000000152589 2
38.239.-0.0135             -1.59300000000000152589 -1.6199999999999999    Newton...             -1.60650000000000159339             -1.60650000000000159339 2
38.240.-0.0135             -1.60650000000000159339 -1.6199999999999999    Newton...             -1.62000000000000166089             -1.62000000000000166089 2
39.1.0.0135             -1.62000000000000166089 1.6199999999999999    Newton...             -1.60650000000000159339             -1.60650000000000159339 2
39.2.0.0135             -1.60650000000000159339 1.6199999999999999    Newton...             -1.59300000000000152589             -1.59300000000000152589 2
39.3.0.0135             -1.59300000000000152589 1.6199999999999999    Newton...             -1.57950000000000145839             -1.57950000000000145839 2
39.4.0.0135             -1.57950000000000145839 1.6199999999999999    Newton...             -1.56600000000000139089             -1.56600000000000139089 2
39.5.0.0135             -1.56600000000000139089 1.6199999999999999    Newton...             -1.55250000000000132339             -1.55250000000000132339 2
39.6.0.0135             -1.55250000000000132339 1.6199999999999999    Newton...             -1.53900000000000125588             -1.53900000000000125588 2
39.7.0.0135             -1.53900000000000125588 1.6199999999999999    Newton...             -1.52550000000000118838             -1.52550000000000118838 2
39.8.0.0135             -1.52550000000000118838 1.6199999999999999    Newton...             -1.51200000000000112088             -1.51200000000000112088 2
39.9.0.0135             -1.51200000000000112088 1.6199999999999999    Newton...             -1.49850000000000105338             -1.49850000000000105338 2
39.10.0.0135             -1.49850000000000105338 1.6199999999999999    Newton...             -1.48500000000000098588             -1.48500000000000098588 2
39.11.0.0135             -1.48500000000000098588 1.6199999999999999    Newton...             -1.47150000000000091838             -1.47150000000000091838 2
39.12.0.0135             -1.47150000000000091838 1.6199999999999999    Newton...             -1.45800000000000085087             -1.45800000000000085087 2
39.13.0.0135             -1.45800000000000085087 1.6199999999999999    Newton...             -1.44450000000000078337             -1.44450000000000078337 2
39.14.0.0135             -1.44450000000000078337 1.6199999999999999    Newton...             -1.43100000000000071587             -1.43100000000000071587 2
39.15.0.0135             -1.43100000000000071587 1.6199999999999999    Newton...             -1.41750000000000064837             -1.41750000000000064837 2
39.16.0.0135             -1.41750000000000064837 1.6199999999999999    Newton...             -1.40400000000000058087             -1.40400000000000058087 2
39.17.0.0135             -1.40400000000000058087 1.6199999999999999    Newton...             -1.39050000000000051337             -1.39050000000000051337 2
39.18.0.0135             -1.39050000000000051337 1.6199999999999999    Newton...             -1.37700000000000044587             -1.37700000000000044587 2
39.19.0.0135             -1.37700000000000044587 1.6199999999999999    Newton...             -1.36350000000000037836             -1.36350000000000037836 2
39.20.0.0135             -1.36350000000000037836 1.6199999999999999    Newton...             -1.35000000000000031086             -1.35000000000000031086 2
39.21.0.0135             -1.35000000000000031086 1.6199999999999999    Newton...             -1.33650000000000024336             -1.33650000000000024336 2
39.22.0.0135             -1.33650000000000024336 1.6199999999999999    Newton...             -1.32300000000000017586             -1.32300000000000017586 2
39.23.0.0135             -1.32300000000000017586 1.6199999999999999    Newton...             -1.30950000000000010836             -1.30950000000000010836 2
39.24.0.0135             -1.30950000000000010836 1.6199999999999999    Newton...             -1.29600000000000004086             -1.29600000000000004086 2
39.25.0.0135             -1.29600000000000004086 1.6199999999999999    Newton...             -1.28249999999999997335             -1.28249999999999997335 2
39.26.0.0135             -1.28249999999999997335 1.6199999999999999    Newton...             -1.26899999999999990585             -1.26899999999999990585 2
39.27.0.0135             -1.26899999999999990585 1.6199999999999999    Newton...             -1.25549999999999983835             -1.25549999999999983835 2
39.28.0.0135             -1.25549999999999983835 1.6199999999999999    Newton...             -1.24199999999999977085             -1.24199999999999977085 2
39.29.0.0135             -1.24199999999999977085 1.6199999999999999    Newton...             -1.22849999999999970335             -1.22849999999999970335 2
39.30.0.0135             -1.22849999999999970335 1.6199999999999999    Newton...             -1.21499999999999963585             -1.21499999999999963585 2
39.31.0.0135             -1.21499999999999963585 1.6199999999999999    Newton...             -1.20149999999999956835             -1.20149999999999956835 2
39.32.0.0135             -1.20149999999999956835 1.6199999999999999    Newton...             -1.18799999999999950084             -1.18799999999999950084 2
39.33.0.0135             -1.18799999999999950084 1.6199999999999999    Newton...             -1.17449999999999943334             -1.17449999999999943334 2
39.34.0.0135             -1.17449999999999943334 1.6199999999999999    Newton...             -1.16099999999999936584             -1.16099999999999936584 2
39.35.0.0135             -1.16099999999999936584 1.6199999999999999    Newton...             -1.14749999999999929834             -1.14749999999999929834 2
39.36.0.0135             -1.14749999999999929834 1.6199999999999999    Newton...             -1.13399999999999923084             -1.13399999999999923084 2
39.37.0.0135             -1.13399999999999923084 1.6199999999999999    Newton...             -1.12049999999999916334             -1.12049999999999916334 2
39.38.0.0135             -1.12049999999999916334 1.6199999999999999    Newton...             -1.10699999999999909583             -1.10699999999999909583 2
39.39.0.0135             -1.10699999999999909583 1.6199999999999999    Newton...             -1.09349999999999902833             -1.09349999999999902833 2
39.40.0.0135             -1.09349999999999902833 1.6199999999999999    Newton...             -1.07999999999999896083             -1.07999999999999896083 2
39.41.0.0135             -1.07999999999999896083 1.6199999999999999    Newton...             -1.06649999999999889333             -1.06649999999999889333 2
39.42.0.0135             -1.06649999999999889333 1.6199999999999999    Newton...             -1.05299999999999882583             -1.05299999999999882583 2
39.43.0.0135             -1.05299999999999882583 1.6199999999999999    Newton...             -1.03949999999999875833             -1.03949999999999875833 2
39.44.0.0135             -1.03949999999999875833 1.6199999999999999    Newton...             -1.02599999999999869083             -1.02599999999999869083 2
39.45.0.0135             -1.02599999999999869083 1.6199999999999999    Newton...             -1.01249999999999862332             -1.01249999999999862332 2
39.46.0.0135             -1.01249999999999862332 1.6199999999999999    Newton...             -0.99899999999999866684             -0.99899999999999866684 2
39.47.0.0135             -0.99899999999999866684 1.6199999999999999    Newton...             -0.98549999999999871036             -0.98549999999999871036 2
39.48.0.0135             -0.98549999999999871036 1.6199999999999999    Newton...             -0.97199999999999875389             -0.97199999999999875389 2
39.49.0.0135             -0.97199999999999875389 1.6199999999999999    Newton...             -0.95849999999999879741             -0.95849999999999879741 2
39.50.0.0135             -0.95849999999999879741 1.6199999999999999    Newton...             -0.94499999999999884093             -0.94499999999999884093 2
39.51.0.0135             -0.94499999999999884093 1.6199999999999999    Newton...             -0.93149999999999888445             -0.93149999999999888445 2
39.52.0.0135             -0.93149999999999888445 1.6199999999999999    Newton...             -0.91799999999999892797             -0.91799999999999892797 2
39.53.0.0135             -0.91799999999999892797 1.6199999999999999    Newton...             -0.90449999999999897149             -0.90449999999999897149 2
39.54.0.0135             -0.90449999999999897149 1.6199999999999999    Newton...             -0.89099999999999901501             -0.89099999999999901501 2
39.55.0.0135             -0.89099999999999901501 1.6199999999999999    Newton...             -0.87749999999999905853             -0.87749999999999905853 2
39.56.0.0135             -0.87749999999999905853 1.6199999999999999    Newton...             -0.86399999999999910205             -0.86399999999999910205 2
39.57.0.0135             -0.86399999999999910205 1.6199999999999999    Newton...             -0.85049999999999914557             -0.85049999999999914557 2
39.58.0.0135             -0.85049999999999914557 1.6199999999999999    Newton...             -0.83699999999999918909             -0.83699999999999918909 2
39.59.0.0135             -0.83699999999999918909 1.6199999999999999    Newton...             -0.82349999999999923261             -0.82349999999999923261 2
39.60.0.0135             -0.82349999999999923261 1.6199999999999999    Newton...             -0.80999999999999927613             -0.80999999999999927613 2
39.61.0.0135             -0.80999999999999927613 1.6199999999999999    Newton...             -0.79649999999999931966             -0.79649999999999931966 2
39.62.0.0135             -0.79649999999999931966 1.6199999999999999    Newton...             -0.78299999999999936318             -0.78299999999999936318 2
39.63.0.0135             -0.78299999999999936318 1.6199999999999999    Newton...             -0.76949999999999940670             -0.76949999999999940670 2
39.64.0.0135             -0.76949999999999940670 1.6199999999999999    Newton...             -0.75599999999999945022             -0.75599999999999945022 2
39.65.0.0135             -0.75599999999999945022 1.6199999999999999    Newton...             -0.74249999999999949374             -0.74249999999999949374 2
39.66.0.0135             -0.74249999999999949374 1.6199999999999999    Newton...             -0.72899999999999953726             -0.72899999999999953726 2
39.67.0.0135             -0.72899999999999953726 1.6199999999999999    Newton...             -0.71549999999999958078             -0.71549999999999958078 2
39.68.0.0135             -0.71549999999999958078 1.6199999999999999    Newton...             -0.70199999999999962430             -0.70199999999999962430 2
39.69.0.0135             -0.70199999999999962430 1.6199999999999999    Newton...             -0.68849999999999966782             -0.68849999999999966782 2
39.70.0.0135             -0.68849999999999966782 1.6199999999999999    Newton...             -0.67499999999999971134             -0.67499999999999971134 2
39.71.0.0135             -0.67499999999999971134 1.6199999999999999    Newton...             -0.66149999999999975486             -0.66149999999999975486 2
39.72.0.0135             -0.66149999999999975486 1.6199999999999999    Newton...             -0.64799999999999979838             -0.64799999999999979838 2
39.73.0.0135             -0.64799999999999979838 1.6199999999999999    Newton...             -0.63449999999999984190             -0.63449999999999984190 2
39.74.0.0135             -0.63449999999999984190 1.6199999999999999    Newton...             -0.62099999999999988542             -0.62099999999999988542 2
39.75.0.0135             -0.62099999999999988542 1.6199999999999999    Newton...             -0.60749999999999992895             -0.60749999999999992895 2
39.76.0.0135             -0.60749999999999992895 1.6199999999999999    Newton...             -0.59399999999999997247             -0.59399999999999997247 2
39.77.0.0135             -0.59399999999999997247 1.6199999999999999    Newton...             -0.58050000000000001599             -0.58050000000000001599 2
39.78.0.0135             -0.58050000000000001599 1.6199999999999999    Newton...             -0.56700000000000005951             -0.56700000000000005951 2
39.79.0.0135             -0.56700000000000005951 1.6199999999999999    Newton...             -0.55350000000000010303             -0.55350000000000010303 2
39.80.0.0135             -0.55350000000000010303 1.6199999999999999    Newton...             -0.54000000000000014655             -0.54000000000000014655 2
39.81.0.0135             -0.54000000000000014655 1.6199999999999999    Newton...             -0.52650000000000019007             -0.52650000000000019007 2
39.82.0.0135             -0.52650000000000019007 1.6199999999999999    Newton...             -0.51300000000000023359             -0.51300000000000023359 2
39.83.0.0135             -0.51300000000000023359 1.6199999999999999    Newton...             -0.49950000000000022160             -0.49950000000000022160 2
39.84.0.0135             -0.49950000000000022160 1.6199999999999999    Newton...             -0.48600000000000020961             -0.48600000000000020961 2
39.85.0.0135             -0.48600000000000020961 1.6199999999999999    Newton...             -0.47250000000000019762             -0.47250000000000019762 2
39.86.0.0135             -0.47250000000000019762 1.6199999999999999    Newton...             -0.45900000000000018563             -0.45900000000000018563 2
39.87.0.0135             -0.45900000000000018563 1.6199999999999999    Newton...             -0.44550000000000017364             -0.44550000000000017364 2
39.88.0.0135             -0.44550000000000017364 1.6199999999999999    Newton...             -0.43200000000000016165             -0.43200000000000016165 2
39.89.0.0135             -0.43200000000000016165 1.6199999999999999    Newton...             -0.41850000000000014966             -0.41850000000000014966 2
39.90.0.0135             -0.41850000000000014966 1.6199999999999999    Newton...             -0.40500000000000013767             -0.40500000000000013767 2
39.91.0.0135             -0.40500000000000013767 1.6199999999999999    Newton...             -0.39150000000000012568             -0.39150000000000012568 2
39.92.0.0135             -0.39150000000000012568 1.6199999999999999    Newton...             -0.37800000000000011369             -0.37800000000000011369 2
39.93.0.0135             -0.37800000000000011369 1.6199999999999999    Newton...             -0.36450000000000010170             -0.36450000000000010170 2
39.94.0.0135             -0.36450000000000010170 1.6199999999999999    Newton...             -0.35100000000000008971             -0.35100000000000008971 2
39.95.0.0135             -0.35100000000000008971 1.6199999999999999    Newton...             -0.33750000000000007772             -0.33750000000000007772 2
39.96.0.0135             -0.33750000000000007772 1.6199999999999999    Newton...             -0.32400000000000006573             -0.32400000000000006573 2
39.97.0.0135             -0.32400000000000006573 1.6199999999999999    Newton...             -0.31050000000000005373             -0.31050000000000005373 2
39.98.0.0135             -0.31050000000000005373 1.6199999999999999    Newton...             -0.29700000000000004174             -0.29700000000000004174 2
39.99.0.0135             -0.29700000000000004174 1.6199999999999999    Newton...             -0.28350000000000002975             -0.28350000000000002975 2
39.100.0.0135             -0.28350000000000002975 1.6199999999999999    Newton...             -0.27000000000000001776             -0.27000000000000001776 2
39.101.0.0135             -0.27000000000000001776 1.6199999999999999    Newton...             -0.25650000000000000577             -0.25650000000000000577 2
39.102.0.0135             -0.25650000000000000577 1.6199999999999999    Newton...             -0.24299999999999999378             -0.24299999999999999378 2
39.103.0.0135             -0.24299999999999999378 1.6199999999999999    Newton...             -0.22949999999999998179             -0.22949999999999998179 2
39.104.0.0135             -0.22949999999999998179 1.6199999999999999    Newton...             -0.21599999999999996980             -0.21599999999999996980 2
39.105.0.0135             -0.21599999999999996980 1.6199999999999999    Newton...             -0.20249999999999995781             -0.20249999999999995781 2
39.106.0.0135             -0.20249999999999995781 1.6199999999999999    Newton...             -0.18899999999999994582             -0.18899999999999994582 2
39.107.0.0135             -0.18899999999999994582 1.6199999999999999    Newton...             -0.17549999999999993383             -0.17549999999999993383 2
39.108.0.0135             -0.17549999999999993383 1.6199999999999999    Newton...             -0.16199999999999992184             -0.16199999999999992184 2
39.109.0.0135             -0.16199999999999992184 1.6199999999999999    Newton...             -0.14849999999999990985             -0.14849999999999990985 2
39.110.0.0135             -0.14849999999999990985 1.6199999999999999    Newton...             -0.13499999999999989786             -0.13499999999999989786 2
39.111.0.0135             -0.13499999999999989786 1.6199999999999999    Newton...             -0.12149999999999989975             -0.12149999999999989975 2
39.112.0.0135             -0.12149999999999989975 1.6199999999999999    Newton...             -0.10799999999999990163             -0.10799999999999990163 2
39.113.0.0135             -0.10799999999999990163 1.6199999999999999    Newton...             -0.09449999999999990352             -0.09449999999999990352 2
39.114.0.0135             -0.09449999999999990352 1.6199999999999999    Newton...             -0.08099999999999990541             -0.08099999999999990541 2
39.115.0.0135             -0.08099999999999990541 1.6199999999999999    Newton...             -0.06749999999999990730             -0.06749999999999990730 2
39.116.0.0135             -0.06749999999999990730 1.6199999999999999    Newton...             -0.05399999999999990918             -0.05399999999999990918 2
39.117.0.0135             -0.05399999999999990918 1.6199999999999999    Newton...             -0.04049999999999991107             -0.04049999999999991107 2
39.118.0.0135             -0.04049999999999991107 1.6199999999999999    Newton...             -0.02699999999999990949             -0.02699999999999990949 2
39.119.0.0135             -0.02699999999999990949 1.6199999999999999    Newton...             -0.01349999999999990964             -0.01349999999999990964 2
39.120.0.0135             -0.01349999999999990964 1.6199999999999999    Newton...              0.00000000000000009194              0.00000000000000009194 2
39.121.0.0135              0.00000000000000009194 1.6199999999999999    Newton...              0.01350000000000009352              0.01350000000000009352 2
39.122.0.0135              0.01350000000000009352 1.6199999999999999    Newton...              0.02700000000000009337              0.02700000000000009337 2
39.123.0.0135              0.02700000000000009337 1.6199999999999999    Newton...              0.04050000000000009148              0.04050000000000009148 2
39.124.0.0135              0.04050000000000009148 1.6199999999999999    Newton...              0.05400000000000008959              0.05400000000000008959 2
39.125.0.0135              0.05400000000000008959 1.6199999999999999    Newton...              0.06750000000000008771              0.06750000000000008771 2
39.126.0.0135              0.06750000000000008771 1.6199999999999999    Newton...              0.08100000000000008582              0.08100000000000008582 2
39.127.0.0135              0.08100000000000008582 1.6199999999999999    Newton...              0.09450000000000008393              0.09450000000000008393 2
39.128.0.0135              0.09450000000000008393 1.6199999999999999    Newton...              0.10800000000000008205              0.10800000000000008205 2
39.129.0.0135              0.10800000000000008205 1.6199999999999999    Newton...              0.12150000000000008016              0.12150000000000008016 2
39.130.0.0135              0.12150000000000008016 1.6199999999999999    Newton...              0.13500000000000009215              0.13500000000000009215 2
39.131.0.0135              0.13500000000000009215 1.6199999999999999    Newton...              0.14850000000000010414              0.14850000000000010414 2
39.132.0.0135              0.14850000000000010414 1.6199999999999999    Newton...              0.16200000000000011613              0.16200000000000011613 2
39.133.0.0135              0.16200000000000011613 1.6199999999999999    Newton...              0.17550000000000012812              0.17550000000000012812 2
39.134.0.0135              0.17550000000000012812 1.6199999999999999    Newton...              0.18900000000000014011              0.18900000000000014011 2
39.135.0.0135              0.18900000000000014011 1.6199999999999999    Newton...              0.20250000000000015210              0.20250000000000015210 2
39.136.0.0135              0.20250000000000015210 1.6199999999999999    Newton...              0.21600000000000016409              0.21600000000000016409 2
39.137.0.0135              0.21600000000000016409 1.6199999999999999    Newton...              0.22950000000000017608              0.22950000000000017608 2
39.138.0.0135              0.22950000000000017608 1.6199999999999999    Newton...              0.24300000000000018807              0.24300000000000018807 2
39.139.0.0135              0.24300000000000018807 1.6199999999999999    Newton...              0.25650000000000017231              0.25650000000000017231 2
39.140.0.0135              0.25650000000000017231 1.6199999999999999    Newton...              0.27000000000000018430              0.27000000000000018430 2
39.141.0.0135              0.27000000000000018430 1.6199999999999999    Newton...              0.28350000000000019629              0.28350000000000019629 2
39.142.0.0135              0.28350000000000019629 1.6199999999999999    Newton...              0.29700000000000020828              0.29700000000000020828 2
39.143.0.0135              0.29700000000000020828 1.6199999999999999    Newton...              0.31050000000000022027              0.31050000000000022027 2
39.144.0.0135              0.31050000000000022027 1.6199999999999999    Newton...              0.32400000000000023226              0.32400000000000023226 2
39.145.0.0135              0.32400000000000023226 1.6199999999999999    Newton...              0.33750000000000024425              0.33750000000000024425 2
39.146.0.0135              0.33750000000000024425 1.6199999999999999    Newton...              0.35100000000000025624              0.35100000000000025624 2
39.147.0.0135              0.35100000000000025624 1.6199999999999999    Newton...              0.36450000000000026823              0.36450000000000026823 2
39.148.0.0135              0.36450000000000026823 1.6199999999999999    Newton...              0.37800000000000028022              0.37800000000000028022 2
39.149.0.0135              0.37800000000000028022 1.6199999999999999    Newton...              0.39150000000000029221              0.39150000000000029221 2
39.150.0.0135              0.39150000000000029221 1.6199999999999999    Newton...              0.40500000000000030420              0.40500000000000030420 2
39.151.0.0135              0.40500000000000030420 1.6199999999999999    Newton...              0.41850000000000031619              0.41850000000000031619 2
39.152.0.0135              0.41850000000000031619 1.6199999999999999    Newton...              0.43200000000000032818              0.43200000000000032818 2
39.153.0.0135              0.43200000000000032818 1.6199999999999999    Newton...              0.44550000000000034017              0.44550000000000034017 2
39.154.0.0135              0.44550000000000034017 1.6199999999999999    Newton...              0.45900000000000035216              0.45900000000000035216 2
39.155.0.0135              0.45900000000000035216 1.6199999999999999    Newton...              0.47250000000000036415              0.47250000000000036415 2
39.156.0.0135              0.47250000000000036415 1.6199999999999999    Newton...              0.48600000000000037614              0.48600000000000037614 2
39.157.0.0135              0.48600000000000037614 1.6199999999999999    Newton...              0.49950000000000038813              0.49950000000000038813 2
39.158.0.0135              0.49950000000000038813 1.6199999999999999    Newton...              0.51300000000000034461              0.51300000000000034461 2
39.159.0.0135              0.51300000000000034461 1.6199999999999999    Newton...              0.52650000000000030109              0.52650000000000030109 2
39.160.0.0135              0.52650000000000030109 1.6199999999999999    Newton...              0.54000000000000025757              0.54000000000000025757 2
39.161.0.0135              0.54000000000000025757 1.6199999999999999    Newton...              0.55350000000000021405              0.55350000000000021405 2
39.162.0.0135              0.55350000000000021405 1.6199999999999999    Newton...              0.56700000000000017053              0.56700000000000017053 2
39.163.0.0135              0.56700000000000017053 1.6199999999999999    Newton...              0.58050000000000012701              0.58050000000000012701 2
39.164.0.0135              0.58050000000000012701 1.6199999999999999    Newton...              0.59400000000000008349              0.59400000000000008349 2
39.165.0.0135              0.59400000000000008349 1.6199999999999999    Newton...              0.60750000000000003997              0.60750000000000003997 2
39.166.0.0135              0.60750000000000003997 1.6199999999999999    Newton...              0.62099999999999999645              0.62099999999999999645 2
39.167.0.0135              0.62099999999999999645 1.6199999999999999    Newton...              0.63449999999999995293              0.63449999999999995293 2
39.168.0.0135              0.63449999999999995293 1.6199999999999999    Newton...              0.64799999999999990941              0.64799999999999990941 2
39.169.0.0135              0.64799999999999990941 1.6199999999999999    Newton...              0.66149999999999986589              0.66149999999999986589 2
39.170.0.0135              0.66149999999999986589 1.6199999999999999    Newton...              0.67499999999999982236              0.67499999999999982236 2
39.171.0.0135              0.67499999999999982236 1.6199999999999999    Newton...              0.68849999999999977884              0.68849999999999977884 2
39.172.0.0135              0.68849999999999977884 1.6199999999999999    Newton...              0.70199999999999973532              0.70199999999999973532 2
39.173.0.0135              0.70199999999999973532 1.6199999999999999    Newton...              0.71549999999999969180              0.71549999999999969180 2
39.174.0.0135              0.71549999999999969180 1.6199999999999999    Newton...              0.72899999999999964828              0.72899999999999964828 2
39.175.0.0135              0.72899999999999964828 1.6199999999999999    Newton...              0.74249999999999960476              0.74249999999999960476 2
39.176.0.0135              0.74249999999999960476 1.6199999999999999    Newton...              0.75599999999999956124              0.75599999999999956124 2
39.177.0.0135              0.75599999999999956124 1.6199999999999999    Newton...              0.76949999999999951772              0.76949999999999951772 2
39.178.0.0135              0.76949999999999951772 1.6199999999999999    Newton...              0.78299999999999947420              0.78299999999999947420 2
39.179.0.0135              0.78299999999999947420 1.6199999999999999    Newton...              0.79649999999999943068              0.79649999999999943068 2
39.180.0.0135              0.79649999999999943068 1.6199999999999999    Newton...              0.80999999999999938716              0.80999999999999938716 2
39.181.0.0135              0.80999999999999938716 1.6199999999999999    Newton...              0.82349999999999934364              0.82349999999999934364 2
39.182.0.0135              0.82349999999999934364 1.6199999999999999    Newton...              0.83699999999999930012              0.83699999999999930012 2
39.183.0.0135              0.83699999999999930012 1.6199999999999999    Newton...              0.85049999999999925659              0.85049999999999925659 2
39.184.0.0135              0.85049999999999925659 1.6199999999999999    Newton...              0.86399999999999921307              0.86399999999999921307 2
39.185.0.0135              0.86399999999999921307 1.6199999999999999    Newton...              0.87749999999999916955              0.87749999999999916955 2
39.186.0.0135              0.87749999999999916955 1.6199999999999999    Newton...              0.89099999999999912603              0.89099999999999912603 2
39.187.0.0135              0.89099999999999912603 1.6199999999999999    Newton...              0.90449999999999908251              0.90449999999999908251 2
39.188.0.0135              0.90449999999999908251 1.6199999999999999    Newton...              0.91799999999999903899              0.91799999999999903899 2
39.189.0.0135              0.91799999999999903899 1.6199999999999999    Newton...              0.93149999999999899547              0.93149999999999899547 2
39.190.0.0135              0.93149999999999899547 1.6199999999999999    Newton...              0.94499999999999895195              0.94499999999999895195 2
39.191.0.0135              0.94499999999999895195 1.6199999999999999    Newton...              0.95849999999999890843              0.95849999999999890843 2
39.192.0.0135              0.95849999999999890843 1.6199999999999999    Newton...              0.97199999999999886491              0.97199999999999886491 2
39.193.0.0135              0.97199999999999886491 1.6199999999999999    Newton...              0.98549999999999882139              0.98549999999999882139 2
39.194.0.0135              0.98549999999999882139 1.6199999999999999    Newton...              0.99899999999999877787              0.99899999999999877787 2
39.195.0.0135              0.99899999999999877787 1.6199999999999999    Newton...              1.01249999999999884537              1.01249999999999884537 2
39.196.0.0135              1.01249999999999884537 1.6199999999999999    Newton...              1.02599999999999891287              1.02599999999999891287 2
39.197.0.0135              1.02599999999999891287 1.6199999999999999    Newton...              1.03949999999999898037              1.03949999999999898037 2
39.198.0.0135              1.03949999999999898037 1.6199999999999999    Newton...              1.05299999999999904787              1.05299999999999904787 2
39.199.0.0135              1.05299999999999904787 1.6199999999999999    Newton...              1.06649999999999911537              1.06649999999999911537 2
39.200.0.0135              1.06649999999999911537 1.6199999999999999    Newton...              1.07999999999999918288              1.07999999999999918288 2
39.201.0.0135              1.07999999999999918288 1.6199999999999999    Newton...              1.09349999999999925038              1.09349999999999925038 2
39.202.0.0135              1.09349999999999925038 1.6199999999999999    Newton...              1.10699999999999931788              1.10699999999999931788 2
39.203.0.0135              1.10699999999999931788 1.6199999999999999    Newton...              1.12049999999999938538              1.12049999999999938538 2
39.204.0.0135              1.12049999999999938538 1.6199999999999999    Newton...              1.13399999999999945288              1.13399999999999945288 2
39.205.0.0135              1.13399999999999945288 1.6199999999999999    Newton...              1.14749999999999952038              1.14749999999999952038 2
39.206.0.0135              1.14749999999999952038 1.6199999999999999    Newton...              1.16099999999999958789              1.16099999999999958789 2
39.207.0.0135              1.16099999999999958789 1.6199999999999999    Newton...              1.17449999999999965539              1.17449999999999965539 2
39.208.0.0135              1.17449999999999965539 1.6199999999999999    Newton...              1.18799999999999972289              1.18799999999999972289 2
39.209.0.0135              1.18799999999999972289 1.6199999999999999    Newton...              1.20149999999999979039              1.20149999999999979039 2
39.210.0.0135              1.20149999999999979039 1.6199999999999999    Newton...              1.21499999999999985789              1.21499999999999985789 2
39.211.0.0135              1.21499999999999985789 1.6199999999999999    Newton...              1.22849999999999992539              1.22849999999999992539 2
39.212.0.0135              1.22849999999999992539 1.6199999999999999    Newton...              1.24199999999999999289              1.24199999999999999289 2
39.213.0.0135              1.24199999999999999289 1.6199999999999999    Newton...              1.25550000000000006040              1.25550000000000006040 2
39.214.0.0135              1.25550000000000006040 1.6199999999999999    Newton...              1.26900000000000012790              1.26900000000000012790 2
39.215.0.0135              1.26900000000000012790 1.6199999999999999    Newton...              1.28250000000000019540              1.28250000000000019540 2
39.216.0.0135              1.28250000000000019540 1.6199999999999999    Newton...              1.29600000000000026290              1.29600000000000026290 2
39.217.0.0135              1.29600000000000026290 1.6199999999999999    Newton...              1.30950000000000033040              1.30950000000000033040 2
39.218.0.0135              1.30950000000000033040 1.6199999999999999    Newton...              1.32300000000000039790              1.32300000000000039790 2
39.219.0.0135              1.32300000000000039790 1.6199999999999999    Newton...              1.33650000000000046541              1.33650000000000046541 2
39.220.0.0135              1.33650000000000046541 1.6199999999999999    Newton...              1.35000000000000053291              1.35000000000000053291 2
39.221.0.0135              1.35000000000000053291 1.6199999999999999    Newton...              1.36350000000000060041              1.36350000000000060041 2
39.222.0.0135              1.36350000000000060041 1.6199999999999999    Newton...              1.37700000000000066791              1.37700000000000066791 2
39.223.0.0135              1.37700000000000066791 1.6199999999999999    Newton...              1.39050000000000073541              1.39050000000000073541 2
39.224.0.0135              1.39050000000000073541 1.6199999999999999    Newton...              1.40400000000000080291              1.40400000000000080291 2
39.225.0.0135              1.40400000000000080291 1.6199999999999999    Newton...              1.41750000000000087041              1.41750000000000087041 2
39.226.0.0135              1.41750000000000087041 1.6199999999999999    Newton...              1.43100000000000093792              1.43100000000000093792 2
39.227.0.0135              1.43100000000000093792 1.6199999999999999    Newton...              1.44450000000000100542              1.44450000000000100542 2
39.228.0.0135              1.44450000000000100542 1.6199999999999999    Newton...              1.45800000000000107292              1.45800000000000107292 2
39.229.0.0135              1.45800000000000107292 1.6199999999999999    Newton...              1.47150000000000114042              1.47150000000000114042 2
39.230.0.0135              1.47150000000000114042 1.6199999999999999    Newton...              1.48500000000000120792              1.48500000000000120792 2
39.231.0.0135              1.48500000000000120792 1.6199999999999999    Newton...              1.49850000000000127542              1.49850000000000127542 2
39.232.0.0135              1.49850000000000127542 1.6199999999999999    Newton...              1.51200000000000134293              1.51200000000000134293 2
39.233.0.0135              1.51200000000000134293 1.6199999999999999    Newton...              1.52550000000000141043              1.52550000000000141043 2
39.234.0.0135              1.52550000000000141043 1.6199999999999999    Newton...              1.53900000000000147793              1.53900000000000147793 2
39.235.0.0135              1.53900000000000147793 1.6199999999999999    Newton...              1.55250000000000154543              1.55250000000000154543 2
39.236.0.0135              1.55250000000000154543 1.6199999999999999    Newton...              1.56600000000000161293              1.56600000000000161293 2
39.237.0.0135              1.56600000000000161293 1.6199999999999999    Newton...              1.57950000000000168043              1.57950000000000168043 2
39.238.0.0135              1.57950000000000168043 1.6199999999999999    Newton...              1.59300000000000174794              1.59300000000000174794 2
39.239.0.0135              1.59300000000000174794 1.6199999999999999    Newton...              1.60650000000000181544              1.60650000000000181544 2
39.240.0.0135              1.60650000000000181544 1.6199999999999999    Newton...              1.62000000000000188294              1.62000000000000188294 2
40.1.-0.0135              1.62000000000000188294 -1.6199999999999999    Newton...              1.60650000000000181544              1.60650000000000181544 2
40.2.-0.0135              1.60650000000000181544 -1.6199999999999999    Newton...              1.59300000000000174794              1.59300000000000174794 2
40.3.-0.0135              1.59300000000000174794 -1.6199999999999999    Newton...              1.57950000000000168043              1.57950000000000168043 2
40.4.-0.0135              1.57950000000000168043 -1.6199999999999999    Newton...              1.56600000000000161293              1.56600000000000161293 2
40.5.-0.0135              1.56600000000000161293 -1.6199999999999999    Newton...              1.55250000000000154543              1.55250000000000154543 2
40.6.-0.0135              1.55250000000000154543 -1.6199999999999999    Newton...              1.53900000000000147793              1.53900000000000147793 2
40.7.-0.0135              1.53900000000000147793 -1.6199999999999999    Newton...              1.52550000000000141043              1.52550000000000141043 2
40.8.-0.0135              1.52550000000000141043 -1.6199999999999999    Newton...              1.51200000000000134293              1.51200000000000134293 2
40.9.-0.0135              1.51200000000000134293 -1.6199999999999999    Newton...              1.49850000000000127542              1.49850000000000127542 2
40.10.-0.0135              1.49850000000000127542 -1.6199999999999999    Newton...              1.48500000000000120792              1.48500000000000120792 2
40.11.-0.0135              1.48500000000000120792 -1.6199999999999999    Newton...              1.47150000000000114042              1.47150000000000114042 2
40.12.-0.0135              1.47150000000000114042 -1.6199999999999999    Newton...              1.45800000000000107292              1.45800000000000107292 2
40.13.-0.0135              1.45800000000000107292 -1.6199999999999999    Newton...              1.44450000000000100542              1.44450000000000100542 2
40.14.-0.0135              1.44450000000000100542 -1.6199999999999999    Newton...              1.43100000000000093792              1.43100000000000093792 2
40.15.-0.0135              1.43100000000000093792 -1.6199999999999999    Newton...              1.41750000000000087041              1.41750000000000087041 2
40.16.-0.0135              1.41750000000000087041 -1.6199999999999999    Newton...              1.40400000000000080291              1.40400000000000080291 2
40.17.-0.0135              1.40400000000000080291 -1.6199999999999999    Newton...              1.39050000000000073541              1.39050000000000073541 2
40.18.-0.0135              1.39050000000000073541 -1.6199999999999999    Newton...              1.37700000000000066791              1.37700000000000066791 2
40.19.-0.0135              1.37700000000000066791 -1.6199999999999999    Newton...              1.36350000000000060041              1.36350000000000060041 2
40.20.-0.0135              1.36350000000000060041 -1.6199999999999999    Newton...              1.35000000000000053291              1.35000000000000053291 2
40.21.-0.0135              1.35000000000000053291 -1.6199999999999999    Newton...              1.33650000000000046541              1.33650000000000046541 2
40.22.-0.0135              1.33650000000000046541 -1.6199999999999999    Newton...              1.32300000000000039790              1.32300000000000039790 2
40.23.-0.0135              1.32300000000000039790 -1.6199999999999999    Newton...              1.30950000000000033040              1.30950000000000033040 2
40.24.-0.0135              1.30950000000000033040 -1.6199999999999999    Newton...              1.29600000000000026290              1.29600000000000026290 2
40.25.-0.0135              1.29600000000000026290 -1.6199999999999999    Newton...              1.28250000000000019540              1.28250000000000019540 2
40.26.-0.0135              1.28250000000000019540 -1.6199999999999999    Newton...              1.26900000000000012790              1.26900000000000012790 2
40.27.-0.0135              1.26900000000000012790 -1.6199999999999999    Newton...              1.25550000000000006040              1.25550000000000006040 2
40.28.-0.0135              1.25550000000000006040 -1.6199999999999999    Newton...              1.24199999999999999289              1.24199999999999999289 2
40.29.-0.0135              1.24199999999999999289 -1.6199999999999999    Newton...              1.22849999999999992539              1.22849999999999992539 2
40.30.-0.0135              1.22849999999999992539 -1.6199999999999999    Newton...              1.21499999999999985789              1.21499999999999985789 2
40.31.-0.0135              1.21499999999999985789 -1.6199999999999999    Newton...              1.20149999999999979039              1.20149999999999979039 2
40.32.-0.0135              1.20149999999999979039 -1.6199999999999999    Newton...              1.18799999999999972289              1.18799999999999972289 2
40.33.-0.0135              1.18799999999999972289 -1.6199999999999999    Newton...              1.17449999999999965539              1.17449999999999965539 2
40.34.-0.0135              1.17449999999999965539 -1.6199999999999999    Newton...              1.16099999999999958789              1.16099999999999958789 2
40.35.-0.0135              1.16099999999999958789 -1.6199999999999999    Newton...              1.14749999999999952038              1.14749999999999952038 2
40.36.-0.0135              1.14749999999999952038 -1.6199999999999999    Newton...              1.13399999999999945288              1.13399999999999945288 2
40.37.-0.0135              1.13399999999999945288 -1.6199999999999999    Newton...              1.12049999999999938538              1.12049999999999938538 2
40.38.-0.0135              1.12049999999999938538 -1.6199999999999999    Newton...              1.10699999999999931788              1.10699999999999931788 2
40.39.-0.0135              1.10699999999999931788 -1.6199999999999999    Newton...              1.09349999999999925038              1.09349999999999925038 2
40.40.-0.0135              1.09349999999999925038 -1.6199999999999999    Newton...              1.07999999999999918288              1.07999999999999918288 2
40.41.-0.0135              1.07999999999999918288 -1.6199999999999999    Newton...              1.06649999999999911537              1.06649999999999911537 2
40.42.-0.0135              1.06649999999999911537 -1.6199999999999999    Newton...              1.05299999999999904787              1.05299999999999904787 2
40.43.-0.0135              1.05299999999999904787 -1.6199999999999999    Newton...              1.03949999999999898037              1.03949999999999898037 2
40.44.-0.0135              1.03949999999999898037 -1.6199999999999999    Newton...              1.02599999999999891287              1.02599999999999891287 2
40.45.-0.0135              1.02599999999999891287 -1.6199999999999999    Newton...              1.01249999999999884537              1.01249999999999884537 2
40.46.-0.0135              1.01249999999999884537 -1.6199999999999999    Newton...              0.99899999999999888889              0.99899999999999888889 2
40.47.-0.0135              0.99899999999999888889 -1.6199999999999999    Newton...              0.98549999999999893241              0.98549999999999893241 2
40.48.-0.0135              0.98549999999999893241 -1.6199999999999999    Newton...              0.97199999999999897593              0.97199999999999897593 2
40.49.-0.0135              0.97199999999999897593 -1.6199999999999999    Newton...              0.95849999999999901945              0.95849999999999901945 2
40.50.-0.0135              0.95849999999999901945 -1.6199999999999999    Newton...              0.94499999999999906297              0.94499999999999906297 2
40.51.-0.0135              0.94499999999999906297 -1.6199999999999999    Newton...              0.93149999999999910649              0.93149999999999910649 2
40.52.-0.0135              0.93149999999999910649 -1.6199999999999999    Newton...              0.91799999999999915001              0.91799999999999915001 2
40.53.-0.0135              0.91799999999999915001 -1.6199999999999999    Newton...              0.90449999999999919353              0.90449999999999919353 2
40.54.-0.0135              0.90449999999999919353 -1.6199999999999999    Newton...              0.89099999999999923705              0.89099999999999923705 2
40.55.-0.0135              0.89099999999999923705 -1.6199999999999999    Newton...              0.87749999999999928058              0.87749999999999928058 2
40.56.-0.0135              0.87749999999999928058 -1.6199999999999999    Newton...              0.86399999999999932410              0.86399999999999932410 2
40.57.-0.0135              0.86399999999999932410 -1.6199999999999999    Newton...              0.85049999999999936762              0.85049999999999936762 2
40.58.-0.0135              0.85049999999999936762 -1.6199999999999999    Newton...              0.83699999999999941114              0.83699999999999941114 2
40.59.-0.0135              0.83699999999999941114 -1.6199999999999999    Newton...              0.82349999999999945466              0.82349999999999945466 2
40.60.-0.0135              0.82349999999999945466 -1.6199999999999999    Newton...              0.80999999999999949818              0.80999999999999949818 2
40.61.-0.0135              0.80999999999999949818 -1.6199999999999999    Newton...              0.79649999999999954170              0.79649999999999954170 2
40.62.-0.0135              0.79649999999999954170 -1.6199999999999999    Newton...              0.78299999999999958522              0.78299999999999958522 2
40.63.-0.0135              0.78299999999999958522 -1.6199999999999999    Newton...              0.76949999999999962874              0.76949999999999962874 2
40.64.-0.0135              0.76949999999999962874 -1.6199999999999999    Newton...              0.75599999999999967226              0.75599999999999967226 2
40.65.-0.0135              0.75599999999999967226 -1.6199999999999999    Newton...              0.74249999999999971578              0.74249999999999971578 2
40.66.-0.0135              0.74249999999999971578 -1.6199999999999999    Newton...              0.72899999999999975930              0.72899999999999975930 2
40.67.-0.0135              0.72899999999999975930 -1.6199999999999999    Newton...              0.71549999999999980282              0.71549999999999980282 2
40.68.-0.0135              0.71549999999999980282 -1.6199999999999999    Newton...              0.70199999999999984635              0.70199999999999984635 2
40.69.-0.0135              0.70199999999999984635 -1.6199999999999999    Newton...              0.68849999999999988987              0.68849999999999988987 2
40.70.-0.0135              0.68849999999999988987 -1.6199999999999999    Newton...              0.67499999999999993339              0.67499999999999993339 2
40.71.-0.0135              0.67499999999999993339 -1.6199999999999999    Newton...              0.66149999999999997691              0.66149999999999997691 2
40.72.-0.0135              0.66149999999999997691 -1.6199999999999999    Newton...              0.64800000000000002043              0.64800000000000002043 2
40.73.-0.0135              0.64800000000000002043 -1.6199999999999999    Newton...              0.63450000000000006395              0.63450000000000006395 2
40.74.-0.0135              0.63450000000000006395 -1.6199999999999999    Newton...              0.62100000000000010747              0.62100000000000010747 2
40.75.-0.0135              0.62100000000000010747 -1.6199999999999999    Newton...              0.60750000000000015099              0.60750000000000015099 2
40.76.-0.0135              0.60750000000000015099 -1.6199999999999999    Newton...              0.59400000000000019451              0.59400000000000019451 2
40.77.-0.0135              0.59400000000000019451 -1.6199999999999999    Newton...              0.58050000000000023803              0.58050000000000023803 2
40.78.-0.0135              0.58050000000000023803 -1.6199999999999999    Newton...              0.56700000000000028155              0.56700000000000028155 2
40.79.-0.0135              0.56700000000000028155 -1.6199999999999999    Newton...              0.55350000000000032507              0.55350000000000032507 2
40.80.-0.0135              0.55350000000000032507 -1.6199999999999999    Newton...              0.54000000000000036859              0.54000000000000036859 2
40.81.-0.0135              0.54000000000000036859 -1.6199999999999999    Newton...              0.52650000000000041211              0.52650000000000041211 2
40.82.-0.0135              0.52650000000000041211 -1.6199999999999999    Newton...              0.51300000000000045564              0.51300000000000045564 2
40.83.-0.0135              0.51300000000000045564 -1.6199999999999999    Newton...              0.49950000000000044365              0.49950000000000044365 2
40.84.-0.0135              0.49950000000000044365 -1.6199999999999999    Newton...              0.48600000000000043165              0.48600000000000043165 2
40.85.-0.0135              0.48600000000000043165 -1.6199999999999999    Newton...              0.47250000000000041966              0.47250000000000041966 2
40.86.-0.0135              0.47250000000000041966 -1.6199999999999999    Newton...              0.45900000000000040767              0.45900000000000040767 2
40.87.-0.0135              0.45900000000000040767 -1.6199999999999999    Newton...              0.44550000000000039568              0.44550000000000039568 2
40.88.-0.0135              0.44550000000000039568 -1.6199999999999999    Newton...              0.43200000000000038369              0.43200000000000038369 2
40.89.-0.0135              0.43200000000000038369 -1.6199999999999999    Newton...              0.41850000000000037170              0.41850000000000037170 2
40.90.-0.0135              0.41850000000000037170 -1.6199999999999999    Newton...              0.40500000000000035971              0.40500000000000035971 2
40.91.-0.0135              0.40500000000000035971 -1.6199999999999999    Newton...              0.39150000000000034772              0.39150000000000034772 2
40.92.-0.0135              0.39150000000000034772 -1.6199999999999999    Newton...              0.37800000000000033573              0.37800000000000033573 2
40.93.-0.0135              0.37800000000000033573 -1.6199999999999999    Newton...              0.36450000000000032374              0.36450000000000032374 2
40.94.-0.0135              0.36450000000000032374 -1.6199999999999999    Newton...              0.35100000000000031175              0.35100000000000031175 2
40.95.-0.0135              0.35100000000000031175 -1.6199999999999999    Newton...              0.33750000000000029976              0.33750000000000029976 2
40.96.-0.0135              0.33750000000000029976 -1.6199999999999999    Newton...              0.32400000000000028777              0.32400000000000028777 2
40.97.-0.0135              0.32400000000000028777 -1.6199999999999999    Newton...              0.31050000000000027578              0.31050000000000027578 2
40.98.-0.0135              0.31050000000000027578 -1.6199999999999999    Newton...              0.29700000000000026379              0.29700000000000026379 2
40.99.-0.0135              0.29700000000000026379 -1.6199999999999999    Newton...              0.28350000000000025180              0.28350000000000025180 2
40.100.-0.0135              0.28350000000000025180 -1.6199999999999999    Newton...              0.27000000000000023981              0.27000000000000023981 2
40.101.-0.0135              0.27000000000000023981 -1.6199999999999999    Newton...              0.25650000000000022782              0.25650000000000022782 2
40.102.-0.0135              0.25650000000000022782 -1.6199999999999999    Newton...              0.24300000000000021583              0.24300000000000021583 2
40.103.-0.0135              0.24300000000000021583 -1.6199999999999999    Newton...              0.22950000000000020384              0.22950000000000020384 2
40.104.-0.0135              0.22950000000000020384 -1.6199999999999999    Newton...              0.21600000000000019185              0.21600000000000019185 2
40.105.-0.0135              0.21600000000000019185 -1.6199999999999999    Newton...              0.20250000000000017986              0.20250000000000017986 2
40.106.-0.0135              0.20250000000000017986 -1.6199999999999999    Newton...              0.18900000000000016787              0.18900000000000016787 2
40.107.-0.0135              0.18900000000000016787 -1.6199999999999999    Newton...              0.17550000000000015588              0.17550000000000015588 2
40.108.-0.0135              0.17550000000000015588 -1.6199999999999999    Newton...              0.16200000000000014388              0.16200000000000014388 2
40.109.-0.0135              0.16200000000000014388 -1.6199999999999999    Newton...              0.14850000000000013189              0.14850000000000013189 2
40.110.-0.0135              0.14850000000000013189 -1.6199999999999999    Newton...              0.13500000000000011990              0.13500000000000011990 2
40.111.-0.0135              0.13500000000000011990 -1.6199999999999999    Newton...              0.12150000000000012179              0.12150000000000012179 2
40.112.-0.0135              0.12150000000000012179 -1.6199999999999999    Newton...              0.10800000000000012368              0.10800000000000012368 2
40.113.-0.0135              0.10800000000000012368 -1.6199999999999999    Newton...              0.09450000000000012557              0.09450000000000012557 2
40.114.-0.0135              0.09450000000000012557 -1.6199999999999999    Newton...              0.08100000000000012745              0.08100000000000012745 2
40.115.-0.0135              0.08100000000000012745 -1.6199999999999999    Newton...              0.06750000000000012934              0.06750000000000012934 2
40.116.-0.0135              0.06750000000000012934 -1.6199999999999999    Newton...              0.05400000000000013123              0.05400000000000013123 2
40.117.-0.0135              0.05400000000000013123 -1.6199999999999999    Newton...              0.04050000000000013312              0.04050000000000013312 2
40.118.-0.0135              0.04050000000000013312 -1.6199999999999999    Newton...              0.02700000000000013500              0.02700000000000013500 2
40.119.-0.0135              0.02700000000000013500 -1.6199999999999999    Newton...              0.01350000000000013516              0.01350000000000013516 2
40.120.-0.0135              0.01350000000000013516 -1.6199999999999999    Newton...              0.00000000000000013357              0.00000000000000013357 2
40.121.-0.0135              0.00000000000000013357 -1.6199999999999999    Newton...             -0.01349999999999986627             -0.01349999999999986627 2
40.122.-0.0135             -0.01349999999999986627 -1.6199999999999999    Newton...             -0.02699999999999986786             -0.02699999999999986786 2
40.123.-0.0135             -0.02699999999999986786 -1.6199999999999999    Newton...             -0.04049999999999986944             -0.04049999999999986944 2
40.124.-0.0135             -0.04049999999999986944 -1.6199999999999999    Newton...             -0.05399999999999986755             -0.05399999999999986755 2
40.125.-0.0135             -0.05399999999999986755 -1.6199999999999999    Newton...             -0.06749999999999986566             -0.06749999999999986566 2
40.126.-0.0135             -0.06749999999999986566 -1.6199999999999999    Newton...             -0.08099999999999986378             -0.08099999999999986378 2
40.127.-0.0135             -0.08099999999999986378 -1.6199999999999999    Newton...             -0.09449999999999986189             -0.09449999999999986189 2
40.128.-0.0135             -0.09449999999999986189 -1.6199999999999999    Newton...             -0.10799999999999986000             -0.10799999999999986000 2
40.129.-0.0135             -0.10799999999999986000 -1.6199999999999999    Newton...             -0.12149999999999985811             -0.12149999999999985811 2
40.130.-0.0135             -0.12149999999999985811 -1.6199999999999999    Newton...             -0.13499999999999987010             -0.13499999999999987010 2
40.131.-0.0135             -0.13499999999999987010 -1.6199999999999999    Newton...             -0.14849999999999988209             -0.14849999999999988209 2
40.132.-0.0135             -0.14849999999999988209 -1.6199999999999999    Newton...             -0.16199999999999989408             -0.16199999999999989408 2
40.133.-0.0135             -0.16199999999999989408 -1.6199999999999999    Newton...             -0.17549999999999990608             -0.17549999999999990608 2
40.134.-0.0135             -0.17549999999999990608 -1.6199999999999999    Newton...             -0.18899999999999991807             -0.18899999999999991807 2
40.135.-0.0135             -0.18899999999999991807 -1.6199999999999999    Newton...             -0.20249999999999993006             -0.20249999999999993006 2
40.136.-0.0135             -0.20249999999999993006 -1.6199999999999999    Newton...             -0.21599999999999994205             -0.21599999999999994205 2
40.137.-0.0135             -0.21599999999999994205 -1.6199999999999999    Newton...             -0.22949999999999995404             -0.22949999999999995404 2
40.138.-0.0135             -0.22949999999999995404 -1.6199999999999999    Newton...             -0.24299999999999996603             -0.24299999999999996603 2
40.139.-0.0135             -0.24299999999999996603 -1.6199999999999999    Newton...             -0.25649999999999995026             -0.25649999999999995026 2
40.140.-0.0135             -0.25649999999999995026 -1.6199999999999999    Newton...             -0.26999999999999996225             -0.26999999999999996225 2
40.141.-0.0135             -0.26999999999999996225 -1.6199999999999999    Newton...             -0.28349999999999997424             -0.28349999999999997424 2
40.142.-0.0135             -0.28349999999999997424 -1.6199999999999999    Newton...             -0.29699999999999998623             -0.29699999999999998623 2
40.143.-0.0135             -0.29699999999999998623 -1.6199999999999999    Newton...             -0.31049999999999999822             -0.31049999999999999822 2
40.144.-0.0135             -0.31049999999999999822 -1.6199999999999999    Newton...             -0.32400000000000001021             -0.32400000000000001021 2
40.145.-0.0135             -0.32400000000000001021 -1.6199999999999999    Newton...             -0.33750000000000002220             -0.33750000000000002220 2
40.146.-0.0135             -0.33750000000000002220 -1.6199999999999999    Newton...             -0.35100000000000003419             -0.35100000000000003419 2
40.147.-0.0135             -0.35100000000000003419 -1.6199999999999999    Newton...             -0.36450000000000004619             -0.36450000000000004619 2
40.148.-0.0135             -0.36450000000000004619 -1.6199999999999999    Newton...             -0.37800000000000005818             -0.37800000000000005818 2
40.149.-0.0135             -0.37800000000000005818 -1.6199999999999999    Newton...             -0.39150000000000007017             -0.39150000000000007017 2
40.150.-0.0135             -0.39150000000000007017 -1.6199999999999999    Newton...             -0.40500000000000008216             -0.40500000000000008216 2
40.151.-0.0135             -0.40500000000000008216 -1.6199999999999999    Newton...             -0.41850000000000009415             -0.41850000000000009415 2
40.152.-0.0135             -0.41850000000000009415 -1.6199999999999999    Newton...             -0.43200000000000010614             -0.43200000000000010614 2
40.153.-0.0135             -0.43200000000000010614 -1.6199999999999999    Newton...             -0.44550000000000011813             -0.44550000000000011813 2
40.154.-0.0135             -0.44550000000000011813 -1.6199999999999999    Newton...             -0.45900000000000013012             -0.45900000000000013012 2
40.155.-0.0135             -0.45900000000000013012 -1.6199999999999999    Newton...             -0.47250000000000014211             -0.47250000000000014211 2
40.156.-0.0135             -0.47250000000000014211 -1.6199999999999999    Newton...             -0.48600000000000015410             -0.48600000000000015410 2
40.157.-0.0135             -0.48600000000000015410 -1.6199999999999999    Newton...             -0.49950000000000016609             -0.49950000000000016609 2
40.158.-0.0135             -0.49950000000000016609 -1.6199999999999999    Newton...             -0.51300000000000012257             -0.51300000000000012257 2
40.159.-0.0135             -0.51300000000000012257 -1.6199999999999999    Newton...             -0.52650000000000007905             -0.52650000000000007905 2
40.160.-0.0135             -0.52650000000000007905 -1.6199999999999999    Newton...             -0.54000000000000003553             -0.54000000000000003553 2
40.161.-0.0135             -0.54000000000000003553 -1.6199999999999999    Newton...             -0.55349999999999999201             -0.55349999999999999201 2
40.162.-0.0135             -0.55349999999999999201 -1.6199999999999999    Newton...             -0.56699999999999994849             -0.56699999999999994849 2
40.163.-0.0135             -0.56699999999999994849 -1.6199999999999999    Newton...             -0.58049999999999990496             -0.58049999999999990496 2
40.164.-0.0135             -0.58049999999999990496 -1.6199999999999999    Newton...             -0.59399999999999986144             -0.59399999999999986144 2
40.165.-0.0135             -0.59399999999999986144 -1.6199999999999999    Newton...             -0.60749999999999981792             -0.60749999999999981792 2
40.166.-0.0135             -0.60749999999999981792 -1.6199999999999999    Newton...             -0.62099999999999977440             -0.62099999999999977440 2
40.167.-0.0135             -0.62099999999999977440 -1.6199999999999999    Newton...             -0.63449999999999973088             -0.63449999999999973088 2
40.168.-0.0135             -0.63449999999999973088 -1.6199999999999999    Newton...             -0.64799999999999968736             -0.64799999999999968736 2
40.169.-0.0135             -0.64799999999999968736 -1.6199999999999999    Newton...             -0.66149999999999964384             -0.66149999999999964384 2
40.170.-0.0135             -0.66149999999999964384 -1.6199999999999999    Newton...             -0.67499999999999960032             -0.67499999999999960032 2
40.171.-0.0135             -0.67499999999999960032 -1.6199999999999999    Newton...             -0.68849999999999955680             -0.68849999999999955680 2
40.172.-0.0135             -0.68849999999999955680 -1.6199999999999999    Newton...             -0.70199999999999951328             -0.70199999999999951328 2
40.173.-0.0135             -0.70199999999999951328 -1.6199999999999999    Newton...             -0.71549999999999946976             -0.71549999999999946976 2
40.174.-0.0135             -0.71549999999999946976 -1.6199999999999999    Newton...             -0.72899999999999942624             -0.72899999999999942624 2
40.175.-0.0135             -0.72899999999999942624 -1.6199999999999999    Newton...             -0.74249999999999938272             -0.74249999999999938272 2
40.176.-0.0135             -0.74249999999999938272 -1.6199999999999999    Newton...             -0.75599999999999933920             -0.75599999999999933920 2
40.177.-0.0135             -0.75599999999999933920 -1.6199999999999999    Newton...             -0.76949999999999929567             -0.76949999999999929567 2
40.178.-0.0135             -0.76949999999999929567 -1.6199999999999999    Newton...             -0.78299999999999925215             -0.78299999999999925215 2
40.179.-0.0135             -0.78299999999999925215 -1.6199999999999999    Newton...             -0.79649999999999920863             -0.79649999999999920863 2
40.180.-0.0135             -0.79649999999999920863 -1.6199999999999999    Newton...             -0.80999999999999916511             -0.80999999999999916511 2
40.181.-0.0135             -0.80999999999999916511 -1.6199999999999999    Newton...             -0.82349999999999912159             -0.82349999999999912159 2
40.182.-0.0135             -0.82349999999999912159 -1.6199999999999999    Newton...             -0.83699999999999907807             -0.83699999999999907807 2
40.183.-0.0135             -0.83699999999999907807 -1.6199999999999999    Newton...             -0.85049999999999903455             -0.85049999999999903455 2
40.184.-0.0135             -0.85049999999999903455 -1.6199999999999999    Newton...             -0.86399999999999899103             -0.86399999999999899103 2
40.185.-0.0135             -0.86399999999999899103 -1.6199999999999999    Newton...             -0.87749999999999894751             -0.87749999999999894751 2
40.186.-0.0135             -0.87749999999999894751 -1.6199999999999999    Newton...             -0.89099999999999890399             -0.89099999999999890399 2
40.187.-0.0135             -0.89099999999999890399 -1.6199999999999999    Newton...             -0.90449999999999886047             -0.90449999999999886047 2
40.188.-0.0135             -0.90449999999999886047 -1.6199999999999999    Newton...             -0.91799999999999881695             -0.91799999999999881695 2
40.189.-0.0135             -0.91799999999999881695 -1.6199999999999999    Newton...             -0.93149999999999877343             -0.93149999999999877343 2
40.190.-0.0135             -0.93149999999999877343 -1.6199999999999999    Newton...             -0.94499999999999872990             -0.94499999999999872990 2
40.191.-0.0135             -0.94499999999999872990 -1.6199999999999999    Newton...             -0.95849999999999868638             -0.95849999999999868638 2
40.192.-0.0135             -0.95849999999999868638 -1.6199999999999999    Newton...             -0.97199999999999864286             -0.97199999999999864286 2
40.193.-0.0135             -0.97199999999999864286 -1.6199999999999999    Newton...             -0.98549999999999859934             -0.98549999999999859934 2
40.194.-0.0135             -0.98549999999999859934 -1.6199999999999999    Newton...             -0.99899999999999855582             -0.99899999999999855582 2
40.195.-0.0135             -0.99899999999999855582 -1.6199999999999999    Newton...             -1.01249999999999862332             -1.01249999999999862332 2
40.196.-0.0135             -1.01249999999999862332 -1.6199999999999999    Newton...             -1.02599999999999869083             -1.02599999999999869083 2
40.197.-0.0135             -1.02599999999999869083 -1.6199999999999999    Newton...             -1.03949999999999875833             -1.03949999999999875833 2
40.198.-0.0135             -1.03949999999999875833 -1.6199999999999999    Newton...             -1.05299999999999882583             -1.05299999999999882583 2
40.199.-0.0135             -1.05299999999999882583 -1.6199999999999999    Newton...             -1.06649999999999889333             -1.06649999999999889333 2
40.200.-0.0135             -1.06649999999999889333 -1.6199999999999999    Newton...             -1.07999999999999896083             -1.07999999999999896083 2
40.201.-0.0135             -1.07999999999999896083 -1.6199999999999999    Newton...             -1.09349999999999902833             -1.09349999999999902833 2
40.202.-0.0135             -1.09349999999999902833 -1.6199999999999999    Newton...             -1.10699999999999909583             -1.10699999999999909583 2
40.203.-0.0135             -1.10699999999999909583 -1.6199999999999999    Newton...             -1.12049999999999916334             -1.12049999999999916334 2
40.204.-0.0135             -1.12049999999999916334 -1.6199999999999999    Newton...             -1.13399999999999923084             -1.13399999999999923084 2
40.205.-0.0135             -1.13399999999999923084 -1.6199999999999999    Newton...             -1.14749999999999929834             -1.14749999999999929834 2
40.206.-0.0135             -1.14749999999999929834 -1.6199999999999999    Newton...             -1.16099999999999936584             -1.16099999999999936584 2
40.207.-0.0135             -1.16099999999999936584 -1.6199999999999999    Newton...             -1.17449999999999943334             -1.17449999999999943334 2
40.208.-0.0135             -1.17449999999999943334 -1.6199999999999999    Newton...             -1.18799999999999950084             -1.18799999999999950084 2
40.209.-0.0135             -1.18799999999999950084 -1.6199999999999999    Newton...             -1.20149999999999956835             -1.20149999999999956835 2
40.210.-0.0135             -1.20149999999999956835 -1.6199999999999999    Newton...             -1.21499999999999963585             -1.21499999999999963585 2
40.211.-0.0135             -1.21499999999999963585 -1.6199999999999999    Newton...             -1.22849999999999970335             -1.22849999999999970335 2
40.212.-0.0135             -1.22849999999999970335 -1.6199999999999999    Newton...             -1.24199999999999977085             -1.24199999999999977085 2
40.213.-0.0135             -1.24199999999999977085 -1.6199999999999999    Newton...             -1.25549999999999983835             -1.25549999999999983835 2
40.214.-0.0135             -1.25549999999999983835 -1.6199999999999999    Newton...             -1.26899999999999990585             -1.26899999999999990585 2
40.215.-0.0135             -1.26899999999999990585 -1.6199999999999999    Newton...             -1.28249999999999997335             -1.28249999999999997335 2
40.216.-0.0135             -1.28249999999999997335 -1.6199999999999999    Newton...             -1.29600000000000004086             -1.29600000000000004086 2
40.217.-0.0135             -1.29600000000000004086 -1.6199999999999999    Newton...             -1.30950000000000010836             -1.30950000000000010836 2
40.218.-0.0135             -1.30950000000000010836 -1.6199999999999999    Newton...             -1.32300000000000017586             -1.32300000000000017586 2
40.219.-0.0135             -1.32300000000000017586 -1.6199999999999999    Newton...             -1.33650000000000024336             -1.33650000000000024336 2
40.220.-0.0135             -1.33650000000000024336 -1.6199999999999999    Newton...             -1.35000000000000031086             -1.35000000000000031086 2
40.221.-0.0135             -1.35000000000000031086 -1.6199999999999999    Newton...             -1.36350000000000037836             -1.36350000000000037836 2
40.222.-0.0135             -1.36350000000000037836 -1.6199999999999999    Newton...             -1.37700000000000044587             -1.37700000000000044587 2
40.223.-0.0135             -1.37700000000000044587 -1.6199999999999999    Newton...             -1.39050000000000051337             -1.39050000000000051337 2
40.224.-0.0135             -1.39050000000000051337 -1.6199999999999999    Newton...             -1.40400000000000058087             -1.40400000000000058087 2
40.225.-0.0135             -1.40400000000000058087 -1.6199999999999999    Newton...             -1.41750000000000064837             -1.41750000000000064837 2
40.226.-0.0135             -1.41750000000000064837 -1.6199999999999999    Newton...             -1.43100000000000071587             -1.43100000000000071587 2
40.227.-0.0135             -1.43100000000000071587 -1.6199999999999999    Newton...             -1.44450000000000078337             -1.44450000000000078337 2
40.228.-0.0135             -1.44450000000000078337 -1.6199999999999999    Newton...             -1.45800000000000085087             -1.45800000000000085087 2
40.229.-0.0135             -1.45800000000000085087 -1.6199999999999999    Newton...             -1.47150000000000091838             -1.47150000000000091838 2
40.230.-0.0135             -1.47150000000000091838 -1.6199999999999999    Newton...             -1.48500000000000098588             -1.48500000000000098588 2
40.231.-0.0135             -1.48500000000000098588 -1.6199999999999999    Newton...             -1.49850000000000105338             -1.49850000000000105338 2
40.232.-0.0135             -1.49850000000000105338 -1.6199999999999999    Newton...             -1.51200000000000112088             -1.51200000000000112088 2
40.233.-0.0135             -1.51200000000000112088 -1.6199999999999999    Newton...             -1.52550000000000118838             -1.52550000000000118838 2
40.234.-0.0135             -1.52550000000000118838 -1.6199999999999999    Newton...             -1.53900000000000125588             -1.53900000000000125588 2
40.235.-0.0135             -1.53900000000000125588 -1.6199999999999999    Newton...             -1.55250000000000132339             -1.55250000000000132339 2
40.236.-0.0135             -1.55250000000000132339 -1.6199999999999999    Newton...             -1.56600000000000139089             -1.56600000000000139089 2
40.237.-0.0135             -1.56600000000000139089 -1.6199999999999999    Newton...             -1.57950000000000145839             -1.57950000000000145839 2
40.238.-0.0135             -1.57950000000000145839 -1.6199999999999999    Newton...             -1.59300000000000152589             -1.59300000000000152589 2
40.239.-0.0135             -1.59300000000000152589 -1.6199999999999999    Newton...             -1.60650000000000159339             -1.60650000000000159339 2
40.240.-0.0135             -1.60650000000000159339 -1.6199999999999999    Newton...             -1.62000000000000166089             -1.62000000000000166089 2
41.1.0.0135             -1.62000000000000166089 0.0    Newton...             -1.60650000000000159339             -1.60650000000000159339 2
41.2.0.0135             -1.60650000000000159339 0.0    Newton...             -1.59300000000000152589             -1.59300000000000152589 2
41.3.0.0135             -1.59300000000000152589 0.0    Newton...             -1.57950000000000145839             -1.57950000000000145839 2
41.4.0.0135             -1.57950000000000145839 0.0    Newton...             -1.56600000000000139089             -1.56600000000000139089 2
41.5.0.0135             -1.56600000000000139089 0.0    Newton...             -1.55250000000000132339             -1.55250000000000132339 2
41.6.0.0135             -1.55250000000000132339 0.0    Newton...             -1.53900000000000125588             -1.53900000000000125588 2
41.7.0.0135             -1.53900000000000125588 0.0    Newton...             -1.52550000000000118838             -1.52550000000000118838 2
41.8.0.0135             -1.52550000000000118838 0.0    Newton...             -1.51200000000000112088             -1.51200000000000112088 2
41.9.0.0135             -1.51200000000000112088 0.0    Newton...             -1.49850000000000105338             -1.49850000000000105338 2
41.10.0.0135             -1.49850000000000105338 0.0    Newton...             -1.48500000000000098588             -1.48500000000000098588 2
41.11.0.0135             -1.48500000000000098588 0.0    Newton...             -1.47150000000000091838             -1.47150000000000091838 2
41.12.0.0135             -1.47150000000000091838 0.0    Newton...             -1.45800000000000085087             -1.45800000000000085087 2
41.13.0.0135             -1.45800000000000085087 0.0    Newton...             -1.44450000000000078337             -1.44450000000000078337 2
41.14.0.0135             -1.44450000000000078337 0.0    Newton...             -1.43100000000000071587             -1.43100000000000071587 2
41.15.0.0135             -1.43100000000000071587 0.0    Newton...             -1.41750000000000064837             -1.41750000000000064837 2
41.16.0.0135             -1.41750000000000064837 0.0    Newton...             -1.40400000000000058087             -1.40400000000000058087 2
41.17.0.0135             -1.40400000000000058087 0.0    Newton...             -1.39050000000000051337             -1.39050000000000051337 2
41.18.0.0135             -1.39050000000000051337 0.0    Newton...             -1.37700000000000044587             -1.37700000000000044587 2
41.19.0.0135             -1.37700000000000044587 0.0    Newton...             -1.36350000000000037836             -1.36350000000000037836 2
41.20.0.0135             -1.36350000000000037836 0.0    Newton...             -1.35000000000000031086             -1.35000000000000031086 2
41.21.0.0135             -1.35000000000000031086 0.0    Newton...             -1.33650000000000024336             -1.33650000000000024336 2
41.22.0.0135             -1.33650000000000024336 0.0    Newton...             -1.32300000000000017586             -1.32300000000000017586 2
41.23.0.0135             -1.32300000000000017586 0.0    Newton...             -1.30950000000000010836             -1.30950000000000010836 2
41.24.0.0135             -1.30950000000000010836 0.0    Newton...             -1.29600000000000004086             -1.29600000000000004086 2
41.25.0.0135             -1.29600000000000004086 0.0    Newton...             -1.28249999999999997335             -1.28249999999999997335 2
41.26.0.0135             -1.28249999999999997335 0.0    Newton...             -1.26899999999999990585             -1.26899999999999990585 2
41.27.0.0135             -1.26899999999999990585 0.0    Newton...             -1.25549999999999983835             -1.25549999999999983835 2
41.28.0.0135             -1.25549999999999983835 0.0    Newton...             -1.24199999999999977085             -1.24199999999999977085 2
41.29.0.0135             -1.24199999999999977085 0.0    Newton...             -1.22849999999999970335             -1.22849999999999970335 2
41.30.0.0135             -1.22849999999999970335 0.0    Newton...             -1.21499999999999963585             -1.21499999999999963585 2
41.31.0.0135             -1.21499999999999963585 0.0    Newton...             -1.20149999999999956835             -1.20149999999999956835 2
41.32.0.0135             -1.20149999999999956835 0.0    Newton...             -1.18799999999999950084             -1.18799999999999950084 2
41.33.0.0135             -1.18799999999999950084 0.0    Newton...             -1.17449999999999943334             -1.17449999999999943334 2
41.34.0.0135             -1.17449999999999943334 0.0    Newton...             -1.16099999999999936584             -1.16099999999999936584 2
41.35.0.0135             -1.16099999999999936584 0.0    Newton...             -1.14749999999999929834             -1.14749999999999929834 2
41.36.0.0135             -1.14749999999999929834 0.0    Newton...             -1.13399999999999923084             -1.13399999999999923084 2
41.37.0.0135             -1.13399999999999923084 0.0    Newton...             -1.12049999999999916334             -1.12049999999999916334 2
41.38.0.0135             -1.12049999999999916334 0.0    Newton...             -1.10699999999999909583             -1.10699999999999909583 2
41.39.0.0135             -1.10699999999999909583 0.0    Newton...             -1.09349999999999902833             -1.09349999999999902833 2
41.40.0.0135             -1.09349999999999902833 0.0    Newton...             -1.07999999999999896083             -1.07999999999999896083 2
41.41.0.0135             -1.07999999999999896083 0.0    Newton...             -1.06649999999999889333             -1.06649999999999889333 2
41.42.0.0135             -1.06649999999999889333 0.0    Newton...             -1.05299999999999882583             -1.05299999999999882583 2
41.43.0.0135             -1.05299999999999882583 0.0    Newton...             -1.03949999999999875833             -1.03949999999999875833 2
41.44.0.0135             -1.03949999999999875833 0.0    Newton...             -1.02599999999999869083             -1.02599999999999869083 2
41.45.0.0135             -1.02599999999999869083 0.0    Newton...             -1.01249999999999862332             -1.01249999999999862332 2
41.46.0.0135             -1.01249999999999862332 0.0    Newton...             -0.99899999999999866684             -0.99899999999999866684 2
41.47.0.0135             -0.99899999999999866684 0.0    Newton...             -0.98549999999999871036             -0.98549999999999871036 2
41.48.0.0135             -0.98549999999999871036 0.0    Newton...             -0.97199999999999875389             -0.97199999999999875389 2
41.49.0.0135             -0.97199999999999875389 0.0    Newton...             -0.95849999999999879741             -0.95849999999999879741 2
41.50.0.0135             -0.95849999999999879741 0.0    Newton...             -0.94499999999999884093             -0.94499999999999884093 2
41.51.0.0135             -0.94499999999999884093 0.0    Newton...             -0.93149999999999888445             -0.93149999999999888445 2
41.52.0.0135             -0.93149999999999888445 0.0    Newton...             -0.91799999999999892797             -0.91799999999999892797 2
41.53.0.0135             -0.91799999999999892797 0.0    Newton...             -0.90449999999999897149             -0.90449999999999897149 2
41.54.0.0135             -0.90449999999999897149 0.0    Newton...             -0.89099999999999901501             -0.89099999999999901501 2
41.55.0.0135             -0.89099999999999901501 0.0    Newton...             -0.87749999999999905853             -0.87749999999999905853 2
41.56.0.0135             -0.87749999999999905853 0.0    Newton...             -0.86399999999999910205             -0.86399999999999910205 2
41.57.0.0135             -0.86399999999999910205 0.0    Newton...             -0.85049999999999914557             -0.85049999999999914557 2
41.58.0.0135             -0.85049999999999914557 0.0    Newton...             -0.83699999999999918909             -0.83699999999999918909 2
41.59.0.0135             -0.83699999999999918909 0.0    Newton...             -0.82349999999999923261             -0.82349999999999923261 2
41.60.0.0135             -0.82349999999999923261 0.0    Newton...             -0.80999999999999927613             -0.80999999999999927613 2
41.61.0.0135             -0.80999999999999927613 0.0    Newton...             -0.79649999999999931966             -0.79649999999999931966 2
41.62.0.0135             -0.79649999999999931966 0.0    Newton...             -0.78299999999999936318             -0.78299999999999936318 2
41.63.0.0135             -0.78299999999999936318 0.0    Newton...             -0.76949999999999940670             -0.76949999999999940670 2
41.64.0.0135             -0.76949999999999940670 0.0    Newton...             -0.75599999999999945022             -0.75599999999999945022 2
41.65.0.0135             -0.75599999999999945022 0.0    Newton...             -0.74249999999999949374             -0.74249999999999949374 2
41.66.0.0135             -0.74249999999999949374 0.0    Newton...             -0.72899999999999953726             -0.72899999999999953726 2
41.67.0.0135             -0.72899999999999953726 0.0    Newton...             -0.71549999999999958078             -0.71549999999999958078 2
41.68.0.0135             -0.71549999999999958078 0.0    Newton...             -0.70199999999999962430             -0.70199999999999962430 2
41.69.0.0135             -0.70199999999999962430 0.0    Newton...             -0.68849999999999966782             -0.68849999999999966782 2
41.70.0.0135             -0.68849999999999966782 0.0    Newton...             -0.67499999999999971134             -0.67499999999999971134 2
41.71.0.0135             -0.67499999999999971134 0.0    Newton...             -0.66149999999999975486             -0.66149999999999975486 2
41.72.0.0135             -0.66149999999999975486 0.0    Newton...             -0.64799999999999979838             -0.64799999999999979838 2
41.73.0.0135             -0.64799999999999979838 0.0    Newton...             -0.63449999999999984190             -0.63449999999999984190 2
41.74.0.0135             -0.63449999999999984190 0.0    Newton...             -0.62099999999999988542             -0.62099999999999988542 2
41.75.0.0135             -0.62099999999999988542 0.0    Newton...             -0.60749999999999992895             -0.60749999999999992895 2
41.76.0.0135             -0.60749999999999992895 0.0    Newton...             -0.59399999999999997247             -0.59399999999999997247 2
41.77.0.0135             -0.59399999999999997247 0.0    Newton...             -0.58050000000000001599             -0.58050000000000001599 2
41.78.0.0135             -0.58050000000000001599 0.0    Newton...             -0.56700000000000005951             -0.56700000000000005951 2
41.79.0.0135             -0.56700000000000005951 0.0    Newton...             -0.55350000000000010303             -0.55350000000000010303 2
41.80.0.0135             -0.55350000000000010303 0.0    Newton...             -0.54000000000000014655             -0.54000000000000014655 2
41.81.0.0135             -0.54000000000000014655 0.0    Newton...             -0.52650000000000019007             -0.52650000000000019007 2
41.82.0.0135             -0.52650000000000019007 0.0    Newton...             -0.51300000000000023359             -0.51300000000000023359 2
41.83.0.0135             -0.51300000000000023359 0.0    Newton...             -0.49950000000000022160             -0.49950000000000022160 2
41.84.0.0135             -0.49950000000000022160 0.0    Newton...             -0.48600000000000020961             -0.48600000000000020961 2
41.85.0.0135             -0.48600000000000020961 0.0    Newton...             -0.47250000000000019762             -0.47250000000000019762 2
41.86.0.0135             -0.47250000000000019762 0.0    Newton...             -0.45900000000000018563             -0.45900000000000018563 2
41.87.0.0135             -0.45900000000000018563 0.0    Newton...             -0.44550000000000017364             -0.44550000000000017364 2
41.88.0.0135             -0.44550000000000017364 0.0    Newton...             -0.43200000000000016165             -0.43200000000000016165 2
41.89.0.0135             -0.43200000000000016165 0.0    Newton...             -0.41850000000000014966             -0.41850000000000014966 2
41.90.0.0135             -0.41850000000000014966 0.0    Newton...             -0.40500000000000013767             -0.40500000000000013767 2
41.91.0.0135             -0.40500000000000013767 0.0    Newton...             -0.39150000000000012568             -0.39150000000000012568 2
41.92.0.0135             -0.39150000000000012568 0.0    Newton...             -0.37800000000000011369             -0.37800000000000011369 2
41.93.0.0135             -0.37800000000000011369 0.0    Newton...             -0.36450000000000010170             -0.36450000000000010170 2
41.94.0.0135             -0.36450000000000010170 0.0    Newton...             -0.35100000000000008971             -0.35100000000000008971 2
41.95.0.0135             -0.35100000000000008971 0.0    Newton...             -0.33750000000000007772             -0.33750000000000007772 2
41.96.0.0135             -0.33750000000000007772 0.0    Newton...             -0.32400000000000006573             -0.32400000000000006573 2
41.97.0.0135             -0.32400000000000006573 0.0    Newton...             -0.31050000000000005373             -0.31050000000000005373 2
41.98.0.0135             -0.31050000000000005373 0.0    Newton...             -0.29700000000000004174             -0.29700000000000004174 2
41.99.0.0135             -0.29700000000000004174 0.0    Newton...             -0.28350000000000002975             -0.28350000000000002975 2
41.100.0.0135             -0.28350000000000002975 0.0    Newton...             -0.27000000000000001776             -0.27000000000000001776 2
41.101.0.0135             -0.27000000000000001776 0.0    Newton...             -0.25650000000000000577             -0.25650000000000000577 2
41.102.0.0135             -0.25650000000000000577 0.0    Newton...             -0.24299999999999999378             -0.24299999999999999378 2
41.103.0.0135             -0.24299999999999999378 0.0    Newton...             -0.22949999999999998179             -0.22949999999999998179 2
41.104.0.0135             -0.22949999999999998179 0.0    Newton...             -0.21599999999999996980             -0.21599999999999996980 2
41.105.0.0135             -0.21599999999999996980 0.0    Newton...             -0.20249999999999995781             -0.20249999999999995781 2
41.106.0.0135             -0.20249999999999995781 0.0    Newton...             -0.18899999999999994582             -0.18899999999999994582 2
41.107.0.0135             -0.18899999999999994582 0.0    Newton...             -0.17549999999999993383             -0.17549999999999993383 2
41.108.0.0135             -0.17549999999999993383 0.0    Newton...             -0.16199999999999992184             -0.16199999999999992184 2
41.109.0.0135             -0.16199999999999992184 0.0    Newton...             -0.14849999999999990985             -0.14849999999999990985 2
41.110.0.0135             -0.14849999999999990985 0.0    Newton...             -0.13499999999999989786             -0.13499999999999989786 2
41.111.0.0135             -0.13499999999999989786 0.0    Newton...             -0.12149999999999989975             -0.12149999999999989975 2
41.112.0.0135             -0.12149999999999989975 0.0    Newton...             -0.10799999999999990163             -0.10799999999999990163 2
41.113.0.0135             -0.10799999999999990163 0.0    Newton...             -0.09449999999999990352             -0.09449999999999990352 2
41.114.0.0135             -0.09449999999999990352 0.0    Newton...             -0.08099999999999990541             -0.08099999999999990541 2
41.115.0.0135             -0.08099999999999990541 0.0    Newton...             -0.06749999999999990730             -0.06749999999999990730 2
41.116.0.0135             -0.06749999999999990730 0.0    Newton...             -0.05399999999999990918             -0.05399999999999990918 2
41.117.0.0135             -0.05399999999999990918 0.0    Newton...             -0.04049999999999991107             -0.04049999999999991107 2
41.118.0.0135             -0.04049999999999991107 0.0    Newton...             -0.02699999999999991296             -0.02699999999999991296 2
41.119.0.0135             -0.02699999999999991296 0.0    Newton...             -0.01349999999999991311             -0.01349999999999991311 2
41.120.0.0135             -0.01349999999999991311 0.0    Newton...              0.00000000000000008674              0.00000000000000008674 2
Displacement Control Analysis: DONE!
Task Duration = 2 sec
